date,sku,units,unit_price,revenue,cogs,price_type,channel
2025-08-15,SKU-10027,12,194.94,2339.28,756.36,Regular,Wholesale
2025-08-15,SKU-10023,23,16.73,384.79,180.32,Regular,Wholesale
2025-08-15,SKU-10016,3,184.25,552.75,265.56,Regular,Online
2025-08-15,SKU-10011,22,208.55,4588.1,1998.7,Regular,Wholesale
2025-08-15,SKU-10051,6,36.24,217.44,85.56,Promo,Retail
2025-08-15,SKU-10009,26,144.4,3754.4,1429.48,Regular,Online
2025-08-15,SKU-10060,10,200.47,2004.7,659.9,Regular,Wholesale
2025-08-15,SKU-10010,32,69.81,2233.92,987.2,Regular,Wholesale
2025-08-15,SKU-10032,27,73.36,1980.72,917.46,Regular,Online
2025-08-15,SKU-10021,27,134.81,3639.87,1487.7,Regular,Wholesale
2025-08-15,SKU-10005,18,15.59,280.62,117.18,Regular,Wholesale
2025-08-15,SKU-10049,13,201.94,2625.22,1229.93,Promo,Wholesale
2025-08-15,SKU-10035,22,189.7,4173.4,2027.52,Regular,Wholesale
2025-08-15,SKU-10036,16,89.37,1429.92,864.48,Regular,Wholesale
2025-08-15,SKU-10050,22,153.75,3382.5,1868.9,Regular,Retail
2025-08-15,SKU-10013,30,104.23,3126.9,1836.9,Promo,Wholesale
2025-08-15,SKU-10053,25,74.1,1852.5,943.25,Regular,Retail
2025-08-15,SKU-10019,15,160.39,2405.85,1109.25,Regular,Online
2025-08-15,SKU-10044,23,176.82,4066.86,2487.68,Regular,Online
2025-08-15,SKU-10002,28,145.61,4077.08,2204.44,Regular,Wholesale
2025-08-15,SKU-10006,24,46.87,1124.88,497.28,Promo,Wholesale
2025-08-15,SKU-10048,17,150.59,2560.03,908.31,Regular,Online
2025-08-15,SKU-10024,21,77.23,1621.83,539.7,Regular,Wholesale
2025-08-15,SKU-10033,13,114.79,1492.27,950.56,Promo,Wholesale
2025-08-15,SKU-10026,20,113.54,2270.8,1311.6,Regular,Online
2025-08-15,SKU-10037,18,194.55,3501.9,1652.4,Regular,Retail
2025-08-15,SKU-10043,26,46.9,1219.4,632.32,Regular,Wholesale
2025-08-15,SKU-10008,18,50.33,905.94,417.06,Regular,Retail
2025-08-15,SKU-10015,22,164.22,3612.84,1315.16,Regular,Online
2025-08-15,SKU-10034,29,139.49,4045.21,2262.29,Regular,Wholesale
2025-08-15,SKU-10017,14,188.57,2639.98,1197.84,Promo,Retail
2025-08-15,SKU-10031,25,124.6,3115.0,1560.75,Regular,Wholesale
2025-08-15,SKU-10045,31,155.59,4823.29,2838.67,Regular,Online
2025-08-15,SKU-10001,14,8.77,122.78,41.3,Regular,Wholesale
2025-08-15,SKU-10054,15,131.45,1971.75,829.05,Promo,Retail
2025-08-15,SKU-10003,9,131.91,1187.19,513.54,Regular,Online
2025-08-15,SKU-10042,22,204.95,4508.9,2053.92,Regular,Online
2025-08-15,SKU-10007,17,199.86,3397.62,1539.86,Regular,Retail
2025-08-15,SKU-10058,27,172.9,4668.3,2025.54,Regular,Online
2025-08-15,SKU-10046,34,97.56,3317.04,1859.12,Regular,Retail
2025-08-15,SKU-10055,11,150.37,1654.07,819.39,Regular,Wholesale
2025-08-15,SKU-10038,6,50.55,303.3,226.26,Promo,Online
2025-08-15,SKU-10022,17,66.21,1125.57,467.5,Regular,Retail
2025-08-15,SKU-10057,28,219.0,6132.0,3620.96,Regular,Retail
2025-08-16,SKU-10002,15,123.5,1852.5,1180.95,Promo,Online
2025-08-16,SKU-10014,16,154.62,2473.92,1364.16,Regular,Wholesale
2025-08-16,SKU-10059,14,27.62,386.68,217.84,Promo,Retail
2025-08-16,SKU-10029,14,198.51,2779.14,1573.88,Regular,Online
2025-08-16,SKU-10041,13,147.3,1914.9,1174.03,Promo,Wholesale
2025-08-16,SKU-10006,29,46.86,1358.94,600.88,Promo,Online
2025-08-16,SKU-10017,22,202.83,4462.26,1882.32,Regular,Wholesale
2025-08-16,SKU-10030,25,27.46,686.5,313.0,Regular,Wholesale
2025-08-16,SKU-10001,10,9.39,93.9,29.5,Regular,Online
2025-08-16,SKU-10052,17,163.1,2772.7,983.28,Regular,Online
2025-08-16,SKU-10021,14,108.88,1524.32,771.4,Promo,Wholesale
2025-08-16,SKU-10060,8,195.37,1562.96,527.92,Regular,Online
2025-08-16,SKU-10046,10,100.21,1002.1,546.8,Regular,Wholesale
2025-08-16,SKU-10015,27,172.65,4661.55,1614.06,Regular,Retail
2025-08-16,SKU-10053,33,72.86,2404.38,1245.09,Regular,Retail
2025-08-16,SKU-10027,11,156.0,1716.0,693.33,Promo,Retail
2025-08-16,SKU-10044,13,188.45,2449.85,1406.08,Regular,Retail
2025-08-16,SKU-10049,17,235.69,4006.73,1608.37,Regular,Retail
2025-08-16,SKU-10045,15,124.98,1874.7,1373.55,Promo,Wholesale
2025-08-16,SKU-10037,15,168.1,2521.5,1377.0,Promo,Online
2025-08-16,SKU-10035,20,183.45,3669.0,1843.2,Regular,Online
2025-08-16,SKU-10022,20,64.1,1282.0,550.0,Regular,Retail
2025-08-16,SKU-10008,12,49.86,598.32,278.04,Regular,Retail
2025-08-16,SKU-10056,11,15.03,165.33,86.02,Promo,Online
2025-08-16,SKU-10050,4,150.18,600.72,339.8,Regular,Online
2025-08-16,SKU-10055,21,149.4,3137.4,1564.29,Regular,Online
2025-08-16,SKU-10020,27,42.96,1159.92,487.08,Regular,Retail
2025-08-16,SKU-10016,26,169.35,4403.1,2301.52,Regular,Wholesale
2025-08-16,SKU-10031,6,122.17,733.02,374.58,Regular,Wholesale
2025-08-16,SKU-10033,7,134.62,942.34,511.84,Regular,Retail
2025-08-16,SKU-10023,13,15.27,198.51,101.92,Promo,Wholesale
2025-08-16,SKU-10026,30,112.89,3386.7,1967.4,Regular,Online
2025-08-16,SKU-10032,15,73.55,1103.25,509.7,Regular,Retail
2025-08-16,SKU-10043,18,44.61,802.98,437.76,Regular,Online
2025-08-16,SKU-10042,13,191.07,2483.91,1213.68,Promo,Online
2025-08-16,SKU-10038,26,61.92,1609.92,980.46,Regular,Wholesale
2025-08-16,SKU-10047,16,145.46,2327.36,932.64,Regular,Wholesale
2025-08-16,SKU-10003,25,126.07,3151.75,1426.5,Regular,Online
2025-08-16,SKU-10048,20,137.82,2756.4,1068.6,Promo,Wholesale
2025-08-16,SKU-10024,18,76.83,1382.94,462.6,Regular,Wholesale
2025-08-16,SKU-10028,23,31.32,720.36,278.53,Regular,Retail
2025-08-16,SKU-10054,31,141.67,4391.77,1713.37,Regular,Wholesale
2025-08-16,SKU-10025,16,48.99,783.84,292.64,Regular,Retail
2025-08-16,SKU-10057,13,175.89,2286.57,1681.16,Promo,Retail
2025-08-17,SKU-10035,20,188.69,3773.8,1843.2,Regular,Online
2025-08-17,SKU-10011,35,218.87,7660.45,3179.75,Regular,Wholesale
2025-08-17,SKU-10005,10,16.05,160.5,65.1,Regular,Wholesale
2025-08-17,SKU-10009,23,136.67,3143.41,1264.54,Regular,Wholesale
2025-08-17,SKU-10025,9,52.09,468.81,164.61,Regular,Retail
2025-08-17,SKU-10014,6,149.26,895.56,511.56,Regular,Online
2025-08-17,SKU-10019,21,162.05,3403.05,1552.95,Regular,Wholesale
2025-08-17,SKU-10047,21,146.27,3071.67,1224.09,Regular,Retail
2025-08-17,SKU-10055,20,156.67,3133.4,1489.8,Regular,Wholesale
2025-08-17,SKU-10023,39,16.19,631.41,305.76,Regular,Wholesale
2025-08-17,SKU-10002,22,140.05,3081.1,1732.06,Regular,Online
2025-08-17,SKU-10039,12,178.81,2145.72,1401.72,Promo,Wholesale
2025-08-17,SKU-10040,18,169.88,3057.84,1740.06,Regular,Wholesale
2025-08-17,SKU-10051,17,44.68,759.56,242.42,Regular,Wholesale
2025-08-17,SKU-10027,24,182.69,4384.56,1512.72,Regular,Wholesale
2025-08-17,SKU-10059,27,34.37,927.99,420.12,Regular,Online
2025-08-17,SKU-10037,31,191.46,5935.26,2845.8,Regular,Online
2025-08-17,SKU-10026,31,116.95,3625.45,2032.98,Regular,Online
2025-08-17,SKU-10018,22,135.11,2972.42,1219.68,Regular,Retail
2025-08-17,SKU-10030,19,27.35,519.65,237.88,Regular,Online
2025-08-17,SKU-10008,26,39.59,1029.34,602.42,Promo,Wholesale
2025-08-17,SKU-10033,16,137.48,2199.68,1169.92,Regular,Retail
2025-08-17,SKU-10038,14,58.29,816.06,527.94,Regular,Retail
2025-08-17,SKU-10007,17,217.12,3691.04,1539.86,Regular,Retail
2025-08-17,SKU-10042,27,219.86,5936.22,2520.72,Regular,Online
2025-08-17,SKU-10060,8,153.25,1226.0,527.92,Promo,Retail
2025-08-17,SKU-10050,11,148.69,1635.59,934.45,Regular,Online
2025-08-17,SKU-10052,20,157.75,3155.0,1156.8,Regular,Online
2025-08-17,SKU-10015,21,169.05,3550.05,1255.38,Regular,Wholesale
2025-08-17,SKU-10044,15,150.67,2260.05,1622.4,Promo,Retail
2025-08-17,SKU-10016,12,174.08,2088.96,1062.24,Regular,Wholesale
2025-08-17,SKU-10048,8,154.55,1236.4,427.44,Regular,Retail
2025-08-17,SKU-10034,16,138.81,2220.96,1248.16,Regular,Online
2025-08-17,SKU-10024,7,80.63,564.41,179.9,Regular,Online
2025-08-17,SKU-10001,12,9.21,110.52,35.4,Regular,Online
2025-08-17,SKU-10021,11,137.58,1513.38,606.1,Regular,Wholesale
2025-08-17,SKU-10045,31,158.98,4928.38,2838.67,Regular,Retail
2025-08-17,SKU-10036,24,95.86,2300.64,1296.72,Regular,Retail
2025-08-17,SKU-10012,26,75.57,1964.82,728.52,Regular,Retail
2025-08-17,SKU-10057,33,179.74,5931.42,4267.56,Promo,Online
2025-08-17,SKU-10043,26,37.81,983.06,632.32,Promo,Online
2025-08-17,SKU-10006,22,52.73,1160.06,455.84,Regular,Wholesale
2025-08-17,SKU-10053,17,76.54,1301.18,641.41,Regular,Online
2025-08-17,SKU-10029,15,186.03,2790.45,1686.3,Regular,Online
2025-08-17,SKU-10003,11,133.97,1473.67,627.66,Regular,Online
2025-08-18,SKU-10057,19,229.64,4363.16,2457.08,Regular,Retail
2025-08-18,SKU-10017,7,203.68,1425.76,598.92,Regular,Wholesale
2025-08-18,SKU-10005,23,14.8,340.4,149.73,Regular,Wholesale
2025-08-18,SKU-10011,24,211.27,5070.48,2180.4,Regular,Wholesale
2025-08-18,SKU-10045,18,152.59,2746.62,1648.26,Regular,Online
2025-08-18,SKU-10059,21,29.76,624.96,326.76,Promo,Retail
2025-08-18,SKU-10027,26,196.46,5107.96,1638.78,Regular,Retail
2025-08-18,SKU-10044,26,185.03,4810.78,2812.16,Regular,Online
2025-08-18,SKU-10053,6,76.73,460.38,226.38,Regular,Retail
2025-08-18,SKU-10010,16,69.9,1118.4,493.6,Regular,Online
2025-08-18,SKU-10058,18,170.42,3067.56,1350.36,Regular,Wholesale
2025-08-18,SKU-10025,7,50.6,354.2,128.03,Regular,Online
2025-08-18,SKU-10013,12,138.07,1656.84,734.76,Regular,Retail
2025-08-18,SKU-10018,17,139.66,2374.22,942.48,Regular,Online
2025-08-18,SKU-10050,29,154.31,4474.99,2463.55,Regular,Online
2025-08-18,SKU-10060,21,194.72,4089.12,1385.79,Regular,Wholesale
2025-08-18,SKU-10040,10,162.52,1625.2,966.7,Regular,Retail
2025-08-18,SKU-10046,18,103.29,1859.22,984.24,Regular,Retail
2025-08-18,SKU-10035,27,164.15,4432.05,2488.32,Promo,Wholesale
2025-08-18,SKU-10022,17,53.68,912.56,467.5,Promo,Wholesale
2025-08-18,SKU-10014,18,143.79,2588.22,1534.68,Regular,Wholesale
2025-08-18,SKU-10054,19,126.38,2401.22,1050.13,Promo,Retail
2025-08-18,SKU-10055,13,151.89,1974.57,968.37,Regular,Retail
2025-08-18,SKU-10056,20,14.88,297.6,156.4,Promo,Online
2025-08-18,SKU-10008,19,50.38,957.22,440.23,Regular,Online
2025-08-18,SKU-10019,22,174.3,3834.6,1626.9,Regular,Retail
2025-08-18,SKU-10030,6,26.95,161.7,75.12,Regular,Retail
2025-08-18,SKU-10029,27,182.48,4926.96,3035.34,Regular,Wholesale
2025-08-18,SKU-10012,20,70.6,1412.0,560.4,Promo,Retail
2025-08-18,SKU-10032,17,66.43,1129.31,577.66,Promo,Wholesale
2025-08-18,SKU-10001,25,8.91,222.75,73.75,Regular,Online
2025-08-18,SKU-10004,15,135.36,2030.4,1099.05,Promo,Online
2025-08-18,SKU-10028,13,28.7,373.1,157.43,Promo,Wholesale
2025-08-18,SKU-10048,7,129.16,904.12,374.01,Promo,Retail
2025-08-18,SKU-10049,29,228.63,6630.27,2743.69,Regular,Wholesale
2025-08-18,SKU-10023,8,17.35,138.8,62.72,Regular,Retail
2025-08-18,SKU-10042,17,223.27,3795.59,1587.12,Regular,Wholesale
2025-08-18,SKU-10047,23,120.67,2775.41,1340.67,Promo,Online
2025-08-18,SKU-10026,20,103.58,2071.6,1311.6,Promo,Online
2025-08-18,SKU-10036,28,92.57,2591.96,1512.84,Regular,Wholesale
2025-08-18,SKU-10002,14,146.14,2045.96,1102.22,Regular,Wholesale
2025-08-18,SKU-10016,13,183.66,2387.58,1150.76,Regular,Retail
2025-08-18,SKU-10007,18,198.39,3571.02,1630.44,Regular,Wholesale
2025-08-18,SKU-10038,11,58.66,645.26,414.81,Regular,Online
2025-08-18,SKU-10006,4,51.65,206.6,82.88,Regular,Wholesale
2025-08-19,SKU-10059,17,29.85,507.45,264.52,Promo,Retail
2025-08-19,SKU-10036,21,90.41,1898.61,1134.63,Regular,Wholesale
2025-08-19,SKU-10040,10,163.23,1632.3,966.7,Regular,Wholesale
2025-08-19,SKU-10047,22,145.9,3209.8,1282.38,Regular,Wholesale
2025-08-19,SKU-10002,17,116.43,1979.31,1338.41,Promo,Wholesale
2025-08-19,SKU-10032,9,72.85,655.65,305.82,Regular,Wholesale
2025-08-19,SKU-10035,18,183.98,3311.64,1658.88,Regular,Retail
2025-08-19,SKU-10042,21,216.0,4536.0,1960.56,Regular,Wholesale
2025-08-19,SKU-10031,29,126.64,3672.56,1810.47,Regular,Wholesale
2025-08-19,SKU-10030,18,22.76,409.68,225.36,Promo,Retail
2025-08-19,SKU-10023,7,17.17,120.19,54.88,Regular,Online
2025-08-19,SKU-10054,16,145.82,2333.12,884.32,Regular,Online
2025-08-19,SKU-10007,19,197.6,3754.4,1721.02,Regular,Wholesale
2025-08-19,SKU-10033,19,133.98,2545.62,1389.28,Regular,Wholesale
2025-08-19,SKU-10004,27,149.98,4049.46,1978.29,Regular,Online
2025-08-19,SKU-10060,10,192.01,1920.1,659.9,Regular,Wholesale
2025-08-19,SKU-10034,21,137.35,2884.35,1638.21,Regular,Wholesale
2025-08-19,SKU-10026,14,116.25,1627.5,918.12,Regular,Online
2025-08-19,SKU-10057,30,222.23,6666.9,3879.6,Regular,Wholesale
2025-08-19,SKU-10046,12,103.4,1240.8,656.16,Regular,Online
2025-08-19,SKU-10051,16,42.52,680.32,228.16,Regular,Online
2025-08-19,SKU-10039,20,190.44,3808.8,2336.2,Regular,Online
2025-08-19,SKU-10016,6,179.06,1074.36,531.12,Regular,Retail
2025-08-19,SKU-10056,8,17.41,139.28,62.56,Regular,Online
2025-08-19,SKU-10005,16,13.83,221.28,104.16,Promo,Online
2025-08-19,SKU-10006,26,52.34,1360.84,538.72,Regular,Retail
2025-08-19,SKU-10055,15,131.5,1972.5,1117.35,Promo,Retail
2025-08-19,SKU-10015,13,139.07,1807.91,777.14,Promo,Online
2025-08-19,SKU-10020,20,42.31,846.2,360.8,Regular,Retail
2025-08-19,SKU-10025,13,48.59,631.67,237.77,Regular,Online
2025-08-19,SKU-10001,14,9.45,132.3,41.3,Regular,Retail
2025-08-19,SKU-10009,12,150.69,1808.28,659.76,Regular,Wholesale
2025-08-19,SKU-10022,19,51.83,984.77,522.5,Promo,Retail
2025-08-19,SKU-10053,17,68.16,1158.72,641.41,Promo,Wholesale
2025-08-19,SKU-10044,24,189.06,4537.44,2595.84,Regular,Retail
2025-08-19,SKU-10012,12,79.7,956.4,336.24,Regular,Online
2025-08-19,SKU-10045,8,150.99,1207.92,732.56,Regular,Online
2025-08-19,SKU-10024,14,75.48,1056.72,359.8,Regular,Retail
2025-08-19,SKU-10014,4,122.14,488.56,341.04,Promo,Online
2025-08-19,SKU-10010,29,60.25,1747.25,894.65,Promo,Wholesale
2025-08-19,SKU-10027,21,179.26,3764.46,1323.63,Regular,Wholesale
2025-08-19,SKU-10013,30,136.41,4092.3,1836.9,Regular,Wholesale
2025-08-19,SKU-10038,23,63.76,1466.48,867.33,Regular,Retail
2025-08-19,SKU-10050,19,159.24,3025.56,1614.05,Regular,Retail
2025-08-20,SKU-10046,9,81.13,730.17,492.12,Promo,Retail
2025-08-20,SKU-10002,20,139.91,2798.2,1574.6,Regular,Online
2025-08-20,SKU-10049,26,190.94,4964.44,2459.86,Promo,Wholesale
2025-08-20,SKU-10044,8,192.07,1536.56,865.28,Regular,Retail
2025-08-20,SKU-10035,14,164.52,2303.28,1290.24,Promo,Retail
2025-08-20,SKU-10038,20,59.06,1181.2,754.2,Regular,Retail
2025-08-20,SKU-10015,31,167.3,5186.3,1853.18,Regular,Wholesale
2025-08-20,SKU-10017,25,208.92,5223.0,2139.0,Regular,Online
2025-08-20,SKU-10005,19,15.39,292.41,123.69,Regular,Retail
2025-08-20,SKU-10010,20,66.24,1324.8,617.0,Promo,Retail
2025-08-20,SKU-10027,40,183.22,7328.8,2521.2,Regular,Wholesale
2025-08-20,SKU-10054,7,124.84,873.88,386.89,Promo,Wholesale
2025-08-20,SKU-10051,18,41.39,745.02,256.68,Regular,Retail
2025-08-20,SKU-10047,19,137.41,2610.79,1107.51,Regular,Wholesale
2025-08-20,SKU-10029,20,197.52,3950.4,2248.4,Regular,Online
2025-08-20,SKU-10057,18,211.38,3804.84,2327.76,Regular,Retail
2025-08-20,SKU-10018,15,115.01,1725.15,831.6,Promo,Retail
2025-08-20,SKU-10003,16,129.52,2072.32,912.96,Regular,Retail
2025-08-20,SKU-10058,17,172.06,2925.02,1275.34,Regular,Wholesale
2025-08-20,SKU-10013,23,107.03,2461.69,1408.29,Promo,Retail
2025-08-20,SKU-10012,20,77.85,1557.0,560.4,Regular,Wholesale
2025-08-20,SKU-10028,12,30.05,360.6,145.32,Regular,Retail
2025-08-20,SKU-10040,23,159.02,3657.46,2223.41,Regular,Retail
2025-08-20,SKU-10021,24,136.71,3281.04,1322.4,Regular,Online
2025-08-20,SKU-10045,12,140.15,1681.8,1098.84,Promo,Retail
2025-08-20,SKU-10004,8,131.26,1050.08,586.16,Promo,Wholesale
2025-08-20,SKU-10007,29,216.19,6269.51,2626.82,Regular,Online
2025-08-20,SKU-10001,16,8.74,139.84,47.2,Regular,Wholesale
2025-08-20,SKU-10009,16,136.75,2188.0,879.68,Regular,Retail
2025-08-20,SKU-10050,18,137.97,2483.46,1529.1,Promo,Online
2025-08-20,SKU-10034,22,141.06,3103.32,1716.22,Regular,Retail
2025-08-20,SKU-10053,2,71.89,143.78,75.46,Regular,Retail
2025-08-20,SKU-10039,7,191.79,1342.53,817.67,Regular,Retail
2025-08-20,SKU-10033,18,139.76,2515.68,1316.16,Regular,Online
2025-08-20,SKU-10052,16,162.7,2603.2,925.44,Regular,Wholesale
2025-08-20,SKU-10025,28,51.11,1431.08,512.12,Regular,Online
2025-08-20,SKU-10060,18,195.57,3520.26,1187.82,Regular,Retail
2025-08-20,SKU-10026,13,115.74,1504.62,852.54,Regular,Online
2025-08-20,SKU-10020,31,40.95,1269.45,559.24,Regular,Online
2025-08-20,SKU-10032,13,73.88,960.44,441.74,Regular,Online
2025-08-20,SKU-10036,23,89.1,2049.3,1242.69,Regular,Retail
2025-08-20,SKU-10023,22,16.04,352.88,172.48,Regular,Retail
2025-08-20,SKU-10008,11,50.17,551.87,254.87,Regular,Online
2025-08-20,SKU-10030,26,25.5,663.0,325.52,Regular,Wholesale
2025-08-20,SKU-10022,21,62.24,1307.04,577.5,Regular,Online
2025-08-21,SKU-10027,11,153.2,1685.2,693.33,Promo,Wholesale
2025-08-21,SKU-10006,18,53.99,971.82,372.96,Regular,Online
2025-08-21,SKU-10055,20,148.48,2969.6,1489.8,Regular,Retail
2025-08-21,SKU-10060,13,193.03,2509.39,857.87,Regular,Wholesale
2025-08-21,SKU-10052,24,163.61,3926.64,1388.16,Regular,Online
2025-08-21,SKU-10038,20,52.09,1041.8,754.2,Promo,Retail
2025-08-21,SKU-10039,26,205.66,5347.16,3037.06,Regular,Wholesale
2025-08-21,SKU-10046,28,95.42,2671.76,1531.04,Regular,Wholesale
2025-08-21,SKU-10033,13,133.01,1729.13,950.56,Regular,Wholesale
2025-08-21,SKU-10043,36,43.68,1572.48,875.52,Regular,Retail
2025-08-21,SKU-10015,32,169.22,5415.04,1912.96,Regular,Wholesale
2025-08-21,SKU-10051,22,43.12,948.64,313.72,Regular,Wholesale
2025-08-21,SKU-10013,4,133.55,534.2,244.92,Regular,Retail
2025-08-21,SKU-10041,17,159.41,2709.97,1535.27,Promo,Retail
2025-08-21,SKU-10034,35,130.31,4560.85,2730.35,Regular,Wholesale
2025-08-21,SKU-10014,17,156.49,2660.33,1449.42,Regular,Online
2025-08-21,SKU-10021,28,109.29,3060.12,1542.8,Promo,Retail
2025-08-21,SKU-10024,25,73.82,1845.5,642.5,Regular,Wholesale
2025-08-21,SKU-10007,10,199.24,1992.4,905.8,Regular,Retail
2025-08-21,SKU-10032,28,68.22,1910.16,951.44,Promo,Online
2025-08-21,SKU-10045,17,149.84,2547.28,1556.69,Regular,Wholesale
2025-08-21,SKU-10017,12,211.71,2540.52,1026.72,Regular,Retail
2025-08-21,SKU-10019,30,164.87,4946.1,2218.5,Regular,Wholesale
2025-08-21,SKU-10008,4,50.63,202.52,92.68,Regular,Wholesale
2025-08-21,SKU-10037,26,186.38,4845.88,2386.8,Regular,Online
2025-08-21,SKU-10050,21,152.95,3211.95,1783.95,Regular,Retail
2025-08-21,SKU-10057,32,231.66,7413.12,4138.24,Regular,Online
2025-08-21,SKU-10036,18,92.36,1662.48,972.54,Regular,Online
2025-08-21,SKU-10020,15,40.61,609.15,270.6,Regular,Retail
2025-08-21,SKU-10016,25,179.15,4478.75,2213.0,Regular,Wholesale
2025-08-21,SKU-10002,13,141.17,1835.21,1023.49,Regular,Online
2025-08-21,SKU-10056,14,18.03,252.42,109.48,Regular,Wholesale
2025-08-21,SKU-10053,4,66.46,265.84,150.92,Promo,Online
2025-08-21,SKU-10047,11,128.98,1418.78,641.19,Promo,Online
2025-08-21,SKU-10054,20,126.37,2527.4,1105.4,Promo,Retail
2025-08-21,SKU-10022,13,63.45,824.85,357.5,Regular,Retail
2025-08-21,SKU-10001,24,7.32,175.68,70.8,Promo,Online
2025-08-21,SKU-10023,16,16.33,261.28,125.44,Regular,Wholesale
2025-08-21,SKU-10028,28,30.87,864.36,339.08,Regular,Wholesale
2025-08-21,SKU-10059,24,33.02,792.48,373.44,Regular,Online
2025-08-21,SKU-10030,11,25.58,281.38,137.72,Regular,Online
2025-08-21,SKU-10048,26,157.14,4085.64,1389.18,Regular,Wholesale
2025-08-21,SKU-10012,25,80.73,2018.25,700.5,Regular,Retail
2025-08-21,SKU-10005,5,16.01,80.05,32.55,Regular,Online
2025-08-22,SKU-10018,8,143.27,1146.16,443.52,Regular,Wholesale
2025-08-22,SKU-10019,5,166.05,830.25,369.75,Regular,Retail
2025-08-22,SKU-10003,24,127.06,3049.44,1369.44,Regular,Wholesale
2025-08-22,SKU-10006,17,51.53,876.01,352.24,Regular,Online
2025-08-22,SKU-10013,5,131.8,659.0,306.15,Regular,Wholesale
2025-08-22,SKU-10030,32,25.93,829.76,400.64,Regular,Retail
2025-08-22,SKU-10014,22,154.78,3405.16,1875.72,Regular,Retail
2025-08-22,SKU-10025,22,52.45,1153.9,402.38,Regular,Online
2025-08-22,SKU-10038,4,59.07,236.28,150.84,Regular,Online
2025-08-22,SKU-10016,27,182.64,4931.28,2390.04,Regular,Wholesale
2025-08-22,SKU-10004,31,148.78,4612.18,2271.37,Regular,Wholesale
2025-08-22,SKU-10035,25,185.36,4634.0,2304.0,Regular,Retail
2025-08-22,SKU-10020,17,43.63,741.71,306.68,Regular,Retail
2025-08-22,SKU-10051,9,45.49,409.41,128.34,Regular,Wholesale
2025-08-22,SKU-10049,22,220.66,4854.52,2081.42,Regular,Online
2025-08-22,SKU-10024,17,77.03,1309.51,436.9,Regular,Retail
2025-08-22,SKU-10059,16,36.1,577.6,248.96,Regular,Retail
2025-08-22,SKU-10045,16,155.2,2483.2,1465.12,Regular,Retail
2025-08-22,SKU-10037,18,171.75,3091.5,1652.4,Promo,Retail
2025-08-22,SKU-10031,8,104.44,835.52,499.44,Promo,Retail
2025-08-22,SKU-10027,22,180.7,3975.4,1386.66,Regular,Retail
2025-08-22,SKU-10046,29,101.18,2934.22,1585.72,Regular,Wholesale
2025-08-22,SKU-10052,25,158.98,3974.5,1446.0,Regular,Wholesale
2025-08-22,SKU-10050,15,150.46,2256.9,1274.25,Regular,Online
2025-08-22,SKU-10036,16,80.25,1284.0,864.48,Promo,Wholesale
2025-08-22,SKU-10001,22,8.87,195.14,64.9,Regular,Retail
2025-08-22,SKU-10022,15,63.4,951.0,412.5,Regular,Retail
2025-08-22,SKU-10043,27,43.88,1184.76,656.64,Regular,Wholesale
2025-08-22,SKU-10040,25,170.7,4267.5,2416.75,Regular,Retail
2025-08-22,SKU-10032,26,64.26,1670.76,883.48,Promo,Retail
2025-08-22,SKU-10009,12,144.98,1739.76,659.76,Regular,Retail
2025-08-22,SKU-10044,21,163.78,3439.38,2271.36,Promo,Wholesale
2025-08-22,SKU-10048,4,161.31,645.24,213.72,Regular,Online
2025-08-22,SKU-10015,20,176.71,3534.2,1195.6,Regular,Retail
2025-08-22,SKU-10007,18,203.35,3660.3,1630.44,Regular,Online
2025-08-22,SKU-10039,10,203.84,2038.4,1168.1,Regular,Wholesale
2025-08-22,SKU-10056,17,15.03,255.51,132.94,Promo,Retail
2025-08-22,SKU-10042,16,205.75,3292.0,1493.76,Regular,Retail
2025-08-22,SKU-10026,12,119.88,1438.56,786.96,Regular,Online
2025-08-22,SKU-10060,9,186.64,1679.76,593.91,Regular,Wholesale
2025-08-22,SKU-10041,7,180.24,1261.68,632.17,Regular,Online
2025-08-22,SKU-10054,22,151.64,3336.08,1215.94,Regular,Retail
2025-08-22,SKU-10023,17,17.44,296.48,133.28,Regular,Wholesale
2025-08-22,SKU-10034,20,120.46,2409.2,1560.2,Promo,Retail
2025-08-23,SKU-10025,27,44.99,1214.73,493.83,Promo,Wholesale
2025-08-23,SKU-10024,23,78.99,1816.77,591.1,Regular,Online
2025-08-23,SKU-10044,19,178.69,3395.11,2055.04,Regular,Online
2025-08-23,SKU-10018,24,141.42,3394.08,1330.56,Regular,Retail
2025-08-23,SKU-10031,21,122.13,2564.73,1311.03,Regular,Online
2025-08-23,SKU-10046,22,101.65,2236.3,1202.96,Regular,Online
2025-08-23,SKU-10003,11,122.66,1349.26,627.66,Regular,Online
2025-08-23,SKU-10016,27,169.77,4583.79,2390.04,Regular,Wholesale
2025-08-23,SKU-10036,9,93.84,844.56,486.27,Regular,Retail
2025-08-23,SKU-10048,9,162.98,1466.82,480.87,Regular,Retail
2025-08-23,SKU-10005,20,14.98,299.6,130.2,Regular,Wholesale
2025-08-23,SKU-10006,19,42.53,808.07,393.68,Promo,Retail
2025-08-23,SKU-10033,20,112.67,2253.4,1462.4,Promo,Online
2025-08-23,SKU-10002,7,136.31,954.17,551.11,Regular,Online
2025-08-23,SKU-10053,40,75.06,3002.4,1509.2,Regular,Wholesale
2025-08-23,SKU-10034,25,116.04,2901.0,1950.25,Promo,Retail
2025-08-23,SKU-10030,18,22.92,412.56,225.36,Promo,Online
2025-08-23,SKU-10014,18,122.54,2205.72,1534.68,Promo,Online
2025-08-23,SKU-10013,12,120.14,1441.68,734.76,Promo,Wholesale
2025-08-23,SKU-10059,17,30.39,516.63,264.52,Promo,Online
2025-08-23,SKU-10008,19,51.21,972.99,440.23,Regular,Online
2025-08-23,SKU-10037,13,194.22,2524.86,1193.4,Regular,Retail
2025-08-23,SKU-10035,30,192.28,5768.4,2764.8,Regular,Retail
2025-08-23,SKU-10027,17,180.77,3073.09,1071.51,Regular,Retail
2025-08-23,SKU-10054,20,147.26,2945.2,1105.4,Regular,Retail
2025-08-23,SKU-10057,17,216.84,3686.28,2198.44,Regular,Online
2025-08-23,SKU-10042,18,212.13,3818.34,1680.48,Regular,Retail
2025-08-23,SKU-10012,10,83.32,833.2,280.2,Regular,Online
2025-08-23,SKU-10047,14,143.21,2004.94,816.06,Regular,Online
2025-08-23,SKU-10007,18,211.89,3814.02,1630.44,Regular,Online
2025-08-23,SKU-10056,15,18.94,284.1,117.3,Regular,Online
2025-08-23,SKU-10015,18,166.16,2990.88,1076.04,Regular,Online
2025-08-23,SKU-10019,37,133.54,4940.98,2736.15,Promo,Retail
2025-08-23,SKU-10026,3,103.22,309.66,196.74,Promo,Wholesale
2025-08-23,SKU-10020,23,41.29,949.67,414.92,Regular,Wholesale
2025-08-23,SKU-10043,19,45.27,860.13,462.08,Regular,Online
2025-08-23,SKU-10022,22,63.09,1387.98,605.0,Regular,Retail
2025-08-23,SKU-10028,14,30.27,423.78,169.54,Regular,Wholesale
2025-08-23,SKU-10052,11,166.49,1831.39,636.24,Regular,Online
2025-08-23,SKU-10050,24,150.81,3619.44,2038.8,Regular,Online
2025-08-23,SKU-10040,8,134.98,1079.84,773.36,Promo,Retail
2025-08-23,SKU-10017,23,188.28,4330.44,1967.88,Promo,Online
2025-08-23,SKU-10001,5,8.65,43.25,14.75,Regular,Wholesale
2025-08-23,SKU-10051,9,45.26,407.34,128.34,Regular,Wholesale
2025-08-23,SKU-10049,19,237.71,4516.49,1797.59,Regular,Online
2025-08-24,SKU-10025,20,40.1,802.0,365.8,Promo,Retail
2025-08-24,SKU-10055,20,157.28,3145.6,1489.8,Regular,Retail
2025-08-24,SKU-10022,24,50.9,1221.6,660.0,Promo,Retail
2025-08-24,SKU-10035,26,186.41,4846.66,2396.16,Regular,Wholesale
2025-08-24,SKU-10013,28,128.32,3592.96,1714.44,Regular,Wholesale
2025-08-24,SKU-10059,17,27.88,473.96,264.52,Promo,Retail
2025-08-24,SKU-10051,23,45.09,1037.07,327.98,Regular,Online
2025-08-24,SKU-10010,12,71.89,862.68,370.2,Regular,Online
2025-08-24,SKU-10038,15,49.68,745.2,565.65,Promo,Wholesale
2025-08-24,SKU-10048,9,159.09,1431.81,480.87,Regular,Online
2025-08-24,SKU-10053,11,61.57,677.27,415.03,Promo,Retail
2025-08-24,SKU-10028,31,31.17,966.27,375.41,Regular,Wholesale
2025-08-24,SKU-10001,14,7.64,106.96,41.3,Promo,Online
2025-08-24,SKU-10026,13,121.99,1585.87,852.54,Regular,Wholesale
2025-08-24,SKU-10023,6,14.03,84.18,47.04,Promo,Retail
2025-08-24,SKU-10050,30,157.32,4719.6,2548.5,Regular,Wholesale
2025-08-24,SKU-10024,17,79.8,1356.6,436.9,Regular,Wholesale
2025-08-24,SKU-10056,21,16.03,336.63,164.22,Promo,Online
2025-08-24,SKU-10018,22,136.72,3007.84,1219.68,Regular,Retail
2025-08-24,SKU-10004,13,140.77,1830.01,952.51,Promo,Online
2025-08-24,SKU-10032,30,78.17,2345.1,1019.4,Regular,Retail
2025-08-24,SKU-10003,12,115.92,1391.04,684.72,Promo,Online
2025-08-24,SKU-10006,21,52.68,1106.28,435.12,Regular,Wholesale
2025-08-24,SKU-10060,34,175.39,5963.26,2243.66,Promo,Online
2025-08-24,SKU-10045,15,155.97,2339.55,1373.55,Regular,Retail
2025-08-24,SKU-10027,12,192.69,2312.28,756.36,Regular,Retail
2025-08-24,SKU-10009,17,122.18,2077.06,934.66,Promo,Online
2025-08-24,SKU-10058,18,168.84,3039.12,1350.36,Regular,Retail
2025-08-24,SKU-10054,17,144.23,2451.91,939.59,Regular,Wholesale
2025-08-24,SKU-10043,7,47.59,333.13,170.24,Regular,Retail
2025-08-24,SKU-10034,19,118.55,2252.45,1482.19,Promo,Online
2025-08-24,SKU-10008,16,50.98,815.68,370.72,Regular,Retail
2025-08-24,SKU-10036,14,73.97,1035.58,756.42,Promo,Retail
2025-08-24,SKU-10020,16,34.39,550.24,288.64,Promo,Wholesale
2025-08-24,SKU-10057,23,218.03,5014.69,2974.36,Regular,Retail
2025-08-24,SKU-10039,15,156.82,2352.3,1752.15,Promo,Retail
2025-08-24,SKU-10046,21,103.49,2173.29,1148.28,Regular,Wholesale
2025-08-24,SKU-10021,20,145.71,2914.2,1102.0,Regular,Retail
2025-08-24,SKU-10019,26,159.1,4136.6,1922.7,Regular,Retail
2025-08-24,SKU-10015,12,175.51,2106.12,717.36,Regular,Wholesale
2025-08-24,SKU-10044,16,178.29,2852.64,1730.56,Regular,Retail
2025-08-24,SKU-10029,8,183.56,1468.48,899.36,Regular,Wholesale
2025-08-24,SKU-10002,19,144.24,2740.56,1495.87,Regular,Retail
2025-08-24,SKU-10040,19,139.5,2650.5,1836.73,Promo,Online
2025-08-25,SKU-10007,25,165.65,4141.25,2264.5,Promo,Wholesale
2025-08-25,SKU-10042,17,191.69,3258.73,1587.12,Promo,Retail
2025-08-25,SKU-10051,15,45.46,681.9,213.9,Regular,Retail
2025-08-25,SKU-10023,20,15.9,318.0,156.8,Regular,Online
2025-08-25,SKU-10038,18,58.68,1056.24,678.78,Regular,Wholesale
2025-08-25,SKU-10059,8,35.93,287.44,124.48,Regular,Wholesale
2025-08-25,SKU-10001,10,9.35,93.5,29.5,Regular,Retail
2025-08-25,SKU-10018,18,116.79,2102.22,997.92,Promo,Online
2025-08-25,SKU-10015,3,175.1,525.3,179.34,Regular,Online
2025-08-25,SKU-10054,21,151.01,3171.21,1160.67,Regular,Online
2025-08-25,SKU-10045,11,140.8,1548.8,1007.27,Promo,Online
2025-08-25,SKU-10034,23,136.19,3132.37,1794.23,Regular,Online
2025-08-25,SKU-10029,24,189.26,4542.24,2698.08,Regular,Wholesale
2025-08-25,SKU-10013,14,138.44,1938.16,857.22,Regular,Wholesale
2025-08-25,SKU-10057,10,220.58,2205.8,1293.2,Regular,Wholesale
2025-08-25,SKU-10031,26,131.47,3418.22,1623.18,Regular,Retail
2025-08-25,SKU-10025,31,49.34,1529.54,566.99,Regular,Retail
2025-08-25,SKU-10048,25,158.03,3950.75,1335.75,Regular,Retail
2025-08-25,SKU-10022,11,62.62,688.82,302.5,Regular,Wholesale
2025-08-25,SKU-10019,19,172.51,3277.69,1405.05,Regular,Retail
2025-08-25,SKU-10020,12,43.89,526.68,216.48,Regular,Online
2025-08-25,SKU-10040,12,160.03,1920.36,1160.04,Regular,Wholesale
2025-08-25,SKU-10024,11,76.9,845.9,282.7,Regular,Wholesale
2025-08-25,SKU-10058,5,159.36,796.8,375.1,Regular,Wholesale
2025-08-25,SKU-10003,19,135.11,2567.09,1084.14,Regular,Wholesale
2025-08-25,SKU-10052,15,142.18,2132.7,867.6,Promo,Retail
2025-08-25,SKU-10006,21,51.58,1083.18,435.12,Regular,Online
2025-08-25,SKU-10008,13,50.02,650.26,301.21,Regular,Online
2025-08-25,SKU-10027,12,188.37,2260.44,756.36,Regular,Online
2025-08-25,SKU-10060,28,186.57,5223.96,1847.72,Regular,Online
2025-08-25,SKU-10002,14,136.44,1910.16,1102.22,Regular,Wholesale
2025-08-25,SKU-10035,33,164.58,5431.14,3041.28,Promo,Online
2025-08-25,SKU-10012,22,79.93,1758.46,616.44,Regular,Retail
2025-08-25,SKU-10032,29,76.84,2228.36,985.42,Regular,Wholesale
2025-08-25,SKU-10009,14,119.67,1675.38,769.72,Promo,Retail
2025-08-25,SKU-10004,11,161.62,1777.82,805.97,Regular,Wholesale
2025-08-25,SKU-10044,16,175.48,2807.68,1730.56,Regular,Online
2025-08-25,SKU-10030,14,27.54,385.56,175.28,Regular,Wholesale
2025-08-25,SKU-10050,16,154.36,2469.76,1359.2,Regular,Online
2025-08-25,SKU-10016,14,174.92,2448.88,1239.28,Regular,Online
2025-08-25,SKU-10056,23,19.12,439.76,179.86,Regular,Online
2025-08-25,SKU-10021,4,134.44,537.76,220.4,Regular,Wholesale
2025-08-25,SKU-10041,11,181.05,1991.55,993.41,Regular,Wholesale
2025-08-25,SKU-10047,16,141.94,2271.04,932.64,Regular,Online
2025-08-25,SKU-10005,4,15.18,60.72,26.04,Regular,Online
2025-08-26,SKU-10014,24,155.42,3730.08,2046.24,Regular,Retail
2025-08-26,SKU-10056,10,17.58,175.8,78.2,Regular,Online
2025-08-26,SKU-10013,21,126.02,2646.42,1285.83,Regular,Retail
2025-08-26,SKU-10037,12,187.71,2252.52,1101.6,Regular,Wholesale
2025-08-26,SKU-10042,32,225.72,7223.04,2987.52,Regular,Wholesale
2025-08-26,SKU-10001,5,9.05,45.25,14.75,Regular,Online
2025-08-26,SKU-10043,20,39.91,798.2,486.4,Promo,Online
2025-08-26,SKU-10016,19,168.5,3201.5,1681.88,Regular,Retail
2025-08-26,SKU-10003,18,124.83,2246.94,1027.08,Regular,Wholesale
2025-08-26,SKU-10051,20,44.87,897.4,285.2,Regular,Retail
2025-08-26,SKU-10036,31,93.24,2890.44,1674.93,Regular,Retail
2025-08-26,SKU-10055,16,158.31,2532.96,1191.84,Regular,Online
2025-08-26,SKU-10007,13,216.71,2817.23,1177.54,Regular,Wholesale
2025-08-26,SKU-10035,27,158.08,4268.16,2488.32,Promo,Retail
2025-08-26,SKU-10031,30,114.23,3426.9,1872.9,Promo,Wholesale
2025-08-26,SKU-10034,17,129.74,2205.58,1326.17,Regular,Online
2025-08-26,SKU-10011,16,218.85,3501.6,1453.6,Regular,Online
2025-08-26,SKU-10010,13,72.87,947.31,401.05,Regular,Wholesale
2025-08-26,SKU-10029,14,153.88,2154.32,1573.88,Promo,Wholesale
2025-08-26,SKU-10024,19,69.41,1318.79,488.3,Promo,Wholesale
2025-08-26,SKU-10008,16,51.07,817.12,370.72,Regular,Wholesale
2025-08-26,SKU-10040,14,153.01,2142.14,1353.38,Promo,Wholesale
2025-08-26,SKU-10032,19,63.02,1197.38,645.62,Promo,Online
2025-08-26,SKU-10049,15,230.27,3454.05,1419.15,Regular,Retail
2025-08-26,SKU-10023,16,14.6,233.6,125.44,Promo,Wholesale
2025-08-26,SKU-10046,7,97.72,684.04,382.76,Regular,Online
2025-08-26,SKU-10058,29,129.36,3751.44,2175.58,Promo,Wholesale
2025-08-26,SKU-10052,15,160.73,2410.95,867.6,Regular,Retail
2025-08-26,SKU-10050,21,138.78,2914.38,1783.95,Promo,Wholesale
2025-08-26,SKU-10005,5,15.55,77.75,32.55,Regular,Retail
2025-08-26,SKU-10060,19,200.94,3817.86,1253.81,Regular,Online
2025-08-26,SKU-10006,18,50.73,913.14,372.96,Regular,Wholesale
2025-08-26,SKU-10057,14,177.15,2480.1,1810.48,Promo,Online
2025-08-26,SKU-10012,12,78.86,946.32,336.24,Regular,Online
2025-08-26,SKU-10030,14,26.74,374.36,175.28,Regular,Wholesale
2025-08-26,SKU-10039,20,169.0,3380.0,2336.2,Promo,Online
2025-08-26,SKU-10044,23,146.68,3373.64,2487.68,Promo,Online
2025-08-26,SKU-10054,18,153.54,2763.72,994.86,Regular,Retail
2025-08-26,SKU-10020,22,43.08,947.76,396.88,Regular,Wholesale
2025-08-26,SKU-10047,14,126.87,1776.18,816.06,Promo,Online
2025-08-26,SKU-10027,4,194.99,779.96,252.12,Regular,Online
2025-08-26,SKU-10026,19,115.7,2198.3,1246.02,Regular,Retail
2025-08-26,SKU-10033,23,144.58,3325.34,1681.76,Regular,Online
2025-08-26,SKU-10038,17,61.76,1049.92,641.07,Regular,Retail
2025-08-26,SKU-10022,10,54.3,543.0,275.0,Promo,Wholesale
2025-08-27,SKU-10017,24,218.83,5251.92,2053.44,Regular,Online
2025-08-27,SKU-10053,20,58.09,1161.8,754.6,Promo,Wholesale
2025-08-27,SKU-10031,26,123.05,3199.3,1623.18,Regular,Online
2025-08-27,SKU-10048,5,155.76,778.8,267.15,Regular,Retail
2025-08-27,SKU-10029,23,193.29,4445.67,2585.66,Regular,Online
2025-08-27,SKU-10008,28,39.49,1105.72,648.76,Promo,Online
2025-08-27,SKU-10005,13,15.47,201.11,84.63,Regular,Wholesale
2025-08-27,SKU-10058,24,135.85,3260.4,1800.48,Promo,Wholesale
2025-08-27,SKU-10057,13,225.79,2935.27,1681.16,Regular,Online
2025-08-27,SKU-10002,6,140.82,844.92,472.38,Regular,Retail
2025-08-27,SKU-10038,23,60.07,1381.61,867.33,Regular,Wholesale
2025-08-27,SKU-10027,25,184.89,4622.25,1575.75,Regular,Online
2025-08-27,SKU-10045,12,155.53,1866.36,1098.84,Regular,Wholesale
2025-08-27,SKU-10055,4,152.0,608.0,297.96,Regular,Retail
2025-08-27,SKU-10011,18,173.73,3127.14,1635.3,Promo,Wholesale
2025-08-27,SKU-10044,13,163.45,2124.85,1406.08,Promo,Online
2025-08-27,SKU-10018,17,133.08,2262.36,942.48,Regular,Wholesale
2025-08-27,SKU-10052,21,159.88,3357.48,1214.64,Regular,Online
2025-08-27,SKU-10004,22,155.64,3424.08,1611.94,Regular,Retail
2025-08-27,SKU-10003,31,132.79,4116.49,1768.86,Regular,Online
2025-08-27,SKU-10056,30,16.16,484.8,234.6,Promo,Wholesale
2025-08-27,SKU-10039,31,190.29,5898.99,3621.11,Regular,Online
2025-08-27,SKU-10016,21,182.64,3835.44,1858.92,Regular,Retail
2025-08-27,SKU-10040,29,131.09,3801.61,2803.43,Promo,Wholesale
2025-08-27,SKU-10022,11,62.93,692.23,302.5,Regular,Retail
2025-08-27,SKU-10020,16,42.85,685.6,288.64,Regular,Wholesale
2025-08-27,SKU-10037,13,183.42,2384.46,1193.4,Regular,Wholesale
2025-08-27,SKU-10014,18,120.8,2174.4,1534.68,Promo,Retail
2025-08-27,SKU-10010,9,59.92,539.28,277.65,Promo,Wholesale
2025-08-27,SKU-10001,18,8.74,157.32,53.1,Regular,Retail
2025-08-27,SKU-10023,1,17.06,17.06,7.84,Regular,Online
2025-08-27,SKU-10028,19,31.28,594.32,230.09,Regular,Online
2025-08-27,SKU-10012,13,69.88,908.44,364.26,Promo,Online
2025-08-27,SKU-10060,14,191.11,2675.54,923.86,Regular,Online
2025-08-27,SKU-10032,22,74.81,1645.82,747.56,Regular,Retail
2025-08-27,SKU-10051,30,43.45,1303.5,427.8,Regular,Retail
2025-08-27,SKU-10054,27,133.14,3594.78,1492.29,Promo,Retail
2025-08-27,SKU-10007,13,211.13,2744.69,1177.54,Regular,Online
2025-08-27,SKU-10009,18,136.92,2464.56,989.64,Regular,Wholesale
2025-08-27,SKU-10006,10,53.43,534.3,207.2,Regular,Online
2025-08-27,SKU-10026,5,121.54,607.7,327.9,Regular,Retail
2025-08-27,SKU-10015,26,172.26,4478.76,1554.28,Regular,Wholesale
2025-08-27,SKU-10059,11,33.34,366.74,171.16,Regular,Wholesale
2025-08-28,SKU-10047,23,142.3,3272.9,1340.67,Regular,Online
2025-08-28,SKU-10015,17,143.3,2436.1,1016.26,Promo,Online
2025-08-28,SKU-10002,12,141.75,1701.0,944.76,Regular,Online
2025-08-28,SKU-10038,17,48.66,827.22,641.07,Promo,Wholesale
2025-08-28,SKU-10024,25,78.55,1963.75,642.5,Regular,Wholesale
2025-08-28,SKU-10059,8,35.82,286.56,124.48,Regular,Retail
2025-08-28,SKU-10001,29,9.24,267.96,85.55,Regular,Online
2025-08-28,SKU-10037,21,198.16,4161.36,1927.8,Regular,Online
2025-08-28,SKU-10007,28,206.3,5776.4,2536.24,Regular,Retail
2025-08-28,SKU-10006,20,51.1,1022.0,414.4,Regular,Wholesale
2025-08-28,SKU-10045,22,150.23,3305.06,2014.54,Regular,Retail
2025-08-28,SKU-10008,35,43.51,1522.85,810.95,Promo,Wholesale
2025-08-28,SKU-10040,16,174.83,2797.28,1546.72,Regular,Wholesale
2025-08-28,SKU-10022,23,64.62,1486.26,632.5,Regular,Retail
2025-08-28,SKU-10021,25,145.22,3630.5,1377.5,Regular,Wholesale
2025-08-28,SKU-10009,3,144.55,433.65,164.94,Regular,Online
2025-08-28,SKU-10039,15,191.7,2875.5,1752.15,Regular,Wholesale
2025-08-28,SKU-10032,13,72.32,940.16,441.74,Regular,Wholesale
2025-08-28,SKU-10048,6,157.22,943.32,320.58,Regular,Retail
2025-08-28,SKU-10023,40,13.21,528.4,313.6,Promo,Retail
2025-08-28,SKU-10057,23,229.56,5279.88,2974.36,Regular,Wholesale
2025-08-28,SKU-10029,8,199.75,1598.0,899.36,Regular,Online
2025-08-28,SKU-10050,34,159.86,5435.24,2888.3,Regular,Wholesale
2025-08-28,SKU-10056,3,18.63,55.89,23.46,Regular,Online
2025-08-28,SKU-10031,24,107.8,2587.2,1498.32,Promo,Retail
2025-08-28,SKU-10049,24,223.63,5367.12,2270.64,Regular,Wholesale
2025-08-28,SKU-10035,25,192.84,4821.0,2304.0,Regular,Retail
2025-08-28,SKU-10033,28,135.13,3783.64,2047.36,Regular,Wholesale
2025-08-28,SKU-10042,12,204.67,2456.04,1120.32,Regular,Online
2025-08-28,SKU-10011,34,181.6,6174.4,3088.9,Promo,Retail
2025-08-28,SKU-10014,29,136.68,3963.72,2472.54,Promo,Retail
2025-08-28,SKU-10010,15,72.0,1080.0,462.75,Regular,Online
2025-08-28,SKU-10051,17,44.32,753.44,242.42,Regular,Wholesale
2025-08-28,SKU-10060,24,173.74,4169.76,1583.76,Promo,Online
2025-08-28,SKU-10052,17,169.06,2874.02,983.28,Regular,Wholesale
2025-08-28,SKU-10017,21,222.51,4672.71,1796.76,Regular,Retail
2025-08-28,SKU-10026,14,118.33,1656.62,918.12,Regular,Retail
2025-08-28,SKU-10027,25,189.45,4736.25,1575.75,Regular,Online
2025-08-28,SKU-10016,11,168.47,1853.17,973.72,Regular,Retail
2025-08-28,SKU-10018,14,124.51,1743.14,776.16,Promo,Online
2025-08-28,SKU-10044,26,150.35,3909.1,2812.16,Promo,Retail
2025-08-28,SKU-10054,10,143.58,1435.8,552.7,Regular,Retail
2025-08-28,SKU-10019,18,174.97,3149.46,1331.1,Regular,Retail
2025-08-28,SKU-10012,19,77.75,1477.25,532.38,Regular,Retail
2025-08-28,SKU-10004,12,161.12,1933.44,879.24,Regular,Wholesale
2025-08-29,SKU-10027,16,192.23,3075.68,1008.48,Regular,Wholesale
2025-08-29,SKU-10006,34,52.81,1795.54,704.48,Regular,Retail
2025-08-29,SKU-10058,13,163.01,2119.13,975.26,Regular,Wholesale
2025-08-29,SKU-10049,12,226.67,2720.04,1135.32,Regular,Online
2025-08-29,SKU-10026,15,106.74,1601.1,983.7,Promo,Wholesale
2025-08-29,SKU-10047,16,147.33,2357.28,932.64,Regular,Online
2025-08-29,SKU-10053,8,70.39,563.12,301.84,Regular,Retail
2025-08-29,SKU-10019,23,161.44,3713.12,1700.85,Regular,Wholesale
2025-08-29,SKU-10016,27,171.84,4639.68,2390.04,Regular,Retail
2025-08-29,SKU-10004,20,162.7,3254.0,1465.4,Regular,Online
2025-08-29,SKU-10045,10,159.18,1591.8,915.7,Regular,Online
2025-08-29,SKU-10010,36,69.99,2519.64,1110.6,Regular,Wholesale
2025-08-29,SKU-10024,29,77.64,2251.56,745.3,Regular,Wholesale
2025-08-29,SKU-10037,20,199.89,3997.8,1836.0,Regular,Online
2025-08-29,SKU-10034,17,130.16,2212.72,1326.17,Regular,Wholesale
2025-08-29,SKU-10002,25,142.37,3559.25,1968.25,Regular,Online
2025-08-29,SKU-10033,18,138.22,2487.96,1316.16,Regular,Wholesale
2025-08-29,SKU-10007,37,197.95,7324.15,3351.46,Regular,Wholesale
2025-08-29,SKU-10025,14,49.29,690.06,256.06,Regular,Wholesale
2025-08-29,SKU-10035,24,181.06,4345.44,2211.84,Regular,Online
2025-08-29,SKU-10051,22,45.67,1004.74,313.72,Regular,Retail
2025-08-29,SKU-10020,4,41.19,164.76,72.16,Regular,Online
2025-08-29,SKU-10036,18,74.54,1341.72,972.54,Promo,Wholesale
2025-08-29,SKU-10028,23,32.65,750.95,278.53,Regular,Retail
2025-08-29,SKU-10040,5,159.78,798.9,483.35,Regular,Retail
2025-08-29,SKU-10046,10,105.25,1052.5,546.8,Regular,Online
2025-08-29,SKU-10022,12,66.51,798.12,330.0,Regular,Retail
2025-08-29,SKU-10030,24,22.07,529.68,300.48,Promo,Wholesale
2025-08-29,SKU-10054,14,127.49,1784.86,773.78,Promo,Wholesale
2025-08-29,SKU-10011,13,225.91,2936.83,1181.05,Regular,Wholesale
2025-08-29,SKU-10017,36,170.05,6121.8,3080.16,Promo,Retail
2025-08-29,SKU-10029,8,149.36,1194.88,899.36,Promo,Online
2025-08-29,SKU-10031,12,129.69,1556.28,749.16,Regular,Online
2025-08-29,SKU-10057,25,211.2,5280.0,3233.0,Regular,Wholesale
2025-08-29,SKU-10023,12,16.3,195.6,94.08,Regular,Wholesale
2025-08-29,SKU-10055,5,144.78,723.9,372.45,Regular,Online
2025-08-29,SKU-10009,26,116.81,3037.06,1429.48,Promo,Retail
2025-08-29,SKU-10014,9,147.77,1329.93,767.34,Regular,Retail
2025-08-29,SKU-10042,18,206.35,3714.3,1680.48,Regular,Retail
2025-08-29,SKU-10060,23,186.83,4297.09,1517.77,Regular,Online
2025-08-29,SKU-10008,10,47.89,478.9,231.7,Regular,Wholesale
2025-08-29,SKU-10050,12,160.34,1924.08,1019.4,Regular,Online
2025-08-29,SKU-10001,29,7.15,207.35,85.55,Promo,Retail
2025-08-29,SKU-10043,13,46.1,599.3,316.16,Regular,Retail
2025-08-29,SKU-10005,19,16.1,305.9,123.69,Regular,Wholesale
2025-08-30,SKU-10007,18,200.09,3601.62,1630.44,Regular,Wholesale
2025-08-30,SKU-10011,26,210.18,5464.68,2362.1,Regular,Retail
2025-08-30,SKU-10018,24,142.88,3429.12,1330.56,Regular,Online
2025-08-30,SKU-10029,26,172.72,4490.72,2922.92,Promo,Wholesale
2025-08-30,SKU-10021,33,143.85,4747.05,1818.3,Regular,Retail
2025-08-30,SKU-10010,15,73.09,1096.35,462.75,Regular,Online
2025-08-30,SKU-10026,15,116.1,1741.5,983.7,Regular,Online
2025-08-30,SKU-10052,13,171.0,2223.0,751.92,Regular,Wholesale
2025-08-30,SKU-10006,18,52.51,945.18,372.96,Regular,Retail
2025-08-30,SKU-10023,27,17.0,459.0,211.68,Regular,Online
2025-08-30,SKU-10051,23,42.55,978.65,327.98,Regular,Retail
2025-08-30,SKU-10001,9,9.46,85.14,26.55,Regular,Retail
2025-08-30,SKU-10005,31,12.24,379.44,201.81,Promo,Wholesale
2025-08-30,SKU-10054,14,147.4,2063.6,773.78,Regular,Wholesale
2025-08-30,SKU-10028,20,32.56,651.2,242.2,Regular,Wholesale
2025-08-30,SKU-10042,14,206.89,2896.46,1307.04,Regular,Wholesale
2025-08-30,SKU-10049,19,233.76,4441.44,1797.59,Regular,Wholesale
2025-08-30,SKU-10039,18,176.54,3177.72,2102.58,Promo,Retail
2025-08-30,SKU-10058,18,158.8,2858.4,1350.36,Regular,Online
2025-08-30,SKU-10057,18,182.86,3291.48,2327.76,Promo,Wholesale
2025-08-30,SKU-10041,19,161.28,3064.32,1715.89,Promo,Retail
2025-08-30,SKU-10046,23,97.95,2252.85,1257.64,Regular,Retail
2025-08-30,SKU-10016,16,182.68,2922.88,1416.32,Regular,Wholesale
2025-08-30,SKU-10025,18,53.25,958.5,329.22,Regular,Retail
2025-08-30,SKU-10035,17,193.89,3296.13,1566.72,Regular,Retail
2025-08-30,SKU-10043,10,47.48,474.8,243.2,Regular,Retail
2025-08-30,SKU-10034,30,138.63,4158.9,2340.3,Regular,Retail
2025-08-30,SKU-10030,9,27.09,243.81,112.68,Regular,Online
2025-08-30,SKU-10014,3,152.8,458.4,255.78,Regular,Wholesale
2025-08-30,SKU-10044,22,156.79,3449.38,2379.52,Promo,Wholesale
2025-08-30,SKU-10008,26,48.63,1264.38,602.42,Regular,Retail
2025-08-30,SKU-10032,17,79.41,1349.97,577.66,Regular,Retail
2025-08-30,SKU-10050,1,159.84,159.84,84.95,Regular,Wholesale
2025-08-30,SKU-10037,26,190.4,4950.4,2386.8,Regular,Online
2025-08-30,SKU-10019,7,136.13,952.91,517.65,Promo,Wholesale
2025-08-30,SKU-10004,10,159.23,1592.3,732.7,Regular,Wholesale
2025-08-30,SKU-10020,5,40.68,203.4,90.2,Regular,Online
2025-08-30,SKU-10012,16,81.6,1305.6,448.32,Regular,Retail
2025-08-30,SKU-10060,17,199.22,3386.74,1121.83,Regular,Retail
2025-08-30,SKU-10009,14,149.52,2093.28,769.72,Regular,Retail
2025-08-30,SKU-10031,13,127.34,1655.42,811.59,Regular,Retail
2025-08-30,SKU-10059,28,36.39,1018.92,435.68,Regular,Wholesale
2025-08-30,SKU-10003,14,132.62,1856.68,798.84,Regular,Retail
2025-08-30,SKU-10013,20,105.71,2114.2,1224.6,Promo,Online
2025-08-31,SKU-10044,26,192.28,4999.28,2812.16,Regular,Retail
2025-08-31,SKU-10047,10,120.86,1208.6,582.9,Promo,Wholesale
2025-08-31,SKU-10012,15,82.57,1238.55,420.3,Regular,Wholesale
2025-08-31,SKU-10059,19,31.0,589.0,295.64,Promo,Retail
2025-08-31,SKU-10051,26,43.27,1125.02,370.76,Regular,Retail
2025-08-31,SKU-10003,14,128.47,1798.58,798.84,Regular,Retail
2025-08-31,SKU-10015,18,172.41,3103.38,1076.04,Regular,Retail
2025-08-31,SKU-10011,27,227.16,6133.32,2452.95,Regular,Wholesale
2025-08-31,SKU-10034,10,137.6,1376.0,780.1,Regular,Online
2025-08-31,SKU-10058,11,146.58,1612.38,825.22,Promo,Retail
2025-08-31,SKU-10020,14,36.77,514.78,252.56,Promo,Retail
2025-08-31,SKU-10021,14,132.85,1859.9,771.4,Regular,Retail
2025-08-31,SKU-10055,28,143.41,4015.48,2085.72,Regular,Wholesale
2025-08-31,SKU-10018,33,142.17,4691.61,1829.52,Regular,Online
2025-08-31,SKU-10043,11,45.7,502.7,267.52,Regular,Online
2025-08-31,SKU-10032,13,77.52,1007.76,441.74,Regular,Online
2025-08-31,SKU-10005,15,14.78,221.7,97.65,Regular,Online
2025-08-31,SKU-10016,11,168.57,1854.27,973.72,Regular,Wholesale
2025-08-31,SKU-10049,20,232.31,4646.2,1892.2,Regular,Retail
2025-08-31,SKU-10056,11,19.05,209.55,86.02,Regular,Wholesale
2025-08-31,SKU-10004,8,163.75,1310.0,586.16,Regular,Retail
2025-08-31,SKU-10008,22,49.69,1093.18,509.74,Regular,Online
2025-08-31,SKU-10046,8,101.07,808.56,437.44,Regular,Retail
2025-08-31,SKU-10027,28,163.48,4577.44,1764.84,Promo,Wholesale
2025-08-31,SKU-10017,10,205.38,2053.8,855.6,Regular,Online
2025-08-31,SKU-10010,5,70.73,353.65,154.25,Regular,Online
2025-08-31,SKU-10048,18,162.7,2928.6,961.74,Regular,Online
2025-08-31,SKU-10037,21,162.28,3407.88,1927.8,Promo,Online
2025-08-31,SKU-10053,31,72.52,2248.12,1169.63,Regular,Retail
2025-08-31,SKU-10002,17,147.05,2499.85,1338.41,Regular,Retail
2025-08-31,SKU-10057,8,214.1,1712.8,1034.56,Regular,Wholesale
2025-08-31,SKU-10050,26,147.56,3836.56,2208.7,Regular,Online
2025-08-31,SKU-10009,14,138.56,1939.84,769.72,Regular,Retail
2025-08-31,SKU-10039,22,188.83,4154.26,2569.82,Regular,Retail
2025-08-31,SKU-10030,13,25.4,330.2,162.76,Regular,Retail
2025-08-31,SKU-10014,10,156.96,1569.6,852.6,Regular,Retail
2025-08-31,SKU-10013,9,132.51,1192.59,551.07,Regular,Online
2025-08-31,SKU-10025,19,52.8,1003.2,347.51,Regular,Online
2025-08-31,SKU-10042,19,225.86,4291.34,1773.84,Regular,Online
2025-08-31,SKU-10040,2,174.08,348.16,193.34,Regular,Wholesale
2025-08-31,SKU-10024,15,74.55,1118.25,385.5,Regular,Wholesale
2025-08-31,SKU-10022,6,56.8,340.8,165.0,Promo,Wholesale
2025-08-31,SKU-10031,21,123.54,2594.34,1311.03,Regular,Online
2025-08-31,SKU-10001,23,9.32,214.36,67.85,Regular,Wholesale
2025-09-01,SKU-10059,16,33.49,535.84,248.96,Regular,Online
2025-09-01,SKU-10003,24,108.56,2605.44,1369.44,Promo,Retail
2025-09-01,SKU-10006,13,51.29,666.77,269.36,Regular,Online
2025-09-01,SKU-10019,17,172.58,2933.86,1257.15,Regular,Online
2025-09-01,SKU-10060,14,188.67,2641.38,923.86,Regular,Wholesale
2025-09-01,SKU-10010,13,71.36,927.68,401.05,Regular,Retail
2025-09-01,SKU-10029,14,155.47,2176.58,1573.88,Promo,Retail
2025-09-01,SKU-10017,20,208.11,4162.2,1711.2,Regular,Online
2025-09-01,SKU-10043,26,38.65,1004.9,632.32,Promo,Retail
2025-09-01,SKU-10018,32,132.59,4242.88,1774.08,Regular,Wholesale
2025-09-01,SKU-10049,32,225.97,7231.04,3027.52,Regular,Online
2025-09-01,SKU-10054,10,142.01,1420.1,552.7,Regular,Wholesale
2025-09-01,SKU-10020,20,34.41,688.2,360.8,Promo,Wholesale
2025-09-01,SKU-10014,19,132.49,2517.31,1619.94,Promo,Online
2025-09-01,SKU-10012,21,79.39,1667.19,588.42,Regular,Online
2025-09-01,SKU-10026,20,108.87,2177.4,1311.6,Promo,Wholesale
2025-09-01,SKU-10051,7,42.51,297.57,99.82,Regular,Online
2025-09-01,SKU-10046,18,97.06,1747.08,984.24,Regular,Wholesale
2025-09-01,SKU-10024,10,78.67,786.7,257.0,Regular,Retail
2025-09-01,SKU-10005,29,14.04,407.16,188.79,Promo,Online
2025-09-01,SKU-10057,24,221.18,5308.32,3103.68,Regular,Retail
2025-09-01,SKU-10050,15,152.08,2281.2,1274.25,Regular,Retail
2025-09-01,SKU-10037,14,195.96,2743.44,1285.2,Regular,Wholesale
2025-09-01,SKU-10045,23,154.36,3550.28,2106.11,Regular,Wholesale
2025-09-01,SKU-10011,8,209.58,1676.64,726.8,Regular,Retail
2025-09-01,SKU-10009,15,123.33,1849.95,824.7,Promo,Retail
2025-09-01,SKU-10042,28,219.16,6136.48,2614.08,Regular,Wholesale
2025-09-01,SKU-10015,10,174.18,1741.8,597.8,Regular,Online
2025-09-01,SKU-10032,21,74.79,1570.59,713.58,Regular,Wholesale
2025-09-01,SKU-10030,29,26.99,782.71,363.08,Regular,Wholesale
2025-09-01,SKU-10023,20,17.47,349.4,156.8,Regular,Wholesale
2025-09-01,SKU-10001,5,9.42,47.1,14.75,Regular,Online
2025-09-01,SKU-10052,28,162.18,4541.04,1619.52,Regular,Wholesale
2025-09-01,SKU-10002,27,137.13,3702.51,2125.71,Regular,Wholesale
2025-09-01,SKU-10027,27,181.19,4892.13,1701.81,Regular,Wholesale
2025-09-01,SKU-10035,17,148.86,2530.62,1566.72,Promo,Retail
2025-09-01,SKU-10047,16,143.41,2294.56,932.64,Regular,Online
2025-09-01,SKU-10013,12,129.76,1557.12,734.76,Regular,Retail
2025-09-01,SKU-10004,22,163.11,3588.42,1611.94,Regular,Retail
2025-09-01,SKU-10039,7,206.51,1445.57,817.67,Regular,Wholesale
2025-09-01,SKU-10048,12,160.41,1924.92,641.16,Regular,Online
2025-09-01,SKU-10041,23,179.09,4119.07,2077.13,Regular,Retail
2025-09-01,SKU-10040,15,173.49,2602.35,1450.05,Regular,Retail
2025-09-01,SKU-10016,17,178.62,3036.54,1504.84,Regular,Retail
2025-09-01,SKU-10038,19,59.12,1123.28,716.49,Regular,Wholesale
2025-09-02,SKU-10018,15,138.43,2076.45,831.6,Regular,Online
2025-09-02,SKU-10031,6,133.24,799.44,374.58,Regular,Online
2025-09-02,SKU-10034,17,132.24,2248.08,1326.17,Regular,Wholesale
2025-09-02,SKU-10017,22,217.13,4776.86,1882.32,Regular,Online
2025-09-02,SKU-10019,30,164.1,4923.0,2218.5,Regular,Online
2025-09-02,SKU-10054,22,121.06,2663.32,1215.94,Promo,Online
2025-09-02,SKU-10004,12,135.54,1626.48,879.24,Promo,Wholesale
2025-09-02,SKU-10003,13,124.24,1615.12,741.78,Regular,Wholesale
2025-09-02,SKU-10024,2,61.62,123.24,51.4,Promo,Retail
2025-09-02,SKU-10052,11,139.19,1531.09,636.24,Promo,Online
2025-09-02,SKU-10001,5,8.91,44.55,14.75,Regular,Online
2025-09-02,SKU-10013,15,132.91,1993.65,918.45,Regular,Wholesale
2025-09-02,SKU-10008,24,48.24,1157.76,556.08,Regular,Online
2025-09-02,SKU-10055,28,148.65,4162.2,2085.72,Regular,Wholesale
2025-09-02,SKU-10056,30,18.28,548.4,234.6,Regular,Retail
2025-09-02,SKU-10026,26,121.19,3150.94,1705.08,Regular,Retail
2025-09-02,SKU-10016,22,172.53,3795.66,1947.44,Regular,Online
2025-09-02,SKU-10035,10,182.72,1827.2,921.6,Regular,Retail
2025-09-02,SKU-10039,33,195.72,6458.76,3854.73,Regular,Retail
2025-09-02,SKU-10040,14,146.5,2051.0,1353.38,Promo,Retail
2025-09-02,SKU-10005,11,15.9,174.9,71.61,Regular,Online
2025-09-02,SKU-10022,16,64.15,1026.4,440.0,Regular,Online
2025-09-02,SKU-10011,7,212.75,1489.25,635.95,Regular,Wholesale
2025-09-02,SKU-10045,14,150.8,2111.2,1281.98,Regular,Online
2025-09-02,SKU-10002,14,139.53,1953.42,1102.22,Regular,Wholesale
2025-09-02,SKU-10032,1,73.12,73.12,33.98,Regular,Wholesale
2025-09-02,SKU-10036,19,93.95,1785.05,1026.57,Regular,Wholesale
2025-09-02,SKU-10042,17,206.52,3510.84,1587.12,Regular,Retail
2025-09-02,SKU-10014,12,148.06,1776.72,1023.12,Regular,Retail
2025-09-02,SKU-10025,20,52.26,1045.2,365.8,Regular,Online
2025-09-02,SKU-10057,21,200.56,4211.76,2715.72,Promo,Retail
2025-09-02,SKU-10047,15,144.57,2168.55,874.35,Regular,Wholesale
2025-09-02,SKU-10060,23,151.0,3473.0,1517.77,Promo,Online
2025-09-02,SKU-10038,26,63.77,1658.02,980.46,Regular,Wholesale
2025-09-02,SKU-10058,12,164.66,1975.92,900.24,Regular,Wholesale
2025-09-02,SKU-10044,15,190.09,2851.35,1622.4,Regular,Online
2025-09-02,SKU-10012,23,77.78,1788.94,644.46,Regular,Online
2025-09-02,SKU-10030,15,25.34,380.1,187.8,Regular,Online
2025-09-02,SKU-10023,15,15.98,239.7,117.6,Regular,Wholesale
2025-09-02,SKU-10049,25,217.5,5437.5,2365.25,Regular,Wholesale
2025-09-02,SKU-10059,30,34.31,1029.3,466.8,Regular,Online
2025-09-02,SKU-10009,17,139.84,2377.28,934.66,Regular,Online
2025-09-02,SKU-10043,19,45.35,861.65,462.08,Regular,Online
2025-09-02,SKU-10010,29,73.2,2122.8,894.65,Regular,Wholesale
2025-09-02,SKU-10037,29,189.42,5493.18,2662.2,Regular,Online
2025-09-03,SKU-10056,29,18.7,542.3,226.78,Regular,Retail
2025-09-03,SKU-10008,23,50.28,1156.44,532.91,Regular,Retail
2025-09-03,SKU-10042,10,205.05,2050.5,933.6,Regular,Online
2025-09-03,SKU-10004,22,159.89,3517.58,1611.94,Regular,Retail
2025-09-03,SKU-10049,19,223.14,4239.66,1797.59,Regular,Retail
2025-09-03,SKU-10001,14,9.12,127.68,41.3,Regular,Online
2025-09-03,SKU-10032,20,78.44,1568.8,679.6,Regular,Wholesale
2025-09-03,SKU-10022,6,51.79,310.74,165.0,Promo,Retail
2025-09-03,SKU-10003,16,111.11,1777.76,912.96,Promo,Wholesale
2025-09-03,SKU-10026,9,92.76,834.84,590.22,Promo,Online
2025-09-03,SKU-10040,24,167.2,4012.8,2320.08,Regular,Online
2025-09-03,SKU-10051,31,42.82,1327.42,442.06,Regular,Online
2025-09-03,SKU-10002,17,140.8,2393.6,1338.41,Regular,Retail
2025-09-03,SKU-10033,24,144.53,3468.72,1754.88,Regular,Online
2025-09-03,SKU-10023,17,16.39,278.63,133.28,Regular,Retail
2025-09-03,SKU-10050,22,151.35,3329.7,1868.9,Regular,Retail
2025-09-03,SKU-10055,19,144.49,2745.31,1415.31,Regular,Retail
2025-09-03,SKU-10015,31,143.12,4436.72,1853.18,Promo,Wholesale
2025-09-03,SKU-10052,29,166.91,4840.39,1677.36,Regular,Wholesale
2025-09-03,SKU-10058,20,158.59,3171.8,1500.4,Regular,Wholesale
2025-09-03,SKU-10025,17,46.86,796.62,310.93,Promo,Online
2025-09-03,SKU-10057,19,185.55,3525.45,2457.08,Promo,Wholesale
2025-09-03,SKU-10019,27,170.07,4591.89,1996.65,Regular,Online
2025-09-03,SKU-10010,8,74.09,592.72,246.8,Regular,Retail
2025-09-03,SKU-10013,18,135.36,2436.48,1102.14,Regular,Retail
2025-09-03,SKU-10016,20,175.43,3508.6,1770.4,Regular,Retail
2025-09-03,SKU-10038,20,62.86,1257.2,754.2,Regular,Wholesale
2025-09-03,SKU-10030,27,27.82,751.14,338.04,Regular,Online
2025-09-03,SKU-10043,25,46.59,1164.75,608.0,Regular,Online
2025-09-03,SKU-10035,13,184.61,2399.93,1198.08,Regular,Online
2025-09-03,SKU-10034,17,119.04,2023.68,1326.17,Promo,Retail
2025-09-03,SKU-10060,12,170.59,2047.08,791.88,Promo,Wholesale
2025-09-03,SKU-10028,20,32.88,657.6,242.2,Regular,Online
2025-09-03,SKU-10059,13,35.86,466.18,202.28,Regular,Wholesale
2025-09-03,SKU-10018,14,141.95,1987.3,776.16,Regular,Online
2025-09-03,SKU-10039,29,190.76,5532.04,3387.49,Regular,Wholesale
2025-09-03,SKU-10041,20,168.1,3362.0,1806.2,Regular,Retail
2025-09-03,SKU-10007,8,202.04,1616.32,724.64,Regular,Retail
2025-09-03,SKU-10005,18,15.98,287.64,117.18,Regular,Retail
2025-09-03,SKU-10029,20,190.9,3818.0,2248.4,Regular,Online
2025-09-03,SKU-10011,21,216.18,4539.78,1907.85,Regular,Online
2025-09-03,SKU-10014,4,148.99,595.96,341.04,Regular,Retail
2025-09-03,SKU-10009,16,149.68,2394.88,879.68,Regular,Wholesale
2025-09-03,SKU-10045,14,139.49,1952.86,1281.98,Promo,Wholesale
2025-09-03,SKU-10047,7,138.8,971.6,408.03,Regular,Online
2025-09-04,SKU-10021,14,136.49,1910.86,771.4,Regular,Wholesale
2025-09-04,SKU-10046,14,86.46,1210.44,765.52,Promo,Retail
2025-09-04,SKU-10049,12,229.34,2752.08,1135.32,Regular,Online
2025-09-04,SKU-10058,22,172.23,3789.06,1650.44,Regular,Retail
2025-09-04,SKU-10024,19,77.87,1479.53,488.3,Regular,Online
2025-09-04,SKU-10033,7,142.27,995.89,511.84,Regular,Retail
2025-09-04,SKU-10028,23,30.16,693.68,278.53,Regular,Wholesale
2025-09-04,SKU-10030,28,26.04,729.12,350.56,Regular,Online
2025-09-04,SKU-10038,19,59.22,1125.18,716.49,Regular,Online
2025-09-04,SKU-10035,9,180.9,1628.1,829.44,Regular,Online
2025-09-04,SKU-10007,19,209.53,3981.07,1721.02,Regular,Retail
2025-09-04,SKU-10006,16,52.91,846.56,331.52,Regular,Online
2025-09-04,SKU-10022,19,53.46,1015.74,522.5,Promo,Online
2025-09-04,SKU-10037,21,196.8,4132.8,1927.8,Regular,Wholesale
2025-09-04,SKU-10014,12,153.44,1841.28,1023.12,Regular,Retail
2025-09-04,SKU-10043,24,37.12,890.88,583.68,Promo,Wholesale
2025-09-04,SKU-10004,25,162.82,4070.5,1831.75,Regular,Online
2025-09-04,SKU-10031,2,124.25,248.5,124.86,Regular,Wholesale
2025-09-04,SKU-10048,12,135.04,1620.48,641.16,Promo,Online
2025-09-04,SKU-10039,19,154.4,2933.6,2219.39,Promo,Wholesale
2025-09-04,SKU-10042,15,215.47,3232.05,1400.4,Regular,Online
2025-09-04,SKU-10059,11,34.98,384.78,171.16,Regular,Retail
2025-09-04,SKU-10053,16,67.16,1074.56,603.68,Promo,Online
2025-09-04,SKU-10060,15,189.47,2842.05,989.85,Regular,Online
2025-09-04,SKU-10036,14,88.5,1239.0,756.42,Regular,Wholesale
2025-09-04,SKU-10027,18,196.41,3535.38,1134.54,Regular,Wholesale
2025-09-04,SKU-10001,15,8.93,133.95,44.25,Regular,Wholesale
2025-09-04,SKU-10008,21,48.75,1023.75,486.57,Regular,Online
2025-09-04,SKU-10002,18,134.83,2426.94,1417.14,Regular,Wholesale
2025-09-04,SKU-10034,24,136.88,3285.12,1872.24,Regular,Retail
2025-09-04,SKU-10009,19,137.6,2614.4,1044.62,Regular,Online
2025-09-04,SKU-10040,27,165.94,4480.38,2610.09,Regular,Retail
2025-09-04,SKU-10017,8,205.14,1641.12,684.48,Regular,Wholesale
2025-09-04,SKU-10019,30,134.89,4046.7,2218.5,Promo,Retail
2025-09-04,SKU-10013,15,115.75,1736.25,918.45,Promo,Retail
2025-09-04,SKU-10050,26,155.0,4030.0,2208.7,Regular,Online
2025-09-04,SKU-10023,9,14.65,131.85,70.56,Promo,Online
2025-09-04,SKU-10051,17,44.56,757.52,242.42,Regular,Retail
2025-09-04,SKU-10052,20,158.86,3177.2,1156.8,Regular,Retail
2025-09-04,SKU-10018,30,131.19,3935.7,1663.2,Regular,Retail
2025-09-04,SKU-10045,19,149.98,2849.62,1739.83,Regular,Retail
2025-09-04,SKU-10047,8,148.75,1190.0,466.32,Regular,Wholesale
2025-09-04,SKU-10012,16,77.22,1235.52,448.32,Regular,Retail
2025-09-04,SKU-10025,18,48.9,880.2,329.22,Regular,Wholesale
2025-09-05,SKU-10016,6,175.67,1054.02,531.12,Regular,Wholesale
2025-09-05,SKU-10046,25,100.44,2511.0,1367.0,Regular,Wholesale
2025-09-05,SKU-10013,21,135.5,2845.5,1285.83,Regular,Wholesale
2025-09-05,SKU-10043,32,45.73,1463.36,778.24,Regular,Retail
2025-09-05,SKU-10041,11,179.68,1976.48,993.41,Regular,Wholesale
2025-09-05,SKU-10044,9,147.6,1328.4,973.44,Promo,Wholesale
2025-09-05,SKU-10051,11,45.37,499.07,156.86,Regular,Retail
2025-09-05,SKU-10011,19,222.97,4236.43,1726.15,Regular,Retail
2025-09-05,SKU-10027,14,186.56,2611.84,882.42,Regular,Wholesale
2025-09-05,SKU-10010,5,57.91,289.55,154.25,Promo,Retail
2025-09-05,SKU-10017,26,212.66,5529.16,2224.56,Regular,Retail
2025-09-05,SKU-10006,22,53.86,1184.92,455.84,Regular,Wholesale
2025-09-05,SKU-10023,28,16.58,464.24,219.52,Regular,Wholesale
2025-09-05,SKU-10033,24,140.83,3379.92,1754.88,Regular,Wholesale
2025-09-05,SKU-10042,19,219.74,4175.06,1773.84,Regular,Wholesale
2025-09-05,SKU-10024,19,73.82,1402.58,488.3,Regular,Online
2025-09-05,SKU-10012,28,82.02,2296.56,784.56,Regular,Retail
2025-09-05,SKU-10059,22,27.31,600.82,342.32,Promo,Online
2025-09-05,SKU-10030,23,25.95,596.85,287.96,Regular,Online
2025-09-05,SKU-10002,19,137.02,2603.38,1495.87,Regular,Wholesale
2025-09-05,SKU-10008,17,50.73,862.41,393.89,Regular,Retail
2025-09-05,SKU-10003,19,132.38,2515.22,1084.14,Regular,Retail
2025-09-05,SKU-10050,8,156.67,1253.36,679.6,Regular,Wholesale
2025-09-05,SKU-10037,28,167.7,4695.6,2570.4,Promo,Online
2025-09-05,SKU-10007,15,199.62,2994.3,1358.7,Regular,Wholesale
2025-09-05,SKU-10034,15,112.89,1693.35,1170.15,Promo,Online
2025-09-05,SKU-10060,6,163.76,982.56,395.94,Promo,Online
2025-09-05,SKU-10020,11,44.3,487.3,198.44,Regular,Wholesale
2025-09-05,SKU-10001,20,8.77,175.4,59.0,Regular,Retail
2025-09-05,SKU-10026,21,115.81,2432.01,1377.18,Regular,Wholesale
2025-09-05,SKU-10057,23,221.39,5091.97,2974.36,Regular,Wholesale
2025-09-05,SKU-10031,2,134.03,268.06,124.86,Regular,Online
2025-09-05,SKU-10009,17,125.91,2140.47,934.66,Promo,Wholesale
2025-09-05,SKU-10052,18,171.59,3088.62,1041.12,Regular,Wholesale
2025-09-05,SKU-10032,27,67.9,1833.3,917.46,Promo,Retail
2025-09-05,SKU-10054,17,116.69,1983.73,939.59,Promo,Online
2025-09-05,SKU-10055,12,157.91,1894.92,893.88,Regular,Online
2025-09-05,SKU-10053,21,72.99,1532.79,792.33,Regular,Wholesale
2025-09-05,SKU-10005,20,14.9,298.0,130.2,Regular,Online
2025-09-05,SKU-10004,31,157.92,4895.52,2271.37,Regular,Wholesale
2025-09-05,SKU-10040,15,172.78,2591.7,1450.05,Regular,Wholesale
2025-09-05,SKU-10048,23,151.24,3478.52,1228.89,Regular,Wholesale
2025-09-05,SKU-10039,11,170.65,1877.15,1284.91,Promo,Wholesale
2025-09-05,SKU-10025,1,49.14,49.14,18.29,Regular,Retail
2025-09-05,SKU-10045,24,147.24,3533.76,2197.68,Regular,Online
2025-09-06,SKU-10058,24,157.87,3788.88,1800.48,Regular,Retail
2025-09-06,SKU-10049,31,179.21,5555.51,2932.91,Promo,Wholesale
2025-09-06,SKU-10042,11,174.35,1917.85,1026.96,Promo,Wholesale
2025-09-06,SKU-10008,25,47.79,1194.75,579.25,Regular,Wholesale
2025-09-06,SKU-10019,17,172.06,2925.02,1257.15,Regular,Retail
2025-09-06,SKU-10011,20,213.66,4273.2,1817.0,Regular,Wholesale
2025-09-06,SKU-10026,24,97.75,2346.0,1573.92,Promo,Retail
2025-09-06,SKU-10043,23,46.38,1066.74,559.36,Regular,Retail
2025-09-06,SKU-10025,30,42.21,1266.3,548.7,Promo,Retail
2025-09-06,SKU-10053,24,75.04,1800.96,905.52,Regular,Retail
2025-09-06,SKU-10055,19,145.64,2767.16,1415.31,Regular,Online
2025-09-06,SKU-10018,8,139.12,1112.96,443.52,Regular,Retail
2025-09-06,SKU-10037,16,175.42,2806.72,1468.8,Promo,Retail
2025-09-06,SKU-10023,6,15.98,95.88,47.04,Regular,Retail
2025-09-06,SKU-10005,28,14.98,419.44,182.28,Regular,Retail
2025-09-06,SKU-10029,18,191.08,3439.44,2023.56,Regular,Retail
2025-09-06,SKU-10035,18,192.87,3471.66,1658.88,Regular,Wholesale
2025-09-06,SKU-10006,16,52.95,847.2,331.52,Regular,Online
2025-09-06,SKU-10044,30,189.78,5693.4,3244.8,Regular,Online
2025-09-06,SKU-10014,21,147.67,3101.07,1790.46,Regular,Wholesale
2025-09-06,SKU-10033,14,140.78,1970.92,1023.68,Regular,Retail
2025-09-06,SKU-10048,26,161.46,4197.96,1389.18,Regular,Online
2025-09-06,SKU-10027,22,169.59,3730.98,1386.66,Promo,Online
2025-09-06,SKU-10024,26,79.77,2074.02,668.2,Regular,Online
2025-09-06,SKU-10041,17,168.75,2868.75,1535.27,Regular,Retail
2025-09-06,SKU-10015,32,178.03,5696.96,1912.96,Regular,Wholesale
2025-09-06,SKU-10022,31,63.24,1960.44,852.5,Regular,Wholesale
2025-09-06,SKU-10034,25,119.61,2990.25,1950.25,Promo,Retail
2025-09-06,SKU-10010,18,60.95,1097.1,555.3,Promo,Retail
2025-09-06,SKU-10047,17,140.97,2396.49,990.93,Regular,Retail
2025-09-06,SKU-10004,27,149.31,4031.37,1978.29,Regular,Retail
2025-09-06,SKU-10057,14,219.82,3077.48,1810.48,Regular,Retail
2025-09-06,SKU-10021,33,141.07,4655.31,1818.3,Regular,Online
2025-09-06,SKU-10002,23,138.36,3182.28,1810.79,Regular,Online
2025-09-06,SKU-10017,17,214.27,3642.59,1454.52,Regular,Wholesale
2025-09-06,SKU-10046,30,99.08,2972.4,1640.4,Regular,Wholesale
2025-09-06,SKU-10032,17,69.71,1185.07,577.66,Promo,Wholesale
2025-09-06,SKU-10013,24,109.92,2638.08,1469.52,Promo,Retail
2025-09-06,SKU-10040,20,170.23,3404.6,1933.4,Regular,Retail
2025-09-06,SKU-10001,18,9.53,171.54,53.1,Regular,Wholesale
2025-09-06,SKU-10031,19,107.12,2035.28,1186.17,Promo,Online
2025-09-06,SKU-10038,27,60.31,1628.37,1018.17,Regular,Online
2025-09-06,SKU-10030,27,27.54,743.58,338.04,Regular,Wholesale
2025-09-06,SKU-10060,21,162.1,3404.1,1385.79,Promo,Retail
2025-09-06,SKU-10012,5,80.67,403.35,140.1,Regular,Retail
2025-09-07,SKU-10014,18,143.81,2588.58,1534.68,Regular,Wholesale
2025-09-07,SKU-10015,9,180.27,1622.43,538.02,Regular,Wholesale
2025-09-07,SKU-10033,21,134.99,2834.79,1535.52,Regular,Wholesale
2025-09-07,SKU-10053,21,74.05,1555.05,792.33,Regular,Wholesale
2025-09-07,SKU-10043,10,46.15,461.5,243.2,Regular,Wholesale
2025-09-07,SKU-10023,10,17.08,170.8,78.4,Regular,Retail
2025-09-07,SKU-10030,18,26.53,477.54,225.36,Regular,Wholesale
2025-09-07,SKU-10044,11,179.18,1970.98,1189.76,Regular,Retail
2025-09-07,SKU-10006,17,51.46,874.82,352.24,Regular,Online
2025-09-07,SKU-10003,20,130.37,2607.4,1141.2,Regular,Online
2025-09-07,SKU-10005,20,13.62,272.4,130.2,Promo,Wholesale
2025-09-07,SKU-10052,25,158.87,3971.75,1446.0,Regular,Retail
2025-09-07,SKU-10050,25,132.15,3303.75,2123.75,Promo,Online
2025-09-07,SKU-10027,9,181.64,1634.76,567.27,Regular,Wholesale
2025-09-07,SKU-10012,17,77.86,1323.62,476.34,Regular,Retail
2025-09-07,SKU-10008,27,47.77,1289.79,625.59,Regular,Online
2025-09-07,SKU-10009,26,144.24,3750.24,1429.48,Regular,Retail
2025-09-07,SKU-10035,26,184.64,4800.64,2396.16,Regular,Wholesale
2025-09-07,SKU-10022,15,63.68,955.2,412.5,Regular,Wholesale
2025-09-07,SKU-10055,36,148.32,5339.52,2681.64,Regular,Retail
2025-09-07,SKU-10002,15,134.02,2010.3,1180.95,Regular,Retail
2025-09-07,SKU-10011,21,217.65,4570.65,1907.85,Regular,Retail
2025-09-07,SKU-10042,17,189.63,3223.71,1587.12,Promo,Online
2025-09-07,SKU-10025,20,50.73,1014.6,365.8,Regular,Wholesale
2025-09-07,SKU-10018,20,119.28,2385.6,1108.8,Promo,Wholesale
2025-09-07,SKU-10056,12,15.35,184.2,93.84,Promo,Retail
2025-09-07,SKU-10051,20,39.09,781.8,285.2,Promo,Wholesale
2025-09-07,SKU-10029,9,170.99,1538.91,1011.78,Promo,Retail
2025-09-07,SKU-10026,12,122.73,1472.76,786.96,Regular,Retail
2025-09-07,SKU-10040,27,147.65,3986.55,2610.09,Promo,Wholesale
2025-09-07,SKU-10034,17,133.55,2270.35,1326.17,Regular,Wholesale
2025-09-07,SKU-10013,21,133.15,2796.15,1285.83,Regular,Online
2025-09-07,SKU-10020,23,36.36,836.28,414.92,Promo,Online
2025-09-07,SKU-10024,25,79.03,1975.75,642.5,Regular,Retail
2025-09-07,SKU-10017,27,209.37,5652.99,2310.12,Regular,Wholesale
2025-09-07,SKU-10039,15,189.35,2840.25,1752.15,Regular,Retail
2025-09-07,SKU-10001,15,8.68,130.2,44.25,Regular,Online
2025-09-07,SKU-10049,12,222.51,2670.12,1135.32,Regular,Wholesale
2025-09-07,SKU-10054,19,150.76,2864.44,1050.13,Regular,Online
2025-09-07,SKU-10059,33,34.63,1142.79,513.48,Regular,Wholesale
2025-09-07,SKU-10016,16,182.14,2914.24,1416.32,Regular,Online
2025-09-07,SKU-10041,22,160.22,3524.84,1986.82,Promo,Retail
2025-09-07,SKU-10038,17,62.25,1058.25,641.07,Regular,Online
2025-09-08,SKU-10007,18,213.51,3843.18,1630.44,Regular,Retail
2025-09-08,SKU-10023,21,15.9,333.9,164.64,Regular,Online
2025-09-08,SKU-10048,35,148.69,5204.15,1870.05,Regular,Wholesale
2025-09-08,SKU-10016,26,145.95,3794.7,2301.52,Promo,Wholesale
2025-09-08,SKU-10032,8,76.44,611.52,271.84,Regular,Wholesale
2025-09-08,SKU-10015,8,174.24,1393.92,478.24,Regular,Online
2025-09-08,SKU-10045,19,119.56,2271.64,1739.83,Promo,Online
2025-09-08,SKU-10004,19,150.87,2866.53,1392.13,Regular,Online
2025-09-08,SKU-10029,14,199.31,2790.34,1573.88,Regular,Online
2025-09-08,SKU-10059,22,33.44,735.68,342.32,Regular,Wholesale
2025-09-08,SKU-10009,31,121.82,3776.42,1704.38,Promo,Online
2025-09-08,SKU-10028,7,31.8,222.6,84.77,Regular,Retail
2025-09-08,SKU-10054,29,130.93,3796.97,1602.83,Promo,Online
2025-09-08,SKU-10056,12,18.18,218.16,93.84,Regular,Retail
2025-09-08,SKU-10050,17,132.64,2254.88,1444.15,Promo,Wholesale
2025-09-08,SKU-10051,7,44.36,310.52,99.82,Regular,Retail
2025-09-08,SKU-10027,25,182.9,4572.5,1575.75,Regular,Wholesale
2025-09-08,SKU-10018,19,141.09,2680.71,1053.36,Regular,Wholesale
2025-09-08,SKU-10041,23,175.82,4043.86,2077.13,Regular,Online
2025-09-08,SKU-10013,19,129.51,2460.69,1163.37,Regular,Online
2025-09-08,SKU-10006,19,42.17,801.23,393.68,Promo,Retail
2025-09-08,SKU-10042,22,210.05,4621.1,2053.92,Regular,Wholesale
2025-09-08,SKU-10019,8,172.93,1383.44,591.6,Regular,Retail
2025-09-08,SKU-10017,17,191.3,3252.1,1454.52,Promo,Wholesale
2025-09-08,SKU-10003,25,133.55,3338.75,1426.5,Regular,Retail
2025-09-08,SKU-10053,17,76.5,1300.5,641.41,Regular,Retail
2025-09-08,SKU-10008,28,48.47,1357.16,648.76,Regular,Wholesale
2025-09-08,SKU-10052,5,157.8,789.0,289.2,Regular,Retail
2025-09-08,SKU-10043,32,45.15,1444.8,778.24,Regular,Online
2025-09-08,SKU-10038,10,60.99,609.9,377.1,Regular,Retail
2025-09-08,SKU-10035,24,190.98,4583.52,2211.84,Regular,Wholesale
2025-09-08,SKU-10031,22,122.24,2689.28,1373.46,Regular,Online
2025-09-08,SKU-10025,12,48.84,586.08,219.48,Regular,Online
2025-09-08,SKU-10022,32,65.66,2101.12,880.0,Regular,Retail
2025-09-08,SKU-10047,12,140.96,1691.52,699.48,Regular,Retail
2025-09-08,SKU-10020,31,41.32,1280.92,559.24,Regular,Wholesale
2025-09-08,SKU-10046,22,95.89,2109.58,1202.96,Regular,Wholesale
2025-09-08,SKU-10024,14,61.78,864.92,359.8,Promo,Online
2025-09-08,SKU-10039,13,195.19,2537.47,1518.53,Regular,Online
2025-09-08,SKU-10060,11,162.31,1785.41,725.89,Promo,Online
2025-09-08,SKU-10011,9,219.71,1977.39,817.65,Regular,Online
2025-09-08,SKU-10040,14,160.61,2248.54,1353.38,Regular,Wholesale
2025-09-08,SKU-10010,11,73.13,804.43,339.35,Regular,Retail
2025-09-08,SKU-10034,14,137.65,1927.1,1092.14,Regular,Retail
2025-09-08,SKU-10030,8,20.89,167.12,100.16,Promo,Online
2025-09-09,SKU-10005,26,15.85,412.1,169.26,Regular,Online
2025-09-09,SKU-10013,22,136.79,3009.38,1347.06,Regular,Online
2025-09-09,SKU-10042,28,213.39,5974.92,2614.08,Regular,Wholesale
2025-09-09,SKU-10015,25,141.65,3541.25,1494.5,Promo,Online
2025-09-09,SKU-10016,21,184.63,3877.23,1858.92,Regular,Online
2025-09-09,SKU-10023,25,15.01,375.25,196.0,Promo,Wholesale
2025-09-09,SKU-10027,7,179.25,1254.75,441.21,Regular,Online
2025-09-09,SKU-10011,17,221.75,3769.75,1544.45,Regular,Online
2025-09-09,SKU-10043,27,45.51,1228.77,656.64,Regular,Online
2025-09-09,SKU-10041,41,172.5,7072.5,3702.71,Regular,Online
2025-09-09,SKU-10010,25,71.7,1792.5,771.25,Regular,Retail
2025-09-09,SKU-10008,26,47.16,1226.16,602.42,Regular,Retail
2025-09-09,SKU-10024,24,80.92,1942.08,616.8,Regular,Wholesale
2025-09-09,SKU-10044,19,183.24,3481.56,2055.04,Regular,Online
2025-09-09,SKU-10009,13,139.93,1819.09,714.74,Regular,Wholesale
2025-09-09,SKU-10014,18,151.34,2724.12,1534.68,Regular,Retail
2025-09-09,SKU-10046,6,99.01,594.06,328.08,Regular,Online
2025-09-09,SKU-10058,18,157.43,2833.74,1350.36,Regular,Online
2025-09-09,SKU-10001,21,9.22,193.62,61.95,Regular,Wholesale
2025-09-09,SKU-10025,12,49.65,595.8,219.48,Regular,Retail
2025-09-09,SKU-10053,9,59.14,532.26,339.57,Promo,Online
2025-09-09,SKU-10038,23,58.32,1341.36,867.33,Regular,Wholesale
2025-09-09,SKU-10032,24,78.05,1873.2,815.52,Regular,Online
2025-09-09,SKU-10052,5,128.84,644.2,289.2,Promo,Retail
2025-09-09,SKU-10028,16,31.7,507.2,193.76,Regular,Online
2025-09-09,SKU-10048,8,143.73,1149.84,427.44,Promo,Online
2025-09-09,SKU-10017,22,205.64,4524.08,1882.32,Regular,Wholesale
2025-09-09,SKU-10054,26,143.36,3727.36,1437.02,Regular,Wholesale
2025-09-09,SKU-10006,13,45.89,596.57,269.36,Promo,Retail
2025-09-09,SKU-10021,16,108.73,1739.68,881.6,Promo,Retail
2025-09-09,SKU-10007,10,175.04,1750.4,905.8,Promo,Online
2025-09-09,SKU-10037,18,191.24,3442.32,1652.4,Regular,Online
2025-09-09,SKU-10049,29,223.69,6487.01,2743.69,Regular,Retail
2025-09-09,SKU-10018,27,135.16,3649.32,1496.88,Regular,Online
2025-09-09,SKU-10059,20,34.23,684.6,311.2,Regular,Wholesale
2025-09-09,SKU-10060,5,192.13,960.65,329.95,Regular,Online
2025-09-09,SKU-10002,26,143.33,3726.58,2046.98,Regular,Wholesale
2025-09-09,SKU-10004,20,156.94,3138.8,1465.4,Regular,Retail
2025-09-09,SKU-10030,27,20.86,563.22,338.04,Promo,Retail
2025-09-09,SKU-10020,18,42.87,771.66,324.72,Regular,Wholesale
2025-09-09,SKU-10055,31,154.11,4777.41,2309.19,Regular,Wholesale
2025-09-09,SKU-10056,16,19.18,306.88,125.12,Regular,Wholesale
2025-09-09,SKU-10019,28,171.21,4793.88,2070.6,Regular,Retail
2025-09-09,SKU-10035,16,188.55,3016.8,1474.56,Regular,Wholesale
2025-09-09,SKU-10022,6,62.23,373.38,165.0,Regular,Retail
2025-09-10,SKU-10058,28,157.48,4409.44,2100.56,Regular,Wholesale
2025-09-10,SKU-10035,25,146.69,3667.25,2304.0,Promo,Retail
2025-09-10,SKU-10050,11,150.79,1658.69,934.45,Regular,Wholesale
2025-09-10,SKU-10010,14,63.19,884.66,431.9,Promo,Wholesale
2025-09-10,SKU-10012,27,82.89,2238.03,756.54,Regular,Wholesale
2025-09-10,SKU-10053,12,76.97,923.64,452.76,Regular,Wholesale
2025-09-10,SKU-10021,17,133.93,2276.81,936.7,Regular,Retail
2025-09-10,SKU-10055,11,156.18,1717.98,819.39,Regular,Online
2025-09-10,SKU-10045,21,156.77,3292.17,1922.97,Regular,Online
2025-09-10,SKU-10013,25,129.94,3248.5,1530.75,Regular,Online
2025-09-10,SKU-10052,12,169.07,2028.84,694.08,Regular,Wholesale
2025-09-10,SKU-10002,36,140.05,5041.8,2834.28,Regular,Online
2025-09-10,SKU-10033,16,142.35,2277.6,1169.92,Regular,Retail
2025-09-10,SKU-10057,24,222.13,5331.12,3103.68,Regular,Retail
2025-09-10,SKU-10034,15,136.08,2041.2,1170.15,Regular,Wholesale
2025-09-10,SKU-10046,28,78.67,2202.76,1531.04,Promo,Retail
2025-09-10,SKU-10008,2,44.02,88.04,46.34,Promo,Retail
2025-09-10,SKU-10028,27,31.38,847.26,326.97,Regular,Retail
2025-09-10,SKU-10027,6,185.6,1113.6,378.18,Regular,Wholesale
2025-09-10,SKU-10040,19,165.37,3142.03,1836.73,Regular,Online
2025-09-10,SKU-10024,25,65.7,1642.5,642.5,Promo,Wholesale
2025-09-10,SKU-10014,12,143.71,1724.52,1023.12,Regular,Online
2025-09-10,SKU-10056,22,16.77,368.94,172.04,Promo,Retail
2025-09-10,SKU-10001,18,9.07,163.26,53.1,Regular,Online
2025-09-10,SKU-10036,5,95.36,476.8,270.15,Regular,Online
2025-09-10,SKU-10042,26,216.37,5625.62,2427.36,Regular,Online
2025-09-10,SKU-10006,10,51.6,516.0,207.2,Regular,Retail
2025-09-10,SKU-10048,16,151.32,2421.12,854.88,Regular,Wholesale
2025-09-10,SKU-10026,5,115.88,579.4,327.9,Regular,Wholesale
2025-09-10,SKU-10039,14,190.91,2672.74,1635.34,Regular,Wholesale
2025-09-10,SKU-10049,10,234.74,2347.4,946.1,Regular,Retail
2025-09-10,SKU-10044,8,176.6,1412.8,865.28,Regular,Wholesale
2025-09-10,SKU-10041,13,152.31,1980.03,1174.03,Promo,Wholesale
2025-09-10,SKU-10051,19,42.42,805.98,270.94,Regular,Online
2025-09-10,SKU-10025,12,50.63,607.56,219.48,Regular,Retail
2025-09-10,SKU-10015,9,172.41,1551.69,538.02,Regular,Retail
2025-09-10,SKU-10032,17,79.45,1350.65,577.66,Regular,Online
2025-09-10,SKU-10030,20,22.73,454.6,250.4,Promo,Retail
2025-09-10,SKU-10011,28,220.01,6160.28,2543.8,Regular,Online
2025-09-10,SKU-10005,22,13.32,293.04,143.22,Promo,Retail
2025-09-10,SKU-10018,15,141.04,2115.6,831.6,Regular,Retail
2025-09-10,SKU-10020,25,43.23,1080.75,451.0,Regular,Wholesale
2025-09-10,SKU-10047,26,146.84,3817.84,1515.54,Regular,Online
2025-09-11,SKU-10017,11,212.79,2340.69,941.16,Regular,Online
2025-09-11,SKU-10060,19,197.59,3754.21,1253.81,Regular,Online
2025-09-11,SKU-10024,5,67.78,338.9,128.5,Promo,Wholesale
2025-09-11,SKU-10038,24,59.11,1418.64,905.04,Regular,Wholesale
2025-09-11,SKU-10042,27,216.95,5857.65,2520.72,Regular,Retail
2025-09-11,SKU-10032,28,79.25,2219.0,951.44,Regular,Wholesale
2025-09-11,SKU-10048,22,156.8,3449.6,1175.46,Regular,Retail
2025-09-11,SKU-10018,18,138.93,2500.74,997.92,Regular,Retail
2025-09-11,SKU-10027,28,179.86,5036.08,1764.84,Regular,Online
2025-09-11,SKU-10041,16,149.23,2387.68,1444.96,Promo,Retail
2025-09-11,SKU-10010,2,76.09,152.18,61.7,Regular,Wholesale
2025-09-11,SKU-10015,19,173.55,3297.45,1135.82,Regular,Online
2025-09-11,SKU-10053,12,71.95,863.4,452.76,Regular,Retail
2025-09-11,SKU-10016,15,172.67,2590.05,1327.8,Regular,Online
2025-09-11,SKU-10056,34,19.14,650.76,265.88,Regular,Retail
2025-09-11,SKU-10014,18,156.29,2813.22,1534.68,Regular,Retail
2025-09-11,SKU-10059,21,35.82,752.22,326.76,Regular,Retail
2025-09-11,SKU-10033,6,121.9,731.4,438.72,Promo,Retail
2025-09-11,SKU-10021,27,108.55,2930.85,1487.7,Promo,Wholesale
2025-09-11,SKU-10002,20,143.11,2862.2,1574.6,Regular,Retail
2025-09-11,SKU-10043,14,41.79,585.06,340.48,Promo,Wholesale
2025-09-11,SKU-10020,19,38.95,740.05,342.76,Promo,Retail
2025-09-11,SKU-10005,24,13.11,314.64,156.24,Promo,Wholesale
2025-09-11,SKU-10028,11,30.01,330.11,133.21,Regular,Retail
2025-09-11,SKU-10036,1,91.66,91.66,54.03,Regular,Retail
2025-09-11,SKU-10058,14,130.19,1822.66,1050.28,Promo,Wholesale
2025-09-11,SKU-10031,26,116.47,3028.22,1623.18,Promo,Wholesale
2025-09-11,SKU-10037,28,183.05,5125.4,2570.4,Regular,Wholesale
2025-09-11,SKU-10052,23,169.9,3907.7,1330.32,Regular,Wholesale
2025-09-11,SKU-10057,22,227.77,5010.94,2845.04,Regular,Wholesale
2025-09-11,SKU-10026,15,113.7,1705.5,983.7,Regular,Retail
2025-09-11,SKU-10055,16,123.43,1974.88,1191.84,Promo,Online
2025-09-11,SKU-10050,16,125.34,2005.44,1359.2,Promo,Retail
2025-09-11,SKU-10047,23,141.14,3246.22,1340.67,Regular,Online
2025-09-11,SKU-10054,30,119.95,3598.5,1658.1,Promo,Online
2025-09-11,SKU-10025,16,53.08,849.28,292.64,Regular,Retail
2025-09-11,SKU-10039,13,191.86,2494.18,1518.53,Regular,Retail
2025-09-11,SKU-10035,18,177.72,3198.96,1658.88,Regular,Online
2025-09-11,SKU-10022,19,66.92,1271.48,522.5,Regular,Online
2025-09-11,SKU-10023,14,17.1,239.4,109.76,Regular,Wholesale
2025-09-11,SKU-10006,20,52.53,1050.6,414.4,Regular,Online
2025-09-11,SKU-10007,34,215.01,7310.34,3079.72,Regular,Online
2025-09-11,SKU-10019,11,174.07,1914.77,813.45,Regular,Online
2025-09-11,SKU-10012,26,76.47,1988.22,728.52,Regular,Retail
2025-09-12,SKU-10008,27,42.38,1144.26,625.59,Promo,Retail
2025-09-12,SKU-10053,15,72.7,1090.5,565.95,Regular,Retail
2025-09-12,SKU-10033,10,132.42,1324.2,731.2,Regular,Wholesale
2025-09-12,SKU-10036,19,73.8,1402.2,1026.57,Promo,Retail
2025-09-12,SKU-10028,17,31.18,530.06,205.87,Regular,Online
2025-09-12,SKU-10029,22,191.07,4203.54,2473.24,Regular,Online
2025-09-12,SKU-10035,21,190.61,4002.81,1935.36,Regular,Retail
2025-09-12,SKU-10018,24,134.01,3216.24,1330.56,Regular,Wholesale
2025-09-12,SKU-10041,21,171.24,3596.04,1896.51,Regular,Retail
2025-09-12,SKU-10020,25,41.23,1030.75,451.0,Regular,Retail
2025-09-12,SKU-10013,13,134.46,1747.98,795.99,Regular,Wholesale
2025-09-12,SKU-10043,20,38.67,773.4,486.4,Promo,Wholesale
2025-09-12,SKU-10058,8,140.89,1127.12,600.16,Promo,Online
2025-09-12,SKU-10048,10,157.45,1574.5,534.3,Regular,Online
2025-09-12,SKU-10049,4,222.6,890.4,378.44,Regular,Wholesale
2025-09-12,SKU-10021,19,132.7,2521.3,1046.9,Regular,Wholesale
2025-09-12,SKU-10031,13,132.68,1724.84,811.59,Regular,Retail
2025-09-12,SKU-10060,22,163.4,3594.8,1451.78,Promo,Wholesale
2025-09-12,SKU-10046,20,98.81,1976.2,1093.6,Regular,Wholesale
2025-09-12,SKU-10026,22,124.12,2730.64,1442.76,Regular,Retail
2025-09-12,SKU-10006,18,43.28,779.04,372.96,Promo,Retail
2025-09-12,SKU-10024,12,80.62,967.44,308.4,Regular,Retail
2025-09-12,SKU-10011,25,223.02,5575.5,2271.25,Regular,Retail
2025-09-12,SKU-10023,30,13.79,413.7,235.2,Promo,Online
2025-09-12,SKU-10039,12,192.68,2312.16,1401.72,Regular,Online
2025-09-12,SKU-10014,10,153.91,1539.1,852.6,Regular,Wholesale
2025-09-12,SKU-10055,13,145.9,1896.7,968.37,Regular,Wholesale
2025-09-12,SKU-10030,9,27.09,243.81,112.68,Regular,Online
2025-09-12,SKU-10057,11,214.98,2364.78,1422.52,Regular,Online
2025-09-12,SKU-10002,22,137.89,3033.58,1732.06,Regular,Wholesale
2025-09-12,SKU-10003,10,128.05,1280.5,570.6,Regular,Wholesale
2025-09-12,SKU-10045,17,154.01,2618.17,1556.69,Regular,Online
2025-09-12,SKU-10040,6,164.71,988.26,580.02,Regular,Online
2025-09-12,SKU-10051,10,42.43,424.3,142.6,Regular,Wholesale
2025-09-12,SKU-10037,4,190.58,762.32,367.2,Regular,Online
2025-09-12,SKU-10017,30,220.8,6624.0,2566.8,Regular,Retail
2025-09-12,SKU-10034,12,140.19,1682.28,936.12,Regular,Online
2025-09-12,SKU-10022,27,56.52,1526.04,742.5,Promo,Wholesale
2025-09-12,SKU-10047,25,140.15,3503.75,1457.25,Regular,Online
2025-09-12,SKU-10054,11,141.49,1556.39,607.97,Regular,Wholesale
2025-09-12,SKU-10009,23,137.61,3165.03,1264.54,Regular,Online
2025-09-12,SKU-10005,18,15.89,286.02,117.18,Regular,Online
2025-09-12,SKU-10012,13,76.59,995.67,364.26,Regular,Online
2025-09-12,SKU-10027,10,196.78,1967.8,630.3,Regular,Online
2025-09-12,SKU-10019,14,165.23,2313.22,1035.3,Regular,Online
2025-09-13,SKU-10060,12,188.09,2257.08,791.88,Regular,Wholesale
2025-09-13,SKU-10048,25,159.77,3994.25,1335.75,Regular,Wholesale
2025-09-13,SKU-10047,18,138.09,2485.62,1049.22,Regular,Retail
2025-09-13,SKU-10041,25,178.52,4463.0,2257.75,Regular,Online
2025-09-13,SKU-10037,21,184.61,3876.81,1927.8,Regular,Online
2025-09-13,SKU-10044,9,176.11,1584.99,973.44,Regular,Online
2025-09-13,SKU-10057,10,196.06,1960.6,1293.2,Promo,Online
2025-09-13,SKU-10018,22,140.95,3100.9,1219.68,Regular,Online
2025-09-13,SKU-10012,14,76.02,1064.28,392.28,Regular,Online
2025-09-13,SKU-10029,17,191.47,3254.99,1911.14,Regular,Online
2025-09-13,SKU-10007,17,203.85,3465.45,1539.86,Regular,Online
2025-09-13,SKU-10013,18,138.49,2492.82,1102.14,Regular,Retail
2025-09-13,SKU-10002,27,120.88,3263.76,2125.71,Promo,Retail
2025-09-13,SKU-10056,18,18.24,328.32,140.76,Regular,Wholesale
2025-09-13,SKU-10004,26,161.19,4190.94,1905.02,Regular,Wholesale
2025-09-13,SKU-10009,16,138.49,2215.84,879.68,Regular,Wholesale
2025-09-13,SKU-10046,12,81.13,973.56,656.16,Promo,Wholesale
2025-09-13,SKU-10010,16,69.42,1110.72,493.6,Regular,Retail
2025-09-13,SKU-10038,23,60.55,1392.65,867.33,Regular,Wholesale
2025-09-13,SKU-10034,23,130.45,3000.35,1794.23,Regular,Online
2025-09-13,SKU-10050,16,151.0,2416.0,1359.2,Regular,Wholesale
2025-09-13,SKU-10017,6,214.98,1289.88,513.36,Regular,Wholesale
2025-09-13,SKU-10020,5,43.93,219.65,90.2,Regular,Wholesale
2025-09-13,SKU-10028,24,32.33,775.92,290.64,Regular,Retail
2025-09-13,SKU-10053,20,76.56,1531.2,754.6,Regular,Retail
2025-09-13,SKU-10024,25,62.21,1555.25,642.5,Promo,Online
2025-09-13,SKU-10058,16,166.43,2662.88,1200.32,Regular,Retail
2025-09-13,SKU-10043,27,45.02,1215.54,656.64,Regular,Wholesale
2025-09-13,SKU-10008,29,46.77,1356.33,671.93,Regular,Online
2025-09-13,SKU-10005,6,14.84,89.04,39.06,Regular,Wholesale
2025-09-13,SKU-10051,9,44.87,403.83,128.34,Regular,Retail
2025-09-13,SKU-10042,16,213.32,3413.12,1493.76,Regular,Wholesale
2025-09-13,SKU-10059,5,36.33,181.65,77.8,Regular,Wholesale
2025-09-13,SKU-10015,23,175.8,4043.4,1374.94,Regular,Retail
2025-09-13,SKU-10030,8,25.84,206.72,100.16,Regular,Retail
2025-09-13,SKU-10023,29,15.87,460.23,227.36,Regular,Wholesale
2025-09-13,SKU-10055,19,148.41,2819.79,1415.31,Regular,Retail
2025-09-13,SKU-10001,31,8.73,270.63,91.45,Regular,Online
2025-09-13,SKU-10054,16,123.44,1975.04,884.32,Promo,Online
2025-09-13,SKU-10011,18,212.51,3825.18,1635.3,Regular,Retail
2025-09-13,SKU-10006,5,51.34,256.7,103.6,Regular,Wholesale
2025-09-13,SKU-10031,26,127.32,3310.32,1623.18,Regular,Online
2025-09-13,SKU-10026,25,121.23,3030.75,1639.5,Regular,Wholesale
2025-09-13,SKU-10021,23,133.3,3065.9,1267.3,Regular,Online
2025-09-14,SKU-10044,19,178.71,3395.49,2055.04,Regular,Retail
2025-09-14,SKU-10006,15,50.21,753.15,310.8,Regular,Retail
2025-09-14,SKU-10047,9,139.8,1258.2,524.61,Regular,Retail
2025-09-14,SKU-10048,13,160.22,2082.86,694.59,Regular,Online
2025-09-14,SKU-10060,24,187.87,4508.88,1583.76,Regular,Online
2025-09-14,SKU-10003,15,134.83,2022.45,855.9,Regular,Online
2025-09-14,SKU-10011,19,190.3,3615.7,1726.15,Promo,Online
2025-09-14,SKU-10045,21,133.17,2796.57,1922.97,Promo,Wholesale
2025-09-14,SKU-10043,30,44.17,1325.1,729.6,Regular,Wholesale
2025-09-14,SKU-10041,18,168.96,3041.28,1625.58,Regular,Wholesale
2025-09-14,SKU-10035,16,186.93,2990.88,1474.56,Regular,Wholesale
2025-09-14,SKU-10049,18,190.62,3431.16,1702.98,Promo,Retail
2025-09-14,SKU-10031,36,103.58,3728.88,2247.48,Promo,Online
2025-09-14,SKU-10056,18,18.69,336.42,140.76,Regular,Wholesale
2025-09-14,SKU-10005,10,15.33,153.3,65.1,Regular,Wholesale
2025-09-14,SKU-10014,20,145.96,2919.2,1705.2,Regular,Online
2025-09-14,SKU-10017,7,201.86,1413.02,598.92,Regular,Retail
2025-09-14,SKU-10034,10,134.02,1340.2,780.1,Regular,Retail
2025-09-14,SKU-10033,16,124.42,1990.72,1169.92,Promo,Online
2025-09-14,SKU-10007,10,205.41,2054.1,905.8,Regular,Retail
2025-09-14,SKU-10020,13,44.44,577.72,234.52,Regular,Retail
2025-09-14,SKU-10030,6,26.03,156.18,75.12,Regular,Online
2025-09-14,SKU-10053,13,60.66,788.58,490.49,Promo,Online
2025-09-14,SKU-10050,17,146.42,2489.14,1444.15,Regular,Online
2025-09-14,SKU-10059,14,36.12,505.68,217.84,Regular,Online
2025-09-14,SKU-10001,25,7.76,194.0,73.75,Promo,Online
2025-09-14,SKU-10019,15,171.25,2568.75,1109.25,Regular,Retail
2025-09-14,SKU-10054,14,149.81,2097.34,773.78,Regular,Retail
2025-09-14,SKU-10004,25,158.81,3970.25,1831.75,Regular,Wholesale
2025-09-14,SKU-10023,24,16.67,400.08,188.16,Regular,Wholesale
2025-09-14,SKU-10028,18,32.92,592.56,217.98,Regular,Retail
2025-09-14,SKU-10018,2,140.07,280.14,110.88,Regular,Retail
2025-09-14,SKU-10015,15,172.15,2582.25,896.7,Regular,Online
2025-09-14,SKU-10016,21,175.16,3678.36,1858.92,Regular,Retail
2025-09-14,SKU-10058,24,165.94,3982.56,1800.48,Regular,Online
2025-09-14,SKU-10027,2,162.06,324.12,126.06,Promo,Wholesale
2025-09-14,SKU-10021,26,141.46,3677.96,1432.6,Regular,Online
2025-09-14,SKU-10026,24,107.42,2578.08,1573.92,Promo,Retail
2025-09-14,SKU-10039,25,166.83,4170.75,2920.25,Promo,Retail
2025-09-14,SKU-10052,27,167.19,4514.13,1561.68,Regular,Wholesale
2025-09-14,SKU-10057,24,225.2,5404.8,3103.68,Regular,Wholesale
2025-09-14,SKU-10055,26,153.92,4001.92,1936.74,Regular,Online
2025-09-14,SKU-10013,27,135.13,3648.51,1653.21,Regular,Online
2025-09-14,SKU-10038,16,63.75,1020.0,603.36,Regular,Wholesale
2025-09-14,SKU-10002,20,144.73,2894.6,1574.6,Regular,Retail
2025-09-15,SKU-10021,25,135.96,3399.0,1377.5,Regular,Online
2025-09-15,SKU-10034,19,136.68,2596.92,1482.19,Regular,Retail
2025-09-15,SKU-10041,17,183.8,3124.6,1535.27,Regular,Wholesale
2025-09-15,SKU-10020,8,40.52,324.16,144.32,Regular,Retail
2025-09-15,SKU-10048,31,149.29,4627.99,1656.33,Regular,Online
2025-09-15,SKU-10038,11,58.76,646.36,414.81,Regular,Online
2025-09-15,SKU-10028,17,30.93,525.81,205.87,Regular,Retail
2025-09-15,SKU-10024,5,66.65,333.25,128.5,Promo,Wholesale
2025-09-15,SKU-10022,31,61.59,1909.29,852.5,Regular,Online
2025-09-15,SKU-10059,16,31.9,510.4,248.96,Promo,Retail
2025-09-15,SKU-10009,18,149.85,2697.3,989.64,Regular,Online
2025-09-15,SKU-10045,18,130.49,2348.82,1648.26,Promo,Online
2025-09-15,SKU-10047,17,150.73,2562.41,990.93,Regular,Wholesale
2025-09-15,SKU-10040,15,169.79,2546.85,1450.05,Regular,Retail
2025-09-15,SKU-10018,23,133.34,3066.82,1275.12,Regular,Online
2025-09-15,SKU-10005,15,14.75,221.25,97.65,Regular,Retail
2025-09-15,SKU-10030,9,27.49,247.41,112.68,Regular,Wholesale
2025-09-15,SKU-10049,18,180.82,3254.76,1702.98,Promo,Online
2025-09-15,SKU-10004,26,153.31,3986.06,1905.02,Regular,Online
2025-09-15,SKU-10010,16,72.93,1166.88,493.6,Regular,Wholesale
2025-09-15,SKU-10006,12,44.11,529.32,248.64,Promo,Retail
2025-09-15,SKU-10003,34,125.27,4259.18,1940.04,Regular,Online
2025-09-15,SKU-10031,21,128.28,2693.88,1311.03,Regular,Online
2025-09-15,SKU-10052,2,149.78,299.56,115.68,Promo,Retail
2025-09-15,SKU-10033,22,133.51,2937.22,1608.64,Regular,Online
2025-09-15,SKU-10013,13,133.91,1740.83,795.99,Regular,Wholesale
2025-09-15,SKU-10029,12,192.05,2304.6,1349.04,Regular,Retail
2025-09-15,SKU-10027,20,150.89,3017.8,1260.6,Promo,Retail
2025-09-15,SKU-10023,29,16.8,487.2,227.36,Regular,Online
2025-09-15,SKU-10001,13,8.68,112.84,38.35,Regular,Wholesale
2025-09-15,SKU-10016,7,181.52,1270.64,619.64,Regular,Wholesale
2025-09-15,SKU-10032,16,73.17,1170.72,543.68,Regular,Wholesale
2025-09-15,SKU-10053,18,72.82,1310.76,679.14,Regular,Wholesale
2025-09-15,SKU-10058,26,168.5,4381.0,1950.52,Regular,Wholesale
2025-09-15,SKU-10051,22,45.04,990.88,313.72,Regular,Wholesale
2025-09-15,SKU-10015,18,163.63,2945.34,1076.04,Regular,Retail
2025-09-15,SKU-10011,20,214.14,4282.8,1817.0,Regular,Wholesale
2025-09-15,SKU-10017,22,216.3,4758.6,1882.32,Regular,Online
2025-09-15,SKU-10056,11,18.24,200.64,86.02,Regular,Online
2025-09-15,SKU-10037,17,185.92,3160.64,1560.6,Regular,Wholesale
2025-09-15,SKU-10036,12,93.28,1119.36,648.36,Regular,Retail
2025-09-15,SKU-10025,11,51.08,561.88,201.19,Regular,Online
2025-09-15,SKU-10055,23,152.14,3499.22,1713.27,Regular,Wholesale
2025-09-15,SKU-10039,10,204.08,2040.8,1168.1,Regular,Retail
2025-09-15,SKU-10008,18,49.78,896.04,417.06,Regular,Retail
2025-09-16,SKU-10028,6,30.04,180.24,72.66,Regular,Wholesale
2025-09-16,SKU-10045,19,153.89,2923.91,1739.83,Regular,Wholesale
2025-09-16,SKU-10003,16,129.56,2072.96,912.96,Regular,Retail
2025-09-16,SKU-10034,25,137.34,3433.5,1950.25,Regular,Wholesale
2025-09-16,SKU-10044,18,177.76,3199.68,1946.88,Regular,Wholesale
2025-09-16,SKU-10006,11,42.01,462.11,227.92,Promo,Online
2025-09-16,SKU-10016,18,183.36,3300.48,1593.36,Regular,Wholesale
2025-09-16,SKU-10057,28,223.97,6271.16,3620.96,Regular,Retail
2025-09-16,SKU-10015,16,174.07,2785.12,956.48,Regular,Retail
2025-09-16,SKU-10007,29,217.09,6295.61,2626.82,Regular,Online
2025-09-16,SKU-10037,2,189.0,378.0,183.6,Regular,Online
2025-09-16,SKU-10011,9,223.91,2015.19,817.65,Regular,Wholesale
2025-09-16,SKU-10059,16,35.02,560.32,248.96,Regular,Wholesale
2025-09-16,SKU-10031,23,124.51,2863.73,1435.89,Regular,Retail
2025-09-16,SKU-10030,31,26.33,816.23,388.12,Regular,Retail
2025-09-16,SKU-10051,13,44.01,572.13,185.38,Regular,Retail
2025-09-16,SKU-10027,18,188.21,3387.78,1134.54,Regular,Wholesale
2025-09-16,SKU-10013,14,128.54,1799.56,857.22,Regular,Online
2025-09-16,SKU-10022,13,53.31,693.03,357.5,Promo,Online
2025-09-16,SKU-10029,5,193.8,969.0,562.1,Regular,Retail
2025-09-16,SKU-10005,5,14.74,73.7,32.55,Regular,Online
2025-09-16,SKU-10054,17,148.41,2522.97,939.59,Regular,Online
2025-09-16,SKU-10040,27,175.18,4729.86,2610.09,Regular,Online
2025-09-16,SKU-10050,14,150.91,2112.74,1189.3,Regular,Online
2025-09-16,SKU-10039,23,154.88,3562.24,2686.63,Promo,Retail
2025-09-16,SKU-10026,14,117.9,1650.6,918.12,Regular,Wholesale
2025-09-16,SKU-10019,20,159.97,3199.4,1479.0,Regular,Retail
2025-09-16,SKU-10056,15,19.22,288.3,117.3,Regular,Wholesale
2025-09-16,SKU-10001,25,8.22,205.5,73.75,Promo,Wholesale
2025-09-16,SKU-10023,38,16.11,612.18,297.92,Regular,Wholesale
2025-09-16,SKU-10010,16,74.82,1197.12,493.6,Regular,Online
2025-09-16,SKU-10058,3,145.82,437.46,225.06,Promo,Retail
2025-09-16,SKU-10053,18,76.0,1368.0,679.14,Regular,Wholesale
2025-09-16,SKU-10060,8,191.42,1531.36,527.92,Regular,Online
2025-09-16,SKU-10049,21,190.5,4000.5,1986.81,Promo,Retail
2025-09-16,SKU-10009,9,141.64,1274.76,494.82,Regular,Wholesale
2025-09-16,SKU-10041,6,178.03,1068.18,541.86,Regular,Retail
2025-09-16,SKU-10048,37,161.57,5978.09,1976.91,Regular,Online
2025-09-16,SKU-10025,15,50.21,753.15,274.35,Regular,Retail
2025-09-16,SKU-10014,14,145.23,2033.22,1193.64,Regular,Wholesale
2025-09-16,SKU-10024,17,78.93,1341.81,436.9,Regular,Wholesale
2025-09-16,SKU-10033,22,139.02,3058.44,1608.64,Regular,Retail
2025-09-16,SKU-10032,21,72.16,1515.36,713.58,Regular,Online
2025-09-16,SKU-10021,14,145.24,2033.36,771.4,Regular,Retail
2025-09-17,SKU-10048,10,162.51,1625.1,534.3,Regular,Retail
2025-09-17,SKU-10027,21,183.09,3844.89,1323.63,Regular,Retail
2025-09-17,SKU-10022,18,65.44,1177.92,495.0,Regular,Online
2025-09-17,SKU-10008,21,44.23,928.83,486.57,Promo,Wholesale
2025-09-17,SKU-10004,12,140.0,1680.0,879.24,Promo,Retail
2025-09-17,SKU-10006,6,40.36,242.16,124.32,Promo,Online
2025-09-17,SKU-10034,8,109.43,875.44,624.08,Promo,Wholesale
2025-09-17,SKU-10038,7,63.66,445.62,263.97,Regular,Retail
2025-09-17,SKU-10043,24,47.16,1131.84,583.68,Regular,Retail
2025-09-17,SKU-10010,8,69.67,557.36,246.8,Regular,Retail
2025-09-17,SKU-10060,9,199.14,1792.26,593.91,Regular,Online
2025-09-17,SKU-10041,22,179.45,3947.9,1986.82,Regular,Wholesale
2025-09-17,SKU-10025,7,52.63,368.41,128.03,Regular,Wholesale
2025-09-17,SKU-10002,11,138.85,1527.35,866.03,Regular,Wholesale
2025-09-17,SKU-10045,19,135.83,2580.77,1739.83,Promo,Online
2025-09-17,SKU-10020,13,34.13,443.69,234.52,Promo,Online
2025-09-17,SKU-10016,24,184.64,4431.36,2124.48,Regular,Online
2025-09-17,SKU-10012,26,80.23,2085.98,728.52,Regular,Wholesale
2025-09-17,SKU-10023,21,16.58,348.18,164.64,Regular,Online
2025-09-17,SKU-10033,19,145.96,2773.24,1389.28,Regular,Online
2025-09-17,SKU-10055,18,152.8,2750.4,1340.82,Regular,Wholesale
2025-09-17,SKU-10036,15,94.0,1410.0,810.45,Regular,Wholesale
2025-09-17,SKU-10003,17,123.11,2092.87,970.02,Regular,Online
2025-09-17,SKU-10032,11,75.93,835.23,373.78,Regular,Wholesale
2025-09-17,SKU-10013,21,135.06,2836.26,1285.83,Regular,Wholesale
2025-09-17,SKU-10035,30,194.3,5829.0,2764.8,Regular,Wholesale
2025-09-17,SKU-10042,17,222.1,3775.7,1587.12,Regular,Retail
2025-09-17,SKU-10058,7,159.11,1113.77,525.14,Regular,Wholesale
2025-09-17,SKU-10037,17,183.22,3114.74,1560.6,Regular,Retail
2025-09-17,SKU-10050,9,136.27,1226.43,764.55,Promo,Retail
2025-09-17,SKU-10018,19,122.93,2335.67,1053.36,Promo,Wholesale
2025-09-17,SKU-10011,21,210.46,4419.66,1907.85,Regular,Online
2025-09-17,SKU-10052,21,161.65,3394.65,1214.64,Regular,Retail
2025-09-17,SKU-10029,22,198.75,4372.5,2473.24,Regular,Online
2025-09-17,SKU-10030,17,26.98,458.66,212.84,Regular,Online
2025-09-17,SKU-10040,16,146.64,2346.24,1546.72,Promo,Online
2025-09-17,SKU-10046,8,97.71,781.68,437.44,Regular,Wholesale
2025-09-17,SKU-10005,12,15.52,186.24,78.12,Regular,Online
2025-09-17,SKU-10053,18,76.63,1379.34,679.14,Regular,Retail
2025-09-17,SKU-10009,16,149.43,2390.88,879.68,Regular,Wholesale
2025-09-17,SKU-10044,18,188.67,3396.06,1946.88,Regular,Online
2025-09-17,SKU-10039,7,195.16,1366.12,817.67,Regular,Retail
2025-09-17,SKU-10028,19,31.61,600.59,230.09,Regular,Retail
2025-09-17,SKU-10047,28,139.1,3894.8,1632.12,Regular,Wholesale
2025-09-18,SKU-10007,16,203.54,3256.64,1449.28,Regular,Retail
2025-09-18,SKU-10044,13,175.39,2280.07,1406.08,Regular,Online
2025-09-18,SKU-10054,16,144.5,2312.0,884.32,Regular,Online
2025-09-18,SKU-10060,17,193.54,3290.18,1121.83,Regular,Wholesale
2025-09-18,SKU-10034,28,131.82,3690.96,2184.28,Regular,Wholesale
2025-09-18,SKU-10051,17,43.79,744.43,242.42,Regular,Online
2025-09-18,SKU-10033,21,133.52,2803.92,1535.52,Regular,Wholesale
2025-09-18,SKU-10012,15,63.2,948.0,420.3,Promo,Retail
2025-09-18,SKU-10043,26,46.4,1206.4,632.32,Regular,Online
2025-09-18,SKU-10058,9,162.47,1462.23,675.18,Regular,Retail
2025-09-18,SKU-10059,22,31.23,687.06,342.32,Promo,Online
2025-09-18,SKU-10050,15,159.85,2397.75,1274.25,Regular,Online
2025-09-18,SKU-10004,19,157.82,2998.58,1392.13,Regular,Wholesale
2025-09-18,SKU-10023,12,13.23,158.76,94.08,Promo,Online
2025-09-18,SKU-10010,20,74.92,1498.4,617.0,Regular,Online
2025-09-18,SKU-10032,16,64.36,1029.76,543.68,Promo,Retail
2025-09-18,SKU-10005,18,12.47,224.46,117.18,Promo,Retail
2025-09-18,SKU-10031,17,126.46,2149.82,1061.31,Regular,Retail
2025-09-18,SKU-10036,25,92.09,2302.25,1350.75,Regular,Online
2025-09-18,SKU-10046,29,88.1,2554.9,1585.72,Promo,Retail
2025-09-18,SKU-10002,4,135.56,542.24,314.92,Regular,Wholesale
2025-09-18,SKU-10041,20,180.75,3615.0,1806.2,Regular,Retail
2025-09-18,SKU-10052,18,171.71,3090.78,1041.12,Regular,Online
2025-09-18,SKU-10013,21,103.94,2182.74,1285.83,Promo,Online
2025-09-18,SKU-10014,25,151.22,3780.5,2131.5,Regular,Wholesale
2025-09-18,SKU-10018,10,139.94,1399.4,554.4,Regular,Wholesale
2025-09-18,SKU-10024,20,75.35,1507.0,514.0,Regular,Retail
2025-09-18,SKU-10026,12,116.54,1398.48,786.96,Regular,Online
2025-09-18,SKU-10001,8,9.02,72.16,23.6,Regular,Retail
2025-09-18,SKU-10042,16,206.33,3301.28,1493.76,Regular,Online
2025-09-18,SKU-10030,12,26.74,320.88,150.24,Regular,Wholesale
2025-09-18,SKU-10011,22,209.64,4612.08,1998.7,Regular,Retail
2025-09-18,SKU-10039,17,198.14,3368.38,1985.77,Regular,Online
2025-09-18,SKU-10022,23,55.97,1287.31,632.5,Promo,Online
2025-09-18,SKU-10047,18,142.99,2573.82,1049.22,Regular,Wholesale
2025-09-18,SKU-10020,16,34.99,559.84,288.64,Promo,Wholesale
2025-09-18,SKU-10038,18,59.0,1062.0,678.78,Regular,Retail
2025-09-18,SKU-10019,23,152.63,3510.49,1700.85,Promo,Online
2025-09-18,SKU-10006,18,41.13,740.34,372.96,Promo,Retail
2025-09-18,SKU-10049,16,235.77,3772.32,1513.76,Regular,Online
2025-09-18,SKU-10045,4,158.81,635.24,366.28,Regular,Retail
2025-09-18,SKU-10008,13,48.25,627.25,301.21,Regular,Wholesale
2025-09-18,SKU-10029,10,199.96,1999.6,1124.2,Regular,Wholesale
2025-09-18,SKU-10016,29,173.97,5045.13,2567.08,Regular,Wholesale
2025-09-18,SKU-10048,21,151.33,3177.93,1122.03,Regular,Wholesale
2025-09-19,SKU-10017,2,204.39,408.78,171.12,Regular,Wholesale
2025-09-19,SKU-10050,19,152.18,2891.42,1614.05,Regular,Retail
2025-09-19,SKU-10015,19,155.21,2948.99,1135.82,Promo,Retail
2025-09-19,SKU-10038,14,63.49,888.86,527.94,Regular,Online
2025-09-19,SKU-10019,8,167.0,1336.0,591.6,Regular,Online
2025-09-19,SKU-10016,24,169.78,4074.72,2124.48,Regular,Wholesale
2025-09-19,SKU-10059,24,30.67,736.08,373.44,Promo,Online
2025-09-19,SKU-10014,15,143.69,2155.35,1278.9,Regular,Retail
2025-09-19,SKU-10048,5,161.25,806.25,267.15,Regular,Retail
2025-09-19,SKU-10025,30,42.41,1272.3,548.7,Promo,Online
2025-09-19,SKU-10043,19,43.86,833.34,462.08,Regular,Wholesale
2025-09-19,SKU-10009,12,150.54,1806.48,659.76,Regular,Wholesale
2025-09-19,SKU-10012,8,82.07,656.56,224.16,Regular,Online
2025-09-19,SKU-10005,24,15.04,360.96,156.24,Regular,Wholesale
2025-09-19,SKU-10052,19,159.38,3028.22,1098.96,Regular,Wholesale
2025-09-19,SKU-10026,15,119.94,1799.1,983.7,Regular,Retail
2025-09-19,SKU-10027,22,182.73,4020.06,1386.66,Regular,Online
2025-09-19,SKU-10036,6,88.1,528.6,324.18,Regular,Wholesale
2025-09-19,SKU-10001,12,8.89,106.68,35.4,Regular,Retail
2025-09-19,SKU-10035,10,194.13,1941.3,921.6,Regular,Online
2025-09-19,SKU-10002,22,140.24,3085.28,1732.06,Regular,Retail
2025-09-19,SKU-10031,21,122.05,2563.05,1311.03,Regular,Online
2025-09-19,SKU-10056,25,17.98,449.5,195.5,Regular,Wholesale
2025-09-19,SKU-10045,18,120.98,2177.64,1648.26,Promo,Online
2025-09-19,SKU-10007,18,199.48,3590.64,1630.44,Regular,Wholesale
2025-09-19,SKU-10058,11,138.58,1524.38,825.22,Promo,Retail
2025-09-19,SKU-10053,9,63.1,567.9,339.57,Promo,Online
2025-09-19,SKU-10013,14,131.27,1837.78,857.22,Regular,Online
2025-09-19,SKU-10003,13,113.12,1470.56,741.78,Promo,Wholesale
2025-09-19,SKU-10055,18,149.8,2696.4,1340.82,Regular,Wholesale
2025-09-19,SKU-10057,22,185.21,4074.62,2845.04,Promo,Wholesale
2025-09-19,SKU-10044,21,188.98,3968.58,2271.36,Regular,Online
2025-09-19,SKU-10033,29,113.69,3297.01,2120.48,Promo,Retail
2025-09-19,SKU-10004,13,155.65,2023.45,952.51,Regular,Online
2025-09-19,SKU-10029,22,165.69,3645.18,2473.24,Promo,Online
2025-09-19,SKU-10021,13,110.48,1436.24,716.3,Promo,Wholesale
2025-09-19,SKU-10011,21,212.39,4460.19,1907.85,Regular,Wholesale
2025-09-19,SKU-10060,14,171.64,2402.96,923.86,Promo,Wholesale
2025-09-19,SKU-10037,21,182.39,3830.19,1927.8,Regular,Online
2025-09-19,SKU-10006,19,50.83,965.77,393.68,Regular,Wholesale
2025-09-19,SKU-10047,16,140.98,2255.68,932.64,Regular,Online
2025-09-19,SKU-10024,20,79.54,1590.8,514.0,Regular,Retail
2025-09-19,SKU-10034,21,139.94,2938.74,1638.21,Regular,Wholesale
2025-09-19,SKU-10008,19,49.34,937.46,440.23,Regular,Online
2025-09-19,SKU-10022,11,58.19,640.09,302.5,Promo,Wholesale
2025-09-20,SKU-10045,20,155.24,3104.8,1831.4,Regular,Retail
2025-09-20,SKU-10028,30,26.52,795.6,363.3,Promo,Retail
2025-09-20,SKU-10019,1,163.12,163.12,73.95,Regular,Online
2025-09-20,SKU-10020,26,44.75,1163.5,469.04,Regular,Wholesale
2025-09-20,SKU-10005,20,16.0,320.0,130.2,Regular,Wholesale
2025-09-20,SKU-10041,16,171.98,2751.68,1444.96,Regular,Online
2025-09-20,SKU-10018,11,136.16,1497.76,609.84,Regular,Retail
2025-09-20,SKU-10004,25,151.02,3775.5,1831.75,Regular,Retail
2025-09-20,SKU-10025,13,51.95,675.35,237.77,Regular,Wholesale
2025-09-20,SKU-10046,24,89.68,2152.32,1312.32,Promo,Wholesale
2025-09-20,SKU-10029,27,192.13,5187.51,3035.34,Regular,Online
2025-09-20,SKU-10016,27,156.48,4224.96,2390.04,Promo,Wholesale
2025-09-20,SKU-10032,11,74.43,818.73,373.78,Regular,Retail
2025-09-20,SKU-10057,12,211.54,2538.48,1551.84,Regular,Wholesale
2025-09-20,SKU-10053,15,62.71,940.65,565.95,Promo,Wholesale
2025-09-20,SKU-10001,13,9.13,118.69,38.35,Regular,Retail
2025-09-20,SKU-10006,20,50.43,1008.6,414.4,Regular,Wholesale
2025-09-20,SKU-10059,14,33.61,470.54,217.84,Regular,Wholesale
2025-09-20,SKU-10055,10,143.96,1439.6,744.9,Regular,Retail
2025-09-20,SKU-10022,23,51.25,1178.75,632.5,Promo,Wholesale
2025-09-20,SKU-10012,13,80.2,1042.6,364.26,Regular,Online
2025-09-20,SKU-10007,8,198.05,1584.4,724.64,Regular,Retail
2025-09-20,SKU-10024,13,78.46,1019.98,334.1,Regular,Online
2025-09-20,SKU-10036,26,88.37,2297.62,1404.78,Regular,Wholesale
2025-09-20,SKU-10009,4,142.87,571.48,219.92,Regular,Online
2025-09-20,SKU-10054,23,151.61,3487.03,1271.21,Regular,Wholesale
2025-09-20,SKU-10017,13,206.51,2684.63,1112.28,Regular,Retail
2025-09-20,SKU-10010,20,69.46,1389.2,617.0,Regular,Wholesale
2025-09-20,SKU-10039,7,203.57,1424.99,817.67,Regular,Online
2025-09-20,SKU-10040,31,163.94,5082.14,2996.77,Regular,Online
2025-09-20,SKU-10037,25,182.27,4556.75,2295.0,Regular,Online
2025-09-20,SKU-10035,9,187.67,1689.03,829.44,Regular,Wholesale
2025-09-20,SKU-10013,16,134.5,2152.0,979.68,Regular,Retail
2025-09-20,SKU-10060,23,170.92,3931.16,1517.77,Promo,Retail
2025-09-20,SKU-10058,19,162.96,3096.24,1425.38,Regular,Wholesale
2025-09-20,SKU-10008,14,51.01,714.14,324.38,Regular,Online
2025-09-20,SKU-10042,16,213.11,3409.76,1493.76,Regular,Wholesale
2025-09-20,SKU-10011,23,223.2,5133.6,2089.55,Regular,Online
2025-09-20,SKU-10050,17,151.47,2574.99,1444.15,Regular,Wholesale
2025-09-20,SKU-10026,31,119.1,3692.1,2032.98,Regular,Retail
2025-09-20,SKU-10015,22,178.65,3930.3,1315.16,Regular,Online
2025-09-20,SKU-10034,30,132.65,3979.5,2340.3,Regular,Retail
2025-09-20,SKU-10048,25,161.76,4044.0,1335.75,Regular,Wholesale
2025-09-20,SKU-10033,8,137.48,1099.84,584.96,Regular,Retail
2025-09-20,SKU-10002,14,115.69,1619.66,1102.22,Promo,Retail
2025-09-21,SKU-10060,13,189.28,2460.64,857.87,Regular,Retail
2025-09-21,SKU-10054,19,152.95,2906.05,1050.13,Regular,Wholesale
2025-09-21,SKU-10053,14,74.18,1038.52,528.22,Regular,Retail
2025-09-21,SKU-10003,14,131.59,1842.26,798.84,Regular,Online
2025-09-21,SKU-10026,13,113.55,1476.15,852.54,Regular,Online
2025-09-21,SKU-10050,26,149.58,3889.08,2208.7,Regular,Online
2025-09-21,SKU-10017,11,210.37,2314.07,941.16,Regular,Wholesale
2025-09-21,SKU-10036,24,90.94,2182.56,1296.72,Regular,Retail
2025-09-21,SKU-10031,19,130.7,2483.3,1186.17,Regular,Online
2025-09-21,SKU-10059,20,33.31,666.2,311.2,Regular,Wholesale
2025-09-21,SKU-10051,25,44.17,1104.25,356.5,Regular,Retail
2025-09-21,SKU-10023,25,16.87,421.75,196.0,Regular,Wholesale
2025-09-21,SKU-10007,27,177.35,4788.45,2445.66,Promo,Online
2025-09-21,SKU-10057,5,188.36,941.8,646.6,Promo,Online
2025-09-21,SKU-10018,19,121.05,2299.95,1053.36,Promo,Retail
2025-09-21,SKU-10013,14,132.02,1848.28,857.22,Regular,Wholesale
2025-09-21,SKU-10041,22,170.75,3756.5,1986.82,Regular,Retail
2025-09-21,SKU-10040,14,162.32,2272.48,1353.38,Regular,Retail
2025-09-21,SKU-10006,7,49.02,343.14,145.04,Regular,Online
2025-09-21,SKU-10012,23,71.9,1653.7,644.46,Promo,Wholesale
2025-09-21,SKU-10025,18,53.12,956.16,329.22,Regular,Retail
2025-09-21,SKU-10055,19,129.35,2457.65,1415.31,Promo,Online
2025-09-21,SKU-10020,24,42.71,1025.04,432.96,Regular,Wholesale
2025-09-21,SKU-10030,27,27.89,753.03,338.04,Regular,Retail
2025-09-21,SKU-10015,20,180.19,3603.8,1195.6,Regular,Retail
2025-09-21,SKU-10045,30,159.05,4771.5,2747.1,Regular,Online
2025-09-21,SKU-10033,5,139.74,698.7,365.6,Regular,Retail
2025-09-21,SKU-10052,23,163.49,3760.27,1330.32,Regular,Retail
2025-09-21,SKU-10004,19,154.38,2933.22,1392.13,Regular,Retail
2025-09-21,SKU-10038,5,61.3,306.5,188.55,Regular,Online
2025-09-21,SKU-10034,27,137.11,3701.97,2106.27,Regular,Retail
2025-09-21,SKU-10047,21,149.08,3130.68,1224.09,Regular,Wholesale
2025-09-21,SKU-10046,21,100.71,2114.91,1148.28,Regular,Wholesale
2025-09-21,SKU-10002,23,146.23,3363.29,1810.79,Regular,Online
2025-09-21,SKU-10044,16,158.85,2541.6,1730.56,Promo,Online
2025-09-21,SKU-10027,17,160.66,2731.22,1071.51,Promo,Retail
2025-09-21,SKU-10048,34,150.38,5112.92,1816.62,Regular,Retail
2025-09-21,SKU-10037,29,167.54,4858.66,2662.2,Promo,Wholesale
2025-09-21,SKU-10005,10,15.82,158.2,65.1,Regular,Wholesale
2025-09-21,SKU-10009,10,136.79,1367.9,549.8,Regular,Retail
2025-09-21,SKU-10016,24,173.86,4172.64,2124.48,Regular,Online
2025-09-21,SKU-10049,13,216.64,2816.32,1229.93,Regular,Online
2025-09-21,SKU-10001,20,8.64,172.8,59.0,Regular,Retail
2025-09-21,SKU-10019,28,169.45,4744.6,2070.6,Regular,Wholesale
2025-09-21,SKU-10058,27,165.09,4457.43,2025.54,Regular,Wholesale
2025-09-22,SKU-10040,35,153.27,5364.45,3383.45,Promo,Retail
2025-09-22,SKU-10042,25,221.94,5548.5,2334.0,Regular,Wholesale
2025-09-22,SKU-10006,17,53.72,913.24,352.24,Regular,Online
2025-09-22,SKU-10020,5,42.24,211.2,90.2,Regular,Wholesale
2025-09-22,SKU-10017,11,222.7,2449.7,941.16,Regular,Online
2025-09-22,SKU-10047,2,122.51,245.02,116.58,Promo,Online
2025-09-22,SKU-10024,23,74.86,1721.78,591.1,Regular,Online
2025-09-22,SKU-10053,18,76.72,1380.96,679.14,Regular,Online
2025-09-22,SKU-10016,6,181.49,1088.94,531.12,Regular,Wholesale
2025-09-22,SKU-10026,9,114.61,1031.49,590.22,Regular,Retail
2025-09-22,SKU-10049,22,224.07,4929.54,2081.42,Regular,Wholesale
2025-09-22,SKU-10003,9,127.67,1149.03,513.54,Regular,Wholesale
2025-09-22,SKU-10023,33,16.63,548.79,258.72,Regular,Wholesale
2025-09-22,SKU-10002,14,136.61,1912.54,1102.22,Regular,Retail
2025-09-22,SKU-10014,13,143.43,1864.59,1108.38,Regular,Wholesale
2025-09-22,SKU-10021,26,133.82,3479.32,1432.6,Regular,Online
2025-09-22,SKU-10018,14,132.27,1851.78,776.16,Regular,Wholesale
2025-09-22,SKU-10032,11,77.3,850.3,373.78,Regular,Wholesale
2025-09-22,SKU-10059,12,35.01,420.12,186.72,Regular,Retail
2025-09-22,SKU-10015,13,176.05,2288.65,777.14,Regular,Retail
2025-09-22,SKU-10027,5,180.89,904.45,315.15,Regular,Wholesale
2025-09-22,SKU-10034,26,136.16,3540.16,2028.26,Regular,Online
2025-09-22,SKU-10022,14,66.07,924.98,385.0,Regular,Online
2025-09-22,SKU-10050,20,148.58,2971.6,1699.0,Regular,Online
2025-09-22,SKU-10060,14,196.78,2754.92,923.86,Regular,Retail
2025-09-22,SKU-10031,13,107.22,1393.86,811.59,Promo,Retail
2025-09-22,SKU-10037,28,193.01,5404.28,2570.4,Regular,Online
2025-09-22,SKU-10055,22,149.84,3296.48,1638.78,Regular,Wholesale
2025-09-22,SKU-10009,15,140.03,2100.45,824.7,Regular,Wholesale
2025-09-22,SKU-10030,21,23.93,502.53,262.92,Promo,Online
2025-09-22,SKU-10004,13,132.32,1720.16,952.51,Promo,Retail
2025-09-22,SKU-10012,33,65.57,2163.81,924.66,Promo,Online
2025-09-22,SKU-10001,10,8.67,86.7,29.5,Regular,Retail
2025-09-22,SKU-10045,21,127.81,2684.01,1922.97,Promo,Wholesale
2025-09-22,SKU-10044,22,189.86,4176.92,2379.52,Regular,Wholesale
2025-09-22,SKU-10056,13,14.91,193.83,101.66,Promo,Wholesale
2025-09-22,SKU-10025,15,48.84,732.6,274.35,Regular,Retail
2025-09-22,SKU-10033,11,141.0,1551.0,804.32,Regular,Wholesale
2025-09-22,SKU-10008,25,51.19,1279.75,579.25,Regular,Retail
2025-09-22,SKU-10051,31,39.62,1228.22,442.06,Promo,Retail
2025-09-22,SKU-10011,25,227.01,5675.25,2271.25,Regular,Online
2025-09-22,SKU-10019,20,160.88,3217.6,1479.0,Regular,Online
2025-09-22,SKU-10039,14,169.93,2379.02,1635.34,Promo,Wholesale
2025-09-22,SKU-10043,21,45.42,953.82,510.72,Regular,Wholesale
2025-09-22,SKU-10058,9,163.89,1475.01,675.18,Regular,Retail
2025-09-23,SKU-10050,17,161.16,2739.72,1444.15,Regular,Online
2025-09-23,SKU-10003,8,132.26,1058.08,456.48,Regular,Wholesale
2025-09-23,SKU-10023,23,16.16,371.68,180.32,Regular,Retail
2025-09-23,SKU-10053,22,71.0,1562.0,830.06,Regular,Wholesale
2025-09-23,SKU-10002,30,140.9,4227.0,2361.9,Regular,Online
2025-09-23,SKU-10019,27,162.29,4381.83,1996.65,Regular,Online
2025-09-23,SKU-10055,24,132.09,3170.16,1787.76,Promo,Retail
2025-09-23,SKU-10012,14,78.29,1096.06,392.28,Regular,Online
2025-09-23,SKU-10032,21,76.37,1603.77,713.58,Regular,Wholesale
2025-09-23,SKU-10018,21,142.68,2996.28,1164.24,Regular,Online
2025-09-23,SKU-10056,19,18.59,353.21,148.58,Regular,Wholesale
2025-09-23,SKU-10034,17,133.94,2276.98,1326.17,Regular,Wholesale
2025-09-23,SKU-10014,23,142.67,3281.41,1960.98,Regular,Retail
2025-09-23,SKU-10058,10,134.65,1346.5,750.2,Promo,Wholesale
2025-09-23,SKU-10052,20,171.38,3427.6,1156.8,Regular,Online
2025-09-23,SKU-10027,27,189.97,5129.19,1701.81,Regular,Wholesale
2025-09-23,SKU-10057,14,230.67,3229.38,1810.48,Regular,Wholesale
2025-09-23,SKU-10060,16,191.3,3060.8,1055.84,Regular,Online
2025-09-23,SKU-10038,2,50.74,101.48,75.42,Promo,Wholesale
2025-09-23,SKU-10059,11,36.18,397.98,171.16,Regular,Online
2025-09-23,SKU-10047,12,145.16,1741.92,699.48,Regular,Wholesale
2025-09-23,SKU-10015,22,176.6,3885.2,1315.16,Regular,Online
2025-09-23,SKU-10044,13,176.29,2291.77,1406.08,Regular,Wholesale
2025-09-23,SKU-10030,16,23.52,376.32,200.32,Promo,Online
2025-09-23,SKU-10009,17,148.58,2525.86,934.66,Regular,Online
2025-09-23,SKU-10051,7,45.46,318.22,99.82,Regular,Retail
2025-09-23,SKU-10004,10,149.56,1495.6,732.7,Regular,Wholesale
2025-09-23,SKU-10039,26,202.19,5256.94,3037.06,Regular,Online
2025-09-23,SKU-10006,25,49.08,1227.0,518.0,Regular,Online
2025-09-23,SKU-10021,5,137.52,687.6,275.5,Regular,Online
2025-09-23,SKU-10046,13,103.27,1342.51,710.84,Regular,Wholesale
2025-09-23,SKU-10020,12,35.54,426.48,216.48,Promo,Online
2025-09-23,SKU-10007,18,204.49,3680.82,1630.44,Regular,Online
2025-09-23,SKU-10001,28,9.26,259.28,82.6,Regular,Wholesale
2025-09-23,SKU-10013,13,129.56,1684.28,795.99,Regular,Wholesale
2025-09-23,SKU-10045,11,153.7,1690.7,1007.27,Regular,Wholesale
2025-09-23,SKU-10036,20,88.76,1775.2,1080.6,Regular,Wholesale
2025-09-23,SKU-10029,26,199.81,5195.06,2922.92,Regular,Retail
2025-09-23,SKU-10040,21,149.52,3139.92,2030.07,Promo,Online
2025-09-23,SKU-10008,15,48.06,720.9,347.55,Regular,Retail
2025-09-23,SKU-10011,16,217.67,3482.72,1453.6,Regular,Retail
2025-09-23,SKU-10017,8,213.85,1710.8,684.48,Regular,Wholesale
2025-09-23,SKU-10043,19,47.62,904.78,462.08,Regular,Retail
2025-09-23,SKU-10041,20,185.08,3701.6,1806.2,Regular,Online
2025-09-24,SKU-10022,19,60.59,1151.21,522.5,Regular,Retail
2025-09-24,SKU-10010,31,70.72,2192.32,956.35,Regular,Wholesale
2025-09-24,SKU-10051,10,36.44,364.4,142.6,Promo,Wholesale
2025-09-24,SKU-10047,14,138.09,1933.26,816.06,Regular,Retail
2025-09-24,SKU-10016,15,183.75,2756.25,1327.8,Regular,Online
2025-09-24,SKU-10007,22,202.65,4458.3,1992.76,Regular,Retail
2025-09-24,SKU-10054,20,149.8,2996.0,1105.4,Regular,Wholesale
2025-09-24,SKU-10031,14,121.79,1705.06,874.02,Regular,Online
2025-09-24,SKU-10003,1,129.88,129.88,57.06,Regular,Retail
2025-09-24,SKU-10038,17,61.99,1053.83,641.07,Regular,Wholesale
2025-09-24,SKU-10033,32,116.21,3718.72,2339.84,Promo,Wholesale
2025-09-24,SKU-10021,14,134.52,1883.28,771.4,Regular,Online
2025-09-24,SKU-10005,28,15.86,444.08,182.28,Regular,Wholesale
2025-09-24,SKU-10056,33,17.47,576.51,258.06,Regular,Retail
2025-09-24,SKU-10015,13,177.37,2305.81,777.14,Regular,Retail
2025-09-24,SKU-10017,20,220.92,4418.4,1711.2,Regular,Retail
2025-09-24,SKU-10042,21,215.29,4521.09,1960.56,Regular,Online
2025-09-24,SKU-10012,28,71.84,2011.52,784.56,Promo,Wholesale
2025-09-24,SKU-10055,23,148.17,3407.91,1713.27,Regular,Wholesale
2025-09-24,SKU-10025,11,51.24,563.64,201.19,Regular,Online
2025-09-24,SKU-10001,8,8.76,70.08,23.6,Regular,Wholesale
2025-09-24,SKU-10029,12,187.43,2249.16,1349.04,Regular,Online
2025-09-24,SKU-10027,5,160.33,801.65,315.15,Promo,Online
2025-09-24,SKU-10040,17,163.85,2785.45,1643.39,Regular,Wholesale
2025-09-24,SKU-10004,13,153.8,1999.4,952.51,Regular,Online
2025-09-24,SKU-10014,16,146.05,2336.8,1364.16,Regular,Retail
2025-09-24,SKU-10026,6,99.04,594.24,393.48,Promo,Wholesale
2025-09-24,SKU-10034,17,133.42,2268.14,1326.17,Regular,Online
2025-09-24,SKU-10009,32,141.86,4539.52,1759.36,Regular,Online
2025-09-24,SKU-10058,18,171.01,3078.18,1350.36,Regular,Online
2025-09-24,SKU-10060,14,196.17,2746.38,923.86,Regular,Retail
2025-09-24,SKU-10008,18,39.73,715.14,417.06,Promo,Wholesale
2025-09-24,SKU-10002,37,143.3,5302.1,2913.01,Regular,Online
2025-09-24,SKU-10048,14,158.12,2213.68,748.02,Regular,Retail
2025-09-24,SKU-10050,7,137.57,962.99,594.65,Promo,Wholesale
2025-09-24,SKU-10041,20,171.97,3439.4,1806.2,Regular,Online
2025-09-24,SKU-10035,21,159.5,3349.5,1935.36,Promo,Retail
2025-09-24,SKU-10057,4,226.69,906.76,517.28,Regular,Retail
2025-09-24,SKU-10052,26,167.88,4364.88,1503.84,Regular,Retail
2025-09-24,SKU-10024,18,79.29,1427.22,462.6,Regular,Online
2025-09-24,SKU-10018,16,140.19,2243.04,887.04,Regular,Wholesale
2025-09-24,SKU-10045,14,120.51,1687.14,1281.98,Promo,Retail
2025-09-24,SKU-10044,19,152.92,2905.48,2055.04,Promo,Retail
2025-09-24,SKU-10028,16,27.16,434.56,193.76,Promo,Wholesale
2025-09-25,SKU-10008,8,51.07,408.56,185.36,Regular,Online
2025-09-25,SKU-10024,7,77.32,541.24,179.9,Regular,Retail
2025-09-25,SKU-10028,29,31.19,904.51,351.19,Regular,Online
2025-09-25,SKU-10058,6,160.95,965.7,450.12,Regular,Wholesale
2025-09-25,SKU-10003,15,129.65,1944.75,855.9,Regular,Wholesale
2025-09-25,SKU-10039,7,190.06,1330.42,817.67,Regular,Online
2025-09-25,SKU-10032,11,77.62,853.82,373.78,Regular,Retail
2025-09-25,SKU-10053,20,72.74,1454.8,754.6,Regular,Online
2025-09-25,SKU-10009,5,120.65,603.25,274.9,Promo,Online
2025-09-25,SKU-10027,12,188.9,2266.8,756.36,Regular,Retail
2025-09-25,SKU-10026,26,122.5,3185.0,1705.08,Regular,Retail
2025-09-25,SKU-10044,22,184.58,4060.76,2379.52,Regular,Retail
2025-09-25,SKU-10054,13,149.18,1939.34,718.51,Regular,Online
2025-09-25,SKU-10046,17,100.24,1704.08,929.56,Regular,Retail
2025-09-25,SKU-10037,25,192.82,4820.5,2295.0,Regular,Online
2025-09-25,SKU-10059,18,34.54,621.72,280.08,Regular,Wholesale
2025-09-25,SKU-10057,13,177.39,2306.07,1681.16,Promo,Wholesale
2025-09-25,SKU-10033,24,121.22,2909.28,1754.88,Promo,Retail
2025-09-25,SKU-10047,30,140.56,4216.8,1748.7,Regular,Wholesale
2025-09-25,SKU-10022,25,64.16,1604.0,687.5,Regular,Retail
2025-09-25,SKU-10010,13,71.58,930.54,401.05,Regular,Online
2025-09-25,SKU-10043,15,43.44,651.6,364.8,Regular,Wholesale
2025-09-25,SKU-10031,8,129.03,1032.24,499.44,Regular,Online
2025-09-25,SKU-10029,13,193.4,2514.2,1461.46,Regular,Online
2025-09-25,SKU-10045,27,156.43,4223.61,2472.39,Regular,Wholesale
2025-09-25,SKU-10049,24,208.7,5008.8,2270.64,Promo,Wholesale
2025-09-25,SKU-10013,3,110.38,331.14,183.69,Promo,Wholesale
2025-09-25,SKU-10020,21,43.73,918.33,378.84,Regular,Online
2025-09-25,SKU-10018,13,140.74,1829.62,720.72,Regular,Online
2025-09-25,SKU-10004,29,154.13,4469.77,2124.83,Regular,Retail
2025-09-25,SKU-10017,18,216.52,3897.36,1540.08,Regular,Wholesale
2025-09-25,SKU-10035,20,193.51,3870.2,1843.2,Regular,Wholesale
2025-09-25,SKU-10023,8,17.33,138.64,62.72,Regular,Wholesale
2025-09-25,SKU-10040,17,174.84,2972.28,1643.39,Regular,Wholesale
2025-09-25,SKU-10019,12,168.76,2025.12,887.4,Regular,Online
2025-09-25,SKU-10055,20,144.66,2893.2,1489.8,Regular,Wholesale
2025-09-25,SKU-10005,23,14.58,335.34,149.73,Regular,Wholesale
2025-09-25,SKU-10021,14,132.82,1859.48,771.4,Regular,Retail
2025-09-25,SKU-10015,17,176.72,3004.24,1016.26,Regular,Online
2025-09-25,SKU-10056,16,18.17,290.72,125.12,Regular,Retail
2025-09-25,SKU-10016,15,176.17,2642.55,1327.8,Regular,Online
2025-09-25,SKU-10014,20,145.28,2905.6,1705.2,Regular,Retail
2025-09-25,SKU-10036,20,84.56,1691.2,1080.6,Promo,Online
2025-09-25,SKU-10041,3,185.34,556.02,270.93,Regular,Online
2025-09-25,SKU-10011,21,218.74,4593.54,1907.85,Regular,Retail
2025-09-26,SKU-10020,19,42.12,800.28,342.76,Regular,Online
2025-09-26,SKU-10027,9,161.72,1455.48,567.27,Promo,Retail
2025-09-26,SKU-10059,23,35.65,819.95,357.88,Regular,Online
2025-09-26,SKU-10036,23,78.78,1811.94,1242.69,Promo,Online
2025-09-26,SKU-10060,19,189.74,3605.06,1253.81,Regular,Wholesale
2025-09-26,SKU-10023,31,17.06,528.86,243.04,Regular,Online
2025-09-26,SKU-10010,11,63.98,703.78,339.35,Promo,Wholesale
2025-09-26,SKU-10037,5,183.38,916.9,459.0,Regular,Wholesale
2025-09-26,SKU-10021,30,121.8,3654.0,1653.0,Promo,Online
2025-09-26,SKU-10016,33,181.97,6005.01,2921.16,Regular,Wholesale
2025-09-26,SKU-10003,13,123.19,1601.47,741.78,Regular,Online
2025-09-26,SKU-10004,19,160.87,3056.53,1392.13,Regular,Wholesale
2025-09-26,SKU-10012,21,66.93,1405.53,588.42,Promo,Retail
2025-09-26,SKU-10050,8,150.46,1203.68,679.6,Regular,Retail
2025-09-26,SKU-10053,16,70.73,1131.68,603.68,Regular,Retail
2025-09-26,SKU-10025,24,41.83,1003.92,438.96,Promo,Wholesale
2025-09-26,SKU-10005,17,15.31,260.27,110.67,Regular,Retail
2025-09-26,SKU-10039,18,205.09,3691.62,2102.58,Regular,Online
2025-09-26,SKU-10014,12,151.65,1819.8,1023.12,Regular,Wholesale
2025-09-26,SKU-10002,12,144.95,1739.4,944.76,Regular,Online
2025-09-26,SKU-10028,21,31.47,660.87,254.31,Regular,Wholesale
2025-09-26,SKU-10018,16,136.88,2190.08,887.04,Regular,Online
2025-09-26,SKU-10024,19,78.06,1483.14,488.3,Regular,Online
2025-09-26,SKU-10038,18,56.25,1012.5,678.78,Promo,Wholesale
2025-09-26,SKU-10019,32,171.08,5474.56,2366.4,Regular,Retail
2025-09-26,SKU-10001,10,9.02,90.2,29.5,Regular,Online
2025-09-26,SKU-10044,22,187.52,4125.44,2379.52,Regular,Retail
2025-09-26,SKU-10034,16,136.11,2177.76,1248.16,Regular,Retail
2025-09-26,SKU-10011,23,224.85,5171.55,2089.55,Regular,Wholesale
2025-09-26,SKU-10033,8,140.73,1125.84,584.96,Regular,Online
2025-09-26,SKU-10015,16,167.62,2681.92,956.48,Regular,Online
2025-09-26,SKU-10043,7,46.22,323.54,170.24,Regular,Wholesale
2025-09-26,SKU-10017,26,207.51,5395.26,2224.56,Regular,Retail
2025-09-26,SKU-10035,32,192.29,6153.28,2949.12,Regular,Retail
2025-09-26,SKU-10031,23,128.79,2962.17,1435.89,Regular,Wholesale
2025-09-26,SKU-10009,15,142.88,2143.2,824.7,Regular,Retail
2025-09-26,SKU-10055,23,156.22,3593.06,1713.27,Regular,Wholesale
2025-09-26,SKU-10054,19,123.71,2350.49,1050.13,Promo,Retail
2025-09-26,SKU-10046,31,101.93,3159.83,1695.08,Regular,Wholesale
2025-09-26,SKU-10029,21,193.25,4058.25,2360.82,Regular,Retail
2025-09-26,SKU-10040,13,172.5,2242.5,1256.71,Regular,Retail
2025-09-26,SKU-10007,22,208.12,4578.64,1992.76,Regular,Retail
2025-09-26,SKU-10047,20,143.52,2870.4,1165.8,Regular,Wholesale
2025-09-26,SKU-10049,9,235.19,2116.71,851.49,Regular,Retail
2025-09-26,SKU-10041,18,139.31,2507.58,1625.58,Promo,Online
2025-09-27,SKU-10017,12,207.79,2493.48,1026.72,Regular,Wholesale
2025-09-27,SKU-10021,13,137.39,1786.07,716.3,Regular,Wholesale
2025-09-27,SKU-10023,9,16.14,145.26,70.56,Regular,Wholesale
2025-09-27,SKU-10052,26,157.25,4088.5,1503.84,Regular,Online
2025-09-27,SKU-10028,5,30.83,154.15,60.55,Regular,Online
2025-09-27,SKU-10003,19,114.54,2176.26,1084.14,Promo,Wholesale
2025-09-27,SKU-10057,20,214.63,4292.6,2586.4,Regular,Online
2025-09-27,SKU-10013,16,105.23,1683.68,979.68,Promo,Wholesale
2025-09-27,SKU-10041,8,160.77,1286.16,722.48,Promo,Wholesale
2025-09-27,SKU-10037,17,187.55,3188.35,1560.6,Regular,Online
2025-09-27,SKU-10007,17,211.03,3587.51,1539.86,Regular,Retail
2025-09-27,SKU-10032,25,69.22,1730.5,849.5,Promo,Online
2025-09-27,SKU-10030,20,21.85,437.0,250.4,Promo,Retail
2025-09-27,SKU-10047,7,147.92,1035.44,408.03,Regular,Retail
2025-09-27,SKU-10045,11,159.24,1751.64,1007.27,Regular,Online
2025-09-27,SKU-10055,11,155.48,1710.28,819.39,Regular,Online
2025-09-27,SKU-10018,16,135.16,2162.56,887.04,Regular,Retail
2025-09-27,SKU-10016,9,171.14,1540.26,796.68,Regular,Wholesale
2025-09-27,SKU-10051,19,36.69,697.11,270.94,Promo,Online
2025-09-27,SKU-10060,22,200.36,4407.92,1451.78,Regular,Online
2025-09-27,SKU-10058,21,162.37,3409.77,1575.42,Regular,Wholesale
2025-09-27,SKU-10027,11,158.35,1741.85,693.33,Promo,Online
2025-09-27,SKU-10036,16,92.57,1481.12,864.48,Regular,Retail
2025-09-27,SKU-10015,17,150.58,2559.86,1016.26,Promo,Online
2025-09-27,SKU-10048,15,156.24,2343.6,801.45,Regular,Retail
2025-09-27,SKU-10033,15,145.15,2177.25,1096.8,Regular,Wholesale
2025-09-27,SKU-10002,16,139.08,2225.28,1259.68,Regular,Retail
2025-09-27,SKU-10034,22,132.23,2909.06,1716.22,Regular,Retail
2025-09-27,SKU-10054,13,151.27,1966.51,718.51,Regular,Wholesale
2025-09-27,SKU-10019,17,138.97,2362.49,1257.15,Promo,Online
2025-09-27,SKU-10012,18,79.2,1425.6,504.36,Regular,Retail
2025-09-27,SKU-10056,20,14.78,295.6,156.4,Promo,Retail
2025-09-27,SKU-10010,22,69.73,1534.06,678.7,Regular,Retail
2025-09-27,SKU-10024,15,77.84,1167.6,385.5,Regular,Online
2025-09-27,SKU-10043,19,43.72,830.68,462.08,Regular,Online
2025-09-27,SKU-10006,15,48.96,734.4,310.8,Regular,Online
2025-09-27,SKU-10014,16,145.29,2324.64,1364.16,Regular,Online
2025-09-27,SKU-10044,11,183.17,2014.87,1189.76,Regular,Retail
2025-09-27,SKU-10035,25,192.76,4819.0,2304.0,Regular,Online
2025-09-27,SKU-10029,22,184.3,4054.6,2473.24,Regular,Online
2025-09-27,SKU-10039,23,197.69,4546.87,2686.63,Regular,Wholesale
2025-09-27,SKU-10059,26,34.1,886.6,404.56,Regular,Online
2025-09-27,SKU-10049,19,204.23,3880.37,1797.59,Promo,Online
2025-09-27,SKU-10022,25,51.8,1295.0,687.5,Promo,Retail
2025-09-28,SKU-10043,13,43.76,568.88,316.16,Regular,Retail
2025-09-28,SKU-10031,10,127.9,1279.0,624.3,Regular,Online
2025-09-28,SKU-10049,15,226.91,3403.65,1419.15,Regular,Retail
2025-09-28,SKU-10019,16,167.8,2684.8,1183.2,Regular,Retail
2025-09-28,SKU-10017,15,206.48,3097.2,1283.4,Regular,Online
2025-09-28,SKU-10004,13,160.62,2088.06,952.51,Regular,Retail
2025-09-28,SKU-10018,14,141.21,1976.94,776.16,Regular,Wholesale
2025-09-28,SKU-10046,20,104.43,2088.6,1093.6,Regular,Wholesale
2025-09-28,SKU-10024,8,74.56,596.48,205.6,Regular,Wholesale
2025-09-28,SKU-10010,9,75.58,680.22,277.65,Regular,Retail
2025-09-28,SKU-10055,15,144.14,2162.1,1117.35,Regular,Online
2025-09-28,SKU-10011,27,214.92,5802.84,2452.95,Regular,Wholesale
2025-09-28,SKU-10016,12,172.17,2066.04,1062.24,Regular,Wholesale
2025-09-28,SKU-10020,5,35.05,175.25,90.2,Promo,Wholesale
2025-09-28,SKU-10051,14,44.32,620.48,199.64,Regular,Online
2025-09-28,SKU-10005,20,16.04,320.8,130.2,Regular,Wholesale
2025-09-28,SKU-10003,21,128.11,2690.31,1198.26,Regular,Online
2025-09-28,SKU-10053,23,75.51,1736.73,867.79,Regular,Online
2025-09-28,SKU-10006,22,50.93,1120.46,455.84,Regular,Online
2025-09-28,SKU-10045,13,151.17,1965.21,1190.41,Regular,Online
2025-09-28,SKU-10057,10,200.3,2003.0,1293.2,Promo,Wholesale
2025-09-28,SKU-10025,30,41.29,1238.7,548.7,Promo,Wholesale
2025-09-28,SKU-10002,16,145.85,2333.6,1259.68,Regular,Retail
2025-09-28,SKU-10026,17,114.68,1949.56,1114.86,Regular,Wholesale
2025-09-28,SKU-10041,23,153.98,3541.54,2077.13,Promo,Wholesale
2025-09-28,SKU-10014,6,123.79,742.74,511.56,Promo,Online
2025-09-28,SKU-10009,34,145.06,4932.04,1869.32,Regular,Online
2025-09-28,SKU-10027,18,180.9,3256.2,1134.54,Regular,Retail
2025-09-28,SKU-10054,14,145.36,2035.04,773.78,Regular,Retail
2025-09-28,SKU-10033,12,117.72,1412.64,877.44,Promo,Online
2025-09-28,SKU-10030,17,26.95,458.15,212.84,Regular,Wholesale
2025-09-28,SKU-10035,25,188.4,4710.0,2304.0,Regular,Retail
2025-09-28,SKU-10052,27,171.89,4641.03,1561.68,Regular,Wholesale
2025-09-28,SKU-10042,21,186.85,3923.85,1960.56,Promo,Online
2025-09-28,SKU-10038,15,60.53,907.95,565.65,Regular,Wholesale
2025-09-28,SKU-10039,9,195.11,1755.99,1051.29,Regular,Wholesale
2025-09-28,SKU-10047,30,138.34,4150.2,1748.7,Regular,Wholesale
2025-09-28,SKU-10050,34,157.7,5361.8,2888.3,Regular,Wholesale
2025-09-28,SKU-10015,27,177.07,4780.89,1614.06,Regular,Online
2025-09-28,SKU-10013,17,103.66,1762.22,1040.91,Promo,Wholesale
2025-09-28,SKU-10036,16,96.77,1548.32,864.48,Regular,Online
2025-09-28,SKU-10044,17,182.8,3107.6,1838.72,Regular,Retail
2025-09-28,SKU-10048,15,162.37,2435.55,801.45,Regular,Retail
2025-09-28,SKU-10037,14,195.89,2742.46,1285.2,Regular,Retail
2025-09-29,SKU-10005,7,15.79,110.53,45.57,Regular,Online
2025-09-29,SKU-10056,12,18.74,224.88,93.84,Regular,Retail
2025-09-29,SKU-10048,9,157.09,1413.81,480.87,Regular,Wholesale
2025-09-29,SKU-10054,8,134.37,1074.96,442.16,Promo,Online
2025-09-29,SKU-10052,16,169.33,2709.28,925.44,Regular,Retail
2025-09-29,SKU-10025,8,53.26,426.08,146.32,Regular,Retail
2025-09-29,SKU-10008,17,40.91,695.47,393.89,Promo,Wholesale
2025-09-29,SKU-10047,8,146.42,1171.36,466.32,Regular,Online
2025-09-29,SKU-10020,15,43.51,652.65,270.6,Regular,Wholesale
2025-09-29,SKU-10023,17,16.78,285.26,133.28,Regular,Wholesale
2025-09-29,SKU-10031,7,111.98,783.86,437.01,Promo,Wholesale
2025-09-29,SKU-10013,15,126.78,1901.7,918.45,Regular,Wholesale
2025-09-29,SKU-10037,22,186.44,4101.68,2019.6,Regular,Online
2025-09-29,SKU-10045,17,150.4,2556.8,1556.69,Regular,Online
2025-09-29,SKU-10053,15,77.31,1159.65,565.95,Regular,Retail
2025-09-29,SKU-10018,1,142.77,142.77,55.44,Regular,Wholesale
2025-09-29,SKU-10046,8,102.72,821.76,437.44,Regular,Retail
2025-09-29,SKU-10049,16,207.64,3322.24,1513.76,Promo,Retail
2025-09-29,SKU-10034,14,138.48,1938.72,1092.14,Regular,Online
2025-09-29,SKU-10050,29,156.45,4537.05,2463.55,Regular,Online
2025-09-29,SKU-10033,24,133.78,3210.72,1754.88,Regular,Online
2025-09-29,SKU-10044,12,177.81,2133.72,1297.92,Regular,Online
2025-09-29,SKU-10012,18,69.09,1243.62,504.36,Promo,Online
2025-09-29,SKU-10009,14,150.53,2107.42,769.72,Regular,Online
2025-09-29,SKU-10016,19,176.16,3347.04,1681.88,Regular,Wholesale
2025-09-29,SKU-10041,22,170.71,3755.62,1986.82,Regular,Retail
2025-09-29,SKU-10021,13,145.84,1895.92,716.3,Regular,Online
2025-09-29,SKU-10029,18,190.36,3426.48,2023.56,Regular,Retail
2025-09-29,SKU-10022,14,62.99,881.86,385.0,Regular,Online
2025-09-29,SKU-10032,14,77.2,1080.8,475.72,Regular,Retail
2025-09-29,SKU-10015,26,165.95,4314.7,1554.28,Regular,Online
2025-09-29,SKU-10003,21,101.11,2123.31,1198.26,Promo,Retail
2025-09-29,SKU-10001,16,7.64,122.24,47.2,Promo,Wholesale
2025-09-29,SKU-10058,12,167.32,2007.84,900.24,Regular,Retail
2025-09-29,SKU-10006,22,53.28,1172.16,455.84,Regular,Online
2025-09-29,SKU-10039,22,166.57,3664.54,2569.82,Promo,Retail
2025-09-29,SKU-10010,17,71.64,1217.88,524.45,Regular,Wholesale
2025-09-29,SKU-10030,25,26.62,665.5,313.0,Regular,Wholesale
2025-09-29,SKU-10059,17,30.71,522.07,264.52,Promo,Online
2025-09-29,SKU-10057,20,199.35,3987.0,2586.4,Promo,Retail
2025-09-29,SKU-10055,23,144.68,3327.64,1713.27,Regular,Online
2025-09-29,SKU-10042,11,208.19,2290.09,1026.96,Regular,Wholesale
2025-09-29,SKU-10017,15,220.58,3308.7,1283.4,Regular,Retail
2025-09-29,SKU-10026,17,101.76,1729.92,1114.86,Promo,Wholesale
2025-09-30,SKU-10031,5,126.83,634.15,312.15,Regular,Retail
2025-09-30,SKU-10044,8,187.61,1500.88,865.28,Regular,Online
2025-09-30,SKU-10007,8,204.54,1636.32,724.64,Regular,Wholesale
2025-09-30,SKU-10021,4,140.46,561.84,220.4,Regular,Wholesale
2025-09-30,SKU-10049,32,217.46,6958.72,3027.52,Regular,Retail
2025-09-30,SKU-10039,18,172.76,3109.68,2102.58,Promo,Online
2025-09-30,SKU-10034,28,113.3,3172.4,2184.28,Promo,Online
2025-09-30,SKU-10050,15,159.47,2392.05,1274.25,Regular,Online
2025-09-30,SKU-10009,28,136.92,3833.76,1539.44,Regular,Wholesale
2025-09-30,SKU-10023,25,17.4,435.0,196.0,Regular,Retail
2025-09-30,SKU-10013,12,134.18,1610.16,734.76,Regular,Online
2025-09-30,SKU-10029,26,182.02,4732.52,2922.92,Regular,Retail
2025-09-30,SKU-10005,28,14.93,418.04,182.28,Regular,Online
2025-09-30,SKU-10054,20,146.81,2936.2,1105.4,Regular,Wholesale
2025-09-30,SKU-10024,19,74.19,1409.61,488.3,Regular,Wholesale
2025-09-30,SKU-10048,7,161.34,1129.38,374.01,Regular,Retail
2025-09-30,SKU-10058,19,165.09,3136.71,1425.38,Regular,Online
2025-09-30,SKU-10015,22,171.63,3775.86,1315.16,Regular,Retail
2025-09-30,SKU-10014,4,142.74,570.96,341.04,Regular,Online
2025-09-30,SKU-10036,32,80.6,2579.2,1728.96,Promo,Retail
2025-09-30,SKU-10011,20,216.3,4326.0,1817.0,Regular,Retail
2025-09-30,SKU-10042,28,219.36,6142.08,2614.08,Regular,Online
2025-09-30,SKU-10051,25,42.56,1064.0,356.5,Regular,Online
2025-09-30,SKU-10019,24,163.57,3925.68,1774.8,Regular,Wholesale
2025-09-30,SKU-10002,25,139.2,3480.0,1968.25,Regular,Wholesale
2025-09-30,SKU-10028,14,30.35,424.9,169.54,Regular,Wholesale
2025-09-30,SKU-10003,16,123.8,1980.8,912.96,Regular,Wholesale
2025-09-30,SKU-10060,19,194.69,3699.11,1253.81,Regular,Retail
2025-09-30,SKU-10027,19,179.59,3412.21,1197.57,Regular,Retail
2025-09-30,SKU-10032,14,76.38,1069.32,475.72,Regular,Retail
2025-09-30,SKU-10008,15,51.2,768.0,347.55,Regular,Online
2025-09-30,SKU-10010,14,62.08,869.12,431.9,Promo,Wholesale
2025-09-30,SKU-10043,5,46.1,230.5,121.6,Regular,Wholesale
2025-09-30,SKU-10004,11,141.44,1555.84,805.97,Promo,Retail
2025-09-30,SKU-10041,23,180.81,4158.63,2077.13,Regular,Retail
2025-09-30,SKU-10053,21,75.83,1592.43,792.33,Regular,Wholesale
2025-09-30,SKU-10040,29,160.26,4647.54,2803.43,Regular,Retail
2025-09-30,SKU-10017,17,202.43,3441.31,1454.52,Regular,Online
2025-09-30,SKU-10006,27,49.67,1341.09,559.44,Regular,Wholesale
2025-09-30,SKU-10056,16,17.86,285.76,125.12,Regular,Online
2025-09-30,SKU-10035,17,186.97,3178.49,1566.72,Regular,Online
2025-09-30,SKU-10038,19,59.47,1129.93,716.49,Regular,Online
2025-09-30,SKU-10018,17,132.68,2255.56,942.48,Regular,Wholesale
2025-09-30,SKU-10059,15,35.11,526.65,233.4,Regular,Retail
2025-10-01,SKU-10048,16,156.79,2508.64,854.88,Regular,Online
2025-10-01,SKU-10006,18,51.01,918.18,372.96,Regular,Retail
2025-10-01,SKU-10049,18,182.91,3292.38,1702.98,Promo,Online
2025-10-01,SKU-10036,15,90.6,1359.0,810.45,Regular,Retail
2025-10-01,SKU-10027,18,156.35,2814.3,1134.54,Promo,Wholesale
2025-10-01,SKU-10022,27,64.37,1737.99,742.5,Regular,Retail
2025-10-01,SKU-10051,15,42.63,639.45,213.9,Regular,Wholesale
2025-10-01,SKU-10060,19,189.28,3596.32,1253.81,Regular,Wholesale
2025-10-01,SKU-10044,24,169.59,4070.16,2595.84,Promo,Online
2025-10-01,SKU-10031,29,132.11,3831.19,1810.47,Regular,Wholesale
2025-10-01,SKU-10008,20,50.16,1003.2,463.4,Regular,Wholesale
2025-10-01,SKU-10018,32,135.21,4326.72,1774.08,Regular,Wholesale
2025-10-01,SKU-10033,12,145.62,1747.44,877.44,Regular,Wholesale
2025-10-01,SKU-10046,18,105.0,1890.0,984.24,Regular,Online
2025-10-01,SKU-10034,22,138.67,3050.74,1716.22,Regular,Wholesale
2025-10-01,SKU-10038,18,59.95,1079.1,678.78,Regular,Retail
2025-10-01,SKU-10024,15,78.76,1181.4,385.5,Regular,Online
2025-10-01,SKU-10056,31,19.17,594.27,242.42,Regular,Wholesale
2025-10-01,SKU-10055,9,143.44,1290.96,670.41,Regular,Wholesale
2025-10-01,SKU-10030,21,27.56,578.76,262.92,Regular,Online
2025-10-01,SKU-10059,21,34.61,726.81,326.76,Regular,Retail
2025-10-01,SKU-10014,8,150.11,1200.88,682.08,Regular,Retail
2025-10-01,SKU-10035,14,193.26,2705.64,1290.24,Regular,Online
2025-10-01,SKU-10039,5,197.03,985.15,584.05,Regular,Wholesale
2025-10-01,SKU-10045,20,121.73,2434.6,1831.4,Promo,Retail
2025-10-01,SKU-10057,15,217.38,3260.7,1939.8,Regular,Online
2025-10-01,SKU-10042,18,168.63,3035.34,1680.48,Promo,Retail
2025-10-01,SKU-10017,27,206.95,5587.65,2310.12,Regular,Retail
2025-10-01,SKU-10023,17,16.37,278.29,133.28,Regular,Retail
2025-10-01,SKU-10037,13,168.5,2190.5,1193.4,Promo,Online
2025-10-01,SKU-10003,8,126.2,1009.6,456.48,Regular,Wholesale
2025-10-01,SKU-10041,19,179.59,3412.21,1715.89,Regular,Retail
2025-10-01,SKU-10012,25,72.44,1811.0,700.5,Promo,Wholesale
2025-10-01,SKU-10007,16,215.71,3451.36,1449.28,Regular,Wholesale
2025-10-01,SKU-10020,24,43.4,1041.6,432.96,Regular,Wholesale
2025-10-01,SKU-10052,21,141.75,2976.75,1214.64,Promo,Retail
2025-10-01,SKU-10019,15,161.31,2419.65,1109.25,Regular,Retail
2025-10-01,SKU-10010,14,70.0,980.0,431.9,Regular,Online
2025-10-01,SKU-10058,29,166.44,4826.76,2175.58,Regular,Wholesale
2025-10-01,SKU-10004,15,152.94,2294.1,1099.05,Regular,Wholesale
2025-10-01,SKU-10005,21,12.24,257.04,136.71,Promo,Retail
2025-10-01,SKU-10011,14,208.08,2913.12,1271.9,Regular,Wholesale
2025-10-01,SKU-10002,26,138.0,3588.0,2046.98,Regular,Retail
2025-10-01,SKU-10001,7,9.3,65.1,20.65,Regular,Online
2025-10-01,SKU-10040,10,135.09,1350.9,966.7,Promo,Retail
2025-10-02,SKU-10035,22,193.73,4262.06,2027.52,Regular,Wholesale
2025-10-02,SKU-10046,28,97.03,2716.84,1531.04,Regular,Wholesale
2025-10-02,SKU-10050,16,161.31,2580.96,1359.2,Regular,Wholesale
2025-10-02,SKU-10002,29,134.93,3912.97,2283.17,Regular,Retail
2025-10-02,SKU-10006,23,52.61,1210.03,476.56,Regular,Wholesale
2025-10-02,SKU-10044,18,167.34,3012.12,1946.88,Promo,Online
2025-10-02,SKU-10007,11,207.37,2281.07,996.38,Regular,Wholesale
2025-10-02,SKU-10027,24,187.28,4494.72,1512.72,Regular,Online
2025-10-02,SKU-10021,9,135.06,1215.54,495.9,Regular,Online
2025-10-02,SKU-10042,33,207.16,6836.28,3080.88,Regular,Wholesale
2025-10-02,SKU-10028,13,28.71,373.23,157.43,Promo,Online
2025-10-02,SKU-10038,13,59.22,769.86,490.23,Regular,Online
2025-10-02,SKU-10057,21,224.1,4706.1,2715.72,Regular,Online
2025-10-02,SKU-10032,18,77.3,1391.4,611.64,Regular,Online
2025-10-02,SKU-10022,21,60.83,1277.43,577.5,Regular,Online
2025-10-02,SKU-10060,16,196.42,3142.72,1055.84,Regular,Wholesale
2025-10-02,SKU-10049,2,238.78,477.56,189.22,Regular,Wholesale
2025-10-02,SKU-10058,13,159.97,2079.61,975.26,Regular,Wholesale
2025-10-02,SKU-10018,33,134.59,4441.47,1829.52,Regular,Online
2025-10-02,SKU-10015,15,163.32,2449.8,896.7,Regular,Retail
2025-10-02,SKU-10013,13,138.76,1803.88,795.99,Regular,Online
2025-10-02,SKU-10051,22,41.98,923.56,313.72,Regular,Retail
2025-10-02,SKU-10005,25,14.63,365.75,162.75,Regular,Retail
2025-10-02,SKU-10012,14,76.29,1068.06,392.28,Regular,Online
2025-10-02,SKU-10041,22,181.56,3994.32,1986.82,Regular,Wholesale
2025-10-02,SKU-10030,30,27.43,822.9,375.6,Regular,Retail
2025-10-02,SKU-10033,15,132.63,1989.45,1096.8,Regular,Wholesale
2025-10-02,SKU-10025,22,53.18,1169.96,402.38,Regular,Online
2025-10-02,SKU-10037,17,167.27,2843.59,1560.6,Promo,Retail
2025-10-02,SKU-10053,12,71.88,862.56,452.76,Regular,Online
2025-10-02,SKU-10055,5,146.9,734.5,372.45,Regular,Wholesale
2025-10-02,SKU-10023,13,17.5,227.5,101.92,Regular,Retail
2025-10-02,SKU-10009,15,150.1,2251.5,824.7,Regular,Wholesale
2025-10-02,SKU-10024,28,74.25,2079.0,719.6,Regular,Retail
2025-10-02,SKU-10054,18,143.85,2589.3,994.86,Regular,Online
2025-10-02,SKU-10004,21,130.23,2734.83,1538.67,Promo,Retail
2025-10-02,SKU-10029,23,198.0,4554.0,2585.66,Regular,Retail
2025-10-02,SKU-10017,20,222.6,4452.0,1711.2,Regular,Online
2025-10-02,SKU-10008,2,47.41,94.82,46.34,Regular,Retail
2025-10-02,SKU-10047,16,138.49,2215.84,932.64,Regular,Retail
2025-10-02,SKU-10003,30,115.69,3470.7,1711.8,Promo,Retail
2025-10-02,SKU-10020,10,43.88,438.8,180.4,Regular,Retail
2025-10-02,SKU-10045,16,127.71,2043.36,1465.12,Promo,Wholesale
2025-10-02,SKU-10052,15,139.13,2086.95,867.6,Promo,Online
2025-10-03,SKU-10032,9,76.12,685.08,305.82,Regular,Retail
2025-10-03,SKU-10045,32,148.82,4762.24,2930.24,Regular,Online
2025-10-03,SKU-10060,19,198.68,3774.92,1253.81,Regular,Online
2025-10-03,SKU-10021,12,122.26,1467.12,661.2,Promo,Retail
2025-10-03,SKU-10007,14,197.0,2758.0,1268.12,Regular,Wholesale
2025-10-03,SKU-10003,31,130.19,4035.89,1768.86,Regular,Retail
2025-10-03,SKU-10035,17,193.7,3292.9,1566.72,Regular,Online
2025-10-03,SKU-10013,24,127.35,3056.4,1469.52,Regular,Wholesale
2025-10-03,SKU-10027,25,182.93,4573.25,1575.75,Regular,Retail
2025-10-03,SKU-10038,18,48.61,874.98,678.78,Promo,Wholesale
2025-10-03,SKU-10057,18,221.48,3986.64,2327.76,Regular,Wholesale
2025-10-03,SKU-10017,8,190.89,1527.12,684.48,Promo,Wholesale
2025-10-03,SKU-10047,15,138.12,2071.8,874.35,Regular,Wholesale
2025-10-03,SKU-10024,24,73.67,1768.08,616.8,Regular,Retail
2025-10-03,SKU-10051,28,37.63,1053.64,399.28,Promo,Retail
2025-10-03,SKU-10025,27,52.96,1429.92,493.83,Regular,Wholesale
2025-10-03,SKU-10020,5,41.31,206.55,90.2,Regular,Wholesale
2025-10-03,SKU-10031,20,123.8,2476.0,1248.6,Regular,Retail
2025-10-03,SKU-10042,29,193.8,5620.2,2707.44,Promo,Retail
2025-10-03,SKU-10048,15,150.41,2256.15,801.45,Regular,Wholesale
2025-10-03,SKU-10041,18,184.77,3325.86,1625.58,Regular,Retail
2025-10-03,SKU-10034,17,118.99,2022.83,1326.17,Promo,Online
2025-10-03,SKU-10011,13,223.74,2908.62,1181.05,Regular,Wholesale
2025-10-03,SKU-10018,19,106.94,2031.86,1053.36,Promo,Online
2025-10-03,SKU-10026,26,118.95,3092.7,1705.08,Regular,Online
2025-10-03,SKU-10023,14,14.31,200.34,109.76,Promo,Wholesale
2025-10-03,SKU-10004,5,155.51,777.55,366.35,Regular,Online
2025-10-03,SKU-10014,24,145.82,3499.68,2046.24,Regular,Wholesale
2025-10-03,SKU-10019,14,175.15,2452.1,1035.3,Regular,Retail
2025-10-03,SKU-10058,21,140.94,2959.74,1575.42,Promo,Retail
2025-10-03,SKU-10008,21,49.01,1029.21,486.57,Regular,Wholesale
2025-10-03,SKU-10006,6,52.97,317.82,124.32,Regular,Retail
2025-10-03,SKU-10005,9,15.4,138.6,58.59,Regular,Online
2025-10-03,SKU-10040,7,173.14,1211.98,676.69,Regular,Online
2025-10-03,SKU-10037,15,183.08,2746.2,1377.0,Regular,Online
2025-10-03,SKU-10016,21,177.82,3734.22,1858.92,Regular,Wholesale
2025-10-03,SKU-10029,29,199.15,5775.35,3260.18,Regular,Retail
2025-10-03,SKU-10009,25,139.94,3498.5,1374.5,Regular,Online
2025-10-03,SKU-10002,11,145.62,1601.82,866.03,Regular,Wholesale
2025-10-03,SKU-10033,22,137.57,3026.54,1608.64,Regular,Online
2025-10-03,SKU-10010,12,74.63,895.56,370.2,Regular,Wholesale
2025-10-03,SKU-10056,6,17.65,105.9,46.92,Regular,Retail
2025-10-03,SKU-10030,15,26.18,392.7,187.8,Regular,Retail
2025-10-03,SKU-10055,9,148.22,1333.98,670.41,Regular,Online
2025-10-03,SKU-10028,20,30.46,609.2,242.2,Regular,Retail
2025-10-04,SKU-10046,13,104.54,1359.02,710.84,Regular,Online
2025-10-04,SKU-10034,15,130.2,1953.0,1170.15,Regular,Wholesale
2025-10-04,SKU-10041,20,152.11,3042.2,1806.2,Promo,Retail
2025-10-04,SKU-10002,15,120.41,1806.15,1180.95,Promo,Retail
2025-10-04,SKU-10004,20,148.46,2969.2,1465.4,Regular,Retail
2025-10-04,SKU-10012,11,83.19,915.09,308.22,Regular,Online
2025-10-04,SKU-10038,31,62.95,1951.45,1169.01,Regular,Retail
2025-10-04,SKU-10006,21,45.15,948.15,435.12,Promo,Wholesale
2025-10-04,SKU-10058,22,141.46,3112.12,1650.44,Promo,Retail
2025-10-04,SKU-10014,14,143.76,2012.64,1193.64,Regular,Online
2025-10-04,SKU-10030,14,26.22,367.08,175.28,Regular,Retail
2025-10-04,SKU-10025,7,45.41,317.87,128.03,Promo,Wholesale
2025-10-04,SKU-10026,1,119.04,119.04,65.58,Regular,Retail
2025-10-04,SKU-10017,19,204.32,3882.08,1625.64,Regular,Online
2025-10-04,SKU-10024,12,76.64,919.68,308.4,Regular,Wholesale
2025-10-04,SKU-10036,19,88.08,1673.52,1026.57,Regular,Wholesale
2025-10-04,SKU-10021,21,139.03,2919.63,1157.1,Regular,Retail
2025-10-04,SKU-10032,29,75.75,2196.75,985.42,Regular,Retail
2025-10-04,SKU-10010,16,64.86,1037.76,493.6,Promo,Retail
2025-10-04,SKU-10011,25,224.82,5620.5,2271.25,Regular,Retail
2025-10-04,SKU-10054,21,153.87,3231.27,1160.67,Regular,Wholesale
2025-10-04,SKU-10040,4,165.61,662.44,386.68,Regular,Retail
2025-10-04,SKU-10029,15,150.48,2257.2,1686.3,Promo,Online
2025-10-04,SKU-10045,19,155.06,2946.14,1739.83,Regular,Wholesale
2025-10-04,SKU-10033,16,137.95,2207.2,1169.92,Regular,Retail
2025-10-04,SKU-10027,31,190.12,5893.72,1953.93,Regular,Wholesale
2025-10-04,SKU-10003,6,127.04,762.24,342.36,Regular,Online
2025-10-04,SKU-10022,17,62.82,1067.94,467.5,Regular,Retail
2025-10-04,SKU-10049,19,226.62,4305.78,1797.59,Regular,Online
2025-10-04,SKU-10035,15,183.12,2746.8,1382.4,Regular,Retail
2025-10-04,SKU-10016,22,177.69,3909.18,1947.44,Regular,Wholesale
2025-10-04,SKU-10055,25,127.21,3180.25,1862.25,Promo,Online
2025-10-04,SKU-10056,17,15.65,266.05,132.94,Promo,Retail
2025-10-04,SKU-10009,21,122.85,2579.85,1154.58,Promo,Wholesale
2025-10-04,SKU-10057,29,178.62,5179.98,3750.28,Promo,Wholesale
2025-10-04,SKU-10048,18,133.45,2402.1,961.74,Promo,Online
2025-10-04,SKU-10019,14,167.48,2344.72,1035.3,Regular,Online
2025-10-04,SKU-10018,29,139.3,4039.7,1607.76,Regular,Retail
2025-10-04,SKU-10007,9,189.92,1709.28,815.22,Promo,Online
2025-10-04,SKU-10053,19,77.16,1466.04,716.87,Regular,Wholesale
2025-10-04,SKU-10042,18,210.21,3783.78,1680.48,Regular,Retail
2025-10-04,SKU-10005,22,13.95,306.9,143.22,Promo,Wholesale
2025-10-04,SKU-10051,20,44.14,882.8,285.2,Regular,Retail
2025-10-04,SKU-10031,30,111.52,3345.6,1872.9,Promo,Retail
2025-10-04,SKU-10015,23,179.65,4131.95,1374.94,Regular,Retail
2025-10-05,SKU-10012,14,66.63,932.82,392.28,Promo,Wholesale
2025-10-05,SKU-10050,35,130.68,4573.8,2973.25,Promo,Retail
2025-10-05,SKU-10034,18,117.29,2111.22,1404.18,Promo,Online
2025-10-05,SKU-10059,15,33.19,497.85,233.4,Regular,Online
2025-10-05,SKU-10045,12,150.09,1801.08,1098.84,Regular,Wholesale
2025-10-05,SKU-10060,15,162.18,2432.7,989.85,Promo,Wholesale
2025-10-05,SKU-10013,13,132.5,1722.5,795.99,Regular,Retail
2025-10-05,SKU-10017,22,179.55,3950.1,1882.32,Promo,Retail
2025-10-05,SKU-10008,9,47.67,429.03,208.53,Regular,Wholesale
2025-10-05,SKU-10024,13,77.41,1006.33,334.1,Regular,Retail
2025-10-05,SKU-10002,21,138.27,2903.67,1653.33,Regular,Wholesale
2025-10-05,SKU-10044,24,192.09,4610.16,2595.84,Regular,Retail
2025-10-05,SKU-10039,5,156.27,781.35,584.05,Promo,Retail
2025-10-05,SKU-10038,8,53.6,428.8,301.68,Promo,Retail
2025-10-05,SKU-10035,14,169.19,2368.66,1290.24,Promo,Wholesale
2025-10-05,SKU-10005,11,15.34,168.74,71.61,Regular,Retail
2025-10-05,SKU-10010,25,74.73,1868.25,771.25,Regular,Retail
2025-10-05,SKU-10030,13,25.91,336.83,162.76,Regular,Online
2025-10-05,SKU-10051,17,38.47,653.99,242.42,Promo,Wholesale
2025-10-05,SKU-10006,14,43.73,612.22,290.08,Promo,Online
2025-10-05,SKU-10053,9,61.12,550.08,339.57,Promo,Online
2025-10-05,SKU-10036,12,72.37,868.44,648.36,Promo,Online
2025-10-05,SKU-10054,45,152.59,6866.55,2487.15,Regular,Retail
2025-10-05,SKU-10057,29,216.92,6290.68,3750.28,Regular,Wholesale
2025-10-05,SKU-10042,11,212.13,2333.43,1026.96,Regular,Retail
2025-10-05,SKU-10027,20,179.93,3598.6,1260.6,Regular,Online
2025-10-05,SKU-10043,15,40.91,613.65,364.8,Promo,Retail
2025-10-05,SKU-10021,37,141.74,5244.38,2038.7,Regular,Online
2025-10-05,SKU-10026,23,124.16,2855.68,1508.34,Regular,Online
2025-10-05,SKU-10058,19,158.17,3005.23,1425.38,Regular,Online
2025-10-05,SKU-10037,20,191.59,3831.8,1836.0,Regular,Retail
2025-10-05,SKU-10014,10,147.09,1470.9,852.6,Regular,Online
2025-10-05,SKU-10033,14,142.95,2001.3,1023.68,Regular,Online
2025-10-05,SKU-10046,20,81.89,1637.8,1093.6,Promo,Online
2025-10-05,SKU-10003,14,125.17,1752.38,798.84,Regular,Wholesale
2025-10-05,SKU-10011,28,214.39,6002.92,2543.8,Regular,Retail
2025-10-05,SKU-10015,8,171.46,1371.68,478.24,Regular,Retail
2025-10-05,SKU-10055,22,147.54,3245.88,1638.78,Regular,Wholesale
2025-10-05,SKU-10018,15,140.3,2104.5,831.6,Regular,Online
2025-10-05,SKU-10004,31,156.79,4860.49,2271.37,Regular,Retail
2025-10-05,SKU-10048,40,154.4,6176.0,2137.2,Regular,Wholesale
2025-10-05,SKU-10049,21,228.98,4808.58,1986.81,Regular,Wholesale
2025-10-05,SKU-10009,19,148.19,2815.61,1044.62,Regular,Retail
2025-10-05,SKU-10031,7,109.1,763.7,437.01,Promo,Wholesale
2025-10-06,SKU-10049,21,193.87,4071.27,1986.81,Promo,Retail
2025-10-06,SKU-10040,29,175.14,5079.06,2803.43,Regular,Retail
2025-10-06,SKU-10027,20,189.49,3789.8,1260.6,Regular,Online
2025-10-06,SKU-10014,24,129.26,3102.24,2046.24,Promo,Wholesale
2025-10-06,SKU-10058,19,165.59,3146.21,1425.38,Regular,Wholesale
2025-10-06,SKU-10036,14,95.99,1343.86,756.42,Regular,Online
2025-10-06,SKU-10013,17,120.08,2041.36,1040.91,Promo,Retail
2025-10-06,SKU-10011,17,220.1,3741.7,1544.45,Regular,Retail
2025-10-06,SKU-10038,20,50.49,1009.8,754.2,Promo,Retail
2025-10-06,SKU-10054,15,125.23,1878.45,829.05,Promo,Retail
2025-10-06,SKU-10019,11,163.99,1803.89,813.45,Regular,Retail
2025-10-06,SKU-10003,18,111.25,2002.5,1027.08,Promo,Wholesale
2025-10-06,SKU-10005,25,14.82,370.5,162.75,Regular,Online
2025-10-06,SKU-10059,11,33.35,366.85,171.16,Regular,Retail
2025-10-06,SKU-10053,15,72.6,1089.0,565.95,Regular,Wholesale
2025-10-06,SKU-10009,11,144.09,1584.99,604.78,Regular,Online
2025-10-06,SKU-10035,22,195.22,4294.84,2027.52,Regular,Online
2025-10-06,SKU-10055,20,154.4,3088.0,1489.8,Regular,Retail
2025-10-06,SKU-10022,21,66.47,1395.87,577.5,Regular,Wholesale
2025-10-06,SKU-10057,15,179.83,2697.45,1939.8,Promo,Online
2025-10-06,SKU-10046,16,103.43,1654.88,874.88,Regular,Retail
2025-10-06,SKU-10018,17,108.04,1836.68,942.48,Promo,Retail
2025-10-06,SKU-10025,16,49.28,788.48,292.64,Regular,Retail
2025-10-06,SKU-10028,17,32.96,560.32,205.87,Regular,Wholesale
2025-10-06,SKU-10029,25,186.99,4674.75,2810.5,Regular,Wholesale
2025-10-06,SKU-10048,22,160.64,3534.08,1175.46,Regular,Wholesale
2025-10-06,SKU-10021,24,144.93,3478.32,1322.4,Regular,Retail
2025-10-06,SKU-10007,3,215.17,645.51,271.74,Regular,Online
2025-10-06,SKU-10010,15,63.53,952.95,462.75,Promo,Retail
2025-10-06,SKU-10031,27,121.44,3278.88,1685.61,Regular,Retail
2025-10-06,SKU-10015,23,169.04,3887.92,1374.94,Regular,Retail
2025-10-06,SKU-10043,29,44.38,1287.02,705.28,Regular,Online
2025-10-06,SKU-10032,10,74.13,741.3,339.8,Regular,Retail
2025-10-06,SKU-10024,12,80.51,966.12,308.4,Regular,Online
2025-10-06,SKU-10052,25,169.42,4235.5,1446.0,Regular,Wholesale
2025-10-06,SKU-10001,20,8.69,173.8,59.0,Regular,Wholesale
2025-10-06,SKU-10045,18,155.61,2800.98,1648.26,Regular,Online
2025-10-06,SKU-10006,15,40.36,605.4,310.8,Promo,Wholesale
2025-10-06,SKU-10016,14,168.8,2363.2,1239.28,Regular,Wholesale
2025-10-06,SKU-10033,8,133.2,1065.6,584.96,Regular,Online
2025-10-06,SKU-10042,22,206.02,4532.44,2053.92,Regular,Retail
2025-10-06,SKU-10050,19,154.8,2941.2,1614.05,Regular,Online
2025-10-06,SKU-10047,14,148.41,2077.74,816.06,Regular,Wholesale
2025-10-06,SKU-10026,18,104.2,1875.6,1180.44,Promo,Online
2025-10-06,SKU-10017,15,216.68,3250.2,1283.4,Regular,Retail
2025-10-07,SKU-10052,2,161.26,322.52,115.68,Regular,Retail
2025-10-07,SKU-10033,15,121.37,1820.55,1096.8,Promo,Wholesale
2025-10-07,SKU-10036,26,95.0,2470.0,1404.78,Regular,Wholesale
2025-10-07,SKU-10055,16,153.28,2452.48,1191.84,Regular,Wholesale
2025-10-07,SKU-10004,6,162.28,973.68,439.62,Regular,Wholesale
2025-10-07,SKU-10031,22,121.91,2682.02,1373.46,Regular,Wholesale
2025-10-07,SKU-10022,2,55.66,111.32,55.0,Promo,Wholesale
2025-10-07,SKU-10042,27,209.07,5644.89,2520.72,Regular,Online
2025-10-07,SKU-10006,23,51.95,1194.85,476.56,Regular,Online
2025-10-07,SKU-10013,8,133.89,1071.12,489.84,Regular,Online
2025-10-07,SKU-10059,20,33.26,665.2,311.2,Regular,Online
2025-10-07,SKU-10012,19,68.27,1297.13,532.38,Promo,Wholesale
2025-10-07,SKU-10002,23,141.88,3263.24,1810.79,Regular,Wholesale
2025-10-07,SKU-10041,12,157.61,1891.32,1083.72,Promo,Wholesale
2025-10-07,SKU-10032,24,78.96,1895.04,815.52,Regular,Retail
2025-10-07,SKU-10026,23,124.14,2855.22,1508.34,Regular,Online
2025-10-07,SKU-10049,17,221.9,3772.3,1608.37,Regular,Retail
2025-10-07,SKU-10008,12,49.76,597.12,278.04,Regular,Retail
2025-10-07,SKU-10048,28,154.39,4322.92,1496.04,Regular,Online
2025-10-07,SKU-10020,21,42.05,883.05,378.84,Regular,Retail
2025-10-07,SKU-10047,16,142.0,2272.0,932.64,Regular,Retail
2025-10-07,SKU-10035,22,150.03,3300.66,2027.52,Promo,Wholesale
2025-10-07,SKU-10038,11,59.13,650.43,414.81,Regular,Wholesale
2025-10-07,SKU-10016,15,179.24,2688.6,1327.8,Regular,Wholesale
2025-10-07,SKU-10044,5,184.69,923.45,540.8,Regular,Wholesale
2025-10-07,SKU-10015,5,175.63,878.15,298.9,Regular,Online
2025-10-07,SKU-10051,18,43.34,780.12,256.68,Regular,Retail
2025-10-07,SKU-10045,20,146.73,2934.6,1831.4,Regular,Online
2025-10-07,SKU-10030,22,27.06,595.32,275.44,Regular,Online
2025-10-07,SKU-10039,3,199.95,599.85,350.43,Regular,Wholesale
2025-10-07,SKU-10001,19,8.78,166.82,56.05,Regular,Online
2025-10-07,SKU-10027,15,181.36,2720.4,945.45,Regular,Wholesale
2025-10-07,SKU-10003,25,133.76,3344.0,1426.5,Regular,Wholesale
2025-10-07,SKU-10025,21,44.67,938.07,384.09,Promo,Retail
2025-10-07,SKU-10014,33,156.9,5177.7,2813.58,Regular,Retail
2025-10-07,SKU-10007,15,202.97,3044.55,1358.7,Regular,Wholesale
2025-10-07,SKU-10043,17,46.06,783.02,413.44,Regular,Retail
2025-10-07,SKU-10028,16,30.46,487.36,193.76,Regular,Wholesale
2025-10-07,SKU-10034,21,139.68,2933.28,1638.21,Regular,Retail
2025-10-07,SKU-10019,11,165.21,1817.31,813.45,Regular,Wholesale
2025-10-07,SKU-10040,10,170.85,1708.5,966.7,Regular,Wholesale
2025-10-07,SKU-10056,23,18.15,417.45,179.86,Regular,Retail
2025-10-07,SKU-10060,5,194.09,970.45,329.95,Regular,Retail
2025-10-07,SKU-10054,11,151.11,1662.21,607.97,Regular,Wholesale
2025-10-07,SKU-10005,19,14.71,279.49,123.69,Regular,Wholesale
2025-10-08,SKU-10013,24,137.73,3305.52,1469.52,Regular,Wholesale
2025-10-08,SKU-10001,9,8.71,78.39,26.55,Regular,Online
2025-10-08,SKU-10023,17,15.97,271.49,133.28,Regular,Online
2025-10-08,SKU-10032,7,76.89,538.23,237.86,Regular,Online
2025-10-08,SKU-10014,19,152.3,2893.7,1619.94,Regular,Retail
2025-10-08,SKU-10060,27,183.11,4943.97,1781.73,Regular,Wholesale
2025-10-08,SKU-10038,15,63.6,954.0,565.65,Regular,Online
2025-10-08,SKU-10031,15,129.29,1939.35,936.45,Regular,Wholesale
2025-10-08,SKU-10036,8,89.75,718.0,432.24,Regular,Online
2025-10-08,SKU-10025,16,48.76,780.16,292.64,Regular,Retail
2025-10-08,SKU-10017,19,214.01,4066.19,1625.64,Regular,Online
2025-10-08,SKU-10040,24,149.13,3579.12,2320.08,Promo,Online
2025-10-08,SKU-10003,20,135.14,2702.8,1141.2,Regular,Wholesale
2025-10-08,SKU-10021,32,119.23,3815.36,1763.2,Promo,Online
2025-10-08,SKU-10057,14,221.24,3097.36,1810.48,Regular,Wholesale
2025-10-08,SKU-10035,17,181.31,3082.27,1566.72,Regular,Wholesale
2025-10-08,SKU-10058,11,161.83,1780.13,825.22,Regular,Retail
2025-10-08,SKU-10016,25,172.79,4319.75,2213.0,Regular,Wholesale
2025-10-08,SKU-10041,3,159.44,478.32,270.93,Promo,Online
2025-10-08,SKU-10047,15,143.42,2151.3,874.35,Regular,Retail
2025-10-08,SKU-10008,26,49.62,1290.12,602.42,Regular,Wholesale
2025-10-08,SKU-10053,21,75.67,1589.07,792.33,Regular,Online
2025-10-08,SKU-10011,19,189.56,3601.64,1726.15,Promo,Online
2025-10-08,SKU-10015,12,134.98,1619.76,717.36,Promo,Retail
2025-10-08,SKU-10020,28,44.23,1238.44,505.12,Regular,Wholesale
2025-10-08,SKU-10056,28,17.58,492.24,218.96,Regular,Wholesale
2025-10-08,SKU-10018,13,109.23,1419.99,720.72,Promo,Online
2025-10-08,SKU-10046,9,104.59,941.31,492.12,Regular,Retail
2025-10-08,SKU-10039,20,205.65,4113.0,2336.2,Regular,Wholesale
2025-10-08,SKU-10026,8,122.68,981.44,524.64,Regular,Online
2025-10-08,SKU-10042,17,171.92,2922.64,1587.12,Promo,Wholesale
2025-10-08,SKU-10022,21,64.2,1348.2,577.5,Regular,Online
2025-10-08,SKU-10006,20,40.34,806.8,414.4,Promo,Wholesale
2025-10-08,SKU-10051,19,42.72,811.68,270.94,Regular,Retail
2025-10-08,SKU-10004,17,151.07,2568.19,1245.59,Regular,Wholesale
2025-10-08,SKU-10048,16,160.7,2571.2,854.88,Regular,Wholesale
2025-10-08,SKU-10049,17,229.72,3905.24,1608.37,Regular,Online
2025-10-08,SKU-10009,15,137.21,2058.15,824.7,Regular,Online
2025-10-08,SKU-10055,15,154.96,2324.4,1117.35,Regular,Online
2025-10-08,SKU-10029,21,185.91,3904.11,2360.82,Regular,Wholesale
2025-10-08,SKU-10030,5,22.17,110.85,62.6,Promo,Retail
2025-10-08,SKU-10052,21,145.72,3060.12,1214.64,Promo,Wholesale
2025-10-08,SKU-10012,20,64.83,1296.6,560.4,Promo,Online
2025-10-08,SKU-10043,17,44.89,763.13,413.44,Regular,Wholesale
2025-10-08,SKU-10028,20,31.85,637.0,242.2,Regular,Wholesale
2025-10-09,SKU-10053,23,75.18,1729.14,867.79,Regular,Retail
2025-10-09,SKU-10032,23,77.4,1780.2,781.54,Regular,Retail
2025-10-09,SKU-10054,18,126.62,2279.16,994.86,Promo,Retail
2025-10-09,SKU-10055,26,136.03,3536.78,1936.74,Promo,Wholesale
2025-10-09,SKU-10040,20,172.88,3457.6,1933.4,Regular,Online
2025-10-09,SKU-10042,19,210.79,4005.01,1773.84,Regular,Retail
2025-10-09,SKU-10016,32,168.01,5376.32,2832.64,Regular,Retail
2025-10-09,SKU-10045,20,157.4,3148.0,1831.4,Regular,Retail
2025-10-09,SKU-10049,8,229.71,1837.68,756.88,Regular,Online
2025-10-09,SKU-10005,27,15.87,428.49,175.77,Regular,Online
2025-10-09,SKU-10031,18,124.86,2247.48,1123.74,Regular,Wholesale
2025-10-09,SKU-10011,20,219.48,4389.6,1817.0,Regular,Retail
2025-10-09,SKU-10052,8,170.6,1364.8,462.72,Regular,Retail
2025-10-09,SKU-10034,18,138.98,2501.64,1404.18,Regular,Retail
2025-10-09,SKU-10047,17,140.61,2390.37,990.93,Regular,Online
2025-10-09,SKU-10017,25,216.6,5415.0,2139.0,Regular,Online
2025-10-09,SKU-10007,23,215.55,4957.65,2083.34,Regular,Retail
2025-10-09,SKU-10030,17,27.66,470.22,212.84,Regular,Retail
2025-10-09,SKU-10015,31,134.74,4176.94,1853.18,Promo,Wholesale
2025-10-09,SKU-10043,23,45.53,1047.19,559.36,Regular,Online
2025-10-09,SKU-10003,21,123.17,2586.57,1198.26,Regular,Retail
2025-10-09,SKU-10004,22,135.11,2972.42,1611.94,Promo,Retail
2025-10-09,SKU-10027,28,183.32,5132.96,1764.84,Regular,Retail
2025-10-09,SKU-10037,7,153.26,1072.82,642.6,Promo,Retail
2025-10-09,SKU-10033,38,135.79,5160.02,2778.56,Regular,Wholesale
2025-10-09,SKU-10039,4,162.31,649.24,467.24,Promo,Retail
2025-10-09,SKU-10029,29,186.63,5412.27,3260.18,Regular,Online
2025-10-09,SKU-10056,27,15.62,421.74,211.14,Promo,Retail
2025-10-09,SKU-10014,18,147.22,2649.96,1534.68,Regular,Retail
2025-10-09,SKU-10038,12,60.05,720.6,452.52,Regular,Online
2025-10-09,SKU-10022,12,66.04,792.48,330.0,Regular,Wholesale
2025-10-09,SKU-10010,12,75.01,900.12,370.2,Regular,Retail
2025-10-09,SKU-10023,17,17.05,289.85,133.28,Regular,Retail
2025-10-09,SKU-10060,16,175.71,2811.36,1055.84,Promo,Retail
2025-10-09,SKU-10006,24,52.04,1248.96,497.28,Regular,Online
2025-10-09,SKU-10046,19,103.2,1960.8,1038.92,Regular,Online
2025-10-09,SKU-10024,6,65.73,394.38,154.2,Promo,Retail
2025-10-09,SKU-10002,14,145.54,2037.56,1102.22,Regular,Retail
2025-10-09,SKU-10019,12,168.15,2017.8,887.4,Regular,Retail
2025-10-09,SKU-10036,13,83.1,1080.3,702.39,Promo,Wholesale
2025-10-09,SKU-10057,24,215.62,5174.88,3103.68,Regular,Wholesale
2025-10-09,SKU-10013,21,127.71,2681.91,1285.83,Regular,Online
2025-10-09,SKU-10059,22,36.36,799.92,342.32,Regular,Retail
2025-10-09,SKU-10025,14,51.7,723.8,256.06,Regular,Online
2025-10-09,SKU-10018,25,137.54,3438.5,1386.0,Regular,Online
2025-10-10,SKU-10043,17,43.92,746.64,413.44,Regular,Online
2025-10-10,SKU-10032,10,73.95,739.5,339.8,Regular,Wholesale
2025-10-10,SKU-10004,17,162.86,2768.62,1245.59,Regular,Online
2025-10-10,SKU-10036,17,93.35,1586.95,918.51,Regular,Retail
2025-10-10,SKU-10021,24,145.17,3484.08,1322.4,Regular,Retail
2025-10-10,SKU-10017,29,211.9,6145.1,2481.24,Regular,Retail
2025-10-10,SKU-10035,20,185.72,3714.4,1843.2,Regular,Retail
2025-10-10,SKU-10028,26,30.11,782.86,314.86,Regular,Retail
2025-10-10,SKU-10059,4,30.09,120.36,62.24,Promo,Retail
2025-10-10,SKU-10048,8,152.4,1219.2,427.44,Regular,Retail
2025-10-10,SKU-10022,30,61.05,1831.5,825.0,Regular,Retail
2025-10-10,SKU-10041,11,172.11,1893.21,993.41,Regular,Retail
2025-10-10,SKU-10056,31,16.6,514.6,242.42,Promo,Retail
2025-10-10,SKU-10039,25,190.17,4754.25,2920.25,Regular,Online
2025-10-10,SKU-10050,15,146.77,2201.55,1274.25,Regular,Retail
2025-10-10,SKU-10015,30,139.54,4186.2,1793.4,Promo,Retail
2025-10-10,SKU-10005,13,15.37,199.81,84.63,Regular,Retail
2025-10-10,SKU-10029,20,193.72,3874.4,2248.4,Regular,Online
2025-10-10,SKU-10051,20,41.46,829.2,285.2,Regular,Online
2025-10-10,SKU-10016,11,168.33,1851.63,973.72,Regular,Retail
2025-10-10,SKU-10038,28,59.93,1678.04,1055.88,Regular,Retail
2025-10-10,SKU-10026,15,115.26,1728.9,983.7,Regular,Retail
2025-10-10,SKU-10049,19,216.68,4116.92,1797.59,Regular,Online
2025-10-10,SKU-10006,20,45.68,913.6,414.4,Promo,Online
2025-10-10,SKU-10009,18,144.82,2606.76,989.64,Regular,Online
2025-10-10,SKU-10001,15,7.63,114.45,44.25,Promo,Online
2025-10-10,SKU-10060,19,192.48,3657.12,1253.81,Regular,Wholesale
2025-10-10,SKU-10054,23,153.9,3539.7,1271.21,Regular,Wholesale
2025-10-10,SKU-10008,19,42.69,811.11,440.23,Promo,Wholesale
2025-10-10,SKU-10030,21,26.28,551.88,262.92,Regular,Wholesale
2025-10-10,SKU-10046,23,104.49,2403.27,1257.64,Regular,Wholesale
2025-10-10,SKU-10019,24,160.2,3844.8,1774.8,Regular,Wholesale
2025-10-10,SKU-10042,12,221.85,2662.2,1120.32,Regular,Online
2025-10-10,SKU-10014,23,147.39,3389.97,1960.98,Regular,Online
2025-10-10,SKU-10013,28,134.23,3758.44,1714.44,Regular,Online
2025-10-10,SKU-10040,11,167.0,1837.0,1063.37,Regular,Wholesale
2025-10-10,SKU-10037,25,184.48,4612.0,2295.0,Regular,Wholesale
2025-10-10,SKU-10011,28,221.84,6211.52,2543.8,Regular,Online
2025-10-10,SKU-10045,12,153.07,1836.84,1098.84,Regular,Retail
2025-10-10,SKU-10055,15,143.96,2159.4,1117.35,Regular,Retail
2025-10-10,SKU-10052,29,168.78,4894.62,1677.36,Regular,Retail
2025-10-10,SKU-10024,15,62.66,939.9,385.5,Promo,Online
2025-10-10,SKU-10031,17,130.75,2222.75,1061.31,Regular,Retail
2025-10-10,SKU-10025,18,50.57,910.26,329.22,Regular,Online
2025-10-10,SKU-10018,22,110.82,2438.04,1219.68,Promo,Wholesale
2025-10-11,SKU-10055,18,154.92,2788.56,1340.82,Regular,Retail
2025-10-11,SKU-10045,30,157.39,4721.7,2747.1,Regular,Retail
2025-10-11,SKU-10035,30,195.41,5862.3,2764.8,Regular,Retail
2025-10-11,SKU-10030,2,22.31,44.62,25.04,Promo,Retail
2025-10-11,SKU-10025,5,45.72,228.6,91.45,Promo,Retail
2025-10-11,SKU-10004,11,161.61,1777.71,805.97,Regular,Wholesale
2025-10-11,SKU-10042,22,210.52,4631.44,2053.92,Regular,Wholesale
2025-10-11,SKU-10033,19,134.44,2554.36,1389.28,Regular,Online
2025-10-11,SKU-10005,10,14.98,149.8,65.1,Regular,Retail
2025-10-11,SKU-10043,17,45.85,779.45,413.44,Regular,Wholesale
2025-10-11,SKU-10049,33,232.97,7688.01,3122.13,Regular,Online
2025-10-11,SKU-10036,29,88.62,2569.98,1566.87,Regular,Online
2025-10-11,SKU-10008,16,49.64,794.24,370.72,Regular,Online
2025-10-11,SKU-10058,14,171.98,2407.72,1050.28,Regular,Retail
2025-10-11,SKU-10059,11,27.37,301.07,171.16,Promo,Wholesale
2025-10-11,SKU-10057,11,218.99,2408.89,1422.52,Regular,Retail
2025-10-11,SKU-10016,17,180.09,3061.53,1504.84,Regular,Wholesale
2025-10-11,SKU-10012,24,79.44,1906.56,672.48,Regular,Wholesale
2025-10-11,SKU-10011,15,217.13,3256.95,1362.75,Regular,Retail
2025-10-11,SKU-10020,18,41.15,740.7,324.72,Regular,Retail
2025-10-11,SKU-10034,28,134.97,3779.16,2184.28,Regular,Online
2025-10-11,SKU-10013,24,127.0,3048.0,1469.52,Regular,Wholesale
2025-10-11,SKU-10040,21,170.34,3577.14,2030.07,Regular,Retail
2025-10-11,SKU-10009,14,147.03,2058.42,769.72,Regular,Wholesale
2025-10-11,SKU-10044,14,190.84,2671.76,1514.24,Regular,Wholesale
2025-10-11,SKU-10050,13,156.87,2039.31,1104.35,Regular,Online
2025-10-11,SKU-10032,13,61.62,801.06,441.74,Promo,Retail
2025-10-11,SKU-10002,13,113.34,1473.42,1023.49,Promo,Wholesale
2025-10-11,SKU-10001,15,7.84,117.6,44.25,Promo,Online
2025-10-11,SKU-10037,13,195.47,2541.11,1193.4,Regular,Retail
2025-10-11,SKU-10019,9,171.07,1539.63,665.55,Regular,Retail
2025-10-11,SKU-10024,3,76.84,230.52,77.1,Regular,Online
2025-10-11,SKU-10038,17,50.18,853.06,641.07,Promo,Online
2025-10-11,SKU-10017,22,222.05,4885.1,1882.32,Regular,Online
2025-10-11,SKU-10054,21,142.4,2990.4,1160.67,Regular,Online
2025-10-11,SKU-10026,28,120.29,3368.12,1836.24,Regular,Wholesale
2025-10-11,SKU-10041,9,174.91,1574.19,812.79,Regular,Online
2025-10-11,SKU-10048,17,161.31,2742.27,908.31,Regular,Wholesale
2025-10-11,SKU-10006,23,47.28,1087.44,476.56,Promo,Wholesale
2025-10-11,SKU-10003,28,124.42,3483.76,1597.68,Regular,Online
2025-10-11,SKU-10052,16,160.41,2566.56,925.44,Regular,Wholesale
2025-10-11,SKU-10047,8,141.87,1134.96,466.32,Regular,Wholesale
2025-10-11,SKU-10031,7,121.71,851.97,437.01,Regular,Retail
2025-10-11,SKU-10018,9,141.97,1277.73,498.96,Regular,Retail
2025-10-12,SKU-10008,14,48.84,683.76,324.38,Regular,Online
2025-10-12,SKU-10058,22,158.36,3483.92,1650.44,Regular,Wholesale
2025-10-12,SKU-10022,6,61.11,366.66,165.0,Regular,Retail
2025-10-12,SKU-10027,16,196.36,3141.76,1008.48,Regular,Wholesale
2025-10-12,SKU-10012,14,67.79,949.06,392.28,Promo,Online
2025-10-12,SKU-10019,3,174.46,523.38,221.85,Regular,Wholesale
2025-10-12,SKU-10001,23,9.51,218.73,67.85,Regular,Wholesale
2025-10-12,SKU-10030,30,22.04,661.2,375.6,Promo,Online
2025-10-12,SKU-10023,20,17.15,343.0,156.8,Regular,Wholesale
2025-10-12,SKU-10025,31,53.17,1648.27,566.99,Regular,Online
2025-10-12,SKU-10052,12,169.89,2038.68,694.08,Regular,Wholesale
2025-10-12,SKU-10039,24,189.94,4558.56,2803.44,Regular,Online
2025-10-12,SKU-10011,25,224.94,5623.5,2271.25,Regular,Retail
2025-10-12,SKU-10016,5,169.23,846.15,442.6,Regular,Online
2025-10-12,SKU-10046,28,102.92,2881.76,1531.04,Regular,Retail
2025-10-12,SKU-10044,11,188.2,2070.2,1189.76,Regular,Online
2025-10-12,SKU-10007,18,183.41,3301.38,1630.44,Promo,Wholesale
2025-10-12,SKU-10041,13,169.25,2200.25,1174.03,Regular,Wholesale
2025-10-12,SKU-10026,18,124.4,2239.2,1180.44,Regular,Online
2025-10-12,SKU-10060,14,160.2,2242.8,923.86,Promo,Online
2025-10-12,SKU-10055,14,134.13,1877.82,1042.86,Promo,Retail
2025-10-12,SKU-10042,26,207.1,5384.6,2427.36,Regular,Wholesale
2025-10-12,SKU-10047,13,150.44,1955.72,757.77,Regular,Online
2025-10-12,SKU-10053,24,67.96,1631.04,905.52,Promo,Wholesale
2025-10-12,SKU-10004,22,159.49,3508.78,1611.94,Regular,Retail
2025-10-12,SKU-10045,22,160.29,3526.38,2014.54,Regular,Online
2025-10-12,SKU-10031,18,107.25,1930.5,1123.74,Promo,Online
2025-10-12,SKU-10036,10,96.05,960.5,540.3,Regular,Online
2025-10-12,SKU-10002,17,135.24,2299.08,1338.41,Regular,Online
2025-10-12,SKU-10050,17,158.04,2686.68,1444.15,Regular,Wholesale
2025-10-12,SKU-10020,19,41.92,796.48,342.76,Regular,Wholesale
2025-10-12,SKU-10037,14,195.13,2731.82,1285.2,Regular,Retail
2025-10-12,SKU-10051,25,44.32,1108.0,356.5,Regular,Retail
2025-10-12,SKU-10038,10,59.1,591.0,377.1,Regular,Wholesale
2025-10-12,SKU-10003,23,130.53,3002.19,1312.38,Regular,Retail
2025-10-12,SKU-10028,22,31.72,697.84,266.42,Regular,Online
2025-10-12,SKU-10006,22,52.9,1163.8,455.84,Regular,Retail
2025-10-12,SKU-10017,17,193.08,3282.36,1454.52,Promo,Wholesale
2025-10-12,SKU-10033,14,144.8,2027.2,1023.68,Regular,Retail
2025-10-12,SKU-10024,13,74.99,974.87,334.1,Regular,Online
2025-10-12,SKU-10015,31,171.82,5326.42,1853.18,Regular,Wholesale
2025-10-12,SKU-10005,35,15.3,535.5,227.85,Regular,Wholesale
2025-10-12,SKU-10029,19,184.67,3508.73,2135.98,Regular,Online
2025-10-12,SKU-10057,21,190.84,4007.64,2715.72,Promo,Wholesale
2025-10-12,SKU-10034,15,109.12,1636.8,1170.15,Promo,Retail
2025-10-13,SKU-10035,24,180.98,4343.52,2211.84,Regular,Wholesale
2025-10-13,SKU-10040,25,162.51,4062.75,2416.75,Regular,Wholesale
2025-10-13,SKU-10056,12,14.95,179.4,93.84,Promo,Retail
2025-10-13,SKU-10001,26,9.43,245.18,76.7,Regular,Wholesale
2025-10-13,SKU-10042,20,211.66,4233.2,1867.2,Regular,Retail
2025-10-13,SKU-10050,26,147.82,3843.32,2208.7,Regular,Wholesale
2025-10-13,SKU-10059,15,33.7,505.5,233.4,Regular,Retail
2025-10-13,SKU-10052,21,133.42,2801.82,1214.64,Promo,Online
2025-10-13,SKU-10026,11,114.29,1257.19,721.38,Regular,Retail
2025-10-13,SKU-10043,23,46.66,1073.18,559.36,Regular,Retail
2025-10-13,SKU-10027,27,182.9,4938.3,1701.81,Regular,Online
2025-10-13,SKU-10021,13,138.02,1794.26,716.3,Regular,Online
2025-10-13,SKU-10031,27,123.37,3330.99,1685.61,Regular,Retail
2025-10-13,SKU-10016,13,156.55,2035.15,1150.76,Promo,Online
2025-10-13,SKU-10002,21,140.25,2945.25,1653.33,Regular,Wholesale
2025-10-13,SKU-10003,12,130.91,1570.92,684.72,Regular,Online
2025-10-13,SKU-10039,9,201.16,1810.44,1051.29,Regular,Retail
2025-10-13,SKU-10014,31,155.62,4824.22,2643.06,Regular,Online
2025-10-13,SKU-10041,17,183.24,3115.08,1535.27,Regular,Retail
2025-10-13,SKU-10015,13,154.48,2008.24,777.14,Promo,Retail
2025-10-13,SKU-10017,22,203.44,4475.68,1882.32,Regular,Wholesale
2025-10-13,SKU-10044,14,179.39,2511.46,1514.24,Regular,Wholesale
2025-10-13,SKU-10011,20,209.03,4180.6,1817.0,Regular,Online
2025-10-13,SKU-10036,32,94.27,3016.64,1728.96,Regular,Online
2025-10-13,SKU-10013,22,104.65,2302.3,1347.06,Promo,Wholesale
2025-10-13,SKU-10032,22,75.13,1652.86,747.56,Regular,Wholesale
2025-10-13,SKU-10033,2,144.84,289.68,146.24,Regular,Online
2025-10-13,SKU-10005,17,15.63,265.71,110.67,Regular,Retail
2025-10-13,SKU-10047,20,145.01,2900.2,1165.8,Regular,Retail
2025-10-13,SKU-10022,23,52.68,1211.64,632.5,Promo,Online
2025-10-13,SKU-10025,14,51.52,721.28,256.06,Regular,Wholesale
2025-10-13,SKU-10018,14,136.01,1904.14,776.16,Regular,Wholesale
2025-10-13,SKU-10054,8,147.68,1181.44,442.16,Regular,Retail
2025-10-13,SKU-10046,23,97.62,2245.26,1257.64,Regular,Retail
2025-10-13,SKU-10024,18,64.71,1164.78,462.6,Promo,Wholesale
2025-10-13,SKU-10037,20,192.71,3854.2,1836.0,Regular,Online
2025-10-13,SKU-10051,20,42.92,858.4,285.2,Regular,Wholesale
2025-10-13,SKU-10060,12,185.15,2221.8,791.88,Regular,Wholesale
2025-10-13,SKU-10019,9,162.8,1465.2,665.55,Regular,Retail
2025-10-13,SKU-10012,7,78.04,546.28,196.14,Regular,Retail
2025-10-13,SKU-10020,21,44.49,934.29,378.84,Regular,Retail
2025-10-13,SKU-10053,17,70.96,1206.32,641.41,Regular,Wholesale
2025-10-13,SKU-10058,18,160.99,2897.82,1350.36,Regular,Wholesale
2025-10-13,SKU-10004,27,150.8,4071.6,1978.29,Regular,Wholesale
2025-10-13,SKU-10029,12,191.74,2300.88,1349.04,Regular,Online
2025-10-14,SKU-10045,13,133.19,1731.47,1190.41,Promo,Online
2025-10-14,SKU-10006,25,51.95,1298.75,518.0,Regular,Online
2025-10-14,SKU-10005,17,12.82,217.94,110.67,Promo,Retail
2025-10-14,SKU-10043,14,44.95,629.3,340.48,Regular,Retail
2025-10-14,SKU-10010,11,76.06,836.66,339.35,Regular,Online
2025-10-14,SKU-10002,24,145.71,3497.04,1889.52,Regular,Online
2025-10-14,SKU-10034,6,141.62,849.72,468.06,Regular,Retail
2025-10-14,SKU-10044,21,175.79,3691.59,2271.36,Regular,Wholesale
2025-10-14,SKU-10018,5,111.57,557.85,277.2,Promo,Wholesale
2025-10-14,SKU-10014,24,149.43,3586.32,2046.24,Regular,Wholesale
2025-10-14,SKU-10053,30,71.91,2157.3,1131.9,Regular,Retail
2025-10-14,SKU-10046,13,103.62,1347.06,710.84,Regular,Retail
2025-10-14,SKU-10032,8,77.15,617.2,271.84,Regular,Retail
2025-10-14,SKU-10007,16,201.91,3230.56,1449.28,Regular,Wholesale
2025-10-14,SKU-10026,22,121.21,2666.62,1442.76,Regular,Online
2025-10-14,SKU-10056,13,17.83,231.79,101.66,Regular,Online
2025-10-14,SKU-10030,19,26.83,509.77,237.88,Regular,Wholesale
2025-10-14,SKU-10004,16,136.85,2189.6,1172.32,Promo,Wholesale
2025-10-14,SKU-10037,22,196.39,4320.58,2019.6,Regular,Retail
2025-10-14,SKU-10028,17,30.07,511.19,205.87,Regular,Wholesale
2025-10-14,SKU-10015,18,133.98,2411.64,1076.04,Promo,Wholesale
2025-10-14,SKU-10027,21,187.51,3937.71,1323.63,Regular,Online
2025-10-14,SKU-10017,26,212.84,5533.84,2224.56,Regular,Wholesale
2025-10-14,SKU-10020,36,44.26,1593.36,649.44,Regular,Online
2025-10-14,SKU-10057,24,194.84,4676.16,3103.68,Promo,Wholesale
2025-10-14,SKU-10003,15,100.92,1513.8,855.9,Promo,Online
2025-10-14,SKU-10036,22,92.78,2041.16,1188.66,Regular,Wholesale
2025-10-14,SKU-10025,7,44.77,313.39,128.03,Promo,Online
2025-10-14,SKU-10050,31,153.93,4771.83,2633.45,Regular,Retail
2025-10-14,SKU-10008,19,50.65,962.35,440.23,Regular,Wholesale
2025-10-14,SKU-10029,14,189.96,2659.44,1573.88,Regular,Wholesale
2025-10-14,SKU-10038,15,63.46,951.9,565.65,Regular,Online
2025-10-14,SKU-10009,20,139.31,2786.2,1099.6,Regular,Wholesale
2025-10-14,SKU-10012,9,77.22,694.98,252.18,Regular,Retail
2025-10-14,SKU-10051,26,39.49,1026.74,370.76,Promo,Retail
2025-10-14,SKU-10047,10,146.79,1467.9,582.9,Regular,Online
2025-10-14,SKU-10023,5,17.38,86.9,39.2,Regular,Wholesale
2025-10-14,SKU-10048,12,150.62,1807.44,641.16,Regular,Wholesale
2025-10-14,SKU-10055,8,128.67,1029.36,595.92,Promo,Online
2025-10-14,SKU-10022,10,57.18,571.8,275.0,Promo,Retail
2025-10-14,SKU-10013,17,138.3,2351.1,1040.91,Regular,Online
2025-10-14,SKU-10042,24,225.91,5421.84,2240.64,Regular,Retail
2025-10-14,SKU-10052,28,165.08,4622.24,1619.52,Regular,Online
2025-10-14,SKU-10060,13,182.5,2372.5,857.87,Regular,Retail
2025-10-15,SKU-10022,25,63.43,1585.75,687.5,Regular,Wholesale
2025-10-15,SKU-10032,9,69.63,626.67,305.82,Promo,Wholesale
2025-10-15,SKU-10026,5,107.0,535.0,327.9,Promo,Online
2025-10-15,SKU-10014,22,150.23,3305.06,1875.72,Regular,Retail
2025-10-15,SKU-10035,17,190.13,3232.21,1566.72,Regular,Retail
2025-10-15,SKU-10006,28,53.61,1501.08,580.16,Regular,Wholesale
2025-10-15,SKU-10038,10,63.14,631.4,377.1,Regular,Retail
2025-10-15,SKU-10040,18,166.39,2995.02,1740.06,Regular,Online
2025-10-15,SKU-10001,15,8.3,124.5,44.25,Promo,Online
2025-10-15,SKU-10015,31,177.15,5491.65,1853.18,Regular,Online
2025-10-15,SKU-10024,11,80.3,883.3,282.7,Regular,Online
2025-10-15,SKU-10033,21,124.97,2624.37,1535.52,Promo,Online
2025-10-15,SKU-10007,18,198.25,3568.5,1630.44,Regular,Wholesale
2025-10-15,SKU-10021,3,118.99,356.97,165.3,Promo,Online
2025-10-15,SKU-10057,14,227.74,3188.36,1810.48,Regular,Wholesale
2025-10-15,SKU-10036,21,91.13,1913.73,1134.63,Regular,Online
2025-10-15,SKU-10060,11,176.08,1936.88,725.89,Promo,Retail
2025-10-15,SKU-10055,15,147.4,2211.0,1117.35,Regular,Retail
2025-10-15,SKU-10059,13,36.04,468.52,202.28,Regular,Wholesale
2025-10-15,SKU-10041,18,173.97,3131.46,1625.58,Regular,Retail
2025-10-15,SKU-10052,17,162.05,2754.85,983.28,Regular,Wholesale
2025-10-15,SKU-10048,18,139.37,2508.66,961.74,Promo,Wholesale
2025-10-15,SKU-10018,10,121.63,1216.3,554.4,Promo,Online
2025-10-15,SKU-10012,21,76.07,1597.47,588.42,Regular,Wholesale
2025-10-15,SKU-10044,30,189.77,5693.1,3244.8,Regular,Wholesale
2025-10-15,SKU-10054,34,142.09,4831.06,1879.18,Regular,Wholesale
2025-10-15,SKU-10005,18,13.21,237.78,117.18,Promo,Online
2025-10-15,SKU-10049,11,196.27,2158.97,1040.71,Promo,Retail
2025-10-15,SKU-10027,27,186.27,5029.29,1701.81,Regular,Wholesale
2025-10-15,SKU-10031,16,128.01,2048.16,998.88,Regular,Retail
2025-10-15,SKU-10046,16,101.78,1628.48,874.88,Regular,Online
2025-10-15,SKU-10045,23,157.7,3627.1,2106.11,Regular,Retail
2025-10-15,SKU-10050,21,151.71,3185.91,1783.95,Regular,Wholesale
2025-10-15,SKU-10009,11,145.68,1602.48,604.78,Regular,Wholesale
2025-10-15,SKU-10002,4,137.25,549.0,314.92,Regular,Wholesale
2025-10-15,SKU-10019,19,142.29,2703.51,1405.05,Promo,Retail
2025-10-15,SKU-10011,8,199.75,1598.0,726.8,Promo,Retail
2025-10-15,SKU-10008,19,41.83,794.77,440.23,Promo,Wholesale
2025-10-15,SKU-10051,12,43.94,527.28,171.12,Regular,Retail
2025-10-15,SKU-10056,13,18.62,242.06,101.66,Regular,Wholesale
2025-10-15,SKU-10034,17,132.86,2258.62,1326.17,Regular,Wholesale
2025-10-15,SKU-10023,13,17.35,225.55,101.92,Regular,Retail
2025-10-15,SKU-10025,38,50.84,1931.92,695.02,Regular,Retail
2025-10-15,SKU-10058,22,170.91,3760.02,1650.44,Regular,Retail
2025-10-15,SKU-10004,19,123.71,2350.49,1392.13,Promo,Wholesale
2025-10-16,SKU-10021,8,139.46,1115.68,440.8,Regular,Wholesale
2025-10-16,SKU-10017,27,182.79,4935.33,2310.12,Promo,Retail
2025-10-16,SKU-10047,20,130.2,2604.0,1165.8,Promo,Online
2025-10-16,SKU-10056,10,17.93,179.3,78.2,Regular,Online
2025-10-16,SKU-10036,9,95.11,855.99,486.27,Regular,Wholesale
2025-10-16,SKU-10038,10,62.04,620.4,377.1,Regular,Retail
2025-10-16,SKU-10046,23,104.01,2392.23,1257.64,Regular,Retail
2025-10-16,SKU-10054,23,149.4,3436.2,1271.21,Regular,Online
2025-10-16,SKU-10019,11,170.26,1872.86,813.45,Regular,Online
2025-10-16,SKU-10052,21,157.52,3307.92,1214.64,Regular,Retail
2025-10-16,SKU-10041,18,182.25,3280.5,1625.58,Regular,Wholesale
2025-10-16,SKU-10013,16,111.27,1780.32,979.68,Promo,Wholesale
2025-10-16,SKU-10051,24,34.52,828.48,342.24,Promo,Online
2025-10-16,SKU-10033,22,121.12,2664.64,1608.64,Promo,Wholesale
2025-10-16,SKU-10020,2,44.49,88.98,36.08,Regular,Online
2025-10-16,SKU-10049,14,177.64,2486.96,1324.54,Promo,Retail
2025-10-16,SKU-10032,5,72.97,364.85,169.9,Regular,Wholesale
2025-10-16,SKU-10055,16,144.8,2316.8,1191.84,Regular,Retail
2025-10-16,SKU-10030,22,25.47,560.34,275.44,Regular,Wholesale
2025-10-16,SKU-10060,17,183.21,3114.57,1121.83,Regular,Online
2025-10-16,SKU-10042,19,211.98,4027.62,1773.84,Regular,Online
2025-10-16,SKU-10012,2,76.28,152.56,56.04,Regular,Online
2025-10-16,SKU-10048,23,138.55,3186.65,1228.89,Promo,Online
2025-10-16,SKU-10045,9,154.22,1387.98,824.13,Regular,Online
2025-10-16,SKU-10022,18,64.93,1168.74,495.0,Regular,Wholesale
2025-10-16,SKU-10015,14,178.96,2505.44,836.92,Regular,Online
2025-10-16,SKU-10029,6,183.34,1100.04,674.52,Regular,Online
2025-10-16,SKU-10039,21,196.47,4125.87,2453.01,Regular,Retail
2025-10-16,SKU-10034,12,132.96,1595.52,936.12,Regular,Online
2025-10-16,SKU-10053,12,72.2,866.4,452.76,Regular,Online
2025-10-16,SKU-10026,22,115.67,2544.74,1442.76,Regular,Wholesale
2025-10-16,SKU-10016,19,168.26,3196.94,1681.88,Regular,Retail
2025-10-16,SKU-10058,23,158.4,3643.2,1725.46,Regular,Wholesale
2025-10-16,SKU-10007,9,210.92,1898.28,815.22,Regular,Online
2025-10-16,SKU-10057,17,199.26,3387.42,2198.44,Promo,Wholesale
2025-10-16,SKU-10011,13,214.29,2785.77,1181.05,Regular,Retail
2025-10-16,SKU-10050,10,159.56,1595.6,849.5,Regular,Wholesale
2025-10-16,SKU-10043,8,43.8,350.4,194.56,Regular,Online
2025-10-16,SKU-10005,17,14.87,252.79,110.67,Regular,Retail
2025-10-16,SKU-10003,25,131.56,3289.0,1426.5,Regular,Online
2025-10-16,SKU-10044,16,161.48,2583.68,1730.56,Promo,Online
2025-10-16,SKU-10018,7,137.43,962.01,388.08,Regular,Wholesale
2025-10-16,SKU-10009,20,143.57,2871.4,1099.6,Regular,Wholesale
2025-10-16,SKU-10002,28,113.21,3169.88,2204.44,Promo,Retail
2025-10-16,SKU-10024,34,76.13,2588.42,873.8,Regular,Wholesale
2025-10-17,SKU-10012,24,82.25,1974.0,672.48,Regular,Retail
2025-10-17,SKU-10050,20,153.31,3066.2,1699.0,Regular,Retail
2025-10-17,SKU-10039,26,199.87,5196.62,3037.06,Regular,Wholesale
2025-10-17,SKU-10017,24,179.35,4304.4,2053.44,Promo,Wholesale
2025-10-17,SKU-10010,20,64.43,1288.6,617.0,Promo,Wholesale
2025-10-17,SKU-10057,7,225.13,1575.91,905.24,Regular,Online
2025-10-17,SKU-10048,11,151.59,1667.49,587.73,Regular,Retail
2025-10-17,SKU-10055,19,154.12,2928.28,1415.31,Regular,Wholesale
2025-10-17,SKU-10011,17,174.93,2973.81,1544.45,Promo,Online
2025-10-17,SKU-10008,17,49.34,838.78,393.89,Regular,Online
2025-10-17,SKU-10013,14,129.14,1807.96,857.22,Regular,Wholesale
2025-10-17,SKU-10043,25,44.13,1103.25,608.0,Regular,Wholesale
2025-10-17,SKU-10041,14,177.23,2481.22,1264.34,Regular,Retail
2025-10-17,SKU-10044,8,185.88,1487.04,865.28,Regular,Retail
2025-10-17,SKU-10006,14,49.9,698.6,290.08,Regular,Wholesale
2025-10-17,SKU-10059,20,35.61,712.2,311.2,Regular,Wholesale
2025-10-17,SKU-10030,17,27.08,460.36,212.84,Regular,Online
2025-10-17,SKU-10051,16,43.01,688.16,228.16,Regular,Online
2025-10-17,SKU-10026,11,114.07,1254.77,721.38,Regular,Retail
2025-10-17,SKU-10009,16,138.41,2214.56,879.68,Regular,Wholesale
2025-10-17,SKU-10016,12,174.59,2095.08,1062.24,Regular,Online
2025-10-17,SKU-10040,15,160.42,2406.3,1450.05,Regular,Retail
2025-10-17,SKU-10034,14,121.69,1703.66,1092.14,Promo,Wholesale
2025-10-17,SKU-10038,23,62.17,1429.91,867.33,Regular,Wholesale
2025-10-17,SKU-10056,13,15.59,202.67,101.66,Promo,Wholesale
2025-10-17,SKU-10031,1,127.59,127.59,62.43,Regular,Online
2025-10-17,SKU-10007,18,204.73,3685.14,1630.44,Regular,Retail
2025-10-17,SKU-10029,29,192.12,5571.48,3260.18,Regular,Retail
2025-10-17,SKU-10054,11,141.62,1557.82,607.97,Regular,Online
2025-10-17,SKU-10020,21,44.35,931.35,378.84,Regular,Wholesale
2025-10-17,SKU-10052,21,161.12,3383.52,1214.64,Regular,Online
2025-10-17,SKU-10005,19,14.11,268.09,123.69,Promo,Retail
2025-10-17,SKU-10003,28,123.25,3451.0,1597.68,Regular,Online
2025-10-17,SKU-10033,21,138.54,2909.34,1535.52,Regular,Retail
2025-10-17,SKU-10004,25,128.59,3214.75,1831.75,Promo,Wholesale
2025-10-17,SKU-10021,12,114.6,1375.2,661.2,Promo,Online
2025-10-17,SKU-10053,19,70.5,1339.5,716.87,Regular,Online
2025-10-17,SKU-10024,34,65.68,2233.12,873.8,Promo,Retail
2025-10-17,SKU-10023,16,17.22,275.52,125.44,Regular,Retail
2025-10-17,SKU-10001,33,8.65,285.45,97.35,Regular,Retail
2025-10-17,SKU-10022,18,61.36,1104.48,495.0,Regular,Wholesale
2025-10-17,SKU-10015,2,173.23,346.46,119.56,Regular,Online
2025-10-17,SKU-10036,12,88.54,1062.48,648.36,Regular,Retail
2025-10-17,SKU-10018,15,129.7,1945.5,831.6,Regular,Wholesale
2025-10-17,SKU-10002,14,141.93,1987.02,1102.22,Regular,Retail
2025-10-18,SKU-10038,14,60.52,847.28,527.94,Regular,Wholesale
2025-10-18,SKU-10060,20,185.96,3719.2,1319.8,Regular,Wholesale
2025-10-18,SKU-10012,19,79.86,1517.34,532.38,Regular,Wholesale
2025-10-18,SKU-10047,13,150.7,1959.1,757.77,Regular,Online
2025-10-18,SKU-10034,24,132.04,3168.96,1872.24,Regular,Retail
2025-10-18,SKU-10014,5,155.56,777.8,426.3,Regular,Online
2025-10-18,SKU-10053,14,77.55,1085.7,528.22,Regular,Online
2025-10-18,SKU-10025,30,43.53,1305.9,548.7,Promo,Retail
2025-10-18,SKU-10016,12,178.78,2145.36,1062.24,Regular,Wholesale
2025-10-18,SKU-10019,29,166.1,4816.9,2144.55,Regular,Wholesale
2025-10-18,SKU-10058,21,132.82,2789.22,1575.42,Promo,Wholesale
2025-10-18,SKU-10017,19,213.06,4048.14,1625.64,Regular,Wholesale
2025-10-18,SKU-10003,15,127.17,1907.55,855.9,Regular,Retail
2025-10-18,SKU-10040,12,174.81,2097.72,1160.04,Regular,Online
2025-10-18,SKU-10002,24,123.27,2958.48,1889.52,Promo,Online
2025-10-18,SKU-10005,28,14.02,392.56,182.28,Promo,Retail
2025-10-18,SKU-10018,14,129.97,1819.58,776.16,Regular,Online
2025-10-18,SKU-10052,19,160.82,3055.58,1098.96,Regular,Wholesale
2025-10-18,SKU-10009,32,138.05,4417.6,1759.36,Regular,Retail
2025-10-18,SKU-10048,16,157.78,2524.48,854.88,Regular,Online
2025-10-18,SKU-10050,17,155.73,2647.41,1444.15,Regular,Wholesale
2025-10-18,SKU-10029,9,182.53,1642.77,1011.78,Regular,Online
2025-10-18,SKU-10046,16,100.69,1611.04,874.88,Regular,Online
2025-10-18,SKU-10015,7,169.97,1189.79,418.46,Regular,Wholesale
2025-10-18,SKU-10028,10,30.44,304.4,121.1,Regular,Retail
2025-10-18,SKU-10013,16,120.25,1924.0,979.68,Promo,Wholesale
2025-10-18,SKU-10007,14,201.6,2822.4,1268.12,Regular,Retail
2025-10-18,SKU-10021,34,140.09,4763.06,1873.4,Regular,Wholesale
2025-10-18,SKU-10054,9,153.72,1383.48,497.43,Regular,Wholesale
2025-10-18,SKU-10010,26,69.02,1794.52,802.1,Regular,Online
2025-10-18,SKU-10045,26,154.63,4020.38,2380.82,Regular,Wholesale
2025-10-18,SKU-10035,10,180.19,1801.9,921.6,Regular,Wholesale
2025-10-18,SKU-10042,23,206.42,4747.66,2147.28,Regular,Wholesale
2025-10-18,SKU-10026,37,118.9,4399.3,2426.46,Regular,Retail
2025-10-18,SKU-10056,22,18.04,396.88,172.04,Regular,Retail
2025-10-18,SKU-10006,32,50.29,1609.28,663.04,Regular,Online
2025-10-18,SKU-10032,30,73.19,2195.7,1019.4,Regular,Online
2025-10-18,SKU-10055,16,155.84,2493.44,1191.84,Regular,Retail
2025-10-18,SKU-10037,9,192.81,1735.29,826.2,Regular,Online
2025-10-18,SKU-10043,13,46.18,600.34,316.16,Regular,Online
2025-10-18,SKU-10059,12,34.21,410.52,186.72,Regular,Online
2025-10-18,SKU-10051,14,42.68,597.52,199.64,Regular,Retail
2025-10-18,SKU-10023,32,17.34,554.88,250.88,Regular,Online
2025-10-18,SKU-10031,26,123.97,3223.22,1623.18,Regular,Online
2025-10-18,SKU-10049,22,225.27,4955.94,2081.42,Regular,Online
2025-10-19,SKU-10020,17,42.82,727.94,306.68,Regular,Online
2025-10-19,SKU-10052,31,139.86,4335.66,1793.04,Promo,Retail
2025-10-19,SKU-10007,6,208.48,1250.88,543.48,Regular,Wholesale
2025-10-19,SKU-10043,16,45.57,729.12,389.12,Regular,Retail
2025-10-19,SKU-10039,16,203.63,3258.08,1868.96,Regular,Retail
2025-10-19,SKU-10033,10,144.18,1441.8,731.2,Regular,Online
2025-10-19,SKU-10060,26,184.89,4807.14,1715.74,Regular,Retail
2025-10-19,SKU-10004,15,151.38,2270.7,1099.05,Regular,Retail
2025-10-19,SKU-10003,14,134.57,1883.98,798.84,Regular,Retail
2025-10-19,SKU-10026,8,103.65,829.2,524.64,Promo,Retail
2025-10-19,SKU-10059,2,35.46,70.92,31.12,Regular,Online
2025-10-19,SKU-10054,7,144.39,1010.73,386.89,Regular,Online
2025-10-19,SKU-10038,17,63.64,1081.88,641.07,Regular,Retail
2025-10-19,SKU-10011,9,223.97,2015.73,817.65,Regular,Retail
2025-10-19,SKU-10018,15,134.24,2013.6,831.6,Regular,Wholesale
2025-10-19,SKU-10002,8,146.56,1172.48,629.84,Regular,Retail
2025-10-19,SKU-10034,13,135.54,1762.02,1014.13,Regular,Retail
2025-10-19,SKU-10032,14,72.61,1016.54,475.72,Regular,Retail
2025-10-19,SKU-10037,8,194.03,1552.24,734.4,Regular,Retail
2025-10-19,SKU-10040,23,172.63,3970.49,2223.41,Regular,Online
2025-10-19,SKU-10058,8,136.55,1092.4,600.16,Promo,Retail
2025-10-19,SKU-10005,27,15.26,412.02,175.77,Regular,Wholesale
2025-10-19,SKU-10028,27,30.26,817.02,326.97,Regular,Retail
2025-10-19,SKU-10031,14,122.88,1720.32,874.02,Regular,Wholesale
2025-10-19,SKU-10036,7,94.46,661.22,378.21,Regular,Online
2025-10-19,SKU-10013,22,106.81,2349.82,1347.06,Promo,Online
2025-10-19,SKU-10025,16,49.03,784.48,292.64,Regular,Online
2025-10-19,SKU-10021,30,143.27,4298.1,1653.0,Regular,Wholesale
2025-10-19,SKU-10057,16,213.05,3408.8,2069.12,Regular,Retail
2025-10-19,SKU-10001,29,9.29,269.41,85.55,Regular,Wholesale
2025-10-19,SKU-10055,4,151.63,606.52,297.96,Regular,Retail
2025-10-19,SKU-10029,23,155.85,3584.55,2585.66,Promo,Online
2025-10-19,SKU-10014,25,155.25,3881.25,2131.5,Regular,Retail
2025-10-19,SKU-10053,15,77.07,1156.05,565.95,Regular,Retail
2025-10-19,SKU-10056,6,14.62,87.72,46.92,Promo,Wholesale
2025-10-19,SKU-10045,37,153.82,5691.34,3388.09,Regular,Wholesale
2025-10-19,SKU-10035,17,188.07,3197.19,1566.72,Regular,Retail
2025-10-19,SKU-10009,17,126.94,2157.98,934.66,Promo,Online
2025-10-19,SKU-10041,21,168.27,3533.67,1896.51,Regular,Online
2025-10-19,SKU-10042,14,219.67,3075.38,1307.04,Regular,Retail
2025-10-19,SKU-10048,23,162.25,3731.75,1228.89,Regular,Retail
2025-10-19,SKU-10027,28,179.8,5034.4,1764.84,Regular,Wholesale
2025-10-19,SKU-10010,20,74.73,1494.6,617.0,Regular,Online
2025-10-19,SKU-10006,26,53.74,1397.24,538.72,Regular,Wholesale
2025-10-19,SKU-10044,15,190.22,2853.3,1622.4,Regular,Retail
2025-10-20,SKU-10045,35,146.94,5142.9,3204.95,Regular,Wholesale
2025-10-20,SKU-10001,17,8.7,147.9,50.15,Regular,Online
2025-10-20,SKU-10060,12,197.72,2372.64,791.88,Regular,Online
2025-10-20,SKU-10005,19,15.49,294.31,123.69,Regular,Retail
2025-10-20,SKU-10017,13,213.61,2776.93,1112.28,Regular,Retail
2025-10-20,SKU-10009,11,144.61,1590.71,604.78,Regular,Wholesale
2025-10-20,SKU-10048,20,137.62,2752.4,1068.6,Promo,Retail
2025-10-20,SKU-10026,23,119.75,2754.25,1508.34,Regular,Online
2025-10-20,SKU-10057,23,219.98,5059.54,2974.36,Regular,Wholesale
2025-10-20,SKU-10015,5,141.94,709.7,298.9,Promo,Online
2025-10-20,SKU-10052,19,172.0,3268.0,1098.96,Regular,Wholesale
2025-10-20,SKU-10027,14,170.14,2381.96,882.42,Promo,Online
2025-10-20,SKU-10038,16,53.81,860.96,603.36,Promo,Online
2025-10-20,SKU-10025,16,50.73,811.68,292.64,Regular,Wholesale
2025-10-20,SKU-10004,13,161.68,2101.84,952.51,Regular,Wholesale
2025-10-20,SKU-10049,35,220.63,7722.05,3311.35,Regular,Wholesale
2025-10-20,SKU-10013,20,128.6,2572.0,1224.6,Regular,Online
2025-10-20,SKU-10032,18,77.12,1388.16,611.64,Regular,Wholesale
2025-10-20,SKU-10014,9,146.94,1322.46,767.34,Regular,Retail
2025-10-20,SKU-10041,18,179.75,3235.5,1625.58,Regular,Wholesale
2025-10-20,SKU-10040,18,136.53,2457.54,1740.06,Promo,Wholesale
2025-10-20,SKU-10022,5,51.4,257.0,137.5,Promo,Online
2025-10-20,SKU-10054,12,127.33,1527.96,663.24,Promo,Wholesale
2025-10-20,SKU-10042,28,187.68,5255.04,2614.08,Promo,Retail
2025-10-20,SKU-10031,21,124.13,2606.73,1311.03,Regular,Wholesale
2025-10-20,SKU-10012,5,82.46,412.3,140.1,Regular,Wholesale
2025-10-20,SKU-10056,19,18.01,342.19,148.58,Regular,Online
2025-10-20,SKU-10037,20,183.03,3660.6,1836.0,Regular,Online
2025-10-20,SKU-10044,14,185.55,2597.7,1514.24,Regular,Wholesale
2025-10-20,SKU-10018,14,140.95,1973.3,776.16,Regular,Retail
2025-10-20,SKU-10053,21,59.61,1251.81,792.33,Promo,Wholesale
2025-10-20,SKU-10033,17,134.27,2282.59,1243.04,Regular,Wholesale
2025-10-20,SKU-10055,19,150.15,2852.85,1415.31,Regular,Retail
2025-10-20,SKU-10047,7,138.63,970.41,408.03,Regular,Retail
2025-10-20,SKU-10008,12,42.58,510.96,278.04,Promo,Wholesale
2025-10-20,SKU-10011,19,215.52,4094.88,1726.15,Regular,Online
2025-10-20,SKU-10003,31,128.39,3980.09,1768.86,Regular,Retail
2025-10-20,SKU-10046,26,87.12,2265.12,1421.68,Promo,Wholesale
2025-10-20,SKU-10007,28,202.68,5675.04,2536.24,Regular,Online
2025-10-20,SKU-10043,20,47.66,953.2,486.4,Regular,Retail
2025-10-20,SKU-10020,23,42.9,986.7,414.92,Regular,Online
2025-10-20,SKU-10058,3,171.85,515.55,225.06,Regular,Online
2025-10-20,SKU-10039,2,195.51,391.02,233.62,Regular,Wholesale
2025-10-20,SKU-10006,29,40.74,1181.46,600.88,Promo,Wholesale
2025-10-20,SKU-10035,9,179.61,1616.49,829.44,Regular,Online
2025-10-21,SKU-10006,17,51.81,880.77,352.24,Regular,Online
2025-10-21,SKU-10011,11,215.87,2374.57,999.35,Regular,Online
2025-10-21,SKU-10055,23,122.21,2810.83,1713.27,Promo,Online
2025-10-21,SKU-10046,14,96.44,1350.16,765.52,Regular,Wholesale
2025-10-21,SKU-10008,30,49.83,1494.9,695.1,Regular,Wholesale
2025-10-21,SKU-10009,17,127.7,2170.9,934.66,Promo,Retail
2025-10-21,SKU-10040,23,131.95,3034.85,2223.41,Promo,Retail
2025-10-21,SKU-10044,6,178.78,1072.68,648.96,Regular,Retail
2025-10-21,SKU-10012,29,64.59,1873.11,812.58,Promo,Retail
2025-10-21,SKU-10060,33,186.75,6162.75,2177.67,Regular,Online
2025-10-21,SKU-10053,6,72.29,433.74,226.38,Regular,Online
2025-10-21,SKU-10013,21,106.6,2238.6,1285.83,Promo,Retail
2025-10-21,SKU-10054,12,148.76,1785.12,663.24,Regular,Retail
2025-10-21,SKU-10047,18,141.64,2549.52,1049.22,Regular,Wholesale
2025-10-21,SKU-10038,21,58.94,1237.74,791.91,Regular,Online
2025-10-21,SKU-10051,17,45.27,769.59,242.42,Regular,Online
2025-10-21,SKU-10001,23,9.08,208.84,67.85,Regular,Online
2025-10-21,SKU-10057,13,227.25,2954.25,1681.16,Regular,Retail
2025-10-21,SKU-10010,30,73.88,2216.4,925.5,Regular,Retail
2025-10-21,SKU-10058,13,171.34,2227.42,975.26,Regular,Wholesale
2025-10-21,SKU-10027,1,190.55,190.55,63.03,Regular,Retail
2025-10-21,SKU-10028,11,32.17,353.87,133.21,Regular,Retail
2025-10-21,SKU-10002,20,145.18,2903.6,1574.6,Regular,Online
2025-10-21,SKU-10034,28,128.91,3609.48,2184.28,Regular,Wholesale
2025-10-21,SKU-10005,20,12.61,252.2,130.2,Promo,Wholesale
2025-10-21,SKU-10004,24,156.5,3756.0,1758.48,Regular,Retail
2025-10-21,SKU-10045,12,125.58,1506.96,1098.84,Promo,Retail
2025-10-21,SKU-10033,26,134.56,3498.56,1901.12,Regular,Online
2025-10-21,SKU-10041,30,177.11,5313.3,2709.3,Regular,Retail
2025-10-21,SKU-10021,16,144.92,2318.72,881.6,Regular,Online
2025-10-21,SKU-10022,11,66.01,726.11,302.5,Regular,Wholesale
2025-10-21,SKU-10014,21,124.82,2621.22,1790.46,Promo,Retail
2025-10-21,SKU-10035,17,185.27,3149.59,1566.72,Regular,Wholesale
2025-10-21,SKU-10032,24,75.73,1817.52,815.52,Regular,Wholesale
2025-10-21,SKU-10048,19,138.7,2635.3,1015.17,Promo,Online
2025-10-21,SKU-10007,7,215.26,1506.82,634.06,Regular,Wholesale
2025-10-21,SKU-10026,11,101.93,1121.23,721.38,Promo,Retail
2025-10-21,SKU-10037,21,188.76,3963.96,1927.8,Regular,Retail
2025-10-21,SKU-10052,11,162.18,1783.98,636.24,Regular,Online
2025-10-21,SKU-10019,24,175.12,4202.88,1774.8,Regular,Wholesale
2025-10-21,SKU-10030,21,24.05,505.05,262.92,Promo,Online
2025-10-21,SKU-10023,10,16.28,162.8,78.4,Regular,Wholesale
2025-10-21,SKU-10050,10,159.35,1593.5,849.5,Regular,Retail
2025-10-21,SKU-10003,27,134.09,3620.43,1540.62,Regular,Wholesale
2025-10-22,SKU-10004,10,153.47,1534.7,732.7,Regular,Wholesale
2025-10-22,SKU-10055,10,153.31,1533.1,744.9,Regular,Wholesale
2025-10-22,SKU-10048,31,152.31,4721.61,1656.33,Regular,Retail
2025-10-22,SKU-10020,20,37.52,750.4,360.8,Promo,Retail
2025-10-22,SKU-10013,20,138.3,2766.0,1224.6,Regular,Retail
2025-10-22,SKU-10018,30,118.97,3569.1,1663.2,Promo,Online
2025-10-22,SKU-10035,22,180.36,3967.92,2027.52,Regular,Online
2025-10-22,SKU-10026,19,119.85,2277.15,1246.02,Regular,Wholesale
2025-10-22,SKU-10022,9,62.14,559.26,247.5,Regular,Wholesale
2025-10-22,SKU-10058,14,167.75,2348.5,1050.28,Regular,Retail
2025-10-22,SKU-10025,8,48.51,388.08,146.32,Regular,Retail
2025-10-22,SKU-10014,12,149.43,1793.16,1023.12,Regular,Wholesale
2025-10-22,SKU-10056,19,15.07,286.33,148.58,Promo,Wholesale
2025-10-22,SKU-10006,17,53.47,908.99,352.24,Regular,Retail
2025-10-22,SKU-10008,3,50.06,150.18,69.51,Regular,Retail
2025-10-22,SKU-10029,18,156.11,2809.98,2023.56,Promo,Online
2025-10-22,SKU-10043,5,46.86,234.3,121.6,Regular,Wholesale
2025-10-22,SKU-10038,20,62.97,1259.4,754.2,Regular,Retail
2025-10-22,SKU-10042,23,192.04,4416.92,2147.28,Promo,Retail
2025-10-22,SKU-10034,19,138.52,2631.88,1482.19,Regular,Online
2025-10-22,SKU-10031,12,123.96,1487.52,749.16,Regular,Retail
2025-10-22,SKU-10040,21,163.63,3436.23,2030.07,Regular,Online
2025-10-22,SKU-10041,17,178.43,3033.31,1535.27,Regular,Online
2025-10-22,SKU-10010,17,74.88,1272.96,524.45,Regular,Wholesale
2025-10-22,SKU-10012,29,81.51,2363.79,812.58,Regular,Retail
2025-10-22,SKU-10044,10,151.37,1513.7,1081.6,Promo,Wholesale
2025-10-22,SKU-10057,13,229.6,2984.8,1681.16,Regular,Retail
2025-10-22,SKU-10032,28,73.6,2060.8,951.44,Regular,Online
2025-10-22,SKU-10037,13,175.32,2279.16,1193.4,Promo,Wholesale
2025-10-22,SKU-10015,10,170.34,1703.4,597.8,Regular,Online
2025-10-22,SKU-10016,30,176.86,5305.8,2655.6,Regular,Retail
2025-10-22,SKU-10039,32,205.32,6570.24,3737.92,Regular,Retail
2025-10-22,SKU-10047,13,149.65,1945.45,757.77,Regular,Wholesale
2025-10-22,SKU-10046,15,97.25,1458.75,820.2,Regular,Retail
2025-10-22,SKU-10053,27,72.69,1962.63,1018.71,Regular,Retail
2025-10-22,SKU-10050,19,158.01,3002.19,1614.05,Regular,Retail
2025-10-22,SKU-10023,19,17.39,330.41,148.96,Regular,Wholesale
2025-10-22,SKU-10005,7,15.49,108.43,45.57,Regular,Wholesale
2025-10-22,SKU-10027,25,195.23,4880.75,1575.75,Regular,Online
2025-10-22,SKU-10003,36,124.14,4469.04,2054.16,Regular,Retail
2025-10-22,SKU-10045,26,154.38,4013.88,2380.82,Regular,Online
2025-10-22,SKU-10052,16,145.92,2334.72,925.44,Promo,Online
2025-10-22,SKU-10051,27,43.39,1171.53,385.02,Regular,Retail
2025-10-22,SKU-10011,15,218.15,3272.25,1362.75,Regular,Wholesale
2025-10-23,SKU-10042,8,190.56,1524.48,746.88,Promo,Wholesale
2025-10-23,SKU-10055,19,147.37,2800.03,1415.31,Regular,Retail
2025-10-23,SKU-10057,20,173.66,3473.2,2586.4,Promo,Wholesale
2025-10-23,SKU-10022,9,65.75,591.75,247.5,Regular,Wholesale
2025-10-23,SKU-10016,18,173.4,3121.2,1593.36,Regular,Online
2025-10-23,SKU-10005,16,15.25,244.0,104.16,Regular,Online
2025-10-23,SKU-10001,15,9.45,141.75,44.25,Regular,Retail
2025-10-23,SKU-10033,14,145.38,2035.32,1023.68,Regular,Retail
2025-10-23,SKU-10050,18,157.15,2828.7,1529.1,Regular,Retail
2025-10-23,SKU-10034,24,135.44,3250.56,1872.24,Regular,Online
2025-10-23,SKU-10038,15,59.52,892.8,565.65,Regular,Retail
2025-10-23,SKU-10049,21,232.89,4890.69,1986.81,Regular,Retail
2025-10-23,SKU-10014,12,156.84,1882.08,1023.12,Regular,Retail
2025-10-23,SKU-10015,13,169.52,2203.76,777.14,Regular,Retail
2025-10-23,SKU-10058,21,157.7,3311.7,1575.42,Regular,Online
2025-10-23,SKU-10052,16,168.04,2688.64,925.44,Regular,Wholesale
2025-10-23,SKU-10011,19,207.5,3942.5,1726.15,Regular,Retail
2025-10-23,SKU-10053,23,59.84,1376.32,867.79,Promo,Wholesale
2025-10-23,SKU-10023,25,17.5,437.5,196.0,Regular,Retail
2025-10-23,SKU-10012,14,63.3,886.2,392.28,Promo,Online
2025-10-23,SKU-10046,17,104.39,1774.63,929.56,Regular,Online
2025-10-23,SKU-10037,10,170.08,1700.8,918.0,Promo,Wholesale
2025-10-23,SKU-10059,5,35.23,176.15,77.8,Regular,Wholesale
2025-10-23,SKU-10031,15,112.59,1688.85,936.45,Promo,Wholesale
2025-10-23,SKU-10044,23,187.98,4323.54,2487.68,Regular,Online
2025-10-23,SKU-10047,3,150.69,452.07,174.87,Regular,Retail
2025-10-23,SKU-10051,12,44.03,528.36,171.12,Regular,Retail
2025-10-23,SKU-10048,26,160.43,4171.18,1389.18,Regular,Wholesale
2025-10-23,SKU-10006,24,53.05,1273.2,497.28,Regular,Retail
2025-10-23,SKU-10030,10,27.03,270.3,125.2,Regular,Wholesale
2025-10-23,SKU-10002,21,136.23,2860.83,1653.33,Regular,Online
2025-10-23,SKU-10019,18,168.13,3026.34,1331.1,Regular,Wholesale
2025-10-23,SKU-10028,15,32.0,480.0,181.65,Regular,Retail
2025-10-23,SKU-10025,24,44.37,1064.88,438.96,Promo,Wholesale
2025-10-23,SKU-10035,23,178.03,4094.69,2119.68,Regular,Online
2025-10-23,SKU-10045,8,151.07,1208.56,732.56,Regular,Wholesale
2025-10-23,SKU-10007,27,200.57,5415.39,2445.66,Regular,Retail
2025-10-23,SKU-10021,21,143.97,3023.37,1157.1,Regular,Retail
2025-10-23,SKU-10024,22,80.56,1772.32,565.4,Regular,Online
2025-10-23,SKU-10041,11,178.44,1962.84,993.41,Regular,Retail
2025-10-23,SKU-10010,27,73.32,1979.64,832.95,Regular,Wholesale
2025-10-23,SKU-10036,29,89.56,2597.24,1566.87,Regular,Retail
2025-10-23,SKU-10043,22,46.93,1032.46,535.04,Regular,Online
2025-10-23,SKU-10017,21,205.25,4310.25,1796.76,Regular,Wholesale
2025-10-23,SKU-10027,29,159.1,4613.9,1827.87,Promo,Wholesale
2025-10-24,SKU-10057,30,194.98,5849.4,3879.6,Promo,Wholesale
2025-10-24,SKU-10043,20,46.66,933.2,486.4,Regular,Online
2025-10-24,SKU-10020,31,41.01,1271.31,559.24,Regular,Online
2025-10-24,SKU-10021,18,145.06,2611.08,991.8,Regular,Retail
2025-10-24,SKU-10035,9,155.2,1396.8,829.44,Promo,Wholesale
2025-10-24,SKU-10039,21,202.93,4261.53,2453.01,Regular,Online
2025-10-24,SKU-10031,8,124.06,992.48,499.44,Regular,Online
2025-10-24,SKU-10044,26,187.69,4879.94,2812.16,Regular,Retail
2025-10-24,SKU-10033,21,139.41,2927.61,1535.52,Regular,Retail
2025-10-24,SKU-10001,16,9.5,152.0,47.2,Regular,Retail
2025-10-24,SKU-10059,27,34.28,925.56,420.12,Regular,Retail
2025-10-24,SKU-10049,29,230.74,6691.46,2743.69,Regular,Wholesale
2025-10-24,SKU-10041,19,184.46,3504.74,1715.89,Regular,Retail
2025-10-24,SKU-10058,19,135.84,2580.96,1425.38,Promo,Retail
2025-10-24,SKU-10054,15,142.4,2136.0,829.05,Regular,Online
2025-10-24,SKU-10009,20,145.25,2905.0,1099.6,Regular,Wholesale
2025-10-24,SKU-10024,10,68.78,687.8,257.0,Promo,Wholesale
2025-10-24,SKU-10003,25,127.32,3183.0,1426.5,Regular,Retail
2025-10-24,SKU-10017,2,219.31,438.62,171.12,Regular,Wholesale
2025-10-24,SKU-10040,28,162.17,4540.76,2706.76,Regular,Online
2025-10-24,SKU-10010,20,74.74,1494.8,617.0,Regular,Wholesale
2025-10-24,SKU-10006,10,52.43,524.3,207.2,Regular,Retail
2025-10-24,SKU-10038,17,64.26,1092.42,641.07,Regular,Online
2025-10-24,SKU-10013,28,136.57,3823.96,1714.44,Regular,Wholesale
2025-10-24,SKU-10008,13,43.63,567.19,301.21,Promo,Wholesale
2025-10-24,SKU-10002,16,147.23,2355.68,1259.68,Regular,Retail
2025-10-24,SKU-10018,15,133.77,2006.55,831.6,Regular,Retail
2025-10-24,SKU-10060,14,183.91,2574.74,923.86,Regular,Online
2025-10-24,SKU-10045,27,145.65,3932.55,2472.39,Regular,Wholesale
2025-10-24,SKU-10027,12,194.6,2335.2,756.36,Regular,Online
2025-10-24,SKU-10015,10,138.24,1382.4,597.8,Promo,Wholesale
2025-10-24,SKU-10055,11,155.88,1714.68,819.39,Regular,Online
2025-10-24,SKU-10016,30,182.99,5489.7,2655.6,Regular,Retail
2025-10-24,SKU-10046,17,99.14,1685.38,929.56,Regular,Online
2025-10-24,SKU-10030,16,21.78,348.48,200.32,Promo,Online
2025-10-24,SKU-10025,7,53.06,371.42,128.03,Regular,Wholesale
2025-10-24,SKU-10022,24,66.29,1590.96,660.0,Regular,Retail
2025-10-24,SKU-10053,27,76.08,2054.16,1018.71,Regular,Wholesale
2025-10-24,SKU-10048,23,157.11,3613.53,1228.89,Regular,Wholesale
2025-10-24,SKU-10012,12,76.78,921.36,336.24,Regular,Online
2025-10-24,SKU-10037,22,199.98,4399.56,2019.6,Regular,Retail
2025-10-24,SKU-10056,25,18.47,461.75,195.5,Regular,Online
2025-10-24,SKU-10005,26,15.39,400.14,169.26,Regular,Retail
2025-10-24,SKU-10042,1,224.86,224.86,93.36,Regular,Retail
2025-10-24,SKU-10032,25,79.52,1988.0,849.5,Regular,Wholesale
2025-10-25,SKU-10051,7,44.32,310.24,99.82,Regular,Retail
2025-10-25,SKU-10034,17,138.32,2351.44,1326.17,Regular,Online
2025-10-25,SKU-10006,29,49.75,1442.75,600.88,Regular,Online
2025-10-25,SKU-10031,17,122.15,2076.55,1061.31,Regular,Online
2025-10-25,SKU-10040,5,162.94,814.7,483.35,Regular,Online
2025-10-25,SKU-10053,31,72.63,2251.53,1169.63,Regular,Retail
2025-10-25,SKU-10043,16,38.77,620.32,389.12,Promo,Wholesale
2025-10-25,SKU-10030,27,27.42,740.34,338.04,Regular,Wholesale
2025-10-25,SKU-10052,29,166.18,4819.22,1677.36,Regular,Wholesale
2025-10-25,SKU-10024,20,75.63,1512.6,514.0,Regular,Retail
2025-10-25,SKU-10002,24,133.99,3215.76,1889.52,Regular,Retail
2025-10-25,SKU-10023,24,17.21,413.04,188.16,Regular,Online
2025-10-25,SKU-10015,17,176.33,2997.61,1016.26,Regular,Wholesale
2025-10-25,SKU-10007,16,185.97,2975.52,1449.28,Promo,Retail
2025-10-25,SKU-10039,22,200.08,4401.76,2569.82,Regular,Online
2025-10-25,SKU-10027,29,149.88,4346.52,1827.87,Promo,Retail
2025-10-25,SKU-10003,16,127.49,2039.84,912.96,Regular,Online
2025-10-25,SKU-10055,14,144.35,2020.9,1042.86,Regular,Wholesale
2025-10-25,SKU-10028,8,32.73,261.84,96.88,Regular,Online
2025-10-25,SKU-10048,8,155.7,1245.6,427.44,Regular,Retail
2025-10-25,SKU-10004,32,160.97,5151.04,2344.64,Regular,Online
2025-10-25,SKU-10021,13,143.39,1864.07,716.3,Regular,Retail
2025-10-25,SKU-10050,17,151.79,2580.43,1444.15,Regular,Online
2025-10-25,SKU-10029,17,154.97,2634.49,1911.14,Promo,Online
2025-10-25,SKU-10005,14,15.79,221.06,91.14,Regular,Online
2025-10-25,SKU-10022,17,50.21,853.57,467.5,Promo,Wholesale
2025-10-25,SKU-10044,18,176.62,3179.16,1946.88,Regular,Online
2025-10-25,SKU-10009,10,139.72,1397.2,549.8,Regular,Online
2025-10-25,SKU-10046,12,100.53,1206.36,656.16,Regular,Retail
2025-10-25,SKU-10047,11,115.07,1265.77,641.19,Promo,Retail
2025-10-25,SKU-10038,26,59.6,1549.6,980.46,Regular,Wholesale
2025-10-25,SKU-10001,22,8.96,197.12,64.9,Regular,Wholesale
2025-10-25,SKU-10042,6,216.15,1296.9,560.16,Regular,Wholesale
2025-10-25,SKU-10018,13,136.8,1778.4,720.72,Regular,Wholesale
2025-10-25,SKU-10045,24,160.11,3842.64,2197.68,Regular,Retail
2025-10-25,SKU-10010,13,73.79,959.27,401.05,Regular,Online
2025-10-25,SKU-10033,14,145.51,2037.14,1023.68,Regular,Retail
2025-10-25,SKU-10037,27,184.56,4983.12,2478.6,Regular,Online
2025-10-25,SKU-10020,22,43.31,952.82,396.88,Regular,Online
2025-10-25,SKU-10012,22,78.18,1719.96,616.44,Regular,Online
2025-10-25,SKU-10016,21,178.1,3740.1,1858.92,Regular,Wholesale
2025-10-25,SKU-10008,19,49.18,934.42,440.23,Regular,Retail
2025-10-25,SKU-10025,21,49.36,1036.56,384.09,Regular,Retail
2025-10-25,SKU-10035,16,190.2,3043.2,1474.56,Regular,Retail
2025-10-25,SKU-10017,21,194.63,4087.23,1796.76,Promo,Online
2025-10-26,SKU-10039,12,202.05,2424.6,1401.72,Regular,Online
2025-10-26,SKU-10010,11,72.51,797.61,339.35,Regular,Retail
2025-10-26,SKU-10012,20,77.94,1558.8,560.4,Regular,Wholesale
2025-10-26,SKU-10048,21,163.14,3425.94,1122.03,Regular,Wholesale
2025-10-26,SKU-10027,16,194.82,3117.12,1008.48,Regular,Wholesale
2025-10-26,SKU-10019,15,174.6,2619.0,1109.25,Regular,Online
2025-10-26,SKU-10036,11,91.34,1004.74,594.33,Regular,Retail
2025-10-26,SKU-10015,26,179.02,4654.52,1554.28,Regular,Wholesale
2025-10-26,SKU-10024,25,67.76,1694.0,642.5,Promo,Online
2025-10-26,SKU-10013,20,135.72,2714.4,1224.6,Regular,Wholesale
2025-10-26,SKU-10037,26,175.79,4570.54,2386.8,Promo,Online
2025-10-26,SKU-10007,26,200.19,5204.94,2355.08,Regular,Retail
2025-10-26,SKU-10047,18,119.93,2158.74,1049.22,Promo,Online
2025-10-26,SKU-10044,19,189.34,3597.46,2055.04,Regular,Online
2025-10-26,SKU-10041,30,170.32,5109.6,2709.3,Regular,Wholesale
2025-10-26,SKU-10034,13,122.32,1590.16,1014.13,Promo,Online
2025-10-26,SKU-10014,18,123.85,2229.3,1534.68,Promo,Wholesale
2025-10-26,SKU-10006,12,42.51,510.12,248.64,Promo,Retail
2025-10-26,SKU-10046,19,99.38,1888.22,1038.92,Regular,Online
2025-10-26,SKU-10045,19,152.99,2906.81,1739.83,Regular,Wholesale
2025-10-26,SKU-10009,29,137.09,3975.61,1594.42,Regular,Wholesale
2025-10-26,SKU-10059,26,35.21,915.46,404.56,Regular,Wholesale
2025-10-26,SKU-10002,4,136.54,546.16,314.92,Regular,Wholesale
2025-10-26,SKU-10057,13,227.69,2959.97,1681.16,Regular,Wholesale
2025-10-26,SKU-10032,23,78.8,1812.4,781.54,Regular,Retail
2025-10-26,SKU-10051,7,39.51,276.57,99.82,Promo,Retail
2025-10-26,SKU-10023,19,13.04,247.76,148.96,Promo,Wholesale
2025-10-26,SKU-10031,18,124.44,2239.92,1123.74,Regular,Online
2025-10-26,SKU-10030,12,27.77,333.24,150.24,Regular,Wholesale
2025-10-26,SKU-10049,30,197.18,5915.4,2838.3,Promo,Online
2025-10-26,SKU-10005,29,14.59,423.11,188.79,Regular,Online
2025-10-26,SKU-10055,22,153.25,3371.5,1638.78,Regular,Online
2025-10-26,SKU-10026,5,116.69,583.45,327.9,Regular,Wholesale
2025-10-26,SKU-10011,19,174.93,3323.67,1726.15,Promo,Retail
2025-10-26,SKU-10020,26,41.93,1090.18,469.04,Regular,Wholesale
2025-10-26,SKU-10016,18,158.35,2850.3,1593.36,Promo,Online
2025-10-26,SKU-10056,26,16.68,433.68,203.32,Promo,Retail
2025-10-26,SKU-10052,7,171.16,1198.12,404.88,Regular,Retail
2025-10-26,SKU-10021,24,116.92,2806.08,1322.4,Promo,Online
2025-10-26,SKU-10038,16,54.48,871.68,603.36,Promo,Online
2025-10-26,SKU-10008,31,51.16,1585.96,718.27,Regular,Retail
2025-10-26,SKU-10050,10,154.95,1549.5,849.5,Regular,Retail
2025-10-26,SKU-10022,27,65.27,1762.29,742.5,Regular,Wholesale
2025-10-26,SKU-10053,14,76.06,1064.84,528.22,Regular,Wholesale
2025-10-26,SKU-10028,8,32.01,256.08,96.88,Regular,Wholesale
2025-10-27,SKU-10018,18,134.01,2412.18,997.92,Regular,Wholesale
2025-10-27,SKU-10039,5,153.74,768.7,584.05,Promo,Online
2025-10-27,SKU-10033,26,144.21,3749.46,1901.12,Regular,Wholesale
2025-10-27,SKU-10027,16,183.55,2936.8,1008.48,Regular,Retail
2025-10-27,SKU-10031,31,114.79,3558.49,1935.33,Promo,Retail
2025-10-27,SKU-10044,11,191.66,2108.26,1189.76,Regular,Wholesale
2025-10-27,SKU-10007,16,213.88,3422.08,1449.28,Regular,Wholesale
2025-10-27,SKU-10026,22,123.82,2724.04,1442.76,Regular,Retail
2025-10-27,SKU-10003,11,127.76,1405.36,627.66,Regular,Online
2025-10-27,SKU-10009,28,141.44,3960.32,1539.44,Regular,Retail
2025-10-27,SKU-10056,11,18.7,205.7,86.02,Regular,Wholesale
2025-10-27,SKU-10013,8,120.72,965.76,489.84,Promo,Retail
2025-10-27,SKU-10038,7,61.28,428.96,263.97,Regular,Retail
2025-10-27,SKU-10035,27,178.88,4829.76,2488.32,Regular,Wholesale
2025-10-27,SKU-10054,5,141.6,708.0,276.35,Regular,Retail
2025-10-27,SKU-10025,6,51.55,309.3,109.74,Regular,Wholesale
2025-10-27,SKU-10045,13,125.36,1629.68,1190.41,Promo,Online
2025-10-27,SKU-10051,22,34.5,759.0,313.72,Promo,Online
2025-10-27,SKU-10046,20,95.83,1916.6,1093.6,Regular,Online
2025-10-27,SKU-10017,25,214.1,5352.5,2139.0,Regular,Online
2025-10-27,SKU-10058,11,162.95,1792.45,825.22,Regular,Wholesale
2025-10-27,SKU-10028,12,32.5,390.0,145.32,Regular,Online
2025-10-27,SKU-10042,11,206.24,2268.64,1026.96,Regular,Online
2025-10-27,SKU-10032,26,73.93,1922.18,883.48,Regular,Online
2025-10-27,SKU-10036,8,96.67,773.36,432.24,Regular,Wholesale
2025-10-27,SKU-10010,16,74.81,1196.96,493.6,Regular,Retail
2025-10-27,SKU-10024,13,63.94,831.22,334.1,Promo,Online
2025-10-27,SKU-10041,15,175.04,2625.6,1354.65,Regular,Online
2025-10-27,SKU-10049,24,216.58,5197.92,2270.64,Regular,Retail
2025-10-27,SKU-10052,21,168.95,3547.95,1214.64,Regular,Retail
2025-10-27,SKU-10029,16,194.77,3116.32,1798.72,Regular,Wholesale
2025-10-27,SKU-10014,22,152.66,3358.52,1875.72,Regular,Retail
2025-10-27,SKU-10023,17,16.23,275.91,133.28,Regular,Wholesale
2025-10-27,SKU-10034,24,133.17,3196.08,1872.24,Regular,Wholesale
2025-10-27,SKU-10053,12,76.99,923.88,452.76,Regular,Wholesale
2025-10-27,SKU-10006,16,54.03,864.48,331.52,Regular,Wholesale
2025-10-27,SKU-10047,22,140.15,3083.3,1282.38,Regular,Online
2025-10-27,SKU-10002,24,142.19,3412.56,1889.52,Regular,Online
2025-10-27,SKU-10037,10,184.73,1847.3,918.0,Regular,Wholesale
2025-10-27,SKU-10021,4,118.73,474.92,220.4,Promo,Retail
2025-10-27,SKU-10022,21,66.21,1390.41,577.5,Regular,Wholesale
2025-10-27,SKU-10043,24,44.32,1063.68,583.68,Regular,Retail
2025-10-27,SKU-10030,25,27.37,684.25,313.0,Regular,Retail
2025-10-27,SKU-10048,15,162.86,2442.9,801.45,Regular,Online
2025-10-28,SKU-10001,21,9.5,199.5,61.95,Regular,Online
2025-10-28,SKU-10029,28,192.54,5391.12,3147.76,Regular,Retail
2025-10-28,SKU-10055,18,121.68,2190.24,1340.82,Promo,Online
2025-10-28,SKU-10056,15,17.62,264.3,117.3,Regular,Retail
2025-10-28,SKU-10027,27,159.02,4293.54,1701.81,Promo,Online
2025-10-28,SKU-10042,14,207.88,2910.32,1307.04,Regular,Wholesale
2025-10-28,SKU-10037,21,183.49,3853.29,1927.8,Regular,Wholesale
2025-10-28,SKU-10040,18,159.69,2874.42,1740.06,Regular,Wholesale
2025-10-28,SKU-10010,18,71.57,1288.26,555.3,Regular,Online
2025-10-28,SKU-10048,7,151.46,1060.22,374.01,Regular,Wholesale
2025-10-28,SKU-10036,12,95.82,1149.84,648.36,Regular,Retail
2025-10-28,SKU-10015,16,179.71,2875.36,956.48,Regular,Retail
2025-10-28,SKU-10059,31,33.82,1048.42,482.36,Regular,Wholesale
2025-10-28,SKU-10054,32,143.0,4576.0,1768.64,Regular,Retail
2025-10-28,SKU-10013,18,138.0,2484.0,1102.14,Regular,Online
2025-10-28,SKU-10022,32,64.2,2054.4,880.0,Regular,Retail
2025-10-28,SKU-10043,27,46.44,1253.88,656.64,Regular,Retail
2025-10-28,SKU-10005,15,15.98,239.7,97.65,Regular,Online
2025-10-28,SKU-10047,13,118.17,1536.21,757.77,Promo,Online
2025-10-28,SKU-10052,29,164.5,4770.5,1677.36,Regular,Online
2025-10-28,SKU-10008,18,49.73,895.14,417.06,Regular,Online
2025-10-28,SKU-10038,6,60.83,364.98,226.26,Regular,Retail
2025-10-28,SKU-10004,5,161.84,809.2,366.35,Regular,Wholesale
2025-10-28,SKU-10028,18,31.89,574.02,217.98,Regular,Online
2025-10-28,SKU-10058,23,160.09,3682.07,1725.46,Regular,Wholesale
2025-10-28,SKU-10053,25,58.38,1459.5,943.25,Promo,Online
2025-10-28,SKU-10021,19,144.86,2752.34,1046.9,Regular,Online
2025-10-28,SKU-10025,11,53.07,583.77,201.19,Regular,Retail
2025-10-28,SKU-10049,15,222.51,3337.65,1419.15,Regular,Online
2025-10-28,SKU-10002,24,142.79,3426.96,1889.52,Regular,Retail
2025-10-28,SKU-10006,18,48.93,880.74,372.96,Regular,Wholesale
2025-10-28,SKU-10018,14,140.41,1965.74,776.16,Regular,Online
2025-10-28,SKU-10034,17,120.23,2043.91,1326.17,Promo,Online
2025-10-28,SKU-10046,13,96.81,1258.53,710.84,Regular,Wholesale
2025-10-28,SKU-10017,14,211.59,2962.26,1197.84,Regular,Retail
2025-10-28,SKU-10023,22,17.29,380.38,172.48,Regular,Retail
2025-10-28,SKU-10003,20,127.08,2541.6,1141.2,Regular,Online
2025-10-28,SKU-10045,31,121.52,3767.12,2838.67,Promo,Wholesale
2025-10-28,SKU-10057,9,196.32,1766.88,1163.88,Promo,Online
2025-10-28,SKU-10007,6,206.33,1237.98,543.48,Regular,Online
2025-10-28,SKU-10051,24,37.49,899.76,342.24,Promo,Retail
2025-10-28,SKU-10019,20,170.31,3406.2,1479.0,Regular,Wholesale
2025-10-28,SKU-10031,7,111.16,778.12,437.01,Promo,Wholesale
2025-10-28,SKU-10024,29,78.21,2268.09,745.3,Regular,Online
2025-10-28,SKU-10012,26,82.38,2141.88,728.52,Regular,Online
2025-10-29,SKU-10016,24,181.68,4360.32,2124.48,Regular,Online
2025-10-29,SKU-10041,19,174.54,3316.26,1715.89,Regular,Wholesale
2025-10-29,SKU-10005,9,15.48,139.32,58.59,Regular,Retail
2025-10-29,SKU-10029,12,191.59,2299.08,1349.04,Regular,Wholesale
2025-10-29,SKU-10021,15,115.64,1734.6,826.5,Promo,Online
2025-10-29,SKU-10047,27,137.03,3699.81,1573.83,Regular,Retail
2025-10-29,SKU-10019,20,130.78,2615.6,1479.0,Promo,Retail
2025-10-29,SKU-10026,18,118.66,2135.88,1180.44,Regular,Wholesale
2025-10-29,SKU-10014,28,143.93,4030.04,2387.28,Regular,Wholesale
2025-10-29,SKU-10017,4,195.14,780.56,342.24,Promo,Retail
2025-10-29,SKU-10053,14,72.32,1012.48,528.22,Regular,Retail
2025-10-29,SKU-10035,11,178.92,1968.12,1013.76,Regular,Wholesale
2025-10-29,SKU-10013,17,118.9,2021.3,1040.91,Promo,Retail
2025-10-29,SKU-10032,10,74.46,744.6,339.8,Regular,Online
2025-10-29,SKU-10059,12,36.27,435.24,186.72,Regular,Online
2025-10-29,SKU-10046,6,104.17,625.02,328.08,Regular,Retail
2025-10-29,SKU-10001,9,9.37,84.33,26.55,Regular,Retail
2025-10-29,SKU-10002,8,111.17,889.36,629.84,Promo,Wholesale
2025-10-29,SKU-10023,20,16.37,327.4,156.8,Regular,Online
2025-10-29,SKU-10011,21,224.67,4718.07,1907.85,Regular,Retail
2025-10-29,SKU-10004,23,163.41,3758.43,1685.21,Regular,Online
2025-10-29,SKU-10027,17,181.03,3077.51,1071.51,Regular,Online
2025-10-29,SKU-10038,19,60.41,1147.79,716.49,Regular,Retail
2025-10-29,SKU-10018,13,133.81,1739.53,720.72,Regular,Retail
2025-10-29,SKU-10034,24,109.76,2634.24,1872.24,Promo,Retail
2025-10-29,SKU-10040,19,166.91,3171.29,1836.73,Regular,Retail
2025-10-29,SKU-10031,21,132.54,2783.34,1311.03,Regular,Online
2025-10-29,SKU-10024,14,64.16,898.24,359.8,Promo,Wholesale
2025-10-29,SKU-10056,27,18.93,511.11,211.14,Regular,Wholesale
2025-10-29,SKU-10039,14,187.94,2631.16,1635.34,Regular,Wholesale
2025-10-29,SKU-10012,30,70.05,2101.5,840.6,Promo,Retail
2025-10-29,SKU-10050,13,158.75,2063.75,1104.35,Regular,Online
2025-10-29,SKU-10037,20,160.74,3214.8,1836.0,Promo,Retail
2025-10-29,SKU-10015,28,170.54,4775.12,1673.84,Regular,Wholesale
2025-10-29,SKU-10009,15,142.41,2136.15,824.7,Regular,Retail
2025-10-29,SKU-10007,17,200.21,3403.57,1539.86,Regular,Wholesale
2025-10-29,SKU-10048,22,154.46,3398.12,1175.46,Regular,Retail
2025-10-29,SKU-10036,7,95.71,669.97,378.21,Regular,Online
2025-10-29,SKU-10054,16,140.62,2249.92,884.32,Regular,Wholesale
2025-10-29,SKU-10010,4,72.77,291.08,123.4,Regular,Wholesale
2025-10-29,SKU-10043,19,45.88,871.72,462.08,Regular,Retail
2025-10-29,SKU-10052,11,171.65,1888.15,636.24,Regular,Wholesale
2025-10-29,SKU-10058,18,149.48,2690.64,1350.36,Promo,Retail
2025-10-29,SKU-10006,8,53.16,425.28,165.76,Regular,Online
2025-10-29,SKU-10049,17,217.3,3694.1,1608.37,Regular,Wholesale
2025-10-30,SKU-10018,26,143.3,3725.8,1441.44,Regular,Retail
2025-10-30,SKU-10014,14,145.23,2033.22,1193.64,Regular,Wholesale
2025-10-30,SKU-10037,18,187.28,3371.04,1652.4,Regular,Wholesale
2025-10-30,SKU-10029,17,187.3,3184.1,1911.14,Regular,Retail
2025-10-30,SKU-10003,15,134.96,2024.4,855.9,Regular,Retail
2025-10-30,SKU-10007,22,207.77,4570.94,1992.76,Regular,Online
2025-10-30,SKU-10020,21,42.78,898.38,378.84,Regular,Online
2025-10-30,SKU-10040,27,171.19,4622.13,2610.09,Regular,Retail
2025-10-30,SKU-10033,17,111.25,1891.25,1243.04,Promo,Retail
2025-10-30,SKU-10017,33,205.21,6771.93,2823.48,Regular,Online
2025-10-30,SKU-10056,25,15.79,394.75,195.5,Promo,Retail
2025-10-30,SKU-10001,10,9.44,94.4,29.5,Regular,Wholesale
2025-10-30,SKU-10010,23,73.0,1679.0,709.55,Regular,Online
2025-10-30,SKU-10022,21,60.83,1277.43,577.5,Regular,Wholesale
2025-10-30,SKU-10051,27,39.83,1075.41,385.02,Promo,Retail
2025-10-30,SKU-10032,16,77.5,1240.0,543.68,Regular,Online
2025-10-30,SKU-10060,20,189.7,3794.0,1319.8,Regular,Online
2025-10-30,SKU-10039,14,192.0,2688.0,1635.34,Regular,Online
2025-10-30,SKU-10045,16,151.25,2420.0,1465.12,Regular,Wholesale
2025-10-30,SKU-10027,18,179.36,3228.48,1134.54,Regular,Wholesale
2025-10-30,SKU-10053,28,75.88,2124.64,1056.44,Regular,Wholesale
2025-10-30,SKU-10058,23,168.65,3878.95,1725.46,Regular,Online
2025-10-30,SKU-10006,29,51.36,1489.44,600.88,Regular,Wholesale
2025-10-30,SKU-10044,28,179.97,5039.16,3028.48,Regular,Online
2025-10-30,SKU-10048,14,157.73,2208.22,748.02,Regular,Retail
2025-10-30,SKU-10050,16,157.34,2517.44,1359.2,Regular,Online
2025-10-30,SKU-10023,22,17.46,384.12,172.48,Regular,Retail
2025-10-30,SKU-10054,17,145.74,2477.58,939.59,Regular,Retail
2025-10-30,SKU-10021,16,133.38,2134.08,881.6,Regular,Wholesale
2025-10-30,SKU-10046,18,104.64,1883.52,984.24,Regular,Retail
2025-10-30,SKU-10005,25,14.95,373.75,162.75,Regular,Online
2025-10-30,SKU-10004,12,163.12,1957.44,879.24,Regular,Wholesale
2025-10-30,SKU-10052,23,158.02,3634.46,1330.32,Regular,Retail
2025-10-30,SKU-10011,4,227.74,910.96,363.4,Regular,Retail
2025-10-30,SKU-10008,20,49.28,985.6,463.4,Regular,Wholesale
2025-10-30,SKU-10016,22,171.61,3775.42,1947.44,Regular,Wholesale
2025-10-30,SKU-10012,26,69.98,1819.48,728.52,Promo,Online
2025-10-30,SKU-10026,8,94.24,753.92,524.64,Promo,Online
2025-10-30,SKU-10013,7,129.78,908.46,428.61,Regular,Online
2025-10-30,SKU-10041,17,143.39,2437.63,1535.27,Promo,Wholesale
2025-10-30,SKU-10042,21,215.99,4535.79,1960.56,Regular,Online
2025-10-30,SKU-10028,37,31.56,1167.72,448.07,Regular,Online
2025-10-30,SKU-10059,1,33.52,33.52,15.56,Regular,Online
2025-10-30,SKU-10055,32,158.06,5057.92,2383.68,Regular,Online
2025-10-30,SKU-10034,14,116.66,1633.24,1092.14,Promo,Retail
2025-10-31,SKU-10045,24,157.77,3786.48,2197.68,Regular,Online
2025-10-31,SKU-10047,31,146.2,4532.2,1806.99,Regular,Retail
2025-10-31,SKU-10029,23,197.51,4542.73,2585.66,Regular,Online
2025-10-31,SKU-10005,22,15.1,332.2,143.22,Regular,Retail
2025-10-31,SKU-10053,11,63.12,694.32,415.03,Promo,Wholesale
2025-10-31,SKU-10034,33,130.47,4305.51,2574.33,Regular,Wholesale
2025-10-31,SKU-10049,25,218.02,5450.5,2365.25,Regular,Wholesale
2025-10-31,SKU-10036,10,95.05,950.5,540.3,Regular,Online
2025-10-31,SKU-10019,26,172.83,4493.58,1922.7,Regular,Retail
2025-10-31,SKU-10015,23,144.65,3326.95,1374.94,Promo,Online
2025-10-31,SKU-10038,14,59.49,832.86,527.94,Regular,Online
2025-10-31,SKU-10041,25,180.6,4515.0,2257.75,Regular,Online
2025-10-31,SKU-10016,14,176.35,2468.9,1239.28,Regular,Wholesale
2025-10-31,SKU-10059,9,35.37,318.33,140.04,Regular,Retail
2025-10-31,SKU-10020,28,34.08,954.24,505.12,Promo,Retail
2025-10-31,SKU-10017,22,175.8,3867.6,1882.32,Promo,Online
2025-10-31,SKU-10060,19,184.04,3496.76,1253.81,Regular,Retail
2025-10-31,SKU-10006,28,50.89,1424.92,580.16,Regular,Wholesale
2025-10-31,SKU-10014,9,120.6,1085.4,767.34,Promo,Retail
2025-10-31,SKU-10046,18,103.97,1871.46,984.24,Regular,Retail
2025-10-31,SKU-10008,24,39.81,955.44,556.08,Promo,Online
2025-10-31,SKU-10058,19,159.42,3028.98,1425.38,Regular,Retail
2025-10-31,SKU-10042,12,212.54,2550.48,1120.32,Regular,Online
2025-10-31,SKU-10026,12,121.0,1452.0,786.96,Regular,Wholesale
2025-10-31,SKU-10003,19,123.18,2340.42,1084.14,Regular,Wholesale
2025-10-31,SKU-10021,28,146.05,4089.4,1542.8,Regular,Online
2025-10-31,SKU-10007,21,178.41,3746.61,1902.18,Promo,Wholesale
2025-10-31,SKU-10030,17,25.92,440.64,212.84,Regular,Retail
2025-10-31,SKU-10035,19,185.33,3521.27,1751.04,Regular,Wholesale
2025-10-31,SKU-10055,14,152.99,2141.86,1042.86,Regular,Online
2025-10-31,SKU-10051,20,42.64,852.8,285.2,Regular,Online
2025-10-31,SKU-10032,9,75.27,677.43,305.82,Regular,Online
2025-10-31,SKU-10033,14,141.01,1974.14,1023.68,Regular,Online
2025-10-31,SKU-10048,28,154.76,4333.28,1496.04,Regular,Retail
2025-10-31,SKU-10013,13,133.04,1729.52,795.99,Regular,Online
2025-10-31,SKU-10040,25,144.99,3624.75,2416.75,Promo,Retail
2025-10-31,SKU-10052,28,140.49,3933.72,1619.52,Promo,Online
2025-10-31,SKU-10009,18,145.8,2624.4,989.64,Regular,Online
2025-10-31,SKU-10044,20,192.78,3855.6,2163.2,Regular,Online
2025-10-31,SKU-10043,18,44.5,801.0,437.76,Regular,Retail
2025-10-31,SKU-10024,27,79.29,2140.83,693.9,Regular,Retail
2025-10-31,SKU-10025,14,48.89,684.46,256.06,Regular,Wholesale
2025-10-31,SKU-10012,19,76.78,1458.82,532.38,Regular,Wholesale
2025-10-31,SKU-10028,11,30.0,330.0,133.21,Regular,Retail
2025-10-31,SKU-10027,14,190.22,2663.08,882.42,Regular,Wholesale
2025-11-01,SKU-10051,17,42.56,723.52,242.42,Regular,Wholesale
2025-11-01,SKU-10013,23,130.03,2990.69,1408.29,Regular,Wholesale
2025-11-01,SKU-10019,11,141.65,1558.15,813.45,Promo,Wholesale
2025-11-01,SKU-10036,2,89.14,178.28,108.06,Regular,Retail
2025-11-01,SKU-10060,19,197.38,3750.22,1253.81,Regular,Wholesale
2025-11-01,SKU-10045,3,150.17,450.51,274.71,Regular,Wholesale
2025-11-01,SKU-10039,27,201.39,5437.53,3153.87,Regular,Retail
2025-11-01,SKU-10047,21,146.2,3070.2,1224.09,Regular,Online
2025-11-01,SKU-10058,21,157.3,3303.3,1575.42,Regular,Online
2025-11-01,SKU-10007,9,202.97,1826.73,815.22,Regular,Wholesale
2025-11-01,SKU-10010,19,63.93,1214.67,586.15,Promo,Wholesale
2025-11-01,SKU-10030,24,25.63,615.12,300.48,Regular,Retail
2025-11-01,SKU-10022,13,61.93,805.09,357.5,Regular,Online
2025-11-01,SKU-10057,15,222.32,3334.8,1939.8,Regular,Retail
2025-11-01,SKU-10028,29,29.92,867.68,351.19,Regular,Wholesale
2025-11-01,SKU-10041,27,160.63,4337.01,2438.37,Promo,Online
2025-11-01,SKU-10038,11,61.17,672.87,414.81,Regular,Online
2025-11-01,SKU-10052,14,156.88,2196.32,809.76,Regular,Retail
2025-11-01,SKU-10008,28,46.68,1307.04,648.76,Regular,Online
2025-11-01,SKU-10055,37,152.86,5655.82,2756.13,Regular,Online
2025-11-01,SKU-10016,22,147.86,3252.92,1947.44,Promo,Online
2025-11-01,SKU-10043,15,45.58,683.7,364.8,Regular,Wholesale
2025-11-01,SKU-10034,18,136.09,2449.62,1404.18,Regular,Wholesale
2025-11-01,SKU-10011,35,198.85,6959.75,3179.75,Promo,Wholesale
2025-11-01,SKU-10003,26,107.58,2797.08,1483.56,Promo,Online
2025-11-01,SKU-10031,22,130.86,2878.92,1373.46,Regular,Online
2025-11-01,SKU-10049,9,221.23,1991.07,851.49,Regular,Wholesale
2025-11-01,SKU-10050,17,157.52,2677.84,1444.15,Regular,Wholesale
2025-11-01,SKU-10026,9,121.85,1096.65,590.22,Regular,Online
2025-11-01,SKU-10005,30,15.88,476.4,195.3,Regular,Retail
2025-11-01,SKU-10002,15,110.14,1652.1,1180.95,Promo,Wholesale
2025-11-01,SKU-10042,29,209.14,6065.06,2707.44,Regular,Online
2025-11-01,SKU-10025,17,50.98,866.66,310.93,Regular,Wholesale
2025-11-01,SKU-10032,6,74.74,448.44,203.88,Regular,Retail
2025-11-01,SKU-10006,23,51.47,1183.81,476.56,Regular,Online
2025-11-01,SKU-10004,18,140.47,2528.46,1318.86,Promo,Wholesale
2025-11-01,SKU-10018,22,132.71,2919.62,1219.68,Regular,Wholesale
2025-11-01,SKU-10014,12,144.73,1736.76,1023.12,Regular,Retail
2025-11-01,SKU-10033,10,132.31,1323.1,731.2,Regular,Wholesale
2025-11-01,SKU-10001,19,8.96,170.24,56.05,Regular,Wholesale
2025-11-01,SKU-10009,16,141.58,2265.28,879.68,Regular,Wholesale
2025-11-01,SKU-10020,17,44.24,752.08,306.68,Regular,Retail
2025-11-01,SKU-10024,14,78.3,1096.2,359.8,Regular,Wholesale
2025-11-01,SKU-10017,21,209.21,4393.41,1796.76,Regular,Online
2025-11-02,SKU-10029,31,160.18,4965.58,3485.02,Promo,Retail
2025-11-02,SKU-10055,5,119.97,599.85,372.45,Promo,Online
2025-11-02,SKU-10028,13,31.95,415.35,157.43,Regular,Wholesale
2025-11-02,SKU-10005,31,15.86,491.66,201.81,Regular,Retail
2025-11-02,SKU-10035,27,187.64,5066.28,2488.32,Regular,Wholesale
2025-11-02,SKU-10040,22,174.64,3842.08,2126.74,Regular,Retail
2025-11-02,SKU-10020,25,44.61,1115.25,451.0,Regular,Retail
2025-11-02,SKU-10013,11,131.25,1443.75,673.53,Regular,Online
2025-11-02,SKU-10011,16,225.38,3606.08,1453.6,Regular,Retail
2025-11-02,SKU-10037,23,185.29,4261.67,2111.4,Regular,Retail
2025-11-02,SKU-10036,30,96.25,2887.5,1620.9,Regular,Retail
2025-11-02,SKU-10051,23,44.12,1014.76,327.98,Regular,Wholesale
2025-11-02,SKU-10001,22,9.11,200.42,64.9,Regular,Online
2025-11-02,SKU-10022,14,62.38,873.32,385.0,Regular,Wholesale
2025-11-02,SKU-10008,11,50.91,560.01,254.87,Regular,Retail
2025-11-02,SKU-10018,36,143.12,5152.32,1995.84,Regular,Online
2025-11-02,SKU-10039,17,160.27,2724.59,1985.77,Promo,Retail
2025-11-02,SKU-10019,20,170.94,3418.8,1479.0,Regular,Online
2025-11-02,SKU-10025,37,41.85,1548.45,676.73,Promo,Online
2025-11-02,SKU-10026,11,122.46,1347.06,721.38,Regular,Online
2025-11-02,SKU-10009,27,149.66,4040.82,1484.46,Regular,Retail
2025-11-02,SKU-10004,13,149.67,1945.71,952.51,Regular,Retail
2025-11-02,SKU-10014,18,145.2,2613.6,1534.68,Regular,Retail
2025-11-02,SKU-10052,21,158.28,3323.88,1214.64,Regular,Retail
2025-11-02,SKU-10049,25,231.4,5785.0,2365.25,Regular,Wholesale
2025-11-02,SKU-10058,15,168.62,2529.3,1125.3,Regular,Wholesale
2025-11-02,SKU-10034,20,132.63,2652.6,1560.2,Regular,Retail
2025-11-02,SKU-10045,23,124.6,2865.8,2106.11,Promo,Online
2025-11-02,SKU-10060,6,152.38,914.28,395.94,Promo,Retail
2025-11-02,SKU-10002,22,142.56,3136.32,1732.06,Regular,Wholesale
2025-11-02,SKU-10003,17,133.14,2263.38,970.02,Regular,Online
2025-11-02,SKU-10050,30,148.31,4449.3,2548.5,Regular,Retail
2025-11-02,SKU-10006,30,43.23,1296.9,621.6,Promo,Online
2025-11-02,SKU-10042,28,224.53,6286.84,2614.08,Regular,Retail
2025-11-02,SKU-10047,22,126.23,2777.06,1282.38,Promo,Retail
2025-11-02,SKU-10057,16,217.99,3487.84,2069.12,Regular,Online
2025-11-02,SKU-10023,23,16.57,381.11,180.32,Regular,Wholesale
2025-11-02,SKU-10054,12,152.67,1832.04,663.24,Regular,Retail
2025-11-02,SKU-10053,33,59.04,1948.32,1245.09,Promo,Online
2025-11-02,SKU-10041,18,180.38,3246.84,1625.58,Regular,Retail
2025-11-02,SKU-10007,18,211.96,3815.28,1630.44,Regular,Wholesale
2025-11-02,SKU-10024,17,80.42,1367.14,436.9,Regular,Online
2025-11-02,SKU-10048,10,152.82,1528.2,534.3,Regular,Wholesale
2025-11-02,SKU-10043,29,45.32,1314.28,705.28,Regular,Wholesale
2025-11-03,SKU-10021,16,145.67,2330.72,881.6,Regular,Online
2025-11-03,SKU-10047,9,144.24,1298.16,524.61,Regular,Wholesale
2025-11-03,SKU-10048,16,154.36,2469.76,854.88,Regular,Retail
2025-11-03,SKU-10026,8,114.92,919.36,524.64,Regular,Retail
2025-11-03,SKU-10041,16,174.03,2784.48,1444.96,Regular,Wholesale
2025-11-03,SKU-10035,38,168.0,6384.0,3502.08,Promo,Retail
2025-11-03,SKU-10059,13,35.64,463.32,202.28,Regular,Online
2025-11-03,SKU-10015,36,170.73,6146.28,2152.08,Regular,Wholesale
2025-11-03,SKU-10024,19,76.03,1444.57,488.3,Regular,Retail
2025-11-03,SKU-10011,19,226.45,4302.55,1726.15,Regular,Retail
2025-11-03,SKU-10036,23,89.24,2052.52,1242.69,Regular,Retail
2025-11-03,SKU-10032,28,73.74,2064.72,951.44,Regular,Retail
2025-11-03,SKU-10042,15,174.64,2619.6,1400.4,Promo,Wholesale
2025-11-03,SKU-10019,11,166.95,1836.45,813.45,Regular,Wholesale
2025-11-03,SKU-10018,36,130.86,4710.96,1995.84,Regular,Online
2025-11-03,SKU-10058,20,146.05,2921.0,1500.4,Promo,Online
2025-11-03,SKU-10038,18,61.53,1107.54,678.78,Regular,Wholesale
2025-11-03,SKU-10004,18,156.72,2820.96,1318.86,Regular,Wholesale
2025-11-03,SKU-10025,14,49.57,693.98,256.06,Regular,Wholesale
2025-11-03,SKU-10046,12,102.42,1229.04,656.16,Regular,Wholesale
2025-11-03,SKU-10012,6,75.59,453.54,168.12,Regular,Retail
2025-11-03,SKU-10037,29,165.02,4785.58,2662.2,Promo,Wholesale
2025-11-03,SKU-10054,22,130.91,2880.02,1215.94,Promo,Wholesale
2025-11-03,SKU-10049,20,238.77,4775.4,1892.2,Regular,Wholesale
2025-11-03,SKU-10009,4,139.11,556.44,219.92,Regular,Online
2025-11-03,SKU-10028,18,32.35,582.3,217.98,Regular,Online
2025-11-03,SKU-10055,24,130.59,3134.16,1787.76,Promo,Online
2025-11-03,SKU-10007,24,198.88,4773.12,2173.92,Regular,Retail
2025-11-03,SKU-10052,18,165.64,2981.52,1041.12,Regular,Online
2025-11-03,SKU-10044,23,190.92,4391.16,2487.68,Regular,Wholesale
2025-11-03,SKU-10029,11,199.76,2197.36,1236.62,Regular,Retail
2025-11-03,SKU-10060,16,183.75,2940.0,1055.84,Regular,Online
2025-11-03,SKU-10002,9,145.21,1306.89,708.57,Regular,Retail
2025-11-03,SKU-10013,25,128.57,3214.25,1530.75,Regular,Online
2025-11-03,SKU-10045,16,127.22,2035.52,1465.12,Promo,Retail
2025-11-03,SKU-10056,10,16.12,161.2,78.2,Promo,Wholesale
2025-11-03,SKU-10034,13,141.01,1833.13,1014.13,Regular,Wholesale
2025-11-03,SKU-10031,16,113.3,1812.8,998.88,Promo,Retail
2025-11-03,SKU-10001,26,8.84,229.84,76.7,Regular,Online
2025-11-03,SKU-10017,18,206.65,3719.7,1540.08,Regular,Online
2025-11-03,SKU-10022,25,65.8,1645.0,687.5,Regular,Retail
2025-11-03,SKU-10027,25,184.99,4624.75,1575.75,Regular,Wholesale
2025-11-03,SKU-10014,17,150.61,2560.37,1449.42,Regular,Retail
2025-11-03,SKU-10040,21,170.43,3579.03,2030.07,Regular,Online
2025-11-03,SKU-10053,13,71.17,925.21,490.49,Regular,Retail
2025-11-04,SKU-10023,24,16.44,394.56,188.16,Regular,Online
2025-11-04,SKU-10018,39,116.42,4540.38,2162.16,Promo,Retail
2025-11-04,SKU-10053,20,75.68,1513.6,754.6,Regular,Online
2025-11-04,SKU-10051,28,42.74,1196.72,399.28,Regular,Retail
2025-11-04,SKU-10060,16,185.81,2972.96,1055.84,Regular,Online
2025-11-04,SKU-10008,18,44.49,800.82,417.06,Promo,Online
2025-11-04,SKU-10014,40,146.57,5862.8,3410.4,Regular,Wholesale
2025-11-04,SKU-10059,22,34.96,769.12,342.32,Regular,Wholesale
2025-11-04,SKU-10028,16,32.69,523.04,193.76,Regular,Retail
2025-11-04,SKU-10021,18,135.34,2436.12,991.8,Regular,Retail
2025-11-04,SKU-10040,25,153.52,3838.0,2416.75,Promo,Online
2025-11-04,SKU-10010,8,75.53,604.24,246.8,Regular,Wholesale
2025-11-04,SKU-10044,20,189.49,3789.8,2163.2,Regular,Online
2025-11-04,SKU-10036,24,76.47,1835.28,1296.72,Promo,Wholesale
2025-11-04,SKU-10027,19,180.11,3422.09,1197.57,Regular,Online
2025-11-04,SKU-10026,17,101.29,1721.93,1114.86,Promo,Retail
2025-11-04,SKU-10006,21,52.03,1092.63,435.12,Regular,Wholesale
2025-11-04,SKU-10034,8,117.76,942.08,624.08,Promo,Wholesale
2025-11-04,SKU-10055,15,148.82,2232.3,1117.35,Regular,Retail
2025-11-04,SKU-10052,32,163.19,5222.08,1850.88,Regular,Wholesale
2025-11-04,SKU-10007,18,211.2,3801.6,1630.44,Regular,Retail
2025-11-04,SKU-10048,15,159.42,2391.3,801.45,Regular,Wholesale
2025-11-04,SKU-10009,17,115.94,1970.98,934.66,Promo,Online
2025-11-04,SKU-10005,26,15.2,395.2,169.26,Regular,Retail
2025-11-04,SKU-10032,14,77.28,1081.92,475.72,Regular,Retail
2025-11-04,SKU-10033,28,122.47,3429.16,2047.36,Promo,Wholesale
2025-11-04,SKU-10058,11,161.15,1772.65,825.22,Regular,Wholesale
2025-11-04,SKU-10022,12,64.73,776.76,330.0,Regular,Online
2025-11-04,SKU-10045,21,152.83,3209.43,1922.97,Regular,Retail
2025-11-04,SKU-10035,16,188.56,3016.96,1474.56,Regular,Retail
2025-11-04,SKU-10047,25,136.68,3417.0,1457.25,Regular,Online
2025-11-04,SKU-10012,20,82.21,1644.2,560.4,Regular,Wholesale
2025-11-04,SKU-10020,13,41.05,533.65,234.52,Regular,Wholesale
2025-11-04,SKU-10049,20,219.55,4391.0,1892.2,Regular,Online
2025-11-04,SKU-10004,18,162.21,2919.78,1318.86,Regular,Online
2025-11-04,SKU-10011,25,224.21,5605.25,2271.25,Regular,Wholesale
2025-11-04,SKU-10025,12,51.13,613.56,219.48,Regular,Wholesale
2025-11-04,SKU-10037,12,195.46,2345.52,1101.6,Regular,Retail
2025-11-04,SKU-10056,14,18.27,255.78,109.48,Regular,Wholesale
2025-11-04,SKU-10003,27,124.73,3367.71,1540.62,Regular,Wholesale
2025-11-04,SKU-10043,22,35.65,784.3,535.04,Promo,Online
2025-11-04,SKU-10042,18,194.95,3509.1,1680.48,Promo,Online
2025-11-04,SKU-10046,30,104.31,3129.3,1640.4,Regular,Wholesale
2025-11-04,SKU-10017,38,190.18,7226.84,3251.28,Promo,Retail
2025-11-05,SKU-10015,24,143.56,3445.44,1434.72,Promo,Online
2025-11-05,SKU-10046,20,100.89,2017.8,1093.6,Regular,Wholesale
2025-11-05,SKU-10055,18,123.12,2216.16,1340.82,Promo,Wholesale
2025-11-05,SKU-10016,13,182.0,2366.0,1150.76,Regular,Online
2025-11-05,SKU-10019,27,170.16,4594.32,1996.65,Regular,Retail
2025-11-05,SKU-10023,17,17.44,296.48,133.28,Regular,Wholesale
2025-11-05,SKU-10045,5,151.12,755.6,457.85,Regular,Wholesale
2025-11-05,SKU-10013,3,126.47,379.41,183.69,Regular,Online
2025-11-05,SKU-10040,14,161.54,2261.56,1353.38,Regular,Online
2025-11-05,SKU-10060,15,187.4,2811.0,989.85,Regular,Retail
2025-11-05,SKU-10014,17,125.58,2134.86,1449.42,Promo,Online
2025-11-05,SKU-10006,14,53.62,750.68,290.08,Regular,Online
2025-11-05,SKU-10053,26,74.98,1949.48,980.98,Regular,Retail
2025-11-05,SKU-10059,16,35.69,571.04,248.96,Regular,Wholesale
2025-11-05,SKU-10008,24,39.69,952.56,556.08,Promo,Online
2025-11-05,SKU-10027,27,187.63,5066.01,1701.81,Regular,Retail
2025-11-05,SKU-10011,20,179.07,3581.4,1817.0,Promo,Retail
2025-11-05,SKU-10034,24,137.17,3292.08,1872.24,Regular,Online
2025-11-05,SKU-10047,34,124.23,4223.82,1981.86,Promo,Wholesale
2025-11-05,SKU-10024,29,80.14,2324.06,745.3,Regular,Retail
2025-11-05,SKU-10038,10,63.46,634.6,377.1,Regular,Retail
2025-11-05,SKU-10036,22,96.0,2112.0,1188.66,Regular,Wholesale
2025-11-05,SKU-10022,8,64.14,513.12,220.0,Regular,Retail
2025-11-05,SKU-10001,15,9.11,136.65,44.25,Regular,Retail
2025-11-05,SKU-10054,20,140.86,2817.2,1105.4,Regular,Online
2025-11-05,SKU-10017,31,215.4,6677.4,2652.36,Regular,Retail
2025-11-05,SKU-10048,21,149.74,3144.54,1122.03,Regular,Wholesale
2025-11-05,SKU-10044,25,192.45,4811.25,2704.0,Regular,Wholesale
2025-11-05,SKU-10018,24,139.68,3352.32,1330.56,Regular,Wholesale
2025-11-05,SKU-10037,34,186.96,6356.64,3121.2,Regular,Online
2025-11-05,SKU-10049,11,227.54,2502.94,1040.71,Regular,Online
2025-11-05,SKU-10026,12,121.7,1460.4,786.96,Regular,Retail
2025-11-05,SKU-10002,20,145.46,2909.2,1574.6,Regular,Online
2025-11-05,SKU-10031,29,129.81,3764.49,1810.47,Regular,Retail
2025-11-05,SKU-10041,20,156.22,3124.4,1806.2,Promo,Retail
2025-11-05,SKU-10009,28,137.67,3854.76,1539.44,Regular,Retail
2025-11-05,SKU-10007,12,205.85,2470.2,1086.96,Regular,Wholesale
2025-11-05,SKU-10032,11,75.79,833.69,373.78,Regular,Retail
2025-11-05,SKU-10050,11,147.54,1622.94,934.45,Regular,Online
2025-11-05,SKU-10057,25,225.68,5642.0,3233.0,Regular,Retail
2025-11-05,SKU-10033,23,139.73,3213.79,1681.76,Regular,Retail
2025-11-05,SKU-10052,20,168.51,3370.2,1156.8,Regular,Online
2025-11-05,SKU-10030,29,22.03,638.87,363.08,Promo,Retail
2025-11-05,SKU-10029,21,173.24,3638.04,2360.82,Promo,Retail
2025-11-06,SKU-10055,11,127.2,1399.2,819.39,Promo,Retail
2025-11-06,SKU-10010,24,69.51,1668.24,740.4,Regular,Wholesale
2025-11-06,SKU-10009,23,148.65,3418.95,1264.54,Regular,Wholesale
2025-11-06,SKU-10020,18,44.7,804.6,324.72,Regular,Online
2025-11-06,SKU-10058,19,172.91,3285.29,1425.38,Regular,Retail
2025-11-06,SKU-10008,31,48.02,1488.62,718.27,Regular,Retail
2025-11-06,SKU-10050,30,153.69,4610.7,2548.5,Regular,Retail
2025-11-06,SKU-10042,19,218.4,4149.6,1773.84,Regular,Wholesale
2025-11-06,SKU-10040,31,162.81,5047.11,2996.77,Regular,Online
2025-11-06,SKU-10015,18,168.33,3029.94,1076.04,Regular,Online
2025-11-06,SKU-10039,28,205.56,5755.68,3270.68,Regular,Online
2025-11-06,SKU-10047,21,145.18,3048.78,1224.09,Regular,Retail
2025-11-06,SKU-10033,14,136.68,1913.52,1023.68,Regular,Wholesale
2025-11-06,SKU-10045,24,150.57,3613.68,2197.68,Regular,Wholesale
2025-11-06,SKU-10060,18,195.85,3525.3,1187.82,Regular,Online
2025-11-06,SKU-10019,7,165.33,1157.31,517.65,Regular,Retail
2025-11-06,SKU-10038,15,60.42,906.3,565.65,Regular,Online
2025-11-06,SKU-10028,19,30.43,578.17,230.09,Regular,Wholesale
2025-11-06,SKU-10036,13,92.24,1199.12,702.39,Regular,Wholesale
2025-11-06,SKU-10023,12,14.47,173.64,94.08,Promo,Wholesale
2025-11-06,SKU-10052,16,148.25,2372.0,925.44,Promo,Retail
2025-11-06,SKU-10026,15,122.72,1840.8,983.7,Regular,Wholesale
2025-11-06,SKU-10030,21,27.93,586.53,262.92,Regular,Retail
2025-11-06,SKU-10048,8,159.48,1275.84,427.44,Regular,Wholesale
2025-11-06,SKU-10032,10,76.88,768.8,339.8,Regular,Online
2025-11-06,SKU-10035,22,186.09,4093.98,2027.52,Regular,Online
2025-11-06,SKU-10059,18,33.0,594.0,280.08,Regular,Wholesale
2025-11-06,SKU-10025,21,50.69,1064.49,384.09,Regular,Wholesale
2025-11-06,SKU-10017,19,190.7,3623.3,1625.64,Promo,Online
2025-11-06,SKU-10012,31,75.66,2345.46,868.62,Regular,Online
2025-11-06,SKU-10022,16,64.08,1025.28,440.0,Regular,Online
2025-11-06,SKU-10016,21,139.17,2922.57,1858.92,Promo,Online
2025-11-06,SKU-10051,6,44.15,264.9,85.56,Regular,Online
2025-11-06,SKU-10057,5,224.06,1120.3,646.6,Regular,Retail
2025-11-06,SKU-10031,28,126.24,3534.72,1748.04,Regular,Online
2025-11-06,SKU-10053,16,72.41,1158.56,603.68,Regular,Wholesale
2025-11-06,SKU-10044,18,180.56,3250.08,1946.88,Regular,Wholesale
2025-11-06,SKU-10043,10,46.68,466.8,243.2,Regular,Retail
2025-11-06,SKU-10004,27,150.23,4056.21,1978.29,Regular,Wholesale
2025-11-06,SKU-10013,22,138.11,3038.42,1347.06,Regular,Retail
2025-11-06,SKU-10001,12,8.87,106.44,35.4,Regular,Wholesale
2025-11-06,SKU-10041,21,183.57,3854.97,1896.51,Regular,Online
2025-11-06,SKU-10034,20,106.2,2124.0,1560.2,Promo,Wholesale
2025-11-06,SKU-10011,27,219.44,5924.88,2452.95,Regular,Wholesale
2025-11-07,SKU-10022,7,63.1,441.7,192.5,Regular,Online
2025-11-07,SKU-10056,20,18.41,368.2,156.4,Regular,Online
2025-11-07,SKU-10053,22,73.58,1618.76,830.06,Regular,Online
2025-11-07,SKU-10029,9,196.14,1765.26,1011.78,Regular,Wholesale
2025-11-07,SKU-10037,6,187.46,1124.76,550.8,Regular,Online
2025-11-07,SKU-10039,19,170.66,3242.54,2219.39,Promo,Wholesale
2025-11-07,SKU-10030,15,26.74,401.1,187.8,Regular,Retail
2025-11-07,SKU-10047,15,115.51,1732.65,874.35,Promo,Retail
2025-11-07,SKU-10033,31,126.01,3906.31,2266.72,Promo,Retail
2025-11-07,SKU-10020,16,42.61,681.76,288.64,Regular,Wholesale
2025-11-07,SKU-10057,19,230.9,4387.1,2457.08,Regular,Retail
2025-11-07,SKU-10041,14,184.4,2581.6,1264.34,Regular,Wholesale
2025-11-07,SKU-10031,33,131.55,4341.15,2060.19,Regular,Online
2025-11-07,SKU-10003,21,126.1,2648.1,1198.26,Regular,Wholesale
2025-11-07,SKU-10001,15,8.88,133.2,44.25,Regular,Online
2025-11-07,SKU-10044,18,191.69,3450.42,1946.88,Regular,Wholesale
2025-11-07,SKU-10008,14,42.27,591.78,324.38,Promo,Online
2025-11-07,SKU-10018,14,138.1,1933.4,776.16,Regular,Wholesale
2025-11-07,SKU-10051,31,38.86,1204.66,442.06,Promo,Wholesale
2025-11-07,SKU-10026,25,99.55,2488.75,1639.5,Promo,Retail
2025-11-07,SKU-10045,23,154.73,3558.79,2106.11,Regular,Wholesale
2025-11-07,SKU-10043,18,36.54,657.72,437.76,Promo,Online
2025-11-07,SKU-10038,41,60.31,2472.71,1546.11,Regular,Retail
2025-11-07,SKU-10023,25,13.5,337.5,196.0,Promo,Online
2025-11-07,SKU-10009,23,150.35,3458.05,1264.54,Regular,Retail
2025-11-07,SKU-10048,33,127.64,4212.12,1763.19,Promo,Wholesale
2025-11-07,SKU-10016,5,184.37,921.85,442.6,Regular,Wholesale
2025-11-07,SKU-10004,23,153.35,3527.05,1685.21,Regular,Online
2025-11-07,SKU-10010,12,70.45,845.4,370.2,Regular,Retail
2025-11-07,SKU-10014,10,149.29,1492.9,852.6,Regular,Retail
2025-11-07,SKU-10013,17,127.91,2174.47,1040.91,Regular,Online
2025-11-07,SKU-10060,9,200.76,1806.84,593.91,Regular,Wholesale
2025-11-07,SKU-10058,21,160.61,3372.81,1575.42,Regular,Wholesale
2025-11-07,SKU-10024,6,80.5,483.0,154.2,Regular,Wholesale
2025-11-07,SKU-10017,19,179.56,3411.64,1625.64,Promo,Retail
2025-11-07,SKU-10046,20,97.68,1953.6,1093.6,Regular,Online
2025-11-07,SKU-10034,19,140.91,2677.29,1482.19,Regular,Retail
2025-11-07,SKU-10040,31,160.12,4963.72,2996.77,Regular,Retail
2025-11-07,SKU-10021,16,139.76,2236.16,881.6,Regular,Retail
2025-11-07,SKU-10035,15,146.3,2194.5,1382.4,Promo,Wholesale
2025-11-07,SKU-10052,14,158.18,2214.52,809.76,Regular,Wholesale
2025-11-07,SKU-10027,12,190.11,2281.32,756.36,Regular,Wholesale
2025-11-07,SKU-10032,28,73.98,2071.44,951.44,Regular,Wholesale
2025-11-07,SKU-10007,15,209.41,3141.15,1358.7,Regular,Wholesale
2025-11-07,SKU-10006,17,52.62,894.54,352.24,Regular,Wholesale
2025-11-08,SKU-10035,17,190.05,3230.85,1566.72,Regular,Wholesale
2025-11-08,SKU-10034,18,141.48,2546.64,1404.18,Regular,Online
2025-11-08,SKU-10056,14,16.55,231.7,109.48,Promo,Wholesale
2025-11-08,SKU-10038,25,54.65,1366.25,942.75,Promo,Retail
2025-11-08,SKU-10026,27,115.93,3130.11,1770.66,Regular,Wholesale
2025-11-08,SKU-10001,29,9.49,275.21,85.55,Regular,Wholesale
2025-11-08,SKU-10032,8,74.58,596.64,271.84,Regular,Retail
2025-11-08,SKU-10018,19,142.0,2698.0,1053.36,Regular,Wholesale
2025-11-08,SKU-10010,16,75.22,1203.52,493.6,Regular,Wholesale
2025-11-08,SKU-10039,10,201.42,2014.2,1168.1,Regular,Online
2025-11-08,SKU-10041,24,173.01,4152.24,2167.44,Regular,Online
2025-11-08,SKU-10058,23,172.57,3969.11,1725.46,Regular,Wholesale
2025-11-08,SKU-10052,15,140.05,2100.75,867.6,Promo,Online
2025-11-08,SKU-10024,18,75.89,1366.02,462.6,Regular,Retail
2025-11-08,SKU-10007,34,203.88,6931.92,3079.72,Regular,Wholesale
2025-11-08,SKU-10004,17,158.44,2693.48,1245.59,Regular,Retail
2025-11-08,SKU-10011,10,190.69,1906.9,908.5,Promo,Online
2025-11-08,SKU-10017,10,168.24,1682.4,855.6,Promo,Online
2025-11-08,SKU-10043,11,43.41,477.51,267.52,Regular,Online
2025-11-08,SKU-10009,30,144.31,4329.3,1649.4,Regular,Retail
2025-11-08,SKU-10020,21,40.66,853.86,378.84,Regular,Online
2025-11-08,SKU-10033,18,121.27,2182.86,1316.16,Promo,Wholesale
2025-11-08,SKU-10042,33,215.84,7122.72,3080.88,Regular,Retail
2025-11-08,SKU-10006,18,52.6,946.8,372.96,Regular,Online
2025-11-08,SKU-10054,17,146.81,2495.77,939.59,Regular,Wholesale
2025-11-08,SKU-10013,26,134.45,3495.7,1591.98,Regular,Retail
2025-11-08,SKU-10005,9,14.89,134.01,58.59,Regular,Retail
2025-11-08,SKU-10016,22,181.02,3982.44,1947.44,Regular,Retail
2025-11-08,SKU-10029,18,192.61,3466.98,2023.56,Regular,Online
2025-11-08,SKU-10059,20,34.47,689.4,311.2,Regular,Wholesale
2025-11-08,SKU-10050,14,149.96,2099.44,1189.3,Regular,Online
2025-11-08,SKU-10036,7,89.22,624.54,378.21,Regular,Wholesale
2025-11-08,SKU-10012,16,76.99,1231.84,448.32,Regular,Wholesale
2025-11-08,SKU-10053,4,74.46,297.84,150.92,Regular,Wholesale
2025-11-08,SKU-10019,13,142.77,1856.01,961.35,Promo,Online
2025-11-08,SKU-10060,2,188.58,377.16,131.98,Regular,Wholesale
2025-11-08,SKU-10046,16,95.71,1531.36,874.88,Regular,Retail
2025-11-08,SKU-10040,22,168.77,3712.94,2126.74,Regular,Wholesale
2025-11-08,SKU-10015,36,167.58,6032.88,2152.08,Regular,Wholesale
2025-11-08,SKU-10048,28,150.09,4202.52,1496.04,Regular,Retail
2025-11-08,SKU-10008,20,39.42,788.4,463.4,Promo,Online
2025-11-08,SKU-10025,35,53.26,1864.1,640.15,Regular,Wholesale
2025-11-08,SKU-10044,17,167.12,2841.04,1838.72,Promo,Retail
2025-11-08,SKU-10028,14,32.15,450.1,169.54,Regular,Online
2025-11-08,SKU-10049,21,222.55,4673.55,1986.81,Regular,Retail
2025-11-09,SKU-10037,16,192.69,3083.04,1468.8,Regular,Retail
2025-11-09,SKU-10001,30,9.03,270.9,88.5,Regular,Online
2025-11-09,SKU-10020,17,33.32,566.44,306.68,Promo,Retail
2025-11-09,SKU-10010,13,74.52,968.76,401.05,Regular,Wholesale
2025-11-09,SKU-10041,14,159.92,2238.88,1264.34,Promo,Retail
2025-11-09,SKU-10012,13,82.0,1066.0,364.26,Regular,Online
2025-11-09,SKU-10039,25,197.6,4940.0,2920.25,Regular,Online
2025-11-09,SKU-10004,10,151.89,1518.9,732.7,Regular,Online
2025-11-09,SKU-10006,23,53.85,1238.55,476.56,Regular,Retail
2025-11-09,SKU-10043,38,40.42,1535.96,924.16,Promo,Wholesale
2025-11-09,SKU-10009,13,142.04,1846.52,714.74,Regular,Retail
2025-11-09,SKU-10011,5,218.91,1094.55,454.25,Regular,Retail
2025-11-09,SKU-10024,10,76.77,767.7,257.0,Regular,Retail
2025-11-09,SKU-10035,21,181.15,3804.15,1935.36,Regular,Wholesale
2025-11-09,SKU-10032,9,67.55,607.95,305.82,Promo,Retail
2025-11-09,SKU-10060,13,188.92,2455.96,857.87,Regular,Wholesale
2025-11-09,SKU-10047,23,131.59,3026.57,1340.67,Promo,Online
2025-11-09,SKU-10034,20,140.34,2806.8,1560.2,Regular,Online
2025-11-09,SKU-10025,23,49.21,1131.83,420.67,Regular,Retail
2025-11-09,SKU-10049,17,235.45,4002.65,1608.37,Regular,Online
2025-11-09,SKU-10055,30,155.97,4679.1,2234.7,Regular,Online
2025-11-09,SKU-10022,7,63.93,447.51,192.5,Regular,Online
2025-11-09,SKU-10021,28,132.23,3702.44,1542.8,Regular,Retail
2025-11-09,SKU-10023,19,17.29,328.51,148.96,Regular,Wholesale
2025-11-09,SKU-10051,23,42.61,980.03,327.98,Regular,Online
2025-11-09,SKU-10040,23,163.28,3755.44,2223.41,Regular,Retail
2025-11-09,SKU-10050,12,153.09,1837.08,1019.4,Regular,Wholesale
2025-11-09,SKU-10014,15,119.92,1798.8,1278.9,Promo,Retail
2025-11-09,SKU-10056,16,16.18,258.88,125.12,Promo,Wholesale
2025-11-09,SKU-10002,20,118.46,2369.2,1574.6,Promo,Wholesale
2025-11-09,SKU-10045,14,136.19,1906.66,1281.98,Promo,Retail
2025-11-09,SKU-10044,16,180.69,2891.04,1730.56,Regular,Wholesale
2025-11-09,SKU-10005,27,15.47,417.69,175.77,Regular,Wholesale
2025-11-09,SKU-10042,36,212.12,7636.32,3360.96,Regular,Online
2025-11-09,SKU-10058,8,137.59,1100.72,600.16,Promo,Wholesale
2025-11-09,SKU-10003,23,116.14,2671.22,1312.38,Promo,Online
2025-11-09,SKU-10057,14,223.82,3133.48,1810.48,Regular,Wholesale
2025-11-09,SKU-10029,10,194.57,1945.7,1124.2,Regular,Wholesale
2025-11-09,SKU-10016,4,178.77,715.08,354.08,Regular,Retail
2025-11-09,SKU-10019,21,163.64,3436.44,1552.95,Regular,Online
2025-11-09,SKU-10015,32,178.62,5715.84,1912.96,Regular,Online
2025-11-09,SKU-10018,13,133.87,1740.31,720.72,Regular,Wholesale
2025-11-09,SKU-10036,2,87.66,175.32,108.06,Regular,Retail
2025-11-09,SKU-10007,20,200.3,4006.0,1811.6,Regular,Wholesale
2025-11-09,SKU-10054,11,154.44,1698.84,607.97,Regular,Retail
2025-11-10,SKU-10052,16,158.61,2537.76,925.44,Regular,Wholesale
2025-11-10,SKU-10036,10,91.75,917.5,540.3,Regular,Retail
2025-11-10,SKU-10049,19,224.13,4258.47,1797.59,Regular,Wholesale
2025-11-10,SKU-10042,12,221.98,2663.76,1120.32,Regular,Wholesale
2025-11-10,SKU-10013,21,136.98,2876.58,1285.83,Regular,Retail
2025-11-10,SKU-10005,29,14.04,407.16,188.79,Promo,Wholesale
2025-11-10,SKU-10060,17,197.26,3353.42,1121.83,Regular,Online
2025-11-10,SKU-10029,17,188.8,3209.6,1911.14,Regular,Wholesale
2025-11-10,SKU-10054,15,151.14,2267.1,829.05,Regular,Online
2025-11-10,SKU-10015,20,175.32,3506.4,1195.6,Regular,Retail
2025-11-10,SKU-10055,11,154.86,1703.46,819.39,Regular,Wholesale
2025-11-10,SKU-10043,34,46.23,1571.82,826.88,Regular,Retail
2025-11-10,SKU-10026,34,117.54,3996.36,2229.72,Regular,Online
2025-11-10,SKU-10034,21,130.89,2748.69,1638.21,Regular,Online
2025-11-10,SKU-10025,20,51.83,1036.6,365.8,Regular,Online
2025-11-10,SKU-10038,28,54.27,1519.56,1055.88,Promo,Online
2025-11-10,SKU-10053,23,72.1,1658.3,867.79,Regular,Retail
2025-11-10,SKU-10008,18,48.82,878.76,417.06,Regular,Retail
2025-11-10,SKU-10039,1,203.59,203.59,116.81,Regular,Retail
2025-11-10,SKU-10046,19,99.72,1894.68,1038.92,Regular,Retail
2025-11-10,SKU-10032,13,73.95,961.35,441.74,Regular,Wholesale
2025-11-10,SKU-10018,11,133.14,1464.54,609.84,Regular,Wholesale
2025-11-10,SKU-10059,14,27.25,381.5,217.84,Promo,Wholesale
2025-11-10,SKU-10041,26,172.0,4472.0,2348.06,Regular,Online
2025-11-10,SKU-10017,15,214.92,3223.8,1283.4,Regular,Wholesale
2025-11-10,SKU-10006,17,49.89,848.13,352.24,Regular,Wholesale
2025-11-10,SKU-10014,16,154.52,2472.32,1364.16,Regular,Wholesale
2025-11-10,SKU-10027,9,151.76,1365.84,567.27,Promo,Online
2025-11-10,SKU-10020,12,44.75,537.0,216.48,Regular,Wholesale
2025-11-10,SKU-10030,15,26.96,404.4,187.8,Regular,Retail
2025-11-10,SKU-10016,16,175.59,2809.44,1416.32,Regular,Wholesale
2025-11-10,SKU-10012,11,76.16,837.76,308.22,Regular,Wholesale
2025-11-10,SKU-10002,9,145.31,1307.79,708.57,Regular,Retail
2025-11-10,SKU-10057,22,180.79,3977.38,2845.04,Promo,Retail
2025-11-10,SKU-10044,38,178.02,6764.76,4110.08,Regular,Wholesale
2025-11-10,SKU-10047,13,136.7,1777.1,757.77,Regular,Wholesale
2025-11-10,SKU-10037,22,198.99,4377.78,2019.6,Regular,Retail
2025-11-10,SKU-10028,18,32.42,583.56,217.98,Regular,Retail
2025-11-10,SKU-10001,22,8.81,193.82,64.9,Regular,Wholesale
2025-11-10,SKU-10019,21,131.84,2768.64,1552.95,Promo,Wholesale
2025-11-10,SKU-10050,24,152.36,3656.64,2038.8,Regular,Online
2025-11-10,SKU-10022,14,62.14,869.96,385.0,Regular,Retail
2025-11-10,SKU-10045,15,150.37,2255.55,1373.55,Regular,Wholesale
2025-11-10,SKU-10058,12,138.23,1658.76,900.24,Promo,Wholesale
2025-11-10,SKU-10040,19,161.89,3075.91,1836.73,Regular,Wholesale
2025-11-11,SKU-10047,16,148.18,2370.88,932.64,Regular,Retail
2025-11-11,SKU-10035,4,160.77,643.08,368.64,Promo,Online
2025-11-11,SKU-10036,13,91.84,1193.92,702.39,Regular,Retail
2025-11-11,SKU-10014,18,146.55,2637.9,1534.68,Regular,Online
2025-11-11,SKU-10002,6,145.54,873.24,472.38,Regular,Wholesale
2025-11-11,SKU-10032,16,77.84,1245.44,543.68,Regular,Wholesale
2025-11-11,SKU-10059,11,27.05,297.55,171.16,Promo,Online
2025-11-11,SKU-10026,18,108.1,1945.8,1180.44,Promo,Online
2025-11-11,SKU-10009,7,148.89,1042.23,384.86,Regular,Retail
2025-11-11,SKU-10012,4,79.55,318.2,112.08,Regular,Wholesale
2025-11-11,SKU-10034,15,135.12,2026.8,1170.15,Regular,Online
2025-11-11,SKU-10041,17,155.69,2646.73,1535.27,Promo,Wholesale
2025-11-11,SKU-10040,9,153.19,1378.71,870.03,Promo,Online
2025-11-11,SKU-10048,19,161.22,3063.18,1015.17,Regular,Wholesale
2025-11-11,SKU-10051,15,42.42,636.3,213.9,Regular,Online
2025-11-11,SKU-10030,33,27.77,916.41,413.16,Regular,Wholesale
2025-11-11,SKU-10033,11,140.05,1540.55,804.32,Regular,Online
2025-11-11,SKU-10005,23,14.9,342.7,149.73,Regular,Wholesale
2025-11-11,SKU-10025,41,48.82,2001.62,749.89,Regular,Online
2025-11-11,SKU-10042,4,207.85,831.4,373.44,Regular,Online
2025-11-11,SKU-10031,24,126.87,3044.88,1498.32,Regular,Online
2025-11-11,SKU-10045,17,147.63,2509.71,1556.69,Regular,Wholesale
2025-11-11,SKU-10044,21,183.53,3854.13,2271.36,Regular,Retail
2025-11-11,SKU-10004,18,163.42,2941.56,1318.86,Regular,Wholesale
2025-11-11,SKU-10015,18,164.2,2955.6,1076.04,Regular,Wholesale
2025-11-11,SKU-10006,19,51.11,971.09,393.68,Regular,Online
2025-11-11,SKU-10001,3,8.83,26.49,8.85,Regular,Online
2025-11-11,SKU-10049,13,187.43,2436.59,1229.93,Promo,Retail
2025-11-11,SKU-10029,15,168.11,2521.65,1686.3,Promo,Wholesale
2025-11-11,SKU-10022,9,65.55,589.95,247.5,Regular,Retail
2025-11-11,SKU-10013,1,137.69,137.69,61.23,Regular,Wholesale
2025-11-11,SKU-10003,13,131.58,1710.54,741.78,Regular,Wholesale
2025-11-11,SKU-10019,26,172.24,4478.24,1922.7,Regular,Wholesale
2025-11-11,SKU-10052,26,150.38,3909.88,1503.84,Promo,Retail
2025-11-11,SKU-10023,22,16.6,365.2,172.48,Regular,Wholesale
2025-11-11,SKU-10055,23,153.16,3522.68,1713.27,Regular,Online
2025-11-11,SKU-10056,27,18.69,504.63,211.14,Regular,Retail
2025-11-11,SKU-10053,24,60.12,1442.88,905.52,Promo,Wholesale
2025-11-11,SKU-10050,22,130.64,2874.08,1868.9,Promo,Retail
2025-11-11,SKU-10058,17,157.31,2674.27,1275.34,Regular,Retail
2025-11-11,SKU-10038,20,50.44,1008.8,754.2,Promo,Wholesale
2025-11-11,SKU-10037,32,199.04,6369.28,2937.6,Regular,Retail
2025-11-11,SKU-10043,17,44.82,761.94,413.44,Regular,Retail
2025-11-11,SKU-10028,13,31.41,408.33,157.43,Regular,Retail
2025-11-11,SKU-10039,28,194.92,5457.76,3270.68,Regular,Wholesale
2025-11-12,SKU-10036,11,93.29,1026.19,594.33,Regular,Online
2025-11-12,SKU-10011,29,208.86,6056.94,2634.65,Regular,Online
2025-11-12,SKU-10042,25,204.51,5112.75,2334.0,Regular,Wholesale
2025-11-12,SKU-10058,16,172.29,2756.64,1200.32,Regular,Online
2025-11-12,SKU-10009,19,137.72,2616.68,1044.62,Regular,Online
2025-11-12,SKU-10035,7,169.78,1188.46,645.12,Promo,Retail
2025-11-12,SKU-10007,5,199.88,999.4,452.9,Regular,Wholesale
2025-11-12,SKU-10026,33,112.83,3723.39,2164.14,Regular,Online
2025-11-12,SKU-10014,30,144.11,4323.3,2557.8,Regular,Retail
2025-11-12,SKU-10021,29,137.22,3979.38,1597.9,Regular,Retail
2025-11-12,SKU-10040,16,168.41,2694.56,1546.72,Regular,Wholesale
2025-11-12,SKU-10038,27,58.26,1573.02,1018.17,Regular,Online
2025-11-12,SKU-10050,31,158.3,4907.3,2633.45,Regular,Retail
2025-11-12,SKU-10019,18,171.4,3085.2,1331.1,Regular,Wholesale
2025-11-12,SKU-10030,19,27.85,529.15,237.88,Regular,Online
2025-11-12,SKU-10025,18,53.48,962.64,329.22,Regular,Wholesale
2025-11-12,SKU-10053,12,76.45,917.4,452.76,Regular,Retail
2025-11-12,SKU-10047,18,125.12,2252.16,1049.22,Promo,Retail
2025-11-12,SKU-10018,18,132.28,2381.04,997.92,Regular,Retail
2025-11-12,SKU-10034,21,130.83,2747.43,1638.21,Regular,Wholesale
2025-11-12,SKU-10060,16,193.59,3097.44,1055.84,Regular,Wholesale
2025-11-12,SKU-10029,9,191.58,1724.22,1011.78,Regular,Online
2025-11-12,SKU-10052,16,171.22,2739.52,925.44,Regular,Wholesale
2025-11-12,SKU-10054,27,152.18,4108.86,1492.29,Regular,Wholesale
2025-11-12,SKU-10022,25,65.1,1627.5,687.5,Regular,Wholesale
2025-11-12,SKU-10044,18,177.72,3198.96,1946.88,Regular,Wholesale
2025-11-12,SKU-10016,7,170.44,1193.08,619.64,Regular,Retail
2025-11-12,SKU-10008,9,48.65,437.85,208.53,Regular,Online
2025-11-12,SKU-10023,17,15.05,255.85,133.28,Promo,Wholesale
2025-11-12,SKU-10032,18,76.29,1373.22,611.64,Regular,Retail
2025-11-12,SKU-10033,15,127.89,1918.35,1096.8,Promo,Online
2025-11-12,SKU-10003,26,133.5,3471.0,1483.56,Regular,Retail
2025-11-12,SKU-10039,18,162.37,2922.66,2102.58,Promo,Retail
2025-11-12,SKU-10024,35,79.83,2794.05,899.5,Regular,Retail
2025-11-12,SKU-10004,40,153.54,6141.6,2930.8,Regular,Retail
2025-11-12,SKU-10059,12,29.64,355.68,186.72,Promo,Online
2025-11-12,SKU-10057,16,214.43,3430.88,2069.12,Regular,Retail
2025-11-12,SKU-10041,27,182.76,4934.52,2438.37,Regular,Online
2025-11-12,SKU-10045,6,153.58,921.48,549.42,Regular,Wholesale
2025-11-12,SKU-10056,19,14.49,275.31,148.58,Promo,Retail
2025-11-12,SKU-10049,33,201.58,6652.14,3122.13,Promo,Online
2025-11-12,SKU-10015,16,141.97,2271.52,956.48,Promo,Wholesale
2025-11-12,SKU-10027,7,193.13,1351.91,441.21,Regular,Online
2025-11-13,SKU-10009,12,147.17,1766.04,659.76,Regular,Retail
2025-11-13,SKU-10039,22,192.52,4235.44,2569.82,Regular,Retail
2025-11-13,SKU-10003,14,130.01,1820.14,798.84,Regular,Retail
2025-11-13,SKU-10037,23,196.46,4518.58,2111.4,Regular,Online
2025-11-13,SKU-10055,18,146.11,2629.98,1340.82,Regular,Online
2025-11-13,SKU-10059,16,36.05,576.8,248.96,Regular,Wholesale
2025-11-13,SKU-10029,29,193.85,5621.65,3260.18,Regular,Online
2025-11-13,SKU-10011,32,208.97,6687.04,2907.2,Regular,Wholesale
2025-11-13,SKU-10024,22,77.5,1705.0,565.4,Regular,Retail
2025-11-13,SKU-10019,19,166.83,3169.77,1405.05,Regular,Wholesale
2025-11-13,SKU-10038,15,60.99,914.85,565.65,Regular,Wholesale
2025-11-13,SKU-10044,20,177.79,3555.8,2163.2,Regular,Retail
2025-11-13,SKU-10001,17,9.25,157.25,50.15,Regular,Online
2025-11-13,SKU-10035,23,178.39,4102.97,2119.68,Regular,Retail
2025-11-13,SKU-10032,20,59.71,1194.2,679.6,Promo,Online
2025-11-13,SKU-10020,24,41.36,992.64,432.96,Regular,Retail
2025-11-13,SKU-10034,22,134.36,2955.92,1716.22,Regular,Online
2025-11-13,SKU-10033,14,119.42,1671.88,1023.68,Promo,Retail
2025-11-13,SKU-10045,32,154.7,4950.4,2930.24,Regular,Online
2025-11-13,SKU-10016,15,174.38,2615.7,1327.8,Regular,Online
2025-11-13,SKU-10052,15,171.85,2577.75,867.6,Regular,Retail
2025-11-13,SKU-10005,33,14.81,488.73,214.83,Regular,Online
2025-11-13,SKU-10056,22,18.81,413.82,172.04,Regular,Retail
2025-11-13,SKU-10022,27,65.59,1770.93,742.5,Regular,Online
2025-11-13,SKU-10060,17,192.65,3275.05,1121.83,Regular,Online
2025-11-13,SKU-10025,26,51.77,1346.02,475.54,Regular,Online
2025-11-13,SKU-10013,14,134.82,1887.48,857.22,Regular,Retail
2025-11-13,SKU-10058,26,164.25,4270.5,1950.52,Regular,Retail
2025-11-13,SKU-10057,16,229.94,3679.04,2069.12,Regular,Wholesale
2025-11-13,SKU-10028,14,32.8,459.2,169.54,Regular,Wholesale
2025-11-13,SKU-10030,7,22.46,157.22,87.64,Promo,Retail
2025-11-13,SKU-10002,24,120.75,2898.0,1889.52,Promo,Online
2025-11-13,SKU-10027,19,187.92,3570.48,1197.57,Regular,Retail
2025-11-13,SKU-10041,18,173.13,3116.34,1625.58,Regular,Retail
2025-11-13,SKU-10021,30,142.96,4288.8,1653.0,Regular,Online
2025-11-13,SKU-10048,21,157.98,3317.58,1122.03,Regular,Wholesale
2025-11-13,SKU-10050,12,133.48,1601.76,1019.4,Promo,Online
2025-11-13,SKU-10017,24,205.3,4927.2,2053.44,Regular,Wholesale
2025-11-13,SKU-10042,18,219.42,3949.56,1680.48,Regular,Online
2025-11-13,SKU-10023,20,13.47,269.4,156.8,Promo,Retail
2025-11-13,SKU-10010,15,72.17,1082.55,462.75,Regular,Retail
2025-11-13,SKU-10006,1,53.74,53.74,20.72,Regular,Online
2025-11-13,SKU-10018,25,130.53,3263.25,1386.0,Regular,Retail
2025-11-13,SKU-10026,4,106.55,426.2,262.32,Promo,Wholesale
2025-11-13,SKU-10036,10,96.15,961.5,540.3,Regular,Retail
2025-11-14,SKU-10057,40,176.67,7066.8,5172.8,Promo,Wholesale
2025-11-14,SKU-10026,33,115.68,3817.44,2164.14,Regular,Retail
2025-11-14,SKU-10005,17,13.1,222.7,110.67,Promo,Online
2025-11-14,SKU-10036,15,91.59,1373.85,810.45,Regular,Retail
2025-11-14,SKU-10008,25,48.6,1215.0,579.25,Regular,Wholesale
2025-11-14,SKU-10017,30,184.38,5531.4,2566.8,Promo,Retail
2025-11-14,SKU-10025,24,50.38,1209.12,438.96,Regular,Retail
2025-11-14,SKU-10045,3,151.67,455.01,274.71,Regular,Online
2025-11-14,SKU-10035,15,148.92,2233.8,1382.4,Promo,Online
2025-11-14,SKU-10014,15,143.99,2159.85,1278.9,Regular,Wholesale
2025-11-14,SKU-10028,26,26.8,696.8,314.86,Promo,Wholesale
2025-11-14,SKU-10048,22,157.87,3473.14,1175.46,Regular,Wholesale
2025-11-14,SKU-10060,10,184.71,1847.1,659.9,Regular,Online
2025-11-14,SKU-10011,20,222.56,4451.2,1817.0,Regular,Retail
2025-11-14,SKU-10029,13,151.87,1974.31,1461.46,Promo,Online
2025-11-14,SKU-10055,14,143.32,2006.48,1042.86,Regular,Wholesale
2025-11-14,SKU-10051,21,42.29,888.09,299.46,Regular,Retail
2025-11-14,SKU-10024,12,76.16,913.92,308.4,Regular,Online
2025-11-14,SKU-10002,17,135.68,2306.56,1338.41,Regular,Wholesale
2025-11-14,SKU-10031,24,132.58,3181.92,1498.32,Regular,Wholesale
2025-11-14,SKU-10030,8,26.02,208.16,100.16,Regular,Online
2025-11-14,SKU-10004,6,149.45,896.7,439.62,Regular,Retail
2025-11-14,SKU-10049,18,231.45,4166.1,1702.98,Regular,Online
2025-11-14,SKU-10007,18,217.22,3909.96,1630.44,Regular,Online
2025-11-14,SKU-10046,17,97.54,1658.18,929.56,Regular,Online
2025-11-14,SKU-10058,2,146.29,292.58,150.04,Promo,Online
2025-11-14,SKU-10032,15,75.8,1137.0,509.7,Regular,Wholesale
2025-11-14,SKU-10038,15,51.85,777.75,565.65,Promo,Wholesale
2025-11-14,SKU-10022,31,61.27,1899.37,852.5,Regular,Online
2025-11-14,SKU-10042,24,208.88,5013.12,2240.64,Regular,Online
2025-11-14,SKU-10001,23,9.48,218.04,67.85,Regular,Retail
2025-11-14,SKU-10016,12,172.16,2065.92,1062.24,Regular,Online
2025-11-14,SKU-10013,23,115.36,2653.28,1408.29,Promo,Retail
2025-11-14,SKU-10053,18,76.02,1368.36,679.14,Regular,Retail
2025-11-14,SKU-10019,22,170.7,3755.4,1626.9,Regular,Retail
2025-11-14,SKU-10006,26,51.34,1334.84,538.72,Regular,Online
2025-11-14,SKU-10020,26,42.35,1101.1,469.04,Regular,Retail
2025-11-14,SKU-10047,18,138.98,2501.64,1049.22,Regular,Wholesale
2025-11-14,SKU-10052,14,170.69,2389.66,809.76,Regular,Wholesale
2025-11-14,SKU-10037,8,190.89,1527.12,734.4,Regular,Wholesale
2025-11-14,SKU-10027,10,153.68,1536.8,630.3,Promo,Online
2025-11-14,SKU-10040,18,167.47,3014.46,1740.06,Regular,Retail
2025-11-14,SKU-10054,18,146.75,2641.5,994.86,Regular,Wholesale
2025-11-14,SKU-10018,12,130.03,1560.36,665.28,Regular,Retail
2025-11-14,SKU-10021,15,133.24,1998.6,826.5,Regular,Online
2025-11-15,SKU-10013,24,103.62,2486.88,1469.52,Promo,Wholesale
2025-11-15,SKU-10042,17,212.48,3612.16,1587.12,Regular,Wholesale
2025-11-15,SKU-10005,13,14.63,190.19,84.63,Regular,Retail
2025-11-15,SKU-10011,29,208.19,6037.51,2634.65,Regular,Online
2025-11-15,SKU-10007,17,203.02,3451.34,1539.86,Regular,Retail
2025-11-15,SKU-10017,23,211.1,4855.3,1967.88,Regular,Retail
2025-11-15,SKU-10041,25,170.02,4250.5,2257.75,Regular,Online
2025-11-15,SKU-10037,29,166.81,4837.49,2662.2,Promo,Retail
2025-11-15,SKU-10028,12,32.11,385.32,145.32,Regular,Online
2025-11-15,SKU-10023,29,14.97,434.13,227.36,Promo,Online
2025-11-15,SKU-10004,22,141.78,3119.16,1611.94,Promo,Online
2025-11-15,SKU-10049,38,229.82,8733.16,3595.18,Regular,Retail
2025-11-15,SKU-10012,18,63.06,1135.08,504.36,Promo,Wholesale
2025-11-15,SKU-10047,14,148.1,2073.4,816.06,Regular,Online
2025-11-15,SKU-10010,20,73.76,1475.2,617.0,Regular,Wholesale
2025-11-15,SKU-10055,14,148.74,2082.36,1042.86,Regular,Wholesale
2025-11-15,SKU-10032,22,72.14,1587.08,747.56,Regular,Online
2025-11-15,SKU-10022,20,66.31,1326.2,550.0,Regular,Online
2025-11-15,SKU-10002,3,134.37,403.11,236.19,Regular,Online
2025-11-15,SKU-10053,14,72.12,1009.68,528.22,Regular,Wholesale
2025-11-15,SKU-10019,22,145.47,3200.34,1626.9,Promo,Wholesale
2025-11-15,SKU-10009,22,125.87,2769.14,1209.56,Promo,Wholesale
2025-11-15,SKU-10040,20,175.16,3503.2,1933.4,Regular,Retail
2025-11-15,SKU-10038,38,58.75,2232.5,1432.98,Regular,Online
2025-11-15,SKU-10054,23,149.4,3436.2,1271.21,Regular,Wholesale
2025-11-15,SKU-10008,19,44.37,843.03,440.23,Promo,Retail
2025-11-15,SKU-10035,24,178.74,4289.76,2211.84,Regular,Online
2025-11-15,SKU-10021,21,126.0,2646.0,1157.1,Promo,Wholesale
2025-11-15,SKU-10031,19,133.02,2527.38,1186.17,Regular,Wholesale
2025-11-15,SKU-10034,22,128.83,2834.26,1716.22,Regular,Retail
2025-11-15,SKU-10003,25,131.93,3298.25,1426.5,Regular,Wholesale
2025-11-15,SKU-10056,19,18.59,353.21,148.58,Regular,Online
2025-11-15,SKU-10015,15,143.51,2152.65,896.7,Promo,Online
2025-11-15,SKU-10039,11,173.07,1903.77,1284.91,Promo,Retail
2025-11-15,SKU-10051,29,42.48,1231.92,413.54,Regular,Wholesale
2025-11-15,SKU-10050,20,157.3,3146.0,1699.0,Regular,Wholesale
2025-11-15,SKU-10057,26,228.59,5943.34,3362.32,Regular,Retail
2025-11-15,SKU-10006,28,52.7,1475.6,580.16,Regular,Retail
2025-11-15,SKU-10014,6,148.6,891.6,511.56,Regular,Online
2025-11-15,SKU-10027,22,155.37,3418.14,1386.66,Promo,Retail
2025-11-15,SKU-10044,24,192.28,4614.72,2595.84,Regular,Retail
2025-11-15,SKU-10030,21,26.86,564.06,262.92,Regular,Online
2025-11-15,SKU-10046,17,101.72,1729.24,929.56,Regular,Retail
2025-11-15,SKU-10001,11,9.04,99.44,32.45,Regular,Retail
2025-11-15,SKU-10045,17,137.25,2333.25,1556.69,Promo,Wholesale
2025-11-16,SKU-10056,20,18.34,366.8,156.4,Regular,Online
2025-11-16,SKU-10001,15,8.94,134.1,44.25,Regular,Online
2025-11-16,SKU-10020,24,42.83,1027.92,432.96,Regular,Online
2025-11-16,SKU-10026,14,112.88,1580.32,918.12,Regular,Online
2025-11-16,SKU-10051,16,39.09,625.44,228.16,Promo,Online
2025-11-16,SKU-10045,27,154.37,4167.99,2472.39,Regular,Wholesale
2025-11-16,SKU-10033,27,125.12,3378.24,1974.24,Promo,Retail
2025-11-16,SKU-10038,2,55.39,110.78,75.42,Promo,Online
2025-11-16,SKU-10006,19,50.83,965.77,393.68,Regular,Retail
2025-11-16,SKU-10055,17,148.84,2530.28,1266.33,Regular,Wholesale
2025-11-16,SKU-10016,14,140.64,1968.96,1239.28,Promo,Wholesale
2025-11-16,SKU-10044,17,182.7,3105.9,1838.72,Regular,Wholesale
2025-11-16,SKU-10036,21,88.36,1855.56,1134.63,Regular,Retail
2025-11-16,SKU-10046,21,105.14,2207.94,1148.28,Regular,Retail
2025-11-16,SKU-10034,2,140.65,281.3,156.02,Regular,Wholesale
2025-11-16,SKU-10011,29,211.25,6126.25,2634.65,Regular,Retail
2025-11-16,SKU-10039,33,193.13,6373.29,3854.73,Regular,Online
2025-11-16,SKU-10048,7,151.71,1061.97,374.01,Regular,Wholesale
2025-11-16,SKU-10013,16,134.5,2152.0,979.68,Regular,Online
2025-11-16,SKU-10043,14,47.79,669.06,340.48,Regular,Retail
2025-11-16,SKU-10008,28,47.3,1324.4,648.76,Regular,Wholesale
2025-11-16,SKU-10015,25,172.48,4312.0,1494.5,Regular,Online
2025-11-16,SKU-10007,8,200.2,1601.6,724.64,Regular,Retail
2025-11-16,SKU-10042,21,206.26,4331.46,1960.56,Regular,Wholesale
2025-11-16,SKU-10010,24,69.75,1674.0,740.4,Regular,Online
2025-11-16,SKU-10021,18,142.78,2570.04,991.8,Regular,Retail
2025-11-16,SKU-10012,23,82.95,1907.85,644.46,Regular,Retail
2025-11-16,SKU-10009,14,148.6,2080.4,769.72,Regular,Retail
2025-11-16,SKU-10025,17,49.87,847.79,310.93,Regular,Online
2025-11-16,SKU-10035,25,185.4,4635.0,2304.0,Regular,Retail
2025-11-16,SKU-10022,18,53.29,959.22,495.0,Promo,Wholesale
2025-11-16,SKU-10057,7,229.54,1606.78,905.24,Regular,Online
2025-11-16,SKU-10037,22,201.13,4424.86,2019.6,Regular,Online
2025-11-16,SKU-10005,21,15.91,334.11,136.71,Regular,Online
2025-11-16,SKU-10041,14,168.38,2357.32,1264.34,Regular,Wholesale
2025-11-16,SKU-10027,10,186.47,1864.7,630.3,Regular,Online
2025-11-16,SKU-10059,24,35.9,861.6,373.44,Regular,Retail
2025-11-16,SKU-10003,29,135.11,3918.19,1654.74,Regular,Retail
2025-11-16,SKU-10052,13,172.5,2242.5,751.92,Regular,Wholesale
2025-11-16,SKU-10023,32,17.34,554.88,250.88,Regular,Online
2025-11-16,SKU-10058,20,130.86,2617.2,1500.4,Promo,Wholesale
2025-11-16,SKU-10060,17,198.11,3367.87,1121.83,Regular,Retail
2025-11-16,SKU-10028,19,31.27,594.13,230.09,Regular,Wholesale
2025-11-16,SKU-10002,25,109.72,2743.0,1968.25,Promo,Online
2025-11-16,SKU-10047,23,118.6,2727.8,1340.67,Promo,Online
2025-11-17,SKU-10022,29,65.86,1909.94,797.5,Regular,Wholesale
2025-11-17,SKU-10055,14,151.93,2127.02,1042.86,Regular,Wholesale
2025-11-17,SKU-10024,25,75.37,1884.25,642.5,Regular,Wholesale
2025-11-17,SKU-10026,25,112.91,2822.75,1639.5,Regular,Retail
2025-11-17,SKU-10043,27,37.6,1015.2,656.64,Promo,Wholesale
2025-11-17,SKU-10021,23,113.96,2621.08,1267.3,Promo,Wholesale
2025-11-17,SKU-10007,19,201.67,3831.73,1721.02,Regular,Online
2025-11-17,SKU-10047,15,137.99,2069.85,874.35,Regular,Retail
2025-11-17,SKU-10016,24,179.04,4296.96,2124.48,Regular,Online
2025-11-17,SKU-10010,26,74.95,1948.7,802.1,Regular,Retail
2025-11-17,SKU-10013,32,129.99,4159.68,1959.36,Regular,Retail
2025-11-17,SKU-10040,9,163.8,1474.2,870.03,Regular,Wholesale
2025-11-17,SKU-10020,21,42.8,898.8,378.84,Regular,Wholesale
2025-11-17,SKU-10039,19,206.41,3921.79,2219.39,Regular,Wholesale
2025-11-17,SKU-10003,17,128.72,2188.24,970.02,Regular,Online
2025-11-17,SKU-10035,19,184.61,3507.59,1751.04,Regular,Online
2025-11-17,SKU-10037,29,185.37,5375.73,2662.2,Regular,Wholesale
2025-11-17,SKU-10051,8,42.19,337.52,114.08,Regular,Retail
2025-11-17,SKU-10049,13,231.74,3012.62,1229.93,Regular,Retail
2025-11-17,SKU-10059,19,29.01,551.19,295.64,Promo,Online
2025-11-17,SKU-10033,27,142.63,3851.01,1974.24,Regular,Wholesale
2025-11-17,SKU-10060,12,199.32,2391.84,791.88,Regular,Online
2025-11-17,SKU-10044,21,190.17,3993.57,2271.36,Regular,Wholesale
2025-11-17,SKU-10042,19,217.64,4135.16,1773.84,Regular,Wholesale
2025-11-17,SKU-10018,12,134.57,1614.84,665.28,Regular,Wholesale
2025-11-17,SKU-10009,21,146.83,3083.43,1154.58,Regular,Retail
2025-11-17,SKU-10012,30,80.17,2405.1,840.6,Regular,Online
2025-11-17,SKU-10036,19,95.15,1807.85,1026.57,Regular,Wholesale
2025-11-17,SKU-10030,25,21.16,529.0,313.0,Promo,Online
2025-11-17,SKU-10011,23,180.14,4143.22,2089.55,Promo,Wholesale
2025-11-17,SKU-10001,16,7.13,114.08,47.2,Promo,Retail
2025-11-17,SKU-10034,17,113.31,1926.27,1326.17,Promo,Retail
2025-11-17,SKU-10048,27,124.24,3354.48,1442.61,Promo,Wholesale
2025-11-17,SKU-10027,17,180.2,3063.4,1071.51,Regular,Retail
2025-11-17,SKU-10053,14,60.88,852.32,528.22,Promo,Retail
2025-11-17,SKU-10014,21,155.25,3260.25,1790.46,Regular,Retail
2025-11-17,SKU-10032,4,68.74,274.96,135.92,Promo,Wholesale
2025-11-17,SKU-10002,21,146.05,3067.05,1653.33,Regular,Wholesale
2025-11-17,SKU-10015,26,163.81,4259.06,1554.28,Regular,Wholesale
2025-11-17,SKU-10005,22,15.4,338.8,143.22,Regular,Retail
2025-11-17,SKU-10046,21,87.33,1833.93,1148.28,Promo,Online
2025-11-17,SKU-10041,25,149.59,3739.75,2257.75,Promo,Retail
2025-11-17,SKU-10052,26,172.31,4480.06,1503.84,Regular,Online
2025-11-17,SKU-10029,27,184.59,4983.93,3035.34,Regular,Wholesale
2025-11-18,SKU-10030,13,26.88,349.44,162.76,Regular,Retail
2025-11-18,SKU-10015,16,166.53,2664.48,956.48,Regular,Wholesale
2025-11-18,SKU-10019,24,174.73,4193.52,1774.8,Regular,Retail
2025-11-18,SKU-10011,15,222.31,3334.65,1362.75,Regular,Retail
2025-11-18,SKU-10007,10,213.95,2139.5,905.8,Regular,Online
2025-11-18,SKU-10054,9,153.85,1384.65,497.43,Regular,Online
2025-11-18,SKU-10038,24,61.39,1473.36,905.04,Regular,Wholesale
2025-11-18,SKU-10023,29,17.38,504.02,227.36,Regular,Retail
2025-11-18,SKU-10056,32,15.44,494.08,250.24,Promo,Wholesale
2025-11-18,SKU-10049,4,217.33,869.32,378.44,Regular,Retail
2025-11-18,SKU-10025,20,53.26,1065.2,365.8,Regular,Wholesale
2025-11-18,SKU-10008,30,50.88,1526.4,695.1,Regular,Online
2025-11-18,SKU-10052,8,132.39,1059.12,462.72,Promo,Online
2025-11-18,SKU-10026,4,115.68,462.72,262.32,Regular,Retail
2025-11-18,SKU-10047,12,114.86,1378.32,699.48,Promo,Retail
2025-11-18,SKU-10059,25,30.21,755.25,389.0,Promo,Retail
2025-11-18,SKU-10057,23,190.95,4391.85,2974.36,Promo,Online
2025-11-18,SKU-10028,29,32.79,950.91,351.19,Regular,Retail
2025-11-18,SKU-10014,18,144.11,2593.98,1534.68,Regular,Wholesale
2025-11-18,SKU-10046,17,102.15,1736.55,929.56,Regular,Online
2025-11-18,SKU-10001,15,8.65,129.75,44.25,Regular,Online
2025-11-18,SKU-10021,9,112.04,1008.36,495.9,Promo,Wholesale
2025-11-18,SKU-10029,31,199.55,6186.05,3485.02,Regular,Wholesale
2025-11-18,SKU-10060,11,196.28,2159.08,725.89,Regular,Online
2025-11-18,SKU-10027,18,170.03,3060.54,1134.54,Promo,Retail
2025-11-18,SKU-10048,21,158.5,3328.5,1122.03,Regular,Online
2025-11-18,SKU-10018,34,140.13,4764.42,1884.96,Regular,Online
2025-11-18,SKU-10044,11,177.08,1947.88,1189.76,Regular,Wholesale
2025-11-18,SKU-10009,19,131.77,2503.63,1044.62,Promo,Online
2025-11-18,SKU-10012,8,77.05,616.4,224.16,Regular,Online
2025-11-18,SKU-10016,19,138.18,2625.42,1681.88,Promo,Retail
2025-11-18,SKU-10033,19,135.99,2583.81,1389.28,Regular,Retail
2025-11-18,SKU-10017,15,211.77,3176.55,1283.4,Regular,Retail
2025-11-18,SKU-10040,14,136.73,1914.22,1353.38,Promo,Retail
2025-11-18,SKU-10053,27,71.95,1942.65,1018.71,Regular,Online
2025-11-18,SKU-10031,33,110.09,3632.97,2060.19,Promo,Wholesale
2025-11-18,SKU-10004,20,163.78,3275.6,1465.4,Regular,Online
2025-11-18,SKU-10005,24,14.61,350.64,156.24,Regular,Online
2025-11-18,SKU-10036,26,94.77,2464.02,1404.78,Regular,Wholesale
2025-11-18,SKU-10022,14,64.4,901.6,385.0,Regular,Online
2025-11-18,SKU-10058,17,136.16,2314.72,1275.34,Promo,Retail
2025-11-18,SKU-10035,26,189.63,4930.38,2396.16,Regular,Retail
2025-11-18,SKU-10039,23,153.79,3537.17,2686.63,Promo,Online
2025-11-18,SKU-10037,7,197.25,1380.75,642.6,Regular,Wholesale
2025-11-18,SKU-10024,16,73.62,1177.92,411.2,Regular,Retail
2025-11-19,SKU-10057,19,203.1,3858.9,2457.08,Promo,Wholesale
2025-11-19,SKU-10006,18,54.01,972.18,372.96,Regular,Wholesale
2025-11-19,SKU-10010,30,74.54,2236.2,925.5,Regular,Online
2025-11-19,SKU-10001,14,9.3,130.2,41.3,Regular,Online
2025-11-19,SKU-10050,25,131.55,3288.75,2123.75,Promo,Online
2025-11-19,SKU-10017,12,211.68,2540.16,1026.72,Regular,Retail
2025-11-19,SKU-10002,22,138.62,3049.64,1732.06,Regular,Retail
2025-11-19,SKU-10022,16,62.49,999.84,440.0,Regular,Retail
2025-11-19,SKU-10052,21,172.68,3626.28,1214.64,Regular,Retail
2025-11-19,SKU-10058,7,171.76,1202.32,525.14,Regular,Wholesale
2025-11-19,SKU-10027,12,157.69,1892.28,756.36,Promo,Retail
2025-11-19,SKU-10040,9,132.89,1196.01,870.03,Promo,Online
2025-11-19,SKU-10023,4,15.96,63.84,31.36,Regular,Retail
2025-11-19,SKU-10033,9,126.98,1142.82,658.08,Promo,Retail
2025-11-19,SKU-10060,28,167.33,4685.24,1847.72,Promo,Retail
2025-11-19,SKU-10047,34,138.39,4705.26,1981.86,Regular,Retail
2025-11-19,SKU-10032,15,76.21,1143.15,509.7,Regular,Retail
2025-11-19,SKU-10034,20,130.83,2616.6,1560.2,Regular,Wholesale
2025-11-19,SKU-10048,5,151.72,758.6,267.15,Regular,Retail
2025-11-19,SKU-10051,24,45.24,1085.76,342.24,Regular,Retail
2025-11-19,SKU-10019,12,170.73,2048.76,887.4,Regular,Wholesale
2025-11-19,SKU-10016,29,172.6,5005.4,2567.08,Regular,Online
2025-11-19,SKU-10045,26,160.71,4178.46,2380.82,Regular,Retail
2025-11-19,SKU-10020,34,34.4,1169.6,613.36,Promo,Wholesale
2025-11-19,SKU-10038,37,63.15,2336.55,1395.27,Regular,Wholesale
2025-11-19,SKU-10029,22,195.6,4303.2,2473.24,Regular,Wholesale
2025-11-19,SKU-10059,16,34.76,556.16,248.96,Regular,Retail
2025-11-19,SKU-10028,17,30.66,521.22,205.87,Regular,Wholesale
2025-11-19,SKU-10039,19,188.63,3583.97,2219.39,Regular,Retail
2025-11-19,SKU-10005,20,12.75,255.0,130.2,Promo,Retail
2025-11-19,SKU-10009,10,145.85,1458.5,549.8,Regular,Wholesale
2025-11-19,SKU-10025,28,50.26,1407.28,512.12,Regular,Retail
2025-11-19,SKU-10021,18,116.67,2100.06,991.8,Promo,Retail
2025-11-19,SKU-10042,13,209.98,2729.74,1213.68,Regular,Wholesale
2025-11-19,SKU-10037,20,149.92,2998.4,1836.0,Promo,Wholesale
2025-11-19,SKU-10013,29,104.39,3027.31,1775.67,Promo,Online
2025-11-19,SKU-10036,21,78.83,1655.43,1134.63,Promo,Wholesale
2025-11-19,SKU-10007,17,211.46,3594.82,1539.86,Regular,Retail
2025-11-19,SKU-10046,25,102.86,2571.5,1367.0,Regular,Retail
2025-11-19,SKU-10003,23,109.94,2528.62,1312.38,Promo,Online
2025-11-19,SKU-10008,18,50.57,910.26,417.06,Regular,Retail
2025-11-19,SKU-10031,9,133.87,1204.83,561.87,Regular,Wholesale
2025-11-19,SKU-10024,23,79.65,1831.95,591.1,Regular,Retail
2025-11-19,SKU-10056,12,19.19,230.28,93.84,Regular,Online
2025-11-19,SKU-10044,24,182.85,4388.4,2595.84,Regular,Online
2025-11-20,SKU-10046,25,97.12,2428.0,1367.0,Regular,Online
2025-11-20,SKU-10044,17,187.09,3180.53,1838.72,Regular,Online
2025-11-20,SKU-10033,20,141.3,2826.0,1462.4,Regular,Wholesale
2025-11-20,SKU-10018,22,132.99,2925.78,1219.68,Regular,Online
2025-11-20,SKU-10002,20,142.3,2846.0,1574.6,Regular,Online
2025-11-20,SKU-10038,21,62.13,1304.73,791.91,Regular,Retail
2025-11-20,SKU-10049,18,236.29,4253.22,1702.98,Regular,Retail
2025-11-20,SKU-10025,20,51.68,1033.6,365.8,Regular,Online
2025-11-20,SKU-10008,13,43.5,565.5,301.21,Promo,Wholesale
2025-11-20,SKU-10047,20,138.62,2772.4,1165.8,Regular,Retail
2025-11-20,SKU-10057,36,231.51,8334.36,4655.52,Regular,Online
2025-11-20,SKU-10042,15,204.9,3073.5,1400.4,Regular,Wholesale
2025-11-20,SKU-10031,28,124.46,3484.88,1748.04,Regular,Wholesale
2025-11-20,SKU-10052,23,157.04,3611.92,1330.32,Regular,Retail
2025-11-20,SKU-10016,34,167.94,5709.96,3009.68,Regular,Retail
2025-11-20,SKU-10030,24,26.42,634.08,300.48,Regular,Online
2025-11-20,SKU-10059,18,27.65,497.7,280.08,Promo,Wholesale
2025-11-20,SKU-10039,17,199.31,3388.27,1985.77,Regular,Online
2025-11-20,SKU-10023,24,13.1,314.4,188.16,Promo,Online
2025-11-20,SKU-10045,13,123.23,1601.99,1190.41,Promo,Retail
2025-11-20,SKU-10012,20,82.91,1658.2,560.4,Regular,Retail
2025-11-20,SKU-10051,3,42.09,126.27,42.78,Regular,Wholesale
2025-11-20,SKU-10029,18,200.4,3607.2,2023.56,Regular,Wholesale
2025-11-20,SKU-10035,27,168.67,4554.09,2488.32,Promo,Retail
2025-11-20,SKU-10004,16,162.21,2595.36,1172.32,Regular,Retail
2025-11-20,SKU-10034,19,135.54,2575.26,1482.19,Regular,Online
2025-11-20,SKU-10006,27,44.21,1193.67,559.44,Promo,Wholesale
2025-11-20,SKU-10011,27,209.56,5658.12,2452.95,Regular,Retail
2025-11-20,SKU-10054,29,153.5,4451.5,1602.83,Regular,Retail
2025-11-20,SKU-10010,18,57.59,1036.62,555.3,Promo,Retail
2025-11-20,SKU-10056,17,19.15,325.55,132.94,Regular,Online
2025-11-20,SKU-10037,23,194.2,4466.6,2111.4,Regular,Retail
2025-11-20,SKU-10032,14,75.68,1059.52,475.72,Regular,Online
2025-11-20,SKU-10017,27,207.77,5609.79,2310.12,Regular,Wholesale
2025-11-20,SKU-10041,12,173.33,2079.96,1083.72,Regular,Wholesale
2025-11-20,SKU-10060,30,188.85,5665.5,1979.7,Regular,Online
2025-11-20,SKU-10013,17,134.06,2279.02,1040.91,Regular,Retail
2025-11-20,SKU-10015,3,138.57,415.71,179.34,Promo,Online
2025-11-20,SKU-10014,12,118.1,1417.2,1023.12,Promo,Retail
2025-11-20,SKU-10003,25,126.5,3162.5,1426.5,Regular,Wholesale
2025-11-20,SKU-10027,20,162.31,3246.2,1260.6,Promo,Wholesale
2025-11-20,SKU-10048,11,124.03,1364.33,587.73,Promo,Wholesale
2025-11-20,SKU-10020,8,44.41,355.28,144.32,Regular,Retail
2025-11-20,SKU-10026,12,123.06,1476.72,786.96,Regular,Wholesale
2025-11-20,SKU-10053,9,57.88,520.92,339.57,Promo,Retail
2025-11-21,SKU-10028,14,31.57,441.98,169.54,Regular,Online
2025-11-21,SKU-10014,30,132.67,3980.1,2557.8,Promo,Online
2025-11-21,SKU-10055,7,134.95,944.65,521.43,Promo,Retail
2025-11-21,SKU-10029,20,196.43,3928.6,2248.4,Regular,Retail
2025-11-21,SKU-10053,6,74.38,446.28,226.38,Regular,Retail
2025-11-21,SKU-10023,14,17.4,243.6,109.76,Regular,Retail
2025-11-21,SKU-10004,24,160.69,3856.56,1758.48,Regular,Retail
2025-11-21,SKU-10037,18,191.63,3449.34,1652.4,Regular,Online
2025-11-21,SKU-10030,6,26.69,160.14,75.12,Regular,Retail
2025-11-21,SKU-10059,14,36.17,506.38,217.84,Regular,Online
2025-11-21,SKU-10052,19,143.85,2733.15,1098.96,Promo,Online
2025-11-21,SKU-10039,20,203.47,4069.4,2336.2,Regular,Wholesale
2025-11-21,SKU-10007,25,179.04,4476.0,2264.5,Promo,Retail
2025-11-21,SKU-10011,17,209.95,3569.15,1544.45,Regular,Wholesale
2025-11-21,SKU-10036,19,73.37,1394.03,1026.57,Promo,Wholesale
2025-11-21,SKU-10012,20,71.48,1429.6,560.4,Promo,Online
2025-11-21,SKU-10016,12,141.48,1697.76,1062.24,Promo,Online
2025-11-21,SKU-10015,29,170.52,4945.08,1733.62,Regular,Online
2025-11-21,SKU-10042,16,211.59,3385.44,1493.76,Regular,Wholesale
2025-11-21,SKU-10013,19,130.55,2480.45,1163.37,Regular,Wholesale
2025-11-21,SKU-10047,9,144.4,1299.6,524.61,Regular,Wholesale
2025-11-21,SKU-10005,14,14.72,206.08,91.14,Regular,Wholesale
2025-11-21,SKU-10026,30,119.71,3591.3,1967.4,Regular,Online
2025-11-21,SKU-10040,24,169.27,4062.48,2320.08,Regular,Retail
2025-11-21,SKU-10031,16,129.57,2073.12,998.88,Regular,Online
2025-11-21,SKU-10057,21,212.8,4468.8,2715.72,Regular,Wholesale
2025-11-21,SKU-10002,18,141.73,2551.14,1417.14,Regular,Retail
2025-11-21,SKU-10021,14,144.85,2027.9,771.4,Regular,Retail
2025-11-21,SKU-10054,19,142.62,2709.78,1050.13,Regular,Retail
2025-11-21,SKU-10009,14,145.95,2043.3,769.72,Regular,Retail
2025-11-21,SKU-10043,14,44.6,624.4,340.48,Regular,Online
2025-11-21,SKU-10044,29,148.65,4310.85,3136.64,Promo,Wholesale
2025-11-21,SKU-10035,29,177.44,5145.76,2672.64,Regular,Wholesale
2025-11-21,SKU-10050,25,157.39,3934.75,2123.75,Regular,Retail
2025-11-21,SKU-10032,22,63.06,1387.32,747.56,Promo,Retail
2025-11-21,SKU-10018,29,132.82,3851.78,1607.76,Regular,Wholesale
2025-11-21,SKU-10033,18,132.62,2387.16,1316.16,Regular,Wholesale
2025-11-21,SKU-10041,20,150.38,3007.6,1806.2,Promo,Online
2025-11-21,SKU-10045,28,152.73,4276.44,2563.96,Regular,Retail
2025-11-21,SKU-10027,12,180.35,2164.2,756.36,Regular,Wholesale
2025-11-21,SKU-10008,16,49.71,795.36,370.72,Regular,Retail
2025-11-21,SKU-10010,26,73.9,1921.4,802.1,Regular,Online
2025-11-21,SKU-10025,16,41.02,656.32,292.64,Promo,Online
2025-11-21,SKU-10058,29,157.99,4581.71,2175.58,Regular,Wholesale
2025-11-22,SKU-10016,21,145.82,3062.22,1858.92,Promo,Retail
2025-11-22,SKU-10054,21,143.48,3013.08,1160.67,Regular,Online
2025-11-22,SKU-10047,1,136.64,136.64,58.29,Regular,Wholesale
2025-11-22,SKU-10048,18,161.84,2913.12,961.74,Regular,Retail
2025-11-22,SKU-10021,27,140.0,3780.0,1487.7,Regular,Wholesale
2025-11-22,SKU-10033,28,135.67,3798.76,2047.36,Regular,Retail
2025-11-22,SKU-10007,15,206.68,3100.2,1358.7,Regular,Wholesale
2025-11-22,SKU-10052,8,170.44,1363.52,462.72,Regular,Online
2025-11-22,SKU-10010,17,74.77,1271.09,524.45,Regular,Wholesale
2025-11-22,SKU-10043,28,45.64,1277.92,680.96,Regular,Online
2025-11-22,SKU-10027,37,196.36,7265.32,2332.11,Regular,Online
2025-11-22,SKU-10056,11,18.52,203.72,86.02,Regular,Retail
2025-11-22,SKU-10049,6,216.59,1299.54,567.66,Regular,Online
2025-11-22,SKU-10058,18,160.69,2892.42,1350.36,Regular,Wholesale
2025-11-22,SKU-10050,23,155.32,3572.36,1953.85,Regular,Retail
2025-11-22,SKU-10028,19,28.43,540.17,230.09,Promo,Online
2025-11-22,SKU-10057,15,230.49,3457.35,1939.8,Regular,Wholesale
2025-11-22,SKU-10042,29,207.0,6003.0,2707.44,Regular,Online
2025-11-22,SKU-10030,35,25.98,909.3,438.2,Regular,Online
2025-11-22,SKU-10032,10,73.82,738.2,339.8,Regular,Retail
2025-11-22,SKU-10053,23,76.23,1753.29,867.79,Regular,Wholesale
2025-11-22,SKU-10036,33,94.73,3126.09,1782.99,Regular,Online
2025-11-22,SKU-10012,9,78.19,703.71,252.18,Regular,Online
2025-11-22,SKU-10002,25,144.41,3610.25,1968.25,Regular,Retail
2025-11-22,SKU-10046,12,102.58,1230.96,656.16,Regular,Online
2025-11-22,SKU-10014,31,147.43,4570.33,2643.06,Regular,Wholesale
2025-11-22,SKU-10038,30,61.48,1844.4,1131.3,Regular,Wholesale
2025-11-22,SKU-10029,22,160.79,3537.38,2473.24,Promo,Retail
2025-11-22,SKU-10026,22,122.25,2689.5,1442.76,Regular,Wholesale
2025-11-22,SKU-10060,1,184.55,184.55,65.99,Regular,Retail
2025-11-22,SKU-10041,16,143.3,2292.8,1444.96,Promo,Wholesale
2025-11-22,SKU-10013,23,135.44,3115.12,1408.29,Regular,Retail
2025-11-22,SKU-10019,14,169.12,2367.68,1035.3,Regular,Retail
2025-11-22,SKU-10017,22,165.92,3650.24,1882.32,Promo,Online
2025-11-22,SKU-10003,9,128.04,1152.36,513.54,Regular,Retail
2025-11-22,SKU-10059,10,28.03,280.3,155.6,Promo,Online
2025-11-22,SKU-10039,7,201.95,1413.65,817.67,Regular,Online
2025-11-22,SKU-10011,28,217.19,6081.32,2543.8,Regular,Online
2025-11-22,SKU-10055,15,157.34,2360.1,1117.35,Regular,Wholesale
2025-11-22,SKU-10004,27,128.21,3461.67,1978.29,Promo,Wholesale
2025-11-22,SKU-10040,12,165.02,1980.24,1160.04,Regular,Wholesale
2025-11-22,SKU-10044,13,176.38,2292.94,1406.08,Regular,Online
2025-11-22,SKU-10020,31,38.17,1183.27,559.24,Promo,Wholesale
2025-11-23,SKU-10025,4,49.72,198.88,73.16,Regular,Online
2025-11-23,SKU-10058,27,171.76,4637.52,2025.54,Regular,Retail
2025-11-23,SKU-10050,8,150.77,1206.16,679.6,Regular,Retail
2025-11-23,SKU-10056,9,17.44,156.96,70.38,Regular,Wholesale
2025-11-23,SKU-10017,19,219.77,4175.63,1625.64,Regular,Online
2025-11-23,SKU-10060,16,151.98,2431.68,1055.84,Promo,Retail
2025-11-23,SKU-10052,20,172.27,3445.4,1156.8,Regular,Online
2025-11-23,SKU-10033,10,138.78,1387.8,731.2,Regular,Wholesale
2025-11-23,SKU-10037,13,195.04,2535.52,1193.4,Regular,Wholesale
2025-11-23,SKU-10009,17,136.43,2319.31,934.66,Regular,Retail
2025-11-23,SKU-10020,33,41.83,1380.39,595.32,Regular,Wholesale
2025-11-23,SKU-10035,22,159.26,3503.72,2027.52,Promo,Online
2025-11-23,SKU-10030,35,26.61,931.35,438.2,Regular,Wholesale
2025-11-23,SKU-10053,12,71.6,859.2,452.76,Regular,Retail
2025-11-23,SKU-10014,24,135.71,3257.04,2046.24,Promo,Retail
2025-11-23,SKU-10005,27,14.66,395.82,175.77,Regular,Wholesale
2025-11-23,SKU-10034,17,141.19,2400.23,1326.17,Regular,Online
2025-11-23,SKU-10043,19,46.64,886.16,462.08,Regular,Retail
2025-11-23,SKU-10026,11,116.8,1284.8,721.38,Regular,Retail
2025-11-23,SKU-10013,19,136.72,2597.68,1163.37,Regular,Wholesale
2025-11-23,SKU-10045,43,155.94,6705.42,3937.51,Regular,Wholesale
2025-11-23,SKU-10036,28,77.49,2169.72,1512.84,Promo,Online
2025-11-23,SKU-10029,11,166.39,1830.29,1236.62,Promo,Online
2025-11-23,SKU-10019,19,170.81,3245.39,1405.05,Regular,Online
2025-11-23,SKU-10044,19,189.25,3595.75,2055.04,Regular,Retail
2025-11-23,SKU-10021,22,115.38,2538.36,1212.2,Promo,Wholesale
2025-11-23,SKU-10010,16,69.5,1112.0,493.6,Regular,Retail
2025-11-23,SKU-10028,23,32.74,753.02,278.53,Regular,Wholesale
2025-11-23,SKU-10022,17,63.05,1071.85,467.5,Regular,Online
2025-11-23,SKU-10059,25,29.37,734.25,389.0,Promo,Online
2025-11-23,SKU-10054,21,151.33,3177.93,1160.67,Regular,Wholesale
2025-11-23,SKU-10003,27,108.95,2941.65,1540.62,Promo,Retail
2025-11-23,SKU-10041,19,171.44,3257.36,1715.89,Regular,Retail
2025-11-23,SKU-10018,11,113.56,1249.16,609.84,Promo,Wholesale
2025-11-23,SKU-10040,29,174.81,5069.49,2803.43,Regular,Retail
2025-11-23,SKU-10004,7,148.57,1039.99,512.89,Regular,Online
2025-11-23,SKU-10042,32,207.61,6643.52,2987.52,Regular,Online
2025-11-23,SKU-10011,17,181.66,3088.22,1544.45,Promo,Wholesale
2025-11-23,SKU-10012,20,62.54,1250.8,560.4,Promo,Retail
2025-11-23,SKU-10007,17,199.95,3399.15,1539.86,Regular,Retail
2025-11-23,SKU-10002,14,145.47,2036.58,1102.22,Regular,Wholesale
2025-11-23,SKU-10055,23,156.43,3597.89,1713.27,Regular,Wholesale
2025-11-23,SKU-10057,21,189.6,3981.6,2715.72,Promo,Wholesale
2025-11-23,SKU-10031,26,112.6,2927.6,1623.18,Promo,Wholesale
2025-11-23,SKU-10024,19,68.63,1303.97,488.3,Promo,Retail
2025-11-24,SKU-10056,22,15.97,351.34,172.04,Promo,Online
2025-11-24,SKU-10011,29,192.47,5581.63,2634.65,Promo,Retail
2025-11-24,SKU-10044,26,175.46,4561.96,2812.16,Regular,Retail
2025-11-24,SKU-10046,15,102.23,1533.45,820.2,Regular,Online
2025-11-24,SKU-10007,19,185.8,3530.2,1721.02,Promo,Online
2025-11-24,SKU-10035,30,193.68,5810.4,2764.8,Regular,Wholesale
2025-11-24,SKU-10057,40,213.73,8549.2,5172.8,Regular,Retail
2025-11-24,SKU-10059,16,33.67,538.72,248.96,Regular,Wholesale
2025-11-24,SKU-10020,23,44.24,1017.52,414.92,Regular,Retail
2025-11-24,SKU-10034,19,129.41,2458.79,1482.19,Regular,Wholesale
2025-11-24,SKU-10033,11,140.53,1545.83,804.32,Regular,Retail
2025-11-24,SKU-10037,20,197.48,3949.6,1836.0,Regular,Retail
2025-11-24,SKU-10030,34,27.91,948.94,425.68,Regular,Online
2025-11-24,SKU-10052,9,162.03,1458.27,520.56,Regular,Wholesale
2025-11-24,SKU-10026,21,112.93,2371.53,1377.18,Regular,Retail
2025-11-24,SKU-10018,23,136.68,3143.64,1275.12,Regular,Online
2025-11-24,SKU-10041,10,174.67,1746.7,903.1,Regular,Online
2025-11-24,SKU-10017,33,215.86,7123.38,2823.48,Regular,Wholesale
2025-11-24,SKU-10008,15,48.3,724.5,347.55,Regular,Retail
2025-11-24,SKU-10042,22,206.13,4534.86,2053.92,Regular,Wholesale
2025-11-24,SKU-10027,18,186.62,3359.16,1134.54,Regular,Online
2025-11-24,SKU-10048,14,154.07,2156.98,748.02,Regular,Retail
2025-11-24,SKU-10038,21,49.78,1045.38,791.91,Promo,Wholesale
2025-11-24,SKU-10014,14,154.98,2169.72,1193.64,Regular,Retail
2025-11-24,SKU-10013,23,132.17,3039.91,1408.29,Regular,Wholesale
2025-11-24,SKU-10029,23,168.49,3875.27,2585.66,Promo,Wholesale
2025-11-24,SKU-10036,17,87.82,1492.94,918.51,Regular,Retail
2025-11-24,SKU-10019,25,172.9,4322.5,1848.75,Regular,Online
2025-11-24,SKU-10010,24,74.89,1797.36,740.4,Regular,Wholesale
2025-11-24,SKU-10004,18,134.0,2412.0,1318.86,Promo,Wholesale
2025-11-24,SKU-10032,13,74.6,969.8,441.74,Regular,Online
2025-11-24,SKU-10002,24,142.38,3417.12,1889.52,Regular,Wholesale
2025-11-24,SKU-10043,28,43.98,1231.44,680.96,Regular,Wholesale
2025-11-24,SKU-10012,11,82.05,902.55,308.22,Regular,Retail
2025-11-24,SKU-10050,25,127.8,3195.0,2123.75,Promo,Wholesale
2025-11-24,SKU-10039,17,197.35,3354.95,1985.77,Regular,Online
2025-11-24,SKU-10005,35,15.99,559.65,227.85,Regular,Retail
2025-11-24,SKU-10049,13,222.3,2889.9,1229.93,Regular,Retail
2025-11-24,SKU-10021,16,134.66,2154.56,881.6,Regular,Online
2025-11-24,SKU-10058,28,169.52,4746.56,2100.56,Regular,Retail
2025-11-24,SKU-10045,38,150.02,5700.76,3479.66,Regular,Wholesale
2025-11-24,SKU-10060,10,161.66,1616.6,659.9,Promo,Wholesale
2025-11-24,SKU-10009,28,138.63,3881.64,1539.44,Regular,Wholesale
2025-11-24,SKU-10047,23,148.66,3419.18,1340.67,Regular,Online
2025-11-24,SKU-10016,29,182.56,5294.24,2567.08,Regular,Online
2025-11-25,SKU-10015,25,167.98,4199.5,1494.5,Regular,Online
2025-11-25,SKU-10056,19,18.29,347.51,148.58,Regular,Online
2025-11-25,SKU-10022,23,63.57,1462.11,632.5,Regular,Online
2025-11-25,SKU-10049,26,190.68,4957.68,2459.86,Promo,Wholesale
2025-11-25,SKU-10010,14,73.98,1035.72,431.9,Regular,Retail
2025-11-25,SKU-10027,13,188.32,2448.16,819.39,Regular,Wholesale
2025-11-25,SKU-10021,9,145.17,1306.53,495.9,Regular,Wholesale
2025-11-25,SKU-10013,31,114.0,3534.0,1898.13,Promo,Wholesale
2025-11-25,SKU-10048,13,127.83,1661.79,694.59,Promo,Online
2025-11-25,SKU-10038,22,58.58,1288.76,829.62,Regular,Retail
2025-11-25,SKU-10017,22,219.76,4834.72,1882.32,Regular,Online
2025-11-25,SKU-10029,21,190.32,3996.72,2360.82,Regular,Online
2025-11-25,SKU-10026,12,114.37,1372.44,786.96,Regular,Online
2025-11-25,SKU-10008,24,48.56,1165.44,556.08,Regular,Wholesale
2025-11-25,SKU-10005,11,14.61,160.71,71.61,Regular,Online
2025-11-25,SKU-10014,23,156.02,3588.46,1960.98,Regular,Online
2025-11-25,SKU-10047,23,124.66,2867.18,1340.67,Promo,Retail
2025-11-25,SKU-10039,8,204.56,1636.48,934.48,Regular,Online
2025-11-25,SKU-10040,15,161.51,2422.65,1450.05,Regular,Retail
2025-11-25,SKU-10042,28,211.21,5913.88,2614.08,Regular,Retail
2025-11-25,SKU-10045,15,132.69,1990.35,1373.55,Promo,Wholesale
2025-11-25,SKU-10033,21,132.66,2785.86,1535.52,Regular,Retail
2025-11-25,SKU-10046,18,97.41,1753.38,984.24,Regular,Retail
2025-11-25,SKU-10002,30,138.51,4155.3,2361.9,Regular,Wholesale
2025-11-25,SKU-10055,36,156.95,5650.2,2681.64,Regular,Retail
2025-11-25,SKU-10019,20,173.32,3466.4,1479.0,Regular,Online
2025-11-25,SKU-10016,35,149.87,5245.45,3098.2,Promo,Online
2025-11-25,SKU-10012,21,82.18,1725.78,588.42,Regular,Online
2025-11-25,SKU-10032,23,63.08,1450.84,781.54,Promo,Wholesale
2025-11-25,SKU-10003,18,102.32,1841.76,1027.08,Promo,Retail
2025-11-25,SKU-10028,29,32.68,947.72,351.19,Regular,Retail
2025-11-25,SKU-10036,4,82.72,330.88,216.12,Promo,Retail
2025-11-25,SKU-10059,14,29.69,415.66,217.84,Promo,Online
2025-11-25,SKU-10058,23,132.82,3054.86,1725.46,Promo,Wholesale
2025-11-25,SKU-10007,20,203.76,4075.2,1811.6,Regular,Wholesale
2025-11-25,SKU-10050,22,155.7,3425.4,1868.9,Regular,Wholesale
2025-11-25,SKU-10011,22,213.25,4691.5,1998.7,Regular,Wholesale
2025-11-25,SKU-10054,7,126.34,884.38,386.89,Promo,Wholesale
2025-11-25,SKU-10060,22,186.3,4098.6,1451.78,Regular,Retail
2025-11-25,SKU-10025,17,41.39,703.63,310.93,Promo,Retail
2025-11-25,SKU-10057,10,217.19,2171.9,1293.2,Regular,Wholesale
2025-11-25,SKU-10043,29,47.12,1366.48,705.28,Regular,Retail
2025-11-26,SKU-10033,18,134.11,2413.98,1316.16,Regular,Online
2025-11-26,SKU-10055,23,128.91,2964.93,1713.27,Promo,Retail
2025-11-26,SKU-10028,43,31.51,1354.93,520.73,Regular,Online
2025-11-26,SKU-10005,27,15.67,423.09,175.77,Regular,Online
2025-11-26,SKU-10045,25,160.1,4002.5,2289.25,Regular,Retail
2025-11-26,SKU-10022,39,63.94,2493.66,1072.5,Regular,Online
2025-11-26,SKU-10006,27,49.6,1339.2,559.44,Regular,Wholesale
2025-11-26,SKU-10010,28,74.37,2082.36,863.8,Regular,Online
2025-11-26,SKU-10034,28,113.49,3177.72,2184.28,Promo,Online
2025-11-26,SKU-10015,24,165.49,3971.76,1434.72,Regular,Retail
2025-11-26,SKU-10044,15,164.22,2463.3,1622.4,Promo,Wholesale
2025-11-26,SKU-10019,16,148.14,2370.24,1183.2,Promo,Online
2025-11-26,SKU-10031,10,127.79,1277.9,624.3,Regular,Retail
2025-11-26,SKU-10001,2,9.3,18.6,5.9,Regular,Online
2025-11-26,SKU-10012,33,80.12,2643.96,924.66,Regular,Retail
2025-11-26,SKU-10032,33,67.2,2217.6,1121.34,Promo,Wholesale
2025-11-26,SKU-10002,20,121.37,2427.4,1574.6,Promo,Online
2025-11-26,SKU-10016,18,184.38,3318.84,1593.36,Regular,Wholesale
2025-11-26,SKU-10046,26,90.99,2365.74,1421.68,Promo,Online
2025-11-26,SKU-10003,16,132.74,2123.84,912.96,Regular,Online
2025-11-26,SKU-10011,19,213.11,4049.09,1726.15,Regular,Online
2025-11-26,SKU-10047,17,130.02,2210.34,990.93,Promo,Retail
2025-11-26,SKU-10051,29,43.5,1261.5,413.54,Regular,Wholesale
2025-11-26,SKU-10014,33,152.74,5040.42,2813.58,Regular,Wholesale
2025-11-26,SKU-10042,10,168.22,1682.2,933.6,Promo,Online
2025-11-26,SKU-10059,40,28.96,1158.4,622.4,Promo,Online
2025-11-26,SKU-10039,13,198.43,2579.59,1518.53,Regular,Wholesale
2025-11-26,SKU-10036,13,94.14,1223.82,702.39,Regular,Retail
2025-11-26,SKU-10007,20,207.46,4149.2,1811.6,Regular,Online
2025-11-26,SKU-10029,20,188.79,3775.8,2248.4,Regular,Wholesale
2025-11-26,SKU-10024,24,75.25,1806.0,616.8,Regular,Wholesale
2025-11-26,SKU-10013,23,134.27,3088.21,1408.29,Regular,Online
2025-11-26,SKU-10027,14,184.33,2580.62,882.42,Regular,Online
2025-11-26,SKU-10037,16,186.24,2979.84,1468.8,Regular,Online
2025-11-26,SKU-10060,5,175.27,876.35,329.95,Promo,Retail
2025-11-26,SKU-10018,24,130.25,3126.0,1330.56,Regular,Online
2025-11-26,SKU-10058,26,160.78,4180.28,1950.52,Regular,Wholesale
2025-11-26,SKU-10041,22,177.22,3898.84,1986.82,Regular,Online
2025-11-26,SKU-10052,8,162.18,1297.44,462.72,Regular,Online
2025-11-26,SKU-10009,16,137.64,2202.24,879.68,Regular,Retail
2025-11-26,SKU-10021,13,126.71,1647.23,716.3,Promo,Wholesale
2025-11-26,SKU-10054,15,149.41,2241.15,829.05,Regular,Online
2025-11-26,SKU-10040,17,162.43,2761.31,1643.39,Regular,Retail
2025-11-26,SKU-10043,30,47.8,1434.0,729.6,Regular,Online
2025-11-27,SKU-10042,10,181.15,1811.5,933.6,Promo,Online
2025-11-27,SKU-10060,33,184.42,6085.86,2177.67,Regular,Wholesale
2025-11-27,SKU-10029,30,193.63,5808.9,3372.6,Regular,Wholesale
2025-11-27,SKU-10038,16,54.8,876.8,603.36,Promo,Retail
2025-11-27,SKU-10012,22,83.07,1827.54,616.44,Regular,Retail
2025-11-27,SKU-10009,7,138.95,972.65,384.86,Regular,Retail
2025-11-27,SKU-10016,30,182.63,5478.9,2655.6,Regular,Online
2025-11-27,SKU-10033,26,112.8,2932.8,1901.12,Promo,Retail
2025-11-27,SKU-10046,7,97.21,680.47,382.76,Regular,Online
2025-11-27,SKU-10013,16,121.06,1936.96,979.68,Promo,Retail
2025-11-27,SKU-10015,18,164.52,2961.36,1076.04,Regular,Retail
2025-11-27,SKU-10008,21,47.24,992.04,486.57,Regular,Retail
2025-11-27,SKU-10049,20,217.12,4342.4,1892.2,Regular,Wholesale
2025-11-27,SKU-10018,14,129.7,1815.8,776.16,Regular,Retail
2025-11-27,SKU-10025,29,44.7,1296.3,530.41,Promo,Wholesale
2025-11-27,SKU-10021,21,134.47,2823.87,1157.1,Regular,Wholesale
2025-11-27,SKU-10023,21,13.04,273.84,164.64,Promo,Wholesale
2025-11-27,SKU-10014,22,142.91,3144.02,1875.72,Regular,Wholesale
2025-11-27,SKU-10054,17,148.57,2525.69,939.59,Regular,Wholesale
2025-11-27,SKU-10043,24,37.32,895.68,583.68,Promo,Wholesale
2025-11-27,SKU-10005,5,12.7,63.5,32.55,Promo,Online
2025-11-27,SKU-10048,13,163.57,2126.41,694.59,Regular,Wholesale
2025-11-27,SKU-10032,5,79.28,396.4,169.9,Regular,Online
2025-11-27,SKU-10003,11,101.1,1112.1,627.66,Promo,Wholesale
2025-11-27,SKU-10031,8,132.24,1057.92,499.44,Regular,Retail
2025-11-27,SKU-10053,27,74.58,2013.66,1018.71,Regular,Wholesale
2025-11-27,SKU-10002,19,140.76,2674.44,1495.87,Regular,Online
2025-11-27,SKU-10024,8,64.57,516.56,205.6,Promo,Wholesale
2025-11-27,SKU-10044,12,187.06,2244.72,1297.92,Regular,Online
2025-11-27,SKU-10039,41,191.51,7851.91,4789.21,Regular,Online
2025-11-27,SKU-10045,25,156.04,3901.0,2289.25,Regular,Wholesale
2025-11-27,SKU-10006,19,41.44,787.36,393.68,Promo,Retail
2025-11-27,SKU-10020,25,42.23,1055.75,451.0,Regular,Online
2025-11-27,SKU-10030,21,24.39,512.19,262.92,Promo,Wholesale
2025-11-27,SKU-10037,21,191.63,4024.23,1927.8,Regular,Online
2025-11-27,SKU-10059,30,35.28,1058.4,466.8,Regular,Wholesale
2025-11-27,SKU-10007,1,210.85,210.85,90.58,Regular,Retail
2025-11-27,SKU-10010,16,69.97,1119.52,493.6,Regular,Retail
2025-11-27,SKU-10001,24,8.84,212.16,70.8,Regular,Online
2025-11-27,SKU-10027,10,179.88,1798.8,630.3,Regular,Wholesale
2025-11-27,SKU-10052,23,161.2,3707.6,1330.32,Regular,Online
2025-11-27,SKU-10028,24,28.33,679.92,290.64,Promo,Online
2025-11-27,SKU-10041,13,173.78,2259.14,1174.03,Regular,Online
2025-11-27,SKU-10036,16,96.32,1541.12,864.48,Regular,Wholesale
2025-11-27,SKU-10004,26,157.66,4099.16,1905.02,Regular,Online
2025-11-28,SKU-10060,15,159.19,2387.85,989.85,Promo,Retail
2025-11-28,SKU-10042,16,214.21,3427.36,1493.76,Regular,Wholesale
2025-11-28,SKU-10028,21,32.13,674.73,254.31,Regular,Online
2025-11-28,SKU-10004,17,155.79,2648.43,1245.59,Regular,Online
2025-11-28,SKU-10018,30,135.74,4072.2,1663.2,Regular,Wholesale
2025-11-28,SKU-10040,30,131.89,3956.7,2900.1,Promo,Online
2025-11-28,SKU-10033,25,140.57,3514.25,1828.0,Regular,Online
2025-11-28,SKU-10021,25,142.8,3570.0,1377.5,Regular,Wholesale
2025-11-28,SKU-10048,18,160.72,2892.96,961.74,Regular,Retail
2025-11-28,SKU-10058,31,172.92,5360.52,2325.62,Regular,Wholesale
2025-11-28,SKU-10047,17,147.89,2514.13,990.93,Regular,Retail
2025-11-28,SKU-10051,24,44.78,1074.72,342.24,Regular,Retail
2025-11-28,SKU-10020,15,34.74,521.1,270.6,Promo,Online
2025-11-28,SKU-10025,20,50.12,1002.4,365.8,Regular,Online
2025-11-28,SKU-10014,13,149.22,1939.86,1108.38,Regular,Retail
2025-11-28,SKU-10003,8,131.01,1048.08,456.48,Regular,Retail
2025-11-28,SKU-10052,17,164.08,2789.36,983.28,Regular,Online
2025-11-28,SKU-10029,23,194.92,4483.16,2585.66,Regular,Wholesale
2025-11-28,SKU-10023,28,16.76,469.28,219.52,Regular,Wholesale
2025-11-28,SKU-10009,19,119.57,2271.83,1044.62,Promo,Online
2025-11-28,SKU-10006,29,49.29,1429.41,600.88,Regular,Online
2025-11-28,SKU-10005,15,15.46,231.9,97.65,Regular,Retail
2025-11-28,SKU-10055,22,120.16,2643.52,1638.78,Promo,Retail
2025-11-28,SKU-10011,33,222.71,7349.43,2998.05,Regular,Wholesale
2025-11-28,SKU-10015,26,173.47,4510.22,1554.28,Regular,Online
2025-11-28,SKU-10041,30,181.81,5454.3,2709.3,Regular,Retail
2025-11-28,SKU-10049,15,206.31,3094.65,1419.15,Promo,Retail
2025-11-28,SKU-10057,21,223.28,4688.88,2715.72,Regular,Online
2025-11-28,SKU-10022,31,65.63,2034.53,852.5,Regular,Wholesale
2025-11-28,SKU-10059,20,27.66,553.2,311.2,Promo,Retail
2025-11-28,SKU-10035,15,185.27,2779.05,1382.4,Regular,Online
2025-11-28,SKU-10056,8,18.81,150.48,62.56,Regular,Online
2025-11-28,SKU-10007,39,199.29,7772.31,3532.62,Regular,Retail
2025-11-28,SKU-10036,25,90.11,2252.75,1350.75,Regular,Wholesale
2025-11-28,SKU-10001,17,8.73,148.41,50.15,Regular,Retail
2025-11-28,SKU-10045,22,158.65,3490.3,2014.54,Regular,Wholesale
2025-11-28,SKU-10054,23,126.09,2900.07,1271.21,Promo,Online
2025-11-28,SKU-10019,16,143.73,2299.68,1183.2,Promo,Online
2025-11-28,SKU-10016,30,170.47,5114.1,2655.6,Regular,Wholesale
2025-11-28,SKU-10031,28,128.25,3591.0,1748.04,Regular,Online
2025-11-28,SKU-10008,23,41.79,961.17,532.91,Promo,Wholesale
2025-11-28,SKU-10043,23,45.23,1040.29,559.36,Regular,Online
2025-11-28,SKU-10034,22,142.16,3127.52,1716.22,Regular,Retail
2025-11-28,SKU-10017,13,203.74,2648.62,1112.28,Regular,Retail
2025-11-28,SKU-10002,24,112.75,2706.0,1889.52,Promo,Online
2025-11-29,SKU-10003,4,131.99,527.96,228.24,Regular,Wholesale
2025-11-29,SKU-10027,18,196.92,3544.56,1134.54,Regular,Retail
2025-11-29,SKU-10037,18,188.47,3392.46,1652.4,Regular,Wholesale
2025-11-29,SKU-10057,18,210.32,3785.76,2327.76,Regular,Online
2025-11-29,SKU-10019,14,162.55,2275.7,1035.3,Regular,Retail
2025-11-29,SKU-10022,9,63.79,574.11,247.5,Regular,Wholesale
2025-11-29,SKU-10016,11,177.21,1949.31,973.72,Regular,Online
2025-11-29,SKU-10032,13,75.2,977.6,441.74,Regular,Wholesale
2025-11-29,SKU-10001,24,9.43,226.32,70.8,Regular,Retail
2025-11-29,SKU-10042,1,197.13,197.13,93.36,Promo,Wholesale
2025-11-29,SKU-10054,24,146.77,3522.48,1326.48,Regular,Online
2025-11-29,SKU-10014,21,145.99,3065.79,1790.46,Regular,Wholesale
2025-11-29,SKU-10020,19,42.14,800.66,342.76,Regular,Wholesale
2025-11-29,SKU-10026,7,113.75,796.25,459.06,Regular,Wholesale
2025-11-29,SKU-10029,24,158.01,3792.24,2698.08,Promo,Wholesale
2025-11-29,SKU-10043,19,46.13,876.47,462.08,Regular,Retail
2025-11-29,SKU-10012,21,64.97,1364.37,588.42,Promo,Retail
2025-11-29,SKU-10038,14,59.72,836.08,527.94,Regular,Wholesale
2025-11-29,SKU-10023,24,16.75,402.0,188.16,Regular,Online
2025-11-29,SKU-10044,14,158.46,2218.44,1514.24,Promo,Online
2025-11-29,SKU-10028,19,31.43,597.17,230.09,Regular,Wholesale
2025-11-29,SKU-10053,21,76.25,1601.25,792.33,Regular,Retail
2025-11-29,SKU-10056,20,15.87,317.4,156.4,Promo,Retail
2025-11-29,SKU-10035,19,189.7,3604.3,1751.04,Regular,Online
2025-11-29,SKU-10046,31,85.32,2644.92,1695.08,Promo,Online
2025-11-29,SKU-10047,15,143.45,2151.75,874.35,Regular,Wholesale
2025-11-29,SKU-10036,33,80.89,2669.37,1782.99,Promo,Online
2025-11-29,SKU-10045,12,152.25,1827.0,1098.84,Regular,Online
2025-11-29,SKU-10040,23,162.22,3731.06,2223.41,Regular,Wholesale
2025-11-29,SKU-10008,18,49.51,891.18,417.06,Regular,Wholesale
2025-11-29,SKU-10060,20,156.15,3123.0,1319.8,Promo,Online
2025-11-29,SKU-10059,16,27.33,437.28,248.96,Promo,Retail
2025-11-29,SKU-10058,23,146.01,3358.23,1725.46,Promo,Retail
2025-11-29,SKU-10052,23,170.59,3923.57,1330.32,Regular,Wholesale
2025-11-29,SKU-10039,20,202.51,4050.2,2336.2,Regular,Wholesale
2025-11-29,SKU-10017,13,205.48,2671.24,1112.28,Regular,Retail
2025-11-29,SKU-10005,19,15.46,293.74,123.69,Regular,Retail
2025-11-29,SKU-10050,14,149.06,2086.84,1189.3,Regular,Wholesale
2025-11-29,SKU-10041,14,176.71,2473.94,1264.34,Regular,Retail
2025-11-29,SKU-10049,30,207.55,6226.5,2838.3,Promo,Wholesale
2025-11-29,SKU-10006,22,51.04,1122.88,455.84,Regular,Retail
2025-11-29,SKU-10004,9,151.54,1363.86,659.43,Regular,Wholesale
2025-11-29,SKU-10051,19,42.67,810.73,270.94,Regular,Online
2025-11-29,SKU-10024,30,75.93,2277.9,771.0,Regular,Wholesale
2025-11-29,SKU-10013,31,138.31,4287.61,1898.13,Regular,Wholesale
2025-11-30,SKU-10005,7,15.26,106.82,45.57,Regular,Retail
2025-11-30,SKU-10048,18,152.39,2743.02,961.74,Regular,Online
2025-11-30,SKU-10036,12,92.61,1111.32,648.36,Regular,Online
2025-11-30,SKU-10051,17,43.37,737.29,242.42,Regular,Retail
2025-11-30,SKU-10057,36,211.68,7620.48,4655.52,Regular,Retail
2025-11-30,SKU-10011,16,174.37,2789.92,1453.6,Promo,Retail
2025-11-30,SKU-10018,38,136.41,5183.58,2106.72,Regular,Online
2025-11-30,SKU-10052,11,163.89,1802.79,636.24,Regular,Wholesale
2025-11-30,SKU-10017,17,220.22,3743.74,1454.52,Regular,Wholesale
2025-11-30,SKU-10040,19,160.46,3048.74,1836.73,Regular,Retail
2025-11-30,SKU-10027,28,196.72,5508.16,1764.84,Regular,Retail
2025-11-30,SKU-10059,32,27.33,874.56,497.92,Promo,Retail
2025-11-30,SKU-10008,27,44.09,1190.43,625.59,Promo,Online
2025-11-30,SKU-10006,21,53.63,1126.23,435.12,Regular,Wholesale
2025-11-30,SKU-10035,14,181.84,2545.76,1290.24,Regular,Wholesale
2025-11-30,SKU-10007,12,183.27,2199.24,1086.96,Promo,Retail
2025-11-30,SKU-10055,20,150.18,3003.6,1489.8,Regular,Wholesale
2025-11-30,SKU-10015,6,156.76,940.56,358.68,Promo,Online
2025-11-30,SKU-10003,21,132.89,2790.69,1198.26,Regular,Online
2025-11-30,SKU-10049,21,202.5,4252.5,1986.81,Promo,Retail
2025-11-30,SKU-10041,17,179.56,3052.52,1535.27,Regular,Online
2025-11-30,SKU-10044,13,150.63,1958.19,1406.08,Promo,Wholesale
2025-11-30,SKU-10004,24,135.61,3254.64,1758.48,Promo,Retail
2025-11-30,SKU-10056,22,18.5,407.0,172.04,Regular,Online
2025-11-30,SKU-10020,15,40.74,611.1,270.6,Regular,Online
2025-11-30,SKU-10032,30,77.42,2322.6,1019.4,Regular,Wholesale
2025-11-30,SKU-10024,19,74.56,1416.64,488.3,Regular,Online
2025-11-30,SKU-10050,11,160.11,1761.21,934.45,Regular,Online
2025-11-30,SKU-10039,15,167.7,2515.5,1752.15,Promo,Wholesale
2025-11-30,SKU-10030,27,26.6,718.2,338.04,Regular,Online
2025-11-30,SKU-10021,32,116.04,3713.28,1763.2,Promo,Retail
2025-11-30,SKU-10033,14,139.42,1951.88,1023.68,Regular,Retail
2025-11-30,SKU-10029,18,194.16,3494.88,2023.56,Regular,Wholesale
2025-11-30,SKU-10031,22,132.44,2913.68,1373.46,Regular,Wholesale
2025-11-30,SKU-10042,27,208.46,5628.42,2520.72,Regular,Online
2025-11-30,SKU-10014,19,143.46,2725.74,1619.94,Regular,Retail
2025-11-30,SKU-10023,15,16.16,242.4,117.6,Regular,Wholesale
2025-11-30,SKU-10060,13,197.46,2566.98,857.87,Regular,Retail
2025-11-30,SKU-10038,22,59.51,1309.22,829.62,Regular,Retail
2025-11-30,SKU-10047,15,140.12,2101.8,874.35,Regular,Retail
2025-11-30,SKU-10019,17,172.99,2940.83,1257.15,Regular,Online
2025-11-30,SKU-10022,8,63.07,504.56,220.0,Regular,Retail
2025-11-30,SKU-10012,16,82.05,1312.8,448.32,Regular,Wholesale
2025-11-30,SKU-10028,20,30.1,602.0,242.2,Regular,Online
2025-11-30,SKU-10016,7,138.58,970.06,619.64,Promo,Retail
2025-12-01,SKU-10028,7,26.18,183.26,84.77,Promo,Online
2025-12-01,SKU-10006,12,51.19,614.28,248.64,Regular,Wholesale
2025-12-01,SKU-10016,15,170.73,2560.95,1327.8,Regular,Online
2025-12-01,SKU-10055,22,153.71,3381.62,1638.78,Regular,Online
2025-12-01,SKU-10014,31,145.1,4498.1,2643.06,Regular,Retail
2025-12-01,SKU-10025,29,52.47,1521.63,530.41,Regular,Wholesale
2025-12-01,SKU-10046,18,103.87,1869.66,984.24,Regular,Online
2025-12-01,SKU-10010,28,65.56,1835.68,863.8,Promo,Retail
2025-12-01,SKU-10047,20,149.7,2994.0,1165.8,Regular,Wholesale
2025-12-01,SKU-10003,16,128.16,2050.56,912.96,Regular,Wholesale
2025-12-01,SKU-10049,36,226.77,8163.72,3405.96,Regular,Online
2025-12-01,SKU-10001,22,7.57,166.54,64.9,Promo,Retail
2025-12-01,SKU-10034,19,141.36,2685.84,1482.19,Regular,Wholesale
2025-12-01,SKU-10007,19,199.98,3799.62,1721.02,Regular,Online
2025-12-01,SKU-10044,8,184.14,1473.12,865.28,Regular,Wholesale
2025-12-01,SKU-10005,21,14.68,308.28,136.71,Regular,Retail
2025-12-01,SKU-10018,12,130.19,1562.28,665.28,Regular,Online
2025-12-01,SKU-10056,28,18.23,510.44,218.96,Regular,Wholesale
2025-12-01,SKU-10059,10,33.43,334.3,155.6,Regular,Online
2025-12-01,SKU-10045,27,123.63,3338.01,2472.39,Promo,Wholesale
2025-12-01,SKU-10043,32,47.65,1524.8,778.24,Regular,Wholesale
2025-12-01,SKU-10048,37,153.83,5691.71,1976.91,Regular,Wholesale
2025-12-01,SKU-10026,14,102.37,1433.18,918.12,Promo,Wholesale
2025-12-01,SKU-10004,20,152.48,3049.6,1465.4,Regular,Online
2025-12-01,SKU-10036,28,91.35,2557.8,1512.84,Regular,Online
2025-12-01,SKU-10035,27,188.56,5091.12,2488.32,Regular,Online
2025-12-01,SKU-10009,24,116.97,2807.28,1319.52,Promo,Online
2025-12-01,SKU-10033,25,134.43,3360.75,1828.0,Regular,Online
2025-12-01,SKU-10039,10,163.96,1639.6,1168.1,Promo,Retail
2025-12-01,SKU-10017,24,167.77,4026.48,2053.44,Promo,Online
2025-12-01,SKU-10054,15,154.88,2323.2,829.05,Regular,Retail
2025-12-01,SKU-10052,31,157.71,4889.01,1793.04,Regular,Online
2025-12-01,SKU-10031,17,126.76,2154.92,1061.31,Regular,Online
2025-12-01,SKU-10053,26,59.72,1552.72,980.98,Promo,Retail
2025-12-01,SKU-10023,23,17.08,392.84,180.32,Regular,Retail
2025-12-01,SKU-10024,29,77.52,2248.08,745.3,Regular,Online
2025-12-01,SKU-10032,30,74.42,2232.6,1019.4,Regular,Wholesale
2025-12-01,SKU-10042,11,186.49,2051.39,1026.96,Promo,Retail
2025-12-01,SKU-10013,17,112.99,1920.83,1040.91,Promo,Retail
2025-12-01,SKU-10058,44,172.57,7593.08,3300.88,Regular,Wholesale
2025-12-01,SKU-10038,27,58.2,1571.4,1018.17,Regular,Retail
2025-12-01,SKU-10057,12,229.81,2757.72,1551.84,Regular,Wholesale
2025-12-01,SKU-10041,12,171.13,2053.56,1083.72,Regular,Retail
2025-12-01,SKU-10021,22,141.92,3122.24,1212.2,Regular,Online
2025-12-01,SKU-10008,18,50.74,913.32,417.06,Regular,Wholesale
2025-12-02,SKU-10017,11,220.2,2422.2,941.16,Regular,Wholesale
2025-12-02,SKU-10058,15,173.22,2598.3,1125.3,Regular,Retail
2025-12-02,SKU-10007,8,202.14,1617.12,724.64,Regular,Online
2025-12-02,SKU-10001,19,9.35,177.65,56.05,Regular,Wholesale
2025-12-02,SKU-10034,18,134.57,2422.26,1404.18,Regular,Retail
2025-12-02,SKU-10052,7,170.38,1192.66,404.88,Regular,Wholesale
2025-12-02,SKU-10014,32,148.42,4749.44,2728.32,Regular,Online
2025-12-02,SKU-10055,14,152.25,2131.5,1042.86,Regular,Wholesale
2025-12-02,SKU-10028,21,32.76,687.96,254.31,Regular,Retail
2025-12-02,SKU-10054,21,140.67,2954.07,1160.67,Regular,Retail
2025-12-02,SKU-10059,11,35.74,393.14,171.16,Regular,Retail
2025-12-02,SKU-10019,22,169.43,3727.46,1626.9,Regular,Wholesale
2025-12-02,SKU-10035,15,187.76,2816.4,1382.4,Regular,Retail
2025-12-02,SKU-10033,27,140.63,3797.01,1974.24,Regular,Wholesale
2025-12-02,SKU-10047,30,145.95,4378.5,1748.7,Regular,Wholesale
2025-12-02,SKU-10041,27,149.83,4045.41,2438.37,Promo,Online
2025-12-02,SKU-10004,23,160.1,3682.3,1685.21,Regular,Wholesale
2025-12-02,SKU-10008,18,43.86,789.48,417.06,Promo,Online
2025-12-02,SKU-10002,3,146.93,440.79,236.19,Regular,Wholesale
2025-12-02,SKU-10006,16,40.73,651.68,331.52,Promo,Online
2025-12-02,SKU-10044,30,186.4,5592.0,3244.8,Regular,Retail
2025-12-02,SKU-10020,28,44.5,1246.0,505.12,Regular,Online
2025-12-02,SKU-10024,20,78.36,1567.2,514.0,Regular,Online
2025-12-02,SKU-10031,26,124.75,3243.5,1623.18,Regular,Online
2025-12-02,SKU-10036,20,95.14,1902.8,1080.6,Regular,Wholesale
2025-12-02,SKU-10040,2,144.69,289.38,193.34,Promo,Online
2025-12-02,SKU-10005,14,15.92,222.88,91.14,Regular,Wholesale
2025-12-02,SKU-10046,8,98.49,787.92,437.44,Regular,Retail
2025-12-02,SKU-10045,34,160.82,5467.88,3113.38,Regular,Retail
2025-12-02,SKU-10003,21,135.26,2840.46,1198.26,Regular,Online
2025-12-02,SKU-10015,15,164.52,2467.8,896.7,Regular,Retail
2025-12-02,SKU-10051,30,43.14,1294.2,427.8,Regular,Wholesale
2025-12-02,SKU-10030,32,25.41,813.12,400.64,Regular,Retail
2025-12-02,SKU-10043,20,46.54,930.8,486.4,Regular,Online
2025-12-02,SKU-10029,34,191.2,6500.8,3822.28,Regular,Retail
2025-12-02,SKU-10057,16,220.4,3526.4,2069.12,Regular,Retail
2025-12-02,SKU-10048,16,159.74,2555.84,854.88,Regular,Wholesale
2025-12-02,SKU-10060,17,199.04,3383.68,1121.83,Regular,Wholesale
2025-12-02,SKU-10010,19,72.71,1381.49,586.15,Regular,Retail
2025-12-02,SKU-10009,26,149.79,3894.54,1429.48,Regular,Retail
2025-12-02,SKU-10025,25,53.34,1333.5,457.25,Regular,Retail
2025-12-02,SKU-10027,24,180.32,4327.68,1512.72,Regular,Wholesale
2025-12-02,SKU-10016,10,159.75,1597.5,885.2,Promo,Wholesale
2025-12-02,SKU-10038,33,59.59,1966.47,1244.43,Regular,Online
2025-12-03,SKU-10033,32,143.09,4578.88,2339.84,Regular,Online
2025-12-03,SKU-10027,20,186.46,3729.2,1260.6,Regular,Online
2025-12-03,SKU-10024,11,79.57,875.27,282.7,Regular,Online
2025-12-03,SKU-10043,26,46.29,1203.54,632.32,Regular,Wholesale
2025-12-03,SKU-10051,25,41.57,1039.25,356.5,Regular,Online
2025-12-03,SKU-10038,18,48.8,878.4,678.78,Promo,Wholesale
2025-12-03,SKU-10040,39,164.23,6404.97,3770.13,Regular,Retail
2025-12-03,SKU-10008,21,43.23,907.83,486.57,Promo,Retail
2025-12-03,SKU-10007,23,177.7,4087.1,2083.34,Promo,Online
2025-12-03,SKU-10025,24,40.58,973.92,438.96,Promo,Retail
2025-12-03,SKU-10023,8,16.87,134.96,62.72,Regular,Retail
2025-12-03,SKU-10021,8,144.43,1155.44,440.8,Regular,Retail
2025-12-03,SKU-10002,20,139.98,2799.6,1574.6,Regular,Online
2025-12-03,SKU-10001,25,7.73,193.25,73.75,Promo,Retail
2025-12-03,SKU-10028,25,30.71,767.75,302.75,Regular,Online
2025-12-03,SKU-10030,17,25.51,433.67,212.84,Regular,Wholesale
2025-12-03,SKU-10016,13,178.68,2322.84,1150.76,Regular,Wholesale
2025-12-03,SKU-10009,33,146.31,4828.23,1814.34,Regular,Retail
2025-12-03,SKU-10019,22,159.69,3513.18,1626.9,Regular,Retail
2025-12-03,SKU-10031,20,132.4,2648.0,1248.6,Regular,Wholesale
2025-12-03,SKU-10022,14,63.78,892.92,385.0,Regular,Online
2025-12-03,SKU-10026,17,120.16,2042.72,1114.86,Regular,Online
2025-12-03,SKU-10060,26,201.48,5238.48,1715.74,Regular,Online
2025-12-03,SKU-10044,28,177.55,4971.4,3028.48,Regular,Wholesale
2025-12-03,SKU-10011,31,225.7,6996.7,2816.35,Regular,Retail
2025-12-03,SKU-10056,24,19.06,457.44,187.68,Regular,Wholesale
2025-12-03,SKU-10003,16,125.43,2006.88,912.96,Regular,Online
2025-12-03,SKU-10012,26,76.48,1988.48,728.52,Regular,Online
2025-12-03,SKU-10017,26,213.38,5547.88,2224.56,Regular,Wholesale
2025-12-03,SKU-10052,29,162.8,4721.2,1677.36,Regular,Wholesale
2025-12-03,SKU-10048,16,159.86,2557.76,854.88,Regular,Retail
2025-12-03,SKU-10018,20,132.85,2657.0,1108.8,Regular,Wholesale
2025-12-03,SKU-10039,31,193.54,5999.74,3621.11,Regular,Retail
2025-12-03,SKU-10004,30,154.36,4630.8,2198.1,Regular,Retail
2025-12-03,SKU-10029,33,166.66,5499.78,3709.86,Promo,Retail
2025-12-03,SKU-10058,17,132.73,2256.41,1275.34,Promo,Wholesale
2025-12-03,SKU-10049,7,236.91,1658.37,662.27,Regular,Wholesale
2025-12-03,SKU-10041,27,149.58,4038.66,2438.37,Promo,Retail
2025-12-03,SKU-10046,29,101.27,2936.83,1585.72,Regular,Online
2025-12-03,SKU-10042,23,223.67,5144.41,2147.28,Regular,Wholesale
2025-12-03,SKU-10014,20,150.56,3011.2,1705.2,Regular,Wholesale
2025-12-03,SKU-10036,19,92.35,1754.65,1026.57,Regular,Retail
2025-12-03,SKU-10045,22,151.07,3323.54,2014.54,Regular,Online
2025-12-03,SKU-10034,27,135.8,3666.6,2106.27,Regular,Wholesale
2025-12-04,SKU-10011,40,212.11,8484.4,3634.0,Regular,Retail
2025-12-04,SKU-10040,38,135.37,5144.06,3673.46,Promo,Wholesale
2025-12-04,SKU-10003,32,133.59,4274.88,1825.92,Regular,Wholesale
2025-12-04,SKU-10043,24,43.81,1051.44,583.68,Regular,Retail
2025-12-04,SKU-10044,16,176.89,2830.24,1730.56,Regular,Retail
2025-12-04,SKU-10057,18,230.38,4146.84,2327.76,Regular,Retail
2025-12-04,SKU-10059,24,30.47,731.28,373.44,Promo,Online
2025-12-04,SKU-10033,21,137.98,2897.58,1535.52,Regular,Retail
2025-12-04,SKU-10002,31,136.7,4237.7,2440.63,Regular,Retail
2025-12-04,SKU-10025,15,52.38,785.7,274.35,Regular,Retail
2025-12-04,SKU-10053,13,76.37,992.81,490.49,Regular,Wholesale
2025-12-04,SKU-10028,15,29.98,449.7,181.65,Regular,Wholesale
2025-12-04,SKU-10008,8,50.67,405.36,185.36,Regular,Wholesale
2025-12-04,SKU-10001,8,9.21,73.68,23.6,Regular,Retail
2025-12-04,SKU-10022,8,62.41,499.28,220.0,Regular,Wholesale
2025-12-04,SKU-10032,25,75.36,1884.0,849.5,Regular,Online
2025-12-04,SKU-10004,37,156.08,5774.96,2710.99,Regular,Online
2025-12-04,SKU-10023,41,17.25,707.25,321.44,Regular,Wholesale
2025-12-04,SKU-10013,17,130.52,2218.84,1040.91,Regular,Retail
2025-12-04,SKU-10018,30,133.75,4012.5,1663.2,Regular,Wholesale
2025-12-04,SKU-10042,16,225.06,3600.96,1493.76,Regular,Retail
2025-12-04,SKU-10007,18,216.51,3897.18,1630.44,Regular,Wholesale
2025-12-04,SKU-10037,18,196.5,3537.0,1652.4,Regular,Retail
2025-12-04,SKU-10029,10,189.72,1897.2,1124.2,Regular,Online
2025-12-04,SKU-10049,27,231.69,6255.63,2554.47,Regular,Online
2025-12-04,SKU-10034,23,106.5,2449.5,1794.23,Promo,Online
2025-12-04,SKU-10060,31,183.45,5686.95,2045.69,Regular,Wholesale
2025-12-04,SKU-10054,16,117.44,1879.04,884.32,Promo,Online
2025-12-04,SKU-10047,32,129.88,4156.16,1865.28,Promo,Online
2025-12-04,SKU-10021,16,142.38,2278.08,881.6,Regular,Retail
2025-12-04,SKU-10051,16,36.46,583.36,228.16,Promo,Online
2025-12-04,SKU-10020,12,42.62,511.44,216.48,Regular,Retail
2025-12-04,SKU-10015,22,165.03,3630.66,1315.16,Regular,Retail
2025-12-04,SKU-10009,21,139.72,2934.12,1154.58,Regular,Retail
2025-12-04,SKU-10005,22,15.98,351.56,143.22,Regular,Wholesale
2025-12-04,SKU-10035,33,178.91,5904.03,3041.28,Regular,Retail
2025-12-04,SKU-10024,14,64.42,901.88,359.8,Promo,Retail
2025-12-04,SKU-10030,14,25.63,358.82,175.28,Regular,Wholesale
2025-12-04,SKU-10041,22,184.73,4064.06,1986.82,Regular,Online
2025-12-04,SKU-10012,23,67.12,1543.76,644.46,Promo,Wholesale
2025-12-04,SKU-10058,17,166.22,2825.74,1275.34,Regular,Retail
2025-12-04,SKU-10045,9,150.47,1354.23,824.13,Regular,Wholesale
2025-12-04,SKU-10026,28,122.75,3437.0,1836.24,Regular,Retail
2025-12-04,SKU-10046,23,100.79,2318.17,1257.64,Regular,Online
2025-12-04,SKU-10052,5,165.97,829.85,289.2,Regular,Retail
2025-12-05,SKU-10015,11,170.77,1878.47,657.58,Regular,Retail
2025-12-05,SKU-10045,21,120.36,2527.56,1922.97,Promo,Wholesale
2025-12-05,SKU-10028,11,31.29,344.19,133.21,Regular,Wholesale
2025-12-05,SKU-10007,23,216.13,4970.99,2083.34,Regular,Retail
2025-12-05,SKU-10024,1,75.58,75.58,25.7,Regular,Wholesale
2025-12-05,SKU-10041,21,168.89,3546.69,1896.51,Regular,Online
2025-12-05,SKU-10042,35,215.57,7544.95,3267.6,Regular,Wholesale
2025-12-05,SKU-10048,11,160.39,1764.29,587.73,Regular,Retail
2025-12-05,SKU-10037,14,196.25,2747.5,1285.2,Regular,Retail
2025-12-05,SKU-10029,4,199.56,798.24,449.68,Regular,Wholesale
2025-12-05,SKU-10053,35,76.99,2694.65,1320.55,Regular,Retail
2025-12-05,SKU-10036,13,80.65,1048.45,702.39,Promo,Wholesale
2025-12-05,SKU-10025,13,52.05,676.65,237.77,Regular,Wholesale
2025-12-05,SKU-10049,18,235.65,4241.7,1702.98,Regular,Online
2025-12-05,SKU-10004,29,156.46,4537.34,2124.83,Regular,Online
2025-12-05,SKU-10055,19,156.62,2975.78,1415.31,Regular,Wholesale
2025-12-05,SKU-10017,25,214.0,5350.0,2139.0,Regular,Retail
2025-12-05,SKU-10057,15,190.49,2857.35,1939.8,Promo,Wholesale
2025-12-05,SKU-10047,18,145.3,2615.4,1049.22,Regular,Online
2025-12-05,SKU-10005,30,15.66,469.8,195.3,Regular,Retail
2025-12-05,SKU-10027,7,185.18,1296.26,441.21,Regular,Online
2025-12-05,SKU-10022,31,63.18,1958.58,852.5,Regular,Online
2025-12-05,SKU-10051,6,38.93,233.58,85.56,Promo,Wholesale
2025-12-05,SKU-10038,11,52.94,582.34,414.81,Promo,Online
2025-12-05,SKU-10052,14,164.38,2301.32,809.76,Regular,Retail
2025-12-05,SKU-10010,17,73.95,1257.15,524.45,Regular,Online
2025-12-05,SKU-10023,20,16.16,323.2,156.8,Regular,Retail
2025-12-05,SKU-10008,29,47.7,1383.3,671.93,Regular,Online
2025-12-05,SKU-10001,7,9.0,63.0,20.65,Regular,Retail
2025-12-05,SKU-10018,25,140.59,3514.75,1386.0,Regular,Wholesale
2025-12-05,SKU-10040,24,150.68,3616.32,2320.08,Promo,Wholesale
2025-12-05,SKU-10009,19,149.9,2848.1,1044.62,Regular,Wholesale
2025-12-05,SKU-10034,18,129.7,2334.6,1404.18,Regular,Retail
2025-12-05,SKU-10016,10,176.6,1766.0,885.2,Regular,Online
2025-12-05,SKU-10056,26,16.07,417.82,203.32,Promo,Wholesale
2025-12-05,SKU-10021,13,143.56,1866.28,716.3,Regular,Online
2025-12-05,SKU-10031,16,100.27,1604.32,998.88,Promo,Online
2025-12-05,SKU-10044,36,168.83,6077.88,3893.76,Promo,Online
2025-12-05,SKU-10020,27,40.58,1095.66,487.08,Regular,Online
2025-12-05,SKU-10026,18,123.15,2216.7,1180.44,Regular,Wholesale
2025-12-05,SKU-10019,9,163.43,1470.87,665.55,Regular,Retail
2025-12-05,SKU-10035,13,177.59,2308.67,1198.08,Regular,Wholesale
2025-12-05,SKU-10012,4,76.05,304.2,112.08,Regular,Online
2025-12-05,SKU-10033,16,141.19,2259.04,1169.92,Regular,Online
2025-12-05,SKU-10030,19,26.36,500.84,237.88,Regular,Retail
2025-12-06,SKU-10056,20,17.39,347.8,156.4,Regular,Retail
2025-12-06,SKU-10048,12,162.38,1948.56,641.16,Regular,Wholesale
2025-12-06,SKU-10055,24,146.26,3510.24,1787.76,Regular,Online
2025-12-06,SKU-10059,34,33.06,1124.04,529.04,Regular,Wholesale
2025-12-06,SKU-10023,38,16.59,630.42,297.92,Regular,Online
2025-12-06,SKU-10026,26,115.36,2999.36,1705.08,Regular,Retail
2025-12-06,SKU-10053,24,61.3,1471.2,905.52,Promo,Online
2025-12-06,SKU-10044,11,193.68,2130.48,1189.76,Regular,Online
2025-12-06,SKU-10017,18,172.68,3108.24,1540.08,Promo,Online
2025-12-06,SKU-10019,20,166.37,3327.4,1479.0,Regular,Retail
2025-12-06,SKU-10005,16,14.88,238.08,104.16,Regular,Online
2025-12-06,SKU-10036,32,89.64,2868.48,1728.96,Regular,Wholesale
2025-12-06,SKU-10043,34,45.69,1553.46,826.88,Regular,Online
2025-12-06,SKU-10015,7,175.99,1231.93,418.46,Regular,Retail
2025-12-06,SKU-10060,16,193.37,3093.92,1055.84,Regular,Retail
2025-12-06,SKU-10042,26,209.81,5455.06,2427.36,Regular,Wholesale
2025-12-06,SKU-10052,28,160.29,4488.12,1619.52,Regular,Wholesale
2025-12-06,SKU-10001,32,8.81,281.92,94.4,Regular,Online
2025-12-06,SKU-10028,23,32.03,736.69,278.53,Regular,Wholesale
2025-12-06,SKU-10022,28,65.5,1834.0,770.0,Regular,Wholesale
2025-12-06,SKU-10030,22,26.98,593.56,275.44,Regular,Wholesale
2025-12-06,SKU-10045,20,146.56,2931.2,1831.4,Regular,Wholesale
2025-12-06,SKU-10014,6,150.45,902.7,511.56,Regular,Online
2025-12-06,SKU-10050,31,151.44,4694.64,2633.45,Regular,Online
2025-12-06,SKU-10058,18,130.5,2349.0,1350.36,Promo,Retail
2025-12-06,SKU-10037,20,194.46,3889.2,1836.0,Regular,Online
2025-12-06,SKU-10024,7,62.72,439.04,179.9,Promo,Retail
2025-12-06,SKU-10002,9,145.3,1307.7,708.57,Regular,Online
2025-12-06,SKU-10034,30,135.31,4059.3,2340.3,Regular,Retail
2025-12-06,SKU-10007,19,215.96,4103.24,1721.02,Regular,Retail
2025-12-06,SKU-10033,23,145.04,3335.92,1681.76,Regular,Online
2025-12-06,SKU-10040,26,173.86,4520.36,2513.42,Regular,Wholesale
2025-12-06,SKU-10032,24,76.76,1842.24,815.52,Regular,Online
2025-12-06,SKU-10041,23,177.84,4090.32,2077.13,Regular,Retail
2025-12-06,SKU-10006,31,41.18,1276.58,642.32,Promo,Online
2025-12-06,SKU-10016,22,141.11,3104.42,1947.44,Promo,Online
2025-12-06,SKU-10057,28,224.92,6297.76,3620.96,Regular,Wholesale
2025-12-06,SKU-10003,27,131.17,3541.59,1540.62,Regular,Retail
2025-12-06,SKU-10027,12,182.92,2195.04,756.36,Regular,Online
2025-12-06,SKU-10049,26,217.02,5642.52,2459.86,Regular,Retail
2025-12-06,SKU-10035,15,192.71,2890.65,1382.4,Regular,Retail
2025-12-06,SKU-10011,31,219.71,6811.01,2816.35,Regular,Retail
2025-12-06,SKU-10047,20,123.22,2464.4,1165.8,Promo,Wholesale
2025-12-06,SKU-10012,14,80.21,1122.94,392.28,Regular,Wholesale
2025-12-06,SKU-10018,11,131.88,1450.68,609.84,Regular,Online
2025-12-07,SKU-10013,8,131.6,1052.8,489.84,Regular,Online
2025-12-07,SKU-10047,15,112.75,1691.25,874.35,Promo,Wholesale
2025-12-07,SKU-10033,13,133.17,1731.21,950.56,Regular,Online
2025-12-07,SKU-10011,21,183.12,3845.52,1907.85,Promo,Online
2025-12-07,SKU-10048,28,130.08,3642.24,1496.04,Promo,Online
2025-12-07,SKU-10019,9,133.94,1205.46,665.55,Promo,Online
2025-12-07,SKU-10051,21,41.39,869.19,299.46,Regular,Retail
2025-12-07,SKU-10032,10,79.12,791.2,339.8,Regular,Retail
2025-12-07,SKU-10039,13,199.09,2588.17,1518.53,Regular,Online
2025-12-07,SKU-10030,23,25.37,583.51,287.96,Regular,Wholesale
2025-12-07,SKU-10007,11,169.67,1866.37,996.38,Promo,Retail
2025-12-07,SKU-10054,27,136.09,3674.43,1492.29,Promo,Retail
2025-12-07,SKU-10024,26,73.8,1918.8,668.2,Regular,Online
2025-12-07,SKU-10043,20,47.79,955.8,486.4,Regular,Wholesale
2025-12-07,SKU-10057,22,226.3,4978.6,2845.04,Regular,Online
2025-12-07,SKU-10053,21,72.62,1525.02,792.33,Regular,Retail
2025-12-07,SKU-10044,7,186.34,1304.38,757.12,Regular,Wholesale
2025-12-07,SKU-10012,19,69.6,1322.4,532.38,Promo,Retail
2025-12-07,SKU-10005,25,15.39,384.75,162.75,Regular,Retail
2025-12-07,SKU-10001,18,8.68,156.24,53.1,Regular,Retail
2025-12-07,SKU-10031,14,127.64,1786.96,874.02,Regular,Wholesale
2025-12-07,SKU-10022,22,64.22,1412.84,605.0,Regular,Online
2025-12-07,SKU-10060,20,189.94,3798.8,1319.8,Regular,Retail
2025-12-07,SKU-10029,22,188.73,4152.06,2473.24,Regular,Wholesale
2025-12-07,SKU-10009,19,147.26,2797.94,1044.62,Regular,Online
2025-12-07,SKU-10058,8,132.51,1060.08,600.16,Promo,Retail
2025-12-07,SKU-10017,6,185.42,1112.52,513.36,Promo,Wholesale
2025-12-07,SKU-10052,17,164.22,2791.74,983.28,Regular,Wholesale
2025-12-07,SKU-10041,12,173.27,2079.24,1083.72,Regular,Online
2025-12-07,SKU-10003,28,133.01,3724.28,1597.68,Regular,Retail
2025-12-07,SKU-10050,21,148.68,3122.28,1783.95,Regular,Wholesale
2025-12-07,SKU-10016,18,183.22,3297.96,1593.36,Regular,Wholesale
2025-12-07,SKU-10042,10,212.31,2123.1,933.6,Regular,Online
2025-12-07,SKU-10038,14,62.88,880.32,527.94,Regular,Retail
2025-12-07,SKU-10008,20,49.05,981.0,463.4,Regular,Online
2025-12-07,SKU-10018,18,134.61,2422.98,997.92,Regular,Online
2025-12-07,SKU-10025,26,51.64,1342.64,475.54,Regular,Online
2025-12-07,SKU-10049,17,222.34,3779.78,1608.37,Regular,Online
2025-12-07,SKU-10034,10,134.91,1349.1,780.1,Regular,Retail
2025-12-07,SKU-10028,11,26.09,286.99,133.21,Promo,Retail
2025-12-07,SKU-10055,20,154.21,3084.2,1489.8,Regular,Online
2025-12-07,SKU-10010,14,72.05,1008.7,431.9,Regular,Retail
2025-12-07,SKU-10014,15,147.78,2216.7,1278.9,Regular,Retail
2025-12-07,SKU-10035,22,180.46,3970.12,2027.52,Regular,Wholesale
2025-12-08,SKU-10006,35,41.38,1448.3,725.2,Promo,Online
2025-12-08,SKU-10045,18,160.45,2888.1,1648.26,Regular,Retail
2025-12-08,SKU-10014,1,142.48,142.48,85.26,Regular,Retail
2025-12-08,SKU-10033,32,143.27,4584.64,2339.84,Regular,Online
2025-12-08,SKU-10034,13,141.6,1840.8,1014.13,Regular,Retail
2025-12-08,SKU-10003,30,111.91,3357.3,1711.8,Promo,Online
2025-12-08,SKU-10028,2,25.47,50.94,24.22,Promo,Wholesale
2025-12-08,SKU-10001,17,9.39,159.63,50.15,Regular,Online
2025-12-08,SKU-10018,24,130.66,3135.84,1330.56,Regular,Online
2025-12-08,SKU-10017,26,212.27,5519.02,2224.56,Regular,Retail
2025-12-08,SKU-10039,34,196.59,6684.06,3971.54,Regular,Wholesale
2025-12-08,SKU-10037,12,193.95,2327.4,1101.6,Regular,Wholesale
2025-12-08,SKU-10047,13,147.14,1912.82,757.77,Regular,Wholesale
2025-12-08,SKU-10054,28,148.27,4151.56,1547.56,Regular,Retail
2025-12-08,SKU-10049,21,232.88,4890.48,1986.81,Regular,Retail
2025-12-08,SKU-10058,23,131.68,3028.64,1725.46,Promo,Retail
2025-12-08,SKU-10022,31,65.08,2017.48,852.5,Regular,Online
2025-12-08,SKU-10043,32,46.16,1477.12,778.24,Regular,Wholesale
2025-12-08,SKU-10023,21,17.48,367.08,164.64,Regular,Retail
2025-12-08,SKU-10021,29,111.1,3221.9,1597.9,Promo,Wholesale
2025-12-08,SKU-10056,19,17.66,335.54,148.58,Regular,Online
2025-12-08,SKU-10053,30,70.79,2123.7,1131.9,Regular,Wholesale
2025-12-08,SKU-10007,10,212.94,2129.4,905.8,Regular,Retail
2025-12-08,SKU-10032,14,75.47,1056.58,475.72,Regular,Wholesale
2025-12-08,SKU-10027,31,150.22,4656.82,1953.93,Promo,Retail
2025-12-08,SKU-10051,31,44.15,1368.65,442.06,Regular,Online
2025-12-08,SKU-10024,20,78.02,1560.4,514.0,Regular,Retail
2025-12-08,SKU-10035,28,192.13,5379.64,2580.48,Regular,Wholesale
2025-12-08,SKU-10005,18,12.77,229.86,117.18,Promo,Online
2025-12-08,SKU-10044,17,168.44,2863.48,1838.72,Promo,Retail
2025-12-08,SKU-10019,18,167.28,3011.04,1331.1,Regular,Retail
2025-12-08,SKU-10041,20,170.66,3413.2,1806.2,Regular,Online
2025-12-08,SKU-10012,23,73.04,1679.92,644.46,Promo,Wholesale
2025-12-08,SKU-10009,20,140.53,2810.6,1099.6,Regular,Online
2025-12-08,SKU-10036,38,89.72,3409.36,2053.14,Regular,Retail
2025-12-08,SKU-10026,1,98.53,98.53,65.58,Promo,Online
2025-12-08,SKU-10013,6,128.01,768.06,367.38,Regular,Wholesale
2025-12-08,SKU-10055,23,154.97,3564.31,1713.27,Regular,Retail
2025-12-08,SKU-10050,36,158.36,5700.96,3058.2,Regular,Online
2025-12-08,SKU-10010,23,70.07,1611.61,709.55,Regular,Online
2025-12-08,SKU-10020,23,41.81,961.63,414.92,Regular,Online
2025-12-08,SKU-10015,25,172.18,4304.5,1494.5,Regular,Retail
2025-12-08,SKU-10042,21,214.03,4494.63,1960.56,Regular,Online
2025-12-09,SKU-10009,14,114.13,1597.82,769.72,Promo,Retail
2025-12-09,SKU-10030,21,26.27,551.67,262.92,Regular,Online
2025-12-09,SKU-10012,34,79.33,2697.22,952.68,Regular,Online
2025-12-09,SKU-10029,21,191.81,4028.01,2360.82,Regular,Online
2025-12-09,SKU-10005,15,15.98,239.7,97.65,Regular,Retail
2025-12-09,SKU-10011,34,217.2,7384.8,3088.9,Regular,Retail
2025-12-09,SKU-10026,30,108.75,3262.5,1967.4,Promo,Wholesale
2025-12-09,SKU-10034,9,132.22,1189.98,702.09,Regular,Retail
2025-12-09,SKU-10035,13,178.43,2319.59,1198.08,Regular,Online
2025-12-09,SKU-10032,29,75.75,2196.75,985.42,Regular,Wholesale
2025-12-09,SKU-10031,31,132.72,4114.32,1935.33,Regular,Wholesale
2025-12-09,SKU-10004,31,154.8,4798.8,2271.37,Regular,Retail
2025-12-09,SKU-10003,37,115.81,4284.97,2111.22,Promo,Retail
2025-12-09,SKU-10022,13,64.79,842.27,357.5,Regular,Online
2025-12-09,SKU-10038,16,60.06,960.96,603.36,Regular,Wholesale
2025-12-09,SKU-10008,26,48.09,1250.34,602.42,Regular,Online
2025-12-09,SKU-10051,15,43.59,653.85,213.9,Regular,Retail
2025-12-09,SKU-10046,20,99.22,1984.4,1093.6,Regular,Online
2025-12-09,SKU-10027,17,190.0,3230.0,1071.51,Regular,Wholesale
2025-12-09,SKU-10043,42,45.58,1914.36,1021.44,Regular,Wholesale
2025-12-09,SKU-10023,7,16.13,112.91,54.88,Regular,Online
2025-12-09,SKU-10007,28,204.0,5712.0,2536.24,Regular,Wholesale
2025-12-09,SKU-10013,19,120.74,2294.06,1163.37,Promo,Retail
2025-12-09,SKU-10042,23,213.59,4912.57,2147.28,Regular,Retail
2025-12-09,SKU-10014,21,143.84,3020.64,1790.46,Regular,Wholesale
2025-12-09,SKU-10006,11,49.93,549.23,227.92,Regular,Retail
2025-12-09,SKU-10057,4,212.5,850.0,517.28,Regular,Retail
2025-12-09,SKU-10056,3,17.63,52.89,23.46,Regular,Wholesale
2025-12-09,SKU-10059,14,34.25,479.5,217.84,Regular,Online
2025-12-09,SKU-10044,19,158.73,3015.87,2055.04,Promo,Online
2025-12-09,SKU-10058,9,131.87,1186.83,675.18,Promo,Online
2025-12-09,SKU-10048,22,159.31,3504.82,1175.46,Regular,Wholesale
2025-12-09,SKU-10040,13,169.52,2203.76,1256.71,Regular,Online
2025-12-09,SKU-10015,18,178.19,3207.42,1076.04,Regular,Wholesale
2025-12-09,SKU-10052,14,172.47,2414.58,809.76,Regular,Retail
2025-12-09,SKU-10017,10,217.77,2177.7,855.6,Regular,Online
2025-12-09,SKU-10049,23,236.9,5448.7,2176.03,Regular,Wholesale
2025-12-09,SKU-10054,13,118.4,1539.2,718.51,Promo,Wholesale
2025-12-09,SKU-10001,19,9.43,179.17,56.05,Regular,Wholesale
2025-12-09,SKU-10037,25,186.32,4658.0,2295.0,Regular,Online
2025-12-09,SKU-10060,24,172.7,4144.8,1583.76,Promo,Retail
2025-12-09,SKU-10041,15,168.62,2529.3,1354.65,Regular,Retail
2025-12-09,SKU-10016,14,141.27,1977.78,1239.28,Promo,Online
2025-12-09,SKU-10028,20,30.67,613.4,242.2,Regular,Online
2025-12-09,SKU-10010,34,73.74,2507.16,1048.9,Regular,Wholesale
2025-12-10,SKU-10024,20,77.2,1544.0,514.0,Regular,Wholesale
2025-12-10,SKU-10039,17,202.49,3442.33,1985.77,Regular,Wholesale
2025-12-10,SKU-10038,26,59.24,1540.24,980.46,Regular,Online
2025-12-10,SKU-10052,27,170.11,4592.97,1561.68,Regular,Retail
2025-12-10,SKU-10018,3,109.41,328.23,166.32,Promo,Retail
2025-12-10,SKU-10015,2,179.21,358.42,119.56,Regular,Online
2025-12-10,SKU-10057,20,231.19,4623.8,2586.4,Regular,Retail
2025-12-10,SKU-10027,19,185.06,3516.14,1197.57,Regular,Wholesale
2025-12-10,SKU-10031,19,131.36,2495.84,1186.17,Regular,Wholesale
2025-12-10,SKU-10023,18,16.06,289.08,141.12,Regular,Retail
2025-12-10,SKU-10041,25,182.41,4560.25,2257.75,Regular,Wholesale
2025-12-10,SKU-10051,24,41.43,994.32,342.24,Regular,Wholesale
2025-12-10,SKU-10044,19,164.0,3116.0,2055.04,Promo,Retail
2025-12-10,SKU-10009,18,120.55,2169.9,989.64,Promo,Wholesale
2025-12-10,SKU-10035,5,180.01,900.05,460.8,Regular,Wholesale
2025-12-10,SKU-10032,14,72.41,1013.74,475.72,Regular,Online
2025-12-10,SKU-10020,17,42.42,721.14,306.68,Regular,Online
2025-12-10,SKU-10013,23,138.22,3179.06,1408.29,Regular,Wholesale
2025-12-10,SKU-10054,23,142.31,3273.13,1271.21,Regular,Wholesale
2025-12-10,SKU-10056,19,15.72,298.68,148.58,Promo,Retail
2025-12-10,SKU-10034,16,110.18,1762.88,1248.16,Promo,Online
2025-12-10,SKU-10037,15,185.75,2786.25,1377.0,Regular,Wholesale
2025-12-10,SKU-10042,26,212.29,5519.54,2427.36,Regular,Retail
2025-12-10,SKU-10001,22,9.02,198.44,64.9,Regular,Online
2025-12-10,SKU-10049,28,219.71,6151.88,2649.08,Regular,Wholesale
2025-12-10,SKU-10002,21,139.55,2930.55,1653.33,Regular,Online
2025-12-10,SKU-10045,27,152.38,4114.26,2472.39,Regular,Online
2025-12-10,SKU-10026,30,115.64,3469.2,1967.4,Regular,Wholesale
2025-12-10,SKU-10005,14,13.29,186.06,91.14,Promo,Retail
2025-12-10,SKU-10012,29,82.22,2384.38,812.58,Regular,Retail
2025-12-10,SKU-10060,19,194.25,3690.75,1253.81,Regular,Wholesale
2025-12-10,SKU-10022,5,63.47,317.35,137.5,Regular,Retail
2025-12-10,SKU-10011,22,211.41,4651.02,1998.7,Regular,Retail
2025-12-10,SKU-10040,19,174.5,3315.5,1836.73,Regular,Online
2025-12-10,SKU-10019,38,160.81,6110.78,2810.1,Regular,Online
2025-12-10,SKU-10036,30,89.35,2680.5,1620.9,Regular,Wholesale
2025-12-10,SKU-10059,15,33.4,501.0,233.4,Regular,Retail
2025-12-10,SKU-10028,8,32.87,262.96,96.88,Regular,Wholesale
2025-12-10,SKU-10017,30,205.97,6179.1,2566.8,Regular,Wholesale
2025-12-10,SKU-10004,11,154.15,1695.65,805.97,Regular,Online
2025-12-10,SKU-10050,15,148.16,2222.4,1274.25,Regular,Retail
2025-12-10,SKU-10043,21,40.22,844.62,510.72,Promo,Online
2025-12-10,SKU-10048,40,132.36,5294.4,2137.2,Promo,Online
2025-12-10,SKU-10047,18,141.34,2544.12,1049.22,Regular,Online
2025-12-10,SKU-10007,28,208.78,5845.84,2536.24,Regular,Online
2025-12-11,SKU-10017,21,170.1,3572.1,1796.76,Promo,Retail
2025-12-11,SKU-10028,44,31.55,1388.2,532.84,Regular,Online
2025-12-11,SKU-10015,19,163.96,3115.24,1135.82,Regular,Retail
2025-12-11,SKU-10043,27,44.29,1195.83,656.64,Regular,Online
2025-12-11,SKU-10041,23,159.84,3676.32,2077.13,Promo,Online
2025-12-11,SKU-10053,29,72.97,2116.13,1094.17,Regular,Wholesale
2025-12-11,SKU-10003,32,122.91,3933.12,1825.92,Regular,Online
2025-12-11,SKU-10033,30,117.88,3536.4,2193.6,Promo,Online
2025-12-11,SKU-10044,8,188.57,1508.56,865.28,Regular,Online
2025-12-11,SKU-10032,20,77.49,1549.8,679.6,Regular,Online
2025-12-11,SKU-10019,11,139.54,1534.94,813.45,Promo,Retail
2025-12-11,SKU-10060,19,199.99,3799.81,1253.81,Regular,Online
2025-12-11,SKU-10042,19,218.1,4143.9,1773.84,Regular,Wholesale
2025-12-11,SKU-10008,27,42.09,1136.43,625.59,Promo,Retail
2025-12-11,SKU-10027,33,180.82,5967.06,2079.99,Regular,Retail
2025-12-11,SKU-10049,10,222.88,2228.8,946.1,Regular,Wholesale
2025-12-11,SKU-10010,30,74.48,2234.4,925.5,Regular,Online
2025-12-11,SKU-10047,35,140.39,4913.65,2040.15,Regular,Wholesale
2025-12-11,SKU-10036,17,90.92,1545.64,918.51,Regular,Online
2025-12-11,SKU-10052,24,138.63,3327.12,1388.16,Promo,Wholesale
2025-12-11,SKU-10037,15,191.91,2878.65,1377.0,Regular,Retail
2025-12-11,SKU-10025,29,50.63,1468.27,530.41,Regular,Wholesale
2025-12-11,SKU-10013,27,129.95,3508.65,1653.21,Regular,Wholesale
2025-12-11,SKU-10012,2,78.72,157.44,56.04,Regular,Retail
2025-12-11,SKU-10059,23,36.01,828.23,357.88,Regular,Wholesale
2025-12-11,SKU-10029,24,154.9,3717.6,2698.08,Promo,Wholesale
2025-12-11,SKU-10038,24,59.4,1425.6,905.04,Regular,Wholesale
2025-12-11,SKU-10051,21,35.83,752.43,299.46,Promo,Retail
2025-12-11,SKU-10007,14,204.18,2858.52,1268.12,Regular,Retail
2025-12-11,SKU-10021,16,124.72,1995.52,881.6,Promo,Retail
2025-12-11,SKU-10055,23,150.38,3458.74,1713.27,Regular,Retail
2025-12-11,SKU-10039,25,205.03,5125.75,2920.25,Regular,Online
2025-12-11,SKU-10048,22,150.4,3308.8,1175.46,Regular,Wholesale
2025-12-11,SKU-10034,5,133.18,665.9,390.05,Regular,Online
2025-12-11,SKU-10024,20,63.53,1270.6,514.0,Promo,Retail
2025-12-11,SKU-10011,18,227.24,4090.32,1635.3,Regular,Wholesale
2025-12-11,SKU-10009,22,149.67,3292.74,1209.56,Regular,Wholesale
2025-12-11,SKU-10001,6,9.23,55.38,17.7,Regular,Online
2025-12-11,SKU-10016,25,156.55,3913.75,2213.0,Promo,Online
2025-12-11,SKU-10026,8,119.13,953.04,524.64,Regular,Retail
2025-12-11,SKU-10018,15,142.46,2136.9,831.6,Regular,Retail
2025-12-11,SKU-10002,11,143.84,1582.24,866.03,Regular,Retail
2025-12-11,SKU-10056,17,17.5,297.5,132.94,Regular,Online
2025-12-12,SKU-10040,15,163.05,2445.75,1450.05,Regular,Wholesale
2025-12-12,SKU-10025,31,49.08,1521.48,566.99,Regular,Wholesale
2025-12-12,SKU-10026,17,114.69,1949.73,1114.86,Regular,Online
2025-12-12,SKU-10011,18,180.91,3256.38,1635.3,Promo,Online
2025-12-12,SKU-10045,14,146.85,2055.9,1281.98,Regular,Retail
2025-12-12,SKU-10049,20,235.59,4711.8,1892.2,Regular,Online
2025-12-12,SKU-10059,25,36.32,908.0,389.0,Regular,Retail
2025-12-12,SKU-10056,22,15.51,341.22,172.04,Promo,Retail
2025-12-12,SKU-10023,20,14.89,297.8,156.8,Promo,Retail
2025-12-12,SKU-10009,18,128.02,2304.36,989.64,Promo,Retail
2025-12-12,SKU-10020,25,43.31,1082.75,451.0,Regular,Retail
2025-12-12,SKU-10006,12,44.97,539.64,248.64,Promo,Online
2025-12-12,SKU-10030,13,27.97,363.61,162.76,Regular,Online
2025-12-12,SKU-10058,13,137.3,1784.9,975.26,Promo,Online
2025-12-12,SKU-10002,21,134.82,2831.22,1653.33,Regular,Online
2025-12-12,SKU-10043,19,45.04,855.76,462.08,Regular,Wholesale
2025-12-12,SKU-10022,22,65.92,1450.24,605.0,Regular,Online
2025-12-12,SKU-10021,22,139.52,3069.44,1212.2,Regular,Wholesale
2025-12-12,SKU-10047,23,122.02,2806.46,1340.67,Promo,Wholesale
2025-12-12,SKU-10048,17,134.44,2285.48,908.31,Promo,Wholesale
2025-12-12,SKU-10051,25,36.72,918.0,356.5,Promo,Wholesale
2025-12-12,SKU-10017,16,204.41,3270.56,1368.96,Regular,Retail
2025-12-12,SKU-10013,36,131.41,4730.76,2204.28,Regular,Online
2025-12-12,SKU-10007,30,208.34,6250.2,2717.4,Regular,Online
2025-12-12,SKU-10053,19,73.28,1392.32,716.87,Regular,Online
2025-12-12,SKU-10008,11,48.87,537.57,254.87,Regular,Retail
2025-12-12,SKU-10060,27,186.24,5028.48,1781.73,Regular,Wholesale
2025-12-12,SKU-10037,11,158.42,1742.62,1009.8,Promo,Online
2025-12-12,SKU-10016,24,169.59,4070.16,2124.48,Regular,Wholesale
2025-12-12,SKU-10028,20,28.73,574.6,242.2,Promo,Retail
2025-12-12,SKU-10032,23,73.89,1699.47,781.54,Regular,Wholesale
2025-12-12,SKU-10003,17,114.87,1952.79,970.02,Promo,Online
2025-12-12,SKU-10055,20,148.84,2976.8,1489.8,Regular,Online
2025-12-12,SKU-10012,29,78.68,2281.72,812.58,Regular,Wholesale
2025-12-12,SKU-10027,27,190.06,5131.62,1701.81,Regular,Online
2025-12-12,SKU-10014,13,121.65,1581.45,1108.38,Promo,Online
2025-12-12,SKU-10044,29,176.63,5122.27,3136.64,Regular,Retail
2025-12-12,SKU-10035,18,154.54,2781.72,1658.88,Promo,Wholesale
2025-12-12,SKU-10019,26,169.3,4401.8,1922.7,Regular,Wholesale
2025-12-12,SKU-10041,14,145.97,2043.58,1264.34,Promo,Wholesale
2025-12-12,SKU-10054,9,144.34,1299.06,497.43,Regular,Retail
2025-12-12,SKU-10001,26,8.78,228.28,76.7,Regular,Wholesale
2025-12-12,SKU-10015,20,167.1,3342.0,1195.6,Regular,Wholesale
2025-12-12,SKU-10029,24,198.36,4760.64,2698.08,Regular,Wholesale
2025-12-12,SKU-10031,17,101.33,1722.61,1061.31,Promo,Online
2025-12-13,SKU-10033,38,133.59,5076.42,2778.56,Regular,Retail
2025-12-13,SKU-10057,26,221.14,5749.64,3362.32,Regular,Online
2025-12-13,SKU-10053,22,66.37,1460.14,830.06,Promo,Retail
2025-12-13,SKU-10003,22,134.2,2952.4,1255.32,Regular,Retail
2025-12-13,SKU-10016,18,140.81,2534.58,1593.36,Promo,Wholesale
2025-12-13,SKU-10014,25,142.46,3561.5,2131.5,Regular,Online
2025-12-13,SKU-10006,23,53.5,1230.5,476.56,Regular,Wholesale
2025-12-13,SKU-10007,20,203.5,4070.0,1811.6,Regular,Retail
2025-12-13,SKU-10042,20,191.45,3829.0,1867.2,Promo,Online
2025-12-13,SKU-10043,11,40.25,442.75,267.52,Promo,Online
2025-12-13,SKU-10059,14,35.05,490.7,217.84,Regular,Retail
2025-12-13,SKU-10001,24,8.88,213.12,70.8,Regular,Wholesale
2025-12-13,SKU-10049,23,227.04,5221.92,2176.03,Regular,Wholesale
2025-12-13,SKU-10051,27,41.82,1129.14,385.02,Regular,Online
2025-12-13,SKU-10044,15,188.23,2823.45,1622.4,Regular,Wholesale
2025-12-13,SKU-10039,45,191.15,8601.75,5256.45,Regular,Retail
2025-12-13,SKU-10047,26,121.57,3160.82,1515.54,Promo,Retail
2025-12-13,SKU-10046,30,102.46,3073.8,1640.4,Regular,Online
2025-12-13,SKU-10005,7,14.83,103.81,45.57,Regular,Wholesale
2025-12-13,SKU-10015,22,176.84,3890.48,1315.16,Regular,Online
2025-12-13,SKU-10034,16,140.17,2242.72,1248.16,Regular,Retail
2025-12-13,SKU-10010,5,74.88,374.4,154.25,Regular,Retail
2025-12-13,SKU-10004,27,132.64,3581.28,1978.29,Promo,Online
2025-12-13,SKU-10009,29,149.82,4344.78,1594.42,Regular,Retail
2025-12-13,SKU-10027,24,185.22,4445.28,1512.72,Regular,Retail
2025-12-13,SKU-10056,19,19.02,361.38,148.58,Regular,Wholesale
2025-12-13,SKU-10020,15,41.05,615.75,270.6,Regular,Online
2025-12-13,SKU-10035,23,193.87,4459.01,2119.68,Regular,Online
2025-12-13,SKU-10031,23,114.56,2634.88,1435.89,Promo,Online
2025-12-13,SKU-10019,7,169.99,1189.93,517.65,Regular,Retail
2025-12-13,SKU-10002,24,139.97,3359.28,1889.52,Regular,Online
2025-12-13,SKU-10030,28,26.4,739.2,350.56,Regular,Retail
2025-12-13,SKU-10026,15,121.59,1823.85,983.7,Regular,Retail
2025-12-13,SKU-10038,24,60.3,1447.2,905.04,Regular,Online
2025-12-13,SKU-10017,14,213.9,2994.6,1197.84,Regular,Wholesale
2025-12-13,SKU-10060,26,183.98,4783.48,1715.74,Regular,Online
2025-12-13,SKU-10037,24,194.65,4671.6,2203.2,Regular,Online
2025-12-13,SKU-10054,11,142.32,1565.52,607.97,Regular,Retail
2025-12-13,SKU-10022,17,66.06,1123.02,467.5,Regular,Retail
2025-12-13,SKU-10018,20,138.47,2769.4,1108.8,Regular,Wholesale
2025-12-13,SKU-10008,34,50.3,1710.2,787.78,Regular,Online
2025-12-13,SKU-10028,29,24.84,720.36,351.19,Promo,Retail
2025-12-13,SKU-10013,25,131.0,3275.0,1530.75,Regular,Retail
2025-12-13,SKU-10012,14,82.32,1152.48,392.28,Regular,Wholesale
2025-12-13,SKU-10036,14,76.29,1068.06,756.42,Promo,Retail
2025-12-14,SKU-10035,27,167.08,4511.16,2488.32,Promo,Retail
2025-12-14,SKU-10060,9,198.78,1789.02,593.91,Regular,Retail
2025-12-14,SKU-10054,29,133.68,3876.72,1602.83,Promo,Online
2025-12-14,SKU-10044,15,162.53,2437.95,1622.4,Promo,Online
2025-12-14,SKU-10053,28,75.57,2115.96,1056.44,Regular,Online
2025-12-14,SKU-10011,13,220.13,2861.69,1181.05,Regular,Wholesale
2025-12-14,SKU-10056,13,17.4,226.2,101.66,Regular,Retail
2025-12-14,SKU-10020,16,33.51,536.16,288.64,Promo,Retail
2025-12-14,SKU-10013,22,137.41,3023.02,1347.06,Regular,Retail
2025-12-14,SKU-10032,21,73.05,1534.05,713.58,Regular,Wholesale
2025-12-14,SKU-10016,20,151.89,3037.8,1770.4,Promo,Online
2025-12-14,SKU-10055,17,157.96,2685.32,1266.33,Regular,Wholesale
2025-12-14,SKU-10023,25,14.54,363.5,196.0,Promo,Retail
2025-12-14,SKU-10040,25,175.25,4381.25,2416.75,Regular,Online
2025-12-14,SKU-10025,24,51.63,1239.12,438.96,Regular,Retail
2025-12-14,SKU-10010,22,69.9,1537.8,678.7,Regular,Online
2025-12-14,SKU-10036,14,88.8,1243.2,756.42,Regular,Online
2025-12-14,SKU-10026,25,124.12,3103.0,1639.5,Regular,Wholesale
2025-12-14,SKU-10019,31,164.82,5109.42,2292.45,Regular,Retail
2025-12-14,SKU-10050,21,161.16,3384.36,1783.95,Regular,Online
2025-12-14,SKU-10001,22,8.97,197.34,64.9,Regular,Wholesale
2025-12-14,SKU-10027,20,193.57,3871.4,1260.6,Regular,Retail
2025-12-14,SKU-10052,12,161.81,1941.72,694.08,Regular,Online
2025-12-14,SKU-10031,31,114.79,3558.49,1935.33,Promo,Online
2025-12-14,SKU-10028,21,31.03,651.63,254.31,Regular,Wholesale
2025-12-14,SKU-10030,22,25.73,566.06,275.44,Regular,Online
2025-12-14,SKU-10022,8,60.83,486.64,220.0,Regular,Wholesale
2025-12-14,SKU-10043,28,35.92,1005.76,680.96,Promo,Online
2025-12-14,SKU-10021,27,142.22,3839.94,1487.7,Regular,Retail
2025-12-14,SKU-10005,11,15.99,175.89,71.61,Regular,Wholesale
2025-12-14,SKU-10007,33,203.91,6729.03,2989.14,Regular,Retail
2025-12-14,SKU-10037,17,198.1,3367.7,1560.6,Regular,Online
2025-12-14,SKU-10017,36,216.51,7794.36,3080.16,Regular,Retail
2025-12-14,SKU-10048,19,159.44,3029.36,1015.17,Regular,Retail
2025-12-14,SKU-10046,20,104.27,2085.4,1093.6,Regular,Retail
2025-12-14,SKU-10057,14,230.33,3224.62,1810.48,Regular,Online
2025-12-14,SKU-10018,26,141.84,3687.84,1441.44,Regular,Retail
2025-12-14,SKU-10004,13,133.31,1733.03,952.51,Promo,Retail
2025-12-14,SKU-10029,40,189.79,7591.6,4496.8,Regular,Wholesale
2025-12-14,SKU-10006,34,45.23,1537.82,704.48,Promo,Wholesale
2025-12-14,SKU-10015,12,165.86,1990.32,717.36,Regular,Wholesale
2025-12-14,SKU-10008,13,48.16,626.08,301.21,Regular,Online
2025-12-14,SKU-10034,22,137.1,3016.2,1716.22,Regular,Wholesale
2025-12-14,SKU-10049,22,221.54,4873.88,2081.42,Regular,Online
2025-12-15,SKU-10028,5,32.45,162.25,60.55,Regular,Retail
2025-12-15,SKU-10003,28,128.43,3596.04,1597.68,Regular,Online
2025-12-15,SKU-10004,18,148.67,2676.06,1318.86,Regular,Online
2025-12-15,SKU-10030,11,26.69,293.59,137.72,Regular,Retail
2025-12-15,SKU-10007,23,210.93,4851.39,2083.34,Regular,Retail
2025-12-15,SKU-10023,31,17.44,540.64,243.04,Regular,Retail
2025-12-15,SKU-10021,31,141.69,4392.39,1708.1,Regular,Online
2025-12-15,SKU-10015,19,164.38,3123.22,1135.82,Regular,Wholesale
2025-12-15,SKU-10019,17,141.75,2409.75,1257.15,Promo,Wholesale
2025-12-15,SKU-10044,14,157.77,2208.78,1514.24,Promo,Retail
2025-12-15,SKU-10047,11,145.89,1604.79,641.19,Regular,Wholesale
2025-12-15,SKU-10029,13,182.64,2374.32,1461.46,Regular,Retail
2025-12-15,SKU-10041,21,182.34,3829.14,1896.51,Regular,Retail
2025-12-15,SKU-10039,23,194.68,4477.64,2686.63,Regular,Retail
2025-12-15,SKU-10013,23,126.87,2918.01,1408.29,Regular,Retail
2025-12-15,SKU-10050,29,155.2,4500.8,2463.55,Regular,Online
2025-12-15,SKU-10049,16,230.78,3692.48,1513.76,Regular,Online
2025-12-15,SKU-10035,30,181.37,5441.1,2764.8,Regular,Retail
2025-12-15,SKU-10002,13,135.06,1755.78,1023.49,Regular,Retail
2025-12-15,SKU-10005,23,13.19,303.37,149.73,Promo,Retail
2025-12-15,SKU-10051,22,43.91,966.02,313.72,Regular,Online
2025-12-15,SKU-10046,28,95.47,2673.16,1531.04,Regular,Wholesale
2025-12-15,SKU-10032,22,75.0,1650.0,747.56,Regular,Retail
2025-12-15,SKU-10053,19,76.03,1444.57,716.87,Regular,Wholesale
2025-12-15,SKU-10022,29,61.84,1793.36,797.5,Regular,Wholesale
2025-12-15,SKU-10027,17,184.19,3131.23,1071.51,Regular,Online
2025-12-15,SKU-10016,21,142.48,2992.08,1858.92,Promo,Online
2025-12-15,SKU-10010,17,69.15,1175.55,524.45,Regular,Retail
2025-12-15,SKU-10017,22,202.43,4453.46,1882.32,Regular,Wholesale
2025-12-15,SKU-10018,16,132.45,2119.2,887.04,Regular,Retail
2025-12-15,SKU-10042,9,206.54,1858.86,840.24,Regular,Online
2025-12-15,SKU-10008,15,50.86,762.9,347.55,Regular,Online
2025-12-15,SKU-10001,21,8.97,188.37,61.95,Regular,Online
2025-12-15,SKU-10048,35,155.49,5442.15,1870.05,Regular,Retail
2025-12-15,SKU-10057,18,224.08,4033.44,2327.76,Regular,Retail
2025-12-15,SKU-10052,22,131.94,2902.68,1272.48,Promo,Retail
2025-12-15,SKU-10045,10,157.32,1573.2,915.7,Regular,Wholesale
2025-12-15,SKU-10056,23,17.45,401.35,179.86,Regular,Wholesale
2025-12-15,SKU-10037,26,187.67,4879.42,2386.8,Regular,Retail
2025-12-15,SKU-10009,35,149.45,5230.75,1924.3,Regular,Wholesale
2025-12-15,SKU-10038,11,58.94,648.34,414.81,Regular,Retail
2025-12-15,SKU-10026,8,113.13,905.04,524.64,Regular,Wholesale
2025-12-15,SKU-10059,25,29.97,749.25,389.0,Promo,Retail
2025-12-15,SKU-10006,28,41.36,1158.08,580.16,Promo,Retail
2025-12-15,SKU-10012,16,64.32,1029.12,448.32,Promo,Online
2025-12-16,SKU-10045,10,130.7,1307.0,915.7,Promo,Retail
2025-12-16,SKU-10018,24,142.15,3411.6,1330.56,Regular,Retail
2025-12-16,SKU-10052,16,171.53,2744.48,925.44,Regular,Wholesale
2025-12-16,SKU-10001,22,7.97,175.34,64.9,Promo,Wholesale
2025-12-16,SKU-10023,16,14.14,226.24,125.44,Promo,Retail
2025-12-16,SKU-10056,23,14.59,335.57,179.86,Promo,Wholesale
2025-12-16,SKU-10031,28,116.2,3253.6,1748.04,Promo,Online
2025-12-16,SKU-10011,22,217.49,4784.78,1998.7,Regular,Wholesale
2025-12-16,SKU-10006,18,48.97,881.46,372.96,Regular,Retail
2025-12-16,SKU-10040,20,174.14,3482.8,1933.4,Regular,Wholesale
2025-12-16,SKU-10053,20,74.38,1487.6,754.6,Regular,Wholesale
2025-12-16,SKU-10030,32,27.28,872.96,400.64,Regular,Retail
2025-12-16,SKU-10014,18,145.79,2624.22,1534.68,Regular,Online
2025-12-16,SKU-10043,14,46.04,644.56,340.48,Regular,Retail
2025-12-16,SKU-10059,23,32.96,758.08,357.88,Regular,Wholesale
2025-12-16,SKU-10032,27,79.21,2138.67,917.46,Regular,Wholesale
2025-12-16,SKU-10044,6,168.69,1012.14,648.96,Promo,Wholesale
2025-12-16,SKU-10058,10,165.85,1658.5,750.2,Regular,Wholesale
2025-12-16,SKU-10007,3,176.11,528.33,271.74,Promo,Retail
2025-12-16,SKU-10036,12,83.68,1004.16,648.36,Promo,Online
2025-12-16,SKU-10060,16,200.02,3200.32,1055.84,Regular,Retail
2025-12-16,SKU-10033,16,140.0,2240.0,1169.92,Regular,Online
2025-12-16,SKU-10010,43,75.33,3239.19,1326.55,Regular,Retail
2025-12-16,SKU-10009,35,145.07,5077.45,1924.3,Regular,Retail
2025-12-16,SKU-10020,22,37.83,832.26,396.88,Promo,Wholesale
2025-12-16,SKU-10022,17,54.04,918.68,467.5,Promo,Online
2025-12-16,SKU-10008,28,47.93,1342.04,648.76,Regular,Retail
2025-12-16,SKU-10025,28,52.73,1476.44,512.12,Regular,Retail
2025-12-16,SKU-10019,31,141.44,4384.64,2292.45,Promo,Wholesale
2025-12-16,SKU-10041,18,176.89,3184.02,1625.58,Regular,Wholesale
2025-12-16,SKU-10029,7,157.96,1105.72,786.94,Promo,Wholesale
2025-12-16,SKU-10049,16,225.86,3613.76,1513.76,Regular,Online
2025-12-16,SKU-10016,38,177.59,6748.42,3363.76,Regular,Wholesale
2025-12-16,SKU-10046,19,104.74,1990.06,1038.92,Regular,Online
2025-12-16,SKU-10034,26,135.17,3514.42,2028.26,Regular,Retail
2025-12-16,SKU-10042,18,206.97,3725.46,1680.48,Regular,Online
2025-12-16,SKU-10012,31,71.54,2217.74,868.62,Promo,Wholesale
2025-12-16,SKU-10050,34,155.79,5296.86,2888.3,Regular,Retail
2025-12-16,SKU-10004,31,158.42,4911.02,2271.37,Regular,Retail
2025-12-16,SKU-10028,25,32.23,805.75,302.75,Regular,Wholesale
2025-12-16,SKU-10026,33,121.74,4017.42,2164.14,Regular,Online
2025-12-16,SKU-10037,22,149.49,3288.78,2019.6,Promo,Online
2025-12-16,SKU-10024,17,75.36,1281.12,436.9,Regular,Wholesale
2025-12-16,SKU-10047,21,126.09,2647.89,1224.09,Promo,Retail
2025-12-16,SKU-10039,35,199.22,6972.7,4088.35,Regular,Retail
2025-12-17,SKU-10029,17,182.11,3095.87,1911.14,Regular,Wholesale
2025-12-17,SKU-10011,18,213.61,3844.98,1635.3,Regular,Wholesale
2025-12-17,SKU-10018,22,131.37,2890.14,1219.68,Regular,Wholesale
2025-12-17,SKU-10045,35,157.22,5502.7,3204.95,Regular,Retail
2025-12-17,SKU-10013,27,126.17,3406.59,1653.21,Regular,Wholesale
2025-12-17,SKU-10023,12,16.68,200.16,94.08,Regular,Retail
2025-12-17,SKU-10033,21,132.62,2785.02,1535.52,Regular,Wholesale
2025-12-17,SKU-10025,22,52.4,1152.8,402.38,Regular,Wholesale
2025-12-17,SKU-10009,21,138.84,2915.64,1154.58,Regular,Retail
2025-12-17,SKU-10041,22,180.59,3972.98,1986.82,Regular,Online
2025-12-17,SKU-10052,24,162.02,3888.48,1388.16,Regular,Wholesale
2025-12-17,SKU-10026,7,114.33,800.31,459.06,Regular,Retail
2025-12-17,SKU-10021,35,125.52,4393.2,1928.5,Promo,Wholesale
2025-12-17,SKU-10019,17,172.35,2929.95,1257.15,Regular,Retail
2025-12-17,SKU-10028,25,26.09,652.25,302.75,Promo,Retail
2025-12-17,SKU-10044,13,166.93,2170.09,1406.08,Promo,Wholesale
2025-12-17,SKU-10060,36,166.01,5976.36,2375.64,Promo,Retail
2025-12-17,SKU-10010,7,64.15,449.05,215.95,Promo,Retail
2025-12-17,SKU-10043,16,44.21,707.36,389.12,Regular,Wholesale
2025-12-17,SKU-10037,31,193.37,5994.47,2845.8,Regular,Wholesale
2025-12-17,SKU-10032,20,79.29,1585.8,679.6,Regular,Online
2025-12-17,SKU-10002,17,137.99,2345.83,1338.41,Regular,Wholesale
2025-12-17,SKU-10047,29,149.62,4338.98,1690.41,Regular,Online
2025-12-17,SKU-10038,20,63.44,1268.8,754.2,Regular,Online
2025-12-17,SKU-10022,33,50.8,1676.4,907.5,Promo,Online
2025-12-17,SKU-10057,4,221.99,887.96,517.28,Regular,Online
2025-12-17,SKU-10059,10,31.65,316.5,155.6,Promo,Online
2025-12-17,SKU-10034,13,138.93,1806.09,1014.13,Regular,Online
2025-12-17,SKU-10053,31,72.51,2247.81,1169.63,Regular,Online
2025-12-17,SKU-10056,25,19.09,477.25,195.5,Regular,Wholesale
2025-12-17,SKU-10015,12,134.45,1613.4,717.36,Promo,Wholesale
2025-12-17,SKU-10054,4,119.82,479.28,221.08,Promo,Wholesale
2025-12-17,SKU-10039,33,191.21,6309.93,3854.73,Regular,Online
2025-12-17,SKU-10049,39,217.37,8477.43,3689.79,Regular,Wholesale
2025-12-17,SKU-10008,35,46.37,1622.95,810.95,Regular,Online
2025-12-17,SKU-10007,34,206.48,7020.32,3079.72,Regular,Online
2025-12-17,SKU-10017,27,203.28,5488.56,2310.12,Regular,Retail
2025-12-17,SKU-10016,30,175.93,5277.9,2655.6,Regular,Online
2025-12-17,SKU-10036,14,72.16,1010.24,756.42,Promo,Online
2025-12-17,SKU-10004,10,126.42,1264.2,732.7,Promo,Online
2025-12-17,SKU-10035,14,167.03,2338.42,1290.24,Promo,Online
2025-12-17,SKU-10042,14,180.31,2524.34,1307.04,Promo,Retail
2025-12-17,SKU-10048,13,128.65,1672.45,694.59,Promo,Wholesale
2025-12-17,SKU-10058,23,160.52,3691.96,1725.46,Regular,Retail
2025-12-17,SKU-10001,27,9.38,253.26,79.65,Regular,Online
2025-12-18,SKU-10022,21,64.31,1350.51,577.5,Regular,Wholesale
2025-12-18,SKU-10019,17,140.73,2392.41,1257.15,Promo,Wholesale
2025-12-18,SKU-10026,36,99.7,3589.2,2360.88,Promo,Wholesale
2025-12-18,SKU-10007,17,188.05,3196.85,1539.86,Promo,Online
2025-12-18,SKU-10038,15,55.77,836.55,565.65,Promo,Retail
2025-12-18,SKU-10044,19,181.38,3446.22,2055.04,Regular,Online
2025-12-18,SKU-10025,36,41.72,1501.92,658.44,Promo,Wholesale
2025-12-18,SKU-10002,22,113.91,2506.02,1732.06,Promo,Wholesale
2025-12-18,SKU-10034,13,132.36,1720.68,1014.13,Regular,Online
2025-12-18,SKU-10011,33,223.05,7360.65,2998.05,Regular,Online
2025-12-18,SKU-10030,24,21.05,505.2,300.48,Promo,Retail
2025-12-18,SKU-10056,23,18.91,434.93,179.86,Regular,Online
2025-12-18,SKU-10016,23,156.26,3593.98,2035.96,Promo,Retail
2025-12-18,SKU-10023,34,16.12,548.08,266.56,Regular,Retail
2025-12-18,SKU-10059,23,35.54,817.42,357.88,Regular,Retail
2025-12-18,SKU-10031,32,121.8,3897.6,1997.76,Regular,Retail
2025-12-18,SKU-10039,17,202.83,3448.11,1985.77,Regular,Retail
2025-12-18,SKU-10017,20,208.24,4164.8,1711.2,Regular,Wholesale
2025-12-18,SKU-10020,18,41.99,755.82,324.72,Regular,Retail
2025-12-18,SKU-10005,18,15.91,286.38,117.18,Regular,Wholesale
2025-12-18,SKU-10060,19,198.47,3770.93,1253.81,Regular,Retail
2025-12-18,SKU-10048,27,153.04,4132.08,1442.61,Regular,Online
2025-12-18,SKU-10037,20,188.98,3779.6,1836.0,Regular,Wholesale
2025-12-18,SKU-10042,43,211.62,9099.66,4014.48,Regular,Retail
2025-12-18,SKU-10013,9,126.87,1141.83,551.07,Regular,Retail
2025-12-18,SKU-10035,15,157.48,2362.2,1382.4,Promo,Retail
2025-12-18,SKU-10009,25,150.29,3757.25,1374.5,Regular,Retail
2025-12-18,SKU-10043,18,39.32,707.76,437.76,Promo,Wholesale
2025-12-18,SKU-10003,13,131.62,1711.06,741.78,Regular,Retail
2025-12-18,SKU-10006,27,53.69,1449.63,559.44,Regular,Online
2025-12-18,SKU-10057,21,202.62,4255.02,2715.72,Promo,Wholesale
2025-12-18,SKU-10028,14,30.47,426.58,169.54,Regular,Wholesale
2025-12-18,SKU-10052,17,170.55,2899.35,983.28,Regular,Wholesale
2025-12-18,SKU-10018,30,133.68,4010.4,1663.2,Regular,Retail
2025-12-18,SKU-10024,15,75.86,1137.9,385.5,Regular,Online
2025-12-18,SKU-10050,26,124.55,3238.3,2208.7,Promo,Retail
2025-12-18,SKU-10047,12,146.37,1756.44,699.48,Regular,Retail
2025-12-18,SKU-10014,28,153.33,4293.24,2387.28,Regular,Online
2025-12-18,SKU-10033,9,145.9,1313.1,658.08,Regular,Retail
2025-12-18,SKU-10055,28,135.25,3787.0,2085.72,Promo,Retail
2025-12-18,SKU-10029,21,183.9,3861.9,2360.82,Regular,Wholesale
2025-12-18,SKU-10046,1,97.61,97.61,54.68,Regular,Wholesale
2025-12-18,SKU-10040,21,138.32,2904.72,2030.07,Promo,Retail
2025-12-18,SKU-10053,17,77.67,1320.39,641.41,Regular,Online
2025-12-18,SKU-10015,30,169.9,5097.0,1793.4,Regular,Wholesale
2025-12-19,SKU-10059,11,33.44,367.84,171.16,Regular,Wholesale
2025-12-19,SKU-10041,18,150.37,2706.66,1625.58,Promo,Online
2025-12-19,SKU-10024,31,79.05,2450.55,796.7,Regular,Retail
2025-12-19,SKU-10010,33,73.86,2437.38,1018.05,Regular,Retail
2025-12-19,SKU-10001,21,9.49,199.29,61.95,Regular,Retail
2025-12-19,SKU-10053,36,75.97,2734.92,1358.28,Regular,Wholesale
2025-12-19,SKU-10058,23,163.17,3752.91,1725.46,Regular,Retail
2025-12-19,SKU-10016,21,175.52,3685.92,1858.92,Regular,Online
2025-12-19,SKU-10018,23,132.9,3056.7,1275.12,Regular,Online
2025-12-19,SKU-10052,24,150.46,3611.04,1388.16,Promo,Retail
2025-12-19,SKU-10033,11,140.31,1543.41,804.32,Regular,Online
2025-12-19,SKU-10055,3,148.34,445.02,223.47,Regular,Wholesale
2025-12-19,SKU-10025,18,51.51,927.18,329.22,Regular,Wholesale
2025-12-19,SKU-10023,28,13.89,388.92,219.52,Promo,Online
2025-12-19,SKU-10045,18,153.49,2762.82,1648.26,Regular,Online
2025-12-19,SKU-10036,22,96.26,2117.72,1188.66,Regular,Online
2025-12-19,SKU-10044,19,191.49,3638.31,2055.04,Regular,Retail
2025-12-19,SKU-10056,21,18.57,389.97,164.22,Regular,Online
2025-12-19,SKU-10057,11,231.01,2541.11,1422.52,Regular,Online
2025-12-19,SKU-10043,34,47.38,1610.92,826.88,Regular,Online
2025-12-19,SKU-10049,20,224.72,4494.4,1892.2,Regular,Retail
2025-12-19,SKU-10026,33,98.45,3248.85,2164.14,Promo,Online
2025-12-19,SKU-10013,14,137.27,1921.78,857.22,Regular,Retail
2025-12-19,SKU-10048,12,154.37,1852.44,641.16,Regular,Retail
2025-12-19,SKU-10020,24,34.56,829.44,432.96,Promo,Retail
2025-12-19,SKU-10002,18,138.25,2488.5,1417.14,Regular,Online
2025-12-19,SKU-10039,1,163.7,163.7,116.81,Promo,Online
2025-12-19,SKU-10051,19,35.0,665.0,270.94,Promo,Online
2025-12-19,SKU-10014,14,147.03,2058.42,1193.64,Regular,Wholesale
2025-12-19,SKU-10060,25,193.49,4837.25,1649.75,Regular,Retail
2025-12-19,SKU-10028,13,30.25,393.25,157.43,Regular,Online
2025-12-19,SKU-10015,24,179.82,4315.68,1434.72,Regular,Online
2025-12-19,SKU-10008,31,50.52,1566.12,718.27,Regular,Online
2025-12-19,SKU-10054,34,140.82,4787.88,1879.18,Regular,Wholesale
2025-12-19,SKU-10050,24,157.98,3791.52,2038.8,Regular,Wholesale
2025-12-19,SKU-10027,2,150.49,300.98,126.06,Promo,Online
2025-12-19,SKU-10005,13,15.81,205.53,84.63,Regular,Online
2025-12-19,SKU-10009,28,146.57,4103.96,1539.44,Regular,Online
2025-12-19,SKU-10046,23,97.8,2249.4,1257.64,Regular,Online
2025-12-19,SKU-10032,19,60.43,1148.17,645.62,Promo,Retail
2025-12-19,SKU-10006,28,50.64,1417.92,580.16,Regular,Wholesale
2025-12-19,SKU-10029,26,189.85,4936.1,2922.92,Regular,Online
2025-12-19,SKU-10011,30,228.95,6868.5,2725.5,Regular,Wholesale
2025-12-20,SKU-10046,17,99.76,1695.92,929.56,Regular,Online
2025-12-20,SKU-10020,8,43.68,349.44,144.32,Regular,Wholesale
2025-12-20,SKU-10060,25,166.18,4154.5,1649.75,Promo,Retail
2025-12-20,SKU-10050,25,123.6,3090.0,2123.75,Promo,Retail
2025-12-20,SKU-10057,23,197.85,4550.55,2974.36,Promo,Online
2025-12-20,SKU-10024,13,79.36,1031.68,334.1,Regular,Retail
2025-12-20,SKU-10055,20,148.49,2969.8,1489.8,Regular,Retail
2025-12-20,SKU-10023,34,17.22,585.48,266.56,Regular,Retail
2025-12-20,SKU-10044,28,180.94,5066.32,3028.48,Regular,Retail
2025-12-20,SKU-10056,21,17.84,374.64,164.22,Regular,Online
2025-12-20,SKU-10033,37,141.93,5251.41,2705.44,Regular,Online
2025-12-20,SKU-10052,16,145.72,2331.52,925.44,Promo,Wholesale
2025-12-20,SKU-10001,43,9.13,392.59,126.85,Regular,Online
2025-12-20,SKU-10021,29,133.36,3867.44,1597.9,Regular,Online
2025-12-20,SKU-10029,10,157.37,1573.7,1124.2,Promo,Wholesale
2025-12-20,SKU-10008,15,49.24,738.6,347.55,Regular,Wholesale
2025-12-20,SKU-10041,25,140.5,3512.5,2257.75,Promo,Wholesale
2025-12-20,SKU-10016,21,182.28,3827.88,1858.92,Regular,Wholesale
2025-12-20,SKU-10037,33,200.93,6630.69,3029.4,Regular,Retail
2025-12-20,SKU-10030,12,25.71,308.52,150.24,Regular,Retail
2025-12-20,SKU-10035,14,192.5,2695.0,1290.24,Regular,Retail
2025-12-20,SKU-10004,34,153.92,5233.28,2491.18,Regular,Wholesale
2025-12-20,SKU-10051,4,44.07,176.28,57.04,Regular,Wholesale
2025-12-20,SKU-10007,10,205.78,2057.8,905.8,Regular,Retail
2025-12-20,SKU-10059,13,35.38,459.94,202.28,Regular,Online
2025-12-20,SKU-10026,32,116.61,3731.52,2098.56,Regular,Wholesale
2025-12-20,SKU-10043,20,39.53,790.6,486.4,Promo,Online
2025-12-20,SKU-10002,21,137.93,2896.53,1653.33,Regular,Retail
2025-12-20,SKU-10025,11,43.23,475.53,201.19,Promo,Retail
2025-12-20,SKU-10045,18,153.63,2765.34,1648.26,Regular,Online
2025-12-20,SKU-10012,14,64.0,896.0,392.28,Promo,Online
2025-12-20,SKU-10005,29,13.72,397.88,188.79,Promo,Retail
2025-12-20,SKU-10027,15,194.59,2918.85,945.45,Regular,Retail
2025-12-20,SKU-10042,22,207.68,4568.96,2053.92,Regular,Wholesale
2025-12-20,SKU-10058,19,170.27,3235.13,1425.38,Regular,Retail
2025-12-20,SKU-10019,26,163.74,4257.24,1922.7,Regular,Retail
2025-12-20,SKU-10048,23,125.88,2895.24,1228.89,Promo,Retail
2025-12-20,SKU-10031,25,123.26,3081.5,1560.75,Regular,Retail
2025-12-20,SKU-10054,17,153.35,2606.95,939.59,Regular,Wholesale
2025-12-20,SKU-10032,24,74.59,1790.16,815.52,Regular,Online
2025-12-20,SKU-10036,12,93.73,1124.76,648.36,Regular,Retail
2025-12-20,SKU-10040,16,169.91,2718.56,1546.72,Regular,Online
2025-12-20,SKU-10015,18,172.11,3097.98,1076.04,Regular,Wholesale
2025-12-21,SKU-10049,17,225.13,3827.21,1608.37,Regular,Wholesale
2025-12-21,SKU-10011,28,174.55,4887.4,2543.8,Promo,Online
2025-12-21,SKU-10034,20,131.25,2625.0,1560.2,Regular,Online
2025-12-21,SKU-10029,14,191.54,2681.56,1573.88,Regular,Online
2025-12-21,SKU-10026,28,96.53,2702.84,1836.24,Promo,Online
2025-12-21,SKU-10040,28,162.68,4555.04,2706.76,Regular,Online
2025-12-21,SKU-10001,15,9.27,139.05,44.25,Regular,Wholesale
2025-12-21,SKU-10038,14,62.33,872.62,527.94,Regular,Wholesale
2025-12-21,SKU-10012,5,79.8,399.0,140.1,Regular,Retail
2025-12-21,SKU-10002,31,133.4,4135.4,2440.63,Regular,Retail
2025-12-21,SKU-10059,20,33.55,671.0,311.2,Regular,Retail
2025-12-21,SKU-10056,20,17.52,350.4,156.4,Regular,Wholesale
2025-12-21,SKU-10015,23,151.53,3485.19,1374.94,Promo,Online
2025-12-21,SKU-10008,36,42.05,1513.8,834.12,Promo,Wholesale
2025-12-21,SKU-10028,24,30.28,726.72,290.64,Regular,Online
2025-12-21,SKU-10023,14,15.15,212.1,109.76,Promo,Online
2025-12-21,SKU-10018,23,138.23,3179.29,1275.12,Regular,Wholesale
2025-12-21,SKU-10013,1,133.13,133.13,61.23,Regular,Online
2025-12-21,SKU-10051,20,44.6,892.0,285.2,Regular,Wholesale
2025-12-21,SKU-10021,27,143.03,3861.81,1487.7,Regular,Wholesale
2025-12-21,SKU-10041,14,183.94,2575.16,1264.34,Regular,Retail
2025-12-21,SKU-10042,8,176.64,1413.12,746.88,Promo,Online
2025-12-21,SKU-10048,15,154.94,2324.1,801.45,Regular,Wholesale
2025-12-21,SKU-10055,36,135.67,4884.12,2681.64,Promo,Retail
2025-12-21,SKU-10020,16,41.45,663.2,288.64,Regular,Retail
2025-12-21,SKU-10043,11,45.23,497.53,267.52,Regular,Online
2025-12-21,SKU-10044,16,184.64,2954.24,1730.56,Regular,Online
2025-12-21,SKU-10053,21,71.76,1506.96,792.33,Regular,Wholesale
2025-12-21,SKU-10047,26,118.24,3074.24,1515.54,Promo,Retail
2025-12-21,SKU-10035,12,182.09,2185.08,1105.92,Regular,Wholesale
2025-12-21,SKU-10016,21,176.69,3710.49,1858.92,Regular,Wholesale
2025-12-21,SKU-10022,21,62.52,1312.92,577.5,Regular,Retail
2025-12-21,SKU-10037,18,189.61,3412.98,1652.4,Regular,Online
2025-12-21,SKU-10032,25,73.64,1841.0,849.5,Regular,Online
2025-12-21,SKU-10045,29,131.47,3812.63,2655.53,Promo,Wholesale
2025-12-21,SKU-10031,30,111.99,3359.7,1872.9,Promo,Retail
2025-12-21,SKU-10007,7,181.18,1268.26,634.06,Promo,Online
2025-12-21,SKU-10005,23,12.12,278.76,149.73,Promo,Wholesale
2025-12-21,SKU-10054,31,143.82,4458.42,1713.37,Regular,Retail
2025-12-21,SKU-10024,16,78.02,1248.32,411.2,Regular,Online
2025-12-21,SKU-10027,11,196.0,2156.0,693.33,Regular,Online
2025-12-21,SKU-10036,11,94.11,1035.21,594.33,Regular,Online
2025-12-21,SKU-10003,21,129.71,2723.91,1198.26,Regular,Wholesale
2025-12-21,SKU-10052,13,167.57,2178.41,751.92,Regular,Online
2025-12-21,SKU-10025,26,53.26,1384.76,475.54,Regular,Online
2025-12-22,SKU-10059,34,35.87,1219.58,529.04,Regular,Retail
2025-12-22,SKU-10009,22,148.93,3276.46,1209.56,Regular,Online
2025-12-22,SKU-10037,11,185.84,2044.24,1009.8,Regular,Online
2025-12-22,SKU-10030,12,27.86,334.32,150.24,Regular,Wholesale
2025-12-22,SKU-10039,9,194.03,1746.27,1051.29,Regular,Wholesale
2025-12-22,SKU-10042,29,224.88,6521.52,2707.44,Regular,Wholesale
2025-12-22,SKU-10058,23,170.63,3924.49,1725.46,Regular,Wholesale
2025-12-22,SKU-10010,23,59.62,1371.26,709.55,Promo,Online
2025-12-22,SKU-10005,3,15.69,47.07,19.53,Regular,Wholesale
2025-12-22,SKU-10008,15,48.17,722.55,347.55,Regular,Retail
2025-12-22,SKU-10038,25,53.15,1328.75,942.75,Promo,Wholesale
2025-12-22,SKU-10051,32,42.2,1350.4,456.32,Regular,Wholesale
2025-12-22,SKU-10013,28,105.23,2946.44,1714.44,Promo,Retail
2025-12-22,SKU-10018,22,143.33,3153.26,1219.68,Regular,Wholesale
2025-12-22,SKU-10049,37,222.74,8241.38,3500.57,Regular,Wholesale
2025-12-22,SKU-10020,19,42.45,806.55,342.76,Regular,Wholesale
2025-12-22,SKU-10050,12,149.12,1789.44,1019.4,Regular,Online
2025-12-22,SKU-10057,23,230.37,5298.51,2974.36,Regular,Retail
2025-12-22,SKU-10003,17,125.02,2125.34,970.02,Regular,Online
2025-12-22,SKU-10028,17,31.28,531.76,205.87,Regular,Online
2025-12-22,SKU-10053,36,76.08,2738.88,1358.28,Regular,Wholesale
2025-12-22,SKU-10032,18,79.03,1422.54,611.64,Regular,Wholesale
2025-12-22,SKU-10022,19,66.27,1259.13,522.5,Regular,Retail
2025-12-22,SKU-10046,19,104.52,1985.88,1038.92,Regular,Wholesale
2025-12-22,SKU-10025,30,50.11,1503.3,548.7,Regular,Wholesale
2025-12-22,SKU-10014,31,135.81,4210.11,2643.06,Promo,Online
2025-12-22,SKU-10023,33,17.15,565.95,258.72,Regular,Retail
2025-12-22,SKU-10034,12,132.53,1590.36,936.12,Regular,Online
2025-12-22,SKU-10054,26,148.42,3858.92,1437.02,Regular,Online
2025-12-22,SKU-10004,17,125.75,2137.75,1245.59,Promo,Retail
2025-12-22,SKU-10036,6,90.19,541.14,324.18,Regular,Retail
2025-12-22,SKU-10045,22,153.99,3387.78,2014.54,Regular,Wholesale
2025-12-22,SKU-10043,24,35.6,854.4,583.68,Promo,Online
2025-12-22,SKU-10016,20,143.44,2868.8,1770.4,Promo,Retail
2025-12-22,SKU-10041,37,179.95,6658.15,3341.47,Regular,Wholesale
2025-12-22,SKU-10048,14,142.16,1990.24,748.02,Promo,Wholesale
2025-12-22,SKU-10021,26,144.28,3751.28,1432.6,Regular,Wholesale
2025-12-22,SKU-10024,5,78.21,391.05,128.5,Regular,Retail
2025-12-22,SKU-10002,16,141.41,2262.56,1259.68,Regular,Wholesale
2025-12-22,SKU-10026,17,118.16,2008.72,1114.86,Regular,Online
2025-12-22,SKU-10044,31,190.48,5904.88,3352.96,Regular,Wholesale
2025-12-22,SKU-10019,15,161.74,2426.1,1109.25,Regular,Online
2025-12-22,SKU-10056,5,18.96,94.8,39.1,Regular,Online
2025-12-23,SKU-10013,22,133.58,2938.76,1347.06,Regular,Retail
2025-12-23,SKU-10031,12,130.51,1566.12,749.16,Regular,Retail
2025-12-23,SKU-10047,17,150.14,2552.38,990.93,Regular,Retail
2025-12-23,SKU-10021,32,142.98,4575.36,1763.2,Regular,Retail
2025-12-23,SKU-10044,22,192.96,4245.12,2379.52,Regular,Online
2025-12-23,SKU-10020,16,41.47,663.52,288.64,Regular,Retail
2025-12-23,SKU-10026,34,113.9,3872.6,2229.72,Regular,Retail
2025-12-23,SKU-10022,22,65.47,1440.34,605.0,Regular,Wholesale
2025-12-23,SKU-10019,31,173.92,5391.52,2292.45,Regular,Wholesale
2025-12-23,SKU-10050,20,153.84,3076.8,1699.0,Regular,Retail
2025-12-23,SKU-10007,32,179.58,5746.56,2898.56,Promo,Retail
2025-12-23,SKU-10036,36,79.85,2874.6,1945.08,Promo,Retail
2025-12-23,SKU-10048,10,127.63,1276.3,534.3,Promo,Online
2025-12-23,SKU-10025,9,51.97,467.73,164.61,Regular,Retail
2025-12-23,SKU-10030,27,21.35,576.45,338.04,Promo,Wholesale
2025-12-23,SKU-10016,16,148.51,2376.16,1416.32,Promo,Online
2025-12-23,SKU-10052,2,169.38,338.76,115.68,Regular,Online
2025-12-23,SKU-10051,19,35.82,680.58,270.94,Promo,Wholesale
2025-12-23,SKU-10045,13,138.05,1794.65,1190.41,Promo,Wholesale
2025-12-23,SKU-10014,29,156.44,4536.76,2472.54,Regular,Wholesale
2025-12-23,SKU-10018,13,136.55,1775.15,720.72,Regular,Retail
2025-12-23,SKU-10057,16,223.44,3575.04,2069.12,Regular,Retail
2025-12-23,SKU-10017,31,178.46,5532.26,2652.36,Promo,Online
2025-12-23,SKU-10055,14,154.4,2161.6,1042.86,Regular,Online
2025-12-23,SKU-10043,18,47.52,855.36,437.76,Regular,Retail
2025-12-23,SKU-10038,10,61.32,613.2,377.1,Regular,Online
2025-12-23,SKU-10009,29,147.48,4276.92,1594.42,Regular,Online
2025-12-23,SKU-10054,37,145.66,5389.42,2044.99,Regular,Wholesale
2025-12-23,SKU-10035,9,179.24,1613.16,829.44,Regular,Wholesale
2025-12-23,SKU-10033,21,133.06,2794.26,1535.52,Regular,Retail
2025-12-23,SKU-10046,22,84.87,1867.14,1202.96,Promo,Wholesale
2025-12-23,SKU-10004,18,160.73,2893.14,1318.86,Regular,Online
2025-12-23,SKU-10010,35,57.73,2020.55,1079.75,Promo,Online
2025-12-23,SKU-10005,15,15.12,226.8,97.65,Regular,Retail
2025-12-23,SKU-10056,32,19.03,608.96,250.24,Regular,Wholesale
2025-12-23,SKU-10015,26,151.44,3937.44,1554.28,Promo,Online
2025-12-23,SKU-10023,29,16.54,479.66,227.36,Regular,Wholesale
2025-12-23,SKU-10027,11,191.68,2108.48,693.33,Regular,Retail
2025-12-23,SKU-10053,24,74.78,1794.72,905.52,Regular,Online
2025-12-23,SKU-10024,16,75.9,1214.4,411.2,Regular,Online
2025-12-23,SKU-10058,13,162.4,2111.2,975.26,Regular,Wholesale
2025-12-23,SKU-10001,23,8.85,203.55,67.85,Regular,Retail
2025-12-23,SKU-10042,16,223.7,3579.2,1493.76,Regular,Wholesale
2025-12-23,SKU-10060,29,185.23,5371.67,1913.71,Regular,Online
2025-12-23,SKU-10029,20,182.82,3656.4,2248.4,Regular,Retail
2025-12-24,SKU-10014,15,132.16,1982.4,1278.9,Promo,Wholesale
2025-12-24,SKU-10051,20,45.06,901.2,285.2,Regular,Wholesale
2025-12-24,SKU-10032,20,66.08,1321.6,679.6,Promo,Online
2025-12-24,SKU-10021,19,144.05,2736.95,1046.9,Regular,Retail
2025-12-24,SKU-10046,39,97.29,3794.31,2132.52,Regular,Retail
2025-12-24,SKU-10027,21,183.71,3857.91,1323.63,Regular,Retail
2025-12-24,SKU-10029,20,194.74,3894.8,2248.4,Regular,Online
2025-12-24,SKU-10057,21,231.52,4861.92,2715.72,Regular,Retail
2025-12-24,SKU-10018,21,137.18,2880.78,1164.24,Regular,Online
2025-12-24,SKU-10026,26,94.43,2455.18,1705.08,Promo,Wholesale
2025-12-24,SKU-10040,32,173.07,5538.24,3093.44,Regular,Wholesale
2025-12-24,SKU-10049,31,224.89,6971.59,2932.91,Regular,Online
2025-12-24,SKU-10011,39,173.31,6759.09,3543.15,Promo,Online
2025-12-24,SKU-10050,22,128.4,2824.8,1868.9,Promo,Online
2025-12-24,SKU-10060,30,197.17,5915.1,1979.7,Regular,Online
2025-12-24,SKU-10024,17,73.82,1254.94,436.9,Regular,Retail
2025-12-24,SKU-10009,21,142.58,2994.18,1154.58,Regular,Wholesale
2025-12-24,SKU-10023,27,15.21,410.67,211.68,Promo,Retail
2025-12-24,SKU-10055,20,145.44,2908.8,1489.8,Regular,Online
2025-12-24,SKU-10013,16,135.37,2165.92,979.68,Regular,Online
2025-12-24,SKU-10048,25,163.06,4076.5,1335.75,Regular,Retail
2025-12-24,SKU-10033,28,143.23,4010.44,2047.36,Regular,Retail
2025-12-24,SKU-10012,26,77.16,2006.16,728.52,Regular,Retail
2025-12-24,SKU-10001,42,9.0,378.0,123.9,Regular,Retail
2025-12-24,SKU-10017,24,213.55,5125.2,2053.44,Regular,Online
2025-12-24,SKU-10031,2,125.24,250.48,124.86,Regular,Wholesale
2025-12-24,SKU-10039,25,187.21,4680.25,2920.25,Regular,Wholesale
2025-12-24,SKU-10059,16,29.22,467.52,248.96,Promo,Online
2025-12-24,SKU-10041,21,179.93,3778.53,1896.51,Regular,Online
2025-12-24,SKU-10045,15,135.03,2025.45,1373.55,Promo,Retail
2025-12-24,SKU-10003,35,106.34,3721.9,1997.1,Promo,Retail
2025-12-24,SKU-10015,34,168.67,5734.78,2032.52,Regular,Online
2025-12-24,SKU-10005,27,13.37,360.99,175.77,Promo,Wholesale
2025-12-24,SKU-10034,25,138.88,3472.0,1950.25,Regular,Retail
2025-12-24,SKU-10042,13,205.27,2668.51,1213.68,Regular,Wholesale
2025-12-24,SKU-10006,15,51.1,766.5,310.8,Regular,Online
2025-12-24,SKU-10053,8,71.14,569.12,301.84,Regular,Wholesale
2025-12-24,SKU-10047,20,132.07,2641.4,1165.8,Promo,Wholesale
2025-12-24,SKU-10016,29,138.48,4015.92,2567.08,Promo,Retail
2025-12-24,SKU-10019,34,140.65,4782.1,2514.3,Promo,Online
2025-12-24,SKU-10054,20,150.12,3002.4,1105.4,Regular,Retail
2025-12-24,SKU-10043,22,44.55,980.1,535.04,Regular,Wholesale
2025-12-24,SKU-10025,20,51.48,1029.6,365.8,Regular,Online
2025-12-24,SKU-10056,30,18.07,542.1,234.6,Regular,Online
2025-12-24,SKU-10037,30,163.93,4917.9,2754.0,Promo,Online
2025-12-25,SKU-10056,39,18.69,728.91,304.98,Regular,Wholesale
2025-12-25,SKU-10013,29,113.03,3277.87,1775.67,Promo,Retail
2025-12-25,SKU-10015,31,179.43,5562.33,1853.18,Regular,Wholesale
2025-12-25,SKU-10029,15,165.44,2481.6,1686.3,Promo,Online
2025-12-25,SKU-10020,13,38.3,497.9,234.52,Promo,Wholesale
2025-12-25,SKU-10012,41,62.49,2562.09,1148.82,Promo,Wholesale
2025-12-25,SKU-10036,16,95.65,1530.4,864.48,Regular,Retail
2025-12-25,SKU-10026,27,119.71,3232.17,1770.66,Regular,Retail
2025-12-25,SKU-10053,24,72.18,1732.32,905.52,Regular,Wholesale
2025-12-25,SKU-10010,15,69.05,1035.75,462.75,Regular,Retail
2025-12-25,SKU-10044,32,178.61,5715.52,3461.12,Regular,Online
2025-12-25,SKU-10033,32,144.3,4617.6,2339.84,Regular,Retail
2025-12-25,SKU-10043,22,47.8,1051.6,535.04,Regular,Retail
2025-12-25,SKU-10058,24,151.26,3630.24,1800.48,Promo,Wholesale
2025-12-25,SKU-10048,28,156.87,4392.36,1496.04,Regular,Wholesale
2025-12-25,SKU-10019,19,169.97,3229.43,1405.05,Regular,Online
2025-12-25,SKU-10059,24,31.57,757.68,373.44,Promo,Wholesale
2025-12-25,SKU-10040,20,166.04,3320.8,1933.4,Regular,Retail
2025-12-25,SKU-10041,8,158.05,1264.4,722.48,Promo,Wholesale
2025-12-25,SKU-10001,29,8.74,253.46,85.55,Regular,Retail
2025-12-25,SKU-10008,13,51.15,664.95,301.21,Regular,Wholesale
2025-12-25,SKU-10025,9,39.91,359.19,164.61,Promo,Wholesale
2025-12-25,SKU-10037,18,185.5,3339.0,1652.4,Regular,Online
2025-12-25,SKU-10042,25,214.5,5362.5,2334.0,Regular,Online
2025-12-25,SKU-10032,28,78.66,2202.48,951.44,Regular,Online
2025-12-25,SKU-10017,3,184.59,553.77,256.68,Promo,Online
2025-12-25,SKU-10045,22,156.94,3452.68,2014.54,Regular,Online
2025-12-25,SKU-10005,17,15.01,255.17,110.67,Regular,Retail
2025-12-25,SKU-10018,25,133.04,3326.0,1386.0,Regular,Online
2025-12-25,SKU-10034,25,106.44,2661.0,1950.25,Promo,Wholesale
2025-12-25,SKU-10046,24,98.04,2352.96,1312.32,Regular,Retail
2025-12-25,SKU-10011,10,225.16,2251.6,908.5,Regular,Wholesale
2025-12-25,SKU-10057,35,223.26,7814.1,4526.2,Regular,Retail
2025-12-25,SKU-10060,30,197.11,5913.3,1979.7,Regular,Online
2025-12-25,SKU-10052,16,172.76,2764.16,925.44,Regular,Wholesale
2025-12-25,SKU-10035,19,195.57,3715.83,1751.04,Regular,Online
2025-12-25,SKU-10050,13,138.31,1798.03,1104.35,Promo,Online
2025-12-25,SKU-10007,6,177.11,1062.66,543.48,Promo,Online
2025-12-25,SKU-10028,32,32.03,1024.96,387.52,Regular,Wholesale
2025-12-25,SKU-10023,14,16.06,224.84,109.76,Regular,Retail
2025-12-25,SKU-10003,17,112.58,1913.86,970.02,Promo,Retail
2025-12-25,SKU-10047,23,139.0,3197.0,1340.67,Regular,Retail
2025-12-25,SKU-10022,12,65.03,780.36,330.0,Regular,Retail
2025-12-25,SKU-10021,35,138.12,4834.2,1928.5,Regular,Online
2025-12-25,SKU-10006,15,51.22,768.3,310.8,Regular,Retail
2025-12-26,SKU-10006,13,50.86,661.18,269.36,Regular,Online
2025-12-26,SKU-10049,15,235.03,3525.45,1419.15,Regular,Wholesale
2025-12-26,SKU-10008,16,42.15,674.4,370.72,Promo,Retail
2025-12-26,SKU-10034,9,117.38,1056.42,702.09,Promo,Online
2025-12-26,SKU-10036,14,88.62,1240.68,756.42,Regular,Retail
2025-12-26,SKU-10017,7,202.81,1419.67,598.92,Regular,Retail
2025-12-26,SKU-10056,15,17.98,269.7,117.3,Regular,Wholesale
2025-12-26,SKU-10021,24,123.09,2954.16,1322.4,Promo,Wholesale
2025-12-26,SKU-10059,24,36.39,873.36,373.44,Regular,Wholesale
2025-12-26,SKU-10048,11,162.87,1791.57,587.73,Regular,Wholesale
2025-12-26,SKU-10020,16,34.2,547.2,288.64,Promo,Retail
2025-12-26,SKU-10013,40,128.62,5144.8,2449.2,Regular,Retail
2025-12-26,SKU-10014,14,145.01,2030.14,1193.64,Regular,Online
2025-12-26,SKU-10025,27,48.92,1320.84,493.83,Regular,Online
2025-12-26,SKU-10051,31,42.1,1305.1,442.06,Regular,Online
2025-12-26,SKU-10046,22,97.75,2150.5,1202.96,Regular,Online
2025-12-26,SKU-10050,24,124.72,2993.28,2038.8,Promo,Wholesale
2025-12-26,SKU-10037,25,192.46,4811.5,2295.0,Regular,Retail
2025-12-26,SKU-10010,21,71.44,1500.24,647.85,Regular,Wholesale
2025-12-26,SKU-10032,6,74.89,449.34,203.88,Regular,Retail
2025-12-26,SKU-10039,17,191.81,3260.77,1985.77,Regular,Retail
2025-12-26,SKU-10053,26,77.58,2017.08,980.98,Regular,Retail
2025-12-26,SKU-10002,17,127.88,2173.96,1338.41,Promo,Retail
2025-12-26,SKU-10003,28,115.8,3242.4,1597.68,Promo,Wholesale
2025-12-26,SKU-10011,16,222.63,3562.08,1453.6,Regular,Online
2025-12-26,SKU-10007,28,199.07,5573.96,2536.24,Regular,Online
2025-12-26,SKU-10027,18,187.69,3378.42,1134.54,Regular,Retail
2025-12-26,SKU-10018,37,142.04,5255.48,2051.28,Regular,Wholesale
2025-12-26,SKU-10029,7,163.63,1145.41,786.94,Promo,Retail
2025-12-26,SKU-10058,24,149.73,3593.52,1800.48,Promo,Online
2025-12-26,SKU-10057,27,227.94,6154.38,3491.64,Regular,Wholesale
2025-12-26,SKU-10024,10,76.14,761.4,257.0,Regular,Retail
2025-12-26,SKU-10033,23,141.98,3265.54,1681.76,Regular,Wholesale
2025-12-26,SKU-10005,18,15.54,279.72,117.18,Regular,Retail
2025-12-26,SKU-10031,21,130.35,2737.35,1311.03,Regular,Online
2025-12-26,SKU-10041,35,178.7,6254.5,3160.85,Regular,Wholesale
2025-12-26,SKU-10040,17,164.55,2797.35,1643.39,Regular,Retail
2025-12-26,SKU-10026,16,113.03,1808.48,1049.28,Regular,Online
2025-12-26,SKU-10004,12,158.17,1898.04,879.24,Regular,Wholesale
2025-12-26,SKU-10042,27,218.0,5886.0,2520.72,Regular,Wholesale
2025-12-26,SKU-10054,21,144.55,3035.55,1160.67,Regular,Wholesale
2025-12-26,SKU-10015,30,177.94,5338.2,1793.4,Regular,Online
2025-12-26,SKU-10019,13,170.5,2216.5,961.35,Regular,Online
2025-12-26,SKU-10016,32,181.15,5796.8,2832.64,Regular,Online
2025-12-26,SKU-10044,16,188.35,3013.6,1730.56,Regular,Wholesale
2025-12-27,SKU-10022,40,61.69,2467.6,1100.0,Regular,Wholesale
2025-12-27,SKU-10031,24,130.06,3121.44,1498.32,Regular,Retail
2025-12-27,SKU-10055,12,145.29,1743.48,893.88,Regular,Wholesale
2025-12-27,SKU-10052,22,170.07,3741.54,1272.48,Regular,Online
2025-12-27,SKU-10024,15,81.22,1218.3,385.5,Regular,Wholesale
2025-12-27,SKU-10017,22,219.5,4829.0,1882.32,Regular,Retail
2025-12-27,SKU-10040,8,168.74,1349.92,773.36,Regular,Wholesale
2025-12-27,SKU-10028,26,30.1,782.6,314.86,Regular,Online
2025-12-27,SKU-10030,21,26.52,556.92,262.92,Regular,Online
2025-12-27,SKU-10008,8,49.81,398.48,185.36,Regular,Wholesale
2025-12-27,SKU-10036,24,74.93,1798.32,1296.72,Promo,Wholesale
2025-12-27,SKU-10009,19,149.99,2849.81,1044.62,Regular,Wholesale
2025-12-27,SKU-10025,36,48.69,1752.84,658.44,Regular,Online
2025-12-27,SKU-10047,15,150.5,2257.5,874.35,Regular,Retail
2025-12-27,SKU-10039,11,187.21,2059.31,1284.91,Regular,Wholesale
2025-12-27,SKU-10007,4,200.1,800.4,362.32,Regular,Wholesale
2025-12-27,SKU-10015,15,151.8,2277.0,896.7,Promo,Online
2025-12-27,SKU-10035,20,181.44,3628.8,1843.2,Regular,Wholesale
2025-12-27,SKU-10044,7,155.92,1091.44,757.12,Promo,Online
2025-12-27,SKU-10016,7,144.05,1008.35,619.64,Promo,Online
2025-12-27,SKU-10013,27,129.28,3490.56,1653.21,Regular,Wholesale
2025-12-27,SKU-10043,15,45.56,683.4,364.8,Regular,Wholesale
2025-12-27,SKU-10029,33,152.16,5021.28,3709.86,Promo,Wholesale
2025-12-27,SKU-10032,23,73.34,1686.82,781.54,Regular,Wholesale
2025-12-27,SKU-10006,13,50.36,654.68,269.36,Regular,Retail
2025-12-27,SKU-10027,12,183.11,2197.32,756.36,Regular,Online
2025-12-27,SKU-10026,33,105.98,3497.34,2164.14,Promo,Online
2025-12-27,SKU-10046,13,104.74,1361.62,710.84,Regular,Online
2025-12-27,SKU-10014,22,142.73,3140.06,1875.72,Regular,Wholesale
2025-12-27,SKU-10004,17,156.1,2653.7,1245.59,Regular,Online
2025-12-27,SKU-10059,4,30.6,122.4,62.24,Promo,Online
2025-12-27,SKU-10051,24,44.89,1077.36,342.24,Regular,Online
2025-12-27,SKU-10002,27,139.57,3768.39,2125.71,Regular,Retail
2025-12-27,SKU-10019,33,171.02,5643.66,2440.35,Regular,Wholesale
2025-12-27,SKU-10005,16,15.03,240.48,104.16,Regular,Retail
2025-12-27,SKU-10049,18,222.3,4001.4,1702.98,Regular,Retail
2025-12-27,SKU-10021,22,142.72,3139.84,1212.2,Regular,Wholesale
2025-12-27,SKU-10003,25,125.83,3145.75,1426.5,Regular,Wholesale
2025-12-27,SKU-10020,16,41.63,666.08,288.64,Regular,Online
2025-12-27,SKU-10018,18,140.38,2526.84,997.92,Regular,Wholesale
2025-12-27,SKU-10042,19,223.71,4250.49,1773.84,Regular,Wholesale
2025-12-27,SKU-10041,26,173.95,4522.7,2348.06,Regular,Retail
2025-12-27,SKU-10033,18,136.0,2448.0,1316.16,Regular,Wholesale
2025-12-27,SKU-10056,33,17.4,574.2,258.06,Regular,Wholesale
2025-12-28,SKU-10025,8,52.62,420.96,146.32,Regular,Wholesale
2025-12-28,SKU-10059,7,36.33,254.31,108.92,Regular,Wholesale
2025-12-28,SKU-10034,35,138.42,4844.7,2730.35,Regular,Online
2025-12-28,SKU-10041,25,179.57,4489.25,2257.75,Regular,Wholesale
2025-12-28,SKU-10037,28,197.82,5538.96,2570.4,Regular,Online
2025-12-28,SKU-10050,21,137.95,2896.95,1783.95,Promo,Online
2025-12-28,SKU-10043,23,40.24,925.52,559.36,Promo,Retail
2025-12-28,SKU-10006,1,50.43,50.43,20.72,Regular,Retail
2025-12-28,SKU-10001,28,9.44,264.32,82.6,Regular,Online
2025-12-28,SKU-10027,33,183.17,6044.61,2079.99,Regular,Wholesale
2025-12-28,SKU-10031,22,131.05,2883.1,1373.46,Regular,Online
2025-12-28,SKU-10046,4,104.95,419.8,218.72,Regular,Wholesale
2025-12-28,SKU-10005,22,15.82,348.04,143.22,Regular,Retail
2025-12-28,SKU-10054,24,146.49,3515.76,1326.48,Regular,Retail
2025-12-28,SKU-10002,36,147.02,5292.72,2834.28,Regular,Wholesale
2025-12-28,SKU-10019,21,148.61,3120.81,1552.95,Promo,Retail
2025-12-28,SKU-10040,24,170.22,4085.28,2320.08,Regular,Wholesale
2025-12-28,SKU-10047,23,146.14,3361.22,1340.67,Regular,Wholesale
2025-12-28,SKU-10052,18,160.72,2892.96,1041.12,Regular,Retail
2025-12-28,SKU-10007,25,176.98,4424.5,2264.5,Promo,Wholesale
2025-12-28,SKU-10038,9,59.72,537.48,339.39,Regular,Retail
2025-12-28,SKU-10026,26,122.46,3183.96,1705.08,Regular,Retail
2025-12-28,SKU-10048,17,158.65,2697.05,908.31,Regular,Wholesale
2025-12-28,SKU-10022,20,63.36,1267.2,550.0,Regular,Retail
2025-12-28,SKU-10003,34,106.98,3637.32,1940.04,Promo,Wholesale
2025-12-28,SKU-10010,28,71.16,1992.48,863.8,Regular,Online
2025-12-28,SKU-10055,33,126.08,4160.64,2458.17,Promo,Online
2025-12-28,SKU-10045,17,148.19,2519.23,1556.69,Regular,Retail
2025-12-28,SKU-10009,21,148.58,3120.18,1154.58,Regular,Retail
2025-12-28,SKU-10011,22,229.12,5040.64,1998.7,Regular,Online
2025-12-28,SKU-10053,25,71.42,1785.5,943.25,Regular,Online
2025-12-28,SKU-10060,10,183.23,1832.3,659.9,Regular,Online
2025-12-28,SKU-10018,16,139.56,2232.96,887.04,Regular,Retail
2025-12-28,SKU-10057,17,224.36,3814.12,2198.44,Regular,Wholesale
2025-12-28,SKU-10029,32,186.93,5981.76,3597.44,Regular,Online
2025-12-28,SKU-10056,27,18.08,488.16,211.14,Regular,Online
2025-12-28,SKU-10051,17,36.83,626.11,242.42,Promo,Wholesale
2025-12-28,SKU-10044,40,178.2,7128.0,4326.4,Regular,Online
2025-12-28,SKU-10058,20,160.71,3214.2,1500.4,Regular,Retail
2025-12-28,SKU-10032,18,62.92,1132.56,611.64,Promo,Online
2025-12-28,SKU-10028,42,25.75,1081.5,508.62,Promo,Wholesale
2025-12-28,SKU-10020,20,41.92,838.4,360.8,Regular,Online
2025-12-28,SKU-10016,16,174.99,2799.84,1416.32,Regular,Online
2025-12-28,SKU-10023,23,17.04,391.92,180.32,Regular,Retail
2025-12-28,SKU-10042,14,222.75,3118.5,1307.04,Regular,Retail
2025-12-29,SKU-10014,24,144.62,3470.88,2046.24,Regular,Retail
2025-12-29,SKU-10019,20,169.3,3386.0,1479.0,Regular,Online
2025-12-29,SKU-10053,9,75.42,678.78,339.57,Regular,Online
2025-12-29,SKU-10037,25,190.16,4754.0,2295.0,Regular,Online
2025-12-29,SKU-10016,15,176.57,2648.55,1327.8,Regular,Online
2025-12-29,SKU-10033,10,144.8,1448.0,731.2,Regular,Retail
2025-12-29,SKU-10048,37,149.7,5538.9,1976.91,Regular,Retail
2025-12-29,SKU-10058,15,162.96,2444.4,1125.3,Regular,Wholesale
2025-12-29,SKU-10035,6,187.51,1125.06,552.96,Regular,Wholesale
2025-12-29,SKU-10001,24,9.47,227.28,70.8,Regular,Online
2025-12-29,SKU-10003,4,127.86,511.44,228.24,Regular,Online
2025-12-29,SKU-10029,17,188.7,3207.9,1911.14,Regular,Retail
2025-12-29,SKU-10057,32,177.27,5672.64,4138.24,Promo,Wholesale
2025-12-29,SKU-10002,16,137.37,2197.92,1259.68,Regular,Online
2025-12-29,SKU-10044,16,178.92,2862.72,1730.56,Regular,Wholesale
2025-12-29,SKU-10009,30,150.03,4500.9,1649.4,Regular,Retail
2025-12-29,SKU-10046,10,100.61,1006.1,546.8,Regular,Retail
2025-12-29,SKU-10015,17,163.49,2779.33,1016.26,Regular,Online
2025-12-29,SKU-10005,15,15.71,235.65,97.65,Regular,Online
2025-12-29,SKU-10004,16,153.08,2449.28,1172.32,Regular,Retail
2025-12-29,SKU-10012,34,69.53,2364.02,952.68,Promo,Retail
2025-12-29,SKU-10056,34,18.5,629.0,265.88,Regular,Retail
2025-12-29,SKU-10049,3,222.59,667.77,283.83,Regular,Retail
2025-12-29,SKU-10042,33,211.09,6965.97,3080.88,Regular,Retail
2025-12-29,SKU-10027,14,194.72,2726.08,882.42,Regular,Online
2025-12-29,SKU-10013,19,120.96,2298.24,1163.37,Promo,Online
2025-12-29,SKU-10010,26,75.99,1975.74,802.1,Regular,Retail
2025-12-29,SKU-10050,20,140.56,2811.2,1699.0,Promo,Online
2025-12-29,SKU-10008,35,44.02,1540.7,810.95,Promo,Retail
2025-12-29,SKU-10059,25,34.86,871.5,389.0,Regular,Online
2025-12-29,SKU-10022,16,66.09,1057.44,440.0,Regular,Online
2025-12-29,SKU-10041,38,172.9,6570.2,3431.78,Regular,Retail
2025-12-29,SKU-10055,26,147.04,3823.04,1936.74,Regular,Online
2025-12-29,SKU-10045,21,150.63,3163.23,1922.97,Regular,Online
2025-12-29,SKU-10021,29,138.35,4012.15,1597.9,Regular,Online
2025-12-29,SKU-10038,11,63.79,701.69,414.81,Regular,Wholesale
2025-12-29,SKU-10031,45,132.63,5968.35,2809.35,Regular,Retail
2025-12-29,SKU-10040,16,174.52,2792.32,1546.72,Regular,Online
2025-12-29,SKU-10028,17,31.61,537.37,205.87,Regular,Wholesale
2025-12-29,SKU-10039,3,188.55,565.65,350.43,Regular,Retail
2025-12-29,SKU-10020,24,41.49,995.76,432.96,Regular,Retail
2025-12-29,SKU-10032,20,77.6,1552.0,679.6,Regular,Retail
2025-12-29,SKU-10047,30,126.8,3804.0,1748.7,Promo,Retail
2025-12-29,SKU-10043,24,46.15,1107.6,583.68,Regular,Online
2025-12-29,SKU-10034,25,134.88,3372.0,1950.25,Regular,Retail
2025-12-30,SKU-10003,20,112.61,2252.2,1141.2,Promo,Wholesale
2025-12-30,SKU-10007,27,210.05,5671.35,2445.66,Regular,Online
2025-12-30,SKU-10044,25,179.18,4479.5,2704.0,Regular,Wholesale
2025-12-30,SKU-10043,23,41.21,947.83,559.36,Promo,Wholesale
2025-12-30,SKU-10060,29,182.53,5293.37,1913.71,Regular,Online
2025-12-30,SKU-10057,20,214.77,4295.4,2586.4,Regular,Retail
2025-12-30,SKU-10037,33,195.7,6458.1,3029.4,Regular,Retail
2025-12-30,SKU-10040,23,161.36,3711.28,2223.41,Regular,Wholesale
2025-12-30,SKU-10059,12,35.53,426.36,186.72,Regular,Wholesale
2025-12-30,SKU-10039,31,165.85,5141.35,3621.11,Promo,Wholesale
2025-12-30,SKU-10042,12,211.14,2533.68,1120.32,Regular,Online
2025-12-30,SKU-10033,14,134.61,1884.54,1023.68,Regular,Online
2025-12-30,SKU-10029,21,189.58,3981.18,2360.82,Regular,Retail
2025-12-30,SKU-10049,32,183.22,5863.04,3027.52,Promo,Retail
2025-12-30,SKU-10036,29,87.64,2541.56,1566.87,Regular,Retail
2025-12-30,SKU-10011,35,226.82,7938.7,3179.75,Regular,Retail
2025-12-30,SKU-10018,34,114.89,3906.26,1884.96,Promo,Retail
2025-12-30,SKU-10009,32,143.15,4580.8,1759.36,Regular,Online
2025-12-30,SKU-10028,21,25.1,527.1,254.31,Promo,Retail
2025-12-30,SKU-10022,11,61.54,676.94,302.5,Regular,Online
2025-12-30,SKU-10054,21,148.06,3109.26,1160.67,Regular,Wholesale
2025-12-30,SKU-10020,28,36.79,1030.12,505.12,Promo,Retail
2025-12-30,SKU-10002,11,146.98,1616.78,866.03,Regular,Wholesale
2025-12-30,SKU-10038,10,60.29,602.9,377.1,Regular,Wholesale
2025-12-30,SKU-10051,39,37.17,1449.63,556.14,Promo,Wholesale
2025-12-30,SKU-10046,16,96.4,1542.4,874.88,Regular,Retail
2025-12-30,SKU-10048,25,151.0,3775.0,1335.75,Regular,Wholesale
2025-12-30,SKU-10027,21,186.87,3924.27,1323.63,Regular,Online
2025-12-30,SKU-10052,32,170.5,5456.0,1850.88,Regular,Wholesale
2025-12-30,SKU-10013,14,112.88,1580.32,857.22,Promo,Wholesale
2025-12-30,SKU-10026,12,123.65,1483.8,786.96,Regular,Retail
2025-12-30,SKU-10045,42,154.06,6470.52,3845.94,Regular,Wholesale
2025-12-30,SKU-10008,18,47.16,848.88,417.06,Regular,Retail
2025-12-30,SKU-10041,28,173.3,4852.4,2528.68,Regular,Wholesale
2025-12-30,SKU-10021,31,134.21,4160.51,1708.1,Regular,Online
2025-12-30,SKU-10025,25,49.14,1228.5,457.25,Regular,Online
2025-12-30,SKU-10024,37,73.71,2727.27,950.9,Regular,Wholesale
2025-12-30,SKU-10055,25,133.7,3342.5,1862.25,Promo,Online
2025-12-30,SKU-10058,16,162.52,2600.32,1200.32,Regular,Retail
2025-12-30,SKU-10030,32,26.81,857.92,400.64,Regular,Online
2025-12-30,SKU-10005,5,14.9,74.5,32.55,Regular,Online
2025-12-30,SKU-10012,22,76.08,1673.76,616.44,Regular,Retail
2025-12-30,SKU-10010,26,74.31,1932.06,802.1,Regular,Retail
2025-12-30,SKU-10001,22,7.62,167.64,64.9,Promo,Retail
2025-12-31,SKU-10025,19,52.07,989.33,347.51,Regular,Retail
2025-12-31,SKU-10057,35,216.77,7586.95,4526.2,Regular,Retail
2025-12-31,SKU-10029,23,186.09,4280.07,2585.66,Regular,Online
2025-12-31,SKU-10039,19,203.11,3859.09,2219.39,Regular,Retail
2025-12-31,SKU-10045,23,159.58,3670.34,2106.11,Regular,Retail
2025-12-31,SKU-10002,15,142.33,2134.95,1180.95,Regular,Online
2025-12-31,SKU-10046,29,100.87,2925.23,1585.72,Regular,Online
2025-12-31,SKU-10055,23,144.8,3330.4,1713.27,Regular,Online
2025-12-31,SKU-10060,14,199.04,2786.56,923.86,Regular,Wholesale
2025-12-31,SKU-10032,32,78.5,2512.0,1087.36,Regular,Retail
2025-12-31,SKU-10017,32,211.01,6752.32,2737.92,Regular,Wholesale
2025-12-31,SKU-10043,6,38.84,233.04,145.92,Promo,Online
2025-12-31,SKU-10027,6,187.31,1123.86,378.18,Regular,Retail
2025-12-31,SKU-10028,21,28.44,597.24,254.31,Promo,Online
2025-12-31,SKU-10021,21,133.25,2798.25,1157.1,Regular,Online
2025-12-31,SKU-10059,35,33.7,1179.5,544.6,Regular,Online
2025-12-31,SKU-10041,28,138.65,3882.2,2528.68,Promo,Online
2025-12-31,SKU-10019,28,164.55,4607.4,2070.6,Regular,Wholesale
2025-12-31,SKU-10042,25,218.69,5467.25,2334.0,Regular,Wholesale
2025-12-31,SKU-10048,10,159.41,1594.1,534.3,Regular,Online
2025-12-31,SKU-10049,25,225.34,5633.5,2365.25,Regular,Wholesale
2025-12-31,SKU-10003,30,101.05,3031.5,1711.8,Promo,Retail
2025-12-31,SKU-10010,26,57.2,1487.2,802.1,Promo,Retail
2025-12-31,SKU-10058,29,135.33,3924.57,2175.58,Promo,Online
2025-12-31,SKU-10004,22,126.63,2785.86,1611.94,Promo,Online
2025-12-31,SKU-10053,23,73.84,1698.32,867.79,Regular,Online
2025-12-31,SKU-10040,6,169.02,1014.12,580.02,Regular,Wholesale
2025-12-31,SKU-10037,36,192.25,6921.0,3304.8,Regular,Wholesale
2025-12-31,SKU-10022,17,56.91,967.47,467.5,Promo,Online
2025-12-31,SKU-10038,21,63.96,1343.16,791.91,Regular,Retail
2025-12-31,SKU-10011,13,227.38,2955.94,1181.05,Regular,Retail
2025-12-31,SKU-10023,27,16.46,444.42,211.68,Regular,Online
2025-12-31,SKU-10047,17,149.58,2542.86,990.93,Regular,Online
2025-12-31,SKU-10031,6,127.83,766.98,374.58,Regular,Wholesale
2025-12-31,SKU-10012,10,82.19,821.9,280.2,Regular,Online
2025-12-31,SKU-10051,29,41.77,1211.33,413.54,Regular,Wholesale
2025-12-31,SKU-10008,20,39.71,794.2,463.4,Promo,Wholesale
2025-12-31,SKU-10030,17,26.35,447.95,212.84,Regular,Wholesale
2025-12-31,SKU-10035,11,186.45,2050.95,1013.76,Regular,Wholesale
2025-12-31,SKU-10007,22,204.05,4489.1,1992.76,Regular,Wholesale
2025-12-31,SKU-10056,10,18.37,183.7,78.2,Regular,Wholesale
2025-12-31,SKU-10015,24,173.65,4167.6,1434.72,Regular,Wholesale
2025-12-31,SKU-10006,13,52.26,679.38,269.36,Regular,Retail
2025-12-31,SKU-10033,24,136.16,3267.84,1754.88,Regular,Retail
2026-01-01,SKU-10010,24,74.25,1782.0,740.4,Regular,Online
2026-01-01,SKU-10046,19,86.99,1652.81,1038.92,Promo,Wholesale
2026-01-01,SKU-10034,27,141.93,3832.11,2106.27,Regular,Wholesale
2026-01-01,SKU-10043,18,44.76,805.68,437.76,Regular,Online
2026-01-01,SKU-10041,13,184.6,2399.8,1174.03,Regular,Online
2026-01-01,SKU-10056,9,16.39,147.51,70.38,Promo,Wholesale
2026-01-01,SKU-10025,11,51.92,571.12,201.19,Regular,Wholesale
2026-01-01,SKU-10053,18,75.27,1354.86,679.14,Regular,Wholesale
2026-01-01,SKU-10013,30,127.78,3833.4,1836.9,Regular,Online
2026-01-01,SKU-10015,19,171.9,3266.1,1135.82,Regular,Retail
2026-01-01,SKU-10036,19,89.26,1695.94,1026.57,Regular,Online
2026-01-01,SKU-10038,6,63.93,383.58,226.26,Regular,Wholesale
2026-01-01,SKU-10022,20,61.48,1229.6,550.0,Regular,Online
2026-01-01,SKU-10051,26,45.07,1171.82,370.76,Regular,Retail
2026-01-01,SKU-10001,23,9.46,217.58,67.85,Regular,Wholesale
2026-01-01,SKU-10026,39,104.75,4085.25,2557.62,Promo,Retail
2026-01-01,SKU-10027,48,180.62,8669.76,3025.44,Regular,Online
2026-01-01,SKU-10033,24,141.81,3403.44,1754.88,Regular,Online
2026-01-01,SKU-10016,27,181.49,4900.23,2390.04,Regular,Wholesale
2026-01-01,SKU-10050,10,146.78,1467.8,849.5,Regular,Wholesale
2026-01-01,SKU-10019,28,160.67,4498.76,2070.6,Regular,Retail
2026-01-01,SKU-10057,14,225.24,3153.36,1810.48,Regular,Wholesale
2026-01-01,SKU-10048,45,148.64,6688.8,2404.35,Regular,Online
2026-01-01,SKU-10014,25,124.52,3113.0,2131.5,Promo,Wholesale
2026-01-01,SKU-10040,24,166.24,3989.76,2320.08,Regular,Wholesale
2026-01-01,SKU-10035,17,194.93,3313.81,1566.72,Regular,Wholesale
2026-01-01,SKU-10052,23,165.98,3817.54,1330.32,Regular,Online
2026-01-01,SKU-10032,13,76.23,990.99,441.74,Regular,Retail
2026-01-01,SKU-10009,23,143.14,3292.22,1264.54,Regular,Wholesale
2026-01-01,SKU-10007,35,178.36,6242.6,3170.3,Promo,Retail
2026-01-01,SKU-10039,30,198.92,5967.6,3504.3,Regular,Online
2026-01-01,SKU-10011,32,194.79,6233.28,2907.2,Promo,Online
2026-01-01,SKU-10047,49,146.05,7156.45,2856.21,Regular,Wholesale
2026-01-01,SKU-10017,29,212.69,6168.01,2481.24,Regular,Wholesale
2026-01-01,SKU-10042,24,222.76,5346.24,2240.64,Regular,Wholesale
2026-01-01,SKU-10055,24,150.46,3611.04,1787.76,Regular,Wholesale
2026-01-01,SKU-10060,24,175.48,4211.52,1583.76,Promo,Wholesale
2026-01-01,SKU-10059,23,27.8,639.4,357.88,Promo,Retail
2026-01-01,SKU-10020,15,43.17,647.55,270.6,Regular,Retail
2026-01-01,SKU-10003,34,131.15,4459.1,1940.04,Regular,Online
2026-01-01,SKU-10045,18,136.64,2459.52,1648.26,Promo,Wholesale
2026-01-01,SKU-10058,23,173.13,3981.99,1725.46,Regular,Wholesale
2026-01-01,SKU-10037,10,199.2,1992.0,918.0,Regular,Online
2026-01-01,SKU-10018,20,134.39,2687.8,1108.8,Regular,Online
2026-01-01,SKU-10024,34,77.65,2640.1,873.8,Regular,Retail
2026-01-02,SKU-10017,17,207.44,3526.48,1454.52,Regular,Wholesale
2026-01-02,SKU-10028,22,30.48,670.56,266.42,Regular,Wholesale
2026-01-02,SKU-10056,19,17.95,341.05,148.58,Regular,Wholesale
2026-01-02,SKU-10016,25,174.31,4357.75,2213.0,Regular,Retail
2026-01-02,SKU-10025,20,52.46,1049.2,365.8,Regular,Wholesale
2026-01-02,SKU-10007,27,215.1,5807.7,2445.66,Regular,Wholesale
2026-01-02,SKU-10031,20,105.44,2108.8,1248.6,Promo,Online
2026-01-02,SKU-10012,28,63.34,1773.52,784.56,Promo,Online
2026-01-02,SKU-10052,29,170.06,4931.74,1677.36,Regular,Retail
2026-01-02,SKU-10044,5,182.31,911.55,540.8,Regular,Retail
2026-01-02,SKU-10013,22,126.29,2778.38,1347.06,Regular,Wholesale
2026-01-02,SKU-10038,28,63.33,1773.24,1055.88,Regular,Retail
2026-01-02,SKU-10040,23,165.67,3810.41,2223.41,Regular,Wholesale
2026-01-02,SKU-10030,20,20.86,417.2,250.4,Promo,Online
2026-01-02,SKU-10021,29,135.03,3915.87,1597.9,Regular,Retail
2026-01-02,SKU-10014,42,151.95,6381.9,3580.92,Regular,Wholesale
2026-01-02,SKU-10032,38,62.59,2378.42,1291.24,Promo,Wholesale
2026-01-02,SKU-10059,31,35.77,1108.87,482.36,Regular,Retail
2026-01-02,SKU-10003,29,124.86,3620.94,1654.74,Regular,Online
2026-01-02,SKU-10033,4,135.98,543.92,292.48,Regular,Retail
2026-01-02,SKU-10043,23,46.89,1078.47,559.36,Regular,Retail
2026-01-02,SKU-10001,10,9.21,92.1,29.5,Regular,Wholesale
2026-01-02,SKU-10055,24,153.55,3685.2,1787.76,Regular,Wholesale
2026-01-02,SKU-10022,19,65.76,1249.44,522.5,Regular,Wholesale
2026-01-02,SKU-10004,23,150.14,3453.22,1685.21,Regular,Wholesale
2026-01-02,SKU-10054,15,150.51,2257.65,829.05,Regular,Wholesale
2026-01-02,SKU-10057,20,225.81,4516.2,2586.4,Regular,Wholesale
2026-01-02,SKU-10010,9,71.71,645.39,277.65,Regular,Retail
2026-01-02,SKU-10042,16,206.56,3304.96,1493.76,Regular,Online
2026-01-02,SKU-10027,31,188.99,5858.69,1953.93,Regular,Online
2026-01-02,SKU-10058,27,135.17,3649.59,2025.54,Promo,Online
2026-01-02,SKU-10045,34,157.41,5351.94,3113.38,Regular,Online
2026-01-02,SKU-10002,15,133.89,2008.35,1180.95,Regular,Wholesale
2026-01-02,SKU-10036,22,76.68,1686.96,1188.66,Promo,Wholesale
2026-01-02,SKU-10048,18,131.86,2373.48,961.74,Promo,Retail
2026-01-02,SKU-10049,27,199.65,5390.55,2554.47,Promo,Online
2026-01-02,SKU-10047,2,139.65,279.3,116.58,Regular,Retail
2026-01-02,SKU-10046,30,104.05,3121.5,1640.4,Regular,Retail
2026-01-02,SKU-10039,3,202.68,608.04,350.43,Regular,Wholesale
2026-01-02,SKU-10041,21,150.76,3165.96,1896.51,Promo,Retail
2026-01-02,SKU-10008,25,48.71,1217.75,579.25,Regular,Wholesale
2026-01-02,SKU-10034,10,117.71,1177.1,780.1,Promo,Retail
2026-01-02,SKU-10037,6,186.03,1116.18,550.8,Regular,Wholesale
2026-01-02,SKU-10006,18,40.53,729.54,372.96,Promo,Online
2026-01-03,SKU-10035,9,182.57,1643.13,829.44,Regular,Wholesale
2026-01-03,SKU-10008,18,43.52,783.36,417.06,Promo,Online
2026-01-03,SKU-10056,4,16.47,65.88,31.28,Promo,Wholesale
2026-01-03,SKU-10028,12,33.03,396.36,145.32,Regular,Online
2026-01-03,SKU-10039,8,188.44,1507.52,934.48,Regular,Retail
2026-01-03,SKU-10051,21,38.75,813.75,299.46,Promo,Retail
2026-01-03,SKU-10004,34,122.83,4176.22,2491.18,Promo,Online
2026-01-03,SKU-10043,15,47.72,715.8,364.8,Regular,Retail
2026-01-03,SKU-10009,24,138.85,3332.4,1319.52,Regular,Wholesale
2026-01-03,SKU-10036,6,96.25,577.5,324.18,Regular,Retail
2026-01-03,SKU-10041,24,149.07,3577.68,2167.44,Promo,Wholesale
2026-01-03,SKU-10025,31,50.08,1552.48,566.99,Regular,Retail
2026-01-03,SKU-10048,29,158.66,4601.14,1549.47,Regular,Retail
2026-01-03,SKU-10055,4,157.06,628.24,297.96,Regular,Online
2026-01-03,SKU-10018,15,134.03,2010.45,831.6,Regular,Online
2026-01-03,SKU-10001,29,7.86,227.94,85.55,Promo,Retail
2026-01-03,SKU-10011,19,221.03,4199.57,1726.15,Regular,Wholesale
2026-01-03,SKU-10022,18,52.1,937.8,495.0,Promo,Online
2026-01-03,SKU-10006,15,53.39,800.85,310.8,Regular,Online
2026-01-03,SKU-10052,18,159.16,2864.88,1041.12,Regular,Online
2026-01-03,SKU-10046,18,102.87,1851.66,984.24,Regular,Wholesale
2026-01-03,SKU-10040,19,163.57,3107.83,1836.73,Regular,Retail
2026-01-03,SKU-10045,32,152.66,4885.12,2930.24,Regular,Online
2026-01-03,SKU-10020,16,39.08,625.28,288.64,Promo,Retail
2026-01-03,SKU-10010,30,72.62,2178.6,925.5,Regular,Retail
2026-01-03,SKU-10005,29,14.89,431.81,188.79,Regular,Wholesale
2026-01-03,SKU-10016,16,170.98,2735.68,1416.32,Regular,Online
2026-01-03,SKU-10033,10,136.68,1366.8,731.2,Regular,Wholesale
2026-01-03,SKU-10034,20,131.54,2630.8,1560.2,Regular,Retail
2026-01-03,SKU-10053,29,60.02,1740.58,1094.17,Promo,Retail
2026-01-03,SKU-10050,33,126.46,4173.18,2803.35,Promo,Online
2026-01-03,SKU-10023,36,16.9,608.4,282.24,Regular,Wholesale
2026-01-03,SKU-10044,17,184.45,3135.65,1838.72,Regular,Retail
2026-01-03,SKU-10047,12,120.72,1448.64,699.48,Promo,Wholesale
2026-01-03,SKU-10002,28,137.05,3837.4,2204.44,Regular,Wholesale
2026-01-03,SKU-10029,8,163.23,1305.84,899.36,Promo,Online
2026-01-03,SKU-10031,19,113.71,2160.49,1186.17,Promo,Wholesale
2026-01-03,SKU-10042,16,206.46,3303.36,1493.76,Regular,Retail
2026-01-03,SKU-10054,2,141.2,282.4,110.54,Regular,Wholesale
2026-01-03,SKU-10003,24,126.73,3041.52,1369.44,Regular,Wholesale
2026-01-03,SKU-10049,37,220.11,8144.07,3500.57,Regular,Online
2026-01-03,SKU-10032,25,75.32,1883.0,849.5,Regular,Wholesale
2026-01-03,SKU-10014,17,146.12,2484.04,1449.42,Regular,Online
2026-01-03,SKU-10030,44,25.6,1126.4,550.88,Regular,Retail
2026-01-03,SKU-10058,39,159.58,6223.62,2925.78,Regular,Wholesale
2026-01-04,SKU-10003,14,127.05,1778.7,798.84,Regular,Retail
2026-01-04,SKU-10017,23,211.14,4856.22,1967.88,Regular,Wholesale
2026-01-04,SKU-10042,12,188.79,2265.48,1120.32,Promo,Wholesale
2026-01-04,SKU-10023,19,13.57,257.83,148.96,Promo,Wholesale
2026-01-04,SKU-10020,22,34.85,766.7,396.88,Promo,Retail
2026-01-04,SKU-10018,31,134.16,4158.96,1718.64,Regular,Online
2026-01-04,SKU-10007,17,161.62,2747.54,1539.86,Promo,Wholesale
2026-01-04,SKU-10040,24,162.33,3895.92,2320.08,Regular,Wholesale
2026-01-04,SKU-10024,36,78.19,2814.84,925.2,Regular,Wholesale
2026-01-04,SKU-10034,39,129.17,5037.63,3042.39,Regular,Online
2026-01-04,SKU-10016,23,173.9,3999.7,2035.96,Regular,Online
2026-01-04,SKU-10012,37,81.57,3018.09,1036.74,Regular,Retail
2026-01-04,SKU-10035,19,185.61,3526.59,1751.04,Regular,Retail
2026-01-04,SKU-10051,37,45.31,1676.47,527.62,Regular,Online
2026-01-04,SKU-10015,25,172.59,4314.75,1494.5,Regular,Wholesale
2026-01-04,SKU-10029,34,198.12,6736.08,3822.28,Regular,Online
2026-01-04,SKU-10005,25,15.83,395.75,162.75,Regular,Retail
2026-01-04,SKU-10044,22,177.83,3912.26,2379.52,Regular,Wholesale
2026-01-04,SKU-10002,25,127.12,3178.0,1968.25,Promo,Retail
2026-01-04,SKU-10043,28,39.64,1109.92,680.96,Promo,Wholesale
2026-01-04,SKU-10039,17,163.7,2782.9,1985.77,Promo,Retail
2026-01-04,SKU-10037,31,199.93,6197.83,2845.8,Regular,Online
2026-01-04,SKU-10014,7,150.11,1050.77,596.82,Regular,Wholesale
2026-01-04,SKU-10059,22,35.0,770.0,342.32,Regular,Wholesale
2026-01-04,SKU-10047,20,137.32,2746.4,1165.8,Regular,Online
2026-01-04,SKU-10026,15,120.28,1804.2,983.7,Regular,Wholesale
2026-01-04,SKU-10019,10,175.0,1750.0,739.5,Regular,Wholesale
2026-01-04,SKU-10058,24,171.15,4107.6,1800.48,Regular,Online
2026-01-04,SKU-10030,28,21.27,595.56,350.56,Promo,Online
2026-01-04,SKU-10022,44,62.41,2746.04,1210.0,Regular,Online
2026-01-04,SKU-10033,21,138.91,2917.11,1535.52,Regular,Retail
2026-01-04,SKU-10021,35,136.6,4781.0,1928.5,Regular,Online
2026-01-04,SKU-10031,18,124.86,2247.48,1123.74,Regular,Retail
2026-01-04,SKU-10055,23,155.5,3576.5,1713.27,Regular,Retail
2026-01-04,SKU-10036,14,95.97,1343.58,756.42,Regular,Wholesale
2026-01-04,SKU-10050,46,138.52,6371.92,3907.7,Promo,Wholesale
2026-01-04,SKU-10056,22,17.51,385.22,172.04,Regular,Retail
2026-01-04,SKU-10008,16,47.3,756.8,370.72,Regular,Wholesale
2026-01-04,SKU-10011,11,211.24,2323.64,999.35,Regular,Online
2026-01-04,SKU-10013,35,116.3,4070.5,2143.05,Promo,Retail
2026-01-04,SKU-10006,19,53.5,1016.5,393.68,Regular,Retail
2026-01-04,SKU-10049,9,232.23,2090.07,851.49,Regular,Online
2026-01-04,SKU-10025,7,50.6,354.2,128.03,Regular,Online
2026-01-04,SKU-10060,16,182.44,2919.04,1055.84,Regular,Online
2026-01-04,SKU-10041,27,174.3,4706.1,2438.37,Regular,Wholesale
2026-01-05,SKU-10035,25,179.86,4496.5,2304.0,Regular,Retail
2026-01-05,SKU-10046,22,100.62,2213.64,1202.96,Regular,Retail
2026-01-05,SKU-10009,9,124.27,1118.43,494.82,Promo,Retail
2026-01-05,SKU-10023,23,16.99,390.77,180.32,Regular,Wholesale
2026-01-05,SKU-10050,13,147.11,1912.43,1104.35,Regular,Online
2026-01-05,SKU-10027,6,187.64,1125.84,378.18,Regular,Online
2026-01-05,SKU-10013,14,134.5,1883.0,857.22,Regular,Wholesale
2026-01-05,SKU-10024,25,64.15,1603.75,642.5,Promo,Retail
2026-01-05,SKU-10033,29,132.78,3850.62,2120.48,Regular,Retail
2026-01-05,SKU-10053,21,73.94,1552.74,792.33,Regular,Online
2026-01-05,SKU-10016,28,168.44,4716.32,2478.56,Regular,Online
2026-01-05,SKU-10058,15,167.68,2515.2,1125.3,Regular,Retail
2026-01-05,SKU-10054,31,147.56,4574.36,1713.37,Regular,Retail
2026-01-05,SKU-10030,12,26.83,321.96,150.24,Regular,Wholesale
2026-01-05,SKU-10042,35,205.67,7198.45,3267.6,Regular,Online
2026-01-05,SKU-10025,23,49.57,1140.11,420.67,Regular,Retail
2026-01-05,SKU-10003,21,133.71,2807.91,1198.26,Regular,Retail
2026-01-05,SKU-10044,7,182.13,1274.91,757.12,Regular,Online
2026-01-05,SKU-10007,17,204.37,3474.29,1539.86,Regular,Retail
2026-01-05,SKU-10002,16,134.36,2149.76,1259.68,Regular,Online
2026-01-05,SKU-10036,13,92.42,1201.46,702.39,Regular,Online
2026-01-05,SKU-10047,18,121.23,2182.14,1049.22,Promo,Wholesale
2026-01-05,SKU-10052,36,143.2,5155.2,2082.24,Promo,Retail
2026-01-05,SKU-10010,24,74.41,1785.84,740.4,Regular,Retail
2026-01-05,SKU-10034,24,132.6,3182.4,1872.24,Regular,Online
2026-01-05,SKU-10021,24,119.19,2860.56,1322.4,Promo,Wholesale
2026-01-05,SKU-10037,24,188.41,4521.84,2203.2,Regular,Retail
2026-01-05,SKU-10041,18,169.22,3045.96,1625.58,Regular,Retail
2026-01-05,SKU-10043,40,43.56,1742.4,972.8,Regular,Retail
2026-01-05,SKU-10049,22,232.19,5108.18,2081.42,Regular,Wholesale
2026-01-05,SKU-10029,16,193.51,3096.16,1798.72,Regular,Retail
2026-01-05,SKU-10038,15,53.04,795.6,565.65,Promo,Online
2026-01-05,SKU-10032,13,60.86,791.18,441.74,Promo,Wholesale
2026-01-05,SKU-10004,6,152.48,914.88,439.62,Regular,Retail
2026-01-05,SKU-10057,5,217.81,1089.05,646.6,Regular,Wholesale
2026-01-05,SKU-10018,25,131.01,3275.25,1386.0,Regular,Wholesale
2026-01-05,SKU-10051,6,41.75,250.5,85.56,Regular,Online
2026-01-05,SKU-10020,17,44.61,758.37,306.68,Regular,Retail
2026-01-05,SKU-10039,13,156.7,2037.1,1518.53,Promo,Wholesale
2026-01-05,SKU-10022,27,61.54,1661.58,742.5,Regular,Online
2026-01-05,SKU-10031,16,123.6,1977.6,998.88,Regular,Wholesale
2026-01-05,SKU-10011,13,223.13,2900.69,1181.05,Regular,Online
2026-01-05,SKU-10048,13,150.47,1956.11,694.59,Regular,Retail
2026-01-05,SKU-10028,14,30.19,422.66,169.54,Regular,Wholesale
2026-01-05,SKU-10012,23,77.95,1792.85,644.46,Regular,Wholesale
2026-01-06,SKU-10037,12,187.79,2253.48,1101.6,Regular,Wholesale
2026-01-06,SKU-10026,34,114.05,3877.7,2229.72,Regular,Wholesale
2026-01-06,SKU-10012,29,81.52,2364.08,812.58,Regular,Online
2026-01-06,SKU-10018,17,137.7,2340.9,942.48,Regular,Wholesale
2026-01-06,SKU-10053,3,65.09,195.27,113.19,Promo,Online
2026-01-06,SKU-10056,24,17.42,418.08,187.68,Regular,Online
2026-01-06,SKU-10040,18,173.15,3116.7,1740.06,Regular,Online
2026-01-06,SKU-10027,19,196.08,3725.52,1197.57,Regular,Retail
2026-01-06,SKU-10048,1,137.98,137.98,53.43,Promo,Online
2026-01-06,SKU-10035,27,192.43,5195.61,2488.32,Regular,Retail
2026-01-06,SKU-10024,30,77.39,2321.7,771.0,Regular,Wholesale
2026-01-06,SKU-10020,12,42.77,513.24,216.48,Regular,Online
2026-01-06,SKU-10036,42,92.52,3885.84,2269.26,Regular,Online
2026-01-06,SKU-10025,25,52.56,1314.0,457.25,Regular,Online
2026-01-06,SKU-10060,33,184.53,6089.49,2177.67,Regular,Retail
2026-01-06,SKU-10042,14,204.91,2868.74,1307.04,Regular,Retail
2026-01-06,SKU-10019,14,159.35,2230.9,1035.3,Regular,Online
2026-01-06,SKU-10054,12,148.19,1778.28,663.24,Regular,Retail
2026-01-06,SKU-10017,35,219.48,7681.8,2994.6,Regular,Online
2026-01-06,SKU-10001,21,8.8,184.8,61.95,Regular,Wholesale
2026-01-06,SKU-10016,28,175.41,4911.48,2478.56,Regular,Online
2026-01-06,SKU-10045,34,131.86,4483.24,3113.38,Promo,Wholesale
2026-01-06,SKU-10028,12,32.73,392.76,145.32,Regular,Wholesale
2026-01-06,SKU-10047,33,148.16,4889.28,1923.57,Regular,Online
2026-01-06,SKU-10034,23,129.64,2981.72,1794.23,Regular,Wholesale
2026-01-06,SKU-10002,25,136.23,3405.75,1968.25,Regular,Online
2026-01-06,SKU-10006,15,53.98,809.7,310.8,Regular,Retail
2026-01-06,SKU-10014,31,150.72,4672.32,2643.06,Regular,Retail
2026-01-06,SKU-10057,25,227.78,5694.5,3233.0,Regular,Retail
2026-01-06,SKU-10049,21,187.86,3945.06,1986.81,Promo,Wholesale
2026-01-06,SKU-10003,13,126.24,1641.12,741.78,Regular,Wholesale
2026-01-06,SKU-10043,30,41.77,1253.1,729.6,Promo,Wholesale
2026-01-06,SKU-10005,28,15.07,421.96,182.28,Regular,Retail
2026-01-06,SKU-10022,39,64.23,2504.97,1072.5,Regular,Online
2026-01-06,SKU-10059,23,34.56,794.88,357.88,Regular,Wholesale
2026-01-06,SKU-10011,21,216.61,4548.81,1907.85,Regular,Online
2026-01-06,SKU-10033,15,109.11,1636.65,1096.8,Promo,Online
2026-01-06,SKU-10051,31,43.48,1347.88,442.06,Regular,Retail
2026-01-06,SKU-10046,27,101.86,2750.22,1476.36,Regular,Online
2026-01-06,SKU-10007,36,213.1,7671.6,3260.88,Regular,Wholesale
2026-01-06,SKU-10004,27,159.18,4297.86,1978.29,Regular,Retail
2026-01-06,SKU-10008,20,50.0,1000.0,463.4,Regular,Wholesale
2026-01-06,SKU-10030,15,22.7,340.5,187.8,Promo,Online
2026-01-06,SKU-10010,30,72.49,2174.7,925.5,Regular,Wholesale
2026-01-07,SKU-10029,26,185.62,4826.12,2922.92,Regular,Retail
2026-01-07,SKU-10035,33,156.07,5150.31,3041.28,Promo,Retail
2026-01-07,SKU-10013,20,132.6,2652.0,1224.6,Regular,Retail
2026-01-07,SKU-10039,24,171.55,4117.2,2803.44,Promo,Wholesale
2026-01-07,SKU-10010,30,69.15,2074.5,925.5,Regular,Retail
2026-01-07,SKU-10042,21,193.32,4059.72,1960.56,Promo,Online
2026-01-07,SKU-10027,28,192.31,5384.68,1764.84,Regular,Wholesale
2026-01-07,SKU-10058,21,158.74,3333.54,1575.42,Regular,Wholesale
2026-01-07,SKU-10049,38,237.16,9012.08,3595.18,Regular,Wholesale
2026-01-07,SKU-10024,12,76.27,915.24,308.4,Regular,Wholesale
2026-01-07,SKU-10055,29,152.13,4411.77,2160.21,Regular,Retail
2026-01-07,SKU-10048,15,160.31,2404.65,801.45,Regular,Retail
2026-01-07,SKU-10006,21,41.04,861.84,435.12,Promo,Wholesale
2026-01-07,SKU-10047,21,146.34,3073.14,1224.09,Regular,Retail
2026-01-07,SKU-10028,23,30.06,691.38,278.53,Regular,Online
2026-01-07,SKU-10038,23,58.86,1353.78,867.33,Regular,Wholesale
2026-01-07,SKU-10053,22,73.19,1610.18,830.06,Regular,Online
2026-01-07,SKU-10017,13,206.69,2686.97,1112.28,Regular,Online
2026-01-07,SKU-10018,27,139.92,3777.84,1496.88,Regular,Online
2026-01-07,SKU-10037,23,198.62,4568.26,2111.4,Regular,Online
2026-01-07,SKU-10051,29,42.67,1237.43,413.54,Regular,Retail
2026-01-07,SKU-10005,29,15.19,440.51,188.79,Regular,Retail
2026-01-07,SKU-10002,26,139.42,3624.92,2046.98,Regular,Online
2026-01-07,SKU-10034,14,140.36,1965.04,1092.14,Regular,Online
2026-01-07,SKU-10052,30,138.54,4156.2,1735.2,Promo,Wholesale
2026-01-07,SKU-10011,24,208.81,5011.44,2180.4,Regular,Retail
2026-01-07,SKU-10008,21,50.26,1055.46,486.57,Regular,Wholesale
2026-01-07,SKU-10041,27,178.15,4810.05,2438.37,Regular,Online
2026-01-07,SKU-10016,27,176.82,4774.14,2390.04,Regular,Wholesale
2026-01-07,SKU-10030,11,27.33,300.63,137.72,Regular,Wholesale
2026-01-07,SKU-10015,7,180.16,1261.12,418.46,Regular,Wholesale
2026-01-07,SKU-10040,27,163.64,4418.28,2610.09,Regular,Wholesale
2026-01-07,SKU-10020,35,41.56,1454.6,631.4,Regular,Retail
2026-01-07,SKU-10031,16,133.92,2142.72,998.88,Regular,Online
2026-01-07,SKU-10014,40,147.43,5897.2,3410.4,Regular,Wholesale
2026-01-07,SKU-10050,24,159.0,3816.0,2038.8,Regular,Retail
2026-01-07,SKU-10033,6,140.07,840.42,438.72,Regular,Wholesale
2026-01-07,SKU-10022,20,53.08,1061.6,550.0,Promo,Wholesale
2026-01-07,SKU-10009,7,140.24,981.68,384.86,Regular,Online
2026-01-07,SKU-10023,25,17.06,426.5,196.0,Regular,Wholesale
2026-01-07,SKU-10025,25,51.76,1294.0,457.25,Regular,Online
2026-01-07,SKU-10004,25,134.61,3365.25,1831.75,Promo,Wholesale
2026-01-07,SKU-10012,46,77.06,3544.76,1288.92,Regular,Wholesale
2026-01-07,SKU-10001,27,8.68,234.36,79.65,Regular,Retail
2026-01-07,SKU-10026,6,123.84,743.04,393.48,Regular,Wholesale
2026-01-08,SKU-10004,27,160.99,4346.73,1978.29,Regular,Online
2026-01-08,SKU-10034,21,140.22,2944.62,1638.21,Regular,Online
2026-01-08,SKU-10005,44,13.41,590.04,286.44,Promo,Wholesale
2026-01-08,SKU-10029,15,173.33,2599.95,1686.3,Promo,Wholesale
2026-01-08,SKU-10043,35,47.71,1669.85,851.2,Regular,Online
2026-01-08,SKU-10022,33,63.84,2106.72,907.5,Regular,Retail
2026-01-08,SKU-10013,32,128.28,4104.96,1959.36,Regular,Wholesale
2026-01-08,SKU-10014,18,156.52,2817.36,1534.68,Regular,Wholesale
2026-01-08,SKU-10039,25,200.98,5024.5,2920.25,Regular,Retail
2026-01-08,SKU-10021,27,132.27,3571.29,1487.7,Regular,Online
2026-01-08,SKU-10046,30,95.26,2857.8,1640.4,Regular,Retail
2026-01-08,SKU-10055,32,157.95,5054.4,2383.68,Regular,Wholesale
2026-01-08,SKU-10057,9,230.42,2073.78,1163.88,Regular,Wholesale
2026-01-08,SKU-10037,38,185.66,7055.08,3488.4,Regular,Retail
2026-01-08,SKU-10006,9,53.97,485.73,186.48,Regular,Online
2026-01-08,SKU-10025,22,51.59,1134.98,402.38,Regular,Retail
2026-01-08,SKU-10019,11,171.29,1884.19,813.45,Regular,Online
2026-01-08,SKU-10045,33,159.13,5251.29,3021.81,Regular,Retail
2026-01-08,SKU-10041,12,159.6,1915.2,1083.72,Promo,Retail
2026-01-08,SKU-10044,40,179.53,7181.2,4326.4,Regular,Retail
2026-01-08,SKU-10048,32,153.5,4912.0,1709.76,Regular,Wholesale
2026-01-08,SKU-10036,24,80.48,1931.52,1296.72,Promo,Retail
2026-01-08,SKU-10023,24,16.72,401.28,188.16,Regular,Retail
2026-01-08,SKU-10042,17,183.47,3118.99,1587.12,Promo,Retail
2026-01-08,SKU-10007,21,188.92,3967.32,1902.18,Promo,Retail
2026-01-08,SKU-10028,47,32.56,1530.32,569.17,Regular,Retail
2026-01-08,SKU-10051,17,42.78,727.26,242.42,Regular,Retail
2026-01-08,SKU-10052,11,157.07,1727.77,636.24,Regular,Wholesale
2026-01-08,SKU-10053,15,74.53,1117.95,565.95,Regular,Retail
2026-01-08,SKU-10054,15,117.48,1762.2,829.05,Promo,Retail
2026-01-08,SKU-10017,33,220.64,7281.12,2823.48,Regular,Retail
2026-01-08,SKU-10011,16,217.39,3478.24,1453.6,Regular,Online
2026-01-08,SKU-10026,25,104.79,2619.75,1639.5,Promo,Online
2026-01-08,SKU-10009,28,138.02,3864.56,1539.44,Regular,Wholesale
2026-01-08,SKU-10030,9,27.22,244.98,112.68,Regular,Wholesale
2026-01-08,SKU-10031,7,124.49,871.43,437.01,Regular,Wholesale
2026-01-08,SKU-10049,24,235.7,5656.8,2270.64,Regular,Wholesale
2026-01-08,SKU-10038,12,48.83,585.96,452.52,Promo,Wholesale
2026-01-08,SKU-10010,15,75.56,1133.4,462.75,Regular,Online
2026-01-08,SKU-10012,18,83.45,1502.1,504.36,Regular,Online
2026-01-08,SKU-10027,17,182.17,3096.89,1071.51,Regular,Online
2026-01-08,SKU-10060,17,189.75,3225.75,1121.83,Regular,Wholesale
2026-01-08,SKU-10008,32,48.67,1557.44,741.44,Regular,Online
2026-01-08,SKU-10002,17,137.37,2335.29,1338.41,Regular,Online
2026-01-08,SKU-10003,30,126.15,3784.5,1711.8,Regular,Wholesale
2026-01-09,SKU-10019,17,159.8,2716.6,1257.15,Regular,Retail
2026-01-09,SKU-10045,14,151.14,2115.96,1281.98,Regular,Wholesale
2026-01-09,SKU-10011,16,207.85,3325.6,1453.6,Regular,Wholesale
2026-01-09,SKU-10057,32,225.38,7212.16,4138.24,Regular,Online
2026-01-09,SKU-10014,21,119.43,2508.03,1790.46,Promo,Wholesale
2026-01-09,SKU-10048,37,149.96,5548.52,1976.91,Regular,Retail
2026-01-09,SKU-10038,33,58.58,1933.14,1244.43,Regular,Online
2026-01-09,SKU-10002,19,136.99,2602.81,1495.87,Regular,Wholesale
2026-01-09,SKU-10027,15,192.46,2886.9,945.45,Regular,Retail
2026-01-09,SKU-10023,39,16.9,659.1,305.76,Regular,Online
2026-01-09,SKU-10004,39,153.75,5996.25,2857.53,Regular,Online
2026-01-09,SKU-10029,27,185.87,5018.49,3035.34,Regular,Retail
2026-01-09,SKU-10040,33,174.2,5748.6,3190.11,Regular,Retail
2026-01-09,SKU-10021,28,137.66,3854.48,1542.8,Regular,Online
2026-01-09,SKU-10025,26,44.73,1162.98,475.54,Promo,Wholesale
2026-01-09,SKU-10054,13,123.52,1605.76,718.51,Promo,Retail
2026-01-09,SKU-10020,34,41.31,1404.54,613.36,Regular,Online
2026-01-09,SKU-10006,11,52.97,582.67,227.92,Regular,Wholesale
2026-01-09,SKU-10037,26,163.31,4246.06,2386.8,Promo,Retail
2026-01-09,SKU-10036,23,92.09,2118.07,1242.69,Regular,Retail
2026-01-09,SKU-10035,12,188.8,2265.6,1105.92,Regular,Wholesale
2026-01-09,SKU-10052,13,161.29,2096.77,751.92,Regular,Wholesale
2026-01-09,SKU-10044,33,181.11,5976.63,3569.28,Regular,Retail
2026-01-09,SKU-10041,19,173.81,3302.39,1715.89,Regular,Retail
2026-01-09,SKU-10043,19,44.34,842.46,462.08,Regular,Online
2026-01-09,SKU-10016,27,155.27,4192.29,2390.04,Promo,Online
2026-01-09,SKU-10034,25,135.71,3392.75,1950.25,Regular,Online
2026-01-09,SKU-10001,32,8.86,283.52,94.4,Regular,Wholesale
2026-01-09,SKU-10026,19,114.73,2179.87,1246.02,Regular,Retail
2026-01-09,SKU-10053,15,72.58,1088.7,565.95,Regular,Retail
2026-01-09,SKU-10015,29,142.37,4128.73,1733.62,Promo,Retail
2026-01-09,SKU-10012,27,70.84,1912.68,756.54,Promo,Wholesale
2026-01-09,SKU-10058,30,163.1,4893.0,2250.6,Regular,Wholesale
2026-01-09,SKU-10005,18,15.77,283.86,117.18,Regular,Online
2026-01-09,SKU-10024,16,77.97,1247.52,411.2,Regular,Wholesale
2026-01-09,SKU-10051,18,43.59,784.62,256.68,Regular,Wholesale
2026-01-09,SKU-10049,14,217.19,3040.66,1324.54,Regular,Retail
2026-01-09,SKU-10042,23,176.85,4067.55,2147.28,Promo,Wholesale
2026-01-09,SKU-10031,17,126.93,2157.81,1061.31,Regular,Online
2026-01-09,SKU-10033,40,145.06,5802.4,2924.8,Regular,Online
2026-01-09,SKU-10056,25,19.03,475.75,195.5,Regular,Retail
2026-01-09,SKU-10030,24,26.48,635.52,300.48,Regular,Wholesale
2026-01-09,SKU-10007,33,213.23,7036.59,2989.14,Regular,Retail
2026-01-09,SKU-10009,29,150.43,4362.47,1594.42,Regular,Retail
2026-01-10,SKU-10044,29,176.98,5132.42,3136.64,Regular,Online
2026-01-10,SKU-10026,21,116.26,2441.46,1377.18,Regular,Online
2026-01-10,SKU-10031,8,125.84,1006.72,499.44,Regular,Retail
2026-01-10,SKU-10057,34,221.84,7542.56,4396.88,Regular,Retail
2026-01-10,SKU-10024,22,76.16,1675.52,565.4,Regular,Retail
2026-01-10,SKU-10029,43,182.23,7835.89,4834.06,Regular,Retail
2026-01-10,SKU-10034,33,131.1,4326.3,2574.33,Regular,Wholesale
2026-01-10,SKU-10036,15,96.57,1448.55,810.45,Regular,Retail
2026-01-10,SKU-10027,19,169.32,3217.08,1197.57,Promo,Online
2026-01-10,SKU-10007,27,205.61,5551.47,2445.66,Regular,Wholesale
2026-01-10,SKU-10037,32,165.24,5287.68,2937.6,Promo,Wholesale
2026-01-10,SKU-10040,22,162.91,3584.02,2126.74,Regular,Retail
2026-01-10,SKU-10056,25,17.45,436.25,195.5,Regular,Retail
2026-01-10,SKU-10050,35,154.66,5413.1,2973.25,Regular,Online
2026-01-10,SKU-10025,22,41.02,902.44,402.38,Promo,Wholesale
2026-01-10,SKU-10017,15,171.48,2572.2,1283.4,Promo,Retail
2026-01-10,SKU-10012,20,76.24,1524.8,560.4,Regular,Wholesale
2026-01-10,SKU-10055,19,129.37,2458.03,1415.31,Promo,Retail
2026-01-10,SKU-10014,29,145.11,4208.19,2472.54,Regular,Wholesale
2026-01-10,SKU-10039,31,187.46,5811.26,3621.11,Regular,Wholesale
2026-01-10,SKU-10043,26,47.15,1225.9,632.32,Regular,Retail
2026-01-10,SKU-10060,31,199.65,6189.15,2045.69,Regular,Online
2026-01-10,SKU-10038,33,59.36,1958.88,1244.43,Regular,Wholesale
2026-01-10,SKU-10045,20,153.01,3060.2,1831.4,Regular,Online
2026-01-10,SKU-10052,15,164.07,2461.05,867.6,Regular,Retail
2026-01-10,SKU-10042,28,205.63,5757.64,2614.08,Regular,Wholesale
2026-01-10,SKU-10008,30,49.62,1488.6,695.1,Regular,Retail
2026-01-10,SKU-10003,24,109.18,2620.32,1369.44,Promo,Retail
2026-01-10,SKU-10059,40,35.87,1434.8,622.4,Regular,Online
2026-01-10,SKU-10028,27,28.57,771.39,326.97,Promo,Retail
2026-01-10,SKU-10019,10,149.18,1491.8,739.5,Promo,Wholesale
2026-01-10,SKU-10049,37,227.13,8403.81,3500.57,Regular,Retail
2026-01-10,SKU-10021,41,116.3,4768.3,2259.1,Promo,Retail
2026-01-10,SKU-10051,18,36.41,655.38,256.68,Promo,Online
2026-01-10,SKU-10048,24,161.58,3877.92,1282.32,Regular,Online
2026-01-10,SKU-10020,26,36.13,939.38,469.04,Promo,Online
2026-01-10,SKU-10011,26,209.11,5436.86,2362.1,Regular,Retail
2026-01-10,SKU-10053,15,70.79,1061.85,565.95,Regular,Retail
2026-01-10,SKU-10041,12,172.08,2064.96,1083.72,Regular,Online
2026-01-10,SKU-10005,33,15.46,510.18,214.83,Regular,Wholesale
2026-01-10,SKU-10023,22,17.12,376.64,172.48,Regular,Wholesale
2026-01-10,SKU-10002,16,134.54,2152.64,1259.68,Regular,Online
2026-01-10,SKU-10013,22,130.09,2861.98,1347.06,Regular,Online
2026-01-10,SKU-10022,22,56.08,1233.76,605.0,Promo,Online
2026-01-11,SKU-10002,18,140.09,2521.62,1417.14,Regular,Retail
2026-01-11,SKU-10057,30,219.84,6595.2,3879.6,Regular,Wholesale
2026-01-11,SKU-10034,22,140.91,3100.02,1716.22,Regular,Retail
2026-01-11,SKU-10018,36,140.08,5042.88,1995.84,Regular,Online
2026-01-11,SKU-10026,22,124.29,2734.38,1442.76,Regular,Retail
2026-01-11,SKU-10050,20,150.63,3012.6,1699.0,Regular,Wholesale
2026-01-11,SKU-10059,27,33.12,894.24,420.12,Regular,Online
2026-01-11,SKU-10038,23,58.28,1340.44,867.33,Regular,Wholesale
2026-01-11,SKU-10013,14,133.49,1868.86,857.22,Regular,Wholesale
2026-01-11,SKU-10037,26,155.55,4044.3,2386.8,Promo,Wholesale
2026-01-11,SKU-10027,34,191.59,6514.06,2143.02,Regular,Retail
2026-01-11,SKU-10056,19,16.83,319.77,148.58,Promo,Online
2026-01-11,SKU-10048,10,132.22,1322.2,534.3,Promo,Online
2026-01-11,SKU-10029,27,186.62,5038.74,3035.34,Regular,Online
2026-01-11,SKU-10030,54,25.96,1401.84,676.08,Regular,Retail
2026-01-11,SKU-10040,18,172.77,3109.86,1740.06,Regular,Retail
2026-01-11,SKU-10016,37,153.44,5677.28,3275.24,Promo,Online
2026-01-11,SKU-10007,31,212.24,6579.44,2807.98,Regular,Wholesale
2026-01-11,SKU-10003,17,127.04,2159.68,970.02,Regular,Online
2026-01-11,SKU-10031,32,124.31,3977.92,1997.76,Regular,Wholesale
2026-01-11,SKU-10053,21,58.49,1228.29,792.33,Promo,Retail
2026-01-11,SKU-10039,25,202.03,5050.75,2920.25,Regular,Retail
2026-01-11,SKU-10032,20,79.42,1588.4,679.6,Regular,Online
2026-01-11,SKU-10012,30,71.57,2147.1,840.6,Promo,Wholesale
2026-01-11,SKU-10033,24,143.33,3439.92,1754.88,Regular,Wholesale
2026-01-11,SKU-10015,28,166.9,4673.2,1673.84,Regular,Online
2026-01-11,SKU-10041,11,169.74,1867.14,993.41,Regular,Wholesale
2026-01-11,SKU-10044,29,193.52,5612.08,3136.64,Regular,Wholesale
2026-01-11,SKU-10058,32,131.41,4205.12,2400.64,Promo,Retail
2026-01-11,SKU-10009,5,148.13,740.65,274.9,Regular,Online
2026-01-11,SKU-10060,6,193.8,1162.8,395.94,Regular,Wholesale
2026-01-11,SKU-10017,26,167.73,4360.98,2224.56,Promo,Online
2026-01-11,SKU-10023,27,15.15,409.05,211.68,Promo,Retail
2026-01-11,SKU-10005,10,14.71,147.1,65.1,Regular,Retail
2026-01-11,SKU-10055,24,119.42,2866.08,1787.76,Promo,Online
2026-01-11,SKU-10019,18,166.4,2995.2,1331.1,Regular,Wholesale
2026-01-11,SKU-10046,24,104.73,2513.52,1312.32,Regular,Wholesale
2026-01-11,SKU-10008,25,49.93,1248.25,579.25,Regular,Retail
2026-01-11,SKU-10049,14,228.11,3193.54,1324.54,Regular,Online
2026-01-11,SKU-10047,20,140.18,2803.6,1165.8,Regular,Wholesale
2026-01-11,SKU-10025,23,50.44,1160.12,420.67,Regular,Retail
2026-01-11,SKU-10014,14,123.9,1734.6,1193.64,Promo,Online
2026-01-11,SKU-10024,10,79.03,790.3,257.0,Regular,Retail
2026-01-11,SKU-10052,18,132.26,2380.68,1041.12,Promo,Wholesale
2026-01-11,SKU-10028,13,32.51,422.63,157.43,Regular,Wholesale
2026-01-12,SKU-10026,10,116.78,1167.8,655.8,Regular,Wholesale
2026-01-12,SKU-10041,18,177.31,3191.58,1625.58,Regular,Online
2026-01-12,SKU-10018,10,136.73,1367.3,554.4,Regular,Retail
2026-01-12,SKU-10007,23,161.46,3713.58,2083.34,Promo,Wholesale
2026-01-12,SKU-10051,31,41.95,1300.45,442.06,Regular,Online
2026-01-12,SKU-10010,21,59.25,1244.25,647.85,Promo,Wholesale
2026-01-12,SKU-10025,14,40.02,560.28,256.06,Promo,Retail
2026-01-12,SKU-10056,32,18.13,580.16,250.24,Regular,Wholesale
2026-01-12,SKU-10030,25,26.53,663.25,313.0,Regular,Wholesale
2026-01-12,SKU-10034,29,110.36,3200.44,2262.29,Promo,Retail
2026-01-12,SKU-10053,17,70.39,1196.63,641.41,Regular,Retail
2026-01-12,SKU-10038,9,51.07,459.63,339.39,Promo,Wholesale
2026-01-12,SKU-10020,42,42.67,1792.14,757.68,Regular,Wholesale
2026-01-12,SKU-10024,9,69.31,623.79,231.3,Promo,Online
2026-01-12,SKU-10023,11,15.84,174.24,86.24,Regular,Online
2026-01-12,SKU-10014,30,157.37,4721.1,2557.8,Regular,Online
2026-01-12,SKU-10006,22,50.52,1111.44,455.84,Regular,Wholesale
2026-01-12,SKU-10004,32,148.25,4744.0,2344.64,Regular,Wholesale
2026-01-12,SKU-10045,29,149.23,4327.67,2655.53,Regular,Retail
2026-01-12,SKU-10011,25,207.75,5193.75,2271.25,Regular,Retail
2026-01-12,SKU-10057,18,213.24,3838.32,2327.76,Regular,Retail
2026-01-12,SKU-10001,33,8.67,286.11,97.35,Regular,Wholesale
2026-01-12,SKU-10050,8,148.41,1187.28,679.6,Regular,Retail
2026-01-12,SKU-10012,25,81.55,2038.75,700.5,Regular,Wholesale
2026-01-12,SKU-10013,23,132.55,3048.65,1408.29,Regular,Online
2026-01-12,SKU-10037,17,182.45,3101.65,1560.6,Regular,Online
2026-01-12,SKU-10029,24,198.59,4766.16,2698.08,Regular,Wholesale
2026-01-12,SKU-10028,24,31.62,758.88,290.64,Regular,Retail
2026-01-12,SKU-10059,10,34.79,347.9,155.6,Regular,Retail
2026-01-12,SKU-10039,14,158.67,2221.38,1635.34,Promo,Retail
2026-01-12,SKU-10009,30,137.58,4127.4,1649.4,Regular,Retail
2026-01-12,SKU-10040,34,141.75,4819.5,3286.78,Promo,Retail
2026-01-12,SKU-10042,27,193.18,5215.86,2520.72,Promo,Online
2026-01-12,SKU-10058,17,168.08,2857.36,1275.34,Regular,Online
2026-01-12,SKU-10019,37,175.59,6496.83,2736.15,Regular,Online
2026-01-12,SKU-10036,29,90.73,2631.17,1566.87,Regular,Online
2026-01-12,SKU-10022,27,60.9,1644.3,742.5,Regular,Wholesale
2026-01-12,SKU-10043,13,44.17,574.21,316.16,Regular,Wholesale
2026-01-12,SKU-10008,27,49.19,1328.13,625.59,Regular,Online
2026-01-12,SKU-10047,36,150.45,5416.2,2098.44,Regular,Online
2026-01-12,SKU-10044,20,186.23,3724.6,2163.2,Regular,Retail
2026-01-12,SKU-10035,27,185.02,4995.54,2488.32,Regular,Wholesale
2026-01-12,SKU-10005,13,15.57,202.41,84.63,Regular,Wholesale
2026-01-12,SKU-10046,20,100.22,2004.4,1093.6,Regular,Wholesale
2026-01-12,SKU-10017,23,187.35,4309.05,1967.88,Promo,Wholesale
2026-01-13,SKU-10033,29,143.54,4162.66,2120.48,Regular,Retail
2026-01-13,SKU-10001,6,7.22,43.32,17.7,Promo,Wholesale
2026-01-13,SKU-10002,19,138.18,2625.42,1495.87,Regular,Retail
2026-01-13,SKU-10004,10,155.38,1553.8,732.7,Regular,Retail
2026-01-13,SKU-10042,12,206.2,2474.4,1120.32,Regular,Wholesale
2026-01-13,SKU-10020,2,42.23,84.46,36.08,Regular,Wholesale
2026-01-13,SKU-10053,35,74.55,2609.25,1320.55,Regular,Wholesale
2026-01-13,SKU-10018,30,132.71,3981.3,1663.2,Regular,Online
2026-01-13,SKU-10009,16,115.65,1850.4,879.68,Promo,Online
2026-01-13,SKU-10014,13,149.65,1945.45,1108.38,Regular,Online
2026-01-13,SKU-10040,26,147.91,3845.66,2513.42,Promo,Online
2026-01-13,SKU-10047,19,140.98,2678.62,1107.51,Regular,Retail
2026-01-13,SKU-10010,11,69.52,764.72,339.35,Regular,Retail
2026-01-13,SKU-10023,13,16.36,212.68,101.92,Regular,Online
2026-01-13,SKU-10005,13,14.83,192.79,84.63,Regular,Online
2026-01-13,SKU-10007,7,198.11,1386.77,634.06,Regular,Retail
2026-01-13,SKU-10041,22,177.77,3910.94,1986.82,Regular,Wholesale
2026-01-13,SKU-10032,20,73.63,1472.6,679.6,Regular,Retail
2026-01-13,SKU-10016,19,174.65,3318.35,1681.88,Regular,Wholesale
2026-01-13,SKU-10059,16,36.03,576.48,248.96,Regular,Wholesale
2026-01-13,SKU-10026,30,112.71,3381.3,1967.4,Regular,Wholesale
2026-01-13,SKU-10013,25,136.11,3402.75,1530.75,Regular,Retail
2026-01-13,SKU-10054,19,144.06,2737.14,1050.13,Regular,Retail
2026-01-13,SKU-10044,34,147.08,5000.72,3677.44,Promo,Online
2026-01-13,SKU-10034,25,137.41,3435.25,1950.25,Regular,Retail
2026-01-13,SKU-10027,32,182.6,5843.2,2016.96,Regular,Wholesale
2026-01-13,SKU-10039,35,193.92,6787.2,4088.35,Regular,Wholesale
2026-01-13,SKU-10019,20,161.99,3239.8,1479.0,Regular,Wholesale
2026-01-13,SKU-10035,9,177.85,1600.65,829.44,Regular,Wholesale
2026-01-13,SKU-10050,29,159.73,4632.17,2463.55,Regular,Wholesale
2026-01-13,SKU-10036,34,94.05,3197.7,1837.02,Regular,Online
2026-01-13,SKU-10003,12,122.92,1475.04,684.72,Regular,Wholesale
2026-01-13,SKU-10031,33,125.2,4131.6,2060.19,Regular,Retail
2026-01-13,SKU-10012,12,77.76,933.12,336.24,Regular,Wholesale
2026-01-13,SKU-10015,25,173.46,4336.5,1494.5,Regular,Wholesale
2026-01-13,SKU-10052,32,170.45,5454.4,1850.88,Regular,Retail
2026-01-13,SKU-10045,23,156.53,3600.19,2106.11,Regular,Retail
2026-01-13,SKU-10030,20,21.71,434.2,250.4,Promo,Online
2026-01-13,SKU-10058,19,163.93,3114.67,1425.38,Regular,Retail
2026-01-13,SKU-10060,23,191.33,4400.59,1517.77,Regular,Wholesale
2026-01-13,SKU-10048,30,152.39,4571.7,1602.9,Regular,Online
2026-01-13,SKU-10056,24,18.37,440.88,187.68,Regular,Wholesale
2026-01-13,SKU-10028,19,25.28,480.32,230.09,Promo,Wholesale
2026-01-13,SKU-10029,37,195.8,7244.6,4159.54,Regular,Online
2026-01-14,SKU-10045,30,156.82,4704.6,2747.1,Regular,Online
2026-01-14,SKU-10027,15,183.66,2754.9,945.45,Regular,Wholesale
2026-01-14,SKU-10020,20,40.69,813.8,360.8,Regular,Retail
2026-01-14,SKU-10053,24,71.26,1710.24,905.52,Regular,Wholesale
2026-01-14,SKU-10031,9,133.64,1202.76,561.87,Regular,Online
2026-01-14,SKU-10055,15,150.5,2257.5,1117.35,Regular,Wholesale
2026-01-14,SKU-10033,18,112.9,2032.2,1316.16,Promo,Retail
2026-01-14,SKU-10054,25,154.25,3856.25,1381.75,Regular,Wholesale
2026-01-14,SKU-10028,12,31.95,383.4,145.32,Regular,Retail
2026-01-14,SKU-10018,11,132.65,1459.15,609.84,Regular,Online
2026-01-14,SKU-10014,31,143.31,4442.61,2643.06,Regular,Retail
2026-01-14,SKU-10006,25,53.75,1343.75,518.0,Regular,Wholesale
2026-01-14,SKU-10041,44,177.67,7817.48,3973.64,Regular,Retail
2026-01-14,SKU-10009,17,139.17,2365.89,934.66,Regular,Wholesale
2026-01-14,SKU-10011,25,214.52,5363.0,2271.25,Regular,Retail
2026-01-14,SKU-10012,28,71.96,2014.88,784.56,Promo,Retail
2026-01-14,SKU-10056,27,18.08,488.16,211.14,Regular,Online
2026-01-14,SKU-10023,26,16.41,426.66,203.84,Regular,Wholesale
2026-01-14,SKU-10019,23,165.03,3795.69,1700.85,Regular,Online
2026-01-14,SKU-10046,1,99.31,99.31,54.68,Regular,Wholesale
2026-01-14,SKU-10026,15,105.11,1576.65,983.7,Promo,Retail
2026-01-14,SKU-10016,26,171.01,4446.26,2301.52,Regular,Online
2026-01-14,SKU-10024,19,78.62,1493.78,488.3,Regular,Online
2026-01-14,SKU-10003,34,133.49,4538.66,1940.04,Regular,Wholesale
2026-01-14,SKU-10010,38,75.35,2863.3,1172.3,Regular,Wholesale
2026-01-14,SKU-10057,25,218.21,5455.25,3233.0,Regular,Online
2026-01-14,SKU-10025,19,52.62,999.78,347.51,Regular,Online
2026-01-14,SKU-10034,16,140.47,2247.52,1248.16,Regular,Online
2026-01-14,SKU-10021,30,140.86,4225.8,1653.0,Regular,Retail
2026-01-14,SKU-10059,25,33.47,836.75,389.0,Regular,Retail
2026-01-14,SKU-10029,22,190.02,4180.44,2473.24,Regular,Online
2026-01-14,SKU-10050,28,159.19,4457.32,2378.6,Regular,Online
2026-01-14,SKU-10051,22,41.61,915.42,313.72,Regular,Online
2026-01-14,SKU-10007,17,206.66,3513.22,1539.86,Regular,Retail
2026-01-14,SKU-10032,40,67.98,2719.2,1359.2,Promo,Retail
2026-01-14,SKU-10042,34,205.08,6972.72,3174.24,Regular,Wholesale
2026-01-14,SKU-10005,23,15.55,357.65,149.73,Regular,Retail
2026-01-14,SKU-10044,22,188.13,4138.86,2379.52,Regular,Retail
2026-01-14,SKU-10040,3,167.15,501.45,290.01,Regular,Wholesale
2026-01-14,SKU-10030,16,27.85,445.6,200.32,Regular,Retail
2026-01-14,SKU-10047,39,130.93,5106.27,2273.31,Promo,Retail
2026-01-14,SKU-10058,11,159.05,1749.55,825.22,Regular,Retail
2026-01-14,SKU-10001,28,9.13,255.64,82.6,Regular,Retail
2026-01-14,SKU-10017,11,214.56,2360.16,941.16,Regular,Retail
2026-01-14,SKU-10002,18,111.38,2004.84,1417.14,Promo,Online
2026-01-15,SKU-10014,32,154.02,4928.64,2728.32,Regular,Online
2026-01-15,SKU-10036,30,90.88,2726.4,1620.9,Regular,Retail
2026-01-15,SKU-10030,4,25.76,103.04,50.08,Regular,Online
2026-01-15,SKU-10037,14,171.84,2405.76,1285.2,Promo,Wholesale
2026-01-15,SKU-10054,21,141.44,2970.24,1160.67,Regular,Wholesale
2026-01-15,SKU-10024,33,78.07,2576.31,848.1,Regular,Retail
2026-01-15,SKU-10059,22,34.47,758.34,342.32,Regular,Retail
2026-01-15,SKU-10044,21,149.66,3142.86,2271.36,Promo,Wholesale
2026-01-15,SKU-10027,32,163.32,5226.24,2016.96,Promo,Online
2026-01-15,SKU-10041,37,177.52,6568.24,3341.47,Regular,Retail
2026-01-15,SKU-10053,21,72.36,1519.56,792.33,Regular,Online
2026-01-15,SKU-10048,21,149.37,3136.77,1122.03,Regular,Wholesale
2026-01-15,SKU-10020,20,43.73,874.6,360.8,Regular,Retail
2026-01-15,SKU-10017,36,217.22,7819.92,3080.16,Regular,Wholesale
2026-01-15,SKU-10043,18,43.98,791.64,437.76,Regular,Wholesale
2026-01-15,SKU-10009,25,149.71,3742.75,1374.5,Regular,Retail
2026-01-15,SKU-10040,10,152.44,1524.4,966.7,Promo,Wholesale
2026-01-15,SKU-10032,21,75.06,1576.26,713.58,Regular,Online
2026-01-15,SKU-10049,24,198.69,4768.56,2270.64,Promo,Wholesale
2026-01-15,SKU-10023,20,16.33,326.6,156.8,Regular,Online
2026-01-15,SKU-10050,17,150.72,2562.24,1444.15,Regular,Wholesale
2026-01-15,SKU-10038,17,53.46,908.82,641.07,Promo,Online
2026-01-15,SKU-10002,20,135.89,2717.8,1574.6,Regular,Wholesale
2026-01-15,SKU-10001,29,7.59,220.11,85.55,Promo,Retail
2026-01-15,SKU-10033,27,136.22,3677.94,1974.24,Regular,Online
2026-01-15,SKU-10013,24,138.47,3323.28,1469.52,Regular,Wholesale
2026-01-15,SKU-10029,26,183.58,4773.08,2922.92,Regular,Online
2026-01-15,SKU-10022,27,64.77,1748.79,742.5,Regular,Retail
2026-01-15,SKU-10028,27,27.8,750.6,326.97,Promo,Online
2026-01-15,SKU-10004,3,160.88,482.64,219.81,Regular,Online
2026-01-15,SKU-10012,11,81.23,893.53,308.22,Regular,Wholesale
2026-01-15,SKU-10026,25,119.39,2984.75,1639.5,Regular,Retail
2026-01-15,SKU-10010,12,72.61,871.32,370.2,Regular,Online
2026-01-15,SKU-10008,35,46.42,1624.7,810.95,Regular,Online
2026-01-15,SKU-10058,8,148.63,1189.04,600.16,Promo,Wholesale
2026-01-15,SKU-10016,27,178.47,4818.69,2390.04,Regular,Retail
2026-01-15,SKU-10055,33,148.57,4902.81,2458.17,Regular,Wholesale
2026-01-15,SKU-10006,31,44.7,1385.7,642.32,Promo,Wholesale
2026-01-15,SKU-10015,13,141.74,1842.62,777.14,Promo,Retail
2026-01-15,SKU-10021,36,136.41,4910.76,1983.6,Regular,Retail
2026-01-15,SKU-10034,23,134.71,3098.33,1794.23,Regular,Online
2026-01-15,SKU-10011,8,224.04,1792.32,726.8,Regular,Online
2026-01-15,SKU-10060,18,175.54,3159.72,1187.82,Promo,Online
2026-01-15,SKU-10035,37,162.05,5995.85,3409.92,Promo,Wholesale
2026-01-15,SKU-10056,27,17.66,476.82,211.14,Regular,Wholesale
2026-01-16,SKU-10002,8,140.67,1125.36,629.84,Regular,Online
2026-01-16,SKU-10057,12,213.73,2564.76,1551.84,Regular,Retail
2026-01-16,SKU-10052,18,137.17,2469.06,1041.12,Promo,Online
2026-01-16,SKU-10046,29,103.8,3010.2,1585.72,Regular,Online
2026-01-16,SKU-10048,29,150.39,4361.31,1549.47,Regular,Retail
2026-01-16,SKU-10020,22,44.06,969.32,396.88,Regular,Online
2026-01-16,SKU-10031,13,125.61,1632.93,811.59,Regular,Online
2026-01-16,SKU-10055,11,149.24,1641.64,819.39,Regular,Wholesale
2026-01-16,SKU-10040,33,166.64,5499.12,3190.11,Regular,Wholesale
2026-01-16,SKU-10058,23,165.46,3805.58,1725.46,Regular,Wholesale
2026-01-16,SKU-10015,34,178.94,6083.96,2032.52,Regular,Online
2026-01-16,SKU-10024,23,73.86,1698.78,591.1,Regular,Retail
2026-01-16,SKU-10038,21,61.72,1296.12,791.91,Regular,Retail
2026-01-16,SKU-10009,7,143.49,1004.43,384.86,Regular,Retail
2026-01-16,SKU-10056,30,17.65,529.5,234.6,Regular,Wholesale
2026-01-16,SKU-10034,31,117.4,3639.4,2418.31,Promo,Retail
2026-01-16,SKU-10053,23,67.5,1552.5,867.79,Promo,Wholesale
2026-01-16,SKU-10021,21,143.45,3012.45,1157.1,Regular,Retail
2026-01-16,SKU-10019,17,160.89,2735.13,1257.15,Regular,Wholesale
2026-01-16,SKU-10023,31,16.74,518.94,243.04,Regular,Online
2026-01-16,SKU-10036,29,94.65,2744.85,1566.87,Regular,Online
2026-01-16,SKU-10028,32,29.94,958.08,387.52,Regular,Retail
2026-01-16,SKU-10011,19,194.25,3690.75,1726.15,Promo,Retail
2026-01-16,SKU-10050,21,157.74,3312.54,1783.95,Regular,Wholesale
2026-01-16,SKU-10042,24,223.13,5355.12,2240.64,Regular,Wholesale
2026-01-16,SKU-10010,31,73.14,2267.34,956.35,Regular,Retail
2026-01-16,SKU-10029,13,187.1,2432.3,1461.46,Regular,Retail
2026-01-16,SKU-10060,23,199.36,4585.28,1517.77,Regular,Retail
2026-01-16,SKU-10017,17,203.94,3466.98,1454.52,Regular,Online
2026-01-16,SKU-10044,12,178.19,2138.28,1297.92,Regular,Online
2026-01-16,SKU-10012,20,70.08,1401.6,560.4,Promo,Retail
2026-01-16,SKU-10022,17,62.8,1067.6,467.5,Regular,Retail
2026-01-16,SKU-10049,25,219.73,5493.25,2365.25,Regular,Wholesale
2026-01-16,SKU-10003,28,134.41,3763.48,1597.68,Regular,Online
2026-01-16,SKU-10001,21,9.17,192.57,61.95,Regular,Wholesale
2026-01-16,SKU-10013,31,106.59,3304.29,1898.13,Promo,Online
2026-01-16,SKU-10014,26,120.76,3139.76,2216.76,Promo,Online
2026-01-16,SKU-10047,45,149.55,6729.75,2623.05,Regular,Wholesale
2026-01-16,SKU-10035,23,178.3,4100.9,2119.68,Regular,Retail
2026-01-16,SKU-10041,14,184.36,2581.04,1264.34,Regular,Wholesale
2026-01-16,SKU-10059,9,29.66,266.94,140.04,Promo,Wholesale
2026-01-16,SKU-10043,23,46.2,1062.6,559.36,Regular,Online
2026-01-16,SKU-10039,27,169.69,4581.63,3153.87,Promo,Wholesale
2026-01-16,SKU-10016,33,154.61,5102.13,2921.16,Promo,Online
2026-01-16,SKU-10054,41,131.75,5401.75,2266.07,Promo,Wholesale
2026-01-17,SKU-10025,19,49.16,934.04,347.51,Regular,Retail
2026-01-17,SKU-10048,30,153.51,4605.3,1602.9,Regular,Online
2026-01-17,SKU-10034,39,137.99,5381.61,3042.39,Regular,Online
2026-01-17,SKU-10052,16,161.86,2589.76,925.44,Regular,Online
2026-01-17,SKU-10024,18,79.0,1422.0,462.6,Regular,Wholesale
2026-01-17,SKU-10040,18,135.3,2435.4,1740.06,Promo,Wholesale
2026-01-17,SKU-10015,8,143.3,1146.4,478.24,Promo,Wholesale
2026-01-17,SKU-10005,27,15.11,407.97,175.77,Regular,Retail
2026-01-17,SKU-10027,19,193.21,3670.99,1197.57,Regular,Online
2026-01-17,SKU-10004,10,158.33,1583.3,732.7,Regular,Retail
2026-01-17,SKU-10009,30,143.2,4296.0,1649.4,Regular,Online
2026-01-17,SKU-10042,14,184.0,2576.0,1307.04,Promo,Online
2026-01-17,SKU-10051,6,44.4,266.4,85.56,Regular,Online
2026-01-17,SKU-10038,33,62.53,2063.49,1244.43,Regular,Retail
2026-01-17,SKU-10058,20,170.03,3400.6,1500.4,Regular,Retail
2026-01-17,SKU-10037,8,182.1,1456.8,734.4,Regular,Online
2026-01-17,SKU-10026,20,112.95,2259.0,1311.6,Regular,Online
2026-01-17,SKU-10032,28,75.34,2109.52,951.44,Regular,Retail
2026-01-17,SKU-10028,6,28.62,171.72,72.66,Promo,Wholesale
2026-01-17,SKU-10003,23,129.43,2976.89,1312.38,Regular,Retail
2026-01-17,SKU-10018,43,106.66,4586.38,2383.92,Promo,Online
2026-01-17,SKU-10007,29,197.46,5726.34,2626.82,Regular,Online
2026-01-17,SKU-10055,24,157.92,3790.08,1787.76,Regular,Retail
2026-01-17,SKU-10056,48,17.63,846.24,375.36,Regular,Online
2026-01-17,SKU-10002,14,141.24,1977.36,1102.22,Regular,Retail
2026-01-17,SKU-10047,35,141.26,4944.1,2040.15,Regular,Online
2026-01-17,SKU-10039,21,165.25,3470.25,2453.01,Promo,Online
2026-01-17,SKU-10029,18,199.23,3586.14,2023.56,Regular,Retail
2026-01-17,SKU-10023,39,16.79,654.81,305.76,Regular,Wholesale
2026-01-17,SKU-10035,28,191.79,5370.12,2580.48,Regular,Wholesale
2026-01-17,SKU-10057,15,213.37,3200.55,1939.8,Regular,Wholesale
2026-01-17,SKU-10006,26,51.66,1343.16,538.72,Regular,Retail
2026-01-17,SKU-10044,6,190.89,1145.34,648.96,Regular,Wholesale
2026-01-17,SKU-10017,19,214.15,4068.85,1625.64,Regular,Wholesale
2026-01-17,SKU-10013,11,134.86,1483.46,673.53,Regular,Wholesale
2026-01-17,SKU-10011,19,212.82,4043.58,1726.15,Regular,Online
2026-01-17,SKU-10060,34,154.03,5237.02,2243.66,Promo,Wholesale
2026-01-17,SKU-10022,29,62.51,1812.79,797.5,Regular,Wholesale
2026-01-17,SKU-10014,16,147.1,2353.6,1364.16,Regular,Online
2026-01-17,SKU-10021,38,114.27,4342.26,2093.8,Promo,Wholesale
2026-01-17,SKU-10059,21,35.78,751.38,326.76,Regular,Retail
2026-01-17,SKU-10019,10,141.79,1417.9,739.5,Promo,Wholesale
2026-01-17,SKU-10041,26,170.1,4422.6,2348.06,Regular,Online
2026-01-17,SKU-10033,27,140.2,3785.4,1974.24,Regular,Wholesale
2026-01-17,SKU-10045,24,128.06,3073.44,2197.68,Promo,Online
2026-01-18,SKU-10043,17,41.86,711.62,413.44,Promo,Wholesale
2026-01-18,SKU-10036,3,88.55,265.65,162.09,Regular,Retail
2026-01-18,SKU-10018,43,135.67,5833.81,2383.92,Regular,Wholesale
2026-01-18,SKU-10014,19,151.48,2878.12,1619.94,Regular,Wholesale
2026-01-18,SKU-10003,14,125.76,1760.64,798.84,Regular,Retail
2026-01-18,SKU-10056,31,17.78,551.18,242.42,Regular,Wholesale
2026-01-18,SKU-10039,16,163.09,2609.44,1868.96,Promo,Retail
2026-01-18,SKU-10008,21,48.02,1008.42,486.57,Regular,Retail
2026-01-18,SKU-10057,23,173.96,4001.08,2974.36,Promo,Online
2026-01-18,SKU-10004,25,158.33,3958.25,1831.75,Regular,Retail
2026-01-18,SKU-10038,22,61.69,1357.18,829.62,Regular,Retail
2026-01-18,SKU-10029,35,190.34,6661.9,3934.7,Regular,Online
2026-01-18,SKU-10041,28,169.6,4748.8,2528.68,Regular,Online
2026-01-18,SKU-10035,23,155.29,3571.67,2119.68,Promo,Retail
2026-01-18,SKU-10006,24,40.96,983.04,497.28,Promo,Retail
2026-01-18,SKU-10017,20,203.94,4078.8,1711.2,Regular,Retail
2026-01-18,SKU-10007,27,173.75,4691.25,2445.66,Promo,Online
2026-01-18,SKU-10040,17,167.93,2854.81,1643.39,Regular,Wholesale
2026-01-18,SKU-10027,15,189.58,2843.7,945.45,Regular,Retail
2026-01-18,SKU-10016,16,171.65,2746.4,1416.32,Regular,Wholesale
2026-01-18,SKU-10010,41,72.22,2961.02,1264.85,Regular,Wholesale
2026-01-18,SKU-10001,25,8.68,217.0,73.75,Regular,Wholesale
2026-01-18,SKU-10009,30,120.84,3625.2,1649.4,Promo,Online
2026-01-18,SKU-10053,13,70.8,920.4,490.49,Regular,Retail
2026-01-18,SKU-10058,25,163.78,4094.5,1875.5,Regular,Wholesale
2026-01-18,SKU-10033,21,136.12,2858.52,1535.52,Regular,Online
2026-01-18,SKU-10055,40,147.14,5885.6,2979.6,Regular,Online
2026-01-18,SKU-10011,8,227.08,1816.64,726.8,Regular,Wholesale
2026-01-18,SKU-10020,27,44.1,1190.7,487.08,Regular,Online
2026-01-18,SKU-10044,27,183.0,4941.0,2920.32,Regular,Retail
2026-01-18,SKU-10048,37,161.69,5982.53,1976.91,Regular,Online
2026-01-18,SKU-10042,7,213.52,1494.64,653.52,Regular,Wholesale
2026-01-18,SKU-10051,26,42.05,1093.3,370.76,Regular,Online
2026-01-18,SKU-10037,23,199.81,4595.63,2111.4,Regular,Retail
2026-01-18,SKU-10024,31,80.45,2493.95,796.7,Regular,Retail
2026-01-18,SKU-10031,14,110.2,1542.8,874.02,Promo,Retail
2026-01-18,SKU-10013,24,119.53,2868.72,1469.52,Promo,Retail
2026-01-18,SKU-10022,33,65.22,2152.26,907.5,Regular,Wholesale
2026-01-18,SKU-10046,26,98.69,2565.94,1421.68,Regular,Retail
2026-01-18,SKU-10019,29,140.89,4085.81,2144.55,Promo,Wholesale
2026-01-18,SKU-10002,29,138.47,4015.63,2283.17,Regular,Wholesale
2026-01-18,SKU-10059,18,33.96,611.28,280.08,Regular,Online
2026-01-18,SKU-10023,25,17.11,427.75,196.0,Regular,Retail
2026-01-18,SKU-10054,11,148.23,1630.53,607.97,Regular,Retail
2026-01-18,SKU-10005,22,15.66,344.52,143.22,Regular,Wholesale
2026-01-19,SKU-10036,30,90.36,2710.8,1620.9,Regular,Wholesale
2026-01-19,SKU-10038,24,52.25,1254.0,905.04,Promo,Wholesale
2026-01-19,SKU-10021,12,137.18,1646.16,661.2,Regular,Online
2026-01-19,SKU-10055,25,117.89,2947.25,1862.25,Promo,Online
2026-01-19,SKU-10059,14,33.23,465.22,217.84,Regular,Retail
2026-01-19,SKU-10041,24,175.72,4217.28,2167.44,Regular,Retail
2026-01-19,SKU-10024,33,79.06,2608.98,848.1,Regular,Retail
2026-01-19,SKU-10002,22,140.53,3091.66,1732.06,Regular,Wholesale
2026-01-19,SKU-10034,19,122.8,2333.2,1482.19,Promo,Online
2026-01-19,SKU-10017,7,186.5,1305.5,598.92,Promo,Wholesale
2026-01-19,SKU-10028,7,30.67,214.69,84.77,Regular,Retail
2026-01-19,SKU-10037,25,169.7,4242.5,2295.0,Promo,Retail
2026-01-19,SKU-10023,24,17.05,409.2,188.16,Regular,Wholesale
2026-01-19,SKU-10009,22,113.2,2490.4,1209.56,Promo,Online
2026-01-19,SKU-10029,11,197.21,2169.31,1236.62,Regular,Wholesale
2026-01-19,SKU-10013,12,138.41,1660.92,734.76,Regular,Wholesale
2026-01-19,SKU-10004,37,160.77,5948.49,2710.99,Regular,Wholesale
2026-01-19,SKU-10011,23,218.86,5033.78,2089.55,Regular,Retail
2026-01-19,SKU-10014,36,146.08,5258.88,3069.36,Regular,Retail
2026-01-19,SKU-10040,27,145.58,3930.66,2610.09,Promo,Retail
2026-01-19,SKU-10043,26,45.99,1195.74,632.32,Regular,Wholesale
2026-01-19,SKU-10047,11,138.45,1522.95,641.19,Regular,Retail
2026-01-19,SKU-10054,26,147.13,3825.38,1437.02,Regular,Wholesale
2026-01-19,SKU-10007,30,203.56,6106.8,2717.4,Regular,Wholesale
2026-01-19,SKU-10012,29,83.2,2412.8,812.58,Regular,Retail
2026-01-19,SKU-10053,20,77.2,1544.0,754.6,Regular,Retail
2026-01-19,SKU-10003,12,126.67,1520.04,684.72,Regular,Online
2026-01-19,SKU-10048,27,162.87,4397.49,1442.61,Regular,Retail
2026-01-19,SKU-10010,24,70.22,1685.28,740.4,Regular,Retail
2026-01-19,SKU-10046,27,91.98,2483.46,1476.36,Promo,Retail
2026-01-19,SKU-10026,30,118.74,3562.2,1967.4,Regular,Online
2026-01-19,SKU-10057,25,212.86,5321.5,3233.0,Regular,Online
2026-01-19,SKU-10042,14,207.2,2900.8,1307.04,Regular,Retail
2026-01-19,SKU-10049,19,223.48,4246.12,1797.59,Regular,Retail
2026-01-19,SKU-10044,26,185.03,4810.78,2812.16,Regular,Retail
2026-01-19,SKU-10052,18,166.43,2995.74,1041.12,Regular,Retail
2026-01-19,SKU-10022,40,62.17,2486.8,1100.0,Regular,Online
2026-01-19,SKU-10031,32,127.15,4068.8,1997.76,Regular,Wholesale
2026-01-19,SKU-10051,3,43.22,129.66,42.78,Regular,Wholesale
2026-01-19,SKU-10006,16,51.55,824.8,331.52,Regular,Retail
2026-01-19,SKU-10025,34,53.37,1814.58,621.86,Regular,Retail
2026-01-19,SKU-10060,36,199.21,7171.56,2375.64,Regular,Retail
2026-01-19,SKU-10035,15,193.06,2895.9,1382.4,Regular,Wholesale
2026-01-19,SKU-10001,28,9.18,257.04,82.6,Regular,Online
2026-01-19,SKU-10020,22,43.81,963.82,396.88,Regular,Online
2026-01-20,SKU-10026,32,115.77,3704.64,2098.56,Regular,Online
2026-01-20,SKU-10052,30,135.67,4070.1,1735.2,Promo,Wholesale
2026-01-20,SKU-10057,22,230.53,5071.66,2845.04,Regular,Online
2026-01-20,SKU-10017,20,210.78,4215.6,1711.2,Regular,Online
2026-01-20,SKU-10016,12,175.85,2110.2,1062.24,Regular,Retail
2026-01-20,SKU-10039,30,177.06,5311.8,3504.3,Promo,Retail
2026-01-20,SKU-10046,35,97.12,3399.2,1913.8,Regular,Wholesale
2026-01-20,SKU-10028,25,32.9,822.5,302.75,Regular,Wholesale
2026-01-20,SKU-10033,27,124.25,3354.75,1974.24,Promo,Retail
2026-01-20,SKU-10009,37,140.93,5214.41,2034.26,Regular,Retail
2026-01-20,SKU-10035,21,177.49,3727.29,1935.36,Regular,Online
2026-01-20,SKU-10034,29,120.5,3494.5,2262.29,Promo,Online
2026-01-20,SKU-10003,7,130.42,912.94,399.42,Regular,Wholesale
2026-01-20,SKU-10054,36,129.06,4646.16,1989.72,Promo,Wholesale
2026-01-20,SKU-10036,24,92.14,2211.36,1296.72,Regular,Online
2026-01-20,SKU-10044,37,169.38,6267.06,4001.92,Promo,Online
2026-01-20,SKU-10010,19,74.76,1420.44,586.15,Regular,Retail
2026-01-20,SKU-10038,14,60.07,840.98,527.94,Regular,Online
2026-01-20,SKU-10014,48,147.79,7093.92,4092.48,Regular,Online
2026-01-20,SKU-10047,27,138.81,3747.87,1573.83,Regular,Retail
2026-01-20,SKU-10024,8,78.22,625.76,205.6,Regular,Wholesale
2026-01-20,SKU-10032,22,74.87,1647.14,747.56,Regular,Online
2026-01-20,SKU-10002,3,140.68,422.04,236.19,Regular,Retail
2026-01-20,SKU-10031,30,116.84,3505.2,1872.9,Promo,Wholesale
2026-01-20,SKU-10049,18,233.45,4202.1,1702.98,Regular,Online
2026-01-20,SKU-10030,23,26.56,610.88,287.96,Regular,Retail
2026-01-20,SKU-10015,35,171.81,6013.35,2092.3,Regular,Wholesale
2026-01-20,SKU-10004,20,131.15,2623.0,1465.4,Promo,Retail
2026-01-20,SKU-10020,30,43.3,1299.0,541.2,Regular,Retail
2026-01-20,SKU-10019,1,167.04,167.04,73.95,Regular,Wholesale
2026-01-20,SKU-10050,17,156.37,2658.29,1444.15,Regular,Online
2026-01-20,SKU-10056,26,17.51,455.26,203.32,Regular,Retail
2026-01-20,SKU-10045,11,146.95,1616.45,1007.27,Regular,Retail
2026-01-20,SKU-10025,32,51.9,1660.8,585.28,Regular,Retail
2026-01-20,SKU-10011,10,210.26,2102.6,908.5,Regular,Wholesale
2026-01-20,SKU-10029,29,193.94,5624.26,3260.18,Regular,Wholesale
2026-01-20,SKU-10008,36,42.36,1524.96,834.12,Promo,Retail
2026-01-20,SKU-10007,29,207.12,6006.48,2626.82,Regular,Retail
2026-01-20,SKU-10021,41,143.2,5871.2,2259.1,Regular,Wholesale
2026-01-20,SKU-10022,37,62.36,2307.32,1017.5,Regular,Wholesale
2026-01-20,SKU-10027,15,194.8,2922.0,945.45,Regular,Online
2026-01-20,SKU-10043,40,44.24,1769.6,972.8,Regular,Wholesale
2026-01-20,SKU-10053,12,71.33,855.96,452.76,Regular,Retail
2026-01-21,SKU-10016,26,167.94,4366.44,2301.52,Regular,Wholesale
2026-01-21,SKU-10052,23,170.56,3922.88,1330.32,Regular,Online
2026-01-21,SKU-10025,25,50.55,1263.75,457.25,Regular,Wholesale
2026-01-21,SKU-10053,25,71.81,1795.25,943.25,Regular,Retail
2026-01-21,SKU-10015,17,173.02,2941.34,1016.26,Regular,Wholesale
2026-01-21,SKU-10054,20,141.91,2838.2,1105.4,Regular,Wholesale
2026-01-21,SKU-10023,40,16.25,650.0,313.6,Regular,Retail
2026-01-21,SKU-10043,35,46.37,1622.95,851.2,Regular,Wholesale
2026-01-21,SKU-10009,25,148.34,3708.5,1374.5,Regular,Retail
2026-01-21,SKU-10059,15,35.31,529.65,233.4,Regular,Wholesale
2026-01-21,SKU-10006,16,45.05,720.8,331.52,Promo,Retail
2026-01-21,SKU-10048,8,159.46,1275.68,427.44,Regular,Online
2026-01-21,SKU-10050,41,128.72,5277.52,3482.95,Promo,Online
2026-01-21,SKU-10057,28,213.95,5990.6,3620.96,Regular,Online
2026-01-21,SKU-10060,27,184.92,4992.84,1781.73,Regular,Online
2026-01-21,SKU-10003,43,127.1,5465.3,2453.58,Regular,Wholesale
2026-01-21,SKU-10007,18,173.45,3122.1,1630.44,Promo,Retail
2026-01-21,SKU-10042,21,195.74,4110.54,1960.56,Promo,Retail
2026-01-21,SKU-10038,24,62.18,1492.32,905.04,Regular,Wholesale
2026-01-21,SKU-10035,30,190.41,5712.3,2764.8,Regular,Retail
2026-01-21,SKU-10031,35,126.28,4419.8,2185.05,Regular,Online
2026-01-21,SKU-10029,13,193.25,2512.25,1461.46,Regular,Wholesale
2026-01-21,SKU-10040,47,131.48,6179.56,4543.49,Promo,Wholesale
2026-01-21,SKU-10058,18,159.21,2865.78,1350.36,Regular,Retail
2026-01-21,SKU-10056,27,18.89,510.03,211.14,Regular,Retail
2026-01-21,SKU-10041,18,184.69,3324.42,1625.58,Regular,Online
2026-01-21,SKU-10020,21,41.2,865.2,378.84,Regular,Online
2026-01-21,SKU-10032,31,75.77,2348.87,1053.38,Regular,Online
2026-01-21,SKU-10005,32,14.73,471.36,208.32,Regular,Online
2026-01-21,SKU-10049,17,236.83,4026.11,1608.37,Regular,Online
2026-01-21,SKU-10010,19,74.35,1412.65,586.15,Regular,Online
2026-01-21,SKU-10022,27,61.19,1652.13,742.5,Regular,Online
2026-01-21,SKU-10013,43,134.9,5800.7,2632.89,Regular,Online
2026-01-21,SKU-10019,14,167.91,2350.74,1035.3,Regular,Wholesale
2026-01-21,SKU-10046,28,95.74,2680.72,1531.04,Regular,Retail
2026-01-21,SKU-10021,35,111.82,3913.7,1928.5,Promo,Wholesale
2026-01-21,SKU-10037,23,172.41,3965.43,2111.4,Promo,Online
2026-01-21,SKU-10055,16,149.44,2391.04,1191.84,Regular,Retail
2026-01-21,SKU-10011,35,211.46,7401.1,3179.75,Regular,Retail
2026-01-21,SKU-10026,24,115.45,2770.8,1573.92,Regular,Wholesale
2026-01-21,SKU-10045,21,147.4,3095.4,1922.97,Regular,Online
2026-01-21,SKU-10047,27,150.4,4060.8,1573.83,Regular,Retail
2026-01-21,SKU-10018,27,132.14,3567.78,1496.88,Regular,Retail
2026-01-21,SKU-10051,21,35.36,742.56,299.46,Promo,Wholesale
2026-01-22,SKU-10009,20,129.26,2585.2,1099.6,Promo,Online
2026-01-22,SKU-10023,25,14.95,373.75,196.0,Promo,Retail
2026-01-22,SKU-10037,30,168.69,5060.7,2754.0,Promo,Online
2026-01-22,SKU-10046,15,100.11,1501.65,820.2,Regular,Wholesale
2026-01-22,SKU-10022,33,58.3,1923.9,907.5,Promo,Online
2026-01-22,SKU-10047,36,140.0,5040.0,2098.44,Regular,Wholesale
2026-01-22,SKU-10021,22,142.64,3138.08,1212.2,Regular,Online
2026-01-22,SKU-10010,13,74.76,971.88,401.05,Regular,Online
2026-01-22,SKU-10051,35,45.71,1599.85,499.1,Regular,Online
2026-01-22,SKU-10050,42,157.07,6596.94,3567.9,Regular,Wholesale
2026-01-22,SKU-10034,18,135.41,2437.38,1404.18,Regular,Retail
2026-01-22,SKU-10042,36,174.34,6276.24,3360.96,Promo,Retail
2026-01-22,SKU-10006,17,46.76,794.92,352.24,Promo,Wholesale
2026-01-22,SKU-10016,10,160.9,1609.0,885.2,Promo,Online
2026-01-22,SKU-10014,20,146.16,2923.2,1705.2,Regular,Online
2026-01-22,SKU-10013,35,126.73,4435.55,2143.05,Regular,Online
2026-01-22,SKU-10024,13,75.29,978.77,334.1,Regular,Online
2026-01-22,SKU-10044,32,158.45,5070.4,3461.12,Promo,Wholesale
2026-01-22,SKU-10030,16,25.45,407.2,200.32,Regular,Online
2026-01-22,SKU-10036,14,91.61,1282.54,756.42,Regular,Retail
2026-01-22,SKU-10026,3,118.44,355.32,196.74,Regular,Wholesale
2026-01-22,SKU-10035,6,191.27,1147.62,552.96,Regular,Online
2026-01-22,SKU-10028,25,33.02,825.5,302.75,Regular,Online
2026-01-22,SKU-10017,10,176.7,1767.0,855.6,Promo,Retail
2026-01-22,SKU-10054,23,145.6,3348.8,1271.21,Regular,Retail
2026-01-22,SKU-10001,45,9.39,422.55,132.75,Regular,Wholesale
2026-01-22,SKU-10005,32,15.23,487.36,208.32,Regular,Retail
2026-01-22,SKU-10002,35,138.24,4838.4,2755.55,Regular,Wholesale
2026-01-22,SKU-10043,19,45.63,866.97,462.08,Regular,Retail
2026-01-22,SKU-10019,38,159.38,6056.44,2810.1,Regular,Retail
2026-01-22,SKU-10053,11,74.21,816.31,415.03,Regular,Online
2026-01-22,SKU-10045,24,150.35,3608.4,2197.68,Regular,Wholesale
2026-01-22,SKU-10008,13,50.72,659.36,301.21,Regular,Retail
2026-01-22,SKU-10040,14,141.21,1976.94,1353.38,Promo,Online
2026-01-22,SKU-10003,36,123.69,4452.84,2054.16,Regular,Online
2026-01-22,SKU-10011,17,213.18,3624.06,1544.45,Regular,Retail
2026-01-22,SKU-10048,33,148.78,4909.74,1763.19,Regular,Online
2026-01-22,SKU-10012,35,81.68,2858.8,980.7,Regular,Online
2026-01-22,SKU-10027,16,187.96,3007.36,1008.48,Regular,Retail
2026-01-22,SKU-10055,13,150.89,1961.57,968.37,Regular,Online
2026-01-22,SKU-10039,33,193.75,6393.75,3854.73,Regular,Wholesale
2026-01-22,SKU-10049,12,225.85,2710.2,1135.32,Regular,Retail
2026-01-22,SKU-10033,11,141.11,1552.21,804.32,Regular,Wholesale
2026-01-22,SKU-10041,31,169.24,5246.44,2799.61,Regular,Wholesale
2026-01-22,SKU-10004,21,151.9,3189.9,1538.67,Regular,Wholesale
2026-01-23,SKU-10005,13,15.33,199.29,84.63,Regular,Retail
2026-01-23,SKU-10056,24,14.71,353.04,187.68,Promo,Online
2026-01-23,SKU-10042,32,221.76,7096.32,2987.52,Regular,Wholesale
2026-01-23,SKU-10035,29,190.4,5521.6,2672.64,Regular,Wholesale
2026-01-23,SKU-10004,42,150.8,6333.6,3077.34,Regular,Retail
2026-01-23,SKU-10006,11,47.1,518.1,227.92,Promo,Online
2026-01-23,SKU-10046,3,97.8,293.4,164.04,Regular,Wholesale
2026-01-23,SKU-10036,13,96.81,1258.53,702.39,Regular,Online
2026-01-23,SKU-10025,25,46.77,1169.25,457.25,Promo,Online
2026-01-23,SKU-10010,22,63.6,1399.2,678.7,Promo,Wholesale
2026-01-23,SKU-10041,38,176.44,6704.72,3431.78,Regular,Online
2026-01-23,SKU-10058,23,160.36,3688.28,1725.46,Regular,Wholesale
2026-01-23,SKU-10048,33,157.06,5182.98,1763.19,Regular,Online
2026-01-23,SKU-10040,14,170.04,2380.56,1353.38,Regular,Online
2026-01-23,SKU-10038,32,64.15,2052.8,1206.72,Regular,Wholesale
2026-01-23,SKU-10057,10,226.36,2263.6,1293.2,Regular,Wholesale
2026-01-23,SKU-10028,29,32.28,936.12,351.19,Regular,Online
2026-01-23,SKU-10013,35,128.37,4492.95,2143.05,Regular,Online
2026-01-23,SKU-10045,19,151.58,2880.02,1739.83,Regular,Retail
2026-01-23,SKU-10051,22,44.7,983.4,313.72,Regular,Wholesale
2026-01-23,SKU-10050,22,155.65,3424.3,1868.9,Regular,Online
2026-01-23,SKU-10060,47,199.77,9389.19,3101.53,Regular,Wholesale
2026-01-23,SKU-10034,9,137.16,1234.44,702.09,Regular,Wholesale
2026-01-23,SKU-10007,37,214.56,7938.72,3351.46,Regular,Online
2026-01-23,SKU-10012,13,77.83,1011.79,364.26,Regular,Retail
2026-01-23,SKU-10032,21,78.47,1647.87,713.58,Regular,Retail
2026-01-23,SKU-10052,26,157.78,4102.28,1503.84,Regular,Online
2026-01-23,SKU-10019,37,150.18,5556.66,2736.15,Promo,Online
2026-01-23,SKU-10044,9,193.6,1742.4,973.44,Regular,Wholesale
2026-01-23,SKU-10017,21,209.15,4392.15,1796.76,Regular,Retail
2026-01-23,SKU-10011,33,214.02,7062.66,2998.05,Regular,Online
2026-01-23,SKU-10020,38,44.15,1677.7,685.52,Regular,Retail
2026-01-23,SKU-10039,34,165.46,5625.64,3971.54,Promo,Wholesale
2026-01-23,SKU-10026,22,121.24,2667.28,1442.76,Regular,Wholesale
2026-01-23,SKU-10023,18,17.25,310.5,141.12,Regular,Online
2026-01-23,SKU-10043,18,35.71,642.78,437.76,Promo,Wholesale
2026-01-23,SKU-10021,18,109.26,1966.68,991.8,Promo,Retail
2026-01-23,SKU-10029,27,184.38,4978.26,3035.34,Regular,Wholesale
2026-01-23,SKU-10054,29,151.29,4387.41,1602.83,Regular,Wholesale
2026-01-23,SKU-10053,24,75.64,1815.36,905.52,Regular,Retail
2026-01-23,SKU-10001,31,8.75,271.25,91.45,Regular,Online
2026-01-23,SKU-10018,16,131.26,2100.16,887.04,Regular,Online
2026-01-23,SKU-10055,24,157.99,3791.76,1787.76,Regular,Retail
2026-01-23,SKU-10024,30,79.65,2389.5,771.0,Regular,Retail
2026-01-23,SKU-10037,19,174.77,3320.63,1744.2,Promo,Online
2026-01-24,SKU-10015,5,163.65,818.25,298.9,Regular,Wholesale
2026-01-24,SKU-10020,28,43.58,1220.24,505.12,Regular,Retail
2026-01-24,SKU-10055,27,149.54,4037.58,2011.23,Regular,Retail
2026-01-24,SKU-10037,39,160.32,6252.48,3580.2,Promo,Retail
2026-01-24,SKU-10006,25,52.99,1324.75,518.0,Regular,Wholesale
2026-01-24,SKU-10024,9,74.72,672.48,231.3,Regular,Wholesale
2026-01-24,SKU-10001,18,9.21,165.78,53.1,Regular,Retail
2026-01-24,SKU-10021,21,135.24,2840.04,1157.1,Regular,Online
2026-01-24,SKU-10026,26,118.51,3081.26,1705.08,Regular,Retail
2026-01-24,SKU-10049,29,221.94,6436.26,2743.69,Regular,Retail
2026-01-24,SKU-10009,12,150.62,1807.44,659.76,Regular,Wholesale
2026-01-24,SKU-10019,10,169.76,1697.6,739.5,Regular,Wholesale
2026-01-24,SKU-10044,23,147.86,3400.78,2487.68,Promo,Retail
2026-01-24,SKU-10008,9,47.09,423.81,208.53,Regular,Wholesale
2026-01-24,SKU-10004,9,151.39,1362.51,659.43,Regular,Retail
2026-01-24,SKU-10016,25,183.79,4594.75,2213.0,Regular,Wholesale
2026-01-24,SKU-10022,23,57.57,1324.11,632.5,Promo,Retail
2026-01-24,SKU-10058,8,169.98,1359.84,600.16,Regular,Online
2026-01-24,SKU-10060,37,194.92,7212.04,2441.63,Regular,Retail
2026-01-24,SKU-10011,22,227.89,5013.58,1998.7,Regular,Retail
2026-01-24,SKU-10034,13,121.75,1582.75,1014.13,Promo,Retail
2026-01-24,SKU-10033,16,143.58,2297.28,1169.92,Regular,Wholesale
2026-01-24,SKU-10002,35,137.65,4817.75,2755.55,Regular,Retail
2026-01-24,SKU-10003,26,128.23,3333.98,1483.56,Regular,Retail
2026-01-24,SKU-10053,30,58.51,1755.3,1131.9,Promo,Retail
2026-01-24,SKU-10030,31,27.75,860.25,388.12,Regular,Online
2026-01-24,SKU-10051,35,34.97,1223.95,499.1,Promo,Online
2026-01-24,SKU-10039,25,169.84,4246.0,2920.25,Promo,Retail
2026-01-24,SKU-10057,25,180.07,4501.75,3233.0,Promo,Wholesale
2026-01-24,SKU-10046,26,97.77,2542.02,1421.68,Regular,Online
2026-01-24,SKU-10052,11,158.53,1743.83,636.24,Regular,Retail
2026-01-24,SKU-10038,26,55.41,1440.66,980.46,Promo,Retail
2026-01-24,SKU-10032,49,77.96,3820.04,1665.02,Regular,Retail
2026-01-24,SKU-10025,14,51.58,722.12,256.06,Regular,Retail
2026-01-24,SKU-10035,24,178.05,4273.2,2211.84,Regular,Wholesale
2026-01-24,SKU-10031,17,127.03,2159.51,1061.31,Regular,Retail
2026-01-24,SKU-10043,11,45.79,503.69,267.52,Regular,Retail
2026-01-24,SKU-10028,14,25.25,353.5,169.54,Promo,Online
2026-01-24,SKU-10056,16,17.92,286.72,125.12,Regular,Wholesale
2026-01-24,SKU-10005,22,15.43,339.46,143.22,Regular,Wholesale
2026-01-24,SKU-10017,49,205.83,10085.67,4192.44,Regular,Wholesale
2026-01-24,SKU-10048,21,127.41,2675.61,1122.03,Promo,Online
2026-01-24,SKU-10045,25,157.64,3941.0,2289.25,Regular,Wholesale
2026-01-24,SKU-10040,24,152.94,3670.56,2320.08,Promo,Online
2026-01-24,SKU-10042,23,217.22,4996.06,2147.28,Regular,Retail
2026-01-25,SKU-10037,18,170.23,3064.14,1652.4,Promo,Wholesale
2026-01-25,SKU-10053,30,75.21,2256.3,1131.9,Regular,Retail
2026-01-25,SKU-10020,24,44.46,1067.04,432.96,Regular,Online
2026-01-25,SKU-10012,10,82.46,824.6,280.2,Regular,Online
2026-01-25,SKU-10039,13,172.17,2238.21,1518.53,Promo,Retail
2026-01-25,SKU-10018,28,137.3,3844.4,1552.32,Regular,Retail
2026-01-25,SKU-10011,25,215.91,5397.75,2271.25,Regular,Wholesale
2026-01-25,SKU-10046,29,101.62,2946.98,1585.72,Regular,Online
2026-01-25,SKU-10025,29,51.74,1500.46,530.41,Regular,Retail
2026-01-25,SKU-10014,12,144.79,1737.48,1023.12,Regular,Online
2026-01-25,SKU-10008,30,40.71,1221.3,695.1,Promo,Wholesale
2026-01-25,SKU-10055,19,144.9,2753.1,1415.31,Regular,Wholesale
2026-01-25,SKU-10038,41,59.43,2436.63,1546.11,Regular,Retail
2026-01-25,SKU-10015,37,169.58,6274.46,2211.86,Regular,Online
2026-01-25,SKU-10052,5,135.64,678.2,289.2,Promo,Retail
2026-01-25,SKU-10051,33,44.24,1459.92,470.58,Regular,Retail
2026-01-25,SKU-10034,20,132.2,2644.0,1560.2,Regular,Retail
2026-01-25,SKU-10047,29,116.82,3387.78,1690.41,Promo,Retail
2026-01-25,SKU-10019,10,173.56,1735.6,739.5,Regular,Online
2026-01-25,SKU-10001,14,9.45,132.3,41.3,Regular,Wholesale
2026-01-25,SKU-10021,29,114.4,3317.6,1597.9,Promo,Retail
2026-01-25,SKU-10044,22,150.3,3306.6,2379.52,Promo,Wholesale
2026-01-25,SKU-10031,24,125.2,3004.8,1498.32,Regular,Retail
2026-01-25,SKU-10013,17,133.8,2274.6,1040.91,Regular,Online
2026-01-25,SKU-10040,35,166.55,5829.25,3383.45,Regular,Online
2026-01-25,SKU-10050,41,160.75,6590.75,3482.95,Regular,Online
2026-01-25,SKU-10007,48,197.03,9457.44,4347.84,Regular,Online
2026-01-25,SKU-10057,21,229.24,4814.04,2715.72,Regular,Online
2026-01-25,SKU-10004,15,148.9,2233.5,1099.05,Regular,Retail
2026-01-25,SKU-10017,23,215.13,4947.99,1967.88,Regular,Wholesale
2026-01-25,SKU-10054,48,154.64,7422.72,2652.96,Regular,Wholesale
2026-01-25,SKU-10059,33,35.74,1179.42,513.48,Regular,Wholesale
2026-01-25,SKU-10032,5,79.41,397.05,169.9,Regular,Retail
2026-01-25,SKU-10016,42,184.01,7728.42,3717.84,Regular,Online
2026-01-25,SKU-10045,22,152.18,3347.96,2014.54,Regular,Online
2026-01-25,SKU-10035,33,189.62,6257.46,3041.28,Regular,Retail
2026-01-25,SKU-10029,14,190.01,2660.14,1573.88,Regular,Online
2026-01-25,SKU-10010,38,74.98,2849.24,1172.3,Regular,Online
2026-01-25,SKU-10058,9,170.56,1535.04,675.18,Regular,Online
2026-01-25,SKU-10033,26,137.44,3573.44,1901.12,Regular,Wholesale
2026-01-25,SKU-10005,36,14.03,505.08,234.36,Promo,Retail
2026-01-25,SKU-10043,17,44.14,750.38,413.44,Regular,Retail
2026-01-25,SKU-10041,20,181.77,3635.4,1806.2,Regular,Wholesale
2026-01-25,SKU-10030,32,26.43,845.76,400.64,Regular,Retail
2026-01-26,SKU-10015,35,178.26,6239.1,2092.3,Regular,Retail
2026-01-26,SKU-10050,23,147.45,3391.35,1953.85,Regular,Retail
2026-01-26,SKU-10028,24,29.97,719.28,290.64,Regular,Online
2026-01-26,SKU-10029,19,190.28,3615.32,2135.98,Regular,Online
2026-01-26,SKU-10037,7,158.61,1110.27,642.6,Promo,Retail
2026-01-26,SKU-10048,26,161.53,4199.78,1389.18,Regular,Wholesale
2026-01-26,SKU-10024,9,79.92,719.28,231.3,Regular,Wholesale
2026-01-26,SKU-10002,28,121.68,3407.04,2204.44,Promo,Retail
2026-01-26,SKU-10047,26,147.27,3829.02,1515.54,Regular,Wholesale
2026-01-26,SKU-10055,20,150.12,3002.4,1489.8,Regular,Online
2026-01-26,SKU-10016,5,182.98,914.9,442.6,Regular,Online
2026-01-26,SKU-10003,29,135.53,3930.37,1654.74,Regular,Online
2026-01-26,SKU-10034,16,138.17,2210.72,1248.16,Regular,Wholesale
2026-01-26,SKU-10052,3,164.56,493.68,173.52,Regular,Wholesale
2026-01-26,SKU-10023,19,16.39,311.41,148.96,Regular,Online
2026-01-26,SKU-10019,42,163.7,6875.4,3105.9,Regular,Wholesale
2026-01-26,SKU-10058,20,166.76,3335.2,1500.4,Regular,Online
2026-01-26,SKU-10049,13,186.94,2430.22,1229.93,Promo,Retail
2026-01-26,SKU-10025,16,43.65,698.4,292.64,Promo,Wholesale
2026-01-26,SKU-10010,12,72.02,864.24,370.2,Regular,Online
2026-01-26,SKU-10046,49,95.58,4683.42,2679.32,Regular,Retail
2026-01-26,SKU-10017,29,169.4,4912.6,2481.24,Promo,Online
2026-01-26,SKU-10032,30,65.51,1965.3,1019.4,Promo,Retail
2026-01-26,SKU-10040,10,173.94,1739.4,966.7,Regular,Retail
2026-01-26,SKU-10008,41,49.82,2042.62,949.97,Regular,Retail
2026-01-26,SKU-10006,16,50.62,809.92,331.52,Regular,Online
2026-01-26,SKU-10007,2,168.41,336.82,181.16,Promo,Retail
2026-01-26,SKU-10009,41,141.13,5786.33,2254.18,Regular,Retail
2026-01-26,SKU-10033,35,143.51,5022.85,2559.2,Regular,Wholesale
2026-01-26,SKU-10056,22,14.37,316.14,172.04,Promo,Online
2026-01-26,SKU-10043,31,43.64,1352.84,753.92,Regular,Wholesale
2026-01-26,SKU-10035,29,190.53,5525.37,2672.64,Regular,Retail
2026-01-26,SKU-10038,42,60.33,2533.86,1583.82,Regular,Retail
2026-01-26,SKU-10057,20,202.87,4057.4,2586.4,Promo,Online
2026-01-26,SKU-10059,25,29.82,745.5,389.0,Promo,Retail
2026-01-26,SKU-10018,20,120.11,2402.2,1108.8,Promo,Retail
2026-01-26,SKU-10014,11,147.29,1620.19,937.86,Regular,Retail
2026-01-26,SKU-10005,22,16.03,352.66,143.22,Regular,Wholesale
2026-01-26,SKU-10004,11,159.88,1758.68,805.97,Regular,Online
2026-01-26,SKU-10020,33,36.84,1215.72,595.32,Promo,Online
2026-01-26,SKU-10051,29,38.27,1109.83,413.54,Promo,Retail
2026-01-26,SKU-10044,23,180.71,4156.33,2487.68,Regular,Online
2026-01-26,SKU-10001,5,8.94,44.7,14.75,Regular,Retail
2026-01-26,SKU-10021,18,140.68,2532.24,991.8,Regular,Retail
2026-01-26,SKU-10060,29,183.74,5328.46,1913.71,Regular,Retail
2026-01-27,SKU-10055,22,123.96,2727.12,1638.78,Promo,Retail
2026-01-27,SKU-10049,21,232.86,4890.06,1986.81,Regular,Retail
2026-01-27,SKU-10053,28,73.28,2051.84,1056.44,Regular,Online
2026-01-27,SKU-10042,25,207.17,5179.25,2334.0,Regular,Retail
2026-01-27,SKU-10054,27,143.82,3883.14,1492.29,Regular,Online
2026-01-27,SKU-10058,12,166.94,2003.28,900.24,Regular,Wholesale
2026-01-27,SKU-10015,17,172.37,2930.29,1016.26,Regular,Retail
2026-01-27,SKU-10008,15,46.95,704.25,347.55,Regular,Wholesale
2026-01-27,SKU-10013,6,132.13,792.78,367.38,Regular,Wholesale
2026-01-27,SKU-10014,26,157.27,4089.02,2216.76,Regular,Online
2026-01-27,SKU-10036,24,89.03,2136.72,1296.72,Regular,Online
2026-01-27,SKU-10059,25,35.39,884.75,389.0,Regular,Retail
2026-01-27,SKU-10032,37,72.58,2685.46,1257.26,Regular,Online
2026-01-27,SKU-10022,36,64.01,2304.36,990.0,Regular,Online
2026-01-27,SKU-10006,15,52.41,786.15,310.8,Regular,Retail
2026-01-27,SKU-10045,8,155.86,1246.88,732.56,Regular,Online
2026-01-27,SKU-10050,11,122.39,1346.29,934.45,Promo,Online
2026-01-27,SKU-10024,23,78.37,1802.51,591.1,Regular,Online
2026-01-27,SKU-10017,34,179.54,6104.36,2909.04,Promo,Wholesale
2026-01-27,SKU-10035,9,194.34,1749.06,829.44,Regular,Retail
2026-01-27,SKU-10039,39,190.72,7438.08,4555.59,Regular,Online
2026-01-27,SKU-10005,27,15.66,422.82,175.77,Regular,Wholesale
2026-01-27,SKU-10046,30,97.35,2920.5,1640.4,Regular,Retail
2026-01-27,SKU-10012,23,70.81,1628.63,644.46,Promo,Wholesale
2026-01-27,SKU-10028,43,25.0,1075.0,520.73,Promo,Online
2026-01-27,SKU-10026,22,97.26,2139.72,1442.76,Promo,Retail
2026-01-27,SKU-10002,19,141.17,2682.23,1495.87,Regular,Online
2026-01-27,SKU-10040,6,141.49,848.94,580.02,Promo,Wholesale
2026-01-27,SKU-10016,29,170.17,4934.93,2567.08,Regular,Wholesale
2026-01-27,SKU-10019,21,172.09,3613.89,1552.95,Regular,Online
2026-01-27,SKU-10030,19,23.97,455.43,237.88,Promo,Online
2026-01-27,SKU-10009,26,116.02,3016.52,1429.48,Promo,Online
2026-01-27,SKU-10003,25,115.77,2894.25,1426.5,Promo,Wholesale
2026-01-27,SKU-10057,38,223.23,8482.74,4914.16,Regular,Retail
2026-01-27,SKU-10056,38,18.61,707.18,297.16,Regular,Retail
2026-01-27,SKU-10051,18,43.61,784.98,256.68,Regular,Online
2026-01-27,SKU-10025,24,50.48,1211.52,438.96,Regular,Online
2026-01-27,SKU-10038,13,61.56,800.28,490.23,Regular,Retail
2026-01-27,SKU-10060,38,150.7,5726.6,2507.62,Promo,Online
2026-01-27,SKU-10021,24,133.63,3207.12,1322.4,Regular,Wholesale
2026-01-27,SKU-10031,19,107.87,2049.53,1186.17,Promo,Online
2026-01-27,SKU-10004,28,149.42,4183.76,2051.56,Regular,Wholesale
2026-01-27,SKU-10029,28,187.66,5254.48,3147.76,Regular,Wholesale
2026-01-27,SKU-10011,6,219.81,1318.86,545.1,Regular,Online
2026-01-27,SKU-10033,26,111.11,2888.86,1901.12,Promo,Online
2026-01-28,SKU-10022,14,60.6,848.4,385.0,Regular,Wholesale
2026-01-28,SKU-10005,17,15.74,267.58,110.67,Regular,Retail
2026-01-28,SKU-10013,5,134.48,672.4,306.15,Regular,Online
2026-01-28,SKU-10030,38,25.75,978.5,475.76,Regular,Online
2026-01-28,SKU-10055,24,150.2,3604.8,1787.76,Regular,Retail
2026-01-28,SKU-10020,16,39.19,627.04,288.64,Promo,Retail
2026-01-28,SKU-10027,30,178.38,5351.4,1890.9,Regular,Online
2026-01-28,SKU-10008,33,48.27,1592.91,764.61,Regular,Retail
2026-01-28,SKU-10049,25,223.91,5597.75,2365.25,Regular,Online
2026-01-28,SKU-10001,10,9.05,90.5,29.5,Regular,Retail
2026-01-28,SKU-10047,28,147.68,4135.04,1632.12,Regular,Retail
2026-01-28,SKU-10009,13,140.0,1820.0,714.74,Regular,Wholesale
2026-01-28,SKU-10032,29,73.69,2137.01,985.42,Regular,Retail
2026-01-28,SKU-10045,33,160.77,5305.41,3021.81,Regular,Online
2026-01-28,SKU-10007,35,213.94,7487.9,3170.3,Regular,Wholesale
2026-01-28,SKU-10054,16,123.38,1974.08,884.32,Promo,Wholesale
2026-01-28,SKU-10031,18,121.87,2193.66,1123.74,Regular,Wholesale
2026-01-28,SKU-10048,22,158.47,3486.34,1175.46,Regular,Wholesale
2026-01-28,SKU-10026,15,106.67,1600.05,983.7,Promo,Wholesale
2026-01-28,SKU-10006,38,50.42,1915.96,787.36,Regular,Retail
2026-01-28,SKU-10034,17,136.71,2324.07,1326.17,Regular,Retail
2026-01-28,SKU-10057,24,210.98,5063.52,3103.68,Regular,Online
2026-01-28,SKU-10035,21,185.45,3894.45,1935.36,Regular,Wholesale
2026-01-28,SKU-10043,24,39.32,943.68,583.68,Promo,Wholesale
2026-01-28,SKU-10023,21,16.29,342.09,164.64,Regular,Retail
2026-01-28,SKU-10021,11,135.29,1488.19,606.1,Regular,Wholesale
2026-01-28,SKU-10039,22,167.35,3681.7,2569.82,Promo,Retail
2026-01-28,SKU-10033,8,133.94,1071.52,584.96,Regular,Retail
2026-01-28,SKU-10041,14,175.77,2460.78,1264.34,Regular,Wholesale
2026-01-28,SKU-10038,41,60.7,2488.7,1546.11,Regular,Online
2026-01-28,SKU-10003,31,126.01,3906.31,1768.86,Regular,Online
2026-01-28,SKU-10059,34,35.21,1197.14,529.04,Regular,Retail
2026-01-28,SKU-10052,29,168.0,4872.0,1677.36,Regular,Online
2026-01-28,SKU-10058,14,159.94,2239.16,1050.28,Regular,Wholesale
2026-01-28,SKU-10018,26,133.32,3466.32,1441.44,Regular,Retail
2026-01-28,SKU-10028,24,32.49,779.76,290.64,Regular,Online
2026-01-28,SKU-10046,40,97.95,3918.0,2187.2,Regular,Retail
2026-01-28,SKU-10025,29,51.77,1501.33,530.41,Regular,Wholesale
2026-01-28,SKU-10014,21,137.78,2893.38,1790.46,Promo,Retail
2026-01-28,SKU-10060,30,195.73,5871.9,1979.7,Regular,Retail
2026-01-28,SKU-10011,14,228.64,3200.96,1271.9,Regular,Online
2026-01-28,SKU-10024,20,63.67,1273.4,514.0,Promo,Online
2026-01-28,SKU-10012,8,75.64,605.12,224.16,Regular,Online
2026-01-28,SKU-10015,13,172.48,2242.24,777.14,Regular,Retail
2026-01-29,SKU-10058,25,164.87,4121.75,1875.5,Regular,Retail
2026-01-29,SKU-10044,31,144.66,4484.46,3352.96,Promo,Online
2026-01-29,SKU-10033,25,139.3,3482.5,1828.0,Regular,Wholesale
2026-01-29,SKU-10007,23,206.7,4754.1,2083.34,Regular,Retail
2026-01-29,SKU-10060,26,182.66,4749.16,1715.74,Regular,Wholesale
2026-01-29,SKU-10025,30,39.99,1199.7,548.7,Promo,Online
2026-01-29,SKU-10048,13,150.37,1954.81,694.59,Regular,Retail
2026-01-29,SKU-10005,34,15.59,530.06,221.34,Regular,Online
2026-01-29,SKU-10013,29,128.05,3713.45,1775.67,Regular,Online
2026-01-29,SKU-10032,14,74.12,1037.68,475.72,Regular,Wholesale
2026-01-29,SKU-10045,19,151.53,2879.07,1739.83,Regular,Wholesale
2026-01-29,SKU-10043,22,46.25,1017.5,535.04,Regular,Online
2026-01-29,SKU-10009,10,149.07,1490.7,549.8,Regular,Retail
2026-01-29,SKU-10055,36,157.16,5657.76,2681.64,Regular,Retail
2026-01-29,SKU-10047,39,142.35,5551.65,2273.31,Regular,Retail
2026-01-29,SKU-10035,38,188.25,7153.5,3502.08,Regular,Retail
2026-01-29,SKU-10051,35,41.64,1457.4,499.1,Regular,Retail
2026-01-29,SKU-10016,29,167.74,4864.46,2567.08,Regular,Retail
2026-01-29,SKU-10046,14,104.27,1459.78,765.52,Regular,Online
2026-01-29,SKU-10040,13,174.17,2264.21,1256.71,Regular,Online
2026-01-29,SKU-10011,13,176.06,2288.78,1181.05,Promo,Online
2026-01-29,SKU-10017,35,213.01,7455.35,2994.6,Regular,Retail
2026-01-29,SKU-10014,33,145.63,4805.79,2813.58,Regular,Retail
2026-01-29,SKU-10030,25,26.3,657.5,313.0,Regular,Wholesale
2026-01-29,SKU-10029,49,160.17,7848.33,5508.58,Promo,Online
2026-01-29,SKU-10052,20,156.37,3127.4,1156.8,Regular,Online
2026-01-29,SKU-10006,23,53.24,1224.52,476.56,Regular,Online
2026-01-29,SKU-10037,34,187.62,6379.08,3121.2,Regular,Wholesale
2026-01-29,SKU-10021,20,145.0,2900.0,1102.0,Regular,Online
2026-01-29,SKU-10026,38,120.85,4592.3,2492.04,Regular,Retail
2026-01-29,SKU-10010,28,66.17,1852.76,863.8,Promo,Retail
2026-01-29,SKU-10024,33,70.49,2326.17,848.1,Promo,Retail
2026-01-29,SKU-10059,19,33.85,643.15,295.64,Regular,Online
2026-01-29,SKU-10036,34,89.93,3057.62,1837.02,Regular,Online
2026-01-29,SKU-10003,33,102.64,3387.12,1882.98,Promo,Retail
2026-01-29,SKU-10004,34,150.82,5127.88,2491.18,Regular,Retail
2026-01-29,SKU-10020,40,35.47,1418.8,721.6,Promo,Online
2026-01-29,SKU-10019,20,170.64,3412.8,1479.0,Regular,Wholesale
2026-01-29,SKU-10015,23,177.3,4077.9,1374.94,Regular,Online
2026-01-29,SKU-10028,22,28.41,625.02,266.42,Promo,Retail
2026-01-29,SKU-10041,1,173.1,173.1,90.31,Regular,Wholesale
2026-01-29,SKU-10053,10,76.25,762.5,377.3,Regular,Online
2026-01-29,SKU-10001,28,8.88,248.64,82.6,Regular,Online
2026-01-29,SKU-10023,21,16.72,351.12,164.64,Regular,Wholesale
2026-01-29,SKU-10057,17,213.58,3630.86,2198.44,Regular,Online
2026-01-30,SKU-10026,20,106.74,2134.8,1311.6,Promo,Online
2026-01-30,SKU-10055,15,155.76,2336.4,1117.35,Regular,Retail
2026-01-30,SKU-10049,25,219.49,5487.25,2365.25,Regular,Wholesale
2026-01-30,SKU-10036,27,94.54,2552.58,1458.81,Regular,Retail
2026-01-30,SKU-10043,45,47.35,2130.75,1094.4,Regular,Online
2026-01-30,SKU-10011,17,218.74,3718.58,1544.45,Regular,Wholesale
2026-01-30,SKU-10022,4,64.05,256.2,110.0,Regular,Retail
2026-01-30,SKU-10024,37,79.4,2937.8,950.9,Regular,Retail
2026-01-30,SKU-10017,36,204.16,7349.76,3080.16,Regular,Online
2026-01-30,SKU-10042,11,213.7,2350.7,1026.96,Regular,Wholesale
2026-01-30,SKU-10013,37,138.21,5113.77,2265.51,Regular,Retail
2026-01-30,SKU-10009,31,139.45,4322.95,1704.38,Regular,Wholesale
2026-01-30,SKU-10028,19,31.85,605.15,230.09,Regular,Wholesale
2026-01-30,SKU-10021,20,137.72,2754.4,1102.0,Regular,Online
2026-01-30,SKU-10023,23,15.22,350.06,180.32,Promo,Wholesale
2026-01-30,SKU-10034,26,132.28,3439.28,2028.26,Regular,Retail
2026-01-30,SKU-10037,14,191.22,2677.08,1285.2,Regular,Retail
2026-01-30,SKU-10016,6,168.45,1010.7,531.12,Regular,Retail
2026-01-30,SKU-10046,39,96.56,3765.84,2132.52,Regular,Retail
2026-01-30,SKU-10054,34,132.84,4516.56,1879.18,Promo,Wholesale
2026-01-30,SKU-10030,23,26.03,598.69,287.96,Regular,Wholesale
2026-01-30,SKU-10014,23,143.35,3297.05,1960.98,Regular,Wholesale
2026-01-30,SKU-10044,36,146.85,5286.6,3893.76,Promo,Online
2026-01-30,SKU-10001,37,7.1,262.7,109.15,Promo,Wholesale
2026-01-30,SKU-10060,35,193.15,6760.25,2309.65,Regular,Online
2026-01-30,SKU-10051,20,42.98,859.6,285.2,Regular,Wholesale
2026-01-30,SKU-10008,10,46.44,464.4,231.7,Regular,Retail
2026-01-30,SKU-10033,16,143.25,2292.0,1169.92,Regular,Wholesale
2026-01-30,SKU-10032,29,79.27,2298.83,985.42,Regular,Online
2026-01-30,SKU-10041,40,178.31,7132.4,3612.4,Regular,Online
2026-01-30,SKU-10059,24,30.14,723.36,373.44,Promo,Online
2026-01-30,SKU-10007,22,203.88,4485.36,1992.76,Regular,Retail
2026-01-30,SKU-10040,22,137.21,3018.62,2126.74,Promo,Retail
2026-01-30,SKU-10050,9,155.44,1398.96,764.55,Regular,Retail
2026-01-30,SKU-10048,22,154.74,3404.28,1175.46,Regular,Retail
2026-01-30,SKU-10058,25,169.62,4240.5,1875.5,Regular,Wholesale
2026-01-30,SKU-10025,30,51.91,1557.3,548.7,Regular,Wholesale
2026-01-30,SKU-10045,17,154.08,2619.36,1556.69,Regular,Online
2026-01-30,SKU-10010,26,72.96,1896.96,802.1,Regular,Wholesale
2026-01-30,SKU-10052,10,162.4,1624.0,578.4,Regular,Online
2026-01-30,SKU-10015,27,147.92,3993.84,1614.06,Promo,Wholesale
2026-01-30,SKU-10002,18,135.73,2443.14,1417.14,Regular,Retail
2026-01-30,SKU-10053,24,70.91,1701.84,905.52,Regular,Wholesale
2026-01-30,SKU-10035,22,187.03,4114.66,2027.52,Regular,Online
2026-01-30,SKU-10038,34,58.84,2000.56,1282.14,Regular,Retail
2026-01-31,SKU-10018,22,143.08,3147.76,1219.68,Regular,Wholesale
2026-01-31,SKU-10013,8,115.2,921.6,489.84,Promo,Online
2026-01-31,SKU-10003,14,116.5,1631.0,798.84,Promo,Retail
2026-01-31,SKU-10037,31,186.36,5777.16,2845.8,Regular,Retail
2026-01-31,SKU-10045,31,149.51,4634.81,2838.67,Regular,Wholesale
2026-01-31,SKU-10015,4,178.82,715.28,239.12,Regular,Online
2026-01-31,SKU-10007,37,214.19,7925.03,3351.46,Regular,Wholesale
2026-01-31,SKU-10050,12,156.07,1872.84,1019.4,Regular,Wholesale
2026-01-31,SKU-10019,25,170.16,4254.0,1848.75,Regular,Retail
2026-01-31,SKU-10059,6,34.72,208.32,93.36,Regular,Wholesale
2026-01-31,SKU-10025,37,50.04,1851.48,676.73,Regular,Retail
2026-01-31,SKU-10032,21,64.12,1346.52,713.58,Promo,Wholesale
2026-01-31,SKU-10038,26,58.91,1531.66,980.46,Regular,Retail
2026-01-31,SKU-10021,11,121.43,1335.73,606.1,Promo,Online
2026-01-31,SKU-10039,22,201.18,4425.96,2569.82,Regular,Online
2026-01-31,SKU-10026,19,93.12,1769.28,1246.02,Promo,Retail
2026-01-31,SKU-10054,41,151.14,6196.74,2266.07,Regular,Retail
2026-01-31,SKU-10029,25,170.96,4274.0,2810.5,Promo,Wholesale
2026-01-31,SKU-10014,25,146.37,3659.25,2131.5,Regular,Retail
2026-01-31,SKU-10027,21,165.68,3479.28,1323.63,Promo,Online
2026-01-31,SKU-10043,20,43.89,877.8,486.4,Regular,Retail
2026-01-31,SKU-10005,27,15.3,413.1,175.77,Regular,Retail
2026-01-31,SKU-10044,23,159.61,3671.03,2487.68,Promo,Retail
2026-01-31,SKU-10036,22,90.0,1980.0,1188.66,Regular,Retail
2026-01-31,SKU-10023,23,16.18,372.14,180.32,Regular,Online
2026-01-31,SKU-10009,18,137.79,2480.22,989.64,Regular,Wholesale
2026-01-31,SKU-10033,2,132.68,265.36,146.24,Regular,Online
2026-01-31,SKU-10028,24,31.85,764.4,290.64,Regular,Wholesale
2026-01-31,SKU-10024,25,79.09,1977.25,642.5,Regular,Online
2026-01-31,SKU-10051,38,45.39,1724.82,541.88,Regular,Retail
2026-01-31,SKU-10006,27,52.24,1410.48,559.44,Regular,Online
2026-01-31,SKU-10001,10,8.73,87.3,29.5,Regular,Wholesale
2026-01-31,SKU-10053,41,73.48,3012.68,1546.93,Regular,Online
2026-01-31,SKU-10030,40,27.46,1098.4,500.8,Regular,Wholesale
2026-01-31,SKU-10034,25,123.7,3092.5,1950.25,Promo,Online
2026-01-31,SKU-10031,37,132.87,4916.19,2309.91,Regular,Online
2026-01-31,SKU-10055,26,156.88,4078.88,1936.74,Regular,Online
2026-01-31,SKU-10035,39,193.4,7542.6,3594.24,Regular,Online
2026-01-31,SKU-10012,30,78.38,2351.4,840.6,Regular,Online
2026-01-31,SKU-10041,33,175.35,5786.55,2980.23,Regular,Retail
2026-01-31,SKU-10040,27,169.79,4584.33,2610.09,Regular,Retail
2026-01-31,SKU-10057,25,212.84,5321.0,3233.0,Regular,Online
2026-01-31,SKU-10011,24,215.13,5163.12,2180.4,Regular,Online
2026-01-31,SKU-10060,17,151.83,2581.11,1121.83,Promo,Retail
2026-01-31,SKU-10004,23,161.07,3704.61,1685.21,Regular,Online
2026-02-01,SKU-10002,13,121.72,1582.36,1023.49,Promo,Wholesale
2026-02-01,SKU-10046,36,99.31,3575.16,1968.48,Regular,Wholesale
2026-02-01,SKU-10052,23,171.81,3951.63,1330.32,Regular,Wholesale
2026-02-01,SKU-10003,33,132.78,4381.74,1882.98,Regular,Wholesale
2026-02-01,SKU-10041,46,184.67,8494.82,4154.26,Regular,Online
2026-02-01,SKU-10039,31,206.83,6411.73,3621.11,Regular,Online
2026-02-01,SKU-10043,13,47.46,616.98,316.16,Regular,Online
2026-02-01,SKU-10007,14,202.23,2831.22,1268.12,Regular,Retail
2026-02-01,SKU-10059,39,35.04,1366.56,606.84,Regular,Retail
2026-02-01,SKU-10023,16,17.38,278.08,125.44,Regular,Retail
2026-02-01,SKU-10055,30,151.32,4539.6,2234.7,Regular,Retail
2026-02-01,SKU-10033,44,109.9,4835.6,3217.28,Promo,Online
2026-02-01,SKU-10049,24,237.4,5697.6,2270.64,Regular,Retail
2026-02-01,SKU-10044,8,165.71,1325.68,865.28,Promo,Retail
2026-02-01,SKU-10024,19,76.93,1461.67,488.3,Regular,Retail
2026-02-01,SKU-10042,24,207.83,4987.92,2240.64,Regular,Online
2026-02-01,SKU-10056,39,15.06,587.34,304.98,Promo,Retail
2026-02-01,SKU-10031,19,131.93,2506.67,1186.17,Regular,Wholesale
2026-02-01,SKU-10057,22,196.64,4326.08,2845.04,Promo,Retail
2026-02-01,SKU-10036,16,94.02,1504.32,864.48,Regular,Retail
2026-02-01,SKU-10058,7,168.84,1181.88,525.14,Regular,Wholesale
2026-02-01,SKU-10001,3,8.65,25.95,8.85,Regular,Wholesale
2026-02-01,SKU-10013,18,138.66,2495.88,1102.14,Regular,Online
2026-02-01,SKU-10014,20,130.24,2604.8,1705.2,Promo,Online
2026-02-01,SKU-10010,12,70.29,843.48,370.2,Regular,Retail
2026-02-01,SKU-10028,22,30.23,665.06,266.42,Regular,Online
2026-02-01,SKU-10022,11,64.64,711.04,302.5,Regular,Retail
2026-02-01,SKU-10045,16,154.83,2477.28,1465.12,Regular,Retail
2026-02-01,SKU-10008,22,46.55,1024.1,509.74,Regular,Online
2026-02-01,SKU-10047,11,129.67,1426.37,641.19,Promo,Online
2026-02-01,SKU-10019,14,145.63,2038.82,1035.3,Promo,Online
2026-02-01,SKU-10025,31,50.44,1563.64,566.99,Regular,Retail
2026-02-01,SKU-10038,38,62.43,2372.34,1432.98,Regular,Retail
2026-02-01,SKU-10060,24,190.0,4560.0,1583.76,Regular,Wholesale
2026-02-01,SKU-10035,20,146.27,2925.4,1843.2,Promo,Wholesale
2026-02-01,SKU-10006,11,53.8,591.8,227.92,Regular,Wholesale
2026-02-01,SKU-10030,27,23.88,644.76,338.04,Promo,Retail
2026-02-01,SKU-10004,24,159.9,3837.6,1758.48,Regular,Online
2026-02-01,SKU-10011,21,213.28,4478.88,1907.85,Regular,Retail
2026-02-01,SKU-10009,10,150.54,1505.4,549.8,Regular,Retail
2026-02-01,SKU-10012,34,83.0,2822.0,952.68,Regular,Retail
2026-02-01,SKU-10054,35,145.36,5087.6,1934.45,Regular,Retail
2026-02-01,SKU-10026,20,122.6,2452.0,1311.6,Regular,Retail
2026-02-01,SKU-10018,18,136.09,2449.62,997.92,Regular,Online
2026-02-01,SKU-10040,32,159.12,5091.84,3093.44,Regular,Retail
2026-02-02,SKU-10007,34,202.07,6870.38,3079.72,Regular,Online
2026-02-02,SKU-10031,37,133.99,4957.63,2309.91,Regular,Online
2026-02-02,SKU-10013,41,131.41,5387.81,2510.43,Regular,Retail
2026-02-02,SKU-10015,33,171.44,5657.52,1972.74,Regular,Online
2026-02-02,SKU-10032,14,66.95,937.3,475.72,Promo,Retail
2026-02-02,SKU-10006,17,53.53,910.01,352.24,Regular,Retail
2026-02-02,SKU-10008,25,47.03,1175.75,579.25,Regular,Online
2026-02-02,SKU-10028,48,25.4,1219.2,581.28,Promo,Retail
2026-02-02,SKU-10020,25,44.54,1113.5,451.0,Regular,Online
2026-02-02,SKU-10046,21,84.15,1767.15,1148.28,Promo,Retail
2026-02-02,SKU-10059,41,36.33,1489.53,637.96,Regular,Retail
2026-02-02,SKU-10057,20,229.49,4589.8,2586.4,Regular,Retail
2026-02-02,SKU-10043,31,44.93,1392.83,753.92,Regular,Online
2026-02-02,SKU-10019,24,170.31,4087.44,1774.8,Regular,Online
2026-02-02,SKU-10060,21,155.94,3274.74,1385.79,Promo,Wholesale
2026-02-02,SKU-10030,20,27.41,548.2,250.4,Regular,Wholesale
2026-02-02,SKU-10040,11,161.02,1771.22,1063.37,Regular,Online
2026-02-02,SKU-10033,20,133.2,2664.0,1462.4,Regular,Retail
2026-02-02,SKU-10025,17,53.52,909.84,310.93,Regular,Online
2026-02-02,SKU-10052,30,171.39,5141.7,1735.2,Regular,Online
2026-02-02,SKU-10058,17,169.36,2879.12,1275.34,Regular,Wholesale
2026-02-02,SKU-10035,25,188.43,4710.75,2304.0,Regular,Retail
2026-02-02,SKU-10026,25,123.05,3076.25,1639.5,Regular,Online
2026-02-02,SKU-10012,24,71.88,1725.12,672.48,Promo,Online
2026-02-02,SKU-10056,13,17.93,233.09,101.66,Regular,Wholesale
2026-02-02,SKU-10024,24,76.08,1825.92,616.8,Regular,Retail
2026-02-02,SKU-10005,14,15.92,222.88,91.14,Regular,Online
2026-02-02,SKU-10029,25,175.35,4383.75,2810.5,Promo,Online
2026-02-02,SKU-10050,29,126.45,3667.05,2463.55,Promo,Online
2026-02-02,SKU-10047,34,140.31,4770.54,1981.86,Regular,Online
2026-02-02,SKU-10048,23,150.95,3471.85,1228.89,Regular,Online
2026-02-02,SKU-10004,33,126.93,4188.69,2417.91,Promo,Wholesale
2026-02-02,SKU-10016,20,140.95,2819.0,1770.4,Promo,Online
2026-02-02,SKU-10023,28,15.88,444.64,219.52,Regular,Retail
2026-02-02,SKU-10003,41,127.35,5221.35,2339.46,Regular,Retail
2026-02-02,SKU-10039,27,202.77,5474.79,3153.87,Regular,Wholesale
2026-02-02,SKU-10014,11,156.09,1716.99,937.86,Regular,Online
2026-02-02,SKU-10002,39,109.93,4287.27,3070.47,Promo,Retail
2026-02-02,SKU-10044,35,191.86,6715.1,3785.6,Regular,Online
2026-02-02,SKU-10045,7,160.79,1125.53,640.99,Regular,Online
2026-02-02,SKU-10001,18,9.23,166.14,53.1,Regular,Wholesale
2026-02-02,SKU-10053,21,72.26,1517.46,792.33,Regular,Retail
2026-02-02,SKU-10041,27,170.19,4595.13,2438.37,Regular,Wholesale
2026-02-02,SKU-10018,14,129.91,1818.74,776.16,Regular,Online
2026-02-02,SKU-10034,13,137.31,1785.03,1014.13,Regular,Wholesale
2026-02-03,SKU-10037,19,196.66,3736.54,1744.2,Regular,Retail
2026-02-03,SKU-10027,33,186.99,6170.67,2079.99,Regular,Wholesale
2026-02-03,SKU-10051,27,45.25,1221.75,385.02,Regular,Online
2026-02-03,SKU-10041,10,170.28,1702.8,903.1,Regular,Online
2026-02-03,SKU-10042,26,222.38,5781.88,2427.36,Regular,Retail
2026-02-03,SKU-10026,27,113.99,3077.73,1770.66,Regular,Wholesale
2026-02-03,SKU-10031,37,113.49,4199.13,2309.91,Promo,Wholesale
2026-02-03,SKU-10016,15,150.51,2257.65,1327.8,Promo,Wholesale
2026-02-03,SKU-10023,19,15.9,302.1,148.96,Regular,Wholesale
2026-02-03,SKU-10059,17,35.51,603.67,264.52,Regular,Wholesale
2026-02-03,SKU-10011,10,219.79,2197.9,908.5,Regular,Retail
2026-02-03,SKU-10034,10,129.14,1291.4,780.1,Regular,Online
2026-02-03,SKU-10046,15,97.31,1459.65,820.2,Regular,Online
2026-02-03,SKU-10058,37,163.54,6050.98,2775.74,Regular,Retail
2026-02-03,SKU-10017,20,212.66,4253.2,1711.2,Regular,Online
2026-02-03,SKU-10012,33,76.5,2524.5,924.66,Regular,Retail
2026-02-03,SKU-10032,28,75.98,2127.44,951.44,Regular,Online
2026-02-03,SKU-10052,6,157.74,946.44,347.04,Regular,Online
2026-02-03,SKU-10047,24,148.9,3573.6,1398.96,Regular,Wholesale
2026-02-03,SKU-10014,23,142.86,3285.78,1960.98,Regular,Wholesale
2026-02-03,SKU-10033,42,140.46,5899.32,3071.04,Regular,Retail
2026-02-03,SKU-10018,22,142.61,3137.42,1219.68,Regular,Retail
2026-02-03,SKU-10013,9,129.1,1161.9,551.07,Regular,Online
2026-02-03,SKU-10044,26,185.24,4816.24,2812.16,Regular,Online
2026-02-03,SKU-10030,38,25.66,975.08,475.76,Regular,Online
2026-02-03,SKU-10057,29,172.79,5010.91,3750.28,Promo,Wholesale
2026-02-03,SKU-10020,10,42.6,426.0,180.4,Regular,Wholesale
2026-02-03,SKU-10035,24,190.62,4574.88,2211.84,Regular,Wholesale
2026-02-03,SKU-10003,30,123.85,3715.5,1711.8,Regular,Retail
2026-02-03,SKU-10055,11,153.29,1686.19,819.39,Regular,Wholesale
2026-02-03,SKU-10006,24,52.19,1252.56,497.28,Regular,Wholesale
2026-02-03,SKU-10005,34,15.65,532.1,221.34,Regular,Online
2026-02-03,SKU-10015,16,168.59,2697.44,956.48,Regular,Wholesale
2026-02-03,SKU-10036,37,88.85,3287.45,1999.11,Regular,Retail
2026-02-03,SKU-10028,49,31.32,1534.68,593.39,Regular,Online
2026-02-03,SKU-10007,35,214.78,7517.3,3170.3,Regular,Wholesale
2026-02-03,SKU-10022,19,49.87,947.53,522.5,Promo,Retail
2026-02-03,SKU-10053,33,58.86,1942.38,1245.09,Promo,Retail
2026-02-03,SKU-10045,15,151.89,2278.35,1373.55,Regular,Online
2026-02-03,SKU-10056,22,19.21,422.62,172.04,Regular,Retail
2026-02-03,SKU-10043,31,38.3,1187.3,753.92,Promo,Wholesale
2026-02-03,SKU-10021,42,134.6,5653.2,2314.2,Regular,Retail
2026-02-03,SKU-10002,15,115.44,1731.6,1180.95,Promo,Wholesale
2026-02-03,SKU-10001,12,9.1,109.2,35.4,Regular,Wholesale
2026-02-03,SKU-10010,15,61.21,918.15,462.75,Promo,Wholesale
2026-02-04,SKU-10014,13,148.48,1930.24,1108.38,Regular,Retail
2026-02-04,SKU-10027,25,149.31,3732.75,1575.75,Promo,Online
2026-02-04,SKU-10031,7,103.87,727.09,437.01,Promo,Retail
2026-02-04,SKU-10015,21,163.12,3425.52,1255.38,Regular,Wholesale
2026-02-04,SKU-10039,25,156.47,3911.75,2920.25,Promo,Retail
2026-02-04,SKU-10056,34,18.67,634.78,265.88,Regular,Wholesale
2026-02-04,SKU-10003,25,130.02,3250.5,1426.5,Regular,Wholesale
2026-02-04,SKU-10050,17,154.84,2632.28,1444.15,Regular,Wholesale
2026-02-04,SKU-10054,19,141.29,2684.51,1050.13,Regular,Retail
2026-02-04,SKU-10023,28,16.1,450.8,219.52,Regular,Retail
2026-02-04,SKU-10019,23,162.08,3727.84,1700.85,Regular,Retail
2026-02-04,SKU-10013,12,129.16,1549.92,734.76,Regular,Wholesale
2026-02-04,SKU-10043,9,47.86,430.74,218.88,Regular,Wholesale
2026-02-04,SKU-10038,16,60.03,960.48,603.36,Regular,Online
2026-02-04,SKU-10052,25,156.52,3913.0,1446.0,Regular,Online
2026-02-04,SKU-10008,38,49.04,1863.52,880.46,Regular,Retail
2026-02-04,SKU-10022,22,65.8,1447.6,605.0,Regular,Online
2026-02-04,SKU-10033,47,134.32,6313.04,3436.64,Regular,Wholesale
2026-02-04,SKU-10024,49,66.05,3236.45,1259.3,Promo,Wholesale
2026-02-04,SKU-10032,17,76.99,1308.83,577.66,Regular,Online
2026-02-04,SKU-10007,28,164.64,4609.92,2536.24,Promo,Online
2026-02-04,SKU-10001,21,9.4,197.4,61.95,Regular,Retail
2026-02-04,SKU-10028,22,31.03,682.66,266.42,Regular,Retail
2026-02-04,SKU-10055,26,123.19,3202.94,1936.74,Promo,Wholesale
2026-02-04,SKU-10053,23,76.87,1768.01,867.79,Regular,Online
2026-02-04,SKU-10058,24,165.72,3977.28,1800.48,Regular,Online
2026-02-04,SKU-10025,11,51.34,564.74,201.19,Regular,Online
2026-02-04,SKU-10035,32,178.94,5726.08,2949.12,Regular,Online
2026-02-04,SKU-10037,27,159.68,4311.36,2478.6,Promo,Retail
2026-02-04,SKU-10045,28,148.32,4152.96,2563.96,Regular,Wholesale
2026-02-04,SKU-10021,18,142.69,2568.42,991.8,Regular,Retail
2026-02-04,SKU-10030,21,25.99,545.79,262.92,Regular,Online
2026-02-04,SKU-10036,20,93.13,1862.6,1080.6,Regular,Online
2026-02-04,SKU-10004,30,159.43,4782.9,2198.1,Regular,Retail
2026-02-04,SKU-10006,18,46.39,835.02,372.96,Promo,Wholesale
2026-02-04,SKU-10012,24,81.29,1950.96,672.48,Regular,Retail
2026-02-04,SKU-10046,15,102.72,1540.8,820.2,Regular,Retail
2026-02-04,SKU-10048,30,149.97,4499.1,1602.9,Regular,Retail
2026-02-04,SKU-10034,33,130.61,4310.13,2574.33,Regular,Online
2026-02-04,SKU-10029,13,193.37,2513.81,1461.46,Regular,Wholesale
2026-02-04,SKU-10026,18,117.95,2123.1,1180.44,Regular,Online
2026-02-04,SKU-10009,19,147.8,2808.2,1044.62,Regular,Retail
2026-02-04,SKU-10011,37,218.82,8096.34,3361.45,Regular,Wholesale
2026-02-04,SKU-10044,34,148.02,5032.68,3677.44,Promo,Retail
2026-02-04,SKU-10020,32,43.37,1387.84,577.28,Regular,Retail
2026-02-05,SKU-10041,22,170.98,3761.56,1986.82,Regular,Retail
2026-02-05,SKU-10040,17,130.74,2222.58,1643.39,Promo,Wholesale
2026-02-05,SKU-10010,49,74.15,3633.35,1511.65,Regular,Online
2026-02-05,SKU-10011,27,207.93,5614.11,2452.95,Regular,Retail
2026-02-05,SKU-10055,20,147.26,2945.2,1489.8,Regular,Wholesale
2026-02-05,SKU-10039,15,191.93,2878.95,1752.15,Regular,Retail
2026-02-05,SKU-10043,33,44.48,1467.84,802.56,Regular,Wholesale
2026-02-05,SKU-10025,43,48.56,2088.08,786.47,Regular,Wholesale
2026-02-05,SKU-10029,25,191.08,4777.0,2810.5,Regular,Online
2026-02-05,SKU-10060,30,169.83,5094.9,1979.7,Promo,Retail
2026-02-05,SKU-10001,40,8.98,359.2,118.0,Regular,Online
2026-02-05,SKU-10054,37,143.38,5305.06,2044.99,Regular,Retail
2026-02-05,SKU-10034,28,135.44,3792.32,2184.28,Regular,Online
2026-02-05,SKU-10048,25,156.32,3908.0,1335.75,Regular,Retail
2026-02-05,SKU-10006,56,49.42,2767.52,1160.32,Regular,Online
2026-02-05,SKU-10045,12,154.13,1849.56,1098.84,Regular,Retail
2026-02-05,SKU-10019,23,146.07,3359.61,1700.85,Promo,Retail
2026-02-05,SKU-10005,6,15.51,93.06,39.06,Regular,Online
2026-02-05,SKU-10008,7,49.67,347.69,162.19,Regular,Wholesale
2026-02-05,SKU-10052,24,165.44,3970.56,1388.16,Regular,Retail
2026-02-05,SKU-10004,21,160.35,3367.35,1538.67,Regular,Retail
2026-02-05,SKU-10027,16,184.55,2952.8,1008.48,Regular,Wholesale
2026-02-05,SKU-10018,26,134.22,3489.72,1441.44,Regular,Wholesale
2026-02-05,SKU-10021,35,123.95,4338.25,1928.5,Promo,Online
2026-02-05,SKU-10003,29,102.29,2966.41,1654.74,Promo,Retail
2026-02-05,SKU-10059,14,33.92,474.88,217.84,Regular,Online
2026-02-05,SKU-10051,27,45.1,1217.7,385.02,Regular,Online
2026-02-05,SKU-10046,49,100.84,4941.16,2679.32,Regular,Wholesale
2026-02-05,SKU-10007,32,199.42,6381.44,2898.56,Regular,Retail
2026-02-05,SKU-10050,17,154.18,2621.06,1444.15,Regular,Online
2026-02-05,SKU-10036,23,89.0,2047.0,1242.69,Regular,Wholesale
2026-02-05,SKU-10037,24,150.29,3606.96,2203.2,Promo,Retail
2026-02-05,SKU-10053,14,59.04,826.56,528.22,Promo,Online
2026-02-05,SKU-10056,11,15.48,170.28,86.02,Promo,Online
2026-02-05,SKU-10002,11,113.83,1252.13,866.03,Promo,Online
2026-02-05,SKU-10017,36,208.26,7497.36,3080.16,Regular,Online
2026-02-05,SKU-10047,25,143.9,3597.5,1457.25,Regular,Online
2026-02-05,SKU-10022,17,65.67,1116.39,467.5,Regular,Retail
2026-02-05,SKU-10013,13,128.78,1674.14,795.99,Regular,Online
2026-02-05,SKU-10016,12,169.77,2037.24,1062.24,Regular,Wholesale
2026-02-05,SKU-10014,20,152.41,3048.2,1705.2,Regular,Wholesale
2026-02-05,SKU-10032,32,60.17,1925.44,1087.36,Promo,Retail
2026-02-05,SKU-10024,7,79.45,556.15,179.9,Regular,Online
2026-02-05,SKU-10044,20,192.83,3856.6,2163.2,Regular,Online
2026-02-06,SKU-10034,15,130.49,1957.35,1170.15,Regular,Wholesale
2026-02-06,SKU-10040,37,152.7,5649.9,3576.79,Promo,Retail
2026-02-06,SKU-10023,27,17.11,461.97,211.68,Regular,Online
2026-02-06,SKU-10030,16,27.97,447.52,200.32,Regular,Wholesale
2026-02-06,SKU-10028,28,32.75,917.0,339.08,Regular,Wholesale
2026-02-06,SKU-10031,10,132.79,1327.9,624.3,Regular,Retail
2026-02-06,SKU-10047,18,150.03,2700.54,1049.22,Regular,Online
2026-02-06,SKU-10017,34,171.28,5823.52,2909.04,Promo,Online
2026-02-06,SKU-10056,29,17.48,506.92,226.78,Regular,Wholesale
2026-02-06,SKU-10007,24,171.33,4111.92,2173.92,Promo,Online
2026-02-06,SKU-10001,23,9.0,207.0,67.85,Regular,Online
2026-02-06,SKU-10044,13,177.64,2309.32,1406.08,Regular,Retail
2026-02-06,SKU-10052,30,171.84,5155.2,1735.2,Regular,Online
2026-02-06,SKU-10055,24,150.84,3620.16,1787.76,Regular,Retail
2026-02-06,SKU-10059,25,29.8,745.0,389.0,Promo,Online
2026-02-06,SKU-10042,27,209.4,5653.8,2520.72,Regular,Retail
2026-02-06,SKU-10004,36,156.07,5618.52,2637.72,Regular,Online
2026-02-06,SKU-10018,33,130.08,4292.64,1829.52,Regular,Wholesale
2026-02-06,SKU-10025,16,49.58,793.28,292.64,Regular,Retail
2026-02-06,SKU-10002,22,142.46,3134.12,1732.06,Regular,Retail
2026-02-06,SKU-10037,5,190.91,954.55,459.0,Regular,Retail
2026-02-06,SKU-10029,41,188.75,7738.75,4609.22,Regular,Wholesale
2026-02-06,SKU-10046,21,103.28,2168.88,1148.28,Regular,Online
2026-02-06,SKU-10008,10,47.55,475.5,231.7,Regular,Online
2026-02-06,SKU-10036,15,78.82,1182.3,810.45,Promo,Retail
2026-02-06,SKU-10039,49,199.35,9768.15,5723.69,Regular,Online
2026-02-06,SKU-10060,33,189.3,6246.9,2177.67,Regular,Retail
2026-02-06,SKU-10043,39,44.99,1754.61,948.48,Regular,Retail
2026-02-06,SKU-10049,9,230.85,2077.65,851.49,Regular,Online
2026-02-06,SKU-10016,13,182.02,2366.26,1150.76,Regular,Online
2026-02-06,SKU-10011,26,219.48,5706.48,2362.1,Regular,Retail
2026-02-06,SKU-10045,26,129.32,3362.32,2380.82,Promo,Online
2026-02-06,SKU-10005,29,15.9,461.1,188.79,Regular,Online
2026-02-06,SKU-10027,35,194.55,6809.25,2206.05,Regular,Retail
2026-02-06,SKU-10014,35,148.29,5190.15,2984.1,Regular,Retail
2026-02-06,SKU-10012,16,78.98,1263.68,448.32,Regular,Wholesale
2026-02-06,SKU-10054,27,149.09,4025.43,1492.29,Regular,Online
2026-02-06,SKU-10015,25,136.73,3418.25,1494.5,Promo,Retail
2026-02-06,SKU-10020,15,42.71,640.65,270.6,Regular,Online
2026-02-06,SKU-10010,27,70.69,1908.63,832.95,Regular,Retail
2026-02-06,SKU-10024,22,76.25,1677.5,565.4,Regular,Retail
2026-02-06,SKU-10057,21,218.94,4597.74,2715.72,Regular,Wholesale
2026-02-06,SKU-10050,21,156.03,3276.63,1783.95,Regular,Online
2026-02-06,SKU-10051,42,43.14,1811.88,598.92,Regular,Wholesale
2026-02-07,SKU-10039,25,167.34,4183.5,2920.25,Promo,Online
2026-02-07,SKU-10021,27,132.19,3569.13,1487.7,Regular,Online
2026-02-07,SKU-10020,19,42.37,805.03,342.76,Regular,Online
2026-02-07,SKU-10033,33,142.51,4702.83,2412.96,Regular,Wholesale
2026-02-07,SKU-10034,22,118.01,2596.22,1716.22,Promo,Wholesale
2026-02-07,SKU-10023,22,16.94,372.68,172.48,Regular,Online
2026-02-07,SKU-10055,15,147.12,2206.8,1117.35,Regular,Retail
2026-02-07,SKU-10012,16,75.84,1213.44,448.32,Regular,Online
2026-02-07,SKU-10011,22,214.79,4725.38,1998.7,Regular,Retail
2026-02-07,SKU-10054,15,144.68,2170.2,829.05,Regular,Online
2026-02-07,SKU-10038,24,62.63,1503.12,905.04,Regular,Retail
2026-02-07,SKU-10004,14,151.08,2115.12,1025.78,Regular,Retail
2026-02-07,SKU-10045,32,160.05,5121.6,2930.24,Regular,Wholesale
2026-02-07,SKU-10048,19,149.85,2847.15,1015.17,Regular,Retail
2026-02-07,SKU-10042,30,212.91,6387.3,2800.8,Regular,Online
2026-02-07,SKU-10051,12,42.16,505.92,171.12,Regular,Retail
2026-02-07,SKU-10041,21,171.2,3595.2,1896.51,Regular,Online
2026-02-07,SKU-10059,23,34.65,796.95,357.88,Regular,Retail
2026-02-07,SKU-10003,20,133.76,2675.2,1141.2,Regular,Retail
2026-02-07,SKU-10047,23,140.13,3222.99,1340.67,Regular,Wholesale
2026-02-07,SKU-10016,8,182.82,1462.56,708.16,Regular,Online
2026-02-07,SKU-10006,21,52.12,1094.52,435.12,Regular,Wholesale
2026-02-07,SKU-10008,12,47.32,567.84,278.04,Regular,Wholesale
2026-02-07,SKU-10002,17,114.55,1947.35,1338.41,Promo,Wholesale
2026-02-07,SKU-10032,41,78.42,3215.22,1393.18,Regular,Wholesale
2026-02-07,SKU-10052,26,133.65,3474.9,1503.84,Promo,Retail
2026-02-07,SKU-10028,9,30.91,278.19,108.99,Regular,Online
2026-02-07,SKU-10001,41,7.93,325.13,120.95,Promo,Retail
2026-02-07,SKU-10040,14,173.8,2433.2,1353.38,Regular,Retail
2026-02-07,SKU-10056,29,18.44,534.76,226.78,Regular,Online
2026-02-07,SKU-10009,40,145.3,5812.0,2199.2,Regular,Retail
2026-02-07,SKU-10030,36,26.36,948.96,450.72,Regular,Retail
2026-02-07,SKU-10050,32,152.03,4864.96,2718.4,Regular,Wholesale
2026-02-07,SKU-10029,23,196.1,4510.3,2585.66,Regular,Retail
2026-02-07,SKU-10019,31,140.8,4364.8,2292.45,Promo,Wholesale
2026-02-07,SKU-10037,39,198.54,7743.06,3580.2,Regular,Wholesale
2026-02-07,SKU-10053,26,72.85,1894.1,980.98,Regular,Wholesale
2026-02-07,SKU-10049,21,225.33,4731.93,1986.81,Regular,Online
2026-02-07,SKU-10036,21,87.64,1840.44,1134.63,Regular,Online
2026-02-07,SKU-10025,40,46.12,1844.8,731.6,Promo,Online
2026-02-07,SKU-10014,44,155.22,6829.68,3751.44,Regular,Online
2026-02-07,SKU-10060,25,184.7,4617.5,1649.75,Regular,Online
2026-02-07,SKU-10027,16,187.1,2993.6,1008.48,Regular,Online
2026-02-07,SKU-10043,35,43.77,1531.95,851.2,Regular,Retail
2026-02-07,SKU-10031,24,100.32,2407.68,1498.32,Promo,Wholesale
2026-02-08,SKU-10013,15,128.85,1932.75,918.45,Regular,Online
2026-02-08,SKU-10056,17,18.01,306.17,132.94,Regular,Retail
2026-02-08,SKU-10011,33,178.34,5885.22,2998.05,Promo,Online
2026-02-08,SKU-10055,23,144.29,3318.67,1713.27,Regular,Retail
2026-02-08,SKU-10019,14,148.47,2078.58,1035.3,Promo,Retail
2026-02-08,SKU-10047,22,140.26,3085.72,1282.38,Regular,Retail
2026-02-08,SKU-10050,11,149.53,1644.83,934.45,Regular,Online
2026-02-08,SKU-10038,30,48.83,1464.9,1131.3,Promo,Online
2026-02-08,SKU-10052,22,150.93,3320.46,1272.48,Promo,Wholesale
2026-02-08,SKU-10020,2,42.56,85.12,36.08,Regular,Wholesale
2026-02-08,SKU-10034,20,135.2,2704.0,1560.2,Regular,Retail
2026-02-08,SKU-10051,19,43.83,832.77,270.94,Regular,Online
2026-02-08,SKU-10023,32,17.22,551.04,250.88,Regular,Retail
2026-02-08,SKU-10046,29,95.84,2779.36,1585.72,Regular,Online
2026-02-08,SKU-10044,38,175.52,6669.76,4110.08,Regular,Retail
2026-02-08,SKU-10057,33,221.01,7293.33,4267.56,Regular,Retail
2026-02-08,SKU-10004,2,142.53,285.06,146.54,Promo,Retail
2026-02-08,SKU-10053,24,75.52,1812.48,905.52,Regular,Retail
2026-02-08,SKU-10033,24,133.31,3199.44,1754.88,Regular,Retail
2026-02-08,SKU-10015,28,170.82,4782.96,1673.84,Regular,Online
2026-02-08,SKU-10008,17,50.7,861.9,393.89,Regular,Wholesale
2026-02-08,SKU-10031,26,128.43,3339.18,1623.18,Regular,Retail
2026-02-08,SKU-10035,26,189.29,4921.54,2396.16,Regular,Wholesale
2026-02-08,SKU-10036,32,71.98,2303.36,1728.96,Promo,Wholesale
2026-02-08,SKU-10030,31,25.74,797.94,388.12,Regular,Wholesale
2026-02-08,SKU-10058,27,161.68,4365.36,2025.54,Regular,Retail
2026-02-08,SKU-10024,28,79.02,2212.56,719.6,Regular,Retail
2026-02-08,SKU-10009,16,121.2,1939.2,879.68,Promo,Online
2026-02-08,SKU-10021,10,111.5,1115.0,551.0,Promo,Retail
2026-02-08,SKU-10014,29,149.51,4335.79,2472.54,Regular,Retail
2026-02-08,SKU-10010,37,69.31,2564.47,1141.45,Regular,Wholesale
2026-02-08,SKU-10001,31,8.91,276.21,91.45,Regular,Retail
2026-02-08,SKU-10032,23,76.7,1764.1,781.54,Regular,Wholesale
2026-02-08,SKU-10027,14,194.27,2719.78,882.42,Regular,Online
2026-02-08,SKU-10007,7,211.66,1481.62,634.06,Regular,Retail
2026-02-08,SKU-10016,32,178.97,5727.04,2832.64,Regular,Retail
2026-02-08,SKU-10059,25,34.22,855.5,389.0,Regular,Retail
2026-02-08,SKU-10029,14,171.95,2407.3,1573.88,Promo,Online
2026-02-08,SKU-10012,18,63.35,1140.3,504.36,Promo,Wholesale
2026-02-08,SKU-10041,19,182.67,3470.73,1715.89,Regular,Wholesale
2026-02-08,SKU-10048,20,159.98,3199.6,1068.6,Regular,Retail
2026-02-08,SKU-10017,17,205.94,3500.98,1454.52,Regular,Online
2026-02-08,SKU-10025,29,51.69,1499.01,530.41,Regular,Wholesale
2026-02-08,SKU-10042,17,212.14,3606.38,1587.12,Regular,Wholesale
2026-02-08,SKU-10045,50,145.77,7288.5,4578.5,Regular,Retail
2026-02-09,SKU-10060,47,192.56,9050.32,3101.53,Regular,Retail
2026-02-09,SKU-10008,20,42.1,842.0,463.4,Promo,Online
2026-02-09,SKU-10006,16,51.55,824.8,331.52,Regular,Online
2026-02-09,SKU-10050,35,150.2,5257.0,2973.25,Regular,Wholesale
2026-02-09,SKU-10041,43,161.33,6937.19,3883.33,Promo,Wholesale
2026-02-09,SKU-10055,26,146.34,3804.84,1936.74,Regular,Retail
2026-02-09,SKU-10027,36,168.48,6065.28,2269.08,Promo,Online
2026-02-09,SKU-10059,25,31.18,779.5,389.0,Promo,Retail
2026-02-09,SKU-10015,25,174.48,4362.0,1494.5,Regular,Retail
2026-02-09,SKU-10018,33,133.93,4419.69,1829.52,Regular,Online
2026-02-09,SKU-10023,41,15.89,651.49,321.44,Regular,Wholesale
2026-02-09,SKU-10016,43,175.5,7546.5,3806.36,Regular,Retail
2026-02-09,SKU-10019,20,172.94,3458.8,1479.0,Regular,Retail
2026-02-09,SKU-10029,19,193.99,3685.81,2135.98,Regular,Retail
2026-02-09,SKU-10040,30,163.12,4893.6,2900.1,Regular,Retail
2026-02-09,SKU-10036,25,91.34,2283.5,1350.75,Regular,Retail
2026-02-09,SKU-10031,31,126.22,3912.82,1935.33,Regular,Online
2026-02-09,SKU-10054,33,148.63,4904.79,1823.91,Regular,Online
2026-02-09,SKU-10049,24,223.85,5372.4,2270.64,Regular,Wholesale
2026-02-09,SKU-10038,11,63.39,697.29,414.81,Regular,Online
2026-02-09,SKU-10052,42,144.16,6054.72,2429.28,Promo,Online
2026-02-09,SKU-10011,40,222.92,8916.8,3634.0,Regular,Retail
2026-02-09,SKU-10058,12,171.74,2060.88,900.24,Regular,Wholesale
2026-02-09,SKU-10051,24,34.7,832.8,342.24,Promo,Wholesale
2026-02-09,SKU-10025,53,51.3,2718.9,969.37,Regular,Wholesale
2026-02-09,SKU-10021,22,139.25,3063.5,1212.2,Regular,Retail
2026-02-09,SKU-10002,17,146.04,2482.68,1338.41,Regular,Retail
2026-02-09,SKU-10028,11,28.13,309.43,133.21,Promo,Wholesale
2026-02-09,SKU-10039,16,196.9,3150.4,1868.96,Regular,Retail
2026-02-09,SKU-10056,47,17.96,844.12,367.54,Regular,Retail
2026-02-09,SKU-10032,28,75.53,2114.84,951.44,Regular,Retail
2026-02-09,SKU-10009,22,150.21,3304.62,1209.56,Regular,Wholesale
2026-02-09,SKU-10004,45,156.2,7029.0,3297.15,Regular,Retail
2026-02-09,SKU-10053,25,75.68,1892.0,943.25,Regular,Retail
2026-02-09,SKU-10024,16,79.75,1276.0,411.2,Regular,Retail
2026-02-09,SKU-10012,13,77.46,1006.98,364.26,Regular,Online
2026-02-09,SKU-10037,37,187.1,6922.7,3396.6,Regular,Online
2026-02-09,SKU-10057,18,220.52,3969.36,2327.76,Regular,Online
2026-02-09,SKU-10034,30,140.45,4213.5,2340.3,Regular,Wholesale
2026-02-09,SKU-10001,16,9.26,148.16,47.2,Regular,Wholesale
2026-02-09,SKU-10005,27,12.92,348.84,175.77,Promo,Retail
2026-02-09,SKU-10043,19,46.4,881.6,462.08,Regular,Online
2026-02-09,SKU-10033,40,135.42,5416.8,2924.8,Regular,Wholesale
2026-02-09,SKU-10044,7,187.01,1309.07,757.12,Regular,Retail
2026-02-09,SKU-10022,32,63.92,2045.44,880.0,Regular,Online
2026-02-10,SKU-10006,10,50.42,504.2,207.2,Regular,Retail
2026-02-10,SKU-10023,22,15.89,349.58,172.48,Regular,Wholesale
2026-02-10,SKU-10056,8,19.0,152.0,62.56,Regular,Wholesale
2026-02-10,SKU-10011,17,218.55,3715.35,1544.45,Regular,Wholesale
2026-02-10,SKU-10025,27,50.79,1371.33,493.83,Regular,Online
2026-02-10,SKU-10001,24,9.13,219.12,70.8,Regular,Online
2026-02-10,SKU-10036,3,95.52,286.56,162.09,Regular,Retail
2026-02-10,SKU-10039,11,190.77,2098.47,1284.91,Regular,Wholesale
2026-02-10,SKU-10017,16,203.06,3248.96,1368.96,Regular,Wholesale
2026-02-10,SKU-10057,26,187.09,4864.34,3362.32,Promo,Retail
2026-02-10,SKU-10043,25,45.51,1137.75,608.0,Regular,Online
2026-02-10,SKU-10013,30,127.07,3812.1,1836.9,Regular,Retail
2026-02-10,SKU-10060,16,186.95,2991.2,1055.84,Regular,Online
2026-02-10,SKU-10016,8,171.79,1374.32,708.16,Regular,Retail
2026-02-10,SKU-10007,7,212.99,1490.93,634.06,Regular,Retail
2026-02-10,SKU-10005,28,13.02,364.56,182.28,Promo,Wholesale
2026-02-10,SKU-10058,4,164.39,657.56,300.08,Regular,Wholesale
2026-02-10,SKU-10045,30,153.26,4597.8,2747.1,Regular,Wholesale
2026-02-10,SKU-10019,21,173.96,3653.16,1552.95,Regular,Wholesale
2026-02-10,SKU-10037,15,184.95,2774.25,1377.0,Regular,Online
2026-02-10,SKU-10042,14,220.97,3093.58,1307.04,Regular,Online
2026-02-10,SKU-10024,31,77.37,2398.47,796.7,Regular,Online
2026-02-10,SKU-10032,17,73.95,1257.15,577.66,Regular,Wholesale
2026-02-10,SKU-10059,4,33.46,133.84,62.24,Regular,Retail
2026-02-10,SKU-10050,21,146.33,3072.93,1783.95,Regular,Retail
2026-02-10,SKU-10046,49,104.76,5133.24,2679.32,Regular,Wholesale
2026-02-10,SKU-10009,31,136.74,4238.94,1704.38,Regular,Retail
2026-02-10,SKU-10051,23,44.0,1012.0,327.98,Regular,Wholesale
2026-02-10,SKU-10014,41,156.58,6419.78,3495.66,Regular,Retail
2026-02-10,SKU-10035,31,191.8,5945.8,2856.96,Regular,Online
2026-02-10,SKU-10055,20,156.72,3134.4,1489.8,Regular,Wholesale
2026-02-10,SKU-10044,35,192.94,6752.9,3785.6,Regular,Online
2026-02-10,SKU-10028,40,28.01,1120.4,484.4,Promo,Wholesale
2026-02-10,SKU-10003,24,133.0,3192.0,1369.44,Regular,Wholesale
2026-02-10,SKU-10048,11,149.13,1640.43,587.73,Regular,Online
2026-02-10,SKU-10010,28,73.63,2061.64,863.8,Regular,Online
2026-02-10,SKU-10030,25,27.69,692.25,313.0,Regular,Online
2026-02-10,SKU-10041,25,180.16,4504.0,2257.75,Regular,Online
2026-02-10,SKU-10049,18,191.95,3455.1,1702.98,Promo,Wholesale
2026-02-10,SKU-10020,37,43.39,1605.43,667.48,Regular,Retail
2026-02-10,SKU-10029,20,192.29,3845.8,2248.4,Regular,Wholesale
2026-02-10,SKU-10021,34,110.33,3751.22,1873.4,Promo,Wholesale
2026-02-10,SKU-10008,39,48.92,1907.88,903.63,Regular,Wholesale
2026-02-10,SKU-10002,23,139.48,3208.04,1810.79,Regular,Wholesale
