date,store_id,labor_hours,labor_cost
2025-08-15,Store_001,116.85,2173.11
2025-08-15,Store_002,89.93,1585.81
2025-08-15,Store_003,117.11,2163.65
2025-08-15,Store_004,50.0,968.02
2025-08-15,Store_005,111.0,2405.62
2025-08-15,Store_006,128.8,2595.14
2025-08-15,Store_007,119.02,2376.8
2025-08-15,Store_008,137.86,2832.81
2025-08-15,Store_009,108.24,2249.69
2025-08-15,Store_010,119.82,2167.85
2025-08-15,Store_011,120.08,2424.76
2025-08-15,Store_012,125.22,2458.83
2025-08-15,Store_013,169.64,3129.63
2025-08-15,Store_014,128.31,2809.03
2025-08-15,Store_015,86.78,1830.54
2025-08-15,Store_016,81.3,1506.02
2025-08-15,Store_017,66.55,1230.16
2025-08-15,Store_018,159.53,3002.1
2025-08-15,Store_019,84.46,1735.41
2025-08-15,Store_020,145.31,2776.75
2025-08-16,Store_001,158.04,2717.94
2025-08-16,Store_002,146.58,2588.24
2025-08-16,Store_003,197.94,3961.54
2025-08-16,Store_004,194.74,4049.99
2025-08-16,Store_005,159.89,3165.76
2025-08-16,Store_006,194.73,3981.31
2025-08-16,Store_007,136.8,2853.83
2025-08-16,Store_008,133.3,2606.31
2025-08-16,Store_009,152.92,2806.91
2025-08-16,Store_010,120.78,2142.63
2025-08-16,Store_011,142.05,3105.64
2025-08-16,Store_012,106.95,1906.64
2025-08-16,Store_013,140.17,2791.66
2025-08-16,Store_014,152.25,2814.08
2025-08-16,Store_015,117.89,2250.66
2025-08-16,Store_016,128.36,2508.57
2025-08-16,Store_017,192.77,4089.42
2025-08-16,Store_018,114.7,2328.26
2025-08-16,Store_019,103.63,2024.87
2025-08-16,Store_020,104.05,1934.69
2025-08-17,Store_001,118.49,2175.99
2025-08-17,Store_002,146.92,3125.76
2025-08-17,Store_003,130.3,2291.53
2025-08-17,Store_004,110.94,2114.27
2025-08-17,Store_005,160.18,3043.37
2025-08-17,Store_006,95.73,2093.96
2025-08-17,Store_007,147.81,3243.61
2025-08-17,Store_008,136.75,2567.55
2025-08-17,Store_009,91.16,1781.21
2025-08-17,Store_010,105.07,2267.94
2025-08-17,Store_011,136.83,2407.61
2025-08-17,Store_012,146.71,2558.06
2025-08-17,Store_013,195.68,4186.01
2025-08-17,Store_014,158.51,3040.78
2025-08-17,Store_015,146.54,2649.61
2025-08-17,Store_016,80.23,1532.69
2025-08-17,Store_017,166.79,3653.06
2025-08-17,Store_018,179.51,3781.02
2025-08-17,Store_019,78.81,1590.91
2025-08-17,Store_020,178.03,3245.21
2025-08-18,Store_001,118.4,2116.73
2025-08-18,Store_002,130.97,2226.6
2025-08-18,Store_003,137.7,2653.68
2025-08-18,Store_004,104.14,1956.37
2025-08-18,Store_005,84.87,1602.96
2025-08-18,Store_006,138.65,3017.91
2025-08-18,Store_007,72.44,1362.23
2025-08-18,Store_008,76.45,1592.85
2025-08-18,Store_009,139.53,2406.87
2025-08-18,Store_010,126.37,2182.39
2025-08-18,Store_011,106.24,2041.19
2025-08-18,Store_012,113.44,1966.74
2025-08-18,Store_013,151.97,3191.16
2025-08-18,Store_014,127.84,2757.31
2025-08-18,Store_015,92.8,1824.71
2025-08-18,Store_016,88.03,1567.76
2025-08-18,Store_017,106.48,2324.8
2025-08-18,Store_018,116.78,2108.71
2025-08-18,Store_019,124.66,2634.7
2025-08-18,Store_020,140.31,3030.06
2025-08-19,Store_001,136.91,2632.66
2025-08-19,Store_002,96.02,1873.77
2025-08-19,Store_003,149.64,3172.48
2025-08-19,Store_004,88.53,1940.38
2025-08-19,Store_005,58.68,1136.22
2025-08-19,Store_006,124.79,2231.37
2025-08-19,Store_007,104.82,2164.62
2025-08-19,Store_008,120.47,2194.59
2025-08-19,Store_009,126.51,2502.4
2025-08-19,Store_010,123.03,2538.53
2025-08-19,Store_011,101.2,2215.31
2025-08-19,Store_012,98.34,2092.98
2025-08-19,Store_013,128.34,2358.54
2025-08-19,Store_014,82.04,1399.76
2025-08-19,Store_015,96.85,1979.18
2025-08-19,Store_016,125.62,2746.27
2025-08-19,Store_017,68.61,1378.96
2025-08-19,Store_018,96.49,2086.34
2025-08-19,Store_019,138.04,2835.85
2025-08-19,Store_020,164.61,3061.41
2025-08-20,Store_001,120.23,2372.77
2025-08-20,Store_002,121.2,2229.73
2025-08-20,Store_003,118.66,2142.69
2025-08-20,Store_004,171.58,3121.66
2025-08-20,Store_005,94.26,2000.84
2025-08-20,Store_006,94.58,2002.02
2025-08-20,Store_007,179.49,3623.7
2025-08-20,Store_008,85.96,1833.79
2025-08-20,Store_009,132.68,2574.1
2025-08-20,Store_010,131.49,2681.12
2025-08-20,Store_011,139.83,2581.24
2025-08-20,Store_012,141.7,2767.47
2025-08-20,Store_013,123.83,2223.3
2025-08-20,Store_014,102.01,1832.94
2025-08-20,Store_015,116.03,2000.44
2025-08-20,Store_016,120.56,2649.39
2025-08-20,Store_017,110.28,2080.94
2025-08-20,Store_018,123.7,2278.49
2025-08-20,Store_019,121.3,2310.47
2025-08-20,Store_020,132.72,2262.63
2025-08-21,Store_001,177.62,3627.43
2025-08-21,Store_002,105.46,1868.3
2025-08-21,Store_003,102.81,1932.39
2025-08-21,Store_004,98.58,2150.93
2025-08-21,Store_005,129.66,2827.82
2025-08-21,Store_006,134.15,2872.87
2025-08-21,Store_007,154.25,2710.32
2025-08-21,Store_008,71.68,1351.66
2025-08-21,Store_009,119.21,2285.3
2025-08-21,Store_010,122.48,2124.13
2025-08-21,Store_011,70.71,1390.57
2025-08-21,Store_012,141.54,2998.42
2025-08-21,Store_013,68.93,1195.49
2025-08-21,Store_014,111.29,1936.32
2025-08-21,Store_015,152.23,2880.21
2025-08-21,Store_016,122.49,2629.57
2025-08-21,Store_017,80.18,1646.04
2025-08-21,Store_018,120.21,2253.27
2025-08-21,Store_019,148.61,2529.96
2025-08-21,Store_020,80.67,1534.5
2025-08-22,Store_001,77.69,1479.8
2025-08-22,Store_002,145.51,3084.68
2025-08-22,Store_003,104.97,2060.7
2025-08-22,Store_004,71.42,1260.84
2025-08-22,Store_005,59.17,1159.76
2025-08-22,Store_006,149.39,3159.84
2025-08-22,Store_007,79.55,1628.06
2025-08-22,Store_008,124.11,2421.73
2025-08-22,Store_009,100.49,1845.37
2025-08-22,Store_010,103.2,1969.37
2025-08-22,Store_011,135.85,2870.21
2025-08-22,Store_012,86.82,1634.93
2025-08-22,Store_013,69.82,1304.49
2025-08-22,Store_014,113.37,2299.93
2025-08-22,Store_015,121.71,2416.39
2025-08-22,Store_016,125.81,2527.83
2025-08-22,Store_017,115.83,2269.79
2025-08-22,Store_018,131.97,2324.51
2025-08-22,Store_019,163.23,3524.26
2025-08-22,Store_020,82.93,1783.11
2025-08-23,Store_001,154.31,2647.85
2025-08-23,Store_002,107.57,2154.78
2025-08-23,Store_003,144.93,2679.93
2025-08-23,Store_004,134.49,2876.36
2025-08-23,Store_005,158.27,3262.55
2025-08-23,Store_006,164.96,3055.6
2025-08-23,Store_007,134.19,2805.96
2025-08-23,Store_008,168.75,3511.17
2025-08-23,Store_009,124.55,2672.85
2025-08-23,Store_010,76.7,1589.59
2025-08-23,Store_011,136.99,2552.18
2025-08-23,Store_012,117.84,2021.18
2025-08-23,Store_013,176.05,3856.78
2025-08-23,Store_014,204.28,3985.52
2025-08-23,Store_015,92.58,1690.08
2025-08-23,Store_016,98.11,1985.56
2025-08-23,Store_017,173.26,3335.74
2025-08-23,Store_018,196.08,3566.89
2025-08-23,Store_019,118.2,2460.92
2025-08-23,Store_020,104.66,2016.8
2025-08-24,Store_001,141.99,3018.19
2025-08-24,Store_002,120.71,2417.33
2025-08-24,Store_003,177.32,3873.24
2025-08-24,Store_004,170.33,2907.48
2025-08-24,Store_005,112.0,2028.46
2025-08-24,Store_006,115.7,2194.92
2025-08-24,Store_007,153.11,3095.29
2025-08-24,Store_008,128.67,2777.73
2025-08-24,Store_009,182.37,3585.34
2025-08-24,Store_010,160.73,2997.35
2025-08-24,Store_011,112.8,2431.43
2025-08-24,Store_012,149.91,2906.1
2025-08-24,Store_013,139.32,2938.75
2025-08-24,Store_014,142.57,2663.58
2025-08-24,Store_015,109.72,2047.48
2025-08-24,Store_016,105.64,2165.9
2025-08-24,Store_017,154.19,2658.72
2025-08-24,Store_018,187.25,3848.16
2025-08-24,Store_019,124.39,2369.19
2025-08-24,Store_020,120.23,2315.2
2025-08-25,Store_001,121.12,2537.66
2025-08-25,Store_002,93.01,2018.33
2025-08-25,Store_003,129.66,2430.26
2025-08-25,Store_004,109.71,1986.74
2025-08-25,Store_005,88.76,1817.69
2025-08-25,Store_006,140.85,2971.59
2025-08-25,Store_007,118.17,2254.47
2025-08-25,Store_008,146.38,2607.14
2025-08-25,Store_009,116.59,2277.46
2025-08-25,Store_010,85.77,1538.18
2025-08-25,Store_011,110.26,2178.68
2025-08-25,Store_012,74.87,1413.47
2025-08-25,Store_013,95.13,1878.72
2025-08-25,Store_014,119.28,2406.87
2025-08-25,Store_015,135.91,2905.07
2025-08-25,Store_016,70.85,1373.01
2025-08-25,Store_017,53.04,1015.05
2025-08-25,Store_018,68.3,1373.65
2025-08-25,Store_019,136.78,2669.04
2025-08-25,Store_020,112.04,2159.62
2025-08-26,Store_001,106.51,2300.5
2025-08-26,Store_002,126.39,2332.3
2025-08-26,Store_003,108.5,2105.84
2025-08-26,Store_004,114.53,1995.38
2025-08-26,Store_005,76.96,1470.46
2025-08-26,Store_006,182.1,3580.43
2025-08-26,Store_007,97.08,1853.21
2025-08-26,Store_008,80.84,1770.65
2025-08-26,Store_009,121.47,2578.2
2025-08-26,Store_010,116.37,2345.75
2025-08-26,Store_011,122.85,2453.08
2025-08-26,Store_012,98.22,1758.32
2025-08-26,Store_013,50.0,965.09
2025-08-26,Store_014,101.58,1787.83
2025-08-26,Store_015,78.21,1651.14
2025-08-26,Store_016,109.92,1869.35
2025-08-26,Store_017,73.78,1375.71
2025-08-26,Store_018,147.42,2870.76
2025-08-26,Store_019,140.3,2775.51
2025-08-26,Store_020,93.64,1750.52
2025-08-27,Store_001,108.41,2229.5
2025-08-27,Store_002,100.04,1816.44
2025-08-27,Store_003,105.74,2097.88
2025-08-27,Store_004,121.83,2643.19
2025-08-27,Store_005,105.1,2189.98
2025-08-27,Store_006,105.64,1920.5
2025-08-27,Store_007,66.78,1228.87
2025-08-27,Store_008,95.68,2046.44
2025-08-27,Store_009,126.02,2223.35
2025-08-27,Store_010,102.54,1952.82
2025-08-27,Store_011,102.74,1904.63
2025-08-27,Store_012,101.08,1872.76
2025-08-27,Store_013,88.98,1812.14
2025-08-27,Store_014,135.48,2512.67
2025-08-27,Store_015,107.96,2192.62
2025-08-27,Store_016,125.82,2149.61
2025-08-27,Store_017,107.96,1907.6
2025-08-27,Store_018,161.28,3480.3
2025-08-27,Store_019,106.2,1890.34
2025-08-27,Store_020,98.42,1936.62
2025-08-28,Store_001,65.09,1360.4
2025-08-28,Store_002,143.93,3097.23
2025-08-28,Store_003,101.42,1738.91
2025-08-28,Store_004,110.7,2388.64
2025-08-28,Store_005,98.44,1969.46
2025-08-28,Store_006,129.65,2475.89
2025-08-28,Store_007,118.68,2068.22
2025-08-28,Store_008,145.05,2468.99
2025-08-28,Store_009,78.27,1479.99
2025-08-28,Store_010,117.53,2562.25
2025-08-28,Store_011,160.21,3163.25
2025-08-28,Store_012,145.08,2655.86
2025-08-28,Store_013,92.37,1809.59
2025-08-28,Store_014,100.96,2036.77
2025-08-28,Store_015,73.81,1390.4
2025-08-28,Store_016,100.49,1898.15
2025-08-28,Store_017,109.55,2322.74
2025-08-28,Store_018,80.33,1495.97
2025-08-28,Store_019,136.05,2376.42
2025-08-28,Store_020,119.36,2565.18
2025-08-29,Store_001,138.42,2770.15
2025-08-29,Store_002,113.91,2061.22
2025-08-29,Store_003,109.15,2274.31
2025-08-29,Store_004,82.77,1771.17
2025-08-29,Store_005,163.28,3300.22
2025-08-29,Store_006,114.84,2072.29
2025-08-29,Store_007,140.49,2814.02
2025-08-29,Store_008,66.07,1330.13
2025-08-29,Store_009,139.67,2450.7
2025-08-29,Store_010,87.48,1833.49
2025-08-29,Store_011,72.57,1435.38
2025-08-29,Store_012,95.73,1850.46
2025-08-29,Store_013,75.45,1440.82
2025-08-29,Store_014,83.7,1452.42
2025-08-29,Store_015,75.31,1490.53
2025-08-29,Store_016,95.74,1646.14
2025-08-29,Store_017,98.4,2159.19
2025-08-29,Store_018,91.09,1917.75
2025-08-29,Store_019,158.71,3167.0
2025-08-29,Store_020,111.78,2393.01
2025-08-30,Store_001,115.88,2185.16
2025-08-30,Store_002,159.17,3134.8
2025-08-30,Store_003,122.95,2238.23
2025-08-30,Store_004,125.82,2766.6
2025-08-30,Store_005,143.39,2579.68
2025-08-30,Store_006,165.6,3351.87
2025-08-30,Store_007,197.01,3904.66
2025-08-30,Store_008,200.28,3769.25
2025-08-30,Store_009,149.93,3013.09
2025-08-30,Store_010,108.99,2046.35
2025-08-30,Store_011,135.93,2851.29
2025-08-30,Store_012,157.6,2863.7
2025-08-30,Store_013,145.27,2817.62
2025-08-30,Store_014,104.7,2032.46
2025-08-30,Store_015,158.8,3046.25
2025-08-30,Store_016,89.8,1951.24
2025-08-30,Store_017,129.46,2604.18
2025-08-30,Store_018,139.46,2444.81
2025-08-30,Store_019,181.77,3657.08
2025-08-30,Store_020,204.5,3797.98
2025-08-31,Store_001,182.33,3631.77
2025-08-31,Store_002,131.61,2723.96
2025-08-31,Store_003,120.75,2209.55
2025-08-31,Store_004,84.5,1762.03
2025-08-31,Store_005,103.09,1851.43
2025-08-31,Store_006,162.94,3437.07
2025-08-31,Store_007,193.52,3404.57
2025-08-31,Store_008,121.78,2382.96
2025-08-31,Store_009,156.47,3029.38
2025-08-31,Store_010,132.01,2843.14
2025-08-31,Store_011,132.31,2253.05
2025-08-31,Store_012,120.32,2553.8
2025-08-31,Store_013,180.55,3565.82
2025-08-31,Store_014,108.48,2219.18
2025-08-31,Store_015,149.23,2853.57
2025-08-31,Store_016,127.19,2192.81
2025-08-31,Store_017,113.55,2146.19
2025-08-31,Store_018,150.72,2912.73
2025-08-31,Store_019,187.5,4003.83
2025-08-31,Store_020,163.9,3130.63
2025-09-01,Store_001,102.34,1863.71
2025-09-01,Store_002,80.55,1469.27
2025-09-01,Store_003,80.5,1428.51
2025-09-01,Store_004,93.82,1989.58
2025-09-01,Store_005,127.8,2696.05
2025-09-01,Store_006,116.28,2168.12
2025-09-01,Store_007,145.47,2980.34
2025-09-01,Store_008,61.05,1127.85
2025-09-01,Store_009,119.87,2087.06
2025-09-01,Store_010,97.08,1937.26
2025-09-01,Store_011,138.44,2982.0
2025-09-01,Store_012,94.25,1950.72
2025-09-01,Store_013,126.5,2192.15
2025-09-01,Store_014,95.51,2094.89
2025-09-01,Store_015,97.04,1976.31
2025-09-01,Store_016,71.93,1511.04
2025-09-01,Store_017,73.8,1391.7
2025-09-01,Store_018,168.86,3574.93
2025-09-01,Store_019,86.47,1674.92
2025-09-01,Store_020,113.79,2347.21
2025-09-02,Store_001,118.68,2081.36
2025-09-02,Store_002,128.24,2792.69
2025-09-02,Store_003,150.97,2765.39
2025-09-02,Store_004,137.55,2702.2
2025-09-02,Store_005,93.81,1976.72
2025-09-02,Store_006,77.17,1451.19
2025-09-02,Store_007,104.75,2264.3
2025-09-02,Store_008,121.23,2123.21
2025-09-02,Store_009,103.76,1802.39
2025-09-02,Store_010,147.1,2980.12
2025-09-02,Store_011,103.3,2211.59
2025-09-02,Store_012,105.92,2227.79
2025-09-02,Store_013,144.17,2645.23
2025-09-02,Store_014,82.88,1556.82
2025-09-02,Store_015,98.09,1983.05
2025-09-02,Store_016,111.21,2086.95
2025-09-02,Store_017,73.1,1330.49
2025-09-02,Store_018,84.65,1528.36
2025-09-02,Store_019,81.9,1397.7
2025-09-02,Store_020,143.89,2863.51
2025-09-03,Store_001,130.12,2778.53
2025-09-03,Store_002,96.36,2090.75
2025-09-03,Store_003,114.04,2321.64
2025-09-03,Store_004,85.11,1651.84
2025-09-03,Store_005,105.16,1952.51
2025-09-03,Store_006,118.78,2602.33
2025-09-03,Store_007,100.41,1897.14
2025-09-03,Store_008,98.06,1699.78
2025-09-03,Store_009,127.7,2539.49
2025-09-03,Store_010,73.18,1352.73
2025-09-03,Store_011,123.04,2464.65
2025-09-03,Store_012,123.18,2674.18
2025-09-03,Store_013,69.41,1260.81
2025-09-03,Store_014,124.69,2245.79
2025-09-03,Store_015,108.05,1949.16
2025-09-03,Store_016,119.02,2384.76
2025-09-03,Store_017,90.59,1941.54
2025-09-03,Store_018,136.15,2985.15
2025-09-03,Store_019,103.17,2109.59
2025-09-03,Store_020,129.17,2585.68
2025-09-04,Store_001,145.22,2482.14
2025-09-04,Store_002,128.67,2348.71
2025-09-04,Store_003,91.11,1704.76
2025-09-04,Store_004,76.06,1320.09
2025-09-04,Store_005,141.67,2796.69
2025-09-04,Store_006,110.83,2121.16
2025-09-04,Store_007,72.28,1242.21
2025-09-04,Store_008,119.27,2491.07
2025-09-04,Store_009,118.92,2364.34
2025-09-04,Store_010,77.25,1686.59
2025-09-04,Store_011,102.87,1877.08
2025-09-04,Store_012,92.76,1930.12
2025-09-04,Store_013,85.2,1772.26
2025-09-04,Store_014,78.1,1387.61
2025-09-04,Store_015,142.85,2845.91
2025-09-04,Store_016,98.74,2148.32
2025-09-04,Store_017,135.17,2789.26
2025-09-04,Store_018,129.83,2493.3
2025-09-04,Store_019,111.21,2297.78
2025-09-04,Store_020,133.08,2554.74
2025-09-05,Store_001,135.61,2837.41
2025-09-05,Store_002,75.41,1374.83
2025-09-05,Store_003,124.15,2510.59
2025-09-05,Store_004,111.73,1965.24
2025-09-05,Store_005,119.13,2587.3
2025-09-05,Store_006,117.92,2101.94
2025-09-05,Store_007,128.61,2715.66
2025-09-05,Store_008,50.0,885.69
2025-09-05,Store_009,95.29,2062.06
2025-09-05,Store_010,116.4,2238.05
2025-09-05,Store_011,139.86,3070.06
2025-09-05,Store_012,80.18,1745.84
2025-09-05,Store_013,182.64,3637.04
2025-09-05,Store_014,87.89,1906.54
2025-09-05,Store_015,117.92,2299.55
2025-09-05,Store_016,115.35,1991.56
2025-09-05,Store_017,174.07,3275.84
2025-09-05,Store_018,140.84,2616.52
2025-09-05,Store_019,134.22,2425.57
2025-09-05,Store_020,134.49,2645.43
2025-09-06,Store_001,73.98,1472.2
2025-09-06,Store_002,169.54,3556.24
2025-09-06,Store_003,149.56,2950.08
2025-09-06,Store_004,151.5,2662.69
2025-09-06,Store_005,159.75,2920.46
2025-09-06,Store_006,101.81,1912.42
2025-09-06,Store_007,197.67,3704.15
2025-09-06,Store_008,141.79,2878.94
2025-09-06,Store_009,144.0,2801.58
2025-09-06,Store_010,158.64,2812.18
2025-09-06,Store_011,96.45,1888.81
2025-09-06,Store_012,128.14,2313.77
2025-09-06,Store_013,105.15,2306.6
2025-09-06,Store_014,89.17,1905.12
2025-09-06,Store_015,183.69,3572.91
2025-09-06,Store_016,125.28,2279.43
2025-09-06,Store_017,119.44,2392.04
2025-09-06,Store_018,112.45,1987.86
2025-09-06,Store_019,168.89,3574.23
2025-09-06,Store_020,175.25,3441.0
2025-09-07,Store_001,105.17,2145.07
2025-09-07,Store_002,123.53,2262.26
2025-09-07,Store_003,99.88,1967.5
2025-09-07,Store_004,170.14,3120.16
2025-09-07,Store_005,89.74,1700.37
2025-09-07,Store_006,145.12,2706.38
2025-09-07,Store_007,146.02,3129.39
2025-09-07,Store_008,90.22,1699.3
2025-09-07,Store_009,197.0,3719.64
2025-09-07,Store_010,139.32,2818.59
2025-09-07,Store_011,120.45,2462.96
2025-09-07,Store_012,172.02,3755.76
2025-09-07,Store_013,111.24,2123.78
2025-09-07,Store_014,106.6,2080.33
2025-09-07,Store_015,114.13,2263.45
2025-09-07,Store_016,136.03,2720.02
2025-09-07,Store_017,147.49,3139.77
2025-09-07,Store_018,128.07,2394.26
2025-09-07,Store_019,157.88,3471.29
2025-09-07,Store_020,107.46,2336.24
2025-09-08,Store_001,106.75,2225.84
2025-09-08,Store_002,111.15,2039.53
2025-09-08,Store_003,173.39,3695.62
2025-09-08,Store_004,144.73,3150.39
2025-09-08,Store_005,118.6,2559.06
2025-09-08,Store_006,124.74,2452.36
2025-09-08,Store_007,72.66,1300.14
2025-09-08,Store_008,102.57,2112.57
2025-09-08,Store_009,113.16,2294.59
2025-09-08,Store_010,84.12,1712.34
2025-09-08,Store_011,70.78,1390.65
2025-09-08,Store_012,104.75,2179.83
2025-09-08,Store_013,94.4,1632.5
2025-09-08,Store_014,95.57,1925.99
2025-09-08,Store_015,89.62,1660.62
2025-09-08,Store_016,115.91,2412.37
2025-09-08,Store_017,140.94,2993.58
2025-09-08,Store_018,106.94,1916.43
2025-09-08,Store_019,87.23,1530.28
2025-09-08,Store_020,106.47,2099.64
2025-09-09,Store_001,74.97,1277.03
2025-09-09,Store_002,93.74,1958.76
2025-09-09,Store_003,102.15,1827.54
2025-09-09,Store_004,108.93,2009.93
2025-09-09,Store_005,92.95,1644.51
2025-09-09,Store_006,93.48,2000.64
2025-09-09,Store_007,97.25,1971.63
2025-09-09,Store_008,130.48,2321.72
2025-09-09,Store_009,120.6,2640.43
2025-09-09,Store_010,132.43,2811.27
2025-09-09,Store_011,97.37,1804.96
2025-09-09,Store_012,107.26,1966.3
2025-09-09,Store_013,98.01,1984.64
2025-09-09,Store_014,115.57,2270.78
2025-09-09,Store_015,100.58,1843.86
2025-09-09,Store_016,112.53,2421.35
2025-09-09,Store_017,89.18,1907.74
2025-09-09,Store_018,114.78,2345.43
2025-09-09,Store_019,124.0,2655.35
2025-09-09,Store_020,132.53,2284.14
2025-09-10,Store_001,117.24,2549.05
2025-09-10,Store_002,90.96,1833.87
2025-09-10,Store_003,68.05,1285.41
2025-09-10,Store_004,93.78,1820.34
2025-09-10,Store_005,96.76,2080.43
2025-09-10,Store_006,113.42,2238.96
2025-09-10,Store_007,99.69,1705.53
2025-09-10,Store_008,97.58,1944.63
2025-09-10,Store_009,79.49,1607.3
2025-09-10,Store_010,131.45,2266.29
2025-09-10,Store_011,112.27,2384.85
2025-09-10,Store_012,119.48,2249.22
2025-09-10,Store_013,105.68,1853.65
2025-09-10,Store_014,155.62,2646.04
2025-09-10,Store_015,86.44,1673.87
2025-09-10,Store_016,109.6,2317.98
2025-09-10,Store_017,115.7,2073.77
2025-09-10,Store_018,87.82,1645.13
2025-09-10,Store_019,117.12,2083.37
2025-09-10,Store_020,170.17,3081.63
2025-09-11,Store_001,92.9,2030.44
2025-09-11,Store_002,112.86,2074.27
2025-09-11,Store_003,120.31,2252.34
2025-09-11,Store_004,94.94,1934.81
2025-09-11,Store_005,142.27,2961.37
2025-09-11,Store_006,111.18,2236.61
2025-09-11,Store_007,104.61,1832.35
2025-09-11,Store_008,115.9,2383.27
2025-09-11,Store_009,97.06,1921.97
2025-09-11,Store_010,113.83,2361.09
2025-09-11,Store_011,97.88,2102.63
2025-09-11,Store_012,188.38,3633.69
2025-09-11,Store_013,152.65,2684.4
2025-09-11,Store_014,88.75,1611.62
2025-09-11,Store_015,62.8,1165.52
2025-09-11,Store_016,111.1,1890.92
2025-09-11,Store_017,122.3,2664.84
2025-09-11,Store_018,88.05,1666.29
2025-09-11,Store_019,80.36,1460.2
2025-09-11,Store_020,113.4,2256.59
2025-09-12,Store_001,67.28,1434.94
2025-09-12,Store_002,80.68,1648.89
2025-09-12,Store_003,132.18,2418.23
2025-09-12,Store_004,130.11,2333.62
2025-09-12,Store_005,129.63,2429.08
2025-09-12,Store_006,115.65,1990.26
2025-09-12,Store_007,129.72,2265.04
2025-09-12,Store_008,112.28,2438.48
2025-09-12,Store_009,92.08,2006.48
2025-09-12,Store_010,89.79,1880.45
2025-09-12,Store_011,98.19,1841.15
2025-09-12,Store_012,96.63,2019.38
2025-09-12,Store_013,95.14,1961.39
2025-09-12,Store_014,105.84,1803.57
2025-09-12,Store_015,111.82,2287.5
2025-09-12,Store_016,141.57,3023.52
2025-09-12,Store_017,94.45,1779.37
2025-09-12,Store_018,118.55,2502.39
2025-09-12,Store_019,152.83,2693.94
2025-09-12,Store_020,141.27,2452.83
2025-09-13,Store_001,133.81,2904.42
2025-09-13,Store_002,121.07,2559.02
2025-09-13,Store_003,148.12,3043.37
2025-09-13,Store_004,98.29,1940.78
2025-09-13,Store_005,78.64,1582.0
2025-09-13,Store_006,120.8,2397.37
2025-09-13,Store_007,163.52,3449.13
2025-09-13,Store_008,134.53,2682.85
2025-09-13,Store_009,91.53,1688.69
2025-09-13,Store_010,163.41,2929.68
2025-09-13,Store_011,105.39,2034.0
2025-09-13,Store_012,87.75,1833.03
2025-09-13,Store_013,109.02,1996.28
2025-09-13,Store_014,189.75,3773.08
2025-09-13,Store_015,138.42,2805.18
2025-09-13,Store_016,133.1,2416.08
2025-09-13,Store_017,160.55,2920.64
2025-09-13,Store_018,154.14,2856.25
2025-09-13,Store_019,133.59,2400.63
2025-09-13,Store_020,163.42,3174.73
2025-09-14,Store_001,143.6,3131.73
2025-09-14,Store_002,124.32,2582.93
2025-09-14,Store_003,200.53,3535.66
2025-09-14,Store_004,152.24,2770.66
2025-09-14,Store_005,98.59,1786.18
2025-09-14,Store_006,181.75,3559.13
2025-09-14,Store_007,143.11,2920.08
2025-09-14,Store_008,112.58,2054.21
2025-09-14,Store_009,120.41,2243.55
2025-09-14,Store_010,165.67,3628.98
2025-09-14,Store_011,71.37,1243.24
2025-09-14,Store_012,163.01,3090.63
2025-09-14,Store_013,129.05,2545.23
2025-09-14,Store_014,152.96,3165.13
2025-09-14,Store_015,130.38,2253.06
2025-09-14,Store_016,158.35,3192.49
2025-09-14,Store_017,129.63,2614.52
2025-09-14,Store_018,146.17,2850.65
2025-09-14,Store_019,130.0,2553.3
2025-09-14,Store_020,127.5,2401.17
2025-09-15,Store_001,114.04,2297.98
2025-09-15,Store_002,106.55,2268.64
2025-09-15,Store_003,100.47,1842.32
2025-09-15,Store_004,79.36,1397.79
2025-09-15,Store_005,83.18,1765.55
2025-09-15,Store_006,106.73,1826.35
2025-09-15,Store_007,102.98,2239.65
2025-09-15,Store_008,110.83,2184.65
2025-09-15,Store_009,71.48,1421.57
2025-09-15,Store_010,137.79,2422.5
2025-09-15,Store_011,148.76,3009.04
2025-09-15,Store_012,50.0,1095.46
2025-09-15,Store_013,94.51,1936.91
2025-09-15,Store_014,103.21,2132.73
2025-09-15,Store_015,105.33,2257.48
2025-09-15,Store_016,124.8,2355.34
2025-09-15,Store_017,139.0,2511.9
2025-09-15,Store_018,87.98,1583.15
2025-09-15,Store_019,109.86,1929.9
2025-09-15,Store_020,108.21,2184.79
2025-09-16,Store_001,133.16,2493.77
2025-09-16,Store_002,138.54,3005.61
2025-09-16,Store_003,105.52,2217.82
2025-09-16,Store_004,89.74,1556.77
2025-09-16,Store_005,88.73,1545.66
2025-09-16,Store_006,117.23,2473.54
2025-09-16,Store_007,148.62,3068.81
2025-09-16,Store_008,103.25,2079.65
2025-09-16,Store_009,95.18,1873.02
2025-09-16,Store_010,162.65,3298.4
2025-09-16,Store_011,113.73,2199.13
2025-09-16,Store_012,89.42,1769.09
2025-09-16,Store_013,123.54,2395.9
2025-09-16,Store_014,84.57,1787.46
2025-09-16,Store_015,142.74,2536.76
2025-09-16,Store_016,80.75,1433.73
2025-09-16,Store_017,124.64,2736.31
2025-09-16,Store_018,95.63,1773.38
2025-09-16,Store_019,104.75,2115.64
2025-09-16,Store_020,73.14,1253.02
2025-09-17,Store_001,85.01,1611.31
2025-09-17,Store_002,90.85,1626.54
2025-09-17,Store_003,125.8,2469.92
2025-09-17,Store_004,77.33,1321.69
2025-09-17,Store_005,97.85,1834.51
2025-09-17,Store_006,83.36,1827.57
2025-09-17,Store_007,127.61,2741.39
2025-09-17,Store_008,156.88,2757.72
2025-09-17,Store_009,116.56,2391.19
2025-09-17,Store_010,119.84,2221.07
2025-09-17,Store_011,124.74,2343.05
2025-09-17,Store_012,87.91,1536.71
2025-09-17,Store_013,181.76,3463.42
2025-09-17,Store_014,139.49,2999.71
2025-09-17,Store_015,111.04,2065.9
2025-09-17,Store_016,141.42,2725.78
2025-09-17,Store_017,92.03,2023.8
2025-09-17,Store_018,110.95,2103.13
2025-09-17,Store_019,61.78,1124.42
2025-09-17,Store_020,80.43,1717.06
2025-09-18,Store_001,80.41,1752.23
2025-09-18,Store_002,100.89,1730.08
2025-09-18,Store_003,79.53,1534.69
2025-09-18,Store_004,123.64,2564.52
2025-09-18,Store_005,119.01,2233.33
2025-09-18,Store_006,102.27,1856.03
2025-09-18,Store_007,120.35,2113.09
2025-09-18,Store_008,64.82,1374.15
2025-09-18,Store_009,115.32,2202.84
2025-09-18,Store_010,85.6,1805.3
2025-09-18,Store_011,153.31,2995.23
2025-09-18,Store_012,105.37,2008.03
2025-09-18,Store_013,97.18,1953.64
2025-09-18,Store_014,75.32,1620.76
2025-09-18,Store_015,144.51,3107.97
2025-09-18,Store_016,96.98,2055.93
2025-09-18,Store_017,107.4,2169.46
2025-09-18,Store_018,107.71,2282.07
2025-09-18,Store_019,116.65,2165.42
2025-09-18,Store_020,101.18,2201.89
2025-09-19,Store_001,117.29,2129.03
2025-09-19,Store_002,145.04,2561.68
2025-09-19,Store_003,69.58,1480.89
2025-09-19,Store_004,117.38,2383.07
2025-09-19,Store_005,99.41,1756.28
2025-09-19,Store_006,140.69,2553.29
2025-09-19,Store_007,93.78,1914.8
2025-09-19,Store_008,120.64,2514.18
2025-09-19,Store_009,119.42,2543.34
2025-09-19,Store_010,78.3,1575.78
2025-09-19,Store_011,109.08,2066.09
2025-09-19,Store_012,130.77,2857.48
2025-09-19,Store_013,123.83,2156.3
2025-09-19,Store_014,136.16,2420.21
2025-09-19,Store_015,98.95,1701.58
2025-09-19,Store_016,122.97,2227.38
2025-09-19,Store_017,129.36,2793.9
2025-09-19,Store_018,106.8,2075.66
2025-09-19,Store_019,93.46,1761.82
2025-09-19,Store_020,68.65,1432.26
2025-09-20,Store_001,185.49,3834.65
2025-09-20,Store_002,110.05,2252.34
2025-09-20,Store_003,161.64,3035.74
2025-09-20,Store_004,94.87,1612.89
2025-09-20,Store_005,156.76,3123.81
2025-09-20,Store_006,137.84,2650.43
2025-09-20,Store_007,128.47,2642.63
2025-09-20,Store_008,151.87,3005.88
2025-09-20,Store_009,136.96,2359.79
2025-09-20,Store_010,125.0,2617.26
2025-09-20,Store_011,112.9,1985.65
2025-09-20,Store_012,110.32,2164.08
2025-09-20,Store_013,97.73,2027.34
2025-09-20,Store_014,78.07,1688.49
2025-09-20,Store_015,161.0,2840.66
2025-09-20,Store_016,179.16,3370.38
2025-09-20,Store_017,123.03,2210.66
2025-09-20,Store_018,150.71,2919.29
2025-09-20,Store_019,151.65,3204.51
2025-09-20,Store_020,157.48,2869.66
2025-09-21,Store_001,146.68,2596.72
2025-09-21,Store_002,118.23,2273.04
2025-09-21,Store_003,179.34,3348.71
2025-09-21,Store_004,155.34,2961.21
2025-09-21,Store_005,149.16,2660.54
2025-09-21,Store_006,169.29,3419.05
2025-09-21,Store_007,145.19,2563.03
2025-09-21,Store_008,157.75,3096.56
2025-09-21,Store_009,190.53,3773.93
2025-09-21,Store_010,141.38,2776.73
2025-09-21,Store_011,122.69,2658.42
2025-09-21,Store_012,173.48,3186.45
2025-09-21,Store_013,125.19,2397.56
2025-09-21,Store_014,162.04,3298.49
2025-09-21,Store_015,92.76,1623.31
2025-09-21,Store_016,116.06,2410.01
2025-09-21,Store_017,142.64,2687.92
2025-09-21,Store_018,165.02,2915.41
2025-09-21,Store_019,131.3,2822.91
2025-09-21,Store_020,169.65,3036.22
2025-09-22,Store_001,125.48,2186.72
2025-09-22,Store_002,93.46,1876.24
2025-09-22,Store_003,75.27,1577.95
2025-09-22,Store_004,103.84,2123.76
2025-09-22,Store_005,123.54,2255.41
2025-09-22,Store_006,90.29,1675.16
2025-09-22,Store_007,108.57,2335.5
2025-09-22,Store_008,157.5,3297.98
2025-09-22,Store_009,110.6,2111.79
2025-09-22,Store_010,108.92,1924.45
2025-09-22,Store_011,131.18,2696.12
2025-09-22,Store_012,109.04,1957.14
2025-09-22,Store_013,88.84,1532.42
2025-09-22,Store_014,134.2,2435.82
2025-09-22,Store_015,123.88,2358.91
2025-09-22,Store_016,73.83,1501.73
2025-09-22,Store_017,122.75,2692.58
2025-09-22,Store_018,117.92,2242.35
2025-09-22,Store_019,73.53,1472.73
2025-09-22,Store_020,132.17,2856.54
2025-09-23,Store_001,159.41,2737.23
2025-09-23,Store_002,112.18,2463.72
2025-09-23,Store_003,109.73,2184.05
2025-09-23,Store_004,142.57,2640.84
2025-09-23,Store_005,101.55,2171.23
2025-09-23,Store_006,161.07,3426.64
2025-09-23,Store_007,86.83,1856.12
2025-09-23,Store_008,59.39,1225.76
2025-09-23,Store_009,103.58,1791.71
2025-09-23,Store_010,132.61,2421.37
2025-09-23,Store_011,89.54,1807.28
2025-09-23,Store_012,130.74,2322.2
2025-09-23,Store_013,106.62,1822.67
2025-09-23,Store_014,129.16,2241.67
2025-09-23,Store_015,94.28,1915.28
2025-09-23,Store_016,116.24,2211.99
2025-09-23,Store_017,124.44,2609.46
2025-09-23,Store_018,67.66,1161.1
2025-09-23,Store_019,77.19,1579.83
2025-09-23,Store_020,117.25,2027.22
2025-09-24,Store_001,123.58,2516.44
2025-09-24,Store_002,69.88,1337.52
2025-09-24,Store_003,93.18,1914.82
2025-09-24,Store_004,105.26,2152.39
2025-09-24,Store_005,95.63,1970.65
2025-09-24,Store_006,88.05,1527.73
2025-09-24,Store_007,113.15,2130.33
2025-09-24,Store_008,112.42,1966.94
2025-09-24,Store_009,136.28,2709.75
2025-09-24,Store_010,136.43,2385.28
2025-09-24,Store_011,93.04,1951.44
2025-09-24,Store_012,130.53,2730.21
2025-09-24,Store_013,120.38,2115.74
2025-09-24,Store_014,55.23,1030.57
2025-09-24,Store_015,131.63,2378.15
2025-09-24,Store_016,166.07,3145.51
2025-09-24,Store_017,113.13,2331.71
2025-09-24,Store_018,127.78,2803.58
2025-09-24,Store_019,140.38,2967.56
2025-09-24,Store_020,96.62,1714.14
2025-09-25,Store_001,94.65,1777.36
2025-09-25,Store_002,176.75,3212.26
2025-09-25,Store_003,105.54,1937.72
2025-09-25,Store_004,82.36,1623.33
2025-09-25,Store_005,79.15,1461.68
2025-09-25,Store_006,83.23,1503.14
2025-09-25,Store_007,97.6,2038.65
2025-09-25,Store_008,82.98,1645.47
2025-09-25,Store_009,75.49,1557.05
2025-09-25,Store_010,81.89,1568.31
2025-09-25,Store_011,117.36,2555.51
2025-09-25,Store_012,76.35,1486.1
2025-09-25,Store_013,56.66,993.63
2025-09-25,Store_014,92.42,1886.3
2025-09-25,Store_015,136.16,2531.87
2025-09-25,Store_016,96.79,1795.77
2025-09-25,Store_017,109.0,1980.04
2025-09-25,Store_018,98.17,1758.3
2025-09-25,Store_019,121.73,2121.27
2025-09-25,Store_020,77.99,1631.1
2025-09-26,Store_001,104.08,2262.4
2025-09-26,Store_002,101.38,2113.83
2025-09-26,Store_003,78.8,1599.36
2025-09-26,Store_004,128.92,2656.87
2025-09-26,Store_005,111.57,2391.83
2025-09-26,Store_006,88.96,1779.14
2025-09-26,Store_007,106.97,2023.63
2025-09-26,Store_008,145.83,2692.14
2025-09-26,Store_009,103.55,2276.8
2025-09-26,Store_010,108.92,2264.92
2025-09-26,Store_011,127.24,2704.4
2025-09-26,Store_012,74.66,1557.42
2025-09-26,Store_013,93.94,1912.54
2025-09-26,Store_014,125.16,2550.56
2025-09-26,Store_015,106.77,1817.9
2025-09-26,Store_016,140.05,3040.51
2025-09-26,Store_017,111.32,2081.32
2025-09-26,Store_018,157.87,3365.96
2025-09-26,Store_019,113.16,2373.77
2025-09-26,Store_020,119.96,2401.24
2025-09-27,Store_001,161.38,3356.24
2025-09-27,Store_002,190.61,3316.19
2025-09-27,Store_003,145.72,3200.08
2025-09-27,Store_004,169.61,3454.68
2025-09-27,Store_005,121.36,2593.68
2025-09-27,Store_006,116.76,2024.12
2025-09-27,Store_007,94.57,1728.95
2025-09-27,Store_008,95.35,1819.64
2025-09-27,Store_009,129.89,2612.45
2025-09-27,Store_010,154.56,3083.87
2025-09-27,Store_011,130.11,2614.77
2025-09-27,Store_012,72.8,1389.61
2025-09-27,Store_013,168.75,3049.3
2025-09-27,Store_014,163.17,3564.08
2025-09-27,Store_015,164.06,3100.48
2025-09-27,Store_016,122.29,2095.0
2025-09-27,Store_017,116.3,2522.25
2025-09-27,Store_018,159.5,3005.59
2025-09-27,Store_019,138.2,2546.08
2025-09-27,Store_020,62.5,1262.59
2025-09-28,Store_001,141.01,3017.49
2025-09-28,Store_002,108.96,2017.96
2025-09-28,Store_003,102.83,2185.31
2025-09-28,Store_004,157.92,3246.99
2025-09-28,Store_005,144.65,2864.63
2025-09-28,Store_006,110.91,2279.27
2025-09-28,Store_007,106.53,1820.09
2025-09-28,Store_008,66.1,1216.74
2025-09-28,Store_009,108.61,2032.1
2025-09-28,Store_010,119.89,2113.75
2025-09-28,Store_011,147.8,3246.65
2025-09-28,Store_012,127.95,2610.68
2025-09-28,Store_013,131.41,2409.27
2025-09-28,Store_014,119.71,2440.14
2025-09-28,Store_015,151.78,3272.86
2025-09-28,Store_016,180.94,3602.27
2025-09-28,Store_017,141.4,2960.06
2025-09-28,Store_018,107.74,1966.52
2025-09-28,Store_019,168.95,3318.47
2025-09-28,Store_020,155.31,3270.19
2025-09-29,Store_001,90.96,1635.81
2025-09-29,Store_002,88.77,1652.69
2025-09-29,Store_003,132.89,2844.24
2025-09-29,Store_004,133.43,2635.7
2025-09-29,Store_005,85.52,1806.23
2025-09-29,Store_006,136.4,2691.14
2025-09-29,Store_007,104.97,1900.69
2025-09-29,Store_008,133.03,2529.27
2025-09-29,Store_009,123.72,2271.88
2025-09-29,Store_010,150.67,3091.58
2025-09-29,Store_011,150.8,2954.26
2025-09-29,Store_012,125.65,2632.82
2025-09-29,Store_013,159.86,3490.01
2025-09-29,Store_014,94.56,1832.22
2025-09-29,Store_015,99.44,1884.31
2025-09-29,Store_016,90.78,1562.89
2025-09-29,Store_017,95.07,1625.05
2025-09-29,Store_018,114.0,2051.01
2025-09-29,Store_019,135.33,2921.94
2025-09-29,Store_020,121.7,2074.39
2025-09-30,Store_001,122.83,2510.53
2025-09-30,Store_002,119.5,2477.54
2025-09-30,Store_003,102.41,2199.25
2025-09-30,Store_004,155.55,3418.08
2025-09-30,Store_005,95.16,2087.29
2025-09-30,Store_006,103.75,2044.44
2025-09-30,Store_007,117.63,2076.02
2025-09-30,Store_008,76.18,1510.46
2025-09-30,Store_009,110.02,1968.86
2025-09-30,Store_010,93.12,1718.87
2025-09-30,Store_011,90.14,1908.93
2025-09-30,Store_012,139.27,2742.18
2025-09-30,Store_013,121.27,2292.65
2025-09-30,Store_014,159.15,2797.02
2025-09-30,Store_015,66.2,1197.74
2025-09-30,Store_016,127.07,2648.54
2025-09-30,Store_017,68.23,1206.82
2025-09-30,Store_018,109.05,1919.54
2025-09-30,Store_019,135.18,2413.62
2025-09-30,Store_020,101.23,1731.62
2025-10-01,Store_001,71.09,1563.52
2025-10-01,Store_002,92.36,1841.16
2025-10-01,Store_003,102.12,2122.22
2025-10-01,Store_004,90.17,1700.12
2025-10-01,Store_005,111.8,2051.89
2025-10-01,Store_006,121.71,2125.04
2025-10-01,Store_007,101.02,2001.68
2025-10-01,Store_008,138.36,2916.69
2025-10-01,Store_009,97.16,1681.31
2025-10-01,Store_010,87.2,1666.54
2025-10-01,Store_011,123.58,2565.19
2025-10-01,Store_012,119.19,2147.81
2025-10-01,Store_013,71.92,1501.7
2025-10-01,Store_014,106.34,1943.7
2025-10-01,Store_015,119.7,2524.46
2025-10-01,Store_016,101.35,2087.04
2025-10-01,Store_017,98.7,1890.04
2025-10-01,Store_018,100.56,2146.44
2025-10-01,Store_019,109.25,2297.66
2025-10-01,Store_020,144.85,2590.35
2025-10-02,Store_001,141.45,2420.41
2025-10-02,Store_002,105.82,2111.23
2025-10-02,Store_003,149.11,2949.0
2025-10-02,Store_004,107.08,2215.99
2025-10-02,Store_005,141.57,2903.12
2025-10-02,Store_006,93.85,2037.41
2025-10-02,Store_007,106.28,1847.67
2025-10-02,Store_008,113.01,2203.73
2025-10-02,Store_009,98.82,2115.85
2025-10-02,Store_010,102.08,1981.5
2025-10-02,Store_011,121.71,2435.86
2025-10-02,Store_012,127.08,2595.49
2025-10-02,Store_013,137.62,2424.29
2025-10-02,Store_014,93.27,2006.21
2025-10-02,Store_015,87.65,1686.13
2025-10-02,Store_016,139.77,2411.63
2025-10-02,Store_017,62.47,1236.87
2025-10-02,Store_018,108.17,2046.07
2025-10-02,Store_019,97.33,2064.82
2025-10-02,Store_020,140.34,2654.5
2025-10-03,Store_001,157.55,3081.76
2025-10-03,Store_002,102.98,1982.27
2025-10-03,Store_003,101.7,1775.14
2025-10-03,Store_004,56.29,1011.99
2025-10-03,Store_005,119.85,2305.98
2025-10-03,Store_006,116.12,2333.37
2025-10-03,Store_007,99.63,1897.32
2025-10-03,Store_008,88.89,1876.28
2025-10-03,Store_009,149.21,2538.16
2025-10-03,Store_010,102.79,1862.73
2025-10-03,Store_011,81.31,1738.07
2025-10-03,Store_012,73.75,1610.38
2025-10-03,Store_013,88.56,1574.68
2025-10-03,Store_014,153.72,3328.52
2025-10-03,Store_015,115.94,2426.4
2025-10-03,Store_016,50.0,962.21
2025-10-03,Store_017,83.23,1644.45
2025-10-03,Store_018,114.52,2383.04
2025-10-03,Store_019,114.56,2513.74
2025-10-03,Store_020,74.2,1507.45
2025-10-04,Store_001,176.06,3297.19
2025-10-04,Store_002,141.37,2509.36
2025-10-04,Store_003,163.64,2814.1
2025-10-04,Store_004,168.43,3015.4
2025-10-04,Store_005,179.52,3226.07
2025-10-04,Store_006,109.44,1943.32
2025-10-04,Store_007,159.66,2775.51
2025-10-04,Store_008,165.2,3130.51
2025-10-04,Store_009,136.35,2364.68
2025-10-04,Store_010,153.97,2788.49
2025-10-04,Store_011,148.62,2749.65
2025-10-04,Store_012,125.5,2269.66
2025-10-04,Store_013,110.18,2154.11
2025-10-04,Store_014,122.47,2361.18
2025-10-04,Store_015,113.03,2317.06
2025-10-04,Store_016,131.52,2301.98
2025-10-04,Store_017,169.91,3054.58
2025-10-04,Store_018,97.3,1918.57
2025-10-04,Store_019,91.95,1700.82
2025-10-04,Store_020,102.37,2219.39
2025-10-05,Store_001,118.27,2014.96
2025-10-05,Store_002,177.1,3076.49
2025-10-05,Store_003,142.19,2938.85
2025-10-05,Store_004,168.42,2894.35
2025-10-05,Store_005,161.05,3361.58
2025-10-05,Store_006,172.14,3219.26
2025-10-05,Store_007,164.36,3002.37
2025-10-05,Store_008,155.68,2863.94
2025-10-05,Store_009,126.25,2369.66
2025-10-05,Store_010,128.3,2684.76
2025-10-05,Store_011,73.33,1443.01
2025-10-05,Store_012,146.34,2635.11
2025-10-05,Store_013,144.59,2739.85
2025-10-05,Store_014,145.51,3036.7
2025-10-05,Store_015,182.05,3701.39
2025-10-05,Store_016,83.09,1574.12
2025-10-05,Store_017,192.27,4018.3
2025-10-05,Store_018,115.64,2024.92
2025-10-05,Store_019,133.72,2716.06
2025-10-05,Store_020,119.09,2460.47
2025-10-06,Store_001,114.77,2064.45
2025-10-06,Store_002,133.5,2455.04
2025-10-06,Store_003,103.03,1990.28
2025-10-06,Store_004,92.08,1907.08
2025-10-06,Store_005,66.88,1323.69
2025-10-06,Store_006,117.72,2021.9
2025-10-06,Store_007,95.28,1823.89
2025-10-06,Store_008,92.46,2021.68
2025-10-06,Store_009,127.72,2286.49
2025-10-06,Store_010,139.93,2436.89
2025-10-06,Store_011,112.08,2359.36
2025-10-06,Store_012,86.42,1628.43
2025-10-06,Store_013,113.28,2157.79
2025-10-06,Store_014,128.94,2194.44
2025-10-06,Store_015,74.3,1495.07
2025-10-06,Store_016,126.75,2223.46
2025-10-06,Store_017,115.23,2291.28
2025-10-06,Store_018,116.2,2071.74
2025-10-06,Store_019,84.9,1661.25
2025-10-06,Store_020,132.51,2478.15
2025-10-07,Store_001,85.26,1492.36
2025-10-07,Store_002,124.93,2246.87
2025-10-07,Store_003,102.91,1902.81
2025-10-07,Store_004,111.57,2328.63
2025-10-07,Store_005,78.51,1580.5
2025-10-07,Store_006,50.0,1071.22
2025-10-07,Store_007,96.63,1663.28
2025-10-07,Store_008,124.04,2142.66
2025-10-07,Store_009,121.11,2132.81
2025-10-07,Store_010,88.16,1611.61
2025-10-07,Store_011,126.66,2244.12
2025-10-07,Store_012,139.47,3056.16
2025-10-07,Store_013,169.56,3362.14
2025-10-07,Store_014,132.04,2766.95
2025-10-07,Store_015,74.32,1433.84
2025-10-07,Store_016,108.5,2033.09
2025-10-07,Store_017,101.68,1728.96
2025-10-07,Store_018,94.81,1951.88
2025-10-07,Store_019,121.51,2221.89
2025-10-07,Store_020,79.39,1663.66
2025-10-08,Store_001,54.48,1081.19
2025-10-08,Store_002,126.44,2431.47
2025-10-08,Store_003,87.23,1605.03
2025-10-08,Store_004,136.68,2542.12
2025-10-08,Store_005,65.33,1225.92
2025-10-08,Store_006,111.33,2071.83
2025-10-08,Store_007,116.17,2280.71
2025-10-08,Store_008,81.33,1779.53
2025-10-08,Store_009,117.09,2348.71
2025-10-08,Store_010,115.36,2108.31
2025-10-08,Store_011,117.57,2355.34
2025-10-08,Store_012,118.72,2246.14
2025-10-08,Store_013,99.26,1803.35
2025-10-08,Store_014,119.38,2342.73
2025-10-08,Store_015,101.2,1894.58
2025-10-08,Store_016,81.53,1422.01
2025-10-08,Store_017,127.85,2201.4
2025-10-08,Store_018,153.5,2974.16
2025-10-08,Store_019,97.28,1989.43
2025-10-08,Store_020,70.91,1314.15
2025-10-09,Store_001,120.27,2160.22
2025-10-09,Store_002,136.14,2405.72
2025-10-09,Store_003,114.85,2250.26
2025-10-09,Store_004,135.64,2593.8
2025-10-09,Store_005,134.44,2622.63
2025-10-09,Store_006,115.75,2263.9
2025-10-09,Store_007,114.37,2354.88
2025-10-09,Store_008,101.4,1821.63
2025-10-09,Store_009,111.88,2332.66
2025-10-09,Store_010,82.02,1570.89
2025-10-09,Store_011,79.84,1682.84
2025-10-09,Store_012,63.05,1327.44
2025-10-09,Store_013,75.47,1636.5
2025-10-09,Store_014,88.12,1893.6
2025-10-09,Store_015,102.06,1835.52
2025-10-09,Store_016,100.27,2080.88
2025-10-09,Store_017,123.85,2120.95
2025-10-09,Store_018,137.08,2703.84
2025-10-09,Store_019,73.9,1598.41
2025-10-09,Store_020,127.77,2447.77
2025-10-10,Store_001,98.57,1730.35
2025-10-10,Store_002,111.97,2107.78
2025-10-10,Store_003,96.96,1930.59
2025-10-10,Store_004,126.11,2591.24
2025-10-10,Store_005,156.89,2712.61
2025-10-10,Store_006,112.76,2278.6
2025-10-10,Store_007,100.75,1928.2
2025-10-10,Store_008,101.17,2012.29
2025-10-10,Store_009,142.87,2837.53
2025-10-10,Store_010,69.15,1404.75
2025-10-10,Store_011,118.27,2225.82
2025-10-10,Store_012,119.82,2124.44
2025-10-10,Store_013,109.9,1909.79
2025-10-10,Store_014,176.28,3813.63
2025-10-10,Store_015,113.95,2352.61
2025-10-10,Store_016,131.72,2703.49
2025-10-10,Store_017,95.85,1943.19
2025-10-10,Store_018,113.68,1967.62
2025-10-10,Store_019,99.16,1797.56
2025-10-10,Store_020,125.52,2418.38
2025-10-11,Store_001,87.05,1807.9
2025-10-11,Store_002,178.57,3345.25
2025-10-11,Store_003,89.61,1847.52
2025-10-11,Store_004,87.01,1639.7
2025-10-11,Store_005,201.14,4169.28
2025-10-11,Store_006,156.96,3030.85
2025-10-11,Store_007,76.92,1495.62
2025-10-11,Store_008,117.96,2119.99
2025-10-11,Store_009,137.13,2520.46
2025-10-11,Store_010,152.38,3318.29
2025-10-11,Store_011,137.3,2427.26
2025-10-11,Store_012,187.28,3297.6
2025-10-11,Store_013,123.81,2223.23
2025-10-11,Store_014,92.57,1975.83
2025-10-11,Store_015,181.91,3242.68
2025-10-11,Store_016,154.3,2855.73
2025-10-11,Store_017,124.66,2557.45
2025-10-11,Store_018,210.64,3661.99
2025-10-11,Store_019,164.5,3424.91
2025-10-11,Store_020,95.61,1895.32
2025-10-12,Store_001,144.29,3141.9
2025-10-12,Store_002,152.77,2621.19
2025-10-12,Store_003,136.22,2690.06
2025-10-12,Store_004,217.58,4495.55
2025-10-12,Store_005,115.65,2199.28
2025-10-12,Store_006,129.29,2530.61
2025-10-12,Store_007,130.17,2614.05
2025-10-12,Store_008,178.79,3088.14
2025-10-12,Store_009,136.28,2775.25
2025-10-12,Store_010,110.75,2176.65
2025-10-12,Store_011,121.26,2296.86
2025-10-12,Store_012,102.86,2076.15
2025-10-12,Store_013,168.44,3007.89
2025-10-12,Store_014,91.91,1974.6
2025-10-12,Store_015,152.92,3017.64
2025-10-12,Store_016,150.32,2691.47
2025-10-12,Store_017,108.85,1979.79
2025-10-12,Store_018,119.11,2242.76
2025-10-12,Store_019,138.3,2674.54
2025-10-12,Store_020,90.1,1665.91
2025-10-13,Store_001,125.74,2533.28
2025-10-13,Store_002,88.85,1877.68
2025-10-13,Store_003,80.2,1498.33
2025-10-13,Store_004,135.35,2325.7
2025-10-13,Store_005,97.46,1809.35
2025-10-13,Store_006,53.4,986.16
2025-10-13,Store_007,117.83,2031.01
2025-10-13,Store_008,144.87,2753.12
2025-10-13,Store_009,91.23,1851.42
2025-10-13,Store_010,115.7,2378.18
2025-10-13,Store_011,115.59,2117.16
2025-10-13,Store_012,140.04,2423.91
2025-10-13,Store_013,110.11,2315.39
2025-10-13,Store_014,101.69,1851.97
2025-10-13,Store_015,131.71,2289.54
2025-10-13,Store_016,86.84,1850.8
2025-10-13,Store_017,188.48,3266.8
2025-10-13,Store_018,106.17,2041.89
2025-10-13,Store_019,131.77,2330.64
2025-10-13,Store_020,125.13,2257.43
2025-10-14,Store_001,118.34,2013.61
2025-10-14,Store_002,80.58,1668.33
2025-10-14,Store_003,130.23,2228.24
2025-10-14,Store_004,95.55,1674.26
2025-10-14,Store_005,105.46,2119.42
2025-10-14,Store_006,122.49,2477.22
2025-10-14,Store_007,97.9,2036.97
2025-10-14,Store_008,93.81,1789.57
2025-10-14,Store_009,87.73,1621.97
2025-10-14,Store_010,73.34,1520.81
2025-10-14,Store_011,92.48,1621.67
2025-10-14,Store_012,99.91,2068.8
2025-10-14,Store_013,110.56,1883.4
2025-10-14,Store_014,88.75,1590.71
2025-10-14,Store_015,129.22,2431.51
2025-10-14,Store_016,105.1,2106.49
2025-10-14,Store_017,95.85,1641.97
2025-10-14,Store_018,133.4,2886.46
2025-10-14,Store_019,88.52,1772.48
2025-10-14,Store_020,89.02,1590.09
2025-10-15,Store_001,95.66,1642.78
2025-10-15,Store_002,87.89,1513.75
2025-10-15,Store_003,102.31,1813.43
2025-10-15,Store_004,62.59,1210.01
2025-10-15,Store_005,98.0,1975.1
2025-10-15,Store_006,103.76,1776.41
2025-10-15,Store_007,70.63,1503.3
2025-10-15,Store_008,124.43,2274.59
2025-10-15,Store_009,89.21,1915.97
2025-10-15,Store_010,92.49,1836.93
2025-10-15,Store_011,116.54,2391.71
2025-10-15,Store_012,111.05,2049.25
2025-10-15,Store_013,123.31,2192.64
2025-10-15,Store_014,124.04,2171.42
2025-10-15,Store_015,118.89,2528.99
2025-10-15,Store_016,111.34,2280.89
2025-10-15,Store_017,108.63,2121.68
2025-10-15,Store_018,161.35,2890.3
2025-10-15,Store_019,134.61,2752.24
2025-10-15,Store_020,88.01,1636.81
2025-10-16,Store_001,107.8,2320.25
2025-10-16,Store_002,140.33,2898.44
2025-10-16,Store_003,120.6,2513.47
2025-10-16,Store_004,123.6,2498.98
2025-10-16,Store_005,104.18,2027.2
2025-10-16,Store_006,114.94,2432.84
2025-10-16,Store_007,130.16,2695.64
2025-10-16,Store_008,87.28,1735.36
2025-10-16,Store_009,126.44,2591.04
2025-10-16,Store_010,108.52,2273.0
2025-10-16,Store_011,88.35,1664.14
2025-10-16,Store_012,140.51,2987.42
2025-10-16,Store_013,86.11,1560.27
2025-10-16,Store_014,115.87,2207.84
2025-10-16,Store_015,145.81,2559.44
2025-10-16,Store_016,96.17,1711.19
2025-10-16,Store_017,91.43,1863.06
2025-10-16,Store_018,129.31,2521.99
2025-10-16,Store_019,133.38,2467.72
2025-10-16,Store_020,91.13,1984.97
2025-10-17,Store_001,63.09,1379.47
2025-10-17,Store_002,161.37,3286.06
2025-10-17,Store_003,90.93,1781.66
2025-10-17,Store_004,91.72,1948.64
2025-10-17,Store_005,157.01,3216.83
2025-10-17,Store_006,95.13,1742.33
2025-10-17,Store_007,104.78,2055.34
2025-10-17,Store_008,104.4,2206.78
2025-10-17,Store_009,154.72,2937.14
2025-10-17,Store_010,95.68,1982.21
2025-10-17,Store_011,87.59,1921.29
2025-10-17,Store_012,130.8,2478.64
2025-10-17,Store_013,151.47,3270.96
2025-10-17,Store_014,103.26,1931.98
2025-10-17,Store_015,143.12,2570.19
2025-10-17,Store_016,136.94,2756.78
2025-10-17,Store_017,106.24,2115.09
2025-10-17,Store_018,86.47,1780.14
2025-10-17,Store_019,105.27,2107.73
2025-10-17,Store_020,131.06,2693.75
2025-10-18,Store_001,171.76,3447.98
2025-10-18,Store_002,174.24,3420.5
2025-10-18,Store_003,167.32,3274.37
2025-10-18,Store_004,167.87,3309.76
2025-10-18,Store_005,119.15,2174.75
2025-10-18,Store_006,129.96,2377.7
2025-10-18,Store_007,183.39,3878.52
2025-10-18,Store_008,136.65,2695.94
2025-10-18,Store_009,90.09,1930.4
2025-10-18,Store_010,125.63,2680.29
2025-10-18,Store_011,142.1,2430.82
2025-10-18,Store_012,119.41,2448.31
2025-10-18,Store_013,134.02,2373.98
2025-10-18,Store_014,186.31,4068.06
2025-10-18,Store_015,131.46,2691.88
2025-10-18,Store_016,172.87,3418.05
2025-10-18,Store_017,186.79,3391.42
2025-10-18,Store_018,141.31,2655.06
2025-10-18,Store_019,171.25,3273.29
2025-10-18,Store_020,179.77,3288.62
2025-10-19,Store_001,138.58,2782.85
2025-10-19,Store_002,130.33,2292.77
2025-10-19,Store_003,135.04,2657.59
2025-10-19,Store_004,111.47,2228.42
2025-10-19,Store_005,111.59,2253.8
2025-10-19,Store_006,159.02,2895.01
2025-10-19,Store_007,149.52,2964.43
2025-10-19,Store_008,156.8,3373.85
2025-10-19,Store_009,132.75,2550.02
2025-10-19,Store_010,111.81,2002.92
2025-10-19,Store_011,170.88,3043.53
2025-10-19,Store_012,121.92,2099.59
2025-10-19,Store_013,90.08,1727.96
2025-10-19,Store_014,174.77,2975.94
2025-10-19,Store_015,188.76,3947.42
2025-10-19,Store_016,124.14,2366.29
2025-10-19,Store_017,123.62,2416.19
2025-10-19,Store_018,171.86,3410.01
2025-10-19,Store_019,155.78,3019.67
2025-10-19,Store_020,162.05,3330.14
2025-10-20,Store_001,137.69,2505.94
2025-10-20,Store_002,112.11,2167.73
2025-10-20,Store_003,98.69,2120.76
2025-10-20,Store_004,108.55,2376.02
2025-10-20,Store_005,151.72,2658.13
2025-10-20,Store_006,134.82,2421.02
2025-10-20,Store_007,93.26,1649.05
2025-10-20,Store_008,140.35,3046.9
2025-10-20,Store_009,127.9,2316.95
2025-10-20,Store_010,72.83,1252.36
2025-10-20,Store_011,129.14,2499.15
2025-10-20,Store_012,114.93,2180.78
2025-10-20,Store_013,99.22,1792.82
2025-10-20,Store_014,99.02,1696.56
2025-10-20,Store_015,87.64,1767.43
2025-10-20,Store_016,97.84,1872.53
2025-10-20,Store_017,103.47,1876.83
2025-10-20,Store_018,83.58,1719.47
2025-10-20,Store_019,83.48,1650.99
2025-10-20,Store_020,72.62,1453.99
2025-10-21,Store_001,91.03,1885.11
2025-10-21,Store_002,72.41,1253.22
2025-10-21,Store_003,112.34,2405.07
2025-10-21,Store_004,122.12,2150.6
2025-10-21,Store_005,105.98,2132.94
2025-10-21,Store_006,111.94,2228.11
2025-10-21,Store_007,86.18,1535.56
2025-10-21,Store_008,131.79,2371.29
2025-10-21,Store_009,137.48,3022.4
2025-10-21,Store_010,132.17,2262.1
2025-10-21,Store_011,115.65,2415.1
2025-10-21,Store_012,80.05,1511.6
2025-10-21,Store_013,95.29,2042.87
2025-10-21,Store_014,76.97,1465.45
2025-10-21,Store_015,141.37,2739.89
2025-10-21,Store_016,122.73,2193.61
2025-10-21,Store_017,126.33,2193.44
2025-10-21,Store_018,160.44,3250.33
2025-10-21,Store_019,77.29,1584.23
2025-10-21,Store_020,122.47,2334.48
2025-10-22,Store_001,95.1,1980.51
2025-10-22,Store_002,109.48,2274.06
2025-10-22,Store_003,62.07,1096.08
2025-10-22,Store_004,108.03,2027.44
2025-10-22,Store_005,109.01,2362.83
2025-10-22,Store_006,113.96,2248.58
2025-10-22,Store_007,106.17,2124.77
2025-10-22,Store_008,113.45,1983.93
2025-10-22,Store_009,127.82,2190.59
2025-10-22,Store_010,100.47,1926.4
2025-10-22,Store_011,105.31,2315.94
2025-10-22,Store_012,126.42,2469.84
2025-10-22,Store_013,115.96,2532.04
2025-10-22,Store_014,111.16,2126.78
2025-10-22,Store_015,116.52,2168.38
2025-10-22,Store_016,126.62,2400.18
2025-10-22,Store_017,100.46,2007.7
2025-10-22,Store_018,137.29,2456.0
2025-10-22,Store_019,121.49,2487.16
2025-10-22,Store_020,131.65,2325.14
2025-10-23,Store_001,121.35,2195.21
2025-10-23,Store_002,100.38,1763.17
2025-10-23,Store_003,74.26,1276.38
2025-10-23,Store_004,115.39,1967.74
2025-10-23,Store_005,129.06,2786.42
2025-10-23,Store_006,119.22,2496.29
2025-10-23,Store_007,149.97,2684.7
2025-10-23,Store_008,99.18,2070.57
2025-10-23,Store_009,81.62,1569.78
2025-10-23,Store_010,79.57,1723.29
2025-10-23,Store_011,64.44,1165.55
2025-10-23,Store_012,150.64,2901.63
2025-10-23,Store_013,130.34,2791.73
2025-10-23,Store_014,148.6,2632.59
2025-10-23,Store_015,97.98,2150.27
2025-10-23,Store_016,89.27,1844.98
2025-10-23,Store_017,94.53,1872.57
2025-10-23,Store_018,92.82,2027.5
2025-10-23,Store_019,143.73,3032.01
2025-10-23,Store_020,73.95,1586.14
2025-10-24,Store_001,114.32,1952.6
2025-10-24,Store_002,60.28,1261.94
2025-10-24,Store_003,86.74,1788.6
2025-10-24,Store_004,117.18,2008.9
2025-10-24,Store_005,99.07,1969.03
2025-10-24,Store_006,110.71,2166.82
2025-10-24,Store_007,82.2,1640.64
2025-10-24,Store_008,123.53,2436.55
2025-10-24,Store_009,105.36,1976.34
2025-10-24,Store_010,121.5,2311.79
2025-10-24,Store_011,102.2,1885.96
2025-10-24,Store_012,159.74,3425.07
2025-10-24,Store_013,94.38,2045.73
2025-10-24,Store_014,113.07,2199.03
2025-10-24,Store_015,88.31,1525.78
2025-10-24,Store_016,70.44,1540.51
2025-10-24,Store_017,68.52,1190.53
2025-10-24,Store_018,103.09,2235.26
2025-10-24,Store_019,130.33,2518.78
2025-10-24,Store_020,86.92,1619.49
2025-10-25,Store_001,105.72,2251.78
2025-10-25,Store_002,233.8,4938.28
2025-10-25,Store_003,86.02,1772.18
2025-10-25,Store_004,204.84,3523.45
2025-10-25,Store_005,130.39,2751.59
2025-10-25,Store_006,138.75,2772.73
2025-10-25,Store_007,171.19,3190.05
2025-10-25,Store_008,141.54,2699.08
2025-10-25,Store_009,169.97,3470.15
2025-10-25,Store_010,107.79,2238.15
2025-10-25,Store_011,167.3,3095.92
2025-10-25,Store_012,184.49,3555.41
2025-10-25,Store_013,132.78,2349.11
2025-10-25,Store_014,187.52,4011.14
2025-10-25,Store_015,128.18,2500.63
2025-10-25,Store_016,141.88,2549.45
2025-10-25,Store_017,134.0,2811.83
2025-10-25,Store_018,128.72,2388.35
2025-10-25,Store_019,168.82,3120.78
2025-10-25,Store_020,109.83,2232.7
2025-10-26,Store_001,94.69,2002.97
2025-10-26,Store_002,129.82,2600.58
2025-10-26,Store_003,103.13,2011.94
2025-10-26,Store_004,117.0,2565.0
2025-10-26,Store_005,152.25,3345.42
2025-10-26,Store_006,148.56,2562.92
2025-10-26,Store_007,102.16,2059.4
2025-10-26,Store_008,107.69,2312.23
2025-10-26,Store_009,115.3,2155.78
2025-10-26,Store_010,171.84,3060.47
2025-10-26,Store_011,153.59,2760.53
2025-10-26,Store_012,143.74,2451.3
2025-10-26,Store_013,157.56,3219.58
2025-10-26,Store_014,175.27,3632.86
2025-10-26,Store_015,162.05,3121.22
2025-10-26,Store_016,107.01,1955.2
2025-10-26,Store_017,154.25,3046.84
2025-10-26,Store_018,82.56,1631.32
2025-10-26,Store_019,79.59,1590.15
2025-10-26,Store_020,159.31,2854.62
2025-10-27,Store_001,115.26,2418.61
2025-10-27,Store_002,94.23,2065.06
2025-10-27,Store_003,131.7,2751.25
2025-10-27,Store_004,104.12,1974.68
2025-10-27,Store_005,90.25,1840.6
2025-10-27,Store_006,101.48,1803.84
2025-10-27,Store_007,123.06,2552.88
2025-10-27,Store_008,113.8,2050.58
2025-10-27,Store_009,83.53,1804.52
2025-10-27,Store_010,107.91,2301.12
2025-10-27,Store_011,63.38,1348.77
2025-10-27,Store_012,76.25,1377.17
2025-10-27,Store_013,93.15,2038.72
2025-10-27,Store_014,129.62,2480.71
2025-10-27,Store_015,119.27,2092.9
2025-10-27,Store_016,136.7,2745.1
2025-10-27,Store_017,129.54,2472.18
2025-10-27,Store_018,115.72,2177.58
2025-10-27,Store_019,116.53,2156.51
2025-10-27,Store_020,63.06,1254.21
2025-10-28,Store_001,117.99,2274.21
2025-10-28,Store_002,143.69,3009.18
2025-10-28,Store_003,111.79,2120.13
2025-10-28,Store_004,159.38,2804.99
2025-10-28,Store_005,141.1,2471.77
2025-10-28,Store_006,81.18,1749.68
2025-10-28,Store_007,82.74,1518.11
2025-10-28,Store_008,116.48,2197.0
2025-10-28,Store_009,115.81,2452.36
2025-10-28,Store_010,84.5,1544.06
2025-10-28,Store_011,99.26,2108.33
2025-10-28,Store_012,106.49,2090.95
2025-10-28,Store_013,125.86,2282.82
2025-10-28,Store_014,88.57,1846.29
2025-10-28,Store_015,116.15,2066.13
2025-10-28,Store_016,110.4,2150.91
2025-10-28,Store_017,97.56,1939.38
2025-10-28,Store_018,133.57,2411.04
2025-10-28,Store_019,113.53,2391.49
2025-10-28,Store_020,100.61,1813.54
2025-10-29,Store_001,135.13,2492.1
2025-10-29,Store_002,130.35,2474.44
2025-10-29,Store_003,72.8,1271.02
2025-10-29,Store_004,88.16,1745.9
2025-10-29,Store_005,127.97,2537.24
2025-10-29,Store_006,101.73,1943.48
2025-10-29,Store_007,88.73,1698.05
2025-10-29,Store_008,78.12,1481.67
2025-10-29,Store_009,110.05,2025.38
2025-10-29,Store_010,68.06,1320.44
2025-10-29,Store_011,134.85,2709.19
2025-10-29,Store_012,107.08,2171.56
2025-10-29,Store_013,122.29,2095.22
2025-10-29,Store_014,89.66,1604.99
2025-10-29,Store_015,70.76,1362.98
2025-10-29,Store_016,134.55,2630.73
2025-10-29,Store_017,109.92,1898.35
2025-10-29,Store_018,118.94,2248.81
2025-10-29,Store_019,83.52,1561.71
2025-10-29,Store_020,114.68,2235.05
2025-10-30,Store_001,127.71,2427.24
2025-10-30,Store_002,89.2,1852.61
2025-10-30,Store_003,95.07,1827.15
2025-10-30,Store_004,120.04,2129.78
2025-10-30,Store_005,80.01,1388.15
2025-10-30,Store_006,105.1,1992.7
2025-10-30,Store_007,85.24,1704.39
2025-10-30,Store_008,151.71,2636.12
2025-10-30,Store_009,112.35,2349.14
2025-10-30,Store_010,99.3,2026.78
2025-10-30,Store_011,137.12,2458.21
2025-10-30,Store_012,64.59,1346.75
2025-10-30,Store_013,117.83,2355.91
2025-10-30,Store_014,113.27,2110.07
2025-10-30,Store_015,82.21,1486.99
2025-10-30,Store_016,133.73,2628.29
2025-10-30,Store_017,141.33,2880.01
2025-10-30,Store_018,106.29,2082.33
2025-10-30,Store_019,140.37,2481.3
2025-10-30,Store_020,86.36,1614.44
2025-10-31,Store_001,115.89,2086.24
2025-10-31,Store_002,138.08,2756.2
2025-10-31,Store_003,128.89,2257.92
2025-10-31,Store_004,99.16,1992.87
2025-10-31,Store_005,157.6,3074.28
2025-10-31,Store_006,133.37,2305.71
2025-10-31,Store_007,110.94,2242.66
2025-10-31,Store_008,75.29,1421.93
2025-10-31,Store_009,70.57,1466.83
2025-10-31,Store_010,112.1,2459.66
2025-10-31,Store_011,129.61,2437.76
2025-10-31,Store_012,132.61,2445.17
2025-10-31,Store_013,149.01,2984.62
2025-10-31,Store_014,105.89,2071.48
2025-10-31,Store_015,145.23,3110.63
2025-10-31,Store_016,140.24,3037.94
2025-10-31,Store_017,122.17,2191.4
2025-10-31,Store_018,119.99,2530.62
2025-10-31,Store_019,112.85,2027.4
2025-10-31,Store_020,131.56,2414.52
2025-11-01,Store_001,147.11,3229.59
2025-11-01,Store_002,127.78,2193.28
2025-11-01,Store_003,161.46,3453.57
2025-11-01,Store_004,142.2,2496.58
2025-11-01,Store_005,177.21,3433.49
2025-11-01,Store_006,154.72,2832.38
2025-11-01,Store_007,157.6,3100.32
2025-11-01,Store_008,174.59,3720.15
2025-11-01,Store_009,168.58,2914.45
2025-11-01,Store_010,145.7,2895.94
2025-11-01,Store_011,130.79,2289.69
2025-11-01,Store_012,152.42,3003.2
2025-11-01,Store_013,177.67,3308.93
2025-11-01,Store_014,160.04,3074.02
2025-11-01,Store_015,117.29,2395.05
2025-11-01,Store_016,188.06,3884.72
2025-11-01,Store_017,124.93,2672.61
2025-11-01,Store_018,124.16,2512.82
2025-11-01,Store_019,141.68,2622.82
2025-11-01,Store_020,168.61,3125.02
2025-11-02,Store_001,138.32,2862.52
2025-11-02,Store_002,110.98,2407.59
2025-11-02,Store_003,133.2,2605.19
2025-11-02,Store_004,132.95,2560.77
2025-11-02,Store_005,140.4,2905.92
2025-11-02,Store_006,136.48,2494.41
2025-11-02,Store_007,171.15,3340.05
2025-11-02,Store_008,62.5,1244.82
2025-11-02,Store_009,145.55,2807.75
2025-11-02,Store_010,135.24,2433.26
2025-11-02,Store_011,134.57,2622.82
2025-11-02,Store_012,172.21,3028.97
2025-11-02,Store_013,118.83,2406.76
2025-11-02,Store_014,114.58,2473.43
2025-11-02,Store_015,103.84,1923.59
2025-11-02,Store_016,111.44,2328.89
2025-11-02,Store_017,90.19,1867.09
2025-11-02,Store_018,120.28,2413.89
2025-11-02,Store_019,135.01,2614.56
2025-11-02,Store_020,146.43,2494.17
2025-11-03,Store_001,107.75,2156.21
2025-11-03,Store_002,80.1,1371.1
2025-11-03,Store_003,73.69,1357.06
2025-11-03,Store_004,109.72,2031.09
2025-11-03,Store_005,75.09,1451.27
2025-11-03,Store_006,92.04,1916.37
2025-11-03,Store_007,120.41,2509.46
2025-11-03,Store_008,146.7,2921.95
2025-11-03,Store_009,79.78,1704.29
2025-11-03,Store_010,88.36,1724.5
2025-11-03,Store_011,97.42,1829.83
2025-11-03,Store_012,124.14,2599.18
2025-11-03,Store_013,162.02,3503.59
2025-11-03,Store_014,110.35,2275.61
2025-11-03,Store_015,84.16,1475.41
2025-11-03,Store_016,76.02,1426.39
2025-11-03,Store_017,118.9,2433.73
2025-11-03,Store_018,97.23,1801.13
2025-11-03,Store_019,127.68,2570.14
2025-11-03,Store_020,82.76,1491.72
2025-11-04,Store_001,76.16,1412.3
2025-11-04,Store_002,73.36,1592.65
2025-11-04,Store_003,109.58,2246.11
2025-11-04,Store_004,119.01,2315.28
2025-11-04,Store_005,122.56,2317.05
2025-11-04,Store_006,133.56,2297.13
2025-11-04,Store_007,82.32,1621.33
2025-11-04,Store_008,123.03,2292.41
2025-11-04,Store_009,82.85,1453.07
2025-11-04,Store_010,145.33,3069.23
2025-11-04,Store_011,94.59,1694.65
2025-11-04,Store_012,88.42,1673.42
2025-11-04,Store_013,93.17,1840.22
2025-11-04,Store_014,114.09,1948.34
2025-11-04,Store_015,99.58,2167.77
2025-11-04,Store_016,72.64,1568.25
2025-11-04,Store_017,132.03,2853.76
2025-11-04,Store_018,96.9,1780.2
2025-11-04,Store_019,126.53,2343.83
2025-11-04,Store_020,91.88,1640.13
2025-11-05,Store_001,109.62,1925.36
2025-11-05,Store_002,137.41,2373.6
2025-11-05,Store_003,60.89,1306.78
2025-11-05,Store_004,130.22,2393.53
2025-11-05,Store_005,100.91,1993.04
2025-11-05,Store_006,146.85,2993.54
2025-11-05,Store_007,105.82,1954.42
2025-11-05,Store_008,99.16,1828.55
2025-11-05,Store_009,141.53,2918.05
2025-11-05,Store_010,87.89,1652.74
2025-11-05,Store_011,127.81,2286.41
2025-11-05,Store_012,101.56,2071.78
2025-11-05,Store_013,113.38,2323.6
2025-11-05,Store_014,73.61,1586.7
2025-11-05,Store_015,98.84,1735.78
2025-11-05,Store_016,83.99,1796.91
2025-11-05,Store_017,87.41,1843.02
2025-11-05,Store_018,114.62,1979.71
2025-11-05,Store_019,62.15,1176.78
2025-11-05,Store_020,125.68,2761.46
2025-11-06,Store_001,74.8,1472.26
2025-11-06,Store_002,143.78,2614.56
2025-11-06,Store_003,166.75,3549.04
2025-11-06,Store_004,127.38,2713.99
2025-11-06,Store_005,143.53,2736.77
2025-11-06,Store_006,80.52,1579.47
2025-11-06,Store_007,96.48,1805.71
2025-11-06,Store_008,100.72,2083.84
2025-11-06,Store_009,81.93,1800.47
2025-11-06,Store_010,77.46,1654.29
2025-11-06,Store_011,115.87,2138.03
2025-11-06,Store_012,133.89,2449.85
2025-11-06,Store_013,79.8,1487.86
2025-11-06,Store_014,95.22,1940.79
2025-11-06,Store_015,128.22,2241.57
2025-11-06,Store_016,144.35,2807.07
2025-11-06,Store_017,81.78,1673.69
2025-11-06,Store_018,148.37,2870.09
2025-11-06,Store_019,80.94,1390.17
2025-11-06,Store_020,153.46,3019.02
2025-11-07,Store_001,123.47,2198.19
2025-11-07,Store_002,108.92,2338.75
2025-11-07,Store_003,126.4,2675.82
2025-11-07,Store_004,134.5,2738.38
2025-11-07,Store_005,114.6,2473.0
2025-11-07,Store_006,94.74,1833.54
2025-11-07,Store_007,128.71,2594.94
2025-11-07,Store_008,139.99,2800.56
2025-11-07,Store_009,131.14,2477.24
2025-11-07,Store_010,130.67,2800.21
2025-11-07,Store_011,106.82,2217.64
2025-11-07,Store_012,62.34,1245.52
2025-11-07,Store_013,71.82,1367.52
2025-11-07,Store_014,141.89,3046.79
2025-11-07,Store_015,116.3,1987.92
2025-11-07,Store_016,123.2,2326.8
2025-11-07,Store_017,113.87,2345.73
2025-11-07,Store_018,70.77,1284.74
2025-11-07,Store_019,127.11,2193.96
2025-11-07,Store_020,127.61,2423.68
2025-11-08,Store_001,138.82,2770.24
2025-11-08,Store_002,150.7,2827.99
2025-11-08,Store_003,136.75,2386.62
2025-11-08,Store_004,143.72,2993.53
2025-11-08,Store_005,162.75,3408.58
2025-11-08,Store_006,198.67,4324.81
2025-11-08,Store_007,172.42,3207.77
2025-11-08,Store_008,165.91,3183.63
2025-11-08,Store_009,98.83,1998.98
2025-11-08,Store_010,213.07,3952.65
2025-11-08,Store_011,164.73,3444.24
2025-11-08,Store_012,167.11,2895.76
2025-11-08,Store_013,142.06,2556.54
2025-11-08,Store_014,156.79,2755.41
2025-11-08,Store_015,131.83,2410.1
2025-11-08,Store_016,166.01,3417.21
2025-11-08,Store_017,121.99,2107.14
2025-11-08,Store_018,129.15,2405.61
2025-11-08,Store_019,127.4,2525.14
2025-11-08,Store_020,143.64,2750.9
2025-11-09,Store_001,192.42,3774.91
2025-11-09,Store_002,161.26,2935.86
2025-11-09,Store_003,150.58,3192.92
2025-11-09,Store_004,62.5,1305.18
2025-11-09,Store_005,155.79,2842.88
2025-11-09,Store_006,144.8,2786.3
2025-11-09,Store_007,186.59,3630.21
2025-11-09,Store_008,130.85,2321.17
2025-11-09,Store_009,127.09,2398.78
2025-11-09,Store_010,107.36,2167.34
2025-11-09,Store_011,153.99,3073.37
2025-11-09,Store_012,164.59,3274.7
2025-11-09,Store_013,105.83,1943.51
2025-11-09,Store_014,131.39,2453.64
2025-11-09,Store_015,80.16,1573.45
2025-11-09,Store_016,135.87,2620.29
2025-11-09,Store_017,179.51,3225.76
2025-11-09,Store_018,191.96,3584.27
2025-11-09,Store_019,167.64,3390.78
2025-11-09,Store_020,155.77,3375.06
2025-11-10,Store_001,113.71,2205.97
2025-11-10,Store_002,122.2,2380.43
2025-11-10,Store_003,172.28,3782.79
2025-11-10,Store_004,97.7,1681.52
2025-11-10,Store_005,97.83,1921.45
2025-11-10,Store_006,108.91,1948.25
2025-11-10,Store_007,127.64,2626.39
2025-11-10,Store_008,83.99,1813.27
2025-11-10,Store_009,119.47,2152.22
2025-11-10,Store_010,84.17,1618.74
2025-11-10,Store_011,134.69,2924.53
2025-11-10,Store_012,117.82,2546.22
2025-11-10,Store_013,108.41,2078.82
2025-11-10,Store_014,115.19,2114.39
2025-11-10,Store_015,93.43,1962.06
2025-11-10,Store_016,116.24,2312.09
2025-11-10,Store_017,104.06,1939.78
2025-11-10,Store_018,97.43,2097.75
2025-11-10,Store_019,109.92,2376.0
2025-11-10,Store_020,134.78,2491.88
2025-11-11,Store_001,55.64,1097.97
2025-11-11,Store_002,50.0,1063.78
2025-11-11,Store_003,107.67,2282.62
2025-11-11,Store_004,95.06,1697.67
2025-11-11,Store_005,125.37,2683.53
2025-11-11,Store_006,100.06,1811.39
2025-11-11,Store_007,89.47,1786.57
2025-11-11,Store_008,113.16,2045.66
2025-11-11,Store_009,99.92,1790.33
2025-11-11,Store_010,111.08,2372.12
2025-11-11,Store_011,169.61,3662.66
2025-11-11,Store_012,104.42,2253.78
2025-11-11,Store_013,172.0,3468.19
2025-11-11,Store_014,103.94,1997.88
2025-11-11,Store_015,65.74,1119.1
2025-11-11,Store_016,90.74,1628.66
2025-11-11,Store_017,106.03,2277.84
2025-11-11,Store_018,105.71,1862.05
2025-11-11,Store_019,113.45,2072.44
2025-11-11,Store_020,125.54,2569.14
2025-11-12,Store_001,132.32,2773.95
2025-11-12,Store_002,111.03,2160.23
2025-11-12,Store_003,104.28,2185.13
2025-11-12,Store_004,57.14,1183.7
2025-11-12,Store_005,100.19,2001.53
2025-11-12,Store_006,71.42,1219.73
2025-11-12,Store_007,102.54,1795.68
2025-11-12,Store_008,153.1,3251.73
2025-11-12,Store_009,105.06,2304.1
2025-11-12,Store_010,132.86,2595.37
2025-11-12,Store_011,166.36,3619.46
2025-11-12,Store_012,88.31,1590.82
2025-11-12,Store_013,131.81,2815.4
2025-11-12,Store_014,140.03,2865.17
2025-11-12,Store_015,146.04,2777.78
2025-11-12,Store_016,97.35,1804.49
2025-11-12,Store_017,141.38,2609.99
2025-11-12,Store_018,143.64,2807.79
2025-11-12,Store_019,143.93,2992.1
2025-11-12,Store_020,107.59,1932.25
2025-11-13,Store_001,96.64,1971.65
2025-11-13,Store_002,79.69,1647.28
2025-11-13,Store_003,118.03,2229.67
2025-11-13,Store_004,115.14,1975.5
2025-11-13,Store_005,66.9,1424.32
2025-11-13,Store_006,75.78,1464.06
2025-11-13,Store_007,112.8,2356.39
2025-11-13,Store_008,95.0,1828.52
2025-11-13,Store_009,102.22,2151.47
2025-11-13,Store_010,62.6,1095.85
2025-11-13,Store_011,153.25,2765.05
2025-11-13,Store_012,84.08,1599.72
2025-11-13,Store_013,86.1,1661.63
2025-11-13,Store_014,68.8,1182.47
2025-11-13,Store_015,123.89,2293.36
2025-11-13,Store_016,122.06,2166.41
2025-11-13,Store_017,149.25,2620.7
2025-11-13,Store_018,155.43,2943.88
2025-11-13,Store_019,63.25,1339.65
2025-11-13,Store_020,112.57,2238.51
2025-11-14,Store_001,118.79,2332.32
2025-11-14,Store_002,82.37,1557.51
2025-11-14,Store_003,129.07,2409.62
2025-11-14,Store_004,136.54,2343.54
2025-11-14,Store_005,82.41,1785.46
2025-11-14,Store_006,99.42,1698.17
2025-11-14,Store_007,122.51,2598.82
2025-11-14,Store_008,73.28,1331.52
2025-11-14,Store_009,50.22,1088.79
2025-11-14,Store_010,128.65,2446.18
2025-11-14,Store_011,117.94,2358.76
2025-11-14,Store_012,137.65,2547.95
2025-11-14,Store_013,112.51,2019.25
2025-11-14,Store_014,81.8,1536.45
2025-11-14,Store_015,149.92,2789.78
2025-11-14,Store_016,89.37,1909.01
2025-11-14,Store_017,86.6,1849.72
2025-11-14,Store_018,81.38,1550.59
2025-11-14,Store_019,147.43,2939.14
2025-11-14,Store_020,103.23,1837.4
2025-11-15,Store_001,116.54,2477.86
2025-11-15,Store_002,115.1,2357.73
2025-11-15,Store_003,165.29,2886.81
2025-11-15,Store_004,147.97,2822.96
2025-11-15,Store_005,111.22,2200.79
2025-11-15,Store_006,79.65,1432.56
2025-11-15,Store_007,131.9,2803.65
2025-11-15,Store_008,169.34,3683.66
2025-11-15,Store_009,124.02,2335.48
2025-11-15,Store_010,142.55,2696.63
2025-11-15,Store_011,101.81,2167.04
2025-11-15,Store_012,111.18,2181.51
2025-11-15,Store_013,153.76,2926.74
2025-11-15,Store_014,178.85,3573.9
2025-11-15,Store_015,158.67,3412.59
2025-11-15,Store_016,117.73,2550.66
2025-11-15,Store_017,150.79,2767.93
2025-11-15,Store_018,188.67,4113.3
2025-11-15,Store_019,149.63,2688.01
2025-11-15,Store_020,134.79,2459.45
2025-11-16,Store_001,136.56,2752.19
2025-11-16,Store_002,106.81,2122.07
2025-11-16,Store_003,137.57,2447.42
2025-11-16,Store_004,146.05,3040.64
2025-11-16,Store_005,137.05,2351.78
2025-11-16,Store_006,155.75,3106.79
2025-11-16,Store_007,93.96,1996.69
2025-11-16,Store_008,122.44,2571.17
2025-11-16,Store_009,147.93,3078.48
2025-11-16,Store_010,179.54,3105.6
2025-11-16,Store_011,163.7,3114.02
2025-11-16,Store_012,156.8,3070.91
2025-11-16,Store_013,156.66,2775.43
2025-11-16,Store_014,135.68,2584.31
2025-11-16,Store_015,79.68,1728.99
2025-11-16,Store_016,162.73,3434.23
2025-11-16,Store_017,91.39,2006.6
2025-11-16,Store_018,80.04,1620.96
2025-11-16,Store_019,129.66,2539.84
2025-11-16,Store_020,139.83,2667.56
2025-11-17,Store_001,119.93,2617.18
2025-11-17,Store_002,69.39,1325.37
2025-11-17,Store_003,106.1,2134.78
2025-11-17,Store_004,144.18,2761.4
2025-11-17,Store_005,132.87,2844.1
2025-11-17,Store_006,79.56,1747.61
2025-11-17,Store_007,126.24,2550.31
2025-11-17,Store_008,122.56,2154.12
2025-11-17,Store_009,154.32,3178.96
2025-11-17,Store_010,94.4,1840.27
2025-11-17,Store_011,76.21,1478.21
2025-11-17,Store_012,130.1,2704.52
2025-11-17,Store_013,109.6,1981.4
2025-11-17,Store_014,83.27,1805.67
2025-11-17,Store_015,121.61,2391.45
2025-11-17,Store_016,70.68,1308.03
2025-11-17,Store_017,121.74,2511.49
2025-11-17,Store_018,142.45,2841.48
2025-11-17,Store_019,81.07,1436.05
2025-11-17,Store_020,104.73,1882.65
2025-11-18,Store_001,77.18,1485.14
2025-11-18,Store_002,89.43,1532.77
2025-11-18,Store_003,93.18,2030.49
2025-11-18,Store_004,140.21,2770.66
2025-11-18,Store_005,95.96,1656.39
2025-11-18,Store_006,103.6,1854.13
2025-11-18,Store_007,105.56,2118.46
2025-11-18,Store_008,102.16,1999.93
2025-11-18,Store_009,87.54,1677.1
2025-11-18,Store_010,116.07,2093.13
2025-11-18,Store_011,90.3,1941.3
2025-11-18,Store_012,122.68,2460.28
2025-11-18,Store_013,97.71,2132.5
2025-11-18,Store_014,107.59,2108.8
2025-11-18,Store_015,106.57,2066.36
2025-11-18,Store_016,97.87,2044.95
2025-11-18,Store_017,164.7,3186.82
2025-11-18,Store_018,110.51,2260.93
2025-11-18,Store_019,135.36,2346.76
2025-11-18,Store_020,129.29,2475.42
2025-11-19,Store_001,99.41,1885.16
2025-11-19,Store_002,102.02,1795.05
2025-11-19,Store_003,114.76,2396.7
2025-11-19,Store_004,130.97,2726.85
2025-11-19,Store_005,114.52,2251.89
2025-11-19,Store_006,120.94,2457.32
2025-11-19,Store_007,135.92,2571.72
2025-11-19,Store_008,81.53,1753.58
2025-11-19,Store_009,99.59,1789.19
2025-11-19,Store_010,94.41,1892.21
2025-11-19,Store_011,107.11,2125.84
2025-11-19,Store_012,71.45,1503.21
2025-11-19,Store_013,131.36,2467.52
2025-11-19,Store_014,81.0,1753.03
2025-11-19,Store_015,88.77,1768.9
2025-11-19,Store_016,81.77,1692.47
2025-11-19,Store_017,84.4,1617.19
2025-11-19,Store_018,114.4,2492.75
2025-11-19,Store_019,163.81,2890.34
2025-11-19,Store_020,103.74,2046.76
2025-11-20,Store_001,60.07,1047.7
2025-11-20,Store_002,114.68,2383.4
2025-11-20,Store_003,107.54,2168.9
2025-11-20,Store_004,71.73,1232.27
2025-11-20,Store_005,70.83,1314.2
2025-11-20,Store_006,99.04,2156.34
2025-11-20,Store_007,103.99,2054.07
2025-11-20,Store_008,119.32,2351.68
2025-11-20,Store_009,114.53,1969.95
2025-11-20,Store_010,118.42,2415.73
2025-11-20,Store_011,103.84,1976.66
2025-11-20,Store_012,121.3,2342.29
2025-11-20,Store_013,88.67,1562.21
2025-11-20,Store_014,83.8,1534.73
2025-11-20,Store_015,88.64,1846.18
2025-11-20,Store_016,103.23,2161.41
2025-11-20,Store_017,106.85,1931.68
2025-11-20,Store_018,95.15,1945.22
2025-11-20,Store_019,123.84,2286.47
2025-11-20,Store_020,99.48,1862.21
2025-11-21,Store_001,50.0,1028.7
2025-11-21,Store_002,96.74,2100.2
2025-11-21,Store_003,122.76,2560.7
2025-11-21,Store_004,94.74,1986.41
2025-11-21,Store_005,131.99,2833.95
2025-11-21,Store_006,108.49,2162.33
2025-11-21,Store_007,78.67,1438.72
2025-11-21,Store_008,94.24,1989.66
2025-11-21,Store_009,130.48,2490.18
2025-11-21,Store_010,141.45,2427.04
2025-11-21,Store_011,100.87,1761.45
2025-11-21,Store_012,139.87,2978.03
2025-11-21,Store_013,90.49,1675.86
2025-11-21,Store_014,98.71,1693.54
2025-11-21,Store_015,79.26,1361.7
2025-11-21,Store_016,115.31,2076.97
2025-11-21,Store_017,70.64,1373.08
2025-11-21,Store_018,133.15,2783.21
2025-11-21,Store_019,138.87,2599.95
2025-11-21,Store_020,109.6,2119.49
2025-11-22,Store_001,124.14,2392.78
2025-11-22,Store_002,136.27,2532.06
2025-11-22,Store_003,135.2,2936.25
2025-11-22,Store_004,70.06,1289.72
2025-11-22,Store_005,153.76,3083.14
2025-11-22,Store_006,130.51,2274.72
2025-11-22,Store_007,117.37,2012.52
2025-11-22,Store_008,94.44,1870.04
2025-11-22,Store_009,145.85,3071.5
2025-11-22,Store_010,124.17,2301.95
2025-11-22,Store_011,81.33,1511.18
2025-11-22,Store_012,123.3,2579.69
2025-11-22,Store_013,97.49,1881.58
2025-11-22,Store_014,128.97,2513.44
2025-11-22,Store_015,207.55,4356.88
2025-11-22,Store_016,132.3,2254.3
2025-11-22,Store_017,133.09,2863.66
2025-11-22,Store_018,123.21,2490.75
2025-11-22,Store_019,137.4,2730.67
2025-11-22,Store_020,199.43,3935.48
2025-11-23,Store_001,153.87,3277.17
2025-11-23,Store_002,147.63,2701.54
2025-11-23,Store_003,148.81,2597.27
2025-11-23,Store_004,62.5,1196.2
2025-11-23,Store_005,190.1,4127.81
2025-11-23,Store_006,113.41,2387.54
2025-11-23,Store_007,142.35,2761.52
2025-11-23,Store_008,143.82,2667.56
2025-11-23,Store_009,137.47,2623.81
2025-11-23,Store_010,153.17,2901.76
2025-11-23,Store_011,121.56,2382.12
2025-11-23,Store_012,148.63,2527.38
2025-11-23,Store_013,130.29,2403.77
2025-11-23,Store_014,144.0,3032.62
2025-11-23,Store_015,111.68,2169.79
2025-11-23,Store_016,141.52,2897.18
2025-11-23,Store_017,135.94,2446.55
2025-11-23,Store_018,158.26,3184.79
2025-11-23,Store_019,189.8,3865.13
2025-11-23,Store_020,134.95,2351.68
2025-11-24,Store_001,136.0,2555.35
2025-11-24,Store_002,75.74,1303.37
2025-11-24,Store_003,147.72,2621.84
2025-11-24,Store_004,64.99,1424.32
2025-11-24,Store_005,90.2,1896.7
2025-11-24,Store_006,162.82,3504.91
2025-11-24,Store_007,124.35,2261.34
2025-11-24,Store_008,56.65,970.73
2025-11-24,Store_009,85.83,1828.21
2025-11-24,Store_010,139.44,2385.18
2025-11-24,Store_011,141.45,2431.76
2025-11-24,Store_012,183.79,3495.29
2025-11-24,Store_013,108.5,2207.78
2025-11-24,Store_014,159.47,2847.79
2025-11-24,Store_015,103.17,1871.91
2025-11-24,Store_016,110.61,2073.37
2025-11-24,Store_017,89.33,1843.46
2025-11-24,Store_018,135.66,2337.46
2025-11-24,Store_019,121.61,2286.16
2025-11-24,Store_020,123.38,2343.55
2025-11-25,Store_001,147.36,2954.01
2025-11-25,Store_002,107.09,1906.42
2025-11-25,Store_003,118.44,2269.34
2025-11-25,Store_004,78.82,1601.69
2025-11-25,Store_005,115.89,2142.82
2025-11-25,Store_006,134.02,2602.87
2025-11-25,Store_007,159.55,2770.43
2025-11-25,Store_008,82.98,1690.62
2025-11-25,Store_009,104.54,2116.3
2025-11-25,Store_010,114.75,2363.04
2025-11-25,Store_011,105.18,2303.93
2025-11-25,Store_012,90.26,1717.38
2025-11-25,Store_013,105.47,1944.0
2025-11-25,Store_014,145.65,3171.75
2025-11-25,Store_015,110.72,2098.05
2025-11-25,Store_016,137.08,2801.74
2025-11-25,Store_017,103.94,2268.42
2025-11-25,Store_018,96.23,1921.99
2025-11-25,Store_019,83.57,1645.55
2025-11-25,Store_020,85.62,1542.26
2025-11-26,Store_001,62.19,1348.26
2025-11-26,Store_002,78.48,1670.97
2025-11-26,Store_003,88.43,1575.71
2025-11-26,Store_004,92.96,1701.34
2025-11-26,Store_005,104.62,2069.04
2025-11-26,Store_006,125.34,2711.6
2025-11-26,Store_007,103.89,1843.45
2025-11-26,Store_008,104.57,1971.8
2025-11-26,Store_009,96.96,1929.96
2025-11-26,Store_010,118.82,2413.8
2025-11-26,Store_011,117.47,2416.93
2025-11-26,Store_012,124.17,2626.06
2025-11-26,Store_013,97.89,1758.83
2025-11-26,Store_014,100.02,1856.6
2025-11-26,Store_015,142.43,2584.58
2025-11-26,Store_016,105.3,2124.63
2025-11-26,Store_017,65.52,1188.79
2025-11-26,Store_018,115.55,1969.62
2025-11-26,Store_019,120.56,2403.97
2025-11-26,Store_020,91.9,1649.34
2025-11-27,Store_001,111.51,2106.43
2025-11-27,Store_002,93.91,2021.33
2025-11-27,Store_003,103.83,2174.85
2025-11-27,Store_004,108.29,2221.25
2025-11-27,Store_005,70.27,1231.18
2025-11-27,Store_006,106.61,2129.33
2025-11-27,Store_007,126.63,2411.72
2025-11-27,Store_008,53.64,1034.83
2025-11-27,Store_009,144.51,2828.04
2025-11-27,Store_010,122.65,2329.43
2025-11-27,Store_011,84.14,1482.63
2025-11-27,Store_012,87.12,1604.62
2025-11-27,Store_013,121.05,2641.46
2025-11-27,Store_014,127.97,2669.26
2025-11-27,Store_015,90.98,1612.02
2025-11-27,Store_016,117.3,2443.94
2025-11-27,Store_017,139.05,2522.7
2025-11-27,Store_018,76.71,1499.81
2025-11-27,Store_019,106.92,2163.11
2025-11-27,Store_020,103.22,2179.18
2025-11-28,Store_001,95.18,1907.06
2025-11-28,Store_002,124.86,2573.16
2025-11-28,Store_003,114.67,2378.2
2025-11-28,Store_004,161.8,3404.07
2025-11-28,Store_005,165.06,2966.05
2025-11-28,Store_006,88.85,1634.92
2025-11-28,Store_007,119.1,2213.86
2025-11-28,Store_008,152.23,2763.2
2025-11-28,Store_009,145.19,2557.93
2025-11-28,Store_010,98.5,2142.22
2025-11-28,Store_011,127.76,2277.59
2025-11-28,Store_012,141.48,3049.73
2025-11-28,Store_013,137.33,2839.19
2025-11-28,Store_014,145.47,2891.08
2025-11-28,Store_015,116.82,2161.57
2025-11-28,Store_016,111.58,2135.14
2025-11-28,Store_017,50.0,1070.54
2025-11-28,Store_018,111.1,2032.99
2025-11-28,Store_019,97.22,1677.79
2025-11-28,Store_020,67.63,1286.36
2025-11-29,Store_001,97.76,2060.42
2025-11-29,Store_002,124.71,2399.33
2025-11-29,Store_003,128.68,2780.22
2025-11-29,Store_004,132.19,2674.44
2025-11-29,Store_005,139.16,2909.64
2025-11-29,Store_006,163.68,3577.18
2025-11-29,Store_007,114.14,2382.75
2025-11-29,Store_008,166.3,3316.24
2025-11-29,Store_009,105.21,2006.63
2025-11-29,Store_010,178.86,3885.36
2025-11-29,Store_011,171.82,3290.83
2025-11-29,Store_012,124.24,2358.44
2025-11-29,Store_013,142.67,3042.0
2025-11-29,Store_014,161.46,3036.49
2025-11-29,Store_015,133.29,2765.69
2025-11-29,Store_016,167.36,3520.07
2025-11-29,Store_017,120.09,2331.67
2025-11-29,Store_018,122.07,2387.1
2025-11-29,Store_019,128.54,2484.5
2025-11-29,Store_020,90.31,1714.59
2025-11-30,Store_001,157.49,3061.79
2025-11-30,Store_002,150.74,2785.23
2025-11-30,Store_003,169.79,3243.68
2025-11-30,Store_004,181.59,3714.89
2025-11-30,Store_005,121.44,2138.52
2025-11-30,Store_006,104.84,2170.66
2025-11-30,Store_007,205.88,4146.95
2025-11-30,Store_008,148.84,3115.28
2025-11-30,Store_009,124.07,2462.04
2025-11-30,Store_010,218.9,4470.48
2025-11-30,Store_011,111.17,2099.34
2025-11-30,Store_012,137.38,2537.8
2025-11-30,Store_013,128.75,2826.79
2025-11-30,Store_014,123.4,2520.21
2025-11-30,Store_015,74.54,1380.48
2025-11-30,Store_016,119.73,2112.1
2025-11-30,Store_017,120.74,2552.51
2025-11-30,Store_018,164.72,3304.72
2025-11-30,Store_019,142.24,2655.1
2025-11-30,Store_020,133.25,2569.31
2025-12-01,Store_001,125.09,2199.18
2025-12-01,Store_002,128.57,2813.8
2025-12-01,Store_003,117.09,2355.42
2025-12-01,Store_004,52.16,1012.59
2025-12-01,Store_005,109.83,2065.71
2025-12-01,Store_006,125.8,2243.75
2025-12-01,Store_007,82.03,1697.92
2025-12-01,Store_008,105.87,2266.64
2025-12-01,Store_009,124.76,2292.74
2025-12-01,Store_010,127.11,2201.73
2025-12-01,Store_011,129.21,2758.15
2025-12-01,Store_012,88.17,1506.93
2025-12-01,Store_013,92.64,1887.57
2025-12-01,Store_014,118.49,2510.21
2025-12-01,Store_015,120.94,2506.02
2025-12-01,Store_016,152.1,3006.89
2025-12-01,Store_017,92.79,1732.98
2025-12-01,Store_018,122.52,2558.61
2025-12-01,Store_019,102.61,2222.55
2025-12-01,Store_020,180.75,3328.55
2025-12-02,Store_001,90.04,1837.74
2025-12-02,Store_002,94.6,1709.94
2025-12-02,Store_003,81.63,1691.54
2025-12-02,Store_004,110.83,2252.67
2025-12-02,Store_005,73.45,1511.48
2025-12-02,Store_006,124.57,2673.0
2025-12-02,Store_007,96.92,2021.83
2025-12-02,Store_008,163.42,3192.75
2025-12-02,Store_009,111.78,1982.05
2025-12-02,Store_010,122.35,2424.39
2025-12-02,Store_011,141.7,2614.67
2025-12-02,Store_012,80.89,1442.09
2025-12-02,Store_013,96.3,1846.35
2025-12-02,Store_014,109.63,2192.12
2025-12-02,Store_015,84.72,1539.52
2025-12-02,Store_016,67.17,1318.98
2025-12-02,Store_017,106.71,2268.16
2025-12-02,Store_018,85.29,1735.41
2025-12-02,Store_019,101.47,2094.23
2025-12-02,Store_020,104.93,2268.46
2025-12-03,Store_001,108.94,2380.14
2025-12-03,Store_002,94.75,1771.02
2025-12-03,Store_003,116.24,2455.78
2025-12-03,Store_004,112.53,2221.1
2025-12-03,Store_005,88.22,1787.63
2025-12-03,Store_006,89.99,1712.31
2025-12-03,Store_007,109.92,2217.47
2025-12-03,Store_008,119.52,2162.44
2025-12-03,Store_009,154.5,3224.41
2025-12-03,Store_010,74.58,1380.84
2025-12-03,Store_011,57.65,1240.48
2025-12-03,Store_012,63.98,1097.74
2025-12-03,Store_013,117.89,2030.44
2025-12-03,Store_014,93.79,1909.66
2025-12-03,Store_015,105.71,2319.43
2025-12-03,Store_016,89.53,1606.06
2025-12-03,Store_017,92.23,1693.92
2025-12-03,Store_018,76.33,1448.91
2025-12-03,Store_019,73.4,1454.25
2025-12-03,Store_020,122.52,2636.89
2025-12-04,Store_001,97.58,1801.79
2025-12-04,Store_002,119.65,2587.81
2025-12-04,Store_003,104.63,2008.25
2025-12-04,Store_004,101.57,2174.61
2025-12-04,Store_005,99.24,1750.0
2025-12-04,Store_006,116.05,2423.8
2025-12-04,Store_007,112.54,2286.23
2025-12-04,Store_008,102.94,1890.96
2025-12-04,Store_009,50.0,1026.76
2025-12-04,Store_010,94.73,1676.86
2025-12-04,Store_011,154.56,2672.57
2025-12-04,Store_012,82.99,1811.27
2025-12-04,Store_013,104.98,1876.84
2025-12-04,Store_014,111.69,2108.14
2025-12-04,Store_015,79.08,1564.57
2025-12-04,Store_016,118.57,2190.33
2025-12-04,Store_017,129.91,2338.34
2025-12-04,Store_018,129.66,2845.96
2025-12-04,Store_019,124.21,2664.06
2025-12-04,Store_020,88.42,1923.77
2025-12-05,Store_001,85.9,1688.55
2025-12-05,Store_002,145.4,2812.52
2025-12-05,Store_003,169.66,3234.93
2025-12-05,Store_004,145.7,2778.48
2025-12-05,Store_005,109.32,2363.68
2025-12-05,Store_006,97.69,2067.53
2025-12-05,Store_007,99.0,1931.58
2025-12-05,Store_008,134.66,2612.28
2025-12-05,Store_009,124.84,2272.63
2025-12-05,Store_010,50.48,968.82
2025-12-05,Store_011,82.17,1443.17
2025-12-05,Store_012,76.76,1578.89
2025-12-05,Store_013,137.23,2470.58
2025-12-05,Store_014,105.79,1901.64
2025-12-05,Store_015,94.94,1686.81
2025-12-05,Store_016,88.24,1627.34
2025-12-05,Store_017,68.38,1482.83
2025-12-05,Store_018,109.01,2118.01
2025-12-05,Store_019,87.24,1612.42
2025-12-05,Store_020,118.46,2333.56
2025-12-06,Store_001,117.15,2204.5
2025-12-06,Store_002,148.75,2851.84
2025-12-06,Store_003,182.09,3229.05
2025-12-06,Store_004,146.08,2924.84
2025-12-06,Store_005,184.14,3921.54
2025-12-06,Store_006,133.86,2851.11
2025-12-06,Store_007,103.04,1917.57
2025-12-06,Store_008,105.92,2163.69
2025-12-06,Store_009,110.73,1914.12
2025-12-06,Store_010,140.57,2914.78
2025-12-06,Store_011,103.52,1937.99
2025-12-06,Store_012,165.66,2975.26
2025-12-06,Store_013,143.41,2904.5
2025-12-06,Store_014,116.79,2413.95
2025-12-06,Store_015,131.67,2440.7
2025-12-06,Store_016,88.52,1648.39
2025-12-06,Store_017,172.05,3728.07
2025-12-06,Store_018,113.45,2323.71
2025-12-06,Store_019,116.21,2501.8
2025-12-06,Store_020,175.52,3063.48
2025-12-07,Store_001,89.21,1770.26
2025-12-07,Store_002,156.71,3033.95
2025-12-07,Store_003,105.77,1912.34
2025-12-07,Store_004,143.98,3059.17
2025-12-07,Store_005,126.02,2376.1
2025-12-07,Store_006,175.51,3360.98
2025-12-07,Store_007,131.35,2482.76
2025-12-07,Store_008,107.31,1992.51
2025-12-07,Store_009,136.33,2865.09
2025-12-07,Store_010,166.78,2963.46
2025-12-07,Store_011,106.38,2006.62
2025-12-07,Store_012,102.84,2018.12
2025-12-07,Store_013,169.74,3282.85
2025-12-07,Store_014,125.9,2245.8
2025-12-07,Store_015,190.02,3535.34
2025-12-07,Store_016,146.91,2576.59
2025-12-07,Store_017,207.77,4470.44
2025-12-07,Store_018,102.46,2190.85
2025-12-07,Store_019,86.84,1621.49
2025-12-07,Store_020,123.81,2666.09
2025-12-08,Store_001,125.22,2739.59
2025-12-08,Store_002,139.2,2478.17
2025-12-08,Store_003,94.46,2018.37
2025-12-08,Store_004,107.88,2302.24
2025-12-08,Store_005,142.32,2532.57
2025-12-08,Store_006,98.53,1817.11
2025-12-08,Store_007,122.45,2337.48
2025-12-08,Store_008,116.79,2319.88
2025-12-08,Store_009,122.41,2606.75
2025-12-08,Store_010,85.9,1590.69
2025-12-08,Store_011,152.06,2723.51
2025-12-08,Store_012,103.03,1825.4
2025-12-08,Store_013,132.25,2578.19
2025-12-08,Store_014,97.92,2060.62
2025-12-08,Store_015,77.76,1331.68
2025-12-08,Store_016,107.08,1945.08
2025-12-08,Store_017,94.5,1681.07
2025-12-08,Store_018,113.35,1953.99
2025-12-08,Store_019,115.39,2062.24
2025-12-08,Store_020,95.41,1623.76
2025-12-09,Store_001,123.91,2501.0
2025-12-09,Store_002,95.91,1833.08
2025-12-09,Store_003,100.23,1734.25
2025-12-09,Store_004,119.36,2036.98
2025-12-09,Store_005,99.92,1890.34
2025-12-09,Store_006,133.29,2700.93
2025-12-09,Store_007,120.57,2318.34
2025-12-09,Store_008,50.0,871.48
2025-12-09,Store_009,131.22,2388.02
2025-12-09,Store_010,144.46,2628.24
2025-12-09,Store_011,119.71,2607.7
2025-12-09,Store_012,152.7,2991.96
2025-12-09,Store_013,117.3,2267.39
2025-12-09,Store_014,77.36,1570.54
2025-12-09,Store_015,108.85,1979.07
2025-12-09,Store_016,137.62,2483.24
2025-12-09,Store_017,109.75,2092.52
2025-12-09,Store_018,101.38,2155.72
2025-12-09,Store_019,113.64,1937.89
2025-12-09,Store_020,98.43,1777.69
2025-12-10,Store_001,113.61,2461.78
2025-12-10,Store_002,130.32,2478.25
2025-12-10,Store_003,85.43,1684.2
2025-12-10,Store_004,96.49,1790.85
2025-12-10,Store_005,131.9,2344.27
2025-12-10,Store_006,83.09,1729.3
2025-12-10,Store_007,125.57,2540.56
2025-12-10,Store_008,123.07,2259.42
2025-12-10,Store_009,126.31,2150.59
2025-12-10,Store_010,125.34,2188.63
2025-12-10,Store_011,106.2,2261.87
2025-12-10,Store_012,102.15,2069.42
2025-12-10,Store_013,82.88,1804.69
2025-12-10,Store_014,125.85,2686.81
2025-12-10,Store_015,108.02,2232.02
2025-12-10,Store_016,123.87,2670.9
2025-12-10,Store_017,103.12,2053.54
2025-12-10,Store_018,126.05,2543.78
2025-12-10,Store_019,72.62,1379.44
2025-12-10,Store_020,130.51,2729.33
2025-12-11,Store_001,72.08,1493.47
2025-12-11,Store_002,165.1,2898.53
2025-12-11,Store_003,80.14,1613.56
2025-12-11,Store_004,94.37,1835.78
2025-12-11,Store_005,115.12,2446.57
2025-12-11,Store_006,85.8,1850.95
2025-12-11,Store_007,69.86,1331.79
2025-12-11,Store_008,101.38,1836.97
2025-12-11,Store_009,116.31,2116.69
2025-12-11,Store_010,140.57,2475.29
2025-12-11,Store_011,109.83,2393.25
2025-12-11,Store_012,97.35,1848.33
2025-12-11,Store_013,112.68,2266.38
2025-12-11,Store_014,112.75,2377.22
2025-12-11,Store_015,112.59,2427.52
2025-12-11,Store_016,83.0,1421.02
2025-12-11,Store_017,109.8,2106.45
2025-12-11,Store_018,67.32,1252.99
2025-12-11,Store_019,100.08,2024.81
2025-12-11,Store_020,52.62,1028.28
2025-12-12,Store_001,119.48,2416.78
2025-12-12,Store_002,84.26,1690.81
2025-12-12,Store_003,78.32,1624.82
2025-12-12,Store_004,120.78,2359.64
2025-12-12,Store_005,71.78,1469.88
2025-12-12,Store_006,54.94,966.48
2025-12-12,Store_007,120.29,2329.88
2025-12-12,Store_008,120.16,2078.41
2025-12-12,Store_009,69.53,1384.91
2025-12-12,Store_010,80.56,1771.53
2025-12-12,Store_011,50.0,924.15
2025-12-12,Store_012,104.12,1823.51
2025-12-12,Store_013,93.07,1795.52
2025-12-12,Store_014,103.07,2158.33
2025-12-12,Store_015,96.6,1785.68
2025-12-12,Store_016,142.67,2551.08
2025-12-12,Store_017,118.61,2121.91
2025-12-12,Store_018,131.66,2529.17
2025-12-12,Store_019,123.94,2305.03
2025-12-12,Store_020,117.3,2242.07
2025-12-13,Store_001,126.09,2380.03
2025-12-13,Store_002,147.68,2742.65
2025-12-13,Store_003,116.72,2372.67
2025-12-13,Store_004,148.01,2894.82
2025-12-13,Store_005,124.02,2441.23
2025-12-13,Store_006,173.17,2950.62
2025-12-13,Store_007,111.48,2421.97
2025-12-13,Store_008,157.21,3208.93
2025-12-13,Store_009,136.28,2546.6
2025-12-13,Store_010,141.32,2654.84
2025-12-13,Store_011,170.38,3265.08
2025-12-13,Store_012,178.37,3387.13
2025-12-13,Store_013,118.0,2096.72
2025-12-13,Store_014,139.76,2632.22
2025-12-13,Store_015,233.12,4530.98
2025-12-13,Store_016,157.26,2841.4
2025-12-13,Store_017,78.92,1562.38
2025-12-13,Store_018,124.43,2639.96
2025-12-13,Store_019,132.57,2309.33
2025-12-13,Store_020,149.03,2606.35
2025-12-14,Store_001,171.86,3128.04
2025-12-14,Store_002,122.88,2642.56
2025-12-14,Store_003,98.78,2140.39
2025-12-14,Store_004,87.94,1905.55
2025-12-14,Store_005,157.6,3004.52
2025-12-14,Store_006,141.03,2991.38
2025-12-14,Store_007,91.0,1560.71
2025-12-14,Store_008,153.78,2757.17
2025-12-14,Store_009,142.14,2480.95
2025-12-14,Store_010,114.04,2098.07
2025-12-14,Store_011,139.2,2432.44
2025-12-14,Store_012,168.4,2977.66
2025-12-14,Store_013,180.44,3642.33
2025-12-14,Store_014,101.43,1814.25
2025-12-14,Store_015,150.66,3300.05
2025-12-14,Store_016,205.32,3596.27
2025-12-14,Store_017,176.47,3169.97
2025-12-14,Store_018,142.27,2488.62
2025-12-14,Store_019,158.39,3015.86
2025-12-14,Store_020,149.6,2792.85
2025-12-15,Store_001,118.28,2015.4
2025-12-15,Store_002,102.24,2127.66
2025-12-15,Store_003,77.55,1682.64
2025-12-15,Store_004,150.45,2689.3
2025-12-15,Store_005,164.65,3142.46
2025-12-15,Store_006,61.47,1064.47
2025-12-15,Store_007,99.34,2184.84
2025-12-15,Store_008,116.17,2222.51
2025-12-15,Store_009,96.47,2096.5
2025-12-15,Store_010,121.74,2433.01
2025-12-15,Store_011,84.96,1704.53
2025-12-15,Store_012,67.4,1265.47
2025-12-15,Store_013,118.0,2566.72
2025-12-15,Store_014,111.13,1970.98
2025-12-15,Store_015,106.5,2048.59
2025-12-15,Store_016,132.19,2410.0
2025-12-15,Store_017,91.34,1761.38
2025-12-15,Store_018,78.6,1605.52
2025-12-15,Store_019,114.23,2030.72
2025-12-15,Store_020,133.89,2548.77
2025-12-16,Store_001,77.77,1452.05
2025-12-16,Store_002,118.92,2138.7
2025-12-16,Store_003,106.14,2097.98
2025-12-16,Store_004,73.94,1472.91
2025-12-16,Store_005,116.16,2345.29
2025-12-16,Store_006,134.22,2492.85
2025-12-16,Store_007,84.41,1616.72
2025-12-16,Store_008,109.73,2137.33
2025-12-16,Store_009,140.97,2717.12
2025-12-16,Store_010,117.89,2225.63
2025-12-16,Store_011,111.32,2048.94
2025-12-16,Store_012,140.38,2433.57
2025-12-16,Store_013,77.67,1455.75
2025-12-16,Store_014,110.44,2093.68
2025-12-16,Store_015,69.86,1396.75
2025-12-16,Store_016,79.81,1418.48
2025-12-16,Store_017,123.23,2620.77
2025-12-16,Store_018,107.87,2081.9
2025-12-16,Store_019,98.96,1730.02
2025-12-16,Store_020,89.45,1631.57
2025-12-17,Store_001,109.78,2378.15
2025-12-17,Store_002,108.9,2155.99
2025-12-17,Store_003,138.96,2755.75
2025-12-17,Store_004,127.82,2461.29
2025-12-17,Store_005,138.39,2605.93
2025-12-17,Store_006,134.64,2765.99
2025-12-17,Store_007,76.53,1682.94
2025-12-17,Store_008,106.73,2323.54
2025-12-17,Store_009,106.61,1991.19
2025-12-17,Store_010,108.97,1927.49
2025-12-17,Store_011,92.4,1914.65
2025-12-17,Store_012,96.14,2024.45
2025-12-17,Store_013,140.57,2780.57
2025-12-17,Store_014,134.63,2846.47
2025-12-17,Store_015,151.13,3190.98
2025-12-17,Store_016,109.9,2261.13
2025-12-17,Store_017,96.87,1786.25
2025-12-17,Store_018,101.23,2143.95
2025-12-17,Store_019,86.08,1757.65
2025-12-17,Store_020,109.37,1995.5
2025-12-18,Store_001,91.72,1604.7
2025-12-18,Store_002,139.07,2716.45
2025-12-18,Store_003,136.95,2726.81
2025-12-18,Store_004,115.78,2050.37
2025-12-18,Store_005,96.86,2079.0
2025-12-18,Store_006,107.83,2025.22
2025-12-18,Store_007,119.99,2527.91
2025-12-18,Store_008,124.22,2567.61
2025-12-18,Store_009,142.89,2807.3
2025-12-18,Store_010,50.0,973.03
2025-12-18,Store_011,115.85,2045.99
2025-12-18,Store_012,79.33,1524.6
2025-12-18,Store_013,133.75,2361.78
2025-12-18,Store_014,120.74,2300.12
2025-12-18,Store_015,83.74,1742.97
2025-12-18,Store_016,120.82,2258.12
2025-12-18,Store_017,129.8,2603.47
2025-12-18,Store_018,84.09,1793.75
2025-12-18,Store_019,105.52,1918.12
2025-12-18,Store_020,82.23,1427.34
2025-12-19,Store_001,91.47,1646.02
2025-12-19,Store_002,147.25,2540.68
2025-12-19,Store_003,128.05,2803.07
2025-12-19,Store_004,94.34,2003.83
2025-12-19,Store_005,98.67,1717.28
2025-12-19,Store_006,116.86,2112.84
2025-12-19,Store_007,116.52,2148.15
2025-12-19,Store_008,113.51,2272.92
2025-12-19,Store_009,102.16,1922.43
2025-12-19,Store_010,121.06,2600.07
2025-12-19,Store_011,89.44,1541.82
2025-12-19,Store_012,71.81,1368.26
2025-12-19,Store_013,98.44,2145.8
2025-12-19,Store_014,108.9,2352.59
2025-12-19,Store_015,103.97,2021.84
2025-12-19,Store_016,131.98,2655.47
2025-12-19,Store_017,82.25,1455.95
2025-12-19,Store_018,92.57,1603.37
2025-12-19,Store_019,104.99,2045.1
2025-12-19,Store_020,89.71,1904.72
2025-12-20,Store_001,94.26,1966.41
2025-12-20,Store_002,62.5,1286.68
2025-12-20,Store_003,179.39,3591.4
2025-12-20,Store_004,173.99,3814.96
2025-12-20,Store_005,111.57,2377.4
2025-12-20,Store_006,100.36,1773.45
2025-12-20,Store_007,147.18,2542.72
2025-12-20,Store_008,123.92,2109.35
2025-12-20,Store_009,165.29,3112.96
2025-12-20,Store_010,104.73,2093.35
2025-12-20,Store_011,118.29,2417.84
2025-12-20,Store_012,83.68,1436.6
2025-12-20,Store_013,99.87,2072.74
2025-12-20,Store_014,138.06,2529.58
2025-12-20,Store_015,133.24,2845.41
2025-12-20,Store_016,126.48,2196.98
2025-12-20,Store_017,131.32,2299.11
2025-12-20,Store_018,158.71,3400.79
2025-12-20,Store_019,119.69,2586.53
2025-12-20,Store_020,169.59,3198.27
2025-12-21,Store_001,151.08,3287.33
2025-12-21,Store_002,152.8,2769.77
2025-12-21,Store_003,126.05,2648.89
2025-12-21,Store_004,153.84,2770.18
2025-12-21,Store_005,113.31,2156.86
2025-12-21,Store_006,100.33,2084.95
2025-12-21,Store_007,121.23,2526.04
2025-12-21,Store_008,148.85,2799.84
2025-12-21,Store_009,109.21,1987.35
2025-12-21,Store_010,161.23,3084.79
2025-12-21,Store_011,123.32,2574.97
2025-12-21,Store_012,205.29,3786.94
2025-12-21,Store_013,106.87,2261.14
2025-12-21,Store_014,134.51,2801.13
2025-12-21,Store_015,113.88,1940.57
2025-12-21,Store_016,108.53,1985.17
2025-12-21,Store_017,167.15,2916.1
2025-12-21,Store_018,168.12,3151.01
2025-12-21,Store_019,127.89,2442.45
2025-12-21,Store_020,153.13,2910.46
2025-12-22,Store_001,119.24,2555.84
2025-12-22,Store_002,87.36,1562.19
2025-12-22,Store_003,149.49,3125.98
2025-12-22,Store_004,67.22,1212.39
2025-12-22,Store_005,135.48,2785.09
2025-12-22,Store_006,100.32,2150.44
2025-12-22,Store_007,67.57,1183.94
2025-12-22,Store_008,142.8,3031.35
2025-12-22,Store_009,125.75,2550.57
2025-12-22,Store_010,103.94,1872.04
2025-12-22,Store_011,122.71,2415.22
2025-12-22,Store_012,138.06,2361.5
2025-12-22,Store_013,78.24,1641.22
2025-12-22,Store_014,122.86,2567.79
2025-12-22,Store_015,80.75,1488.7
2025-12-22,Store_016,88.56,1671.16
2025-12-22,Store_017,100.9,2017.04
2025-12-22,Store_018,121.03,2203.73
2025-12-22,Store_019,73.96,1352.08
2025-12-22,Store_020,106.7,2172.56
2025-12-23,Store_001,185.81,3251.08
2025-12-23,Store_002,116.95,2546.31
2025-12-23,Store_003,124.75,2189.25
2025-12-23,Store_004,146.24,3117.12
2025-12-23,Store_005,142.33,2881.14
2025-12-23,Store_006,128.07,2566.51
2025-12-23,Store_007,146.05,2741.84
2025-12-23,Store_008,82.92,1821.47
2025-12-23,Store_009,112.86,2289.31
2025-12-23,Store_010,121.4,2234.2
2025-12-23,Store_011,139.17,2585.07
2025-12-23,Store_012,94.39,1834.63
2025-12-23,Store_013,112.75,2476.66
2025-12-23,Store_014,124.02,2619.66
2025-12-23,Store_015,92.96,1854.75
2025-12-23,Store_016,114.26,2179.18
2025-12-23,Store_017,132.89,2897.9
2025-12-23,Store_018,94.61,1898.7
2025-12-23,Store_019,148.35,2543.59
2025-12-23,Store_020,122.97,2593.1
2025-12-24,Store_001,121.03,2582.84
2025-12-24,Store_002,123.57,2639.28
2025-12-24,Store_003,120.93,2301.7
2025-12-24,Store_004,154.25,2707.12
2025-12-24,Store_005,113.82,2258.88
2025-12-24,Store_006,129.15,2566.24
2025-12-24,Store_007,76.9,1415.77
2025-12-24,Store_008,95.19,1761.45
2025-12-24,Store_009,129.32,2528.22
2025-12-24,Store_010,105.41,1864.31
2025-12-24,Store_011,123.05,2343.18
2025-12-24,Store_012,150.71,3272.31
2025-12-24,Store_013,97.87,1863.64
2025-12-24,Store_014,106.57,2116.21
2025-12-24,Store_015,90.33,1787.3
2025-12-24,Store_016,89.38,1864.95
2025-12-24,Store_017,150.93,2727.51
2025-12-24,Store_018,113.11,2047.3
2025-12-24,Store_019,68.35,1401.14
2025-12-24,Store_020,142.48,2666.92
2025-12-25,Store_001,122.28,2296.51
2025-12-25,Store_002,93.61,1710.15
2025-12-25,Store_003,120.3,2173.94
2025-12-25,Store_004,52.03,918.37
2025-12-25,Store_005,100.22,2109.54
2025-12-25,Store_006,102.04,1812.44
2025-12-25,Store_007,102.91,2260.37
2025-12-25,Store_008,63.58,1109.4
2025-12-25,Store_009,123.84,2256.54
2025-12-25,Store_010,56.94,1168.24
2025-12-25,Store_011,91.03,1938.27
2025-12-25,Store_012,121.26,2536.61
2025-12-25,Store_013,122.84,2639.17
2025-12-25,Store_014,75.11,1609.42
2025-12-25,Store_015,111.06,1897.0
2025-12-25,Store_016,122.84,2403.75
2025-12-25,Store_017,78.9,1427.17
2025-12-25,Store_018,90.65,1652.06
2025-12-25,Store_019,101.01,1731.91
2025-12-25,Store_020,118.87,2048.46
2025-12-26,Store_001,115.53,2480.65
2025-12-26,Store_002,102.3,2062.15
2025-12-26,Store_003,123.6,2324.41
2025-12-26,Store_004,122.45,2479.68
2025-12-26,Store_005,119.02,2588.7
2025-12-26,Store_006,104.24,2115.67
2025-12-26,Store_007,116.66,2138.14
2025-12-26,Store_008,142.16,2872.26
2025-12-26,Store_009,111.0,2377.56
2025-12-26,Store_010,144.37,3150.13
2025-12-26,Store_011,117.52,2000.7
2025-12-26,Store_012,88.39,1886.99
2025-12-26,Store_013,114.01,2326.08
2025-12-26,Store_014,105.74,2159.64
2025-12-26,Store_015,108.9,2177.35
2025-12-26,Store_016,165.76,3490.65
2025-12-26,Store_017,77.72,1627.5
2025-12-26,Store_018,159.19,2717.72
2025-12-26,Store_019,80.01,1673.06
2025-12-26,Store_020,91.6,1770.81
2025-12-27,Store_001,130.55,2498.36
2025-12-27,Store_002,108.36,2216.34
2025-12-27,Store_003,141.72,2858.74
2025-12-27,Store_004,174.56,3818.56
2025-12-27,Store_005,141.03,2798.91
2025-12-27,Store_006,141.4,3047.11
2025-12-27,Store_007,172.75,3193.21
2025-12-27,Store_008,136.14,2716.02
2025-12-27,Store_009,143.55,3029.0
2025-12-27,Store_010,62.5,1210.78
2025-12-27,Store_011,109.03,2306.65
2025-12-27,Store_012,174.9,3233.92
2025-12-27,Store_013,165.22,3324.37
2025-12-27,Store_014,150.65,2916.83
2025-12-27,Store_015,124.5,2416.51
2025-12-27,Store_016,130.12,2571.6
2025-12-27,Store_017,160.77,2926.83
2025-12-27,Store_018,108.8,2090.69
2025-12-27,Store_019,123.74,2660.18
2025-12-27,Store_020,126.69,2761.33
2025-12-28,Store_001,193.54,3434.7
2025-12-28,Store_002,188.32,3658.34
2025-12-28,Store_003,185.13,3468.34
2025-12-28,Store_004,155.17,3248.39
2025-12-28,Store_005,118.06,2555.07
2025-12-28,Store_006,159.0,2796.88
2025-12-28,Store_007,158.33,3266.49
2025-12-28,Store_008,116.85,2040.09
2025-12-28,Store_009,94.45,1718.72
2025-12-28,Store_010,124.81,2494.35
2025-12-28,Store_011,154.41,3084.84
2025-12-28,Store_012,126.3,2221.91
2025-12-28,Store_013,170.05,3384.56
2025-12-28,Store_014,69.8,1286.0
2025-12-28,Store_015,186.23,4008.82
2025-12-28,Store_016,163.68,2848.99
2025-12-28,Store_017,153.28,3066.51
2025-12-28,Store_018,143.02,2772.64
2025-12-28,Store_019,127.43,2421.49
2025-12-28,Store_020,182.02,3122.19
2025-12-29,Store_001,114.37,2350.1
2025-12-29,Store_002,102.43,2163.63
2025-12-29,Store_003,82.03,1465.04
2025-12-29,Store_004,134.56,2829.05
2025-12-29,Store_005,101.48,2108.71
2025-12-29,Store_006,89.17,1804.75
2025-12-29,Store_007,112.36,2165.97
2025-12-29,Store_008,103.46,2106.4
2025-12-29,Store_009,163.97,3022.64
2025-12-29,Store_010,112.82,2164.75
2025-12-29,Store_011,108.81,1852.08
2025-12-29,Store_012,95.92,1747.07
2025-12-29,Store_013,107.35,2059.87
2025-12-29,Store_014,133.43,2423.34
2025-12-29,Store_015,103.63,2221.8
2025-12-29,Store_016,71.93,1523.05
2025-12-29,Store_017,84.28,1594.37
2025-12-29,Store_018,88.74,1819.29
2025-12-29,Store_019,71.29,1428.68
2025-12-29,Store_020,111.36,2183.99
2025-12-30,Store_001,150.88,3169.8
2025-12-30,Store_002,126.89,2607.29
2025-12-30,Store_003,147.54,3185.07
2025-12-30,Store_004,78.65,1394.04
2025-12-30,Store_005,115.36,2297.82
2025-12-30,Store_006,100.99,2135.42
2025-12-30,Store_007,83.14,1702.38
2025-12-30,Store_008,133.17,2796.78
2025-12-30,Store_009,113.76,2064.84
2025-12-30,Store_010,72.01,1492.0
2025-12-30,Store_011,74.09,1337.51
2025-12-30,Store_012,138.27,2546.0
2025-12-30,Store_013,153.23,3184.33
2025-12-30,Store_014,141.41,2430.83
2025-12-30,Store_015,120.99,2654.15
2025-12-30,Store_016,128.4,2203.65
2025-12-30,Store_017,112.21,2149.58
2025-12-30,Store_018,96.09,2082.22
2025-12-30,Store_019,109.64,2062.19
2025-12-30,Store_020,100.4,1719.65
2025-12-31,Store_001,127.91,2311.29
2025-12-31,Store_002,115.12,2288.89
2025-12-31,Store_003,148.82,2690.78
2025-12-31,Store_004,122.01,2101.8
2025-12-31,Store_005,80.31,1693.05
2025-12-31,Store_006,91.94,1668.52
2025-12-31,Store_007,110.35,2006.93
2025-12-31,Store_008,136.3,2661.87
2025-12-31,Store_009,72.53,1378.35
2025-12-31,Store_010,111.32,1948.04
2025-12-31,Store_011,121.66,2601.39
2025-12-31,Store_012,130.03,2217.53
2025-12-31,Store_013,55.6,1082.35
2025-12-31,Store_014,149.49,2567.84
2025-12-31,Store_015,85.76,1802.81
2025-12-31,Store_016,99.13,1835.1
2025-12-31,Store_017,147.52,2636.79
2025-12-31,Store_018,110.52,1892.0
2025-12-31,Store_019,101.09,1761.27
2025-12-31,Store_020,81.99,1535.36
2026-01-01,Store_001,104.86,1869.45
2026-01-01,Store_002,164.12,3301.31
2026-01-01,Store_003,103.18,2035.2
2026-01-01,Store_004,133.8,2525.59
2026-01-01,Store_005,125.6,2694.79
2026-01-01,Store_006,131.51,2609.99
2026-01-01,Store_007,102.78,1956.54
2026-01-01,Store_008,107.47,2352.04
2026-01-01,Store_009,120.27,2125.94
2026-01-01,Store_010,112.21,2317.54
2026-01-01,Store_011,122.91,2414.39
2026-01-01,Store_012,143.59,2913.42
2026-01-01,Store_013,130.15,2556.83
2026-01-01,Store_014,121.17,2494.91
2026-01-01,Store_015,104.55,2148.11
2026-01-01,Store_016,123.94,2361.96
2026-01-01,Store_017,111.82,2223.2
2026-01-01,Store_018,63.16,1099.73
2026-01-01,Store_019,128.01,2536.53
2026-01-01,Store_020,125.46,2384.3
2026-01-02,Store_001,67.48,1353.4
2026-01-02,Store_002,87.66,1637.19
2026-01-02,Store_003,159.66,3434.79
2026-01-02,Store_004,96.34,1944.1
2026-01-02,Store_005,150.56,2644.76
2026-01-02,Store_006,106.26,1945.24
2026-01-02,Store_007,119.9,2528.42
2026-01-02,Store_008,86.77,1657.54
2026-01-02,Store_009,138.54,2538.67
2026-01-02,Store_010,100.27,2187.11
2026-01-02,Store_011,120.74,2559.56
2026-01-02,Store_012,86.74,1858.43
2026-01-02,Store_013,108.84,2239.98
2026-01-02,Store_014,117.38,2499.94
2026-01-02,Store_015,134.24,2800.25
2026-01-02,Store_016,101.1,1979.26
2026-01-02,Store_017,111.14,2363.42
2026-01-02,Store_018,111.07,2399.48
2026-01-02,Store_019,104.11,1874.0
2026-01-02,Store_020,108.04,1998.51
2026-01-03,Store_001,142.25,2917.98
2026-01-03,Store_002,119.28,2602.34
2026-01-03,Store_003,122.66,2313.76
2026-01-03,Store_004,122.47,2547.17
2026-01-03,Store_005,119.84,2051.17
2026-01-03,Store_006,137.2,2960.81
2026-01-03,Store_007,124.04,2203.34
2026-01-03,Store_008,167.86,3215.97
2026-01-03,Store_009,84.63,1518.82
2026-01-03,Store_010,211.94,4600.13
2026-01-03,Store_011,122.1,2655.64
2026-01-03,Store_012,93.79,1786.45
2026-01-03,Store_013,131.48,2353.33
2026-01-03,Store_014,135.69,2836.41
2026-01-03,Store_015,130.37,2684.15
2026-01-03,Store_016,154.68,3373.29
2026-01-03,Store_017,160.24,3007.05
2026-01-03,Store_018,126.52,2273.26
2026-01-03,Store_019,175.81,3500.5
2026-01-03,Store_020,135.13,2423.45
2026-01-04,Store_001,111.68,2293.73
2026-01-04,Store_002,122.06,2127.62
2026-01-04,Store_003,132.5,2277.25
2026-01-04,Store_004,133.93,2454.41
2026-01-04,Store_005,126.42,2730.15
2026-01-04,Store_006,163.11,3127.01
2026-01-04,Store_007,182.1,3664.97
2026-01-04,Store_008,156.07,3025.67
2026-01-04,Store_009,104.94,1929.55
2026-01-04,Store_010,71.84,1553.05
2026-01-04,Store_011,164.64,3298.98
2026-01-04,Store_012,166.68,3489.55
2026-01-04,Store_013,198.34,4232.4
2026-01-04,Store_014,128.93,2555.19
2026-01-04,Store_015,139.92,2869.29
2026-01-04,Store_016,108.88,2010.93
2026-01-04,Store_017,177.46,3070.09
2026-01-04,Store_018,176.41,3461.18
2026-01-04,Store_019,180.75,3474.86
2026-01-04,Store_020,145.51,2769.41
2026-01-05,Store_001,54.98,1102.38
2026-01-05,Store_002,102.36,1761.98
2026-01-05,Store_003,50.0,1059.25
2026-01-05,Store_004,116.66,2135.38
2026-01-05,Store_005,137.35,2823.39
2026-01-05,Store_006,50.0,888.85
2026-01-05,Store_007,122.44,2123.82
2026-01-05,Store_008,143.46,2980.11
2026-01-05,Store_009,105.31,2159.27
2026-01-05,Store_010,113.75,2393.8
2026-01-05,Store_011,136.34,2912.33
2026-01-05,Store_012,169.1,3714.52
2026-01-05,Store_013,103.06,2113.88
2026-01-05,Store_014,131.77,2293.09
2026-01-05,Store_015,111.12,2164.82
2026-01-05,Store_016,126.04,2739.73
2026-01-05,Store_017,91.44,1728.11
2026-01-05,Store_018,93.48,2035.37
2026-01-05,Store_019,134.43,2441.49
2026-01-05,Store_020,85.55,1675.4
2026-01-06,Store_001,131.15,2690.22
2026-01-06,Store_002,77.31,1420.01
2026-01-06,Store_003,78.71,1693.51
2026-01-06,Store_004,111.46,2307.4
2026-01-06,Store_005,123.98,2492.69
2026-01-06,Store_006,117.64,2501.14
2026-01-06,Store_007,69.24,1471.82
2026-01-06,Store_008,97.29,1999.41
2026-01-06,Store_009,50.0,1062.57
2026-01-06,Store_010,86.75,1688.58
2026-01-06,Store_011,127.65,2674.38
2026-01-06,Store_012,105.46,1852.21
2026-01-06,Store_013,169.19,3619.9
2026-01-06,Store_014,120.11,2411.52
2026-01-06,Store_015,119.99,2303.31
2026-01-06,Store_016,125.46,2699.96
2026-01-06,Store_017,127.23,2293.94
2026-01-06,Store_018,106.09,1907.06
2026-01-06,Store_019,130.92,2251.64
2026-01-06,Store_020,75.06,1615.63
2026-01-07,Store_001,84.25,1683.94
2026-01-07,Store_002,140.07,2999.46
2026-01-07,Store_003,113.42,2059.29
2026-01-07,Store_004,146.98,2766.67
2026-01-07,Store_005,133.35,2790.06
2026-01-07,Store_006,124.09,2713.13
2026-01-07,Store_007,102.9,1869.2
2026-01-07,Store_008,172.93,2962.05
2026-01-07,Store_009,101.61,2111.32
2026-01-07,Store_010,93.21,1862.12
2026-01-07,Store_011,75.36,1468.47
2026-01-07,Store_012,100.34,1941.95
2026-01-07,Store_013,74.31,1296.49
2026-01-07,Store_014,122.79,2386.9
2026-01-07,Store_015,60.89,1246.75
2026-01-07,Store_016,100.29,1721.71
2026-01-07,Store_017,158.74,3290.08
2026-01-07,Store_018,150.12,2567.01
2026-01-07,Store_019,71.26,1342.91
2026-01-07,Store_020,113.36,1980.16
2026-01-08,Store_001,107.13,1996.14
2026-01-08,Store_002,69.54,1427.96
2026-01-08,Store_003,91.05,1549.94
2026-01-08,Store_004,99.6,2077.3
2026-01-08,Store_005,124.16,2501.15
2026-01-08,Store_006,82.87,1594.66
2026-01-08,Store_007,126.32,2340.35
2026-01-08,Store_008,104.75,1964.14
2026-01-08,Store_009,110.43,1887.84
2026-01-08,Store_010,108.21,2336.4
2026-01-08,Store_011,153.0,3318.09
2026-01-08,Store_012,67.21,1227.19
2026-01-08,Store_013,50.0,902.47
2026-01-08,Store_014,115.62,2538.18
2026-01-08,Store_015,77.31,1356.55
2026-01-08,Store_016,116.81,2486.8
2026-01-08,Store_017,125.53,2647.51
2026-01-08,Store_018,111.67,2449.72
2026-01-08,Store_019,97.37,1941.34
2026-01-08,Store_020,111.06,2216.39
2026-01-09,Store_001,118.87,2555.74
2026-01-09,Store_002,127.27,2498.48
2026-01-09,Store_003,71.82,1573.31
2026-01-09,Store_004,72.42,1409.07
2026-01-09,Store_005,82.07,1728.52
2026-01-09,Store_006,135.06,2434.31
2026-01-09,Store_007,93.73,2050.74
2026-01-09,Store_008,65.47,1348.62
2026-01-09,Store_009,62.26,1090.34
2026-01-09,Store_010,153.59,3086.89
2026-01-09,Store_011,141.97,2878.46
2026-01-09,Store_012,146.35,3210.16
2026-01-09,Store_013,127.89,2487.43
2026-01-09,Store_014,124.94,2362.19
2026-01-09,Store_015,115.98,2362.38
2026-01-09,Store_016,123.47,2526.95
2026-01-09,Store_017,132.79,2482.68
2026-01-09,Store_018,96.8,1946.18
2026-01-09,Store_019,87.21,1704.74
2026-01-09,Store_020,114.12,2225.44
2026-01-10,Store_001,94.37,1651.57
2026-01-10,Store_002,137.09,2418.47
2026-01-10,Store_003,117.69,2192.49
2026-01-10,Store_004,171.81,3567.97
2026-01-10,Store_005,126.39,2528.06
2026-01-10,Store_006,149.13,2807.94
2026-01-10,Store_007,103.39,2113.52
2026-01-10,Store_008,100.84,2104.31
2026-01-10,Store_009,124.88,2203.71
2026-01-10,Store_010,125.99,2652.48
2026-01-10,Store_011,160.12,2918.08
2026-01-10,Store_012,140.95,2906.59
2026-01-10,Store_013,174.82,3839.73
2026-01-10,Store_014,118.98,2380.93
2026-01-10,Store_015,98.94,1928.1
2026-01-10,Store_016,126.84,2689.78
2026-01-10,Store_017,163.73,3428.62
2026-01-10,Store_018,165.86,3258.96
2026-01-10,Store_019,90.63,1852.67
2026-01-10,Store_020,193.62,4142.06
2026-01-11,Store_001,94.31,2048.38
2026-01-11,Store_002,153.11,3033.1
2026-01-11,Store_003,137.97,2634.82
2026-01-11,Store_004,96.41,1828.25
2026-01-11,Store_005,119.02,2395.57
2026-01-11,Store_006,120.51,2125.04
2026-01-11,Store_007,138.44,2470.53
2026-01-11,Store_008,169.23,2944.78
2026-01-11,Store_009,180.66,3833.99
2026-01-11,Store_010,139.71,2719.76
2026-01-11,Store_011,101.96,1944.63
2026-01-11,Store_012,147.96,2695.72
2026-01-11,Store_013,162.14,3373.87
2026-01-11,Store_014,117.92,2215.23
2026-01-11,Store_015,110.27,2361.46
2026-01-11,Store_016,137.48,2497.67
2026-01-11,Store_017,137.76,2653.29
2026-01-11,Store_018,185.66,3226.68
2026-01-11,Store_019,89.47,1835.98
2026-01-11,Store_020,117.48,2254.55
2026-01-12,Store_001,106.49,2173.84
2026-01-12,Store_002,61.6,1190.75
2026-01-12,Store_003,100.58,1802.43
2026-01-12,Store_004,150.83,2667.82
2026-01-12,Store_005,113.3,2395.47
2026-01-12,Store_006,133.47,2889.65
2026-01-12,Store_007,110.35,2239.56
2026-01-12,Store_008,102.66,1964.09
2026-01-12,Store_009,133.7,2737.6
2026-01-12,Store_010,86.6,1787.75
2026-01-12,Store_011,86.2,1865.53
2026-01-12,Store_012,105.1,1842.97
2026-01-12,Store_013,112.58,2364.34
2026-01-12,Store_014,150.41,3035.61
2026-01-12,Store_015,133.05,2704.64
2026-01-12,Store_016,104.08,2200.29
2026-01-12,Store_017,136.66,2466.55
2026-01-12,Store_018,62.95,1233.88
2026-01-12,Store_019,104.59,2016.15
2026-01-12,Store_020,108.8,2220.63
2026-01-13,Store_001,74.98,1311.43
2026-01-13,Store_002,130.67,2399.08
2026-01-13,Store_003,115.97,2469.11
2026-01-13,Store_004,92.3,2011.2
2026-01-13,Store_005,131.66,2281.35
2026-01-13,Store_006,118.91,2286.83
2026-01-13,Store_007,142.69,2616.4
2026-01-13,Store_008,108.54,1946.88
2026-01-13,Store_009,125.35,2721.64
2026-01-13,Store_010,99.51,1990.65
2026-01-13,Store_011,94.91,1788.62
2026-01-13,Store_012,164.18,3233.81
2026-01-13,Store_013,107.22,2345.51
2026-01-13,Store_014,133.67,2825.57
2026-01-13,Store_015,116.24,2402.24
2026-01-13,Store_016,116.25,2261.29
2026-01-13,Store_017,132.97,2600.06
2026-01-13,Store_018,107.39,2234.3
2026-01-13,Store_019,78.02,1553.12
2026-01-13,Store_020,153.32,2834.98
2026-01-14,Store_001,141.75,2730.71
2026-01-14,Store_002,116.73,2436.27
2026-01-14,Store_003,88.74,1541.92
2026-01-14,Store_004,116.32,2328.71
2026-01-14,Store_005,153.85,2787.55
2026-01-14,Store_006,128.61,2215.35
2026-01-14,Store_007,106.95,2055.28
2026-01-14,Store_008,69.41,1271.57
2026-01-14,Store_009,71.13,1348.87
2026-01-14,Store_010,122.52,2229.15
2026-01-14,Store_011,90.96,1585.16
2026-01-14,Store_012,83.41,1739.5
2026-01-14,Store_013,119.41,2542.68
2026-01-14,Store_014,95.33,1840.42
2026-01-14,Store_015,110.77,2339.93
2026-01-14,Store_016,98.77,2066.06
2026-01-14,Store_017,115.27,2160.23
2026-01-14,Store_018,89.56,1628.44
2026-01-14,Store_019,140.96,3017.23
2026-01-14,Store_020,159.94,3228.51
2026-01-15,Store_001,95.3,1983.3
2026-01-15,Store_002,79.54,1427.98
2026-01-15,Store_003,98.94,1905.09
2026-01-15,Store_004,146.46,3042.13
2026-01-15,Store_005,135.42,2372.29
2026-01-15,Store_006,119.5,2348.07
2026-01-15,Store_007,90.91,1875.09
2026-01-15,Store_008,137.4,2971.32
2026-01-15,Store_009,99.44,2186.57
2026-01-15,Store_010,96.05,2019.65
2026-01-15,Store_011,115.39,2230.42
2026-01-15,Store_012,90.15,1722.05
2026-01-15,Store_013,148.58,3200.64
2026-01-15,Store_014,130.06,2687.44
2026-01-15,Store_015,141.53,2430.94
2026-01-15,Store_016,90.3,1773.1
2026-01-15,Store_017,104.54,1991.43
2026-01-15,Store_018,129.77,2441.75
2026-01-15,Store_019,109.23,1991.5
2026-01-15,Store_020,61.88,1295.63
2026-01-16,Store_001,94.74,1885.01
2026-01-16,Store_002,114.21,2114.93
2026-01-16,Store_003,123.32,2485.56
2026-01-16,Store_004,98.38,1830.91
2026-01-16,Store_005,167.84,3190.5
2026-01-16,Store_006,77.78,1396.77
2026-01-16,Store_007,120.96,2620.18
2026-01-16,Store_008,153.94,3070.27
2026-01-16,Store_009,133.53,2421.04
2026-01-16,Store_010,91.64,1589.88
2026-01-16,Store_011,104.98,2164.36
2026-01-16,Store_012,107.4,1929.02
2026-01-16,Store_013,85.01,1682.59
2026-01-16,Store_014,100.63,1872.85
2026-01-16,Store_015,120.66,2183.12
2026-01-16,Store_016,93.4,2024.7
2026-01-16,Store_017,106.11,1930.05
2026-01-16,Store_018,119.66,2399.04
2026-01-16,Store_019,92.99,1844.89
2026-01-16,Store_020,105.65,1865.5
2026-01-17,Store_001,146.09,2875.24
2026-01-17,Store_002,188.98,3886.71
2026-01-17,Store_003,150.01,2574.16
2026-01-17,Store_004,132.01,2732.82
2026-01-17,Store_005,62.5,1098.84
2026-01-17,Store_006,124.12,2349.97
2026-01-17,Store_007,76.71,1461.22
2026-01-17,Store_008,94.18,1924.43
2026-01-17,Store_009,93.11,1923.21
2026-01-17,Store_010,163.65,3176.67
2026-01-17,Store_011,170.09,3518.27
2026-01-17,Store_012,130.78,2788.29
2026-01-17,Store_013,127.39,2604.55
2026-01-17,Store_014,226.5,4853.2
2026-01-17,Store_015,136.17,2824.0
2026-01-17,Store_016,163.04,3580.77
2026-01-17,Store_017,190.3,3245.94
2026-01-17,Store_018,104.55,2177.05
2026-01-17,Store_019,82.67,1444.07
2026-01-17,Store_020,144.58,2810.63
2026-01-18,Store_001,142.22,2544.52
2026-01-18,Store_002,155.02,2781.91
2026-01-18,Store_003,134.59,2567.61
2026-01-18,Store_004,164.08,2836.41
2026-01-18,Store_005,187.75,3358.49
2026-01-18,Store_006,143.83,2828.21
2026-01-18,Store_007,130.94,2581.22
2026-01-18,Store_008,113.09,2333.48
2026-01-18,Store_009,110.27,2336.02
2026-01-18,Store_010,127.13,2702.64
2026-01-18,Store_011,145.43,2947.55
2026-01-18,Store_012,91.19,1882.68
2026-01-18,Store_013,135.27,2649.3
2026-01-18,Store_014,104.78,1980.34
2026-01-18,Store_015,138.43,2991.43
2026-01-18,Store_016,124.79,2738.22
2026-01-18,Store_017,121.09,2202.82
2026-01-18,Store_018,122.1,2429.49
2026-01-18,Store_019,154.4,2803.17
2026-01-18,Store_020,157.57,3070.37
2026-01-19,Store_001,97.64,1703.57
2026-01-19,Store_002,100.41,1938.6
2026-01-19,Store_003,121.1,2196.55
2026-01-19,Store_004,68.92,1394.33
2026-01-19,Store_005,132.17,2886.3
2026-01-19,Store_006,125.42,2601.03
2026-01-19,Store_007,129.37,2292.08
2026-01-19,Store_008,114.52,2044.59
2026-01-19,Store_009,73.4,1580.63
2026-01-19,Store_010,117.37,2071.98
2026-01-19,Store_011,88.65,1921.15
2026-01-19,Store_012,128.84,2604.44
2026-01-19,Store_013,95.21,1865.87
2026-01-19,Store_014,112.43,2207.61
2026-01-19,Store_015,119.05,2218.95
2026-01-19,Store_016,105.94,1992.17
2026-01-19,Store_017,97.44,1995.15
2026-01-19,Store_018,89.52,1600.42
2026-01-19,Store_019,105.04,1988.16
2026-01-19,Store_020,140.4,2941.37
2026-01-20,Store_001,71.75,1369.96
2026-01-20,Store_002,125.46,2373.0
2026-01-20,Store_003,118.19,2593.06
2026-01-20,Store_004,89.78,1753.23
2026-01-20,Store_005,119.22,2496.78
2026-01-20,Store_006,100.01,1882.39
2026-01-20,Store_007,115.56,2334.08
2026-01-20,Store_008,136.04,2719.48
2026-01-20,Store_009,92.4,1631.07
2026-01-20,Store_010,108.91,2369.23
2026-01-20,Store_011,101.51,1749.41
2026-01-20,Store_012,135.86,2503.26
2026-01-20,Store_013,156.21,2798.51
2026-01-20,Store_014,165.13,3278.96
2026-01-20,Store_015,132.68,2914.16
2026-01-20,Store_016,127.74,2540.33
2026-01-20,Store_017,62.74,1220.28
2026-01-20,Store_018,79.0,1656.24
2026-01-20,Store_019,135.27,2660.46
2026-01-20,Store_020,67.2,1210.31
2026-01-21,Store_001,67.11,1447.17
2026-01-21,Store_002,110.42,2153.25
2026-01-21,Store_003,122.03,2239.57
2026-01-21,Store_004,96.46,2040.21
2026-01-21,Store_005,102.34,1851.09
2026-01-21,Store_006,105.13,1963.76
2026-01-21,Store_007,111.18,2290.29
2026-01-21,Store_008,64.74,1151.25
2026-01-21,Store_009,91.94,2013.9
2026-01-21,Store_010,93.8,2046.59
2026-01-21,Store_011,134.62,2496.85
2026-01-21,Store_012,73.26,1459.2
2026-01-21,Store_013,100.18,1832.98
2026-01-21,Store_014,117.82,2160.61
2026-01-21,Store_015,124.66,2174.83
2026-01-21,Store_016,102.42,1838.27
2026-01-21,Store_017,50.0,1085.72
2026-01-21,Store_018,106.58,2070.23
2026-01-21,Store_019,81.16,1426.32
2026-01-21,Store_020,114.27,2112.71
2026-01-22,Store_001,105.99,2282.25
2026-01-22,Store_002,111.44,2171.5
2026-01-22,Store_003,151.33,2683.06
2026-01-22,Store_004,99.95,2119.85
2026-01-22,Store_005,115.76,2174.23
2026-01-22,Store_006,115.7,1970.89
2026-01-22,Store_007,132.79,2490.3
2026-01-22,Store_008,115.09,2118.01
2026-01-22,Store_009,124.6,2561.89
2026-01-22,Store_010,50.27,877.77
2026-01-22,Store_011,184.75,4001.62
2026-01-22,Store_012,90.56,1748.48
2026-01-22,Store_013,131.0,2786.29
2026-01-22,Store_014,78.94,1730.36
2026-01-22,Store_015,81.66,1560.14
2026-01-22,Store_016,195.74,4138.01
2026-01-22,Store_017,120.66,2207.49
2026-01-22,Store_018,165.55,2993.08
2026-01-22,Store_019,141.91,3090.32
2026-01-22,Store_020,84.9,1629.26
2026-01-23,Store_001,101.91,2028.74
2026-01-23,Store_002,137.19,3004.51
2026-01-23,Store_003,98.07,1970.6
2026-01-23,Store_004,57.44,1153.08
2026-01-23,Store_005,78.01,1441.31
2026-01-23,Store_006,131.23,2454.53
2026-01-23,Store_007,86.21,1777.05
2026-01-23,Store_008,123.83,2221.86
2026-01-23,Store_009,112.36,1945.78
2026-01-23,Store_010,88.0,1552.1
2026-01-23,Store_011,93.94,1999.68
2026-01-23,Store_012,91.31,1807.3
2026-01-23,Store_013,72.56,1393.12
2026-01-23,Store_014,156.21,3056.33
2026-01-23,Store_015,99.61,1749.42
2026-01-23,Store_016,101.63,2059.23
2026-01-23,Store_017,50.0,1068.82
2026-01-23,Store_018,105.99,2039.77
2026-01-23,Store_019,96.65,2107.93
2026-01-23,Store_020,82.27,1759.09
2026-01-24,Store_001,191.04,3968.97
2026-01-24,Store_002,108.21,2210.54
2026-01-24,Store_003,136.54,2699.55
2026-01-24,Store_004,102.55,2172.13
2026-01-24,Store_005,118.96,2352.28
2026-01-24,Store_006,112.34,1917.37
2026-01-24,Store_007,169.18,2876.96
2026-01-24,Store_008,144.49,2742.4
2026-01-24,Store_009,139.33,2856.42
2026-01-24,Store_010,137.66,2361.28
2026-01-24,Store_011,145.21,3177.03
2026-01-24,Store_012,122.55,2611.32
2026-01-24,Store_013,138.28,2409.19
2026-01-24,Store_014,115.96,2416.58
2026-01-24,Store_015,143.4,3090.36
2026-01-24,Store_016,100.9,1743.77
2026-01-24,Store_017,151.18,3010.71
2026-01-24,Store_018,163.4,3184.92
2026-01-24,Store_019,101.16,2091.05
2026-01-24,Store_020,98.94,1719.29
2026-01-25,Store_001,132.6,2609.97
2026-01-25,Store_002,111.51,1974.78
2026-01-25,Store_003,134.96,2649.25
2026-01-25,Store_004,106.69,2165.35
2026-01-25,Store_005,186.14,4089.67
2026-01-25,Store_006,114.87,2369.9
2026-01-25,Store_007,62.5,1351.19
2026-01-25,Store_008,137.87,3001.77
2026-01-25,Store_009,107.19,1837.12
2026-01-25,Store_010,211.33,4425.21
2026-01-25,Store_011,145.98,2558.51
2026-01-25,Store_012,153.45,3184.5
2026-01-25,Store_013,62.5,1135.8
2026-01-25,Store_014,154.03,2892.88
2026-01-25,Store_015,168.68,3025.04
2026-01-25,Store_016,78.25,1396.69
2026-01-25,Store_017,112.97,1971.42
2026-01-25,Store_018,179.6,3135.75
2026-01-25,Store_019,190.78,3645.59
2026-01-25,Store_020,128.6,2723.94
2026-01-26,Store_001,87.83,1560.26
2026-01-26,Store_002,86.5,1700.5
2026-01-26,Store_003,92.76,1748.78
2026-01-26,Store_004,96.95,1944.1
2026-01-26,Store_005,121.96,2649.99
2026-01-26,Store_006,143.5,2479.69
2026-01-26,Store_007,110.9,2325.57
2026-01-26,Store_008,80.77,1611.38
2026-01-26,Store_009,86.6,1784.88
2026-01-26,Store_010,106.88,1915.25
2026-01-26,Store_011,150.66,2807.31
2026-01-26,Store_012,84.48,1755.34
2026-01-26,Store_013,96.01,2053.42
2026-01-26,Store_014,104.91,2109.42
2026-01-26,Store_015,106.4,2302.2
2026-01-26,Store_016,91.74,1891.75
2026-01-26,Store_017,86.98,1525.75
2026-01-26,Store_018,102.22,2036.43
2026-01-26,Store_019,86.14,1743.19
2026-01-26,Store_020,86.96,1910.41
2026-01-27,Store_001,70.5,1262.12
2026-01-27,Store_002,144.07,2948.62
2026-01-27,Store_003,112.89,2249.68
2026-01-27,Store_004,121.64,2644.27
2026-01-27,Store_005,146.6,2755.77
2026-01-27,Store_006,147.65,2744.24
2026-01-27,Store_007,87.26,1916.05
2026-01-27,Store_008,111.4,2295.12
2026-01-27,Store_009,120.7,2496.38
2026-01-27,Store_010,82.02,1475.18
2026-01-27,Store_011,127.57,2670.46
2026-01-27,Store_012,153.35,2878.69
2026-01-27,Store_013,87.99,1770.65
2026-01-27,Store_014,87.6,1878.92
2026-01-27,Store_015,125.25,2488.66
2026-01-27,Store_016,72.24,1498.3
2026-01-27,Store_017,73.89,1501.27
2026-01-27,Store_018,107.7,1918.96
2026-01-27,Store_019,87.11,1908.5
2026-01-27,Store_020,93.28,1824.08
2026-01-28,Store_001,106.21,2093.1
2026-01-28,Store_002,90.65,1664.99
2026-01-28,Store_003,133.59,2772.28
2026-01-28,Store_004,93.55,1714.58
2026-01-28,Store_005,74.35,1609.62
2026-01-28,Store_006,84.62,1800.95
2026-01-28,Store_007,79.15,1559.54
2026-01-28,Store_008,143.69,2686.53
2026-01-28,Store_009,77.95,1397.39
2026-01-28,Store_010,73.05,1392.13
2026-01-28,Store_011,131.71,2266.35
2026-01-28,Store_012,155.03,2974.21
2026-01-28,Store_013,131.84,2325.06
2026-01-28,Store_014,121.37,2185.74
2026-01-28,Store_015,75.98,1654.36
2026-01-28,Store_016,113.94,2417.82
2026-01-28,Store_017,104.52,2215.19
2026-01-28,Store_018,108.37,2275.99
2026-01-28,Store_019,117.89,2311.55
2026-01-28,Store_020,86.87,1477.63
2026-01-29,Store_001,146.52,2653.35
2026-01-29,Store_002,128.06,2439.37
2026-01-29,Store_003,125.64,2296.83
2026-01-29,Store_004,125.61,2351.74
2026-01-29,Store_005,111.0,1982.52
2026-01-29,Store_006,92.08,1625.33
2026-01-29,Store_007,140.26,2484.11
2026-01-29,Store_008,131.05,2748.06
2026-01-29,Store_009,106.7,2230.0
2026-01-29,Store_010,107.28,1834.88
2026-01-29,Store_011,112.33,2106.3
2026-01-29,Store_012,124.79,2202.49
2026-01-29,Store_013,108.57,1964.43
2026-01-29,Store_014,107.9,2066.81
2026-01-29,Store_015,88.58,1661.28
2026-01-29,Store_016,96.36,1978.68
2026-01-29,Store_017,114.56,2240.91
2026-01-29,Store_018,173.35,3591.91
2026-01-29,Store_019,120.83,2089.82
2026-01-29,Store_020,101.45,2108.63
2026-01-30,Store_001,87.82,1667.98
2026-01-30,Store_002,124.53,2719.03
2026-01-30,Store_003,105.46,1987.89
2026-01-30,Store_004,79.39,1390.7
2026-01-30,Store_005,92.95,1957.69
2026-01-30,Store_006,99.41,2153.79
2026-01-30,Store_007,86.81,1904.67
2026-01-30,Store_008,83.49,1788.54
2026-01-30,Store_009,83.85,1714.66
2026-01-30,Store_010,117.32,2429.96
2026-01-30,Store_011,87.69,1623.7
2026-01-30,Store_012,135.61,2983.32
2026-01-30,Store_013,100.51,1827.6
2026-01-30,Store_014,152.52,2753.68
2026-01-30,Store_015,87.85,1890.27
2026-01-30,Store_016,116.2,2422.4
2026-01-30,Store_017,74.47,1268.82
2026-01-30,Store_018,95.89,1840.25
2026-01-30,Store_019,80.32,1625.86
2026-01-30,Store_020,115.52,2471.77
2026-01-31,Store_001,92.63,1843.62
2026-01-31,Store_002,118.22,2458.38
2026-01-31,Store_003,96.99,1678.21
2026-01-31,Store_004,141.0,2633.23
2026-01-31,Store_005,117.74,2451.76
2026-01-31,Store_006,105.92,2045.88
2026-01-31,Store_007,103.41,1970.97
2026-01-31,Store_008,145.51,2834.78
2026-01-31,Store_009,209.56,4442.44
2026-01-31,Store_010,119.28,2100.17
2026-01-31,Store_011,65.0,1147.95
2026-01-31,Store_012,108.12,1992.11
2026-01-31,Store_013,143.84,3038.01
2026-01-31,Store_014,101.75,1868.67
2026-01-31,Store_015,216.54,4411.05
2026-01-31,Store_016,110.68,1936.85
2026-01-31,Store_017,116.23,2162.97
2026-01-31,Store_018,103.9,2027.91
2026-01-31,Store_019,209.96,4196.75
2026-01-31,Store_020,192.5,3944.7
2026-02-01,Store_001,152.26,2756.72
2026-02-01,Store_002,137.62,2999.5
2026-02-01,Store_003,159.07,3237.43
2026-02-01,Store_004,131.8,2460.45
2026-02-01,Store_005,188.02,3444.53
2026-02-01,Store_006,122.69,2120.56
2026-02-01,Store_007,152.64,3064.32
2026-02-01,Store_008,147.8,2990.22
2026-02-01,Store_009,171.77,3340.6
2026-02-01,Store_010,152.14,2823.8
2026-02-01,Store_011,103.84,1779.76
2026-02-01,Store_012,138.66,2744.51
2026-02-01,Store_013,97.71,2142.33
2026-02-01,Store_014,72.84,1517.45
2026-02-01,Store_015,129.75,2455.28
2026-02-01,Store_016,115.57,2155.07
2026-02-01,Store_017,110.0,2310.8
2026-02-01,Store_018,113.21,2290.56
2026-02-01,Store_019,98.81,1843.95
2026-02-01,Store_020,169.25,2888.38
2026-02-02,Store_001,121.23,2278.32
2026-02-02,Store_002,72.61,1343.99
2026-02-02,Store_003,131.64,2435.37
2026-02-02,Store_004,114.24,2141.07
2026-02-02,Store_005,149.43,2670.73
2026-02-02,Store_006,87.41,1802.51
2026-02-02,Store_007,138.87,2714.99
2026-02-02,Store_008,120.53,2335.33
2026-02-02,Store_009,135.48,2645.07
2026-02-02,Store_010,111.17,2243.21
2026-02-02,Store_011,131.2,2613.94
2026-02-02,Store_012,97.58,2092.09
2026-02-02,Store_013,85.04,1615.69
2026-02-02,Store_014,84.64,1581.9
2026-02-02,Store_015,144.17,2920.73
2026-02-02,Store_016,84.27,1599.6
2026-02-02,Store_017,77.48,1647.0
2026-02-02,Store_018,122.8,2445.55
2026-02-02,Store_019,114.89,2362.1
2026-02-02,Store_020,86.43,1718.05
2026-02-03,Store_001,103.99,1848.35
2026-02-03,Store_002,131.04,2255.46
2026-02-03,Store_003,91.09,1900.56
2026-02-03,Store_004,112.44,2122.82
2026-02-03,Store_005,107.05,2172.36
2026-02-03,Store_006,87.62,1718.59
2026-02-03,Store_007,96.71,2011.83
2026-02-03,Store_008,100.96,2014.93
2026-02-03,Store_009,97.56,1871.22
2026-02-03,Store_010,139.28,2542.64
2026-02-03,Store_011,136.88,2553.88
2026-02-03,Store_012,130.52,2345.9
2026-02-03,Store_013,82.93,1735.88
2026-02-03,Store_014,80.29,1403.51
2026-02-03,Store_015,92.83,1732.46
2026-02-03,Store_016,113.58,1938.52
2026-02-03,Store_017,59.86,1239.49
2026-02-03,Store_018,102.94,2002.0
2026-02-03,Store_019,87.41,1910.66
2026-02-03,Store_020,124.62,2208.97
2026-02-04,Store_001,111.02,2311.24
2026-02-04,Store_002,121.03,2534.98
2026-02-04,Store_003,108.65,2172.97
2026-02-04,Store_004,151.9,2944.64
2026-02-04,Store_005,93.68,1957.52
2026-02-04,Store_006,110.44,2227.1
2026-02-04,Store_007,86.48,1684.84
2026-02-04,Store_008,127.58,2178.72
2026-02-04,Store_009,65.34,1343.7
2026-02-04,Store_010,106.22,2144.63
2026-02-04,Store_011,110.64,2228.73
2026-02-04,Store_012,99.86,1990.83
2026-02-04,Store_013,107.87,1910.12
2026-02-04,Store_014,89.17,1652.5
2026-02-04,Store_015,158.93,2747.61
2026-02-04,Store_016,130.9,2619.6
2026-02-04,Store_017,100.92,2025.85
2026-02-04,Store_018,137.09,2821.2
2026-02-04,Store_019,65.02,1207.4
2026-02-04,Store_020,130.21,2337.2
2026-02-05,Store_001,120.75,2236.14
2026-02-05,Store_002,127.25,2194.81
2026-02-05,Store_003,97.38,1767.05
2026-02-05,Store_004,87.22,1702.87
2026-02-05,Store_005,107.63,2055.94
2026-02-05,Store_006,100.46,1778.3
2026-02-05,Store_007,89.72,1782.27
2026-02-05,Store_008,111.84,2341.97
2026-02-05,Store_009,93.73,1775.03
2026-02-05,Store_010,79.56,1699.95
2026-02-05,Store_011,133.21,2910.62
2026-02-05,Store_012,118.54,2100.11
2026-02-05,Store_013,126.7,2237.38
2026-02-05,Store_014,166.43,2908.77
2026-02-05,Store_015,157.45,3346.86
2026-02-05,Store_016,100.18,2115.03
2026-02-05,Store_017,102.59,1874.98
2026-02-05,Store_018,115.74,2242.77
2026-02-05,Store_019,130.22,2573.82
2026-02-05,Store_020,78.29,1459.2
2026-02-06,Store_001,90.9,1560.48
2026-02-06,Store_002,147.47,2740.6
2026-02-06,Store_003,84.06,1664.3
2026-02-06,Store_004,113.34,2389.17
2026-02-06,Store_005,111.92,1992.07
2026-02-06,Store_006,87.54,1559.9
2026-02-06,Store_007,131.43,2386.54
2026-02-06,Store_008,120.08,2509.53
2026-02-06,Store_009,122.34,2102.78
2026-02-06,Store_010,94.22,1618.29
2026-02-06,Store_011,120.29,2514.53
2026-02-06,Store_012,95.8,1920.2
2026-02-06,Store_013,95.85,1798.64
2026-02-06,Store_014,152.15,2823.7
2026-02-06,Store_015,97.63,1879.08
2026-02-06,Store_016,104.29,1910.1
2026-02-06,Store_017,139.79,2675.09
2026-02-06,Store_018,103.93,2165.57
2026-02-06,Store_019,115.41,2481.49
2026-02-06,Store_020,113.55,2474.73
2026-02-07,Store_001,159.08,2970.68
2026-02-07,Store_002,170.28,3367.29
2026-02-07,Store_003,62.5,1190.99
2026-02-07,Store_004,131.3,2861.18
2026-02-07,Store_005,151.04,3119.08
2026-02-07,Store_006,139.88,2660.84
2026-02-07,Store_007,69.88,1423.95
2026-02-07,Store_008,147.66,2808.99
2026-02-07,Store_009,151.28,2936.18
2026-02-07,Store_010,123.92,2295.81
2026-02-07,Store_011,123.02,2200.06
2026-02-07,Store_012,131.13,2643.75
2026-02-07,Store_013,137.82,2756.91
2026-02-07,Store_014,89.48,1886.82
2026-02-07,Store_015,105.23,1969.18
2026-02-07,Store_016,146.79,2780.64
2026-02-07,Store_017,145.69,3031.2
2026-02-07,Store_018,147.51,2839.56
2026-02-07,Store_019,93.12,1925.94
2026-02-07,Store_020,97.8,1714.6
2026-02-08,Store_001,135.5,2368.8
2026-02-08,Store_002,136.9,2940.63
2026-02-08,Store_003,95.99,1840.87
2026-02-08,Store_004,126.0,2581.73
2026-02-08,Store_005,85.51,1729.31
2026-02-08,Store_006,160.7,3513.72
2026-02-08,Store_007,151.11,2738.48
2026-02-08,Store_008,70.97,1493.11
2026-02-08,Store_009,75.09,1348.55
2026-02-08,Store_010,62.5,1063.23
2026-02-08,Store_011,128.93,2516.44
2026-02-08,Store_012,121.17,2213.82
2026-02-08,Store_013,138.86,2712.86
2026-02-08,Store_014,153.73,3376.57
2026-02-08,Store_015,126.62,2714.64
2026-02-08,Store_016,101.49,2095.2
2026-02-08,Store_017,130.96,2323.49
2026-02-08,Store_018,104.08,1916.87
2026-02-08,Store_019,100.95,1902.16
2026-02-08,Store_020,126.28,2678.73
2026-02-09,Store_001,122.2,2417.28
2026-02-09,Store_002,98.92,1971.49
2026-02-09,Store_003,93.66,1995.25
2026-02-09,Store_004,105.79,2252.32
2026-02-09,Store_005,90.44,1778.22
2026-02-09,Store_006,117.08,2381.37
2026-02-09,Store_007,75.72,1650.74
2026-02-09,Store_008,83.17,1465.86
2026-02-09,Store_009,111.86,1999.51
2026-02-09,Store_010,132.86,2769.57
2026-02-09,Store_011,99.58,1719.93
2026-02-09,Store_012,117.64,2086.25
2026-02-09,Store_013,140.13,2618.71
2026-02-09,Store_014,118.44,2258.64
2026-02-09,Store_015,74.31,1609.12
2026-02-09,Store_016,118.95,2030.19
2026-02-09,Store_017,137.23,2874.0
2026-02-09,Store_018,73.68,1544.14
2026-02-09,Store_019,134.55,2490.03
2026-02-09,Store_020,95.67,1801.71
2026-02-10,Store_001,128.55,2247.15
2026-02-10,Store_002,84.36,1767.5
2026-02-10,Store_003,98.13,1760.39
2026-02-10,Store_004,115.59,2205.72
2026-02-10,Store_005,114.5,2350.03
2026-02-10,Store_006,87.21,1661.23
2026-02-10,Store_007,96.06,1979.97
2026-02-10,Store_008,153.35,2884.65
2026-02-10,Store_009,149.22,2559.01
2026-02-10,Store_010,121.72,2077.91
2026-02-10,Store_011,163.11,3358.77
2026-02-10,Store_012,112.59,2269.86
2026-02-10,Store_013,177.79,3651.56
2026-02-10,Store_014,109.4,2177.15
2026-02-10,Store_015,50.0,1081.72
2026-02-10,Store_016,144.92,2770.19
2026-02-10,Store_017,125.61,2142.42
2026-02-10,Store_018,141.48,2508.23
2026-02-10,Store_019,105.14,2235.02
2026-02-10,Store_020,136.03,2327.15
