date,store_id,foot_traffic,transactions,net_sales,gross_profit,refund_amount,on_shelf_availability
2025-08-15,Store_001,561,148,4464.35,2056.33,60.38,0.893
2025-08-15,Store_002,249,74,3649.19,1644.44,23.02,0.943
2025-08-15,Store_003,433,87,4232.51,2048.55,45.92,0.952
2025-08-15,Store_004,540,143,7204.11,3355.23,65.45,0.9
2025-08-15,Store_005,842,187,5860.31,2685.11,42.55,0.971
2025-08-15,Store_006,452,74,2939.67,1593.42,52.13,0.886
2025-08-15,Store_007,537,129,5352.84,2735.08,56.51,0.93
2025-08-15,Store_008,622,189,9531.17,5411.03,155.21,0.918
2025-08-15,Store_009,703,209,8657.18,4881.43,110.01,0.94
2025-08-15,Store_010,290,80,5427.31,2528.33,105.95,0.925
2025-08-15,Store_011,599,163,11495.7,5850.8,81.63,0.904
2025-08-15,Store_012,657,184,6791.77,2925.89,98.9,0.903
2025-08-15,Store_013,588,157,11124.75,4785.06,120.09,0.913
2025-08-15,Store_014,358,84,5970.1,2546.92,93.5,0.89
2025-08-15,Store_015,335,79,5795.43,3080.84,114.72,0.893
2025-08-15,Store_016,217,56,2972.67,1429.07,15.11,0.953
2025-08-15,Store_017,293,79,5857.35,2612.94,109.71,0.913
2025-08-15,Store_018,959,379,26538.72,11293.57,236.28,0.862
2025-08-15,Store_019,400,59,1242.05,661.2,14.15,0.954
2025-08-15,Store_020,450,105,3907.46,2239.59,33.18,0.905
2025-08-16,Store_001,804,98,5894.74,2825.16,104.11,0.892
2025-08-16,Store_002,851,214,5691.6,2602.56,41.69,0.894
2025-08-16,Store_003,825,225,13259.1,6781.05,259.79,0.922
2025-08-16,Store_004,649,118,6194.58,3222.15,79.35,0.893
2025-08-16,Store_005,578,136,8323.09,3833.97,164.6,0.926
2025-08-16,Store_006,784,158,7111.46,3708.02,88.77,0.936
2025-08-16,Store_007,144,45,2554.69,1155.39,13.24,0.929
2025-08-16,Store_008,553,132,8042.47,4570.57,116.03,0.955
2025-08-16,Store_009,519,84,3610.67,2078.6,27.09,0.967
2025-08-16,Store_010,738,218,10193.02,5279.93,189.92,0.928
2025-08-16,Store_011,839,194,9952.75,4409.27,119.98,0.949
2025-08-16,Store_012,731,98,6703.65,3801.56,83.59,0.925
2025-08-16,Store_013,368,98,5233.07,3010.57,62.2,0.93
2025-08-16,Store_014,790,199,9086.6,4559.63,137.71,0.948
2025-08-16,Store_015,802,156,8479.4,3746.46,130.39,0.916
2025-08-16,Store_016,377,88,3369.53,1518.36,53.52,0.873
2025-08-16,Store_017,917,243,11849.99,5723.58,141.39,0.915
2025-08-16,Store_018,683,152,9755.0,4977.75,178.75,0.978
2025-08-16,Store_019,597,126,5048.57,2135.81,93.06,0.894
2025-08-16,Store_020,757,170,9609.77,4509.95,95.94,0.99
2025-08-17,Store_001,227,45,3147.47,1364.88,44.11,0.933
2025-08-17,Store_002,773,228,12109.92,6259.22,158.95,0.902
2025-08-17,Store_003,683,184,7775.28,4076.21,80.56,0.908
2025-08-17,Store_004,958,189,8270.62,4318.18,132.02,0.94
2025-08-17,Store_005,567,113,8325.23,4505.68,128.64,0.898
2025-08-17,Store_006,904,184,6856.28,3765.11,47.62,0.938
2025-08-17,Store_007,767,164,9667.81,4317.22,177.71,0.941
2025-08-17,Store_008,930,164,10468.07,5518.96,87.93,0.893
2025-08-17,Store_009,967,269,16140.88,9096.4,104.13,0.951
2025-08-17,Store_010,476,114,6887.17,3534.62,92.79,0.938
2025-08-17,Store_011,836,216,10448.47,4733.06,160.13,0.917
2025-08-17,Store_012,310,76,4591.22,2012.81,43.02,0.916
2025-08-17,Store_013,613,110,4325.54,2259.55,71.69,0.866
2025-08-17,Store_014,656,233,5369.17,2817.62,106.88,0.959
2025-08-17,Store_015,851,149,10718.74,6129.38,118.43,0.934
2025-08-17,Store_016,714,137,8208.88,3701.98,152.34,0.895
2025-08-17,Store_017,695,185,11930.91,5103.69,155.82,0.883
2025-08-17,Store_018,548,120,6147.09,3532.75,87.36,0.896
2025-08-17,Store_019,505,131,5650.57,2761.12,112.23,0.93
2025-08-17,Store_020,631,75,3467.02,1934.57,68.87,0.911
2025-08-18,Store_001,636,141,7779.2,3404.33,146.74,0.948
2025-08-18,Store_002,474,104,4858.48,2487.71,49.86,0.9
2025-08-18,Store_003,651,191,8435.45,4423.45,149.7,0.895
2025-08-18,Store_004,534,126,5934.31,2708.68,79.24,0.926
2025-08-18,Store_005,335,64,3986.19,1853.38,33.84,0.939
2025-08-18,Store_006,233,39,2131.01,1063.8,33.98,0.906
2025-08-18,Store_007,421,76,2118.75,1076.38,25.57,0.925
2025-08-18,Store_008,513,133,5962.51,2712.88,33.36,0.9
2025-08-18,Store_009,527,127,2286.0,1124.86,22.18,0.953
2025-08-18,Store_010,500,112,5503.29,3121.91,70.95,0.928
2025-08-18,Store_011,529,93,5360.76,3047.87,78.43,0.966
2025-08-18,Store_012,615,158,10889.82,4720.83,125.71,0.918
2025-08-18,Store_013,212,46,2178.81,974.64,22.59,0.972
2025-08-18,Store_014,518,87,4878.54,2211.03,35.3,0.926
2025-08-18,Store_015,592,75,3676.44,1999.95,49.85,0.908
2025-08-18,Store_016,493,172,8136.16,3565.13,74.53,0.945
2025-08-18,Store_017,702,162,9361.06,4935.36,49.63,0.887
2025-08-18,Store_018,379,74,5230.75,2675.69,91.52,0.854
2025-08-18,Store_019,597,155,10535.49,4824.5,63.26,0.885
2025-08-18,Store_020,587,123,8117.76,4521.47,153.88,0.892
2025-08-19,Store_001,426,98,5993.44,2852.25,70.48,0.908
2025-08-19,Store_002,247,69,4818.1,2527.58,36.54,0.919
2025-08-19,Store_003,376,64,3292.0,1457.03,25.86,0.896
2025-08-19,Store_004,412,83,5088.9,2232.92,56.92,0.907
2025-08-19,Store_005,462,132,6486.32,3066.1,99.89,0.904
2025-08-19,Store_006,117,28,1796.59,824.51,25.16,0.872
2025-08-19,Store_007,420,82,3472.35,1902.23,59.04,0.971
2025-08-19,Store_008,828,121,5221.16,2533.77,31.48,0.901
2025-08-19,Store_009,480,114,5542.61,2433.93,79.99,0.934
2025-08-19,Store_010,715,180,6720.37,3602.49,67.8,0.969
2025-08-19,Store_011,509,84,4714.85,2456.96,73.06,0.947
2025-08-19,Store_012,441,99,5888.43,3276.37,104.37,0.97
2025-08-19,Store_013,577,128,4336.4,2312.42,77.12,0.898
2025-08-19,Store_014,578,111,3753.21,1614.74,44.18,0.934
2025-08-19,Store_015,361,80,3325.76,1832.74,56.85,0.96
2025-08-19,Store_016,476,134,9666.93,4686.01,175.47,0.875
2025-08-19,Store_017,819,98,4336.26,2257.69,41.82,0.916
2025-08-19,Store_018,494,113,5506.76,2370.2,55.39,0.864
2025-08-19,Store_019,642,166,10820.39,5855.49,193.3,0.928
2025-08-19,Store_020,236,52,3207.25,1816.38,46.78,0.856
2025-08-20,Store_001,587,105,6039.74,3344.87,61.39,0.923
2025-08-20,Store_002,424,103,4383.2,2360.87,28.39,0.917
2025-08-20,Store_003,603,138,6446.46,3669.46,90.93,0.873
2025-08-20,Store_004,416,124,6453.62,3109.65,75.77,0.901
2025-08-20,Store_005,347,65,4219.68,2254.45,31.06,0.911
2025-08-20,Store_006,527,87,6055.59,2715.43,100.49,0.924
2025-08-20,Store_007,547,125,9028.46,4491.8,117.51,0.943
2025-08-20,Store_008,655,148,6438.21,3127.46,94.85,0.933
2025-08-20,Store_009,624,177,7426.69,3403.24,69.89,0.894
2025-08-20,Store_010,518,163,11295.75,5256.03,118.49,0.919
2025-08-20,Store_011,638,89,5323.1,2949.69,37.95,0.904
2025-08-20,Store_012,571,139,7085.42,3726.63,69.31,0.922
2025-08-20,Store_013,536,100,6464.86,2946.13,111.24,0.951
2025-08-20,Store_014,245,60,2013.92,1118.34,15.92,0.919
2025-08-20,Store_015,752,167,7469.55,3568.82,126.6,0.937
2025-08-20,Store_016,531,124,6090.0,2799.87,119.55,0.931
2025-08-20,Store_017,713,145,8480.64,4265.21,76.02,0.969
2025-08-20,Store_018,513,148,9272.48,3941.85,117.08,0.894
2025-08-20,Store_019,349,98,5093.23,2259.08,61.88,0.937
2025-08-20,Store_020,630,151,7194.37,3465.81,115.44,0.961
2025-08-21,Store_001,337,88,5570.95,2665.97,28.55,0.938
2025-08-21,Store_002,599,185,10807.75,6132.35,129.73,0.889
2025-08-21,Store_003,505,140,7167.58,3414.67,116.31,0.888
2025-08-21,Store_004,396,75,3532.64,1815.8,58.27,0.914
2025-08-21,Store_005,300,51,2175.45,941.52,20.63,0.925
2025-08-21,Store_006,350,66,3814.48,1710.86,51.54,0.869
2025-08-21,Store_007,317,55,2911.03,1551.8,53.01,0.925
2025-08-21,Store_008,788,196,10131.9,4461.25,61.71,0.891
2025-08-21,Store_009,172,30,1912.01,1036.59,38.17,0.899
2025-08-21,Store_010,518,102,6354.57,3658.13,91.41,0.923
2025-08-21,Store_011,546,130,6727.14,3604.72,99.43,0.888
2025-08-21,Store_012,419,66,2038.89,1104.14,25.42,0.939
2025-08-21,Store_013,373,94,4600.02,2077.39,55.35,0.952
2025-08-21,Store_014,312,86,4104.65,1826.78,60.53,0.913
2025-08-21,Store_015,382,67,2900.18,1264.11,39.47,0.949
2025-08-21,Store_016,508,121,4460.8,2454.13,53.58,0.934
2025-08-21,Store_017,546,111,8767.5,4921.08,171.98,0.889
2025-08-21,Store_018,196,31,1256.37,667.36,12.55,0.853
2025-08-21,Store_019,600,141,7596.44,3456.51,87.48,0.965
2025-08-21,Store_020,578,103,7776.53,4248.41,43.28,0.857
2025-08-22,Store_001,517,107,4628.51,2278.83,60.13,0.907
2025-08-22,Store_002,474,87,4843.04,2755.51,74.48,0.99
2025-08-22,Store_003,973,185,8432.93,4865.18,166.31,0.914
2025-08-22,Store_004,567,137,8162.7,4668.04,144.97,0.911
2025-08-22,Store_005,406,94,5157.33,2947.02,60.6,0.909
2025-08-22,Store_006,433,79,5185.98,2365.88,53.69,0.893
2025-08-22,Store_007,157,32,1682.22,723.1,27.01,0.933
2025-08-22,Store_008,629,211,11733.52,5418.03,115.1,0.937
2025-08-22,Store_009,316,45,1754.26,900.19,22.46,0.932
2025-08-22,Store_010,625,153,7209.06,3301.97,73.5,0.919
2025-08-22,Store_011,871,209,10180.95,4417.93,53.18,0.943
2025-08-22,Store_012,300,81,2326.67,1130.38,13.57,0.99
2025-08-22,Store_013,570,136,8160.33,4071.51,119.08,0.857
2025-08-22,Store_014,428,70,4918.48,2645.25,86.37,0.876
2025-08-22,Store_015,263,54,2938.99,1237.1,50.08,0.936
2025-08-22,Store_016,508,63,4020.13,1984.96,38.71,0.945
2025-08-22,Store_017,529,161,8165.14,4527.2,138.57,0.947
2025-08-22,Store_018,476,66,4282.64,2438.44,84.02,0.935
2025-08-22,Store_019,305,81,3749.41,1952.27,43.16,0.87
2025-08-22,Store_020,584,89,4422.61,2115.36,33.83,0.941
2025-08-23,Store_001,80,25,1452.76,697.81,28.87,0.981
2025-08-23,Store_002,688,235,13378.12,7273.44,128.17,0.89
2025-08-23,Store_003,578,134,7756.02,3321.42,121.55,0.912
2025-08-23,Store_004,533,98,6000.24,3074.18,104.0,0.906
2025-08-23,Store_005,650,157,7176.81,3554.93,72.49,0.923
2025-08-23,Store_006,414,82,5962.63,2602.73,49.11,0.885
2025-08-23,Store_007,297,76,3501.18,1620.9,62.2,0.874
2025-08-23,Store_008,533,134,7423.53,3784.28,134.81,0.942
2025-08-23,Store_009,892,196,9471.87,4587.11,153.52,0.954
2025-08-23,Store_010,608,148,8787.48,4199.69,111.92,0.928
2025-08-23,Store_011,700,180,6769.65,3588.18,77.26,0.887
2025-08-23,Store_012,693,93,4441.72,2372.93,35.99,0.962
2025-08-23,Store_013,789,168,10056.59,4621.42,97.45,0.957
2025-08-23,Store_014,771,147,6394.73,2714.26,72.92,0.947
2025-08-23,Store_015,454,167,7879.85,4418.47,92.67,0.933
2025-08-23,Store_016,486,102,4858.62,2168.18,41.72,0.934
2025-08-23,Store_017,1061,237,13931.05,6886.38,123.77,0.873
2025-08-23,Store_018,704,168,8154.67,4377.78,62.4,0.885
2025-08-23,Store_019,80,18,715.7,312.3,9.87,0.91
2025-08-23,Store_020,1050,332,21521.15,9510.66,230.32,0.876
2025-08-24,Store_001,729,105,5716.69,3167.27,72.44,0.92
2025-08-24,Store_002,533,84,4816.3,2275.24,75.13,0.914
2025-08-24,Store_003,488,86,3299.16,1659.72,47.39,0.902
2025-08-24,Store_004,304,70,3831.92,2024.58,58.87,0.926
2025-08-24,Store_005,537,64,3269.86,1713.49,59.37,0.91
2025-08-24,Store_006,902,284,13279.4,5649.94,175.68,0.909
2025-08-24,Store_007,696,171,7795.16,4315.37,122.44,0.896
2025-08-24,Store_008,403,77,2541.3,1278.95,27.39,0.934
2025-08-24,Store_009,495,59,2443.32,1268.17,42.89,0.866
2025-08-24,Store_010,701,169,11351.01,5000.36,57.85,0.897
2025-08-24,Store_011,597,136,2815.32,1458.55,39.45,0.952
2025-08-24,Store_012,272,76,4171.66,2414.71,55.56,0.93
2025-08-24,Store_013,729,184,10838.67,5119.14,149.79,0.934
2025-08-24,Store_014,483,95,3332.91,1840.71,43.02,0.95
2025-08-24,Store_015,138,26,994.47,483.89,10.25,0.887
2025-08-24,Store_016,489,141,5382.84,2785.87,95.02,0.883
2025-08-24,Store_017,668,159,8270.62,4695.69,45.59,0.938
2025-08-24,Store_018,543,139,5650.07,2941.42,89.93,0.885
2025-08-24,Store_019,579,144,8112.06,4598.24,152.57,0.912
2025-08-24,Store_020,643,154,5472.84,2752.37,87.22,0.896
2025-08-25,Store_001,554,110,6870.37,3840.74,58.44,0.954
2025-08-25,Store_002,692,196,7270.12,3271.58,128.06,0.883
2025-08-25,Store_003,785,159,8857.39,4344.6,94.88,0.929
2025-08-25,Store_004,490,140,7359.65,3400.57,129.8,0.884
2025-08-25,Store_005,394,113,6122.79,3136.31,39.75,0.933
2025-08-25,Store_006,611,107,5263.27,2292.72,89.09,0.872
2025-08-25,Store_007,375,73,3543.61,1852.11,51.93,0.92
2025-08-25,Store_008,208,31,1947.1,1067.22,20.27,0.907
2025-08-25,Store_009,673,99,4670.57,2584.09,93.08,0.944
2025-08-25,Store_010,401,84,4359.22,2445.16,74.07,0.937
2025-08-25,Store_011,647,196,8553.51,4142.21,106.83,0.959
2025-08-25,Store_012,406,101,4164.82,1885.48,21.71,0.899
2025-08-25,Store_013,411,74,3768.67,1705.57,19.85,0.872
2025-08-25,Store_014,527,125,3045.14,1317.89,45.27,0.881
2025-08-25,Store_015,547,93,4777.26,2621.41,88.68,0.935
2025-08-25,Store_016,460,83,4266.39,2175.98,59.61,0.91
2025-08-25,Store_017,408,68,2451.78,1180.57,24.43,0.925
2025-08-25,Store_018,722,207,16025.86,8699.74,204.93,0.897
2025-08-25,Store_019,409,74,2828.52,1203.77,48.28,0.962
2025-08-25,Store_020,635,187,7660.63,3714.41,132.63,0.892
2025-08-26,Store_001,971,224,8946.57,4071.65,46.03,0.944
2025-08-26,Store_002,649,155,7121.0,4085.61,46.1,0.888
2025-08-26,Store_003,477,85,4315.63,2390.02,40.07,0.933
2025-08-26,Store_004,152,32,731.19,311.76,11.25,0.88
2025-08-26,Store_005,562,144,5043.88,2860.55,72.1,0.942
2025-08-26,Store_006,461,125,6103.05,3519.61,80.6,0.934
2025-08-26,Store_007,861,179,5841.39,2926.34,54.84,0.946
2025-08-26,Store_008,491,96,5057.59,2540.6,42.59,0.906
2025-08-26,Store_009,412,118,7640.24,4032.36,98.53,0.913
2025-08-26,Store_010,503,133,7382.37,3181.65,71.39,0.961
2025-08-26,Store_011,623,149,8128.03,4167.26,142.11,0.89
2025-08-26,Store_012,518,105,4941.38,2821.5,36.96,0.964
2025-08-26,Store_013,494,101,4774.53,2046.8,73.61,0.931
2025-08-26,Store_014,257,65,4248.41,1990.44,73.4,0.91
2025-08-26,Store_015,533,86,4364.61,1948.68,63.69,0.933
2025-08-26,Store_016,427,108,5187.85,2198.92,78.41,0.881
2025-08-26,Store_017,612,113,5635.5,2984.77,31.63,0.962
2025-08-26,Store_018,568,172,8156.57,4307.81,49.79,0.931
2025-08-26,Store_019,283,66,3274.2,1420.6,52.43,0.979
2025-08-26,Store_020,1153,165,5883.25,2796.63,99.73,0.926
2025-08-27,Store_001,624,158,7402.37,3526.73,50.14,0.87
2025-08-27,Store_002,351,48,1995.01,929.8,36.45,0.901
2025-08-27,Store_003,758,216,9828.06,4965.02,130.08,0.985
2025-08-27,Store_004,368,68,3124.94,1429.72,44.0,0.927
2025-08-27,Store_005,504,97,5420.27,2595.96,49.21,0.921
2025-08-27,Store_006,468,94,5648.09,3267.16,68.21,0.962
2025-08-27,Store_007,476,129,7619.36,3203.99,120.06,0.941
2025-08-27,Store_008,427,114,4876.03,2807.83,41.83,0.908
2025-08-27,Store_009,607,99,6327.23,2747.39,46.28,0.876
2025-08-27,Store_010,543,129,7427.22,3366.94,133.6,0.878
2025-08-27,Store_011,269,80,4385.91,2109.06,50.77,0.841
2025-08-27,Store_012,278,71,1278.0,679.64,14.72,0.99
2025-08-27,Store_013,948,165,7052.86,3174.04,61.65,0.927
2025-08-27,Store_014,630,141,6388.86,2745.85,51.14,0.882
2025-08-27,Store_015,573,141,7103.98,4043.16,53.31,0.921
2025-08-27,Store_016,576,116,6353.86,3668.09,101.63,0.877
2025-08-27,Store_017,538,141,5591.52,3044.36,98.51,0.867
2025-08-27,Store_018,849,170,9659.62,4413.79,92.44,0.889
2025-08-27,Store_019,603,185,9499.72,5163.69,53.51,0.906
2025-08-27,Store_020,453,129,7933.97,3804.82,85.82,0.88
2025-08-28,Store_001,537,131,7714.85,3705.22,78.01,0.924
2025-08-28,Store_002,837,201,11422.76,6573.92,113.18,0.906
2025-08-28,Store_003,539,158,11674.51,6473.02,185.77,0.988
2025-08-28,Store_004,450,64,4454.63,2012.62,38.24,0.921
2025-08-28,Store_005,505,125,4681.07,1982.9,44.15,0.941
2025-08-28,Store_006,493,90,5435.26,2567.52,73.07,0.916
2025-08-28,Store_007,469,129,5947.92,2626.44,103.47,0.924
2025-08-28,Store_008,646,185,8445.71,4828.02,52.2,0.955
2025-08-28,Store_009,701,115,5087.82,2338.52,70.07,0.921
2025-08-28,Store_010,842,227,16502.02,8869.89,255.92,0.909
2025-08-28,Store_011,611,77,4210.42,1811.05,56.89,0.918
2025-08-28,Store_012,640,159,6668.29,3263.74,53.75,0.88
2025-08-28,Store_013,453,105,5934.32,3062.85,115.53,0.94
2025-08-28,Store_014,580,134,8542.69,4750.79,87.25,0.931
2025-08-28,Store_015,463,134,7974.46,3960.17,118.37,0.903
2025-08-28,Store_016,536,115,7710.48,3312.91,76.8,0.902
2025-08-28,Store_017,502,116,3336.46,1509.77,59.27,0.89
2025-08-28,Store_018,613,175,7598.38,4373.57,102.18,0.933
2025-08-28,Store_019,626,107,5830.32,3216.42,32.8,0.902
2025-08-28,Store_020,664,156,4633.34,2109.62,77.72,0.868
2025-08-29,Store_001,716,176,9645.7,4096.85,192.63,0.931
2025-08-29,Store_002,377,84,4931.84,2719.71,70.72,0.923
2025-08-29,Store_003,287,81,3974.51,1942.66,30.76,0.935
2025-08-29,Store_004,464,108,4886.8,2096.25,31.7,0.898
2025-08-29,Store_005,518,160,8942.37,4545.88,82.06,0.919
2025-08-29,Store_006,347,78,2427.27,1280.87,28.72,0.851
2025-08-29,Store_007,441,125,8388.56,4482.45,152.07,0.923
2025-08-29,Store_008,467,161,7119.21,3731.58,80.56,0.937
2025-08-29,Store_009,883,203,12478.91,5386.03,120.24,0.954
2025-08-29,Store_010,257,51,3450.02,1529.41,51.56,0.936
2025-08-29,Store_011,457,119,7002.45,3981.63,38.68,0.937
2025-08-29,Store_012,738,126,9694.25,5356.82,139.58,0.937
2025-08-29,Store_013,343,87,4921.3,2296.87,29.07,0.937
2025-08-29,Store_014,558,124,6103.33,3019.99,38.87,0.906
2025-08-29,Store_015,673,101,4984.65,2776.5,44.97,0.892
2025-08-29,Store_016,502,108,5251.18,2508.99,31.66,0.938
2025-08-29,Store_017,204,42,2480.32,1048.63,17.65,0.924
2025-08-29,Store_018,779,107,6938.42,3380.3,76.48,0.965
2025-08-29,Store_019,668,121,7065.95,3800.62,44.89,0.923
2025-08-29,Store_020,513,142,6583.07,3014.97,46.51,0.929
2025-08-30,Store_001,541,117,9376.19,4032.65,160.17,0.908
2025-08-30,Store_002,550,123,6641.92,3813.84,68.79,0.892
2025-08-30,Store_003,662,123,5504.23,2997.3,87.8,0.945
2025-08-30,Store_004,275,58,4304.15,1909.84,43.13,0.967
2025-08-30,Store_005,739,123,8437.02,4749.5,159.82,0.927
2025-08-30,Store_006,878,198,12955.97,6457.04,150.27,0.911
2025-08-30,Store_007,957,309,19451.45,9194.87,291.49,0.917
2025-08-30,Store_008,1005,329,13172.41,7374.42,120.21,0.933
2025-08-30,Store_009,203,43,2355.03,1120.16,18.15,0.953
2025-08-30,Store_010,734,138,9157.77,4072.95,134.89,0.99
2025-08-30,Store_011,622,146,3421.5,1501.49,52.35,0.911
2025-08-30,Store_012,740,148,10077.84,5822.1,110.5,0.916
2025-08-30,Store_013,587,129,5729.63,2937.94,88.34,0.961
2025-08-30,Store_014,586,88,6158.32,2941.9,86.59,0.984
2025-08-30,Store_015,768,229,10316.34,4809.12,178.21,0.948
2025-08-30,Store_016,649,155,7663.89,3497.6,146.56,0.898
2025-08-30,Store_017,577,115,6049.86,3253.6,105.07,0.919
2025-08-30,Store_018,842,202,8698.25,4785.2,151.08,0.895
2025-08-30,Store_019,704,174,11765.26,6517.0,136.62,0.947
2025-08-30,Store_020,727,176,9195.9,3980.06,182.54,0.959
2025-08-31,Store_001,710,239,11070.8,5040.3,89.09,0.902
2025-08-31,Store_002,695,205,5480.07,2902.38,64.85,0.867
2025-08-31,Store_003,577,123,6827.96,3772.78,135.26,0.916
2025-08-31,Store_004,484,84,4653.86,2193.63,74.35,0.913
2025-08-31,Store_005,768,237,10877.14,5793.88,92.5,0.94
2025-08-31,Store_006,899,194,8069.49,3627.06,60.0,0.971
2025-08-31,Store_007,631,122,5365.74,3027.1,34.16,0.941
2025-08-31,Store_008,906,219,9320.57,4507.19,125.22,0.921
2025-08-31,Store_009,420,106,4559.69,2372.43,26.66,0.981
2025-08-31,Store_010,756,190,12125.68,6314.27,98.33,0.935
2025-08-31,Store_011,741,187,11819.0,6811.46,231.66,0.941
2025-08-31,Store_012,380,78,2707.57,1449.04,39.62,0.934
2025-08-31,Store_013,603,137,5558.77,2528.56,51.37,0.918
2025-08-31,Store_014,692,132,6292.52,2911.51,38.62,0.96
2025-08-31,Store_015,991,269,12490.44,5911.23,188.26,0.98
2025-08-31,Store_016,568,154,4871.27,2117.38,82.82,0.97
2025-08-31,Store_017,673,167,6657.48,3807.01,55.33,0.952
2025-08-31,Store_018,821,173,6898.24,3407.71,63.42,0.973
2025-08-31,Store_019,723,105,4418.16,2395.18,35.4,0.906
2025-08-31,Store_020,502,70,5114.34,2665.87,79.01,0.946
2025-09-01,Store_001,964,228,11312.52,5260.64,68.57,0.917
2025-09-01,Store_002,547,148,9552.05,4955.97,145.58,0.905
2025-09-01,Store_003,351,95,6367.01,3076.06,83.31,0.937
2025-09-01,Store_004,614,106,4661.04,2619.32,38.03,0.974
2025-09-01,Store_005,650,170,7183.93,3188.65,68.63,0.93
2025-09-01,Store_006,366,100,6135.13,2955.64,80.54,0.891
2025-09-01,Store_007,417,120,3067.49,1404.83,26.03,0.931
2025-09-01,Store_008,419,87,2514.75,1283.3,33.14,0.924
2025-09-01,Store_009,614,158,10715.02,4722.81,72.81,0.902
2025-09-01,Store_010,836,203,10706.24,4769.81,201.87,0.925
2025-09-01,Store_011,787,186,13005.41,5466.86,154.88,0.921
2025-09-01,Store_012,659,145,9651.06,5284.48,80.55,0.881
2025-09-01,Store_013,602,129,8663.29,3729.6,44.49,0.92
2025-09-01,Store_014,485,113,6794.14,3138.29,117.67,0.911
2025-09-01,Store_015,358,78,2974.29,1451.64,50.74,0.898
2025-09-01,Store_016,800,224,13748.77,7610.83,199.31,0.963
2025-09-01,Store_017,773,160,6269.04,2986.46,120.78,0.923
2025-09-01,Store_018,578,83,4025.61,1989.89,78.08,0.912
2025-09-01,Store_019,749,197,11938.53,5884.77,71.27,0.919
2025-09-01,Store_020,323,81,4644.14,2283.85,56.07,0.921
2025-09-02,Store_001,655,89,3266.59,1618.67,59.85,0.924
2025-09-02,Store_002,628,75,4591.84,2496.31,81.61,0.921
2025-09-02,Store_003,517,95,3903.04,1921.71,39.79,0.916
2025-09-02,Store_004,357,52,2872.35,1439.2,56.71,0.899
2025-09-02,Store_005,752,247,10210.13,5807.59,90.8,0.909
2025-09-02,Store_006,228,62,3837.24,2225.23,54.22,0.93
2025-09-02,Store_007,615,134,5326.53,2620.8,80.26,0.886
2025-09-02,Store_008,464,102,4685.68,2194.42,86.28,0.926
2025-09-02,Store_009,314,51,3165.06,1589.35,62.6,0.92
2025-09-02,Store_010,569,132,6189.02,3024.46,115.36,0.965
2025-09-02,Store_011,318,65,5685.65,3181.03,97.22,0.967
2025-09-02,Store_012,331,81,4360.74,2425.67,59.18,0.933
2025-09-02,Store_013,580,122,5473.55,2690.68,101.28,0.932
2025-09-02,Store_014,656,157,8474.0,3787.75,96.78,0.889
2025-09-02,Store_015,135,34,1794.56,912.51,18.07,0.884
2025-09-02,Store_016,494,128,4842.69,2178.68,50.65,0.924
2025-09-02,Store_017,837,243,13093.64,7192.36,223.2,0.93
2025-09-02,Store_018,240,56,3918.4,2235.7,22.81,0.954
2025-09-02,Store_019,459,113,6595.02,3407.83,101.79,0.899
2025-09-02,Store_020,396,105,4558.3,2510.06,51.09,0.902
2025-09-03,Store_001,218,42,1391.16,646.96,8.24,0.885
2025-09-03,Store_002,510,98,5657.46,3060.97,72.37,0.927
2025-09-03,Store_003,661,121,5665.89,2460.76,88.58,0.874
2025-09-03,Store_004,850,198,13942.5,6638.13,89.14,0.929
2025-09-03,Store_005,554,168,7362.37,3801.94,87.05,0.962
2025-09-03,Store_006,559,67,2732.83,1317.49,28.67,0.906
2025-09-03,Store_007,824,147,5338.2,2920.28,43.3,0.927
2025-09-03,Store_008,651,188,11139.83,5026.72,205.21,0.92
2025-09-03,Store_009,194,42,2603.49,1152.02,28.53,0.848
2025-09-03,Store_010,533,144,7526.7,3326.43,76.82,0.864
2025-09-03,Store_011,455,94,4773.87,2627.33,83.03,0.836
2025-09-03,Store_012,408,88,5492.53,3043.81,58.6,0.928
2025-09-03,Store_013,620,187,14317.97,6583.35,267.82,0.976
2025-09-03,Store_014,415,125,5162.64,2913.2,60.53,0.913
2025-09-03,Store_015,494,134,6956.77,3120.62,137.34,0.95
2025-09-03,Store_016,724,164,8942.64,4155.05,87.14,0.922
2025-09-03,Store_017,455,79,3825.79,1855.51,70.01,0.834
2025-09-03,Store_018,552,116,3657.4,1725.03,24.21,0.872
2025-09-03,Store_019,721,170,4492.03,2186.74,68.18,0.978
2025-09-03,Store_020,488,121,5690.6,2946.53,77.56,0.87
2025-09-04,Store_001,410,99,5671.73,2750.92,41.77,0.94
2025-09-04,Store_002,438,97,4110.87,2053.09,39.66,0.9
2025-09-04,Store_003,387,83,4235.11,2068.33,63.0,0.923
2025-09-04,Store_004,530,144,7175.83,4035.11,52.01,0.87
2025-09-04,Store_005,350,61,2442.24,1164.41,34.05,0.915
2025-09-04,Store_006,523,117,5810.89,3198.58,95.47,0.945
2025-09-04,Store_007,630,186,9942.46,4637.57,181.78,0.901
2025-09-04,Store_008,526,156,7118.97,3954.17,41.19,0.938
2025-09-04,Store_009,718,213,10907.78,6030.51,136.21,0.891
2025-09-04,Store_010,493,113,5970.76,2698.5,101.27,0.929
2025-09-04,Store_011,559,75,3225.48,1776.36,41.11,0.967
2025-09-04,Store_012,566,127,3704.22,1910.41,60.83,0.96
2025-09-04,Store_013,541,94,2843.71,1618.57,23.73,0.864
2025-09-04,Store_014,389,102,3256.43,1880.42,20.12,0.952
2025-09-04,Store_015,488,94,4835.55,2206.03,73.44,0.91
2025-09-04,Store_016,627,155,12125.26,6472.79,188.41,0.889
2025-09-04,Store_017,493,105,4985.95,2478.32,84.24,0.941
2025-09-04,Store_018,716,155,10569.01,5787.4,111.94,0.93
2025-09-04,Store_019,600,122,6806.03,3945.48,124.99,0.96
2025-09-04,Store_020,308,40,1142.06,493.05,18.84,0.977
2025-09-05,Store_001,711,168,8408.07,4355.51,139.74,0.834
2025-09-05,Store_002,363,81,2559.37,1218.94,34.85,0.93
2025-09-05,Store_003,310,61,3863.21,2102.61,45.58,0.925
2025-09-05,Store_004,667,145,9141.81,4911.76,150.21,0.896
2025-09-05,Store_005,646,167,9425.24,3988.6,60.17,0.904
2025-09-05,Store_006,539,88,4462.69,1967.5,37.53,0.886
2025-09-05,Store_007,501,95,5813.81,3161.55,95.44,0.957
2025-09-05,Store_008,554,119,4023.75,2216.52,26.56,0.835
2025-09-05,Store_009,612,140,7440.71,3997.12,68.93,0.898
2025-09-05,Store_010,471,112,4812.98,2234.34,31.56,0.9
2025-09-05,Store_011,457,117,5889.47,2478.62,43.95,0.921
2025-09-05,Store_012,475,89,2488.01,1364.37,25.91,0.974
2025-09-05,Store_013,318,77,3962.67,2094.09,70.79,0.99
2025-09-05,Store_014,227,47,3116.74,1445.88,50.11,0.962
2025-09-05,Store_015,454,95,4999.7,2426.77,54.9,0.842
2025-09-05,Store_016,413,105,4711.96,2423.11,57.29,0.907
2025-09-05,Store_017,579,114,4409.47,2247.13,22.37,0.883
2025-09-05,Store_018,542,119,4715.05,2698.83,75.02,0.945
2025-09-05,Store_019,725,112,5081.67,2602.85,80.42,0.946
2025-09-05,Store_020,310,57,4375.94,2480.07,40.71,0.925
2025-09-06,Store_001,598,171,10109.19,4749.86,179.13,0.904
2025-09-06,Store_002,831,257,15483.11,8193.22,289.67,0.906
2025-09-06,Store_003,989,286,9359.54,4162.99,153.99,0.897
2025-09-06,Store_004,837,166,8307.91,4262.62,113.76,0.917
2025-09-06,Store_005,490,66,2997.65,1672.82,53.2,0.976
2025-09-06,Store_006,405,91,5858.85,3205.25,97.16,0.869
2025-09-06,Store_007,912,322,19662.56,11100.67,183.87,0.931
2025-09-06,Store_008,635,163,12208.23,6120.07,184.08,0.981
2025-09-06,Store_009,347,90,4806.94,2303.72,88.53,0.875
2025-09-06,Store_010,690,129,7545.93,3572.47,72.43,0.904
2025-09-06,Store_011,955,245,12374.4,5252.72,216.68,0.93
2025-09-06,Store_012,426,89,4886.75,2398.43,36.13,0.903
2025-09-06,Store_013,817,204,8511.58,4831.68,61.65,0.942
2025-09-06,Store_014,678,185,7306.7,3307.65,118.81,0.984
2025-09-06,Store_015,643,188,8281.97,4581.75,77.9,0.909
2025-09-06,Store_016,720,141,10149.73,4665.41,202.72,0.936
2025-09-06,Store_017,439,96,4879.98,2718.49,45.97,0.922
2025-09-06,Store_018,825,178,8241.89,4195.43,77.25,0.915
2025-09-06,Store_019,766,150,6143.79,2698.31,90.56,0.915
2025-09-06,Store_020,539,157,8446.21,3869.52,145.43,0.943
2025-09-07,Store_001,491,132,7046.71,3405.46,73.31,0.921
2025-09-07,Store_002,824,221,4586.01,2389.71,27.49,0.944
2025-09-07,Store_003,855,250,14179.99,6161.67,250.84,0.832
2025-09-07,Store_004,917,182,7940.99,4524.61,141.91,0.932
2025-09-07,Store_005,446,89,3634.02,1940.66,18.85,0.932
2025-09-07,Store_006,682,184,6963.0,3915.14,35.73,0.908
2025-09-07,Store_007,755,159,8492.75,4645.41,146.46,0.916
2025-09-07,Store_008,358,58,2953.78,1664.66,17.46,0.897
2025-09-07,Store_009,490,136,5286.24,2610.02,85.89,0.969
2025-09-07,Store_010,964,159,8708.88,3893.56,139.29,0.892
2025-09-07,Store_011,243,51,2848.12,1356.19,41.99,0.923
2025-09-07,Store_012,806,150,10104.33,4926.54,142.32,0.962
2025-09-07,Store_013,594,90,4341.5,2116.25,33.15,0.934
2025-09-07,Store_014,518,100,6131.65,2651.53,65.99,0.908
2025-09-07,Store_015,923,172,6862.9,2916.49,76.59,0.899
2025-09-07,Store_016,684,132,8543.49,3816.54,125.1,0.959
2025-09-07,Store_017,559,125,6937.95,3101.21,110.17,0.966
2025-09-07,Store_018,603,194,7190.3,3691.52,136.37,0.881
2025-09-07,Store_019,607,205,6956.76,3117.24,127.25,0.927
2025-09-07,Store_020,794,193,9171.09,4739.29,97.24,0.882
2025-09-08,Store_001,553,151,10244.37,4995.3,116.99,0.893
2025-09-08,Store_002,414,127,8402.12,4289.96,87.95,0.939
2025-09-08,Store_003,712,140,6835.82,3522.36,69.35,0.923
2025-09-08,Store_004,609,154,6000.73,2793.18,92.72,0.914
2025-09-08,Store_005,571,68,3232.09,1706.11,26.0,0.873
2025-09-08,Store_006,786,227,9358.51,4845.61,156.29,0.947
2025-09-08,Store_007,116,27,1467.29,728.41,11.15,0.881
2025-09-08,Store_008,963,160,10313.7,5249.1,125.69,0.929
2025-09-08,Store_009,497,68,2216.02,1278.87,31.81,0.95
2025-09-08,Store_010,288,52,3736.5,1856.65,48.36,0.931
2025-09-08,Store_011,386,73,4038.68,1981.57,64.08,0.913
2025-09-08,Store_012,569,167,8626.34,4074.34,102.17,0.898
2025-09-08,Store_013,567,142,4876.5,2605.33,31.02,0.871
2025-09-08,Store_014,988,318,11771.86,5859.77,134.13,0.955
2025-09-08,Store_015,472,91,3276.72,1377.97,26.61,0.946
2025-09-08,Store_016,698,179,5920.5,2752.66,57.7,0.909
2025-09-08,Store_017,707,162,7391.51,3142.76,85.25,0.913
2025-09-08,Store_018,442,83,5030.56,2266.02,89.42,0.956
2025-09-08,Store_019,563,103,8590.33,4242.27,136.12,0.872
2025-09-08,Store_020,490,105,6211.55,2912.26,77.48,0.923
2025-09-09,Store_001,321,90,3493.8,1854.99,59.64,0.983
2025-09-09,Store_002,680,158,13772.46,7672.14,140.88,0.909
2025-09-09,Store_003,516,145,6843.58,3597.72,122.64,0.969
2025-09-09,Store_004,786,173,7215.37,3649.53,55.24,0.954
2025-09-09,Store_005,571,115,5833.8,3081.6,45.73,0.938
2025-09-09,Store_006,449,64,3077.93,1699.31,31.71,0.929
2025-09-09,Store_007,522,102,4904.62,2800.17,35.91,0.904
2025-09-09,Store_008,675,89,5290.7,2904.82,68.82,0.956
2025-09-09,Store_009,701,84,5831.93,3128.68,103.18,0.878
2025-09-09,Store_010,580,123,8270.8,3948.17,90.48,0.972
2025-09-09,Store_011,640,203,8560.15,4676.52,72.09,0.932
2025-09-09,Store_012,540,163,8935.83,4934.78,52.12,0.883
2025-09-09,Store_013,827,172,9738.33,4211.91,112.06,0.927
2025-09-09,Store_014,509,136,5854.21,3337.28,84.12,0.884
2025-09-09,Store_015,483,124,6709.49,3080.91,97.0,0.905
2025-09-09,Store_016,489,120,4767.92,2671.24,71.78,0.951
2025-09-09,Store_017,348,76,4535.7,2388.14,38.51,0.953
2025-09-09,Store_018,849,240,9652.43,4373.54,73.83,0.943
2025-09-09,Store_019,761,184,9517.32,4363.66,54.63,0.89
2025-09-09,Store_020,377,97,3556.33,1599.27,47.26,0.954
2025-09-10,Store_001,618,151,5705.29,2593.73,100.55,0.99
2025-09-10,Store_002,315,98,6446.45,3633.15,116.53,0.929
2025-09-10,Store_003,395,68,3999.52,2023.11,49.17,0.872
2025-09-10,Store_004,388,83,3636.4,2005.06,30.84,0.943
2025-09-10,Store_005,649,122,5316.89,3016.05,31.03,0.926
2025-09-10,Store_006,586,85,4364.03,2190.7,79.06,0.901
2025-09-10,Store_007,646,119,6180.0,2928.77,70.44,0.934
2025-09-10,Store_008,419,100,5734.74,3103.31,93.67,0.964
2025-09-10,Store_009,379,84,2649.46,1116.94,50.42,0.906
2025-09-10,Store_010,416,97,4880.66,2248.49,74.53,0.868
2025-09-10,Store_011,780,157,7051.41,3075.33,116.34,0.954
2025-09-10,Store_012,650,134,7079.74,3030.37,109.73,0.911
2025-09-10,Store_013,485,91,4300.01,2223.34,56.51,0.919
2025-09-10,Store_014,432,136,8354.82,4549.98,73.84,0.904
2025-09-10,Store_015,486,84,3984.46,2289.24,26.31,0.924
2025-09-10,Store_016,791,173,7815.67,3924.58,144.15,0.915
2025-09-10,Store_017,179,38,1880.02,977.08,28.22,0.935
2025-09-10,Store_018,524,99,4236.27,2271.02,31.41,0.892
2025-09-10,Store_019,430,72,5072.44,2529.73,25.69,0.904
2025-09-10,Store_020,588,128,5433.71,2436.04,98.17,0.902
2025-09-11,Store_001,567,166,8747.32,4380.35,139.23,0.894
2025-09-11,Store_002,816,208,6493.14,3302.98,35.84,0.909
2025-09-11,Store_003,589,220,13426.59,7287.87,137.0,0.93
2025-09-11,Store_004,497,187,10499.46,5434.91,196.97,0.914
2025-09-11,Store_005,327,66,2232.7,1006.54,12.02,0.898
2025-09-11,Store_006,155,50,3217.0,1667.27,18.77,0.915
2025-09-11,Store_007,593,71,3233.85,1861.2,60.84,0.924
2025-09-11,Store_008,364,80,4331.03,2215.85,67.27,0.905
2025-09-11,Store_009,361,74,3992.71,2234.94,70.67,0.936
2025-09-11,Store_010,646,152,8650.39,3788.04,151.82,0.944
2025-09-11,Store_011,474,95,5215.98,2430.93,32.91,0.937
2025-09-11,Store_012,448,113,3217.82,1355.95,50.87,0.961
2025-09-11,Store_013,747,131,7627.58,3225.99,152.06,0.945
2025-09-11,Store_014,682,215,14387.37,6278.43,217.77,0.924
2025-09-11,Store_015,647,136,8103.6,3581.44,44.66,0.923
2025-09-11,Store_016,550,134,4146.85,2207.11,21.45,0.948
2025-09-11,Store_017,562,162,11804.92,5639.54,123.07,0.888
2025-09-11,Store_018,622,149,6588.01,3301.42,39.22,0.902
2025-09-11,Store_019,451,56,2071.7,1145.58,30.28,0.905
2025-09-11,Store_020,446,107,4049.69,1929.19,45.98,0.906
2025-09-12,Store_001,373,93,3999.92,1842.82,70.84,0.913
2025-09-12,Store_002,671,149,7247.08,3612.27,100.54,0.887
2025-09-12,Store_003,360,86,3085.28,1774.1,38.21,0.934
2025-09-12,Store_004,554,160,5026.0,2489.14,82.79,0.959
2025-09-12,Store_005,479,107,5771.33,2776.26,58.24,0.925
2025-09-12,Store_006,760,186,4247.81,1839.38,82.44,0.951
2025-09-12,Store_007,409,114,5598.04,2480.77,79.13,0.958
2025-09-12,Store_008,468,106,6415.19,3373.5,64.04,0.885
2025-09-12,Store_009,462,92,4446.91,2203.24,65.07,0.922
2025-09-12,Store_010,360,128,6809.87,3181.35,83.77,0.883
2025-09-12,Store_011,484,116,6379.16,3481.66,96.51,0.943
2025-09-12,Store_012,652,119,4696.44,2704.16,60.36,0.914
2025-09-12,Store_013,698,202,11843.84,5187.7,90.47,0.875
2025-09-12,Store_014,224,32,2445.77,1201.45,34.78,0.903
2025-09-12,Store_015,511,150,8993.54,4544.8,46.65,0.93
2025-09-12,Store_016,409,80,4711.68,2047.25,23.73,0.862
2025-09-12,Store_017,412,97,5926.21,2800.98,85.26,0.911
2025-09-12,Store_018,498,143,6928.96,3646.69,66.81,0.941
2025-09-12,Store_019,535,123,10259.3,5200.8,151.42,0.894
2025-09-12,Store_020,612,226,8864.09,4870.3,165.09,0.915
2025-09-13,Store_001,654,139,7728.99,4038.71,69.19,0.949
2025-09-13,Store_002,548,152,7650.69,3860.1,149.22,0.937
2025-09-13,Store_003,469,73,4564.74,2295.05,31.71,0.936
2025-09-13,Store_004,628,119,5784.16,2582.12,108.9,0.953
2025-09-13,Store_005,707,119,7324.65,3666.26,113.4,0.893
2025-09-13,Store_006,658,146,8557.63,4282.04,152.26,0.902
2025-09-13,Store_007,569,112,4858.34,2299.1,82.8,0.881
2025-09-13,Store_008,924,142,6800.27,3050.08,57.8,0.918
2025-09-13,Store_009,838,137,8182.04,3440.4,112.9,0.858
2025-09-13,Store_010,832,171,4650.35,2384.08,47.84,0.9
2025-09-13,Store_011,517,130,5805.14,2944.37,61.57,0.904
2025-09-13,Store_012,1020,243,11916.92,5150.37,149.15,0.847
2025-09-13,Store_013,838,167,7276.58,4093.14,121.96,0.907
2025-09-13,Store_014,838,135,6593.86,3477.0,52.64,0.92
2025-09-13,Store_015,636,124,5703.97,3242.04,40.0,0.966
2025-09-13,Store_016,999,232,10717.57,4942.15,175.95,0.902
2025-09-13,Store_017,723,108,7260.94,3103.33,85.61,0.929
2025-09-13,Store_018,764,91,3421.38,1648.33,29.56,0.937
2025-09-13,Store_019,621,162,9462.6,4027.99,114.52,0.912
2025-09-13,Store_020,714,110,5071.78,2880.11,90.26,0.925
2025-09-14,Store_001,645,192,9490.88,5465.23,129.49,0.802
2025-09-14,Store_002,697,125,6580.79,3171.96,35.66,0.928
2025-09-14,Store_003,759,200,9286.17,4182.2,141.15,0.911
2025-09-14,Store_004,353,57,3886.51,1862.16,22.86,0.926
2025-09-14,Store_005,463,108,6561.79,3175.83,115.66,0.876
2025-09-14,Store_006,623,119,6379.02,2810.03,35.48,0.935
2025-09-14,Store_007,920,261,12713.76,5944.36,96.53,0.912
2025-09-14,Store_008,740,88,6182.07,3042.41,123.16,0.938
2025-09-14,Store_009,389,103,3775.36,2076.05,74.65,0.94
2025-09-14,Store_010,754,167,12996.03,6356.31,71.87,0.92
2025-09-14,Store_011,387,78,3913.11,2196.53,65.1,0.971
2025-09-14,Store_012,762,177,10428.34,5611.82,66.67,0.908
2025-09-14,Store_013,835,240,17609.51,7877.42,169.08,0.939
2025-09-14,Store_014,565,97,3874.57,1855.89,49.37,0.91
2025-09-14,Store_015,839,161,7114.09,3629.78,36.94,0.889
2025-09-14,Store_016,769,124,6398.2,2894.13,74.33,0.954
2025-09-14,Store_017,844,192,12036.95,5543.86,196.97,0.899
2025-09-14,Store_018,838,206,11517.31,5528.19,85.52,0.93
2025-09-14,Store_019,408,95,5640.71,3228.58,47.43,0.95
2025-09-14,Store_020,713,147,9201.75,4548.22,99.68,0.932
2025-09-15,Store_001,564,123,8157.38,3700.17,101.44,0.913
2025-09-15,Store_002,517,62,3197.95,1632.66,41.44,0.879
2025-09-15,Store_003,545,100,3926.73,1779.45,58.93,0.916
2025-09-15,Store_004,536,117,4868.08,2114.69,72.61,0.89
2025-09-15,Store_005,466,91,4149.25,2377.49,27.2,0.943
2025-09-15,Store_006,885,108,3387.47,1651.85,52.31,0.896
2025-09-15,Store_007,282,72,4169.48,2087.13,73.5,0.881
2025-09-15,Store_008,1022,195,9471.02,4636.94,117.06,0.921
2025-09-15,Store_009,427,112,6487.19,3557.7,97.78,0.876
2025-09-15,Store_010,542,70,3247.92,1453.37,58.5,0.884
2025-09-15,Store_011,508,73,3373.39,1817.35,22.62,0.982
2025-09-15,Store_012,482,103,4213.6,2251.06,56.59,0.947
2025-09-15,Store_013,353,91,6317.01,3648.73,34.08,0.95
2025-09-15,Store_014,856,215,9854.98,5036.4,157.11,0.948
2025-09-15,Store_015,623,111,4623.98,2197.14,76.66,0.9
2025-09-15,Store_016,567,106,5023.82,2372.86,74.11,0.942
2025-09-15,Store_017,545,129,6343.9,2824.32,126.06,0.896
2025-09-15,Store_018,599,125,4767.87,2523.83,26.5,0.913
2025-09-15,Store_019,663,160,7833.47,3541.83,127.0,0.922
2025-09-15,Store_020,491,147,9475.73,5433.39,91.15,0.961
2025-09-16,Store_001,500,151,6837.79,3862.13,102.63,0.887
2025-09-16,Store_002,336,87,2144.14,1102.81,28.68,0.933
2025-09-16,Store_003,357,103,5072.82,2346.71,73.8,0.847
2025-09-16,Store_004,311,52,3789.26,1868.42,31.29,0.966
2025-09-16,Store_005,721,159,9969.71,4380.26,114.48,0.911
2025-09-16,Store_006,299,84,4566.96,2452.01,67.99,0.966
2025-09-16,Store_007,693,154,5873.4,2741.5,44.32,0.905
2025-09-16,Store_008,525,84,2530.39,1205.05,24.4,0.892
2025-09-16,Store_009,459,114,6794.31,3863.67,132.35,0.88
2025-09-16,Store_010,363,93,5373.93,2270.75,75.28,0.892
2025-09-16,Store_011,465,122,4156.22,1813.94,59.2,0.919
2025-09-16,Store_012,412,104,3339.82,1489.28,65.96,0.901
2025-09-16,Store_013,587,170,8782.49,5043.46,117.9,0.927
2025-09-16,Store_014,647,196,7306.65,4180.96,52.07,0.913
2025-09-16,Store_015,567,163,6661.23,3440.47,49.38,0.872
2025-09-16,Store_016,698,242,11661.23,5632.69,67.45,0.935
2025-09-16,Store_017,469,111,6047.32,3340.98,42.32,0.926
2025-09-16,Store_018,305,80,4849.74,2480.97,48.19,0.948
2025-09-16,Store_019,622,169,8406.37,4448.43,93.64,0.9
2025-09-16,Store_020,787,147,7061.34,3392.68,107.01,0.966
2025-09-17,Store_001,556,174,10462.04,6020.82,90.3,0.917
2025-09-17,Store_002,291,97,6116.03,2599.03,69.82,0.909
2025-09-17,Store_003,528,139,4558.27,2415.42,39.55,0.94
2025-09-17,Store_004,606,147,5710.87,2483.82,48.23,0.928
2025-09-17,Store_005,731,108,6837.85,3826.23,36.69,0.892
2025-09-17,Store_006,496,164,9254.4,4400.18,153.57,0.93
2025-09-17,Store_007,251,45,2303.4,1132.75,42.37,0.926
2025-09-17,Store_008,437,85,4846.72,2048.58,63.19,0.939
2025-09-17,Store_009,594,101,2166.89,1016.41,21.33,0.904
2025-09-17,Store_010,500,110,7106.08,3156.6,56.68,0.957
2025-09-17,Store_011,261,57,2530.3,1399.33,15.24,0.865
2025-09-17,Store_012,386,81,3540.57,1856.74,57.29,0.915
2025-09-17,Store_013,467,82,5050.87,2159.32,48.81,0.92
2025-09-17,Store_014,442,65,1934.31,911.51,16.43,0.921
2025-09-17,Store_015,514,151,7102.42,3959.31,69.18,0.933
2025-09-17,Store_016,482,121,7670.36,4439.65,66.71,0.889
2025-09-17,Store_017,631,120,6280.55,2836.21,100.93,0.914
2025-09-17,Store_018,660,116,6257.61,2715.47,69.76,0.914
2025-09-17,Store_019,358,73,2777.93,1560.42,49.8,0.877
2025-09-17,Store_020,602,166,7467.89,4118.87,45.68,0.911
2025-09-18,Store_001,677,197,7712.05,3678.07,96.04,0.876
2025-09-18,Store_002,695,142,5528.69,2452.97,83.78,0.922
2025-09-18,Store_003,384,74,4180.34,2168.42,77.34,0.966
2025-09-18,Store_004,564,164,7767.03,4046.72,80.95,0.869
2025-09-18,Store_005,421,115,4365.2,2140.94,54.14,0.92
2025-09-18,Store_006,571,156,8975.49,4883.86,97.15,0.921
2025-09-18,Store_007,370,71,3094.87,1363.14,60.04,0.945
2025-09-18,Store_008,277,47,2945.71,1515.45,42.3,0.921
2025-09-18,Store_009,302,89,3878.42,1969.09,66.94,0.929
2025-09-18,Store_010,250,58,3760.79,2091.99,32.18,0.903
2025-09-18,Store_011,702,145,10648.54,5075.82,133.81,0.948
2025-09-18,Store_012,481,128,8035.61,3651.91,136.55,0.924
2025-09-18,Store_013,436,114,5509.18,2410.45,69.15,0.957
2025-09-18,Store_014,251,77,4086.11,2052.9,74.17,0.937
2025-09-18,Store_015,359,109,6101.23,3473.25,74.07,0.927
2025-09-18,Store_016,756,157,9248.39,4447.9,170.31,0.901
2025-09-18,Store_017,740,246,17097.12,7940.17,174.75,0.891
2025-09-18,Store_018,418,86,2830.37,1289.04,49.54,0.932
2025-09-18,Store_019,579,80,5113.09,2208.78,93.42,0.918
2025-09-18,Store_020,554,98,5557.43,2511.49,95.69,0.889
2025-09-19,Store_001,540,94,3506.52,1742.14,67.88,0.942
2025-09-19,Store_002,662,126,5637.66,2557.76,75.42,0.952
2025-09-19,Store_003,594,101,5000.63,2127.61,25.14,0.949
2025-09-19,Store_004,741,212,8391.55,4248.01,131.1,0.921
2025-09-19,Store_005,624,139,6396.77,3616.76,117.85,0.898
2025-09-19,Store_006,895,265,11144.79,5913.1,82.99,0.874
2025-09-19,Store_007,353,98,4296.05,2257.92,34.93,0.864
2025-09-19,Store_008,655,134,6371.88,3603.69,43.6,0.844
2025-09-19,Store_009,785,202,13719.77,6116.22,72.96,0.941
2025-09-19,Store_010,302,86,3482.99,1796.07,68.68,0.926
2025-09-19,Store_011,606,124,5301.26,2625.54,53.53,0.963
2025-09-19,Store_012,394,68,3656.25,2058.01,49.13,0.975
2025-09-19,Store_013,285,83,5657.34,2758.2,60.24,0.861
2025-09-19,Store_014,656,169,12625.4,5699.65,112.6,0.958
2025-09-19,Store_015,463,111,5477.41,2530.43,93.66,0.873
2025-09-19,Store_016,595,133,5952.64,2667.47,44.8,0.876
2025-09-19,Store_017,190,46,2960.24,1472.97,19.45,0.936
2025-09-19,Store_018,752,90,3715.34,1795.34,34.9,0.99
2025-09-19,Store_019,769,176,9342.86,4286.05,50.07,0.884
2025-09-19,Store_020,898,205,10141.7,4847.43,136.54,0.929
2025-09-20,Store_001,543,150,3615.42,1714.74,51.03,0.947
2025-09-20,Store_002,407,68,3269.0,1524.46,58.85,0.913
2025-09-20,Store_003,590,70,3926.79,2253.43,27.25,0.884
2025-09-20,Store_004,340,114,6059.38,2767.46,57.86,0.894
2025-09-20,Store_005,460,67,3747.72,2139.29,53.13,0.924
2025-09-20,Store_006,536,118,6674.89,3004.32,88.64,0.937
2025-09-20,Store_007,564,156,7012.12,4010.51,120.78,0.893
2025-09-20,Store_008,938,209,8997.18,3947.88,120.74,0.932
2025-09-20,Store_009,632,140,8623.29,3631.67,136.62,0.954
2025-09-20,Store_010,553,113,4279.43,2262.71,45.58,0.903
2025-09-20,Store_011,613,110,4398.55,2270.99,74.76,0.959
2025-09-20,Store_012,532,137,8501.86,3958.16,52.84,0.946
2025-09-20,Store_013,792,198,10040.61,4868.05,84.09,0.974
2025-09-20,Store_014,730,207,14035.2,6023.23,153.51,0.925
2025-09-20,Store_015,436,115,2131.07,1047.44,23.14,0.875
2025-09-20,Store_016,629,153,8967.21,4587.06,144.47,0.909
2025-09-20,Store_017,983,230,13219.26,6733.91,176.48,0.922
2025-09-20,Store_018,876,209,7549.65,4307.37,54.32,0.944
2025-09-20,Store_019,605,113,5662.1,2989.45,53.96,0.927
2025-09-20,Store_020,712,165,10789.92,4792.37,193.54,0.888
2025-09-21,Store_001,1184,260,17814.71,8240.98,100.39,0.92
2025-09-21,Store_002,1138,217,9189.53,4220.58,87.47,0.929
2025-09-21,Store_003,585,135,6994.56,2977.45,83.09,0.897
2025-09-21,Store_004,1152,215,11297.28,5276.01,67.7,0.833
2025-09-21,Store_005,861,206,9848.97,5394.81,143.99,0.927
2025-09-21,Store_006,959,274,10444.89,4788.94,89.21,0.927
2025-09-21,Store_007,644,153,7664.49,4220.67,55.55,0.93
2025-09-21,Store_008,638,133,8519.62,3702.68,115.96,0.897
2025-09-21,Store_009,658,197,10230.48,5329.1,144.0,0.933
2025-09-21,Store_010,1147,258,11567.44,6039.92,185.06,0.983
2025-09-21,Store_011,545,139,5992.72,2991.2,30.05,0.962
2025-09-21,Store_012,520,81,5208.1,2767.79,87.11,0.903
2025-09-21,Store_013,425,108,6367.47,3338.24,63.27,0.906
2025-09-21,Store_014,895,180,9933.57,5172.02,97.75,0.917
2025-09-21,Store_015,480,93,4285.73,2234.64,82.36,0.99
2025-09-21,Store_016,496,157,4586.79,2008.96,78.49,0.903
2025-09-21,Store_017,823,145,9167.22,4823.46,69.97,0.867
2025-09-21,Store_018,840,111,7545.72,3391.85,142.34,0.964
2025-09-21,Store_019,462,100,5278.62,2266.33,71.07,0.877
2025-09-21,Store_020,885,196,11046.54,5130.14,148.85,0.911
2025-09-22,Store_001,541,132,2980.78,1414.35,39.39,0.948
2025-09-22,Store_002,490,106,6186.22,2747.26,121.26,0.91
2025-09-22,Store_003,543,137,8080.27,4499.85,145.87,0.895
2025-09-22,Store_004,487,72,3943.42,2122.4,60.69,0.959
2025-09-22,Store_005,429,102,7065.11,2973.77,139.86,0.944
2025-09-22,Store_006,667,144,6670.09,3559.09,104.46,0.939
2025-09-22,Store_007,395,119,8351.87,3629.89,75.99,0.908
2025-09-22,Store_008,596,176,8746.92,4515.41,108.45,0.933
2025-09-22,Store_009,308,63,2341.37,1195.03,30.97,0.966
2025-09-22,Store_010,398,58,1938.77,992.14,28.2,0.848
2025-09-22,Store_011,462,93,3875.45,2097.58,64.32,0.897
2025-09-22,Store_012,650,138,5260.42,2936.2,64.15,0.905
2025-09-22,Store_013,370,96,5594.2,2838.01,32.12,0.914
2025-09-22,Store_014,616,108,6891.96,3988.47,126.42,0.943
2025-09-22,Store_015,563,93,3812.15,2116.24,61.81,0.908
2025-09-22,Store_016,560,165,8357.88,4461.17,162.64,0.921
2025-09-22,Store_017,489,109,1962.0,829.87,11.83,0.947
2025-09-22,Store_018,590,117,5016.79,2458.15,86.24,0.907
2025-09-22,Store_019,724,181,11145.99,6036.28,95.01,0.92
2025-09-22,Store_020,317,72,3531.67,1800.3,32.53,0.944
2025-09-23,Store_001,441,88,5648.07,3191.26,57.13,0.934
2025-09-23,Store_002,306,81,3844.2,2002.97,23.82,0.938
2025-09-23,Store_003,619,87,4801.99,2645.99,95.06,0.843
2025-09-23,Store_004,603,151,7037.0,4043.23,130.02,0.99
2025-09-23,Store_005,330,58,4184.16,2224.03,76.6,0.876
2025-09-23,Store_006,311,88,2966.95,1402.77,57.19,0.929
2025-09-23,Store_007,480,137,11294.36,6474.03,220.64,0.976
2025-09-23,Store_008,682,113,4691.17,2588.15,49.97,0.863
2025-09-23,Store_009,417,124,6433.59,3651.21,121.47,0.889
2025-09-23,Store_010,711,151,8278.4,4164.92,74.81,0.916
2025-09-23,Store_011,510,122,5396.98,2572.59,101.42,0.895
2025-09-23,Store_012,337,42,2206.78,1258.08,23.81,0.935
2025-09-23,Store_013,399,79,2352.99,1220.79,34.5,0.917
2025-09-23,Store_014,508,61,3324.61,1783.8,31.17,0.955
2025-09-23,Store_015,750,115,6902.31,3953.58,122.09,0.897
2025-09-23,Store_016,515,109,6770.69,3011.96,113.81,0.936
2025-09-23,Store_017,495,128,7241.04,3999.38,64.43,0.959
2025-09-23,Store_018,612,113,4299.76,1969.68,54.84,0.923
2025-09-23,Store_019,546,180,9597.14,5499.86,63.48,0.935
2025-09-23,Store_020,659,195,14408.42,7337.42,263.04,0.968
2025-09-24,Store_001,669,192,12456.18,5792.51,160.17,0.931
2025-09-24,Store_002,243,57,4011.94,1903.23,46.27,0.947
2025-09-24,Store_003,442,112,5746.54,2561.19,62.54,0.933
2025-09-24,Store_004,623,172,8996.94,4636.15,132.49,0.867
2025-09-24,Store_005,540,140,7503.52,3658.56,126.8,0.936
2025-09-24,Store_006,610,143,6014.17,3187.67,92.34,0.973
2025-09-24,Store_007,466,93,6543.48,3031.43,65.45,0.924
2025-09-24,Store_008,506,90,5436.74,2545.48,75.0,0.965
2025-09-24,Store_009,279,56,2540.54,1303.6,45.43,0.9
2025-09-24,Store_010,746,198,5502.94,2742.65,69.46,0.893
2025-09-24,Store_011,752,204,8778.09,4853.69,133.98,0.928
2025-09-24,Store_012,451,79,5287.92,2748.07,48.05,0.927
2025-09-24,Store_013,687,146,4910.41,2402.8,52.0,0.956
2025-09-24,Store_014,823,191,10787.25,5143.04,202.02,0.846
2025-09-24,Store_015,652,107,4957.82,2759.41,91.4,0.873
2025-09-24,Store_016,651,203,14646.39,6658.09,122.98,0.9
2025-09-24,Store_017,324,78,3005.72,1538.4,37.88,0.936
2025-09-24,Store_018,521,166,8568.03,4140.39,90.12,0.953
2025-09-24,Store_019,645,91,6198.78,3205.74,74.92,0.909
2025-09-24,Store_020,499,118,5722.47,2924.07,105.49,0.923
2025-09-25,Store_001,744,154,9257.95,4141.76,110.28,0.94
2025-09-25,Store_002,883,181,9517.43,5087.41,187.35,0.869
2025-09-25,Store_003,682,153,5631.47,2634.76,92.68,0.917
2025-09-25,Store_004,882,244,12769.47,6424.8,181.57,0.892
2025-09-25,Store_005,517,85,3482.47,1817.25,52.72,0.947
2025-09-25,Store_006,698,153,8830.86,3758.51,155.83,0.988
2025-09-25,Store_007,441,128,5953.06,3115.0,88.82,0.871
2025-09-25,Store_008,386,115,7162.16,3702.54,80.57,0.86
2025-09-25,Store_009,617,74,4705.72,2558.04,25.41,0.916
2025-09-25,Store_010,740,141,6481.75,3276.36,61.94,0.912
2025-09-25,Store_011,522,140,9179.18,5198.73,96.7,0.952
2025-09-25,Store_012,592,179,7702.8,4088.86,150.9,0.931
2025-09-25,Store_013,366,109,4948.62,2813.47,75.92,0.937
2025-09-25,Store_014,656,197,11649.09,5310.98,94.91,0.971
2025-09-25,Store_015,530,113,5895.37,2547.06,43.19,0.913
2025-09-25,Store_016,330,89,4084.0,1947.8,61.68,0.902
2025-09-25,Store_017,451,126,5991.71,3450.38,101.57,0.969
2025-09-25,Store_018,471,117,5728.61,3283.17,31.01,0.932
2025-09-25,Store_019,492,81,3541.14,2030.31,38.94,0.938
2025-09-25,Store_020,632,164,4846.15,2310.67,40.06,0.895
2025-09-26,Store_001,225,49,2338.72,1234.45,17.2,0.968
2025-09-26,Store_002,453,82,5051.76,2626.43,80.4,0.92
2025-09-26,Store_003,469,75,3322.89,1536.11,24.64,0.912
2025-09-26,Store_004,646,186,8016.76,3385.57,113.29,0.895
2025-09-26,Store_005,458,93,5616.47,3078.27,47.56,0.899
2025-09-26,Store_006,543,101,6619.14,3120.52,77.93,0.951
2025-09-26,Store_007,659,165,9271.32,4269.35,56.73,0.923
2025-09-26,Store_008,627,169,8393.03,3561.6,121.07,0.899
2025-09-26,Store_009,462,109,6678.13,3294.03,99.34,0.926
2025-09-26,Store_010,884,187,8027.21,3658.02,97.23,0.958
2025-09-26,Store_011,340,40,1985.81,871.72,18.78,0.94
2025-09-26,Store_012,539,93,3958.27,1797.37,75.62,0.935
2025-09-26,Store_013,707,175,9752.51,5340.07,127.45,0.881
2025-09-26,Store_014,382,71,3868.32,1788.23,64.26,0.89
2025-09-26,Store_015,582,113,4963.15,2391.64,45.93,0.99
2025-09-26,Store_016,517,145,5827.04,3096.57,60.36,0.99
2025-09-26,Store_017,456,101,4722.04,2001.98,64.02,0.91
2025-09-26,Store_018,403,60,2698.96,1521.73,47.68,0.944
2025-09-26,Store_019,755,145,6009.26,2954.32,56.87,0.886
2025-09-26,Store_020,408,96,5757.24,2729.07,72.99,0.944
2025-09-27,Store_001,973,146,6704.35,3519.33,124.47,0.889
2025-09-27,Store_002,782,138,8279.74,4703.31,85.15,0.901
2025-09-27,Store_003,1044,306,10981.81,5571.94,118.79,0.922
2025-09-27,Store_004,1086,281,14698.94,7981.02,251.72,0.94
2025-09-27,Store_005,529,149,8519.05,4424.39,44.02,0.961
2025-09-27,Store_006,749,182,7921.71,4561.82,113.51,0.899
2025-09-27,Store_007,594,170,6918.64,3178.56,122.65,0.984
2025-09-27,Store_008,572,101,5973.31,3276.98,58.32,0.926
2025-09-27,Store_009,468,108,3195.91,1744.22,44.23,0.931
2025-09-27,Store_010,820,184,8367.55,4591.49,161.08,0.907
2025-09-27,Store_011,781,136,6608.18,3211.32,51.2,0.925
2025-09-27,Store_012,661,158,7122.15,3415.19,110.34,0.942
2025-09-27,Store_013,1049,246,8271.49,4123.02,132.3,0.894
2025-09-27,Store_014,755,247,16104.64,7221.32,176.79,0.909
2025-09-27,Store_015,628,75,4615.34,2189.84,51.4,0.882
2025-09-27,Store_016,596,113,5252.57,2422.27,45.86,0.947
2025-09-27,Store_017,446,109,5223.92,2617.5,34.44,0.892
2025-09-27,Store_018,906,108,5689.62,2917.96,85.53,0.887
2025-09-27,Store_019,822,117,5812.86,2772.79,96.24,0.896
2025-09-27,Store_020,382,59,1719.21,986.39,29.32,0.968
2025-09-28,Store_001,765,139,6857.42,2988.54,62.7,0.877
2025-09-28,Store_002,552,106,4096.87,2028.09,50.56,0.931
2025-09-28,Store_003,962,339,10106.03,4660.67,80.8,0.885
2025-09-28,Store_004,892,210,15825.42,8541.52,129.81,0.929
2025-09-28,Store_005,833,221,15637.13,6890.33,198.59,0.878
2025-09-28,Store_006,743,163,9719.57,4779.83,182.54,0.916
2025-09-28,Store_007,698,110,7253.43,3693.7,79.34,0.95
2025-09-28,Store_008,929,169,4024.81,2115.81,71.32,0.93
2025-09-28,Store_009,468,111,6192.79,3340.31,76.85,0.957
2025-09-28,Store_010,772,194,10288.29,5835.47,187.27,0.933
2025-09-28,Store_011,709,154,5431.54,2403.6,70.37,0.877
2025-09-28,Store_012,404,94,3373.43,1612.55,37.21,0.932
2025-09-28,Store_013,691,214,12585.96,5962.3,206.92,0.897
2025-09-28,Store_014,644,156,8147.95,3529.88,50.57,0.901
2025-09-28,Store_015,237,76,4497.46,2307.62,83.09,0.869
2025-09-28,Store_016,535,158,5120.97,2546.51,69.38,0.895
2025-09-28,Store_017,904,173,8367.21,3927.59,120.22,0.94
2025-09-28,Store_018,500,91,5742.68,3283.05,102.36,0.896
2025-09-28,Store_019,870,168,6285.43,3422.01,78.01,0.938
2025-09-28,Store_020,852,194,8467.95,4678.74,156.61,0.905
2025-09-29,Store_001,539,107,5428.2,2908.17,86.02,0.911
2025-09-29,Store_002,780,171,10378.46,4559.57,175.65,0.946
2025-09-29,Store_003,257,58,2884.85,1453.79,50.65,0.885
2025-09-29,Store_004,834,210,8365.19,3812.1,77.55,0.95
2025-09-29,Store_005,271,75,4993.33,2239.03,71.66,0.936
2025-09-29,Store_006,267,53,2930.89,1264.93,32.52,0.882
2025-09-29,Store_007,335,80,4435.95,1880.46,78.09,0.939
2025-09-29,Store_008,666,222,16231.47,8414.91,322.63,0.894
2025-09-29,Store_009,698,145,6037.34,3022.5,96.55,0.909
2025-09-29,Store_010,487,93,3708.54,1773.21,26.14,0.937
2025-09-29,Store_011,536,130,5413.58,2470.39,61.33,0.85
2025-09-29,Store_012,279,49,2106.9,1171.49,13.37,0.852
2025-09-29,Store_013,386,87,3190.51,1388.49,47.77,0.94
2025-09-29,Store_014,723,193,10962.24,5519.98,88.47,0.946
2025-09-29,Store_015,289,90,4173.0,2082.31,83.02,0.918
2025-09-29,Store_016,639,94,4257.23,1989.95,51.75,0.902
2025-09-29,Store_017,448,70,3546.03,1779.76,51.08,0.938
2025-09-29,Store_018,400,65,2940.23,1596.38,18.42,0.927
2025-09-29,Store_019,380,100,3395.63,1856.2,23.06,0.893
2025-09-29,Store_020,820,137,3338.89,1726.3,27.33,0.884
2025-09-30,Store_001,383,62,4334.81,2452.98,80.44,0.915
2025-09-30,Store_002,862,140,7807.98,3288.19,154.26,0.906
2025-09-30,Store_003,777,159,10166.25,4796.2,141.38,0.92
2025-09-30,Store_004,420,81,2785.5,1495.14,50.75,0.923
2025-09-30,Store_005,641,187,10671.72,4505.32,106.17,0.922
2025-09-30,Store_006,709,175,10589.83,5258.78,158.75,0.954
2025-09-30,Store_007,378,100,5827.2,2786.48,66.96,0.879
2025-09-30,Store_008,240,54,3429.84,1699.29,58.35,0.898
2025-09-30,Store_009,507,133,6976.53,3229.7,50.43,0.922
2025-09-30,Store_010,584,107,6608.17,3144.71,68.83,0.924
2025-09-30,Store_011,756,178,4894.13,2644.86,48.12,0.93
2025-09-30,Store_012,680,124,4460.02,2112.36,76.27,0.927
2025-09-30,Store_013,466,94,6096.87,3156.95,93.18,0.905
2025-09-30,Store_014,516,140,6387.26,3687.77,67.67,0.961
2025-09-30,Store_015,776,178,7586.79,3461.43,70.97,0.921
2025-09-30,Store_016,343,100,5866.54,3352.3,65.88,0.901
2025-09-30,Store_017,80,14,585.93,322.31,6.11,0.933
2025-09-30,Store_018,520,118,4702.37,2635.72,30.68,0.89
2025-09-30,Store_019,761,246,10581.35,5153.82,139.57,0.943
2025-09-30,Store_020,469,138,8261.7,4366.88,122.32,0.925
2025-10-01,Store_001,235,45,2119.11,1022.6,21.31,0.915
2025-10-01,Store_002,598,131,9178.32,4729.31,60.2,0.936
2025-10-01,Store_003,454,79,3281.77,1711.53,25.87,0.897
2025-10-01,Store_004,585,70,4575.94,2071.75,69.39,0.885
2025-10-01,Store_005,475,78,4042.99,2250.34,39.12,0.904
2025-10-01,Store_006,375,99,4434.98,2429.3,37.12,0.943
2025-10-01,Store_007,567,144,9499.75,4087.15,174.51,0.943
2025-10-01,Store_008,634,186,9005.81,3988.44,127.08,0.885
2025-10-01,Store_009,393,98,6120.36,2975.67,43.15,0.914
2025-10-01,Store_010,291,56,2275.62,1105.22,15.9,0.883
2025-10-01,Store_011,632,154,6526.6,3339.58,78.39,0.905
2025-10-01,Store_012,437,121,6616.42,3465.47,131.89,0.938
2025-10-01,Store_013,649,163,5903.67,3346.52,58.65,0.838
2025-10-01,Store_014,969,149,7836.91,4101.4,148.49,0.865
2025-10-01,Store_015,551,120,4505.03,2498.84,82.73,0.94
2025-10-01,Store_016,547,107,4767.12,2160.44,27.53,0.912
2025-10-01,Store_017,425,126,6384.21,2837.32,76.35,0.948
2025-10-01,Store_018,394,107,5799.08,2657.62,54.94,0.828
2025-10-01,Store_019,472,131,6803.14,2922.36,38.9,0.895
2025-10-01,Store_020,425,78,3717.0,2052.96,70.01,0.929
2025-10-02,Store_001,704,218,8209.8,4276.39,144.32,0.925
2025-10-02,Store_002,734,90,4210.83,2353.76,21.36,0.906
2025-10-02,Store_003,289,44,1851.56,902.14,12.73,0.958
2025-10-02,Store_004,248,54,2679.17,1463.18,33.83,0.876
2025-10-02,Store_005,623,164,8140.99,4044.89,129.37,0.935
2025-10-02,Store_006,369,72,3210.87,1429.95,27.44,0.937
2025-10-02,Store_007,536,108,6820.52,3452.06,97.69,0.928
2025-10-02,Store_008,794,196,9992.86,5219.51,175.0,0.911
2025-10-02,Store_009,558,122,8109.14,4427.56,119.31,0.901
2025-10-02,Store_010,650,184,8661.27,4072.12,81.7,0.883
2025-10-02,Store_011,440,92,7377.67,3720.6,84.47,0.907
2025-10-02,Store_012,257,52,2783.28,1376.41,19.08,0.948
2025-10-02,Store_013,510,109,4050.75,1992.23,57.11,0.925
2025-10-02,Store_014,742,165,9803.61,5501.73,85.07,0.952
2025-10-02,Store_015,697,159,9324.32,5318.54,140.34,0.898
2025-10-02,Store_016,349,69,2022.17,876.77,13.51,0.899
2025-10-02,Store_017,688,142,6511.31,2934.61,44.99,0.965
2025-10-02,Store_018,514,117,6590.95,2846.47,86.18,0.929
2025-10-02,Store_019,570,121,5231.64,2315.87,88.98,0.964
2025-10-02,Store_020,716,188,10794.96,5959.48,103.28,0.913
2025-10-03,Store_001,543,172,12080.76,5804.28,144.62,0.957
2025-10-03,Store_002,514,139,7736.92,3288.26,96.71,0.896
2025-10-03,Store_003,514,146,5401.74,3115.46,97.61,0.944
2025-10-03,Store_004,932,246,9221.5,5345.19,65.57,0.926
2025-10-03,Store_005,564,92,4176.21,2391.47,72.83,0.898
2025-10-03,Store_006,290,72,4087.55,2071.78,32.06,0.93
2025-10-03,Store_007,630,113,4664.43,2116.55,51.35,0.925
2025-10-03,Store_008,843,298,15866.95,6720.13,279.53,0.911
2025-10-03,Store_009,323,99,4622.68,2622.48,34.38,0.88
2025-10-03,Store_010,473,138,6784.97,2869.27,117.53,0.919
2025-10-03,Store_011,345,74,3628.84,1552.24,29.21,0.907
2025-10-03,Store_012,538,144,10811.11,5421.59,124.74,0.924
2025-10-03,Store_013,376,81,3380.07,1764.87,30.67,0.917
2025-10-03,Store_014,609,89,4858.34,2734.43,86.59,0.962
2025-10-03,Store_015,504,74,4070.82,1799.76,23.51,0.927
2025-10-03,Store_016,386,92,5828.43,3281.74,79.5,0.941
2025-10-03,Store_017,558,187,10848.34,5868.09,96.4,0.936
2025-10-03,Store_018,222,54,2046.85,1127.65,13.7,0.86
2025-10-03,Store_019,637,102,6172.06,3389.08,43.38,0.881
2025-10-03,Store_020,864,254,13877.4,7060.84,192.71,0.931
2025-10-04,Store_001,643,150,8460.21,4393.01,112.79,0.914
2025-10-04,Store_002,702,174,9493.3,4584.83,114.7,0.892
2025-10-04,Store_003,359,50,3213.42,1580.45,56.37,0.941
2025-10-04,Store_004,823,257,7028.88,3476.32,98.04,0.923
2025-10-04,Store_005,679,148,9202.05,5258.08,108.8,0.943
2025-10-04,Store_006,1019,344,9976.07,5160.78,83.19,0.905
2025-10-04,Store_007,321,58,4429.35,2053.48,47.41,0.922
2025-10-04,Store_008,707,174,8521.26,4647.56,103.99,0.877
2025-10-04,Store_009,446,117,6023.91,2774.32,77.52,0.902
2025-10-04,Store_010,538,147,7417.12,3839.11,45.8,0.863
2025-10-04,Store_011,336,98,5467.97,2493.7,36.86,0.886
2025-10-04,Store_012,610,105,5495.32,2321.12,30.55,0.9
2025-10-04,Store_013,562,132,7193.41,3420.39,47.92,0.895
2025-10-04,Store_014,695,179,11950.21,5702.78,83.83,0.93
2025-10-04,Store_015,793,168,6910.29,3123.27,131.88,0.915
2025-10-04,Store_016,991,248,16698.38,8346.37,251.0,0.919
2025-10-04,Store_017,1151,269,11718.06,5683.11,66.69,0.897
2025-10-04,Store_018,857,228,12799.66,6215.85,210.0,0.956
2025-10-04,Store_019,550,133,3113.93,1642.22,20.75,0.919
2025-10-04,Store_020,464,85,4514.54,2533.04,75.53,0.935
2025-10-05,Store_001,701,170,10797.84,5368.0,199.31,0.917
2025-10-05,Store_002,420,138,5593.63,2850.75,73.52,0.909
2025-10-05,Store_003,647,163,8017.4,3661.63,146.72,0.868
2025-10-05,Store_004,737,207,12707.27,5953.63,233.36,0.932
2025-10-05,Store_005,681,120,5918.14,3215.26,59.11,0.911
2025-10-05,Store_006,824,209,12629.92,6341.24,189.75,0.925
2025-10-05,Store_007,705,124,6557.45,3354.22,117.36,0.917
2025-10-05,Store_008,413,59,3198.7,1568.55,62.69,0.943
2025-10-05,Store_009,765,165,7495.16,4120.21,47.44,0.943
2025-10-05,Store_010,842,174,7936.54,4399.6,113.52,0.878
2025-10-05,Store_011,270,56,2838.73,1289.68,56.03,0.891
2025-10-05,Store_012,498,99,7674.71,3613.03,110.27,0.934
2025-10-05,Store_013,369,101,5262.22,2238.55,26.87,0.939
2025-10-05,Store_014,979,117,7636.59,4418.0,103.48,0.954
2025-10-05,Store_015,664,121,4429.3,2154.53,23.22,0.948
2025-10-05,Store_016,675,113,5227.79,2599.33,56.49,0.918
2025-10-05,Store_017,851,206,8477.58,4579.56,148.75,0.928
2025-10-05,Store_018,564,93,5642.64,3256.35,40.01,0.9
2025-10-05,Store_019,726,190,10362.84,5224.16,96.72,0.962
2025-10-05,Store_020,464,102,4442.82,2066.55,60.91,0.953
2025-10-06,Store_001,414,121,7515.52,4273.49,53.21,0.914
2025-10-06,Store_002,347,97,3841.72,1917.3,20.18,0.934
2025-10-06,Store_003,500,155,7809.63,3660.77,85.89,0.905
2025-10-06,Store_004,296,67,3625.15,1729.34,69.0,0.959
2025-10-06,Store_005,455,107,8148.05,3884.75,142.93,0.914
2025-10-06,Store_006,611,128,6423.19,3004.15,123.69,0.908
2025-10-06,Store_007,649,200,8135.13,4322.67,129.72,0.929
2025-10-06,Store_008,604,111,4583.61,2540.29,60.69,0.901
2025-10-06,Store_009,143,46,2678.2,1237.1,22.88,0.917
2025-10-06,Store_010,921,198,12477.65,6422.18,228.6,0.915
2025-10-06,Store_011,720,205,8490.69,4101.09,137.28,0.955
2025-10-06,Store_012,635,107,6357.88,3446.51,118.42,0.923
2025-10-06,Store_013,549,124,6332.21,2992.51,46.15,0.847
2025-10-06,Store_014,583,130,4000.59,2063.22,41.81,0.921
2025-10-06,Store_015,108,31,1378.18,774.08,12.54,0.899
2025-10-06,Store_016,498,106,5350.14,3020.09,91.79,0.915
2025-10-06,Store_017,541,135,4896.81,2616.15,34.34,0.902
2025-10-06,Store_018,350,66,3248.62,1494.71,20.71,0.931
2025-10-06,Store_019,558,134,6785.53,3315.68,70.13,0.851
2025-10-06,Store_020,222,57,2399.01,1381.25,26.52,0.942
2025-10-07,Store_001,336,95,5186.32,2965.67,100.54,0.948
2025-10-07,Store_002,899,182,9305.97,4964.26,169.89,0.923
2025-10-07,Store_003,588,166,5608.59,2763.7,80.75,0.94
2025-10-07,Store_004,439,75,4864.53,2205.39,74.41,0.879
2025-10-07,Store_005,357,75,4064.75,1961.08,62.24,0.907
2025-10-07,Store_006,584,157,8285.24,4042.56,132.52,0.861
2025-10-07,Store_007,617,157,4839.25,2303.72,25.44,0.956
2025-10-07,Store_008,879,207,9288.09,5105.66,78.82,0.93
2025-10-07,Store_009,1017,171,9270.15,5146.82,86.93,0.94
2025-10-07,Store_010,439,118,3553.2,1622.24,67.48,0.872
2025-10-07,Store_011,340,79,4869.07,2309.8,68.55,0.94
2025-10-07,Store_012,548,137,7225.59,3859.47,87.9,0.944
2025-10-07,Store_013,712,143,6538.13,2782.35,128.61,0.958
2025-10-07,Store_014,241,60,4289.81,1841.36,47.14,0.99
2025-10-07,Store_015,370,95,5890.69,3061.92,74.06,0.96
2025-10-07,Store_016,639,133,7548.69,3289.45,65.97,0.903
2025-10-07,Store_017,715,165,7546.8,4259.21,38.03,0.953
2025-10-07,Store_018,812,234,8191.97,3944.26,122.49,0.908
2025-10-07,Store_019,438,70,2420.11,1124.86,28.82,0.867
2025-10-07,Store_020,474,90,4991.65,2740.91,54.32,0.968
2025-10-08,Store_001,672,156,8432.94,4187.93,159.36,0.954
2025-10-08,Store_002,472,118,3686.95,1601.65,50.52,0.937
2025-10-08,Store_003,502,151,8995.4,4026.16,168.9,0.871
2025-10-08,Store_004,617,144,6894.67,3827.57,86.43,0.971
2025-10-08,Store_005,570,128,5987.59,3381.97,88.4,0.939
2025-10-08,Store_006,646,128,5846.64,2995.6,30.27,0.901
2025-10-08,Store_007,520,97,6105.95,3259.73,96.68,0.99
2025-10-08,Store_008,387,105,5151.97,2759.59,82.11,0.917
2025-10-08,Store_009,417,110,8195.03,4060.91,56.85,0.941
2025-10-08,Store_010,519,142,6945.27,3972.77,117.63,0.962
2025-10-08,Store_011,674,143,6435.41,3509.86,41.93,0.895
2025-10-08,Store_012,356,113,6733.69,3307.97,35.42,0.862
2025-10-08,Store_013,379,83,3566.12,1781.29,46.17,0.93
2025-10-08,Store_014,443,94,6192.21,3192.87,64.2,0.921
2025-10-08,Store_015,383,83,3459.51,1983.31,44.25,0.929
2025-10-08,Store_016,480,93,4494.89,2277.07,56.8,0.885
2025-10-08,Store_017,563,141,7314.05,3203.93,125.1,0.894
2025-10-08,Store_018,511,146,8199.74,4673.76,88.73,0.891
2025-10-08,Store_019,345,79,3847.4,1888.82,75.49,0.929
2025-10-08,Store_020,909,273,18956.24,9102.97,166.42,0.968
2025-10-09,Store_001,347,87,2658.94,1479.76,28.18,0.949
2025-10-09,Store_002,771,156,10871.97,6203.52,196.77,0.953
2025-10-09,Store_003,499,113,5041.75,2923.74,73.66,0.947
2025-10-09,Store_004,740,138,9742.73,4696.4,135.09,0.978
2025-10-09,Store_005,562,125,9248.33,4557.65,61.81,0.913
2025-10-09,Store_006,685,99,4398.39,2293.97,54.21,0.889
2025-10-09,Store_007,267,62,3078.94,1351.72,36.29,0.97
2025-10-09,Store_008,522,132,7500.48,3932.6,106.6,0.929
2025-10-09,Store_009,623,153,8644.78,4766.03,62.98,0.903
2025-10-09,Store_010,467,135,8967.3,4971.6,65.44,0.904
2025-10-09,Store_011,881,258,15574.18,8185.67,262.34,0.925
2025-10-09,Store_012,532,97,4465.32,1881.34,30.67,0.918
2025-10-09,Store_013,360,61,3310.35,1568.59,18.25,0.899
2025-10-09,Store_014,444,101,7951.27,3541.46,154.38,0.933
2025-10-09,Store_015,579,90,4555.84,2537.78,75.13,0.918
2025-10-09,Store_016,669,161,7501.42,3656.56,60.69,0.937
2025-10-09,Store_017,614,153,10045.06,4681.06,173.53,0.933
2025-10-09,Store_018,314,41,2263.51,1312.04,37.6,0.917
2025-10-09,Store_019,560,88,4137.6,2009.54,33.03,0.911
2025-10-09,Store_020,257,74,5076.76,2798.38,74.57,0.933
2025-10-10,Store_001,469,137,9208.35,4020.87,85.05,0.918
2025-10-10,Store_002,467,76,4723.34,2544.8,44.16,0.965
2025-10-10,Store_003,524,129,6961.75,4010.87,35.62,0.892
2025-10-10,Store_004,552,145,8349.04,4811.64,57.24,0.883
2025-10-10,Store_005,304,60,2618.89,1165.09,31.87,0.907
2025-10-10,Store_006,711,138,5863.78,3381.72,75.01,0.884
2025-10-10,Store_007,723,95,7382.1,3649.22,91.42,0.937
2025-10-10,Store_008,619,146,6362.22,2984.78,83.54,0.931
2025-10-10,Store_009,292,69,1893.17,851.06,22.17,0.864
2025-10-10,Store_010,524,84,5712.29,3226.13,77.39,0.929
2025-10-10,Store_011,400,114,4050.39,1849.11,32.68,0.912
2025-10-10,Store_012,896,233,14122.54,6318.59,164.36,0.911
2025-10-10,Store_013,699,136,7527.93,3415.54,60.45,0.951
2025-10-10,Store_014,443,114,7562.13,4043.9,53.93,0.926
2025-10-10,Store_015,586,122,7842.23,3852.53,113.96,0.911
2025-10-10,Store_016,361,89,5080.82,2233.23,37.31,0.893
2025-10-10,Store_017,400,54,3803.36,1805.11,32.62,0.864
2025-10-10,Store_018,355,69,3113.13,1747.63,43.45,0.917
2025-10-10,Store_019,439,97,7441.98,4159.06,98.89,0.912
2025-10-10,Store_020,507,126,5680.16,2415.67,51.26,0.927
2025-10-11,Store_001,1097,245,18251.93,9613.3,180.88,0.925
2025-10-11,Store_002,610,150,10140.77,4525.04,79.62,0.904
2025-10-11,Store_003,793,199,5079.22,2406.77,49.76,0.889
2025-10-11,Store_004,728,268,10693.15,5901.03,203.61,0.906
2025-10-11,Store_005,741,193,13831.68,7436.2,221.7,0.887
2025-10-11,Store_006,482,114,6537.66,3076.52,109.5,0.932
2025-10-11,Store_007,1036,221,12612.81,6278.33,208.04,0.894
2025-10-11,Store_008,392,83,5758.37,2870.18,55.02,0.935
2025-10-11,Store_009,890,216,8356.21,4835.28,157.92,0.886
2025-10-11,Store_010,530,120,7909.29,3380.46,152.18,0.896
2025-10-11,Store_011,201,47,2696.81,1375.84,53.12,0.948
2025-10-11,Store_012,800,247,9034.31,4756.6,111.18,0.912
2025-10-11,Store_013,746,212,11456.85,6427.6,207.32,0.877
2025-10-11,Store_014,177,37,2355.72,1075.16,38.97,0.94
2025-10-11,Store_015,895,240,14950.54,6621.02,264.12,0.923
2025-10-11,Store_016,332,54,1960.41,1031.75,13.73,0.909
2025-10-11,Store_017,700,140,5706.55,2443.93,57.98,0.971
2025-10-11,Store_018,815,175,8466.97,4886.82,131.99,0.883
2025-10-11,Store_019,272,60,1345.19,725.78,16.72,0.938
2025-10-11,Store_020,893,257,11823.34,5724.98,93.37,0.936
2025-10-12,Store_001,823,190,7590.28,3260.9,47.69,0.893
2025-10-12,Store_002,621,106,7517.05,3566.59,129.91,0.957
2025-10-12,Store_003,512,164,9001.76,5023.41,125.45,0.953
2025-10-12,Store_004,230,53,2820.99,1226.72,42.67,0.943
2025-10-12,Store_005,471,85,4741.82,2740.4,50.29,0.921
2025-10-12,Store_006,394,81,4343.72,1998.62,39.61,0.966
2025-10-12,Store_007,576,110,5972.4,3105.15,57.11,0.98
2025-10-12,Store_008,399,70,3800.34,1885.73,71.27,0.883
2025-10-12,Store_009,640,135,6031.76,3164.67,33.93,0.946
2025-10-12,Store_010,132,23,1291.79,609.2,17.81,0.874
2025-10-12,Store_011,553,97,5456.94,2405.67,47.99,0.916
2025-10-12,Store_012,562,115,6359.0,2878.33,111.68,0.891
2025-10-12,Store_013,483,134,6248.27,2678.15,91.26,0.916
2025-10-12,Store_014,622,173,5739.18,2537.74,52.25,0.929
2025-10-12,Store_015,461,98,2408.77,1300.34,37.65,0.917
2025-10-12,Store_016,717,146,7409.87,3852.8,97.87,0.936
2025-10-12,Store_017,666,174,8848.34,4621.06,162.4,0.928
2025-10-12,Store_018,868,221,12723.12,5866.08,203.78,0.92
2025-10-12,Store_019,80,25,751.17,322.9,8.15,0.907
2025-10-12,Store_020,734,163,10487.22,6018.99,139.49,0.926
2025-10-13,Store_001,566,90,5310.77,2425.95,32.27,0.908
2025-10-13,Store_002,759,206,11266.96,6334.43,178.22,0.891
2025-10-13,Store_003,866,169,8932.87,4118.91,159.44,0.959
2025-10-13,Store_004,578,132,7907.86,3324.12,157.66,0.901
2025-10-13,Store_005,149,25,1182.44,551.81,23.08,0.893
2025-10-13,Store_006,526,134,9052.79,4604.58,173.69,0.891
2025-10-13,Store_007,300,72,4275.73,2174.87,67.99,0.88
2025-10-13,Store_008,681,90,3464.76,1790.99,21.57,0.87
2025-10-13,Store_009,396,107,6961.89,3816.71,96.99,0.918
2025-10-13,Store_010,765,145,3413.87,1829.74,45.39,0.932
2025-10-13,Store_011,361,90,5834.77,2479.51,109.63,0.912
2025-10-13,Store_012,744,123,4406.17,2415.53,26.26,0.928
2025-10-13,Store_013,557,131,7092.22,4063.24,95.4,0.914
2025-10-13,Store_014,664,181,8714.77,4786.6,89.38,0.877
2025-10-13,Store_015,602,86,5939.91,2926.67,39.52,0.94
2025-10-13,Store_016,504,105,5174.19,2262.94,67.04,0.935
2025-10-13,Store_017,407,132,6430.91,3303.3,86.54,0.917
2025-10-13,Store_018,476,92,5231.41,2729.65,98.16,0.913
2025-10-13,Store_019,695,193,13248.56,5588.03,172.1,0.897
2025-10-13,Store_020,521,98,2925.51,1643.22,20.35,0.984
2025-10-14,Store_001,437,140,7580.7,3387.73,64.96,0.919
2025-10-14,Store_002,350,48,2619.21,1291.83,20.35,0.898
2025-10-14,Store_003,493,121,4815.13,2097.43,40.17,0.956
2025-10-14,Store_004,464,134,5367.34,2687.35,41.04,0.935
2025-10-14,Store_005,447,103,5040.8,2253.58,46.17,0.905
2025-10-14,Store_006,476,134,9147.3,4072.4,121.49,0.925
2025-10-14,Store_007,557,97,4982.25,2359.91,44.0,0.922
2025-10-14,Store_008,658,151,10967.24,6078.13,132.75,0.941
2025-10-14,Store_009,480,92,4982.53,2694.67,48.39,0.959
2025-10-14,Store_010,404,95,5380.8,2991.92,69.36,0.952
2025-10-14,Store_011,758,121,6843.38,3139.78,129.47,0.93
2025-10-14,Store_012,476,199,14266.97,7335.62,264.9,0.957
2025-10-14,Store_013,315,65,2812.04,1507.46,36.54,0.983
2025-10-14,Store_014,542,172,8287.79,3526.82,61.1,0.941
2025-10-14,Store_015,516,112,5776.45,3055.18,85.73,0.93
2025-10-14,Store_016,545,117,8398.83,3623.41,157.23,0.954
2025-10-14,Store_017,449,108,2771.27,1519.92,33.03,0.913
2025-10-14,Store_018,527,128,7242.87,3762.43,134.95,0.971
2025-10-14,Store_019,227,37,2017.77,1127.36,20.84,0.885
2025-10-14,Store_020,620,121,8614.15,4547.44,90.81,0.892
2025-10-15,Store_001,329,58,3757.34,1989.51,50.24,0.919
2025-10-15,Store_002,661,156,8323.24,3666.33,157.3,0.948
2025-10-15,Store_003,749,145,7793.66,3376.82,75.59,0.932
2025-10-15,Store_004,474,139,6356.49,2806.55,47.59,0.971
2025-10-15,Store_005,642,194,7332.05,3294.36,96.65,0.94
2025-10-15,Store_006,240,37,1826.39,785.71,21.73,0.954
2025-10-15,Store_007,717,204,5948.2,2816.87,118.01,0.944
2025-10-15,Store_008,659,130,7249.72,3986.44,124.74,0.905
2025-10-15,Store_009,533,158,6243.1,3272.73,98.75,0.94
2025-10-15,Store_010,567,141,7074.97,3955.3,112.66,0.925
2025-10-15,Store_011,532,138,7888.04,3821.46,80.98,0.915
2025-10-15,Store_012,597,160,12919.65,7387.05,212.61,0.875
2025-10-15,Store_013,326,65,3254.53,1712.8,54.93,0.966
2025-10-15,Store_014,232,67,3719.58,1685.15,69.3,0.909
2025-10-15,Store_015,291,50,2855.54,1515.33,31.11,0.896
2025-10-15,Store_016,318,93,5004.96,2310.49,89.04,0.922
2025-10-15,Store_017,620,136,6359.04,3167.57,68.9,0.89
2025-10-15,Store_018,694,140,2872.65,1245.0,30.63,0.921
2025-10-15,Store_019,303,73,2875.06,1309.07,37.93,0.967
2025-10-15,Store_020,453,111,3357.11,1664.53,48.25,0.916
2025-10-16,Store_001,635,172,11673.69,5698.73,208.19,0.875
2025-10-16,Store_002,571,142,10698.15,5628.29,103.18,0.887
2025-10-16,Store_003,399,78,4502.78,1951.58,82.33,0.925
2025-10-16,Store_004,643,169,12263.29,6971.41,91.76,0.923
2025-10-16,Store_005,658,153,10990.21,4755.74,167.13,0.923
2025-10-16,Store_006,592,185,12959.46,5591.41,120.37,0.931
2025-10-16,Store_007,361,70,1681.76,709.79,15.25,0.935
2025-10-16,Store_008,440,106,5225.25,2277.95,87.43,0.869
2025-10-16,Store_009,350,92,5227.95,2707.0,51.15,0.901
2025-10-16,Store_010,450,111,7543.42,3188.34,87.8,0.977
2025-10-16,Store_011,646,192,5355.23,2338.77,40.94,0.969
2025-10-16,Store_012,120,27,1245.37,648.53,19.4,0.988
2025-10-16,Store_013,297,71,4523.54,1979.08,73.35,0.969
2025-10-16,Store_014,408,76,4875.1,2756.62,36.56,0.928
2025-10-16,Store_015,633,134,7150.29,3369.61,99.85,0.987
2025-10-16,Store_016,464,114,5780.51,3227.26,81.21,0.904
2025-10-16,Store_017,597,159,8701.2,4276.65,67.34,0.882
2025-10-16,Store_018,489,107,6401.63,3215.6,69.16,0.902
2025-10-16,Store_019,606,130,7175.57,3178.34,54.35,0.903
2025-10-16,Store_020,711,141,6660.14,2882.65,104.56,0.892
2025-10-17,Store_001,558,113,4560.35,2077.55,36.04,0.95
2025-10-17,Store_002,251,70,3685.45,2026.1,42.13,0.941
2025-10-17,Store_003,593,97,5748.37,2898.48,38.63,0.961
2025-10-17,Store_004,477,155,8924.1,5021.67,88.35,0.893
2025-10-17,Store_005,568,115,6268.05,3309.11,49.71,0.937
2025-10-17,Store_006,685,203,12513.52,6755.08,165.72,0.957
2025-10-17,Store_007,276,67,3955.58,1810.37,62.81,0.899
2025-10-17,Store_008,785,204,8614.86,4264.59,119.6,0.95
2025-10-17,Store_009,699,172,10595.93,4639.84,131.19,0.917
2025-10-17,Store_010,265,45,2038.83,932.85,31.26,0.875
2025-10-17,Store_011,396,110,6921.72,2974.69,100.83,0.888
2025-10-17,Store_012,600,72,4245.71,2417.31,80.12,0.961
2025-10-17,Store_013,647,149,4341.64,2420.11,24.61,0.935
2025-10-17,Store_014,472,109,5200.99,2690.49,61.32,0.897
2025-10-17,Store_015,644,115,4946.57,2656.06,96.57,0.96
2025-10-17,Store_016,491,136,5295.62,2669.77,33.6,0.918
2025-10-17,Store_017,478,98,4784.53,2360.42,62.34,0.983
2025-10-17,Store_018,657,185,10269.92,5125.47,167.6,0.944
2025-10-17,Store_019,402,101,5173.29,2547.64,57.24,0.973
2025-10-17,Store_020,684,173,6651.64,3648.66,131.15,0.947
2025-10-18,Store_001,744,182,12423.14,6437.53,122.79,0.921
2025-10-18,Store_002,803,209,8582.45,4130.56,110.68,0.931
2025-10-18,Store_003,510,85,4040.46,1860.74,54.36,0.965
2025-10-18,Store_004,568,120,6642.89,2909.48,78.29,0.98
2025-10-18,Store_005,812,163,5603.58,2657.85,111.2,0.904
2025-10-18,Store_006,772,149,8903.21,4877.28,153.26,0.864
2025-10-18,Store_007,211,47,2907.1,1492.85,55.05,0.959
2025-10-18,Store_008,542,85,3743.28,1693.42,32.41,0.948
2025-10-18,Store_009,608,155,6641.75,2980.4,91.38,0.93
2025-10-18,Store_010,405,72,1818.67,931.42,16.17,0.912
2025-10-18,Store_011,651,132,6330.09,2811.19,95.92,0.96
2025-10-18,Store_012,1004,222,14454.56,7059.36,139.85,0.917
2025-10-18,Store_013,690,202,12151.71,5936.75,140.35,0.865
2025-10-18,Store_014,624,160,5762.45,2973.34,39.76,0.883
2025-10-18,Store_015,741,199,12125.65,6925.03,235.96,0.895
2025-10-18,Store_016,832,107,4826.57,2646.47,94.08,0.956
2025-10-18,Store_017,700,161,10089.86,4613.78,111.38,0.892
2025-10-18,Store_018,589,115,5415.47,2620.45,92.24,0.944
2025-10-18,Store_019,914,171,8755.43,4633.95,156.01,0.921
2025-10-18,Store_020,434,131,6962.88,3272.86,115.42,0.94
2025-10-19,Store_001,644,146,13834.71,6532.05,255.18,0.923
2025-10-19,Store_002,516,119,6299.21,3207.01,56.38,0.89
2025-10-19,Store_003,358,60,3752.16,2068.56,61.16,0.913
2025-10-19,Store_004,854,245,16243.6,6985.17,200.85,0.978
2025-10-19,Store_005,433,98,4726.48,2561.4,72.72,0.931
2025-10-19,Store_006,536,152,8721.87,3767.15,45.51,0.916
2025-10-19,Store_007,520,77,2682.89,1265.55,28.04,0.924
2025-10-19,Store_008,763,215,8716.48,4286.9,94.17,0.924
2025-10-19,Store_009,649,115,4484.23,2219.84,31.89,0.914
2025-10-19,Store_010,406,67,2682.2,1533.89,51.76,0.898
2025-10-19,Store_011,583,91,3613.24,1590.23,58.36,0.926
2025-10-19,Store_012,466,84,5946.93,3306.77,88.96,0.916
2025-10-19,Store_013,784,206,14589.78,7099.93,149.9,0.901
2025-10-19,Store_014,504,90,4753.6,2406.95,87.13,0.944
2025-10-19,Store_015,721,179,6279.32,3614.53,96.97,0.901
2025-10-19,Store_016,319,54,2048.89,1151.28,39.18,0.877
2025-10-19,Store_017,240,69,3270.2,1421.13,33.31,0.963
2025-10-19,Store_018,661,168,9964.77,5080.62,59.1,0.879
2025-10-19,Store_019,746,201,15382.3,8223.02,215.7,0.965
2025-10-19,Store_020,524,149,12423.83,6448.73,192.88,0.958
2025-10-20,Store_001,887,175,5613.33,2404.26,28.18,0.923
2025-10-20,Store_002,778,220,12261.52,6420.88,149.92,0.877
2025-10-20,Store_003,741,150,8034.58,3507.19,153.68,0.963
2025-10-20,Store_004,681,214,9474.38,4189.82,83.22,0.908
2025-10-20,Store_005,869,170,6928.04,3487.91,51.99,0.886
2025-10-20,Store_006,353,81,2882.91,1299.61,39.04,0.918
2025-10-20,Store_007,464,125,6902.77,2916.0,113.92,0.889
2025-10-20,Store_008,613,188,8887.34,4563.93,49.66,0.885
2025-10-20,Store_009,414,63,2459.68,1263.62,39.19,0.965
2025-10-20,Store_010,676,179,7752.85,3797.23,104.02,0.929
2025-10-20,Store_011,924,261,7902.91,3634.82,138.05,0.905
2025-10-20,Store_012,651,143,6104.29,2993.31,112.75,0.892
2025-10-20,Store_013,499,124,7739.6,4440.59,87.35,0.918
2025-10-20,Store_014,530,98,2627.42,1477.16,29.68,0.94
2025-10-20,Store_015,630,168,10033.03,4510.47,137.66,0.913
2025-10-20,Store_016,433,98,5175.98,2803.09,42.84,0.939
2025-10-20,Store_017,389,106,3309.59,1831.62,46.74,0.926
2025-10-20,Store_018,790,157,7803.93,4244.78,102.01,0.939
2025-10-20,Store_019,507,125,7334.7,3681.37,43.49,0.959
2025-10-20,Store_020,327,87,5143.86,2845.92,39.52,0.863
2025-10-21,Store_001,714,88,4903.22,2577.8,84.67,0.91
2025-10-21,Store_002,479,67,3841.43,1937.93,47.14,0.952
2025-10-21,Store_003,507,116,6415.47,2959.03,112.8,0.931
2025-10-21,Store_004,375,95,4364.73,2055.41,72.6,0.964
2025-10-21,Store_005,340,58,3357.72,1868.8,40.57,0.891
2025-10-21,Store_006,452,105,4661.44,2642.31,88.0,0.912
2025-10-21,Store_007,432,116,6903.76,3882.95,91.89,0.909
2025-10-21,Store_008,80,15,856.27,398.88,10.53,0.922
2025-10-21,Store_009,705,159,10764.42,6203.9,112.26,0.964
2025-10-21,Store_010,481,104,6424.19,2937.67,87.23,0.931
2025-10-21,Store_011,398,109,5554.17,3220.49,65.06,0.912
2025-10-21,Store_012,484,121,5721.51,3005.73,48.62,0.877
2025-10-21,Store_013,526,144,6899.26,2952.72,62.16,0.913
2025-10-21,Store_014,742,139,7389.53,3645.29,56.7,0.883
2025-10-21,Store_015,586,147,6425.23,3212.31,38.46,0.947
2025-10-21,Store_016,483,93,3198.59,1389.37,22.04,0.973
2025-10-21,Store_017,480,143,8069.95,4175.1,52.18,0.926
2025-10-21,Store_018,302,48,3259.56,1811.52,29.41,0.959
2025-10-21,Store_019,276,61,3269.46,1571.85,41.06,0.92
2025-10-21,Store_020,341,56,2801.85,1555.63,47.73,0.93
2025-10-22,Store_001,445,73,3014.45,1447.45,60.09,0.938
2025-10-22,Store_002,726,198,9816.78,4335.39,141.91,0.904
2025-10-22,Store_003,306,69,3243.47,1603.48,35.79,0.91
2025-10-22,Store_004,525,128,6109.86,3281.69,68.42,0.883
2025-10-22,Store_005,514,112,5444.35,2530.63,59.01,0.865
2025-10-22,Store_006,152,35,1984.75,1126.83,26.9,0.944
2025-10-22,Store_007,693,126,7234.63,3826.79,54.92,0.893
2025-10-22,Store_008,557,118,2946.61,1276.31,55.69,0.954
2025-10-22,Store_009,728,131,6169.49,3461.68,111.93,0.969
2025-10-22,Store_010,551,136,6837.03,3494.46,102.94,0.867
2025-10-22,Store_011,471,97,3720.32,2107.29,55.54,0.945
2025-10-22,Store_012,584,157,9529.56,4601.12,110.6,0.911
2025-10-22,Store_013,883,217,11533.15,4880.83,174.32,0.904
2025-10-22,Store_014,428,110,9239.97,4278.94,73.53,0.934
2025-10-22,Store_015,276,58,3295.68,1729.11,57.63,0.956
2025-10-22,Store_016,738,130,5312.4,2979.55,55.41,0.928
2025-10-22,Store_017,716,176,9983.75,5124.43,92.82,0.949
2025-10-22,Store_018,558,128,6638.97,3143.54,34.67,0.963
2025-10-22,Store_019,353,72,3913.31,1708.79,20.52,0.924
2025-10-22,Store_020,677,206,9491.44,4780.98,63.15,0.927
2025-10-23,Store_001,378,95,4611.5,2282.95,73.64,0.956
2025-10-23,Store_002,630,126,5562.49,2710.87,46.16,0.95
2025-10-23,Store_003,248,57,3394.53,1578.76,67.5,0.939
2025-10-23,Store_004,315,91,4969.58,2845.4,71.17,0.85
2025-10-23,Store_005,610,185,8197.47,3451.29,66.6,0.908
2025-10-23,Store_006,355,47,1833.92,938.73,36.34,0.918
2025-10-23,Store_007,430,80,2834.27,1586.92,51.87,0.881
2025-10-23,Store_008,606,123,7096.42,3387.89,119.48,0.913
2025-10-23,Store_009,727,188,3384.0,1771.54,67.23,0.931
2025-10-23,Store_010,357,83,4929.8,2454.0,70.1,0.948
2025-10-23,Store_011,347,87,4885.72,2431.6,90.0,0.922
2025-10-23,Store_012,766,174,12107.27,6969.97,222.72,0.965
2025-10-23,Store_013,575,129,9816.03,5212.32,114.52,0.816
2025-10-23,Store_014,522,126,6169.8,3140.05,32.11,0.92
2025-10-23,Store_015,588,126,10723.27,5176.01,162.93,0.934
2025-10-23,Store_016,250,52,2978.36,1693.06,37.36,0.903
2025-10-23,Store_017,327,61,3359.4,1645.86,54.38,0.9
2025-10-23,Store_018,700,126,7405.76,4037.15,81.33,0.955
2025-10-23,Store_019,760,214,14028.61,5989.59,155.91,0.882
2025-10-23,Store_020,910,173,8542.16,4089.49,43.57,0.916
2025-10-24,Store_001,528,129,6343.67,3676.0,107.74,0.961
2025-10-24,Store_002,774,154,10481.71,5071.14,153.92,0.892
2025-10-24,Store_003,736,240,10706.91,4557.14,206.67,0.951
2025-10-24,Store_004,492,82,5982.16,2723.72,67.68,0.907
2025-10-24,Store_005,840,100,7569.44,3485.63,44.56,0.942
2025-10-24,Store_006,775,238,9552.04,4394.88,96.46,0.909
2025-10-24,Store_007,357,69,4504.12,2284.04,74.92,0.888
2025-10-24,Store_008,543,126,7804.91,4448.48,112.85,0.948
2025-10-24,Store_009,607,161,8111.21,3668.38,80.35,0.93
2025-10-24,Store_010,386,109,5456.92,3057.92,98.58,0.922
2025-10-24,Store_011,462,95,5542.73,2625.95,77.06,0.892
2025-10-24,Store_012,978,243,13710.84,6556.47,251.04,0.95
2025-10-24,Store_013,691,164,10401.11,5944.79,55.64,0.867
2025-10-24,Store_014,437,117,5132.13,2646.43,40.84,0.904
2025-10-24,Store_015,554,94,2926.42,1553.25,22.38,0.896
2025-10-24,Store_016,475,129,5925.81,2988.89,40.23,0.897
2025-10-24,Store_017,719,142,7226.34,3417.68,55.56,0.916
2025-10-24,Store_018,660,196,13053.38,6118.25,81.85,0.918
2025-10-24,Store_019,562,131,5733.06,2587.11,90.69,0.981
2025-10-24,Store_020,543,176,11598.62,5960.01,207.51,0.953
2025-10-25,Store_001,613,170,5477.05,2445.61,98.39,0.925
2025-10-25,Store_002,709,214,8117.01,4165.19,68.11,0.976
2025-10-25,Store_003,667,179,8878.2,4396.16,155.49,0.895
2025-10-25,Store_004,754,181,10571.42,4628.11,130.61,0.922
2025-10-25,Store_005,799,147,6847.57,3057.98,110.05,0.926
2025-10-25,Store_006,904,108,4836.27,2092.04,93.73,0.925
2025-10-25,Store_007,604,127,8884.65,4937.43,154.0,0.912
2025-10-25,Store_008,690,109,6571.53,3763.49,90.81,0.922
2025-10-25,Store_009,800,306,17422.76,8167.2,289.67,0.936
2025-10-25,Store_010,607,161,9952.94,4724.87,180.93,0.957
2025-10-25,Store_011,938,205,10053.72,5721.9,71.6,0.917
2025-10-25,Store_012,475,95,4656.52,2311.94,47.75,0.865
2025-10-25,Store_013,755,155,4825.09,2436.51,31.64,0.916
2025-10-25,Store_014,796,300,16538.22,8836.72,316.3,0.928
2025-10-25,Store_015,497,128,6105.48,3141.96,118.85,0.911
2025-10-25,Store_016,830,197,9761.19,4106.88,112.67,0.901
2025-10-25,Store_017,956,222,12093.12,5352.29,140.77,0.936
2025-10-25,Store_018,939,271,9211.63,4499.94,59.0,0.885
2025-10-25,Store_019,885,255,12050.33,5530.16,133.76,0.908
2025-10-25,Store_020,994,206,8030.37,4587.67,122.72,0.862
2025-10-26,Store_001,462,58,2975.74,1633.29,29.44,0.878
2025-10-26,Store_002,272,56,3009.32,1402.53,34.94,0.938
2025-10-26,Store_003,588,126,6140.89,2878.81,37.84,0.903
2025-10-26,Store_004,709,202,9157.07,5003.38,67.73,0.931
2025-10-26,Store_005,699,161,6736.8,3186.05,119.87,0.895
2025-10-26,Store_006,398,82,5617.64,2651.8,28.43,0.967
2025-10-26,Store_007,763,115,7115.29,3535.5,121.08,0.91
2025-10-26,Store_008,800,228,7937.35,4515.12,68.88,0.888
2025-10-26,Store_009,902,176,6350.08,3526.02,111.18,0.922
2025-10-26,Store_010,625,191,8049.74,3830.75,104.04,0.947
2025-10-26,Store_011,665,189,6772.82,3396.92,73.94,0.921
2025-10-26,Store_012,556,93,4537.11,2131.79,81.38,0.945
2025-10-26,Store_013,536,94,6292.57,2647.34,76.34,0.962
2025-10-26,Store_014,632,144,11899.38,5102.49,85.17,0.927
2025-10-26,Store_015,891,203,11452.69,4883.73,163.56,0.878
2025-10-26,Store_016,273,63,2998.59,1576.52,23.22,0.908
2025-10-26,Store_017,694,195,11853.11,5920.17,63.55,0.951
2025-10-26,Store_018,344,100,3937.15,2108.98,25.91,0.956
2025-10-26,Store_019,319,92,2744.45,1229.44,33.3,0.916
2025-10-26,Store_020,583,128,6743.51,2854.58,72.94,0.913
2025-10-27,Store_001,652,84,5690.51,3210.73,93.88,0.899
2025-10-27,Store_002,356,77,5361.96,2845.25,53.23,0.906
2025-10-27,Store_003,726,123,6822.86,3578.56,119.65,0.892
2025-10-27,Store_004,563,148,6602.55,3666.98,99.83,0.889
2025-10-27,Store_005,448,91,4426.66,2300.15,38.46,0.9
2025-10-27,Store_006,419,101,4572.39,2467.13,82.01,0.958
2025-10-27,Store_007,500,117,7284.34,4094.34,61.07,0.944
2025-10-27,Store_008,704,154,5631.1,3171.84,95.64,0.944
2025-10-27,Store_009,453,94,6396.64,3126.83,50.44,0.946
2025-10-27,Store_010,492,91,3800.99,2063.38,44.5,0.942
2025-10-27,Store_011,454,104,8682.59,3699.54,118.93,0.927
2025-10-27,Store_012,636,151,7342.95,3328.45,98.04,0.907
2025-10-27,Store_013,770,232,12079.56,5374.36,81.48,0.927
2025-10-27,Store_014,368,61,3142.89,1661.21,28.73,0.953
2025-10-27,Store_015,293,70,4041.13,1792.01,41.93,0.967
2025-10-27,Store_016,663,153,6100.06,3013.92,120.15,0.935
2025-10-27,Store_017,501,60,4063.4,2283.89,73.75,0.907
2025-10-27,Store_018,454,109,6424.79,3142.76,37.04,0.928
2025-10-27,Store_019,473,64,3917.96,2149.39,56.11,0.964
2025-10-27,Store_020,349,87,4388.16,2500.27,33.93,0.923
2025-10-28,Store_001,199,38,2176.75,1262.45,36.54,0.869
2025-10-28,Store_002,544,82,4955.98,2836.79,59.74,0.899
2025-10-28,Store_003,648,127,7029.31,3326.44,79.99,0.931
2025-10-28,Store_004,223,47,3119.0,1447.61,21.55,0.963
2025-10-28,Store_005,385,107,6030.66,3135.5,87.49,0.883
2025-10-28,Store_006,677,205,11621.7,6325.72,135.96,0.886
2025-10-28,Store_007,598,165,9200.1,4672.76,87.04,0.968
2025-10-28,Store_008,967,275,18110.04,8459.59,135.13,0.936
2025-10-28,Store_009,674,131,6606.5,3395.48,43.88,0.919
2025-10-28,Store_010,634,210,10355.27,4366.88,127.6,0.842
2025-10-28,Store_011,441,110,6598.69,3740.78,102.08,0.954
2025-10-28,Store_012,472,119,3459.51,1934.79,53.54,0.912
2025-10-28,Store_013,382,83,4982.24,2777.13,49.6,0.919
2025-10-28,Store_014,671,130,6964.8,3798.35,91.31,0.919
2025-10-28,Store_015,474,79,4493.76,2052.15,85.9,0.896
2025-10-28,Store_016,810,194,9247.93,4340.49,120.28,0.881
2025-10-28,Store_017,416,111,6059.81,3318.12,42.48,0.929
2025-10-28,Store_018,623,74,3741.8,1688.95,58.05,0.904
2025-10-28,Store_019,463,105,5399.41,2525.09,68.22,0.921
2025-10-28,Store_020,590,128,8012.13,4379.07,51.37,0.864
2025-10-29,Store_001,446,107,6444.65,2899.48,64.95,0.837
2025-10-29,Store_002,655,172,4821.91,2200.17,46.31,0.855
2025-10-29,Store_003,204,40,2374.28,1033.35,23.84,0.931
2025-10-29,Store_004,670,97,5142.58,2494.71,62.78,0.928
2025-10-29,Store_005,224,55,2655.21,1157.06,29.88,0.985
2025-10-29,Store_006,529,69,3137.58,1730.5,49.65,0.892
2025-10-29,Store_007,704,190,7507.79,3484.06,89.96,0.925
2025-10-29,Store_008,622,168,10226.62,4466.67,53.47,0.952
2025-10-29,Store_009,516,117,5860.08,3260.04,49.76,0.981
2025-10-29,Store_010,556,179,5443.05,2901.52,43.58,0.932
2025-10-29,Store_011,696,230,13770.79,7560.17,116.83,0.938
2025-10-29,Store_012,363,82,1943.95,851.93,23.74,0.94
2025-10-29,Store_013,317,74,4490.18,1903.4,26.5,0.93
2025-10-29,Store_014,786,224,12430.0,6053.92,68.09,0.935
2025-10-29,Store_015,436,117,5124.53,2211.79,37.37,0.955
2025-10-29,Store_016,639,172,8124.45,4447.95,56.61,0.892
2025-10-29,Store_017,443,78,5431.82,3115.03,93.93,0.867
2025-10-29,Store_018,490,94,5738.43,3025.57,47.91,0.9
2025-10-29,Store_019,553,173,10023.74,4852.9,75.5,0.88
2025-10-29,Store_020,465,110,5109.72,2439.51,47.86,0.953
2025-10-30,Store_001,399,72,3486.84,1514.27,29.8,0.932
2025-10-30,Store_002,692,169,10489.07,5611.89,129.82,0.92
2025-10-30,Store_003,525,139,7780.96,3941.91,79.34,0.865
2025-10-30,Store_004,424,69,4599.78,2194.16,55.46,0.923
2025-10-30,Store_005,545,100,7290.62,3382.37,82.51,0.947
2025-10-30,Store_006,672,197,7924.79,4139.24,128.77,0.99
2025-10-30,Store_007,607,116,4282.62,2014.59,65.38,0.98
2025-10-30,Store_008,504,114,6197.97,3562.83,37.48,0.959
2025-10-30,Store_009,363,78,5995.66,2951.77,83.83,0.914
2025-10-30,Store_010,491,125,6478.6,3615.65,119.37,0.963
2025-10-30,Store_011,555,108,6752.78,3819.01,85.8,0.948
2025-10-30,Store_012,321,79,3229.35,1761.04,26.71,0.917
2025-10-30,Store_013,321,47,2606.65,1448.3,27.72,0.954
2025-10-30,Store_014,305,62,3569.12,1715.96,69.51,0.967
2025-10-30,Store_015,593,124,9622.74,5359.32,139.75,0.934
2025-10-30,Store_016,539,187,9381.06,4772.49,48.46,0.938
2025-10-30,Store_017,496,127,7203.13,3189.91,129.94,0.919
2025-10-30,Store_018,378,109,2137.08,1097.06,26.88,0.962
2025-10-30,Store_019,252,58,3691.59,2015.16,29.42,0.91
2025-10-30,Store_020,560,130,5785.41,2854.98,71.75,0.97
2025-10-31,Store_001,254,48,1643.43,889.17,19.22,0.927
2025-10-31,Store_002,555,120,9210.76,3890.65,142.93,0.931
2025-10-31,Store_003,90,21,927.63,465.24,8.25,0.938
2025-10-31,Store_004,488,110,5343.19,2766.06,76.56,0.924
2025-10-31,Store_005,725,124,5344.79,2341.74,59.52,0.927
2025-10-31,Store_006,628,108,3530.17,1502.75,69.68,0.951
2025-10-31,Store_007,670,148,6934.49,3607.49,36.65,0.925
2025-10-31,Store_008,516,136,5862.04,2822.57,113.08,0.9
2025-10-31,Store_009,491,109,3978.83,2059.88,49.65,0.892
2025-10-31,Store_010,715,175,8404.0,3552.62,79.62,0.902
2025-10-31,Store_011,829,154,9426.46,4567.88,110.33,0.95
2025-10-31,Store_012,550,95,4078.32,2364.16,72.68,0.878
2025-10-31,Store_013,633,190,8968.15,3982.56,157.5,0.908
2025-10-31,Store_014,317,56,3747.47,2151.55,50.27,0.892
2025-10-31,Store_015,307,63,2521.27,1368.05,13.34,0.918
2025-10-31,Store_016,344,62,3425.7,1674.46,42.27,0.933
2025-10-31,Store_017,616,156,7112.71,3539.45,109.24,0.863
2025-10-31,Store_018,596,132,10118.28,5668.13,175.52,0.911
2025-10-31,Store_019,437,100,2701.08,1151.46,34.56,0.909
2025-10-31,Store_020,571,135,7540.29,3355.79,75.46,0.909
2025-11-01,Store_001,553,131,8744.42,4643.87,112.12,0.925
2025-11-01,Store_002,301,69,2728.22,1506.49,26.2,0.867
2025-11-01,Store_003,821,144,4295.13,2058.49,29.21,0.896
2025-11-01,Store_004,801,177,8536.56,3731.83,51.3,0.93
2025-11-01,Store_005,586,148,8760.62,3772.54,72.59,0.939
2025-11-01,Store_006,540,135,7750.55,3793.83,90.87,0.903
2025-11-01,Store_007,565,114,6521.66,3401.05,121.7,0.913
2025-11-01,Store_008,616,155,6311.91,3466.96,52.24,0.892
2025-11-01,Store_009,397,105,6501.96,3198.33,87.41,0.898
2025-11-01,Store_010,183,38,1961.27,1121.85,20.02,0.952
2025-11-01,Store_011,384,124,7935.1,3777.8,82.13,0.921
2025-11-01,Store_012,801,114,7327.58,3418.17,135.51,0.955
2025-11-01,Store_013,791,155,10944.62,5349.31,203.17,0.886
2025-11-01,Store_014,464,99,3611.49,1676.37,68.44,0.882
2025-11-01,Store_015,536,115,3938.47,2024.57,34.92,0.919
2025-11-01,Store_016,777,169,6276.7,2780.58,76.63,0.874
2025-11-01,Store_017,697,147,10944.02,6326.2,209.59,0.888
2025-11-01,Store_018,697,225,13251.02,6755.7,217.27,0.903
2025-11-01,Store_019,610,97,4683.45,2331.34,78.16,0.893
2025-11-01,Store_020,677,197,9987.0,4477.83,113.31,0.94
2025-11-02,Store_001,511,133,7825.08,3581.42,69.4,0.961
2025-11-02,Store_002,1058,165,9353.11,4109.88,147.02,0.939
2025-11-02,Store_003,487,150,8861.16,4211.18,154.6,0.964
2025-11-02,Store_004,259,60,3704.26,1577.37,45.49,0.888
2025-11-02,Store_005,719,183,11166.62,5065.79,185.62,0.97
2025-11-02,Store_006,725,142,8198.94,3640.09,104.51,0.981
2025-11-02,Store_007,437,108,5769.38,3119.8,79.57,0.864
2025-11-02,Store_008,672,154,7575.48,3712.54,124.65,0.918
2025-11-02,Store_009,519,132,8139.03,4613.39,91.0,0.904
2025-11-02,Store_010,849,208,6597.72,3661.43,44.88,0.923
2025-11-02,Store_011,997,308,13808.54,8008.4,186.61,0.939
2025-11-02,Store_012,410,99,5766.39,2602.09,102.9,0.89
2025-11-02,Store_013,691,172,7088.44,3126.77,110.68,0.961
2025-11-02,Store_014,390,100,4594.02,1962.48,89.41,0.918
2025-11-02,Store_015,305,68,2031.06,1142.6,18.02,0.971
2025-11-02,Store_016,465,113,7672.88,3309.59,69.62,0.938
2025-11-02,Store_017,917,279,9510.46,4039.38,185.94,0.96
2025-11-02,Store_018,649,208,10651.24,4479.07,195.21,0.915
2025-11-02,Store_019,958,284,8255.02,4025.98,105.58,0.936
2025-11-02,Store_020,951,193,10302.28,5594.35,144.92,0.915
2025-11-03,Store_001,386,96,5443.29,2972.57,77.2,0.901
2025-11-03,Store_002,733,171,11248.21,5586.15,78.91,0.906
2025-11-03,Store_003,317,51,2675.56,1144.61,37.57,0.917
2025-11-03,Store_004,360,112,3094.04,1383.22,25.83,0.906
2025-11-03,Store_005,536,117,5688.45,2757.18,64.0,0.94
2025-11-03,Store_006,509,126,6487.01,3674.11,98.35,0.896
2025-11-03,Store_007,668,135,7761.89,3481.88,147.58,0.883
2025-11-03,Store_008,593,169,11838.31,5671.01,186.84,0.924
2025-11-03,Store_009,489,118,6999.18,3518.65,82.21,0.943
2025-11-03,Store_010,628,121,6090.08,3010.12,31.28,0.903
2025-11-03,Store_011,444,103,6068.06,2740.16,62.75,0.99
2025-11-03,Store_012,343,102,4538.72,1987.42,79.27,0.896
2025-11-03,Store_013,331,59,2779.89,1559.9,52.42,0.956
2025-11-03,Store_014,771,243,10719.37,6199.06,78.46,0.886
2025-11-03,Store_015,494,147,8281.39,4260.89,88.4,0.907
2025-11-03,Store_016,629,194,8343.53,4593.58,148.02,0.91
2025-11-03,Store_017,569,146,10582.95,5636.85,67.73,0.86
2025-11-03,Store_018,572,176,8771.45,4789.63,51.12,0.928
2025-11-03,Store_019,400,117,7750.92,3764.52,84.96,0.986
2025-11-03,Store_020,654,153,6720.85,3560.29,128.99,0.897
2025-11-04,Store_001,674,109,4283.88,1938.75,21.69,0.964
2025-11-04,Store_002,462,146,6403.91,2812.84,90.75,0.917
2025-11-04,Store_003,397,86,3847.53,1702.06,73.4,0.979
2025-11-04,Store_004,449,85,5964.51,2549.42,53.63,0.875
2025-11-04,Store_005,341,64,4058.79,2008.69,27.93,0.866
2025-11-04,Store_006,726,148,10670.64,5274.32,187.09,0.932
2025-11-04,Store_007,418,84,3097.72,1401.73,49.04,0.941
2025-11-04,Store_008,432,82,3916.35,1921.4,67.92,0.943
2025-11-04,Store_009,513,128,5699.7,3130.92,47.9,0.894
2025-11-04,Store_010,726,181,11639.76,6417.41,117.97,0.913
2025-11-04,Store_011,662,146,8148.27,4503.87,52.06,0.91
2025-11-04,Store_012,531,131,7326.38,3301.06,81.19,0.859
2025-11-04,Store_013,471,142,4876.19,2794.13,74.45,0.906
2025-11-04,Store_014,595,150,8601.75,3859.29,142.54,0.869
2025-11-04,Store_015,371,100,5511.0,2986.85,35.8,0.898
2025-11-04,Store_016,540,137,6436.98,2984.46,109.37,0.902
2025-11-04,Store_017,759,162,6390.91,3006.62,72.77,0.925
2025-11-04,Store_018,634,173,8616.77,4733.05,118.16,0.912
2025-11-04,Store_019,535,129,6648.86,3157.46,101.29,0.952
2025-11-04,Store_020,376,95,6288.28,3566.62,107.96,0.949
2025-11-05,Store_001,503,101,4623.91,2423.99,77.66,0.973
2025-11-05,Store_002,466,79,3404.13,1628.07,56.13,0.919
2025-11-05,Store_003,729,176,5985.8,2638.42,110.14,0.921
2025-11-05,Store_004,608,135,9046.02,4776.41,58.96,0.96
2025-11-05,Store_005,645,181,10482.45,4921.65,183.72,0.959
2025-11-05,Store_006,637,144,6169.04,3329.37,47.11,0.922
2025-11-05,Store_007,663,124,7086.25,3466.63,41.77,0.937
2025-11-05,Store_008,601,131,7231.7,3881.49,48.18,0.927
2025-11-05,Store_009,485,58,2635.11,1282.65,16.55,0.915
2025-11-05,Store_010,511,100,2785.03,1174.17,33.05,0.918
2025-11-05,Store_011,400,53,3090.47,1355.28,30.48,0.897
2025-11-05,Store_012,925,258,14825.05,6884.54,281.43,0.867
2025-11-05,Store_013,563,114,5462.94,2960.44,106.01,0.973
2025-11-05,Store_014,438,102,3549.0,1703.89,58.13,0.869
2025-11-05,Store_015,380,47,2445.37,1081.83,44.27,0.94
2025-11-05,Store_016,399,61,2404.29,1181.08,27.46,0.946
2025-11-05,Store_017,637,143,7936.35,3910.32,56.74,0.913
2025-11-05,Store_018,221,59,3286.49,1835.84,28.59,0.91
2025-11-05,Store_019,315,68,2066.4,1057.82,14.37,0.89
2025-11-05,Store_020,575,174,9647.61,4355.14,86.54,0.92
2025-11-06,Store_001,314,74,3740.75,1767.08,37.37,0.927
2025-11-06,Store_002,216,61,3486.34,1725.84,66.52,0.914
2025-11-06,Store_003,272,69,4410.09,2202.93,55.9,0.903
2025-11-06,Store_004,334,58,2833.98,1198.86,27.74,0.92
2025-11-06,Store_005,422,105,6600.8,3305.49,99.01,0.964
2025-11-06,Store_006,769,230,9758.06,5534.53,185.95,0.908
2025-11-06,Store_007,366,55,3605.91,1867.65,58.74,0.891
2025-11-06,Store_008,93,32,1808.14,811.52,23.05,0.852
2025-11-06,Store_009,298,79,4734.56,2232.44,93.13,0.933
2025-11-06,Store_010,468,145,8414.15,4216.89,152.23,0.94
2025-11-06,Store_011,232,89,3620.69,1958.86,42.5,0.897
2025-11-06,Store_012,586,112,4664.63,2540.7,46.37,0.896
2025-11-06,Store_013,421,146,5834.42,3262.77,88.13,0.964
2025-11-06,Store_014,491,137,2466.0,1151.55,31.36,0.923
2025-11-06,Store_015,371,79,4996.16,2846.79,45.18,0.961
2025-11-06,Store_016,656,111,5765.03,2674.09,43.32,0.924
2025-11-06,Store_017,544,117,4297.67,2486.31,43.96,0.98
2025-11-06,Store_018,659,158,6954.84,3873.35,84.67,0.958
2025-11-06,Store_019,489,72,4664.78,2024.72,57.08,0.925
2025-11-06,Store_020,516,116,7379.13,3862.03,135.94,0.909
2025-11-07,Store_001,427,88,5552.6,3124.62,55.56,0.938
2025-11-07,Store_002,410,133,4796.56,2566.52,55.22,0.911
2025-11-07,Store_003,541,166,10529.12,5504.61,145.57,0.929
2025-11-07,Store_004,540,117,4243.47,1833.19,58.04,0.876
2025-11-07,Store_005,413,69,2544.08,1380.59,25.5,0.949
2025-11-07,Store_006,407,98,4140.18,1905.49,29.02,0.949
2025-11-07,Store_007,699,83,3683.28,1561.19,29.83,0.917
2025-11-07,Store_008,688,228,13948.9,6368.73,89.48,0.907
2025-11-07,Store_009,205,34,2009.55,926.17,16.38,0.887
2025-11-07,Store_010,682,123,9815.18,4898.17,101.23,0.945
2025-11-07,Store_011,443,108,5469.6,2494.64,43.32,0.89
2025-11-07,Store_012,621,122,6077.67,2693.71,100.04,0.931
2025-11-07,Store_013,638,204,12929.54,7304.0,237.91,0.889
2025-11-07,Store_014,742,186,7339.86,4178.91,45.64,0.881
2025-11-07,Store_015,348,93,6433.01,2984.45,102.32,0.92
2025-11-07,Store_016,539,163,10656.24,5239.41,113.69,0.944
2025-11-07,Store_017,617,125,7683.71,4239.51,146.39,0.945
2025-11-07,Store_018,574,140,7550.88,3555.14,95.78,0.909
2025-11-07,Store_019,276,70,3755.01,2147.64,21.4,0.922
2025-11-07,Store_020,410,49,2291.98,1080.34,41.49,0.889
2025-11-08,Store_001,969,232,13982.23,7039.14,185.67,0.912
2025-11-08,Store_002,547,132,6636.6,3493.01,86.15,0.92
2025-11-08,Store_003,578,118,10154.56,5855.99,76.29,0.926
2025-11-08,Store_004,778,233,16632.41,7739.46,232.6,0.86
2025-11-08,Store_005,860,313,22865.53,10493.11,214.79,0.913
2025-11-08,Store_006,834,184,8660.62,3867.48,62.75,0.947
2025-11-08,Store_007,587,191,8372.89,4060.31,91.52,0.985
2025-11-08,Store_008,864,181,9605.69,4310.79,165.35,0.908
2025-11-08,Store_009,550,127,9599.63,5443.2,186.29,0.932
2025-11-08,Store_010,337,53,3246.82,1504.94,25.04,0.905
2025-11-08,Store_011,425,101,3206.21,1858.53,43.0,0.911
2025-11-08,Store_012,594,135,3923.92,2057.72,48.34,0.91
2025-11-08,Store_013,598,142,6066.98,2992.7,66.29,0.856
2025-11-08,Store_014,655,140,4659.84,1987.83,52.04,0.959
2025-11-08,Store_015,420,89,5208.56,2495.69,88.88,0.918
2025-11-08,Store_016,605,144,9593.86,4528.95,138.86,0.953
2025-11-08,Store_017,568,134,6041.54,3448.52,90.45,0.92
2025-11-08,Store_018,225,29,1213.96,544.84,9.07,0.904
2025-11-08,Store_019,840,206,10676.09,4946.88,84.64,0.906
2025-11-08,Store_020,685,83,5913.51,3157.64,110.19,0.924
2025-11-09,Store_001,729,214,15077.49,6648.31,248.77,0.943
2025-11-09,Store_002,1052,169,8580.08,4345.72,136.59,0.901
2025-11-09,Store_003,677,155,8634.94,4164.56,165.32,0.91
2025-11-09,Store_004,957,153,6598.98,3166.01,107.04,0.947
2025-11-09,Store_005,688,191,12999.94,5831.24,231.12,0.908
2025-11-09,Store_006,727,232,13857.24,6746.28,225.99,0.9
2025-11-09,Store_007,731,138,5588.69,3086.16,60.43,0.917
2025-11-09,Store_008,1071,270,10463.12,4792.73,57.78,0.933
2025-11-09,Store_009,750,191,12172.59,5270.57,100.24,0.915
2025-11-09,Store_010,488,100,3897.87,1929.98,75.16,0.936
2025-11-09,Store_011,961,235,8810.49,4328.71,172.29,0.913
2025-11-09,Store_012,556,93,4660.32,2090.64,82.83,0.882
2025-11-09,Store_013,748,152,10878.99,5125.93,140.76,0.9
2025-11-09,Store_014,608,117,6790.19,3785.78,130.84,0.964
2025-11-09,Store_015,686,128,9259.82,4859.45,91.13,0.889
2025-11-09,Store_016,332,51,3051.47,1473.8,33.2,0.873
2025-11-09,Store_017,457,132,6007.28,3365.41,34.5,0.972
2025-11-09,Store_018,753,187,8418.84,4429.62,76.79,0.927
2025-11-09,Store_019,627,94,4591.95,2186.29,59.71,0.893
2025-11-09,Store_020,856,204,10485.99,4608.36,120.01,0.941
2025-11-10,Store_001,719,156,5444.64,2411.14,30.54,0.927
2025-11-10,Store_002,537,139,8143.83,3865.85,161.68,0.871
2025-11-10,Store_003,686,137,9741.87,4653.09,138.34,0.948
2025-11-10,Store_004,529,131,6459.43,3304.18,99.99,0.897
2025-11-10,Store_005,460,97,3258.74,1457.96,17.47,0.905
2025-11-10,Store_006,555,124,5476.03,2806.53,80.45,0.957
2025-11-10,Store_007,586,153,10366.23,5715.34,197.79,0.941
2025-11-10,Store_008,642,140,6899.98,3771.36,102.72,0.977
2025-11-10,Store_009,456,106,6460.13,3279.04,83.41,0.913
2025-11-10,Store_010,317,101,6670.51,3767.03,124.12,0.917
2025-11-10,Store_011,413,76,3487.7,1840.47,44.81,0.93
2025-11-10,Store_012,224,59,2757.74,1554.08,30.51,0.932
2025-11-10,Store_013,429,98,5393.34,2510.14,85.47,0.944
2025-11-10,Store_014,408,78,3676.31,1805.62,33.34,0.924
2025-11-10,Store_015,551,122,7419.42,3766.09,94.77,0.933
2025-11-10,Store_016,183,53,1847.96,915.01,34.85,0.916
2025-11-10,Store_017,239,68,4664.23,2596.83,36.62,0.905
2025-11-10,Store_018,647,144,5736.69,3232.2,57.51,0.924
2025-11-10,Store_019,362,105,3498.87,1550.59,43.63,0.982
2025-11-10,Store_020,543,135,5431.09,2467.6,44.61,0.862
2025-11-11,Store_001,533,93,6025.88,2783.0,119.34,0.894
2025-11-11,Store_002,708,157,7534.62,3565.59,40.14,0.969
2025-11-11,Store_003,612,105,4514.32,2233.68,40.33,0.96
2025-11-11,Store_004,457,79,2907.6,1467.78,49.17,0.919
2025-11-11,Store_005,491,101,5127.38,2255.48,35.18,0.916
2025-11-11,Store_006,360,85,5546.06,2877.37,68.12,0.926
2025-11-11,Store_007,657,78,3678.31,2120.2,34.4,0.902
2025-11-11,Store_008,632,169,9245.71,4012.89,182.76,0.866
2025-11-11,Store_009,494,123,7096.92,3916.8,47.51,0.831
2025-11-11,Store_010,558,147,9341.73,4100.19,186.16,0.917
2025-11-11,Store_011,562,141,4794.95,2379.05,53.59,0.93
2025-11-11,Store_012,678,141,5585.27,2634.6,49.36,0.88
2025-11-11,Store_013,615,156,7423.51,3430.38,136.52,0.941
2025-11-11,Store_014,632,142,6603.81,3085.85,42.96,0.921
2025-11-11,Store_015,614,142,9351.24,4498.01,120.22,0.929
2025-11-11,Store_016,798,233,11473.9,6277.27,74.4,0.927
2025-11-11,Store_017,700,194,9368.96,4944.22,80.61,0.942
2025-11-11,Store_018,369,96,5369.78,2643.39,38.03,0.939
2025-11-11,Store_019,616,111,4718.29,2489.78,72.34,0.937
2025-11-11,Store_020,144,30,1599.87,738.48,31.46,0.934
2025-11-12,Store_001,332,39,2630.75,1471.44,39.17,0.917
2025-11-12,Store_002,699,214,7366.76,3801.35,126.32,0.97
2025-11-12,Store_003,132,28,2216.52,946.69,12.92,0.924
2025-11-12,Store_004,422,88,5828.17,3101.44,79.8,0.89
2025-11-12,Store_005,364,101,2438.54,1355.55,16.42,0.912
2025-11-12,Store_006,607,139,6334.89,3075.1,95.09,0.911
2025-11-12,Store_007,700,84,2919.87,1271.77,40.17,0.938
2025-11-12,Store_008,477,129,8598.56,4339.19,111.37,0.858
2025-11-12,Store_009,649,177,7850.54,3713.19,126.14,0.926
2025-11-12,Store_010,571,159,7990.67,4537.64,50.61,0.939
2025-11-12,Store_011,471,155,10202.83,4710.1,83.88,0.99
2025-11-12,Store_012,389,83,4239.5,1869.52,43.6,0.969
2025-11-12,Store_013,514,145,10597.36,4598.23,139.5,0.952
2025-11-12,Store_014,638,181,5781.57,3141.15,57.81,0.901
2025-11-12,Store_015,460,109,5369.06,2546.45,77.67,0.901
2025-11-12,Store_016,603,84,4349.5,2042.14,32.25,0.901
2025-11-12,Store_017,401,85,5221.97,2773.0,83.74,0.932
2025-11-12,Store_018,635,145,4057.78,2312.2,72.19,0.886
2025-11-12,Store_019,569,119,6231.53,3532.49,59.48,0.903
2025-11-12,Store_020,575,128,5749.68,3028.23,48.3,0.939
2025-11-13,Store_001,646,139,6015.8,2676.88,68.63,0.898
2025-11-13,Store_002,642,136,4620.56,2436.88,55.21,0.908
2025-11-13,Store_003,262,31,1568.97,837.2,30.93,0.954
2025-11-13,Store_004,501,111,6744.31,3053.3,69.09,0.899
2025-11-13,Store_005,386,55,2810.76,1507.39,28.13,0.99
2025-11-13,Store_006,481,88,5042.74,2583.1,67.61,0.902
2025-11-13,Store_007,380,93,3435.04,1971.7,51.86,0.895
2025-11-13,Store_008,696,151,5321.16,2891.02,43.59,0.857
2025-11-13,Store_009,463,119,6967.58,3931.45,79.51,0.92
2025-11-13,Store_010,592,105,2705.28,1462.8,20.75,0.915
2025-11-13,Store_011,455,114,5402.47,2652.1,102.89,0.975
2025-11-13,Store_012,623,115,6293.8,2775.25,82.09,0.931
2025-11-13,Store_013,300,39,1573.64,680.43,23.45,0.913
2025-11-13,Store_014,447,89,4041.33,1731.54,47.41,0.91
2025-11-13,Store_015,364,101,4427.86,2270.15,53.56,0.902
2025-11-13,Store_016,521,129,6649.39,3387.21,50.21,0.94
2025-11-13,Store_017,474,85,4635.87,2265.17,47.59,0.891
2025-11-13,Store_018,423,64,3138.38,1611.75,41.07,0.924
2025-11-13,Store_019,352,94,7153.17,3261.24,71.71,0.99
2025-11-13,Store_020,531,139,9465.54,4670.23,84.95,0.925
2025-11-14,Store_001,964,186,12787.27,6907.57,170.38,0.943
2025-11-14,Store_002,815,185,8249.11,4055.58,126.73,0.961
2025-11-14,Store_003,638,123,5339.65,2365.94,99.06,0.88
2025-11-14,Store_004,355,100,7202.76,3419.06,58.71,0.932
2025-11-14,Store_005,233,53,3767.02,1960.35,65.65,0.916
2025-11-14,Store_006,436,123,7073.01,3872.64,88.65,0.925
2025-11-14,Store_007,615,125,6620.29,3489.42,53.83,0.957
2025-11-14,Store_008,737,221,13268.53,6296.28,237.76,0.903
2025-11-14,Store_009,677,206,8966.51,3917.44,116.59,0.881
2025-11-14,Store_010,521,123,4980.42,2164.29,98.88,0.937
2025-11-14,Store_011,584,136,5866.38,3140.56,80.2,0.905
2025-11-14,Store_012,369,80,5038.28,2477.97,66.63,0.939
2025-11-14,Store_013,599,170,6450.82,2849.76,127.37,0.895
2025-11-14,Store_014,372,101,5680.97,2604.3,90.81,0.892
2025-11-14,Store_015,686,125,7533.32,4149.53,137.48,0.96
2025-11-14,Store_016,671,135,7684.68,4091.91,151.91,0.975
2025-11-14,Store_017,606,137,6030.19,3111.45,92.65,0.903
2025-11-14,Store_018,185,55,3000.43,1434.08,53.87,0.909
2025-11-14,Store_019,471,108,4505.13,2289.48,41.88,0.881
2025-11-14,Store_020,743,144,6355.82,2690.62,84.85,0.943
2025-11-15,Store_001,777,197,11411.0,6342.29,223.15,0.882
2025-11-15,Store_002,731,192,10180.76,4534.21,95.07,0.949
2025-11-15,Store_003,589,83,3618.95,2061.03,49.32,0.938
2025-11-15,Store_004,654,171,11318.57,4964.75,210.78,0.969
2025-11-15,Store_005,558,179,7442.44,3206.98,50.89,0.911
2025-11-15,Store_006,733,203,5666.54,2654.2,76.85,0.891
2025-11-15,Store_007,804,284,14353.25,6628.94,214.28,0.968
2025-11-15,Store_008,732,141,10480.01,4976.68,57.94,0.901
2025-11-15,Store_009,658,143,7948.37,3647.29,89.84,0.9
2025-11-15,Store_010,578,128,7995.5,4093.8,78.98,0.887
2025-11-15,Store_011,809,164,12093.03,6308.47,234.59,0.937
2025-11-15,Store_012,731,195,10617.95,4667.52,178.09,0.899
2025-11-15,Store_013,551,125,8501.29,4623.73,159.56,0.928
2025-11-15,Store_014,455,78,3415.48,1498.04,31.87,0.94
2025-11-15,Store_015,484,87,3921.19,1756.34,32.8,0.987
2025-11-15,Store_016,1007,252,16433.09,9006.28,158.58,0.9
2025-11-15,Store_017,588,143,6640.14,3375.45,77.2,0.895
2025-11-15,Store_018,575,93,4097.14,1947.11,32.0,0.918
2025-11-15,Store_019,646,193,11047.54,5371.37,77.83,0.937
2025-11-15,Store_020,923,285,14109.78,6838.41,118.69,0.939
2025-11-16,Store_001,648,126,7359.14,3478.04,53.97,0.907
2025-11-16,Store_002,264,94,4850.75,2091.96,42.97,0.932
2025-11-16,Store_003,659,185,5945.72,3100.73,101.32,0.914
2025-11-16,Store_004,1063,271,15065.52,6488.19,275.89,0.877
2025-11-16,Store_005,528,119,7147.93,3187.72,96.42,0.867
2025-11-16,Store_006,179,47,1894.25,823.93,15.49,0.886
2025-11-16,Store_007,342,99,3786.61,2142.44,45.5,0.932
2025-11-16,Store_008,524,113,3465.96,1974.08,65.27,0.958
2025-11-16,Store_009,648,177,5788.06,3228.55,38.75,0.963
2025-11-16,Store_010,478,112,6445.45,3065.21,82.46,0.894
2025-11-16,Store_011,375,122,4900.65,2779.51,96.81,0.973
2025-11-16,Store_012,476,136,5544.78,2800.14,32.1,0.871
2025-11-16,Store_013,626,110,4093.98,1973.6,65.55,0.96
2025-11-16,Store_014,837,170,9870.88,5242.66,190.74,0.929
2025-11-16,Store_015,464,76,3992.13,2228.73,66.48,0.901
2025-11-16,Store_016,693,140,7464.75,3683.56,55.56,0.911
2025-11-16,Store_017,492,70,3573.51,1668.59,42.98,0.914
2025-11-16,Store_018,937,229,11655.39,6363.98,200.18,0.945
2025-11-16,Store_019,570,134,6160.5,2752.4,66.0,0.898
2025-11-16,Store_020,1045,322,15090.22,8137.75,84.76,0.947
2025-11-17,Store_001,677,192,13918.17,6984.17,165.94,0.947
2025-11-17,Store_002,215,45,1646.96,761.26,25.82,0.876
2025-11-17,Store_003,572,123,8777.47,4787.2,73.05,0.911
2025-11-17,Store_004,522,89,4985.41,2192.5,37.0,0.916
2025-11-17,Store_005,583,144,6238.74,2879.19,84.33,0.969
2025-11-17,Store_006,694,162,8097.23,3507.46,126.84,0.939
2025-11-17,Store_007,765,251,19006.21,9989.54,311.35,0.886
2025-11-17,Store_008,575,153,7173.0,3995.75,110.5,0.924
2025-11-17,Store_009,664,143,6124.78,2944.23,86.99,0.911
2025-11-17,Store_010,360,66,3807.79,2140.49,74.59,0.883
2025-11-17,Store_011,275,66,2604.48,1142.21,21.73,0.971
2025-11-17,Store_012,615,102,6926.57,3284.46,55.31,0.923
2025-11-17,Store_013,723,188,7710.92,3796.12,42.29,0.898
2025-11-17,Store_014,540,142,7829.98,3574.65,98.65,0.986
2025-11-17,Store_015,827,240,16525.08,7005.44,310.19,0.915
2025-11-17,Store_016,472,76,4659.24,2599.46,35.42,0.898
2025-11-17,Store_017,469,105,4778.69,2503.0,75.05,0.947
2025-11-17,Store_018,580,150,9649.7,4182.04,84.75,0.909
2025-11-17,Store_019,478,109,4794.26,2490.46,49.64,0.931
2025-11-17,Store_020,748,178,9601.18,4545.91,99.14,0.909
2025-11-18,Store_001,525,129,3156.92,1515.66,47.19,0.887
2025-11-18,Store_002,721,120,6504.42,3111.81,49.56,0.921
2025-11-18,Store_003,352,102,3546.36,1894.43,34.1,0.898
2025-11-18,Store_004,755,161,11166.7,6021.84,74.94,0.902
2025-11-18,Store_005,397,76,3279.75,1616.49,44.52,0.904
2025-11-18,Store_006,475,137,8643.94,4130.65,92.46,0.923
2025-11-18,Store_007,588,156,11122.79,5255.25,128.04,0.906
2025-11-18,Store_008,225,54,3261.95,1640.21,30.2,0.971
2025-11-18,Store_009,440,106,6532.03,3719.62,95.03,0.908
2025-11-18,Store_010,554,80,4194.33,2089.29,74.05,0.974
2025-11-18,Store_011,434,94,5142.57,2629.47,81.16,0.863
2025-11-18,Store_012,378,75,2126.71,1012.49,33.57,0.893
2025-11-18,Store_013,556,150,8458.11,4743.89,157.69,0.937
2025-11-18,Store_014,554,66,3226.75,1417.63,36.65,0.924
2025-11-18,Store_015,617,122,2941.18,1443.29,41.98,0.887
2025-11-18,Store_016,762,193,10088.03,5179.72,180.4,0.871
2025-11-18,Store_017,271,32,1944.79,880.08,15.39,0.981
2025-11-18,Store_018,457,159,5936.86,2751.25,65.55,0.919
2025-11-18,Store_019,522,136,6456.16,3055.18,83.64,0.94
2025-11-18,Store_020,681,168,7206.35,3395.11,110.53,0.941
2025-11-19,Store_001,383,73,3934.7,2002.15,31.98,0.882
2025-11-19,Store_002,510,151,8919.38,4876.24,170.66,0.956
2025-11-19,Store_003,570,122,6912.03,3638.28,116.96,0.904
2025-11-19,Store_004,598,162,7032.48,3060.51,115.99,0.924
2025-11-19,Store_005,330,102,6135.57,3140.42,69.84,0.935
2025-11-19,Store_006,209,61,3743.93,2019.04,57.9,0.855
2025-11-19,Store_007,448,105,5267.35,2881.8,57.07,0.872
2025-11-19,Store_008,464,160,10978.3,5607.57,128.31,0.902
2025-11-19,Store_009,537,103,4267.36,2020.21,44.0,0.914
2025-11-19,Store_010,541,143,7760.26,4311.69,68.54,0.938
2025-11-19,Store_011,537,131,5065.05,2387.09,60.86,0.895
2025-11-19,Store_012,699,161,6634.25,3528.77,66.44,0.89
2025-11-19,Store_013,661,134,5736.66,2895.12,90.54,0.878
2025-11-19,Store_014,307,77,4770.61,2705.99,71.85,0.963
2025-11-19,Store_015,339,61,2203.33,1168.58,33.53,0.929
2025-11-19,Store_016,451,61,1649.17,789.75,30.19,0.899
2025-11-19,Store_017,667,149,5555.32,3075.56,104.94,0.861
2025-11-19,Store_018,713,138,7057.82,3016.81,126.36,0.906
2025-11-19,Store_019,232,61,4047.48,1920.03,63.16,0.912
2025-11-19,Store_020,331,76,3349.81,1572.48,26.8,0.935
2025-11-20,Store_001,704,143,11425.99,5153.73,210.46,0.903
2025-11-20,Store_002,604,176,9459.45,5040.27,189.04,0.933
2025-11-20,Store_003,477,110,7403.52,3331.99,103.29,0.952
2025-11-20,Store_004,178,42,1581.41,809.79,27.92,0.927
2025-11-20,Store_005,512,99,6653.18,3024.62,57.64,0.891
2025-11-20,Store_006,571,108,5614.53,2574.74,103.0,0.945
2025-11-20,Store_007,595,111,5144.83,2449.81,41.01,0.905
2025-11-20,Store_008,300,88,3615.9,1579.56,63.58,0.921
2025-11-20,Store_009,468,115,6620.88,3220.87,69.44,0.968
2025-11-20,Store_010,455,100,3769.08,2081.33,73.11,0.943
2025-11-20,Store_011,233,41,1007.62,565.12,15.16,0.946
2025-11-20,Store_012,350,72,2869.57,1430.46,54.48,0.917
2025-11-20,Store_013,494,161,5170.81,2388.16,30.72,0.953
2025-11-20,Store_014,561,115,4895.78,2406.06,76.19,0.909
2025-11-20,Store_015,640,108,3447.14,1716.11,18.65,0.916
2025-11-20,Store_016,643,132,7116.92,3235.21,124.43,0.933
2025-11-20,Store_017,369,105,5445.53,2502.45,38.87,0.924
2025-11-20,Store_018,640,111,5928.48,2959.43,77.4,0.897
2025-11-20,Store_019,379,105,4408.96,2021.56,85.5,0.972
2025-11-20,Store_020,576,140,5225.38,2216.23,81.62,0.908
2025-11-21,Store_001,636,198,15225.14,8437.11,174.32,0.912
2025-11-21,Store_002,679,228,13080.21,7552.66,249.07,0.964
2025-11-21,Store_003,657,111,6776.81,3492.78,119.95,0.971
2025-11-21,Store_004,480,137,5608.41,2794.97,75.67,0.966
2025-11-21,Store_005,459,100,5474.79,2601.2,94.36,0.878
2025-11-21,Store_006,709,85,4570.75,2466.36,79.17,0.949
2025-11-21,Store_007,418,61,2735.4,1321.67,29.78,0.901
2025-11-21,Store_008,494,97,5122.68,2949.29,80.05,0.888
2025-11-21,Store_009,368,99,6711.04,2930.79,47.38,0.916
2025-11-21,Store_010,559,120,7830.05,4119.61,77.46,0.915
2025-11-21,Store_011,446,122,3690.2,1661.74,29.73,0.99
2025-11-21,Store_012,722,118,6168.53,3493.77,39.48,0.9
2025-11-21,Store_013,739,207,12875.67,5731.63,116.52,0.951
2025-11-21,Store_014,563,163,10331.76,4537.78,100.19,0.905
2025-11-21,Store_015,543,142,6102.4,3434.17,71.04,0.919
2025-11-21,Store_016,633,195,12667.88,6373.89,83.22,0.921
2025-11-21,Store_017,153,38,1271.62,710.48,20.69,0.88
2025-11-21,Store_018,325,72,4058.17,1970.66,33.75,0.908
2025-11-21,Store_019,598,102,4282.54,2052.3,79.03,0.99
2025-11-21,Store_020,394,108,7192.12,3752.01,124.56,0.97
2025-11-22,Store_001,609,117,5051.58,2503.57,97.34,0.914
2025-11-22,Store_002,661,150,7678.27,3830.79,145.52,0.926
2025-11-22,Store_003,887,228,10757.41,5296.43,61.53,0.964
2025-11-22,Store_004,600,129,5969.35,2862.79,71.15,0.94
2025-11-22,Store_005,708,164,8070.73,3946.55,137.56,0.95
2025-11-22,Store_006,628,167,11007.69,6180.71,208.98,0.945
2025-11-22,Store_007,671,170,5640.29,2890.8,66.96,0.906
2025-11-22,Store_008,554,99,3389.12,1943.86,17.64,0.938
2025-11-22,Store_009,1046,273,14199.06,7658.4,191.37,0.943
2025-11-22,Store_010,576,135,6563.17,3250.56,107.9,0.897
2025-11-22,Store_011,782,202,8771.79,3992.68,147.41,0.949
2025-11-22,Store_012,570,147,4778.96,2414.74,48.98,0.904
2025-11-22,Store_013,443,121,6237.69,2985.63,123.25,0.9
2025-11-22,Store_014,475,69,3240.18,1868.07,64.58,0.96
2025-11-22,Store_015,627,152,7673.92,4075.02,135.39,0.898
2025-11-22,Store_016,593,98,5124.73,2717.76,96.69,0.954
2025-11-22,Store_017,673,111,7510.69,3836.24,149.11,0.882
2025-11-22,Store_018,720,145,5729.73,3247.0,91.35,0.908
2025-11-22,Store_019,747,141,5869.78,3080.1,116.15,0.908
2025-11-22,Store_020,496,123,5415.94,2857.16,93.36,0.919
2025-11-23,Store_001,419,136,4591.14,2037.69,88.13,0.917
2025-11-23,Store_002,642,185,8141.77,4036.42,154.48,0.914
2025-11-23,Store_003,460,86,3514.67,1718.24,37.1,0.918
2025-11-23,Store_004,590,89,3668.37,1814.53,46.65,0.892
2025-11-23,Store_005,736,159,7493.13,4176.2,70.24,0.963
2025-11-23,Store_006,554,116,5006.46,2613.7,72.21,0.98
2025-11-23,Store_007,1088,241,13904.69,6945.05,242.09,0.952
2025-11-23,Store_008,591,72,5140.55,2507.35,86.4,0.948
2025-11-23,Store_009,903,152,9319.91,4281.16,121.38,0.951
2025-11-23,Store_010,439,95,3185.94,1540.54,17.45,0.985
2025-11-23,Store_011,488,146,9475.0,5471.4,85.36,0.937
2025-11-23,Store_012,422,88,4705.98,2167.43,31.83,0.949
2025-11-23,Store_013,791,182,9600.22,5160.12,119.34,0.923
2025-11-23,Store_014,521,93,5247.71,2221.47,96.46,0.959
2025-11-23,Store_015,881,216,17414.46,7612.5,227.95,0.941
2025-11-23,Store_016,518,129,6503.11,3756.68,61.55,0.963
2025-11-23,Store_017,989,239,16698.79,7574.11,276.79,0.887
2025-11-23,Store_018,734,144,8503.51,3931.33,99.82,0.912
2025-11-23,Store_019,282,68,3720.29,1773.24,60.22,0.96
2025-11-23,Store_020,724,168,6692.28,2924.56,99.84,0.913
2025-11-24,Store_001,537,81,5260.37,2647.95,103.43,0.933
2025-11-24,Store_002,509,101,4511.1,2250.74,30.85,0.906
2025-11-24,Store_003,684,125,6872.43,3312.28,128.97,0.973
2025-11-24,Store_004,676,191,11250.37,5676.28,77.32,0.902
2025-11-24,Store_005,667,126,8710.45,3884.41,71.39,0.918
2025-11-24,Store_006,447,94,4756.12,2050.03,87.58,0.933
2025-11-24,Store_007,534,169,6786.57,3922.55,51.86,0.898
2025-11-24,Store_008,421,58,3609.0,1617.93,33.84,0.945
2025-11-24,Store_009,749,203,10999.56,5732.89,136.65,0.884
2025-11-24,Store_010,551,155,7888.42,3664.32,103.36,0.924
2025-11-24,Store_011,485,144,9484.25,4326.61,149.52,0.893
2025-11-24,Store_012,278,64,2283.15,1156.37,15.17,0.964
2025-11-24,Store_013,499,96,2410.5,1209.32,18.58,0.929
2025-11-24,Store_014,371,74,3708.54,1597.01,36.96,0.916
2025-11-24,Store_015,634,146,6984.62,3511.83,46.7,0.871
2025-11-24,Store_016,485,115,7154.26,3039.12,125.61,0.925
2025-11-24,Store_017,765,155,7842.23,3894.3,154.39,0.923
2025-11-24,Store_018,547,101,6235.98,2722.72,85.99,0.953
2025-11-24,Store_019,320,107,4538.2,2194.05,76.96,0.892
2025-11-24,Store_020,636,151,8995.27,4314.14,171.65,0.923
2025-11-25,Store_001,549,144,6456.5,3052.78,86.39,0.94
2025-11-25,Store_002,367,89,5094.14,2597.31,38.94,0.878
2025-11-25,Store_003,598,133,4617.96,2500.21,59.64,0.99
2025-11-25,Store_004,415,52,2914.83,1581.29,17.82,0.929
2025-11-25,Store_005,244,30,1894.37,1033.43,25.34,0.941
2025-11-25,Store_006,644,194,7136.8,3828.53,80.75,0.929
2025-11-25,Store_007,319,71,4345.04,1827.87,80.76,0.931
2025-11-25,Store_008,853,255,20376.38,9073.68,168.15,0.934
2025-11-25,Store_009,393,64,4875.97,2280.59,32.27,0.896
2025-11-25,Store_010,452,126,6077.84,3355.66,88.94,0.929
2025-11-25,Store_011,722,109,6841.92,3678.49,87.05,0.924
2025-11-25,Store_012,449,103,3227.36,1806.09,23.12,0.918
2025-11-25,Store_013,626,172,8827.89,3952.75,96.34,0.943
2025-11-25,Store_014,627,139,6148.66,2787.79,117.81,0.911
2025-11-25,Store_015,526,160,8584.71,4478.31,45.87,0.954
2025-11-25,Store_016,516,103,6417.83,2898.88,126.67,0.944
2025-11-25,Store_017,509,68,3384.48,1896.56,19.98,0.916
2025-11-25,Store_018,402,98,5624.22,3200.05,45.91,0.903
2025-11-25,Store_019,582,126,8013.85,3616.76,142.04,0.906
2025-11-25,Store_020,433,86,3335.95,1472.58,27.67,0.881
2025-11-26,Store_001,399,82,5482.51,2579.1,66.79,0.919
2025-11-26,Store_002,630,120,8688.53,4656.34,119.79,0.928
2025-11-26,Store_003,582,157,7198.59,3414.4,111.1,0.927
2025-11-26,Store_004,716,207,15306.0,8669.52,101.29,0.895
2025-11-26,Store_005,683,153,7279.74,4216.89,96.55,0.934
2025-11-26,Store_006,338,78,2998.45,1671.38,18.03,0.912
2025-11-26,Store_007,138,24,1083.39,496.56,18.07,0.876
2025-11-26,Store_008,558,113,5396.44,2317.54,27.99,0.88
2025-11-26,Store_009,317,78,3641.0,1948.48,69.68,0.962
2025-11-26,Store_010,817,318,20606.0,10755.81,341.45,0.948
2025-11-26,Store_011,364,84,5128.25,2781.26,74.0,0.947
2025-11-26,Store_012,696,178,8358.76,4727.1,160.92,0.932
2025-11-26,Store_013,727,187,14009.14,5961.14,74.01,0.937
2025-11-26,Store_014,672,120,6222.89,3246.99,68.83,0.913
2025-11-26,Store_015,715,103,4341.76,2342.8,60.27,0.941
2025-11-26,Store_016,781,181,5963.13,2533.34,63.93,0.923
2025-11-26,Store_017,708,146,6554.02,3120.0,87.16,0.837
2025-11-26,Store_018,584,152,6919.25,3340.96,105.35,0.931
2025-11-26,Store_019,526,170,7338.2,4251.61,61.82,0.911
2025-11-26,Store_020,528,141,8458.55,3964.54,136.58,0.882
2025-11-27,Store_001,808,191,9885.29,4682.04,174.67,0.89
2025-11-27,Store_002,827,250,14153.62,7427.87,272.13,0.908
2025-11-27,Store_003,682,152,7316.79,3939.57,111.06,0.925
2025-11-27,Store_004,512,152,9884.14,4293.84,178.39,0.99
2025-11-27,Store_005,272,99,5188.78,2403.18,86.74,0.951
2025-11-27,Store_006,515,116,5939.11,3198.98,84.53,0.928
2025-11-27,Store_007,726,135,6584.35,3614.44,125.86,0.904
2025-11-27,Store_008,377,88,4093.62,1770.3,67.54,0.889
2025-11-27,Store_009,613,173,11268.83,5910.0,108.01,0.928
2025-11-27,Store_010,355,99,3772.14,2116.01,31.57,0.916
2025-11-27,Store_011,443,117,8665.17,3770.7,43.62,0.92
2025-11-27,Store_012,461,85,5120.29,2257.59,87.55,0.919
2025-11-27,Store_013,447,121,6324.3,3141.25,122.52,0.929
2025-11-27,Store_014,438,98,2948.95,1411.85,25.5,0.921
2025-11-27,Store_015,544,65,3912.31,1815.08,65.43,0.931
2025-11-27,Store_016,357,73,4479.91,2536.34,73.88,0.947
2025-11-27,Store_017,736,171,10996.22,5509.24,122.67,0.948
2025-11-27,Store_018,644,153,12513.25,6466.09,136.1,0.943
2025-11-27,Store_019,492,83,4623.9,2333.58,50.94,0.886
2025-11-27,Store_020,842,221,11234.36,5407.32,161.06,0.883
2025-11-28,Store_001,668,114,6501.3,3227.97,109.24,0.953
2025-11-28,Store_002,493,99,4904.22,2699.85,40.09,0.884
2025-11-28,Store_003,482,109,5329.67,2576.01,43.59,0.922
2025-11-28,Store_004,733,204,10709.28,5084.26,67.91,0.918
2025-11-28,Store_005,612,112,7122.36,4097.65,131.25,0.889
2025-11-28,Store_006,298,99,4247.63,2266.57,66.66,0.887
2025-11-28,Store_007,492,80,5514.03,2856.06,42.35,0.921
2025-11-28,Store_008,434,135,5557.96,3173.53,109.52,0.898
2025-11-28,Store_009,87,14,860.58,388.27,8.1,0.902
2025-11-28,Store_010,297,52,2951.25,1708.18,24.18,0.922
2025-11-28,Store_011,239,45,1846.4,884.74,36.47,0.931
2025-11-28,Store_012,429,105,7808.65,3584.64,50.05,0.963
2025-11-28,Store_013,454,138,6431.76,2844.35,127.59,0.948
2025-11-28,Store_014,475,108,5731.73,2748.78,36.64,0.937
2025-11-28,Store_015,728,165,12105.72,5392.17,117.05,0.919
2025-11-28,Store_016,334,110,6574.33,2776.0,44.44,0.934
2025-11-28,Store_017,356,86,5112.9,2652.76,95.84,0.919
2025-11-28,Store_018,541,174,11197.45,4956.82,73.94,0.884
2025-11-28,Store_019,983,199,14004.48,6517.55,201.22,0.884
2025-11-28,Store_020,654,138,5006.02,2289.5,94.43,0.879
2025-11-29,Store_001,810,259,10034.58,5344.01,111.7,0.896
2025-11-29,Store_002,624,146,7140.1,3111.68,76.89,0.906
2025-11-29,Store_003,590,144,9418.41,4408.11,90.02,0.889
2025-11-29,Store_004,669,151,8264.03,4359.34,106.87,0.92
2025-11-29,Store_005,657,134,6414.01,3381.32,83.35,0.915
2025-11-29,Store_006,853,193,6165.92,2931.34,66.01,0.947
2025-11-29,Store_007,468,103,5539.57,2339.35,60.61,0.906
2025-11-29,Store_008,491,107,7165.59,3069.74,120.82,0.923
2025-11-29,Store_009,430,126,6008.42,2963.03,70.59,0.94
2025-11-29,Store_010,524,134,6760.45,2873.69,63.97,0.925
2025-11-29,Store_011,925,227,13245.54,6242.49,253.38,0.945
2025-11-29,Store_012,826,192,13271.46,7517.46,71.24,0.915
2025-11-29,Store_013,772,127,5988.54,2851.64,71.16,0.962
2025-11-29,Store_014,1079,315,10064.21,5513.78,159.43,0.898
2025-11-29,Store_015,734,201,11542.69,4990.22,100.82,0.949
2025-11-29,Store_016,488,105,4698.94,2510.43,39.47,0.903
2025-11-29,Store_017,786,196,13338.84,6043.31,189.44,0.983
2025-11-29,Store_018,330,57,3582.42,1707.87,29.17,0.916
2025-11-29,Store_019,487,86,4119.07,2092.36,68.48,0.913
2025-11-29,Store_020,585,124,6678.54,3656.07,86.08,0.951
2025-11-30,Store_001,583,126,7433.33,3481.33,83.69,0.901
2025-11-30,Store_002,504,117,6764.16,3845.54,128.18,0.901
2025-11-30,Store_003,1065,314,19914.07,9119.93,117.15,0.925
2025-11-30,Store_004,573,112,6300.35,3348.03,40.68,0.907
2025-11-30,Store_005,713,150,5556.36,2478.88,49.08,0.939
2025-11-30,Store_006,651,135,5057.2,2575.88,64.0,0.912
2025-11-30,Store_007,698,209,10935.99,6002.59,100.09,0.915
2025-11-30,Store_008,528,94,5472.86,2318.7,32.83,0.91
2025-11-30,Store_009,631,112,6142.39,3160.62,100.49,0.916
2025-11-30,Store_010,241,61,2887.19,1522.3,45.57,0.935
2025-11-30,Store_011,410,88,6333.12,2834.88,120.68,0.959
2025-11-30,Store_012,680,171,9526.61,4667.06,121.6,0.898
2025-11-30,Store_013,589,115,9054.43,4309.27,139.03,0.891
2025-11-30,Store_014,650,147,8636.16,3829.25,148.27,0.99
2025-11-30,Store_015,889,158,8660.51,3984.25,165.17,0.914
2025-11-30,Store_016,629,209,8617.24,3696.16,74.24,0.95
2025-11-30,Store_017,380,83,2970.12,1299.94,20.2,0.904
2025-11-30,Store_018,632,75,1745.73,870.69,12.84,0.922
2025-11-30,Store_019,771,192,9654.24,4735.66,86.07,0.887
2025-11-30,Store_020,553,114,6945.01,3867.06,55.82,0.895
2025-12-01,Store_001,545,124,8013.64,4394.29,43.18,0.99
2025-12-01,Store_002,592,103,3711.33,1576.6,41.38,0.99
2025-12-01,Store_003,613,143,6714.58,3642.09,54.65,0.932
2025-12-01,Store_004,396,70,3214.64,1459.25,25.84,0.93
2025-12-01,Store_005,665,106,5558.29,3027.49,85.8,0.883
2025-12-01,Store_006,478,109,5453.51,2796.67,62.2,0.96
2025-12-01,Store_007,635,134,7315.91,4230.12,75.4,0.939
2025-12-01,Store_008,473,118,7503.03,3960.5,142.54,0.895
2025-12-01,Store_009,680,219,13293.66,5838.09,179.29,0.896
2025-12-01,Store_010,689,118,6790.23,3257.84,92.18,0.869
2025-12-01,Store_011,656,139,7231.96,3168.12,121.87,0.964
2025-12-01,Store_012,518,114,5567.39,2724.52,109.66,0.897
2025-12-01,Store_013,599,186,6633.71,3836.39,96.47,0.952
2025-12-01,Store_014,577,152,8624.33,4180.0,57.26,0.92
2025-12-01,Store_015,564,123,3206.57,1348.21,26.32,0.88
2025-12-01,Store_016,517,74,3229.28,1743.37,39.13,0.903
2025-12-01,Store_017,757,162,8520.21,4574.97,57.18,0.86
2025-12-01,Store_018,529,149,7951.97,3630.82,118.97,0.94
2025-12-01,Store_019,611,108,3586.66,1802.46,20.38,0.942
2025-12-01,Store_020,559,138,7584.2,3376.01,137.5,0.923
2025-12-02,Store_001,286,120,6653.18,3333.97,89.09,0.871
2025-12-02,Store_002,605,144,9337.64,4395.34,168.17,0.947
2025-12-02,Store_003,596,126,6759.2,3444.2,47.2,0.882
2025-12-02,Store_004,736,204,11384.44,5727.46,65.16,0.935
2025-12-02,Store_005,686,82,4520.98,2419.95,25.18,0.979
2025-12-02,Store_006,547,121,6137.03,2734.05,30.71,0.913
2025-12-02,Store_007,983,215,12888.37,6094.64,180.96,0.938
2025-12-02,Store_008,314,43,1310.96,731.75,12.96,0.885
2025-12-02,Store_009,763,156,7593.42,3878.0,125.21,0.9
2025-12-02,Store_010,334,104,6840.56,3023.68,35.64,0.958
2025-12-02,Store_011,588,126,8577.97,4153.5,59.52,0.918
2025-12-02,Store_012,367,82,3795.74,1868.44,57.31,0.922
2025-12-02,Store_013,780,156,8515.12,4308.09,153.63,0.942
2025-12-02,Store_014,498,126,4867.92,2678.82,52.97,0.922
2025-12-02,Store_015,486,105,3893.34,1917.17,27.23,0.872
2025-12-02,Store_016,305,54,2873.53,1607.76,29.83,0.911
2025-12-02,Store_017,431,129,7210.81,4125.02,38.43,0.863
2025-12-02,Store_018,584,131,4674.31,2195.24,79.57,0.898
2025-12-02,Store_019,250,65,4064.48,2267.81,36.36,0.94
2025-12-02,Store_020,402,93,4898.17,2787.35,48.79,0.896
2025-12-03,Store_001,592,118,2763.44,1475.81,27.13,0.884
2025-12-03,Store_002,571,128,6051.92,3419.81,113.78,0.935
2025-12-03,Store_003,477,79,4837.18,2286.98,76.15,0.939
2025-12-03,Store_004,448,115,6587.7,3220.21,53.24,0.932
2025-12-03,Store_005,604,130,7278.95,3373.41,120.62,0.843
2025-12-03,Store_006,594,193,9799.26,4943.22,67.15,0.916
2025-12-03,Store_007,608,172,8895.42,4066.47,171.16,0.889
2025-12-03,Store_008,489,103,6077.48,3367.22,121.38,0.953
2025-12-03,Store_009,531,99,4967.83,2185.65,83.49,0.94
2025-12-03,Store_010,588,148,4032.58,1764.33,35.0,0.907
2025-12-03,Store_011,371,52,2708.95,1543.17,51.07,0.935
2025-12-03,Store_012,532,126,5217.58,2588.74,28.51,0.913
2025-12-03,Store_013,445,105,5308.46,2263.84,39.05,0.931
2025-12-03,Store_014,632,174,10917.28,4875.76,147.83,0.938
2025-12-03,Store_015,536,124,4239.8,2437.8,30.13,0.915
2025-12-03,Store_016,548,114,7423.61,3640.14,92.98,0.894
2025-12-03,Store_017,684,123,7146.76,3725.2,58.53,0.971
2025-12-03,Store_018,437,90,6730.65,3553.64,59.53,0.941
2025-12-03,Store_019,330,64,4312.85,2030.12,52.76,0.95
2025-12-03,Store_020,464,94,3837.52,1975.01,67.18,0.972
2025-12-04,Store_001,573,95,6259.67,2741.26,119.35,0.963
2025-12-04,Store_002,488,134,7665.54,4143.8,142.94,0.927
2025-12-04,Store_003,304,56,2843.05,1226.67,25.07,0.856
2025-12-04,Store_004,310,37,1669.97,890.01,11.78,0.908
2025-12-04,Store_005,444,107,5323.58,2368.91,75.73,0.911
2025-12-04,Store_006,847,250,14202.23,7664.37,113.19,0.926
2025-12-04,Store_007,222,41,1733.53,860.45,17.37,0.886
2025-12-04,Store_008,434,89,4810.32,2617.79,54.03,0.906
2025-12-04,Store_009,575,95,4506.52,1894.13,57.28,0.945
2025-12-04,Store_010,428,88,4391.03,2202.48,77.61,0.909
2025-12-04,Store_011,652,123,7966.2,3877.63,52.08,0.914
2025-12-04,Store_012,516,120,6639.97,2808.19,108.76,0.894
2025-12-04,Store_013,377,72,3101.33,1674.52,34.3,0.926
2025-12-04,Store_014,395,67,3714.78,1977.38,36.41,0.949
2025-12-04,Store_015,599,148,9234.73,5017.61,170.13,0.925
2025-12-04,Store_016,466,113,4929.94,2729.85,94.92,0.943
2025-12-04,Store_017,546,115,6259.28,3207.84,98.76,0.917
2025-12-04,Store_018,393,59,3963.7,2153.94,52.9,0.923
2025-12-04,Store_019,681,167,8108.67,4077.73,129.49,0.928
2025-12-04,Store_020,440,106,4638.56,2643.43,58.67,0.92
2025-12-05,Store_001,405,89,3737.91,1812.24,21.6,0.918
2025-12-05,Store_002,652,99,4391.25,1909.49,31.68,0.981
2025-12-05,Store_003,254,31,1730.67,949.79,29.61,0.96
2025-12-05,Store_004,485,154,4620.93,1981.42,28.74,0.931
2025-12-05,Store_005,371,82,3173.42,1561.71,53.02,0.867
2025-12-05,Store_006,580,117,6804.74,3794.85,36.99,0.915
2025-12-05,Store_007,1164,252,14211.77,7895.85,124.24,0.894
2025-12-05,Store_008,421,85,5529.47,3200.63,78.52,0.959
2025-12-05,Store_009,659,124,5901.6,2820.54,59.47,0.863
2025-12-05,Store_010,698,169,5517.45,2404.06,55.33,0.911
2025-12-05,Store_011,434,66,3561.93,1706.52,39.34,0.914
2025-12-05,Store_012,505,76,2677.05,1187.52,14.11,0.867
2025-12-05,Store_013,541,96,5112.34,2293.34,40.24,0.919
2025-12-05,Store_014,504,85,4125.0,2150.76,63.3,0.907
2025-12-05,Store_015,630,88,4637.68,2648.33,60.16,0.9
2025-12-05,Store_016,709,109,3379.05,1545.67,61.74,0.899
2025-12-05,Store_017,389,71,5068.62,2918.21,70.03,0.916
2025-12-05,Store_018,800,123,4862.95,2057.15,40.46,0.906
2025-12-05,Store_019,446,118,6873.27,3128.78,126.66,0.911
2025-12-05,Store_020,649,121,4513.63,2144.8,61.07,0.95
2025-12-06,Store_001,615,153,8158.03,4522.37,129.32,0.889
2025-12-06,Store_002,570,141,8346.63,3780.56,120.59,0.86
2025-12-06,Store_003,912,262,12473.1,6375.29,164.08,0.913
2025-12-06,Store_004,533,162,11276.61,4841.13,197.26,0.894
2025-12-06,Store_005,222,64,3398.63,1691.12,27.42,0.964
2025-12-06,Store_006,799,198,11147.03,5148.7,163.83,0.892
2025-12-06,Store_007,344,61,3396.02,1643.29,39.28,0.883
2025-12-06,Store_008,556,89,4012.32,2185.84,57.01,0.96
2025-12-06,Store_009,863,199,15182.81,7909.52,143.25,0.969
2025-12-06,Store_010,619,109,5397.26,2726.83,64.6,0.968
2025-12-06,Store_011,814,216,9737.0,4905.01,74.85,0.99
2025-12-06,Store_012,903,273,9935.3,5154.96,141.8,0.868
2025-12-06,Store_013,490,115,4955.89,2725.0,40.26,0.921
2025-12-06,Store_014,681,208,7208.61,3688.58,85.08,0.912
2025-12-06,Store_015,724,175,9861.32,5039.26,56.23,0.94
2025-12-06,Store_016,694,184,10059.07,4434.86,104.85,0.921
2025-12-06,Store_017,817,197,11703.5,6442.81,143.92,0.922
2025-12-06,Store_018,736,102,6298.65,3205.04,49.56,0.924
2025-12-06,Store_019,386,96,5880.06,2721.25,71.63,0.924
2025-12-06,Store_020,809,190,9221.59,4648.71,104.91,0.864
2025-12-07,Store_001,865,221,14038.05,6964.13,272.83,0.96
2025-12-07,Store_002,589,152,7433.66,3646.6,66.44,0.937
2025-12-07,Store_003,875,150,11932.83,6378.37,216.36,0.99
2025-12-07,Store_004,741,203,9545.37,4761.88,109.47,0.951
2025-12-07,Store_005,627,102,6601.26,3243.01,105.49,0.897
2025-12-07,Store_006,622,115,3672.21,2124.39,54.54,0.917
2025-12-07,Store_007,500,101,5407.86,2768.8,49.18,0.975
2025-12-07,Store_008,609,119,4966.38,2735.12,83.76,0.926
2025-12-07,Store_009,712,184,9423.69,5188.04,48.57,0.903
2025-12-07,Store_010,482,111,5301.97,2586.06,81.86,0.888
2025-12-07,Store_011,271,83,4136.72,2349.62,54.42,0.944
2025-12-07,Store_012,514,113,6567.42,3614.17,61.47,0.873
2025-12-07,Store_013,468,76,3760.64,1705.37,38.48,0.932
2025-12-07,Store_014,918,175,6776.13,2898.26,53.27,0.899
2025-12-07,Store_015,767,160,4510.14,2166.84,69.6,0.903
2025-12-07,Store_016,244,53,2865.12,1513.35,48.81,0.924
2025-12-07,Store_017,589,152,10986.9,5604.23,191.7,0.945
2025-12-07,Store_018,817,140,8750.72,4908.11,82.64,0.887
2025-12-07,Store_019,815,159,9122.82,4144.08,162.31,0.928
2025-12-07,Store_020,365,99,6743.33,3683.25,45.21,0.89
2025-12-08,Store_001,478,120,4151.92,2396.96,76.35,0.901
2025-12-08,Store_002,662,140,6749.97,3839.26,49.27,0.926
2025-12-08,Store_003,497,81,5436.91,2531.35,36.22,0.953
2025-12-08,Store_004,407,78,3958.35,1919.3,59.45,0.926
2025-12-08,Store_005,602,132,5947.52,3028.84,60.12,0.926
2025-12-08,Store_006,621,127,10912.27,6035.28,145.73,0.92
2025-12-08,Store_007,569,115,9065.88,5139.05,156.59,0.948
2025-12-08,Store_008,765,186,9596.12,4912.73,163.58,0.932
2025-12-08,Store_009,365,71,2593.22,1140.59,34.6,0.889
2025-12-08,Store_010,425,98,5396.13,2286.74,40.62,0.905
2025-12-08,Store_011,779,203,11699.89,6547.99,176.68,0.975
2025-12-08,Store_012,444,143,6965.37,2981.62,124.59,0.925
2025-12-08,Store_013,685,172,10466.97,4960.59,136.5,0.906
2025-12-08,Store_014,522,129,6552.3,3448.95,84.24,0.933
2025-12-08,Store_015,521,168,10310.9,5684.47,148.79,0.877
2025-12-08,Store_016,584,93,5132.71,2821.17,71.75,0.937
2025-12-08,Store_017,517,134,6941.83,2989.48,132.7,0.902
2025-12-08,Store_018,680,181,8995.81,3899.23,90.73,0.903
2025-12-08,Store_019,579,147,8471.49,4403.7,57.6,0.941
2025-12-08,Store_020,665,165,8833.51,4689.01,157.49,0.909
2025-12-09,Store_001,535,189,8900.8,5141.88,155.84,0.867
2025-12-09,Store_002,305,43,1820.48,801.5,28.36,0.887
2025-12-09,Store_003,223,39,1966.64,1085.31,22.43,0.821
2025-12-09,Store_004,508,115,5998.15,3453.63,117.73,0.962
2025-12-09,Store_005,377,74,4110.75,1952.92,29.16,0.9
2025-12-09,Store_006,541,104,6369.6,3047.5,109.01,0.934
2025-12-09,Store_007,362,89,4964.49,2785.39,92.81,0.903
2025-12-09,Store_008,394,74,3381.31,1819.48,19.39,0.898
2025-12-09,Store_009,485,134,6971.79,3264.07,92.72,0.958
2025-12-09,Store_010,587,156,8615.46,4893.54,165.08,0.944
2025-12-09,Store_011,317,70,4193.02,2321.92,48.64,0.939
2025-12-09,Store_012,145,39,1170.49,572.34,7.7,0.919
2025-12-09,Store_013,483,112,4339.71,1963.06,72.41,0.941
2025-12-09,Store_014,419,50,900.0,471.16,11.35,0.951
2025-12-09,Store_015,334,118,6524.19,3727.25,83.94,0.957
2025-12-09,Store_016,576,175,5297.07,2316.92,43.15,0.893
2025-12-09,Store_017,662,159,7279.87,3605.31,133.61,0.956
2025-12-09,Store_018,324,57,2453.58,1144.51,35.01,0.902
2025-12-09,Store_019,394,123,5879.68,3124.11,79.38,0.925
2025-12-09,Store_020,684,179,6015.75,3042.43,84.69,0.915
2025-12-10,Store_001,331,78,5853.28,2806.08,31.24,0.91
2025-12-10,Store_002,586,136,7415.46,3340.85,124.78,0.932
2025-12-10,Store_003,345,85,4028.81,1981.52,66.76,0.874
2025-12-10,Store_004,668,187,11555.89,5473.51,80.44,0.905
2025-12-10,Store_005,331,66,3135.64,1480.28,33.66,0.932
2025-12-10,Store_006,184,50,1663.44,853.22,32.37,0.866
2025-12-10,Store_007,437,112,4393.3,2488.69,28.01,0.862
2025-12-10,Store_008,567,160,7481.18,3554.41,133.18,0.904
2025-12-10,Store_009,636,128,6079.22,2908.81,52.67,0.938
2025-12-10,Store_010,439,107,5942.71,3287.57,65.75,0.908
2025-12-10,Store_011,567,96,6018.51,3277.7,112.24,0.947
2025-12-10,Store_012,820,240,10471.13,5007.66,79.52,0.911
2025-12-10,Store_013,559,99,5486.81,2528.95,79.28,0.942
2025-12-10,Store_014,246,67,3645.62,1934.16,53.97,0.904
2025-12-10,Store_015,400,121,5176.2,2439.18,69.08,0.972
2025-12-10,Store_016,597,133,8242.57,4253.69,116.3,0.985
2025-12-10,Store_017,361,76,3798.38,2121.75,55.3,0.917
2025-12-10,Store_018,568,146,7098.69,3500.77,58.7,0.903
2025-12-10,Store_019,367,83,3429.91,1761.8,66.24,0.91
2025-12-10,Store_020,375,120,4810.94,2723.52,57.98,0.9
2025-12-11,Store_001,640,170,10368.06,5187.32,56.11,0.939
2025-12-11,Store_002,581,116,6748.98,3484.54,125.6,0.925
2025-12-11,Store_003,396,88,5504.69,2808.45,78.14,0.886
2025-12-11,Store_004,191,46,3062.23,1325.95,39.06,0.945
2025-12-11,Store_005,712,151,9108.39,4652.46,160.0,0.944
2025-12-11,Store_006,645,170,7950.57,4501.48,123.25,0.885
2025-12-11,Store_007,567,129,9185.52,3980.58,169.78,0.953
2025-12-11,Store_008,607,152,10544.05,5731.11,114.2,0.935
2025-12-11,Store_009,280,49,1573.52,809.19,25.24,0.907
2025-12-11,Store_010,524,150,9569.47,5313.15,125.45,0.896
2025-12-11,Store_011,597,106,7224.29,3059.92,36.98,0.876
2025-12-11,Store_012,365,100,5576.39,2512.26,73.33,0.923
2025-12-11,Store_013,520,100,6556.93,3342.6,119.15,0.914
2025-12-11,Store_014,572,158,7234.25,3654.33,92.87,0.918
2025-12-11,Store_015,221,69,4285.07,2266.84,50.82,0.99
2025-12-11,Store_016,441,72,3196.34,1566.66,21.77,0.906
2025-12-11,Store_017,620,151,8737.39,4022.49,152.56,0.901
2025-12-11,Store_018,564,67,4990.77,2226.28,54.55,0.875
2025-12-11,Store_019,364,75,3249.9,1534.04,63.03,0.867
2025-12-11,Store_020,618,87,5484.06,3096.72,73.06,0.895
2025-12-12,Store_001,712,226,10317.28,5845.4,89.03,0.922
2025-12-12,Store_002,447,82,3870.61,2228.08,31.07,0.9
2025-12-12,Store_003,527,100,4076.92,1885.75,41.29,0.953
2025-12-12,Store_004,498,89,5775.19,3323.91,98.09,0.96
2025-12-12,Store_005,272,48,2289.4,1204.8,44.67,0.886
2025-12-12,Store_006,265,66,1704.54,753.55,10.38,0.912
2025-12-12,Store_007,373,90,3818.26,1625.22,46.94,0.874
2025-12-12,Store_008,796,144,4294.5,2282.34,78.45,0.937
2025-12-12,Store_009,534,64,2958.16,1701.27,46.58,0.953
2025-12-12,Store_010,661,131,7388.6,4175.04,87.63,0.933
2025-12-12,Store_011,652,139,7179.96,3244.71,64.03,0.942
2025-12-12,Store_012,494,122,8771.93,4099.75,171.55,0.886
2025-12-12,Store_013,602,153,6588.73,3211.18,104.36,0.931
2025-12-12,Store_014,494,100,6677.4,3464.31,86.4,0.874
2025-12-12,Store_015,388,99,4589.48,2003.22,52.1,0.897
2025-12-12,Store_016,566,114,6756.17,3627.85,54.53,0.961
2025-12-12,Store_017,674,120,5608.63,3020.65,91.75,0.907
2025-12-12,Store_018,382,93,4924.27,2746.4,91.29,0.838
2025-12-12,Store_019,349,75,4698.62,2082.74,33.21,0.909
2025-12-12,Store_020,539,137,7425.74,4160.85,43.4,0.892
2025-12-13,Store_001,515,120,4989.74,2229.77,45.64,0.909
2025-12-13,Store_002,598,71,3673.68,2003.98,30.28,0.913
2025-12-13,Store_003,655,114,6515.87,3505.22,37.55,0.935
2025-12-13,Store_004,329,73,2885.78,1325.02,52.1,0.896
2025-12-13,Store_005,391,86,5388.18,2591.72,77.77,0.919
2025-12-13,Store_006,985,161,8937.76,4954.03,142.91,0.911
2025-12-13,Store_007,851,206,11354.87,5804.53,219.72,0.928
2025-12-13,Store_008,694,119,7401.52,3477.45,64.01,0.903
2025-12-13,Store_009,791,227,8041.94,4530.22,105.08,0.922
2025-12-13,Store_010,755,174,9133.1,4288.47,66.29,0.926
2025-12-13,Store_011,418,115,4669.24,2581.08,88.28,0.913
2025-12-13,Store_012,643,140,6435.81,3448.93,83.19,0.944
2025-12-13,Store_013,970,221,5682.36,2635.85,87.36,0.953
2025-12-13,Store_014,486,115,7752.56,3944.05,53.09,0.941
2025-12-13,Store_015,514,78,6359.82,3567.09,38.66,0.945
2025-12-13,Store_016,1011,202,7962.01,4209.1,145.5,0.935
2025-12-13,Store_017,468,98,5265.01,2247.76,65.94,0.892
2025-12-13,Store_018,739,168,11825.38,6782.02,63.63,0.955
2025-12-13,Store_019,759,207,10885.93,6057.57,196.6,0.863
2025-12-13,Store_020,642,171,11324.93,5760.67,106.34,0.893
2025-12-14,Store_001,654,141,7384.95,3317.6,90.36,0.916
2025-12-14,Store_002,740,188,9828.12,5117.16,140.16,0.964
2025-12-14,Store_003,815,235,12696.63,6360.43,126.14,0.917
2025-12-14,Store_004,847,146,12193.28,5410.44,160.81,0.921
2025-12-14,Store_005,751,244,12387.01,6877.78,196.37,0.954
2025-12-14,Store_006,597,151,6540.53,2843.95,65.06,0.921
2025-12-14,Store_007,617,120,4357.06,2027.64,85.57,0.939
2025-12-14,Store_008,670,146,8858.43,3956.27,167.32,0.959
2025-12-14,Store_009,465,92,6109.66,3398.97,60.44,0.866
2025-12-14,Store_010,808,191,9944.91,4335.41,161.03,0.934
2025-12-14,Store_011,770,142,4990.55,2425.22,99.8,0.927
2025-12-14,Store_012,599,129,4476.47,2543.51,29.49,0.947
2025-12-14,Store_013,628,81,4889.59,2603.56,73.61,0.896
2025-12-14,Store_014,481,79,3599.32,1924.32,18.68,0.949
2025-12-14,Store_015,752,195,6006.08,3152.23,101.21,0.903
2025-12-14,Store_016,712,170,9936.3,5099.53,103.43,0.922
2025-12-14,Store_017,585,171,10825.21,4770.33,171.27,0.944
2025-12-14,Store_018,448,99,5489.14,2597.42,73.38,0.958
2025-12-14,Store_019,573,142,8659.71,4829.62,92.71,0.99
2025-12-14,Store_020,653,139,6676.55,2952.62,66.16,0.871
2025-12-15,Store_001,800,131,6663.88,3783.91,50.87,0.973
2025-12-15,Store_002,596,139,7905.38,3415.1,117.42,0.963
2025-12-15,Store_003,554,149,6377.64,3203.97,88.09,0.87
2025-12-15,Store_004,145,37,1512.0,784.49,22.33,0.907
2025-12-15,Store_005,638,109,4971.2,2650.8,44.73,0.889
2025-12-15,Store_006,729,111,3896.85,1681.55,43.36,0.955
2025-12-15,Store_007,491,75,4708.28,2580.79,67.06,0.897
2025-12-15,Store_008,572,178,12708.87,6819.29,187.91,0.903
2025-12-15,Store_009,672,118,5221.7,2249.03,82.15,0.915
2025-12-15,Store_010,698,164,8209.48,4563.44,43.87,0.894
2025-12-15,Store_011,415,86,3587.91,1527.97,37.14,0.964
2025-12-15,Store_012,775,167,9954.13,5432.08,54.1,0.932
2025-12-15,Store_013,783,134,6040.4,3045.57,36.51,0.928
2025-12-15,Store_014,340,90,3526.67,1764.13,53.91,0.914
2025-12-15,Store_015,484,75,4712.98,2314.41,24.45,0.921
2025-12-15,Store_016,620,196,6134.01,2983.37,56.1,0.962
2025-12-15,Store_017,344,70,3194.17,1782.76,48.38,0.951
2025-12-15,Store_018,708,104,5051.88,2511.33,96.72,0.907
2025-12-15,Store_019,428,102,4246.03,2160.46,37.55,0.887
2025-12-15,Store_020,690,220,8448.05,4162.48,126.09,0.887
2025-12-16,Store_001,467,141,9165.46,4433.98,181.12,0.914
2025-12-16,Store_002,185,51,1568.65,740.69,13.44,0.892
2025-12-16,Store_003,427,98,3377.23,1489.55,18.25,0.927
2025-12-16,Store_004,640,116,4654.54,2037.96,47.89,0.982
2025-12-16,Store_005,600,129,6900.38,2943.15,98.46,0.9
2025-12-16,Store_006,468,123,5622.58,2590.32,80.37,0.989
2025-12-16,Store_007,582,123,5244.22,2500.35,28.29,0.883
2025-12-16,Store_008,468,108,4559.88,2627.86,61.11,0.915
2025-12-16,Store_009,407,132,10139.48,5471.29,111.45,0.898
2025-12-16,Store_010,764,129,6320.46,3575.82,99.61,0.872
2025-12-16,Store_011,392,99,7133.07,4127.95,111.05,0.922
2025-12-16,Store_012,747,117,5878.86,2543.93,58.1,0.902
2025-12-16,Store_013,574,74,3824.37,1758.26,53.04,0.986
2025-12-16,Store_014,596,121,4528.9,1948.42,57.14,0.959
2025-12-16,Store_015,540,85,5514.56,2949.7,89.49,0.939
2025-12-16,Store_016,457,90,4811.13,2631.87,38.69,0.989
2025-12-16,Store_017,337,73,1436.39,679.71,10.64,0.922
2025-12-16,Store_018,553,130,7959.58,3957.45,82.68,0.937
2025-12-16,Store_019,571,83,5805.43,2711.22,65.78,0.905
2025-12-16,Store_020,428,122,5661.79,2929.86,85.48,0.941
2025-12-17,Store_001,826,225,13905.43,7018.44,236.84,0.834
2025-12-17,Store_002,808,240,13928.23,7524.41,223.4,0.893
2025-12-17,Store_003,700,180,5581.82,2531.89,92.37,0.967
2025-12-17,Store_004,780,199,12214.64,5197.23,184.97,0.9
2025-12-17,Store_005,366,89,5489.95,3092.01,34.16,0.919
2025-12-17,Store_006,156,21,1318.71,657.47,7.28,0.929
2025-12-17,Store_007,426,119,4796.34,2745.11,64.06,0.904
2025-12-17,Store_008,385,78,3993.14,2103.67,71.52,0.975
2025-12-17,Store_009,462,103,6910.86,3044.63,68.79,0.927
2025-12-17,Store_010,269,62,3230.85,1723.84,27.69,0.913
2025-12-17,Store_011,602,157,7626.49,4320.98,78.66,0.909
2025-12-17,Store_012,593,103,5489.02,2395.22,34.13,0.953
2025-12-17,Store_013,509,125,4454.47,2213.15,44.99,0.959
2025-12-17,Store_014,338,78,3863.29,1817.52,37.0,0.925
2025-12-17,Store_015,457,124,4640.82,2349.88,85.19,0.939
2025-12-17,Store_016,551,104,4075.07,2228.41,40.87,0.904
2025-12-17,Store_017,403,154,8115.56,3472.0,53.99,0.881
2025-12-17,Store_018,293,82,3372.8,1518.31,17.1,0.902
2025-12-17,Store_019,619,151,8613.08,4699.49,96.12,0.879
2025-12-17,Store_020,465,113,5579.24,2832.78,105.92,0.99
2025-12-18,Store_001,485,113,6493.49,3016.74,129.32,0.903
2025-12-18,Store_002,497,131,6536.55,2892.83,105.44,0.951
2025-12-18,Store_003,267,59,3489.69,1647.75,41.32,0.89
2025-12-18,Store_004,550,131,7432.51,3866.54,100.2,0.961
2025-12-18,Store_005,433,63,4143.67,2361.22,80.35,0.949
2025-12-18,Store_006,741,173,10841.76,5992.7,205.64,0.973
2025-12-18,Store_007,651,127,5305.63,3026.89,69.47,0.932
2025-12-18,Store_008,809,184,11741.94,5712.21,74.16,0.927
2025-12-18,Store_009,487,132,7861.97,4234.64,119.59,0.887
2025-12-18,Store_010,723,210,9373.03,5233.0,63.46,0.921
2025-12-18,Store_011,127,31,1982.65,1065.82,28.34,0.929
2025-12-18,Store_012,474,145,7397.05,3275.77,88.54,0.916
2025-12-18,Store_013,351,85,4713.53,2089.9,67.58,0.926
2025-12-18,Store_014,518,108,5801.73,3014.14,54.22,0.952
2025-12-18,Store_015,323,89,4415.48,1916.9,84.22,0.958
2025-12-18,Store_016,722,162,5739.4,3107.04,36.46,0.899
2025-12-18,Store_017,556,135,4532.81,2293.05,77.76,0.911
2025-12-18,Store_018,318,83,5349.43,2713.81,27.46,0.91
2025-12-18,Store_019,325,85,4627.43,2340.67,32.44,0.907
2025-12-18,Store_020,541,163,8759.0,4300.26,62.17,0.923
2025-12-19,Store_001,548,134,8351.19,4105.16,83.79,0.841
2025-12-19,Store_002,751,180,12075.26,5977.83,231.43,0.906
2025-12-19,Store_003,492,146,7047.73,3042.01,115.74,0.932
2025-12-19,Store_004,602,181,8937.21,5182.57,99.43,0.907
2025-12-19,Store_005,645,144,7232.75,3440.45,124.32,0.896
2025-12-19,Store_006,766,205,11674.1,6563.05,144.78,0.93
2025-12-19,Store_007,371,93,6902.06,3077.31,120.74,0.858
2025-12-19,Store_008,271,73,3773.54,1823.46,32.38,0.852
2025-12-19,Store_009,343,91,5402.98,2348.98,89.94,0.893
2025-12-19,Store_010,261,69,3849.68,2036.31,66.66,0.87
2025-12-19,Store_011,572,119,5113.95,2361.0,98.49,0.913
2025-12-19,Store_012,528,159,8272.35,4496.36,80.72,0.921
2025-12-19,Store_013,379,94,5960.09,2678.65,108.12,0.923
2025-12-19,Store_014,986,285,12844.84,6544.78,172.88,0.951
2025-12-19,Store_015,497,94,5527.75,2351.98,31.63,0.934
2025-12-19,Store_016,374,78,4823.23,2509.27,87.74,0.913
2025-12-19,Store_017,372,97,6375.58,2883.38,78.1,0.932
2025-12-19,Store_018,485,115,6258.86,2630.5,120.47,0.91
2025-12-19,Store_019,556,147,10226.96,5677.76,84.66,0.917
2025-12-19,Store_020,389,118,5993.65,3364.12,84.56,0.912
2025-12-20,Store_001,884,208,9463.88,4833.02,159.25,0.946
2025-12-20,Store_002,249,60,1772.73,842.36,29.15,0.936
2025-12-20,Store_003,488,109,5404.76,2386.71,40.99,0.877
2025-12-20,Store_004,342,80,2136.33,1033.57,38.8,0.918
2025-12-20,Store_005,569,85,3615.72,1567.86,20.9,0.942
2025-12-20,Store_006,758,169,7787.97,3841.9,53.33,0.886
2025-12-20,Store_007,409,76,3310.0,1707.92,37.39,0.887
2025-12-20,Store_008,259,65,2730.25,1530.88,21.79,0.935
2025-12-20,Store_009,684,190,6287.91,3575.69,100.86,0.908
2025-12-20,Store_010,206,44,2164.93,970.04,13.57,0.91
2025-12-20,Store_011,767,187,11048.06,5878.42,201.46,0.844
2025-12-20,Store_012,299,88,3491.56,1706.9,20.58,0.89
2025-12-20,Store_013,442,96,6214.57,3102.51,46.61,0.932
2025-12-20,Store_014,256,62,3798.64,2042.74,63.07,0.931
2025-12-20,Store_015,686,157,8966.62,4779.41,81.82,0.943
2025-12-20,Store_016,522,141,8268.1,4347.24,125.64,0.947
2025-12-20,Store_017,476,129,4771.53,2663.56,34.18,0.924
2025-12-20,Store_018,895,198,11599.93,5938.42,126.54,0.923
2025-12-20,Store_019,410,96,6396.97,3459.99,102.12,0.93
2025-12-20,Store_020,838,108,4136.13,2305.38,39.19,0.835
2025-12-21,Store_001,794,288,15370.04,8176.07,162.95,0.954
2025-12-21,Store_002,533,97,4681.05,2269.64,74.25,0.929
2025-12-21,Store_003,152,44,2076.97,955.2,35.46,0.944
2025-12-21,Store_004,333,81,5185.3,2559.15,56.15,0.911
2025-12-21,Store_005,706,150,9189.92,3947.51,178.17,0.883
2025-12-21,Store_006,923,110,3199.44,1366.27,46.98,0.944
2025-12-21,Store_007,444,148,9080.9,4444.12,56.84,0.957
2025-12-21,Store_008,979,222,13036.04,6876.45,179.8,0.903
2025-12-21,Store_009,782,203,6778.39,3127.07,112.93,0.914
2025-12-21,Store_010,459,120,4175.21,2340.98,29.44,0.92
2025-12-21,Store_011,851,171,9228.77,3932.33,57.86,0.908
2025-12-21,Store_012,988,290,14687.39,6523.27,130.21,0.877
2025-12-21,Store_013,581,144,10868.87,6123.46,181.95,0.914
2025-12-21,Store_014,628,149,10388.39,5176.74,137.76,0.988
2025-12-21,Store_015,712,156,9646.7,4905.23,49.52,0.928
2025-12-21,Store_016,775,177,7467.7,4052.05,47.97,0.896
2025-12-21,Store_017,933,217,11201.16,6092.02,162.1,0.909
2025-12-21,Store_018,496,141,4861.41,2434.99,57.71,0.948
2025-12-21,Store_019,809,200,11166.78,6308.49,191.5,0.926
2025-12-21,Store_020,921,260,11169.69,5229.34,103.98,0.95
2025-12-22,Store_001,581,69,2852.62,1475.09,30.62,0.946
2025-12-22,Store_002,549,158,9525.32,4155.1,176.55,0.976
2025-12-22,Store_003,269,44,2710.0,1159.03,49.57,0.94
2025-12-22,Store_004,608,160,7323.15,3809.51,51.57,0.923
2025-12-22,Store_005,468,137,5236.42,2957.93,48.43,0.934
2025-12-22,Store_006,507,122,5808.95,2786.51,30.1,0.926
2025-12-22,Store_007,529,86,5335.04,2902.1,31.75,0.918
2025-12-22,Store_008,561,128,6963.39,3612.67,93.87,0.927
2025-12-22,Store_009,700,119,7138.78,3772.75,99.78,0.904
2025-12-22,Store_010,349,57,2683.38,1427.72,46.53,0.923
2025-12-22,Store_011,723,213,8774.88,4799.43,151.2,0.906
2025-12-22,Store_012,546,130,7182.75,3726.99,48.38,0.981
2025-12-22,Store_013,573,157,7161.78,3674.28,72.54,0.905
2025-12-22,Store_014,509,92,5257.38,2370.83,51.94,0.914
2025-12-22,Store_015,765,151,6887.23,3013.93,79.64,0.865
2025-12-22,Store_016,273,59,3813.14,1613.58,55.97,0.894
2025-12-22,Store_017,839,241,8773.62,4340.14,168.59,0.892
2025-12-22,Store_018,478,85,4431.86,1886.91,70.07,0.928
2025-12-22,Store_019,511,121,7372.78,3913.2,118.83,0.894
2025-12-22,Store_020,515,67,4303.58,2343.89,60.31,0.922
2025-12-23,Store_001,845,169,5497.3,2838.31,82.73,0.923
2025-12-23,Store_002,374,83,3246.27,1555.95,35.73,0.931
2025-12-23,Store_003,638,103,3254.38,1483.21,44.49,0.913
2025-12-23,Store_004,425,110,6768.28,2854.06,122.15,0.888
2025-12-23,Store_005,306,94,4682.57,2404.58,50.56,0.832
2025-12-23,Store_006,428,79,4164.78,1900.91,48.77,0.931
2025-12-23,Store_007,436,133,7381.22,3990.73,143.6,0.946
2025-12-23,Store_008,570,132,7754.56,4212.18,150.98,0.977
2025-12-23,Store_009,480,145,9139.62,4267.17,64.79,0.925
2025-12-23,Store_010,996,233,10839.21,4772.03,154.69,0.919
2025-12-23,Store_011,385,81,4270.48,2427.58,68.28,0.966
2025-12-23,Store_012,730,189,6703.27,3827.16,59.53,0.921
2025-12-23,Store_013,185,38,2046.39,880.73,12.5,0.898
2025-12-23,Store_014,475,86,3803.59,2112.08,49.87,0.954
2025-12-23,Store_015,616,119,4708.05,2720.84,44.29,0.92
2025-12-23,Store_016,655,151,8300.5,3657.22,68.36,0.936
2025-12-23,Store_017,530,117,5655.91,2788.11,109.96,0.908
2025-12-23,Store_018,213,44,1813.83,947.09,29.47,0.909
2025-12-23,Store_019,525,70,3802.02,2146.66,69.78,0.889
2025-12-23,Store_020,1034,253,11800.64,5958.4,133.67,0.922
2025-12-24,Store_001,455,140,8284.29,3660.06,48.61,0.927
2025-12-24,Store_002,620,117,6329.87,3173.2,56.38,0.929
2025-12-24,Store_003,242,56,3443.05,1940.49,32.89,0.881
2025-12-24,Store_004,665,200,7172.02,3763.48,56.1,0.906
2025-12-24,Store_005,485,116,6339.56,3266.69,65.2,0.899
2025-12-24,Store_006,721,225,10561.01,5388.02,142.68,0.881
2025-12-24,Store_007,168,39,2172.43,1162.17,12.47,0.904
2025-12-24,Store_008,653,113,5921.9,2539.47,110.01,0.917
2025-12-24,Store_009,615,142,9666.99,4282.69,150.5,0.91
2025-12-24,Store_010,574,159,4936.8,2485.93,96.63,0.93
2025-12-24,Store_011,542,177,6507.66,3492.92,126.55,0.954
2025-12-24,Store_012,564,106,6355.86,3228.22,113.52,0.948
2025-12-24,Store_013,635,178,8775.64,5055.83,89.95,0.908
2025-12-24,Store_014,339,86,4916.06,2680.48,28.16,0.914
2025-12-24,Store_015,413,87,3150.07,1558.9,29.77,0.921
2025-12-24,Store_016,677,166,9762.88,4733.19,191.05,0.915
2025-12-24,Store_017,840,165,5772.2,3146.08,47.92,0.872
2025-12-24,Store_018,535,102,6506.59,3292.36,43.97,0.932
2025-12-24,Store_019,572,149,5235.69,2320.21,47.31,0.913
2025-12-24,Store_020,826,212,13378.48,5759.04,249.81,0.926
2025-12-25,Store_001,528,148,9288.55,4422.7,185.18,0.923
2025-12-25,Store_002,371,94,4785.91,2171.63,87.33,0.945
2025-12-25,Store_003,572,153,9273.96,3974.62,102.35,0.905
2025-12-25,Store_004,552,108,6577.48,2820.48,49.43,0.932
2025-12-25,Store_005,792,197,9215.73,5166.2,46.84,0.905
2025-12-25,Store_006,658,201,6280.57,3583.02,99.11,0.875
2025-12-25,Store_007,432,142,5223.32,2328.67,90.17,0.887
2025-12-25,Store_008,617,169,4623.44,2487.02,80.04,0.882
2025-12-25,Store_009,781,236,11466.28,5553.37,97.22,0.953
2025-12-25,Store_010,418,131,7314.95,3142.49,140.85,0.945
2025-12-25,Store_011,445,110,6329.73,3600.43,109.32,0.924
2025-12-25,Store_012,505,128,5606.5,2670.48,28.6,0.93
2025-12-25,Store_013,293,40,2910.32,1280.35,50.16,0.967
2025-12-25,Store_014,456,66,3133.7,1668.51,49.13,0.939
2025-12-25,Store_015,642,178,9521.19,4963.19,90.38,0.925
2025-12-25,Store_016,413,80,3116.81,1345.06,54.63,0.917
2025-12-25,Store_017,486,127,8316.29,4573.04,76.86,0.88
2025-12-25,Store_018,678,169,8567.62,3775.01,48.72,0.928
2025-12-25,Store_019,288,70,2977.31,1524.42,37.91,0.916
2025-12-25,Store_020,532,149,4601.89,2454.69,24.35,0.903
2025-12-26,Store_001,312,80,3905.52,2072.65,49.29,0.936
2025-12-26,Store_002,529,87,5678.87,2429.22,99.3,0.903
2025-12-26,Store_003,676,252,18106.45,10360.44,169.84,0.918
2025-12-26,Store_004,666,131,8469.31,4715.44,47.54,0.955
2025-12-26,Store_005,743,147,10422.66,4663.25,179.88,0.99
2025-12-26,Store_006,637,82,3589.18,2013.57,20.7,0.861
2025-12-26,Store_007,583,126,5869.3,2960.35,41.29,0.932
2025-12-26,Store_008,568,134,8855.28,5101.18,86.81,0.908
2025-12-26,Store_009,490,94,4067.81,2146.78,74.95,0.99
2025-12-26,Store_010,668,161,11956.65,6265.93,81.27,0.897
2025-12-26,Store_011,753,201,8218.18,4423.34,83.63,0.917
2025-12-26,Store_012,414,76,5690.9,2929.97,31.42,0.9
2025-12-26,Store_013,409,105,7514.69,4345.38,39.67,0.968
2025-12-26,Store_014,186,32,2091.85,1207.86,21.61,0.892
2025-12-26,Store_015,614,152,10483.67,4712.87,102.55,0.952
2025-12-26,Store_016,400,115,5547.6,3003.17,99.85,0.869
2025-12-26,Store_017,494,118,5632.64,3141.94,97.67,0.944
2025-12-26,Store_018,503,115,4482.07,2090.62,49.6,0.916
2025-12-26,Store_019,669,200,12604.04,5389.86,134.0,0.886
2025-12-26,Store_020,80,18,476.39,220.23,5.97,0.883
2025-12-27,Store_001,807,185,10539.12,5382.85,203.76,0.932
2025-12-27,Store_002,556,172,7185.41,3236.22,120.86,0.929
2025-12-27,Store_003,370,45,3096.95,1324.11,18.29,0.849
2025-12-27,Store_004,585,148,9182.62,4714.1,100.02,0.927
2025-12-27,Store_005,458,85,5500.65,3048.63,86.12,0.909
2025-12-27,Store_006,890,215,12666.41,5508.77,225.8,0.907
2025-12-27,Store_007,625,80,3936.59,1658.76,57.44,0.918
2025-12-27,Store_008,921,260,10073.14,5205.79,151.14,0.94
2025-12-27,Store_009,411,104,10097.62,5825.68,58.68,0.887
2025-12-27,Store_010,361,54,3100.07,1612.74,20.16,0.902
2025-12-27,Store_011,956,194,7729.16,4480.25,131.36,0.886
2025-12-27,Store_012,494,129,7383.96,3436.32,73.38,0.94
2025-12-27,Store_013,266,65,4703.28,2020.03,25.44,0.916
2025-12-27,Store_014,638,151,7399.34,3591.51,65.92,0.907
2025-12-27,Store_015,527,96,6035.86,2718.99,112.41,0.975
2025-12-27,Store_016,619,153,9840.74,5553.96,84.77,0.931
2025-12-27,Store_017,424,100,5641.96,2998.19,31.24,0.954
2025-12-27,Store_018,618,95,3407.0,1925.38,30.23,0.918
2025-12-27,Store_019,671,197,10593.0,5140.6,92.25,0.926
2025-12-27,Store_020,700,133,7448.69,3710.25,68.54,0.915
2025-12-28,Store_001,492,134,6227.99,3132.48,47.23,0.978
2025-12-28,Store_002,876,165,6752.11,2928.76,109.83,0.948
2025-12-28,Store_003,636,200,12929.54,5448.76,133.31,0.867
2025-12-28,Store_004,710,210,11971.38,6517.82,113.28,0.885
2025-12-28,Store_005,1034,189,14513.26,8116.33,233.21,0.949
2025-12-28,Store_006,300,76,3743.33,1614.34,29.63,0.9
2025-12-28,Store_007,1035,315,18950.28,9958.2,363.75,0.895
2025-12-28,Store_008,782,205,9869.27,5142.12,134.93,0.894
2025-12-28,Store_009,1113,197,10762.93,6068.15,171.57,0.899
2025-12-28,Store_010,478,168,7665.16,4218.66,117.08,0.903
2025-12-28,Store_011,656,202,11422.92,5044.87,139.42,0.947
2025-12-28,Store_012,701,178,9357.82,5333.62,68.8,0.9
2025-12-28,Store_013,794,149,8671.96,4231.29,157.95,0.932
2025-12-28,Store_014,620,172,6191.86,3584.61,68.76,0.884
2025-12-28,Store_015,505,113,5680.68,3269.65,91.15,0.914
2025-12-28,Store_016,507,90,4798.6,2309.42,29.82,0.894
2025-12-28,Store_017,792,221,9879.46,4878.93,194.03,0.935
2025-12-28,Store_018,735,167,10963.15,5068.95,141.61,0.958
2025-12-28,Store_019,683,179,9620.76,4946.55,82.89,0.942
2025-12-28,Store_020,936,223,7681.33,4071.55,45.96,0.925
2025-12-29,Store_001,425,65,1804.57,992.95,20.84,0.953
2025-12-29,Store_002,500,83,4498.27,2133.58,64.48,0.895
2025-12-29,Store_003,688,163,8760.38,4095.49,152.72,0.954
2025-12-29,Store_004,426,103,6622.3,2833.11,109.0,0.91
2025-12-29,Store_005,612,157,11508.9,5899.83,167.05,0.919
2025-12-29,Store_006,775,172,6696.88,3775.38,127.9,0.885
2025-12-29,Store_007,389,80,4722.82,2686.29,72.32,0.949
2025-12-29,Store_008,643,106,4656.1,2072.8,86.22,0.913
2025-12-29,Store_009,490,111,8220.41,4591.82,149.54,0.939
2025-12-29,Store_010,422,117,7459.32,3828.64,78.38,0.941
2025-12-29,Store_011,799,95,4216.0,2284.33,50.07,0.921
2025-12-29,Store_012,309,50,2217.74,1159.85,17.75,0.876
2025-12-29,Store_013,497,74,3583.94,2024.09,53.5,0.921
2025-12-29,Store_014,647,182,10670.93,4908.7,101.31,0.982
2025-12-29,Store_015,651,185,9904.78,4327.72,60.2,0.92
2025-12-29,Store_016,344,88,3393.19,1446.96,28.9,0.881
2025-12-29,Store_017,673,80,5770.33,2606.16,92.99,0.953
2025-12-29,Store_018,586,98,3469.16,1580.23,45.78,0.887
2025-12-29,Store_019,613,167,9868.43,5385.38,196.98,0.932
2025-12-29,Store_020,448,107,4867.27,2791.85,34.85,0.967
2025-12-30,Store_001,667,213,12526.22,5353.72,98.18,0.881
2025-12-30,Store_002,633,152,7139.97,3452.56,50.64,0.916
2025-12-30,Store_003,490,106,6867.22,3632.6,45.63,0.95
2025-12-30,Store_004,469,125,5500.01,3153.99,107.32,0.944
2025-12-30,Store_005,338,98,6297.33,2888.5,97.51,0.899
2025-12-30,Store_006,864,190,9185.06,4082.12,158.81,0.877
2025-12-30,Store_007,178,37,1420.01,743.51,17.7,0.931
2025-12-30,Store_008,345,103,4555.63,2087.89,67.74,0.961
2025-12-30,Store_009,668,158,8474.98,4546.06,79.14,0.901
2025-12-30,Store_010,485,78,4615.76,2327.99,35.8,0.907
2025-12-30,Store_011,596,146,5141.37,2902.31,90.2,0.925
2025-12-30,Store_012,332,86,4838.09,2437.25,26.56,0.881
2025-12-30,Store_013,875,168,10213.43,5681.44,82.2,0.921
2025-12-30,Store_014,760,92,4088.92,2010.71,54.82,0.946
2025-12-30,Store_015,448,129,8136.44,3528.65,135.01,0.89
2025-12-30,Store_016,479,75,2333.77,1190.0,15.32,0.99
2025-12-30,Store_017,241,65,4074.4,1712.7,50.76,0.908
2025-12-30,Store_018,580,119,3965.34,2097.34,27.29,0.896
2025-12-30,Store_019,643,134,10595.39,6125.45,85.14,0.892
2025-12-30,Store_020,705,134,4162.06,2018.05,22.1,0.879
2025-12-31,Store_001,473,98,4913.92,2155.63,49.26,0.944
2025-12-31,Store_002,442,113,6156.28,2987.54,113.26,0.92
2025-12-31,Store_003,659,146,7689.06,4387.38,88.97,0.873
2025-12-31,Store_004,594,120,4919.33,2775.74,68.91,0.961
2025-12-31,Store_005,474,99,4909.91,2208.38,48.06,0.92
2025-12-31,Store_006,470,122,3400.35,1614.31,19.34,0.935
2025-12-31,Store_007,330,73,3373.99,1547.64,28.34,0.879
2025-12-31,Store_008,709,200,11888.36,5869.82,89.3,0.947
2025-12-31,Store_009,651,152,7327.29,3454.9,119.81,0.877
2025-12-31,Store_010,289,99,4275.01,2000.68,58.26,0.942
2025-12-31,Store_011,421,50,2946.94,1474.83,43.54,0.915
2025-12-31,Store_012,472,130,7264.89,4146.12,145.26,0.923
2025-12-31,Store_013,558,96,4912.24,2624.66,37.8,0.94
2025-12-31,Store_014,892,220,9693.57,4891.05,124.7,0.904
2025-12-31,Store_015,527,138,7028.65,3793.22,44.67,0.884
2025-12-31,Store_016,330,39,2611.27,1363.45,23.56,0.907
2025-12-31,Store_017,788,236,13780.68,5906.8,232.77,0.939
2025-12-31,Store_018,644,134,7827.67,4301.22,68.14,0.935
2025-12-31,Store_019,474,90,3459.03,1969.72,64.13,0.987
2025-12-31,Store_020,808,228,12293.65,6480.38,100.88,0.914
2026-01-01,Store_001,460,133,6779.47,3766.19,112.73,0.921
2026-01-01,Store_002,322,92,4942.48,2349.19,68.77,0.903
2026-01-01,Store_003,377,96,4458.13,1983.28,30.67,0.93
2026-01-01,Store_004,381,73,5199.87,2371.15,47.27,0.918
2026-01-01,Store_005,463,128,5511.1,3174.2,71.37,0.913
2026-01-01,Store_006,788,117,5896.74,2504.69,101.93,0.908
2026-01-01,Store_007,529,89,3949.56,1856.48,76.21,0.918
2026-01-01,Store_008,250,64,4747.1,2289.28,47.92,0.906
2026-01-01,Store_009,527,97,5648.18,3065.34,72.08,0.906
2026-01-01,Store_010,443,123,5960.22,2928.4,35.45,0.929
2026-01-01,Store_011,516,136,6938.86,3086.88,108.94,0.924
2026-01-01,Store_012,339,50,1739.06,892.25,20.7,0.913
2026-01-01,Store_013,556,161,9938.05,4661.67,62.99,0.926
2026-01-01,Store_014,434,78,4828.14,2617.02,37.85,0.924
2026-01-01,Store_015,323,66,3787.59,1933.22,38.18,0.957
2026-01-01,Store_016,540,152,7204.36,3939.42,100.62,0.916
2026-01-01,Store_017,655,227,12852.48,6481.08,218.64,0.933
2026-01-01,Store_018,951,179,8811.77,4412.63,159.17,0.971
2026-01-01,Store_019,338,82,4716.09,2141.89,60.63,0.931
2026-01-01,Store_020,695,146,11256.22,5137.08,119.27,0.885
2026-01-02,Store_001,530,117,5224.25,2913.18,71.28,0.942
2026-01-02,Store_002,623,148,4752.59,2183.17,28.87,0.933
2026-01-02,Store_003,384,90,5011.13,2861.57,69.04,0.943
2026-01-02,Store_004,448,142,8578.0,3643.64,119.36,0.937
2026-01-02,Store_005,507,138,7141.56,3549.5,141.46,0.927
2026-01-02,Store_006,181,38,1296.11,709.16,22.43,0.921
2026-01-02,Store_007,313,73,3611.86,1997.46,27.57,0.923
2026-01-02,Store_008,725,228,13651.9,5876.52,208.72,0.922
2026-01-02,Store_009,733,186,10170.82,4564.23,198.7,0.953
2026-01-02,Store_010,517,136,4911.85,2800.18,25.45,0.962
2026-01-02,Store_011,778,225,14726.27,7068.14,213.82,0.99
2026-01-02,Store_012,397,75,4160.06,2255.37,80.04,0.927
2026-01-02,Store_013,835,100,6969.02,3439.29,112.27,0.9
2026-01-02,Store_014,395,80,4730.84,2178.28,57.22,0.876
2026-01-02,Store_015,388,80,4268.55,1932.98,28.05,0.946
2026-01-02,Store_016,804,109,6564.27,3772.08,95.17,0.943
2026-01-02,Store_017,596,149,9231.77,4948.51,61.32,0.928
2026-01-02,Store_018,512,101,6060.78,2593.33,63.53,0.892
2026-01-02,Store_019,378,45,3031.83,1526.86,37.25,0.943
2026-01-02,Store_020,544,142,7889.32,3994.84,117.79,0.973
2026-01-03,Store_001,588,87,4058.51,2260.67,57.33,0.945
2026-01-03,Store_002,292,53,3227.72,1579.22,62.83,0.899
2026-01-03,Store_003,1278,215,17344.24,9267.14,205.57,0.908
2026-01-03,Store_004,257,63,3189.03,1558.68,31.09,0.872
2026-01-03,Store_005,274,37,2411.37,1385.34,14.05,0.915
2026-01-03,Store_006,686,116,6557.74,2952.65,114.97,0.921
2026-01-03,Store_007,587,143,7997.89,3613.77,56.7,0.919
2026-01-03,Store_008,497,103,6717.11,3283.13,52.56,0.908
2026-01-03,Store_009,535,87,4554.01,1955.98,63.71,0.86
2026-01-03,Store_010,701,141,7595.67,3644.05,114.72,0.92
2026-01-03,Store_011,677,141,9937.75,5304.39,106.99,0.879
2026-01-03,Store_012,799,95,4555.53,2574.47,83.24,0.929
2026-01-03,Store_013,910,213,14994.26,8399.33,83.07,0.886
2026-01-03,Store_014,745,120,5005.57,2458.4,99.75,0.956
2026-01-03,Store_015,434,93,3270.98,1376.31,44.66,0.929
2026-01-03,Store_016,384,55,2454.56,1397.17,48.65,0.916
2026-01-03,Store_017,512,146,8234.38,3766.85,156.02,0.874
2026-01-03,Store_018,1049,235,8906.75,4964.25,161.08,0.952
2026-01-03,Store_019,540,112,5929.86,3425.73,38.51,0.948
2026-01-03,Store_020,617,128,6968.43,3513.88,78.02,0.935
2026-01-04,Store_001,754,191,14554.35,7971.94,133.92,0.905
2026-01-04,Store_002,574,137,7846.38,3649.99,110.77,0.923
2026-01-04,Store_003,601,157,6242.01,2870.98,74.46,0.948
2026-01-04,Store_004,647,98,5259.82,2760.97,52.06,0.875
2026-01-04,Store_005,594,161,9756.02,4684.08,141.92,0.891
2026-01-04,Store_006,744,169,11443.57,5162.33,121.26,0.975
2026-01-04,Store_007,629,123,8771.16,5025.66,164.79,0.954
2026-01-04,Store_008,512,67,3726.22,2160.28,38.94,0.9
2026-01-04,Store_009,419,78,5037.16,2836.15,79.23,0.931
2026-01-04,Store_010,773,208,6427.48,3185.45,115.76,0.927
2026-01-04,Store_011,558,168,11827.49,6739.06,204.08,0.887
2026-01-04,Store_012,460,108,4482.5,2562.66,56.12,0.91
2026-01-04,Store_013,809,211,11446.16,5973.73,190.45,0.96
2026-01-04,Store_014,537,123,4741.35,2106.13,25.94,0.921
2026-01-04,Store_015,561,145,7869.44,3457.84,78.27,0.951
2026-01-04,Store_016,443,94,4490.48,2482.78,38.54,0.917
2026-01-04,Store_017,787,197,11113.81,4948.69,204.51,0.892
2026-01-04,Store_018,675,124,6109.45,3104.69,64.83,0.89
2026-01-04,Store_019,493,80,2515.12,1345.55,21.2,0.934
2026-01-04,Store_020,519,138,8997.48,3787.75,47.2,0.917
2026-01-05,Store_001,331,80,4992.16,2242.65,85.2,0.949
2026-01-05,Store_002,535,114,5811.78,2487.16,87.52,0.924
2026-01-05,Store_003,775,198,6238.25,3434.06,88.39,0.896
2026-01-05,Store_004,537,112,4885.2,2786.04,92.73,0.903
2026-01-05,Store_005,891,251,10175.87,5469.03,100.18,0.942
2026-01-05,Store_006,530,101,4352.94,2092.67,39.12,0.98
2026-01-05,Store_007,486,134,7194.55,4157.17,52.03,0.898
2026-01-05,Store_008,462,71,3014.5,1511.81,21.63,0.887
2026-01-05,Store_009,414,101,6392.48,2886.15,79.74,0.941
2026-01-05,Store_010,521,121,6351.07,2808.11,49.45,0.911
2026-01-05,Store_011,573,119,7120.65,3476.51,54.01,0.905
2026-01-05,Store_012,702,151,10645.46,4778.98,164.05,0.872
2026-01-05,Store_013,685,193,8786.24,4564.75,100.9,0.928
2026-01-05,Store_014,460,77,3280.87,1620.48,63.12,0.962
2026-01-05,Store_015,551,139,5551.76,2659.02,64.63,0.938
2026-01-05,Store_016,827,171,11563.37,5703.21,90.41,0.928
2026-01-05,Store_017,612,173,8053.63,3536.38,70.64,0.933
2026-01-05,Store_018,545,124,5171.86,2478.11,64.66,0.945
2026-01-05,Store_019,331,71,3139.9,1691.82,56.89,0.93
2026-01-05,Store_020,540,107,4806.39,2494.91,52.59,0.897
2026-01-06,Store_001,598,155,7046.21,3825.54,37.19,0.921
2026-01-06,Store_002,267,44,2436.48,1247.9,44.27,0.93
2026-01-06,Store_003,745,184,9125.7,4732.65,78.04,0.862
2026-01-06,Store_004,736,152,5537.46,2417.01,78.51,0.909
2026-01-06,Store_005,431,82,3948.1,1777.02,36.35,0.946
2026-01-06,Store_006,655,96,5271.24,2686.87,60.61,0.92
2026-01-06,Store_007,493,105,6568.5,3165.56,45.72,0.93
2026-01-06,Store_008,263,63,4058.37,2130.8,69.16,0.9
2026-01-06,Store_009,442,98,5436.96,2343.01,63.25,0.921
2026-01-06,Store_010,548,126,5200.69,2822.84,44.11,0.934
2026-01-06,Store_011,520,108,5196.74,2769.25,60.9,0.91
2026-01-06,Store_012,307,76,4546.49,2538.52,62.04,0.843
2026-01-06,Store_013,484,119,9222.01,5251.48,102.0,0.936
2026-01-06,Store_014,585,132,6229.95,3539.28,45.26,0.889
2026-01-06,Store_015,623,131,5487.95,2647.86,85.45,0.936
2026-01-06,Store_016,684,130,6432.04,3496.99,51.47,0.949
2026-01-06,Store_017,445,87,4924.74,2112.77,73.5,0.921
2026-01-06,Store_018,370,64,3563.31,1527.7,43.44,0.92
2026-01-06,Store_019,376,113,4304.32,1854.4,51.87,0.924
2026-01-06,Store_020,379,95,4893.6,2815.92,82.91,0.984
2026-01-07,Store_001,788,190,8134.22,4546.79,122.5,0.909
2026-01-07,Store_002,582,106,6189.8,3585.35,31.47,0.924
2026-01-07,Store_003,502,103,4530.17,2066.9,62.84,0.885
2026-01-07,Store_004,582,141,10673.17,5231.72,70.74,0.893
2026-01-07,Store_005,380,63,3331.97,1818.37,42.84,0.924
2026-01-07,Store_006,482,110,4129.09,2094.98,44.43,0.891
2026-01-07,Store_007,513,161,6283.79,3565.2,74.53,0.87
2026-01-07,Store_008,357,84,5940.15,2902.76,82.34,0.923
2026-01-07,Store_009,671,140,6755.48,3680.95,125.13,0.909
2026-01-07,Store_010,400,122,4438.37,2199.03,42.86,0.897
2026-01-07,Store_011,832,184,7658.55,4256.37,118.4,0.92
2026-01-07,Store_012,751,90,4472.13,1884.99,83.06,0.927
2026-01-07,Store_013,528,129,6235.9,3025.12,99.09,0.953
2026-01-07,Store_014,564,67,3777.38,1612.7,19.72,0.917
2026-01-07,Store_015,899,206,12278.02,5837.07,68.75,0.974
2026-01-07,Store_016,282,55,2604.91,1373.2,17.94,0.93
2026-01-07,Store_017,575,135,5878.91,3404.16,110.35,0.886
2026-01-07,Store_018,315,54,2833.74,1557.63,54.8,0.886
2026-01-07,Store_019,207,60,3540.14,1652.27,62.11,0.953
2026-01-07,Store_020,508,91,2516.16,1296.86,24.61,0.887
2026-01-08,Store_001,405,72,3227.28,1782.82,48.17,0.884
2026-01-08,Store_002,639,179,7359.67,4032.67,58.15,0.932
2026-01-08,Store_003,443,109,5152.9,2386.87,26.44,0.852
2026-01-08,Store_004,315,41,2067.82,1156.24,37.72,0.93
2026-01-08,Store_005,363,111,5650.95,2943.57,64.67,0.914
2026-01-08,Store_006,522,129,5225.81,2484.76,38.0,0.905
2026-01-08,Store_007,550,149,8547.5,4680.26,100.08,0.919
2026-01-08,Store_008,553,84,4722.45,2050.89,69.38,0.902
2026-01-08,Store_009,441,102,3608.56,1589.48,63.65,0.939
2026-01-08,Store_010,499,106,3507.08,1589.2,53.58,0.983
2026-01-08,Store_011,582,100,4989.13,2586.07,43.95,0.942
2026-01-08,Store_012,738,137,6308.13,2907.16,67.94,0.935
2026-01-08,Store_013,776,174,9009.86,3963.82,163.46,0.92
2026-01-08,Store_014,603,157,6807.01,2940.3,35.36,0.908
2026-01-08,Store_015,411,80,5112.53,2576.33,78.23,0.932
2026-01-08,Store_016,714,192,9651.07,4966.86,142.82,0.909
2026-01-08,Store_017,469,107,6495.7,3493.02,49.38,0.899
2026-01-08,Store_018,311,55,3401.71,1827.02,33.27,0.88
2026-01-08,Store_019,625,168,9817.2,5487.65,156.58,0.863
2026-01-08,Store_020,364,75,5215.65,2687.46,29.66,0.963
2026-01-09,Store_001,658,184,10205.07,4566.97,154.54,0.933
2026-01-09,Store_002,368,67,1842.3,988.93,24.08,0.973
2026-01-09,Store_003,516,119,5195.89,2879.85,96.91,0.928
2026-01-09,Store_004,608,178,6496.87,3465.21,106.68,0.917
2026-01-09,Store_005,386,119,5095.77,2581.79,31.76,0.929
2026-01-09,Store_006,633,107,7541.17,3541.86,48.52,0.935
2026-01-09,Store_007,460,89,4368.61,1853.76,45.25,0.932
2026-01-09,Store_008,286,66,4211.88,2262.17,82.05,0.904
2026-01-09,Store_009,569,181,10719.97,4797.63,203.64,0.92
2026-01-09,Store_010,383,98,5255.16,2658.78,44.81,0.905
2026-01-09,Store_011,494,74,3337.71,1806.11,20.22,0.916
2026-01-09,Store_012,556,95,4556.31,2590.82,66.85,0.895
2026-01-09,Store_013,505,111,6339.29,3343.36,48.12,0.899
2026-01-09,Store_014,282,61,2720.14,1250.79,44.85,0.922
2026-01-09,Store_015,313,53,2010.12,1107.74,31.85,0.889
2026-01-09,Store_016,564,122,7068.63,3532.02,45.36,0.944
2026-01-09,Store_017,476,97,6473.89,2992.07,59.88,0.98
2026-01-09,Store_018,702,112,7140.31,3306.99,41.6,0.908
2026-01-09,Store_019,586,155,10181.61,5060.33,161.87,0.908
2026-01-09,Store_020,510,106,4333.94,1995.84,49.8,0.888
2026-01-10,Store_001,680,183,12892.75,6937.82,220.14,0.932
2026-01-10,Store_002,821,218,10464.31,5590.15,166.32,0.932
2026-01-10,Store_003,1209,324,14405.48,8250.95,240.27,0.954
2026-01-10,Store_004,270,64,2395.57,1348.83,41.3,0.898
2026-01-10,Store_005,448,118,7453.15,4315.89,67.37,0.948
2026-01-10,Store_006,1141,266,16676.89,8177.27,290.77,0.92
2026-01-10,Store_007,821,181,8660.2,4643.95,93.33,0.955
2026-01-10,Store_008,638,143,6295.01,2711.62,62.1,0.955
2026-01-10,Store_009,420,117,6935.52,2988.6,52.25,0.927
2026-01-10,Store_010,508,96,3767.58,2137.28,31.29,0.912
2026-01-10,Store_011,511,133,5300.23,2452.68,105.56,0.907
2026-01-10,Store_012,1076,189,13353.77,7216.61,71.24,0.964
2026-01-10,Store_013,591,139,6694.63,3300.87,105.88,0.892
2026-01-10,Store_014,890,222,16091.21,9070.82,223.56,0.914
2026-01-10,Store_015,91,19,656.18,334.84,4.09,0.903
2026-01-10,Store_016,278,90,4977.85,2618.88,50.97,0.932
2026-01-10,Store_017,524,92,4845.51,2769.22,76.92,0.972
2026-01-10,Store_018,966,155,4318.03,1972.23,27.46,0.94
2026-01-10,Store_019,994,236,12758.96,6673.56,233.61,0.903
2026-01-10,Store_020,517,85,4690.45,2217.96,76.54,0.928
2026-01-11,Store_001,964,218,12475.62,5359.85,83.51,0.931
2026-01-11,Store_002,433,79,3221.75,1805.57,19.99,0.893
2026-01-11,Store_003,770,217,12060.21,5521.87,218.87,0.926
2026-01-11,Store_004,625,190,9755.94,4530.9,173.82,0.931
2026-01-11,Store_005,436,122,6638.88,3020.92,97.9,0.918
2026-01-11,Store_006,521,109,6846.98,3315.98,69.5,0.931
2026-01-11,Store_007,677,181,8837.07,3842.4,51.74,0.865
2026-01-11,Store_008,665,190,8625.48,4662.44,158.91,0.926
2026-01-11,Store_009,531,104,5991.76,3090.26,91.72,0.906
2026-01-11,Store_010,955,336,16025.26,9048.56,83.24,0.944
2026-01-11,Store_011,978,245,10689.13,4827.94,181.33,0.922
2026-01-11,Store_012,713,100,4644.34,2691.04,35.31,0.92
2026-01-11,Store_013,430,118,7412.48,3516.65,58.9,0.951
2026-01-11,Store_014,524,190,7703.11,3809.9,47.58,0.933
2026-01-11,Store_015,634,102,4111.0,1980.55,39.38,0.925
2026-01-11,Store_016,648,137,5069.99,2489.94,83.13,0.868
2026-01-11,Store_017,366,122,8214.8,3692.38,85.52,0.878
2026-01-11,Store_018,152,34,1125.17,477.93,16.9,0.95
2026-01-11,Store_019,893,222,9506.42,5177.45,160.09,0.948
2026-01-11,Store_020,676,107,7509.93,3518.69,114.88,0.894
2026-01-12,Store_001,423,79,5003.34,2401.41,98.68,0.915
2026-01-12,Store_002,464,105,4942.51,2207.11,93.3,0.927
2026-01-12,Store_003,877,269,15065.44,7405.35,216.01,0.965
2026-01-12,Store_004,393,102,1836.0,1049.27,16.11,0.957
2026-01-12,Store_005,472,117,5778.0,2958.93,108.0,0.972
2026-01-12,Store_006,493,84,3435.61,1682.88,56.18,0.902
2026-01-12,Store_007,453,78,4024.19,1704.31,47.23,0.896
2026-01-12,Store_008,432,120,8036.91,3945.57,73.15,0.892
2026-01-12,Store_009,415,75,3562.49,1976.94,66.28,0.887
2026-01-12,Store_010,424,106,6287.32,2797.2,38.95,0.924
2026-01-12,Store_011,597,73,2680.51,1401.47,49.7,0.922
2026-01-12,Store_012,645,193,8655.54,4787.16,50.54,0.893
2026-01-12,Store_013,351,72,3273.27,1428.59,30.84,0.954
2026-01-12,Store_014,640,177,10757.79,4863.46,121.52,0.946
2026-01-12,Store_015,615,125,7131.0,4116.92,114.95,0.877
2026-01-12,Store_016,448,97,3882.97,1937.68,74.41,0.99
2026-01-12,Store_017,555,140,6724.32,3694.38,83.01,0.909
2026-01-12,Store_018,344,93,3275.22,1845.02,52.39,0.99
2026-01-12,Store_019,353,53,2767.75,1588.0,24.46,0.89
2026-01-12,Store_020,435,130,6235.35,2857.74,33.29,0.943
2026-01-13,Store_001,548,137,6841.22,3276.9,110.8,0.892
2026-01-13,Store_002,524,158,10949.52,6123.91,137.6,0.943
2026-01-13,Store_003,783,160,11122.99,5497.1,187.54,0.847
2026-01-13,Store_004,359,68,1810.46,953.44,30.53,0.907
2026-01-13,Store_005,493,146,4942.75,2093.38,97.38,0.938
2026-01-13,Store_006,555,83,4809.54,2722.97,81.09,0.956
2026-01-13,Store_007,383,92,4977.56,2119.93,71.57,0.943
2026-01-13,Store_008,692,191,10954.31,5787.99,201.6,0.909
2026-01-13,Store_009,558,137,9798.32,4237.4,189.73,0.896
2026-01-13,Store_010,627,147,7466.5,3583.98,99.57,0.911
2026-01-13,Store_011,546,106,5097.88,2254.59,94.28,0.88
2026-01-13,Store_012,451,73,3430.34,1462.24,67.94,0.868
2026-01-13,Store_013,423,122,5444.6,2587.06,103.1,0.937
2026-01-13,Store_014,622,90,5014.4,2558.84,37.49,0.939
2026-01-13,Store_015,466,116,7245.38,3313.32,63.77,0.855
2026-01-13,Store_016,388,86,4590.39,2271.5,88.17,0.92
2026-01-13,Store_017,698,156,6218.08,2934.87,47.0,0.917
2026-01-13,Store_018,585,103,5169.26,2606.33,79.76,0.926
2026-01-13,Store_019,747,172,10288.86,5842.86,108.62,0.946
2026-01-13,Store_020,727,122,7082.1,3585.09,82.73,0.959
2026-01-14,Store_001,439,107,5932.42,3405.92,47.03,0.938
2026-01-14,Store_002,498,109,6664.23,3749.51,82.43,0.938
2026-01-14,Store_003,787,189,10596.29,5916.61,158.83,0.92
2026-01-14,Store_004,538,185,12569.2,6163.68,111.33,0.969
2026-01-14,Store_005,540,166,8293.7,3577.06,96.77,0.93
2026-01-14,Store_006,451,76,3989.68,2071.97,54.25,0.939
2026-01-14,Store_007,403,124,7949.6,3442.44,96.08,0.963
2026-01-14,Store_008,595,193,10890.34,5074.0,181.9,0.902
2026-01-14,Store_009,605,125,7223.24,3133.54,118.3,0.922
2026-01-14,Store_010,475,91,5857.33,2890.96,49.4,0.954
2026-01-14,Store_011,431,86,5563.41,3173.98,63.71,0.863
2026-01-14,Store_012,552,158,11201.31,5685.29,63.78,0.958
2026-01-14,Store_013,638,202,10514.26,5252.35,139.15,0.941
2026-01-14,Store_014,637,138,8442.26,4867.76,132.11,0.937
2026-01-14,Store_015,356,71,1772.74,864.03,29.54,0.929
2026-01-14,Store_016,375,97,6752.38,3378.95,41.95,0.9
2026-01-14,Store_017,609,112,6119.67,3453.81,73.86,0.941
2026-01-14,Store_018,601,87,6125.03,2779.42,46.14,0.952
2026-01-14,Store_019,485,160,8716.9,4127.45,86.13,0.884
2026-01-14,Store_020,373,124,7535.61,3905.9,141.19,0.918
2026-01-15,Store_001,329,74,4665.51,2567.23,85.97,0.913
2026-01-15,Store_002,560,168,9346.46,4728.9,127.3,0.891
2026-01-15,Store_003,508,108,4825.86,2298.37,72.82,0.93
2026-01-15,Store_004,461,121,7260.42,3861.28,80.57,0.956
2026-01-15,Store_005,278,66,3840.26,2201.76,40.9,0.884
2026-01-15,Store_006,443,81,3910.04,1665.09,63.04,0.928
2026-01-15,Store_007,658,110,6604.51,3636.56,54.98,0.923
2026-01-15,Store_008,218,57,3157.43,1535.54,34.37,0.955
2026-01-15,Store_009,295,74,4614.0,2238.29,61.19,0.945
2026-01-15,Store_010,558,117,4654.3,1977.6,91.25,0.926
2026-01-15,Store_011,588,109,3294.93,1816.2,40.86,0.915
2026-01-15,Store_012,134,40,1392.86,720.79,24.86,0.893
2026-01-15,Store_013,831,213,10005.49,4534.61,118.81,0.972
2026-01-15,Store_014,472,113,6049.25,2727.24,72.32,0.873
2026-01-15,Store_015,641,136,6547.46,3200.0,93.32,0.948
2026-01-15,Store_016,513,86,4181.21,1819.94,73.66,0.835
2026-01-15,Store_017,613,119,7556.03,3846.89,115.27,0.934
2026-01-15,Store_018,475,122,6728.9,3832.67,42.48,0.863
2026-01-15,Store_019,580,112,5920.28,2633.3,47.92,0.921
2026-01-15,Store_020,373,121,5176.53,2821.83,66.77,0.963
2026-01-16,Store_001,534,131,6878.71,3608.06,41.45,0.956
2026-01-16,Store_002,628,101,7570.96,3878.23,89.86,0.895
2026-01-16,Store_003,678,181,10093.62,5107.68,102.19,0.905
2026-01-16,Store_004,739,189,9125.72,4562.44,106.97,0.916
2026-01-16,Store_005,630,127,4585.32,2005.76,88.69,0.947
2026-01-16,Store_006,577,99,4444.68,2212.0,79.14,0.968
2026-01-16,Store_007,651,163,6855.48,3933.99,115.33,0.867
2026-01-16,Store_008,639,135,5402.53,2621.87,87.57,0.965
2026-01-16,Store_009,175,24,1112.93,508.78,7.41,0.99
2026-01-16,Store_010,580,195,10159.85,5541.45,105.45,0.924
2026-01-16,Store_011,509,91,5302.12,2634.05,73.96,0.923
2026-01-16,Store_012,731,136,7744.01,4278.18,68.18,0.861
2026-01-16,Store_013,301,63,3108.23,1324.8,52.59,0.871
2026-01-16,Store_014,443,92,4391.74,2314.32,56.09,0.969
2026-01-16,Store_015,412,113,7283.5,3692.67,71.91,0.922
2026-01-16,Store_016,542,126,8049.45,3504.54,146.07,0.916
2026-01-16,Store_017,397,112,6387.01,2911.93,125.71,0.948
2026-01-16,Store_018,697,204,8240.78,3598.82,119.42,0.843
2026-01-16,Store_019,413,86,4901.36,2503.14,47.0,0.958
2026-01-16,Store_020,628,134,6742.9,3052.25,133.67,0.902
2026-01-17,Store_001,747,146,5777.36,2482.73,94.7,0.899
2026-01-17,Store_002,755,210,12187.07,6525.59,183.56,0.897
2026-01-17,Store_003,592,118,6138.04,2656.37,82.41,0.953
2026-01-17,Store_004,1102,263,11362.35,6584.91,63.21,0.933
2026-01-17,Store_005,744,191,5941.92,3061.74,79.31,0.934
2026-01-17,Store_006,658,142,7579.88,4171.18,134.58,0.872
2026-01-17,Store_007,448,69,4699.96,2277.46,53.38,0.908
2026-01-17,Store_008,724,157,8858.45,4901.51,76.44,0.929
2026-01-17,Store_009,533,132,5840.46,2797.64,83.42,0.907
2026-01-17,Store_010,613,124,4960.75,2195.5,95.23,0.885
2026-01-17,Store_011,564,138,7496.98,3732.29,53.81,0.889
2026-01-17,Store_012,685,126,9490.86,5345.42,132.24,0.952
2026-01-17,Store_013,614,181,8213.93,4625.19,108.96,0.915
2026-01-17,Store_014,498,117,5694.05,3036.29,102.03,0.886
2026-01-17,Store_015,546,154,10697.91,5752.99,72.53,0.925
2026-01-17,Store_016,546,110,6153.0,3028.38,95.83,0.943
2026-01-17,Store_017,514,94,6453.18,3342.35,85.2,0.907
2026-01-17,Store_018,622,163,6196.42,3269.68,98.68,0.914
2026-01-17,Store_019,474,131,6933.79,3958.58,61.59,0.935
2026-01-17,Store_020,144,31,1930.48,963.76,32.85,0.9
2026-01-18,Store_001,948,280,14838.35,8261.51,276.6,0.921
2026-01-18,Store_002,479,86,2779.4,1432.5,41.53,0.929
2026-01-18,Store_003,451,114,5450.79,2798.06,88.61,0.858
2026-01-18,Store_004,798,170,7135.08,3224.44,64.78,0.967
2026-01-18,Store_005,672,126,7851.54,4275.76,44.57,0.907
2026-01-18,Store_006,715,187,9660.64,5198.78,70.15,0.962
2026-01-18,Store_007,664,156,10346.08,5725.55,81.25,0.879
2026-01-18,Store_008,625,168,8597.29,4034.96,80.96,0.923
2026-01-18,Store_009,814,159,8233.36,4450.46,115.6,0.965
2026-01-18,Store_010,1115,267,7731.56,3406.64,148.12,0.86
2026-01-18,Store_011,687,191,11756.02,5102.44,227.31,0.851
2026-01-18,Store_012,197,47,2466.28,1355.04,15.66,0.916
2026-01-18,Store_013,532,86,5567.47,2965.54,90.85,0.938
2026-01-18,Store_014,635,155,10623.44,5873.8,177.37,0.901
2026-01-18,Store_015,526,117,6752.4,3643.64,68.61,0.913
2026-01-18,Store_016,262,59,3018.8,1489.45,36.42,0.936
2026-01-18,Store_017,906,242,10853.42,5254.21,190.72,0.928
2026-01-18,Store_018,749,251,13059.57,5784.95,112.7,0.933
2026-01-18,Store_019,445,133,6013.14,3259.42,114.98,0.896
2026-01-18,Store_020,390,46,2424.06,1212.81,33.0,0.963
2026-01-19,Store_001,267,60,2847.09,1599.43,40.62,0.937
2026-01-19,Store_002,464,109,4198.68,2282.74,78.27,0.896
2026-01-19,Store_003,395,89,6779.93,3384.49,67.98,0.937
2026-01-19,Store_004,289,78,5499.24,2761.48,85.76,0.88
2026-01-19,Store_005,734,197,9170.36,4787.47,115.22,0.883
2026-01-19,Store_006,318,60,3079.73,1647.52,47.72,0.922
2026-01-19,Store_007,340,72,3411.63,1671.64,47.42,0.92
2026-01-19,Store_008,339,63,2822.58,1460.54,40.13,0.937
2026-01-19,Store_009,316,78,4175.1,2398.2,54.78,0.932
2026-01-19,Store_010,256,68,2241.71,1137.02,44.35,0.847
2026-01-19,Store_011,625,116,7297.66,3860.49,120.12,0.906
2026-01-19,Store_012,579,83,4774.44,2013.62,82.68,0.875
2026-01-19,Store_013,467,94,3703.65,1979.8,43.73,0.89
2026-01-19,Store_014,552,140,3903.1,2135.71,19.59,0.933
2026-01-19,Store_015,457,87,3871.22,2054.14,66.52,0.92
2026-01-19,Store_016,402,89,3191.37,1416.09,16.95,0.939
2026-01-19,Store_017,759,128,4926.59,2176.08,43.16,0.897
2026-01-19,Store_018,354,115,6150.49,3557.84,110.4,0.891
2026-01-19,Store_019,487,124,5981.26,3135.34,107.86,0.888
2026-01-19,Store_020,542,85,5896.54,3319.74,89.59,0.933
2026-01-20,Store_001,262,55,3472.38,1920.05,30.53,0.968
2026-01-20,Store_002,510,179,3618.04,1565.45,25.02,0.939
2026-01-20,Store_003,210,45,2318.84,1081.94,12.29,0.898
2026-01-20,Store_004,618,123,7974.11,3451.02,87.75,0.871
2026-01-20,Store_005,233,59,3153.11,1408.67,62.65,0.969
2026-01-20,Store_006,612,190,14177.7,6738.51,254.2,0.959
2026-01-20,Store_007,435,97,5017.69,2296.48,95.79,0.928
2026-01-20,Store_008,445,104,4559.77,2513.59,51.12,0.87
2026-01-20,Store_009,474,142,9223.65,4894.0,108.91,0.962
2026-01-20,Store_010,635,170,7428.09,3264.95,79.87,0.936
2026-01-20,Store_011,650,164,9357.42,4307.14,153.82,0.99
2026-01-20,Store_012,324,52,2910.27,1239.84,37.0,0.919
2026-01-20,Store_013,504,74,3440.63,1684.88,17.49,0.911
2026-01-20,Store_014,685,165,10178.68,5559.68,162.74,0.928
2026-01-20,Store_015,321,58,3789.0,1918.73,38.31,0.98
2026-01-20,Store_016,730,201,11091.19,5824.51,84.21,0.937
2026-01-20,Store_017,908,187,7258.84,3974.31,50.44,0.924
2026-01-20,Store_018,477,124,5333.26,2714.36,88.18,0.907
2026-01-20,Store_019,444,97,7444.99,3735.07,116.59,0.896
2026-01-20,Store_020,498,127,8904.88,4975.27,169.76,0.859
2026-01-21,Store_001,649,174,11955.34,6381.84,217.47,0.95
2026-01-21,Store_002,390,79,5588.58,2710.08,58.34,0.928
2026-01-21,Store_003,366,58,3090.46,1618.34,26.5,0.86
2026-01-21,Store_004,395,59,2360.82,1155.59,43.27,0.924
2026-01-21,Store_005,416,110,5209.87,2996.77,92.05,0.845
2026-01-21,Store_006,481,80,4505.69,1927.27,29.92,0.892
2026-01-21,Store_007,647,136,6552.88,3474.31,78.55,0.912
2026-01-21,Store_008,168,29,1169.69,532.24,21.23,0.944
2026-01-21,Store_009,521,111,2723.91,1298.85,22.0,0.902
2026-01-21,Store_010,467,120,6203.89,2947.87,83.1,0.99
2026-01-21,Store_011,476,108,8001.7,3462.96,129.81,0.909
2026-01-21,Store_012,361,96,5655.18,2786.57,48.31,0.841
2026-01-21,Store_013,499,97,3958.97,1903.3,28.5,0.917
2026-01-21,Store_014,678,188,9343.39,4009.58,156.47,0.92
2026-01-21,Store_015,330,65,3493.72,1975.51,47.23,0.896
2026-01-21,Store_016,483,100,4248.08,2027.94,30.95,0.92
2026-01-21,Store_017,618,204,10646.95,5859.27,211.89,0.938
2026-01-21,Store_018,381,112,7190.48,3645.57,51.0,0.963
2026-01-21,Store_019,352,88,5382.32,2979.24,100.32,0.925
2026-01-21,Store_020,820,110,6166.79,2796.03,107.55,0.915
2026-01-22,Store_001,540,64,3736.07,2012.14,39.32,0.946
2026-01-22,Store_002,611,166,9080.94,5094.09,122.54,0.926
2026-01-22,Store_003,608,95,6084.35,2747.11,88.66,0.914
2026-01-22,Store_004,298,82,3165.61,1454.03,22.4,0.982
2026-01-22,Store_005,678,187,10567.84,5274.13,113.65,0.93
2026-01-22,Store_006,420,71,4338.64,2257.6,63.03,0.903
2026-01-22,Store_007,302,68,3280.45,1580.44,41.65,0.927
2026-01-22,Store_008,383,65,2672.83,1342.19,31.62,0.918
2026-01-22,Store_009,449,106,6050.64,2581.94,86.77,0.872
2026-01-22,Store_010,602,142,8063.39,3554.15,76.83,0.944
2026-01-22,Store_011,545,90,5323.82,2838.43,87.89,0.929
2026-01-22,Store_012,642,159,9238.51,4944.01,95.34,0.938
2026-01-22,Store_013,951,223,13784.1,7637.15,166.77,0.952
2026-01-22,Store_014,580,163,8723.75,4356.0,71.99,0.986
2026-01-22,Store_015,663,160,6198.81,3501.39,43.41,0.88
2026-01-22,Store_016,473,143,6740.47,3777.66,74.58,0.915
2026-01-22,Store_017,439,90,4647.23,2105.65,83.26,0.89
2026-01-22,Store_018,690,214,10688.82,6157.37,118.77,0.986
2026-01-22,Store_019,372,60,3433.92,1856.99,67.71,0.898
2026-01-22,Store_020,183,36,2040.87,1092.03,32.15,0.94
2026-01-23,Store_001,586,142,6981.22,3751.29,138.98,0.875
2026-01-23,Store_002,481,111,6482.78,3188.61,115.53,0.92
2026-01-23,Store_003,479,109,4742.33,2272.86,88.98,0.859
2026-01-23,Store_004,711,126,8086.78,4045.01,41.99,0.9
2026-01-23,Store_005,682,132,8192.08,4364.34,57.71,0.864
2026-01-23,Store_006,227,71,3999.73,2147.45,72.25,0.932
2026-01-23,Store_007,534,123,6277.7,3214.09,55.03,0.877
2026-01-23,Store_008,784,174,11062.73,6327.5,166.4,0.958
2026-01-23,Store_009,361,86,5198.99,2528.62,54.72,0.957
2026-01-23,Store_010,411,96,6062.41,3165.19,81.34,0.918
2026-01-23,Store_011,754,194,11954.11,6924.87,210.65,0.905
2026-01-23,Store_012,556,106,5187.98,2658.68,94.17,0.965
2026-01-23,Store_013,525,139,7035.0,3818.3,103.32,0.923
2026-01-23,Store_014,597,114,3750.66,1905.43,43.98,0.887
2026-01-23,Store_015,679,108,7089.54,3583.38,128.58,0.918
2026-01-23,Store_016,630,126,5753.31,2597.13,109.5,0.895
2026-01-23,Store_017,336,60,1999.08,956.0,24.79,0.947
2026-01-23,Store_018,901,195,8508.68,3783.93,127.56,0.929
2026-01-23,Store_019,490,132,6336.13,3380.29,37.48,0.909
2026-01-23,Store_020,619,149,5524.24,2945.14,65.28,0.887
2026-01-24,Store_001,715,146,7474.03,3421.57,88.52,0.927
2026-01-24,Store_002,871,205,8685.41,4638.74,93.56,0.946
2026-01-24,Store_003,657,117,7246.32,3703.24,86.91,0.889
2026-01-24,Store_004,791,226,11517.39,6606.5,96.94,0.915
2026-01-24,Store_005,892,191,12449.61,6123.0,244.96,0.899
2026-01-24,Store_006,540,79,2703.74,1249.18,37.27,0.964
2026-01-24,Store_007,829,182,6542.11,3536.27,53.1,0.945
2026-01-24,Store_008,583,82,5915.78,3329.21,76.34,0.891
2026-01-24,Store_009,598,105,4753.28,2313.02,32.87,0.89
2026-01-24,Store_010,667,135,7789.16,4514.11,85.57,0.969
2026-01-24,Store_011,356,58,4481.55,2421.71,38.68,0.904
2026-01-24,Store_012,485,113,5818.62,3117.1,39.19,0.882
2026-01-24,Store_013,470,107,5945.36,2840.78,96.16,0.882
2026-01-24,Store_014,610,179,6525.34,3663.29,54.67,0.914
2026-01-24,Store_015,928,293,11387.34,6531.76,162.91,0.916
2026-01-24,Store_016,1093,228,14241.9,7312.25,221.85,0.901
2026-01-24,Store_017,759,194,9462.38,4698.29,161.12,0.883
2026-01-24,Store_018,906,223,7274.52,4074.38,98.89,0.89
2026-01-24,Store_019,783,166,10583.19,5241.36,87.15,0.894
2026-01-24,Store_020,812,223,14764.97,8304.66,112.2,0.903
2026-01-25,Store_001,961,246,16983.44,8034.23,329.41,0.902
2026-01-25,Store_002,517,143,6838.76,3567.37,76.96,0.944
2026-01-25,Store_003,259,73,3319.17,1458.3,26.74,0.957
2026-01-25,Store_004,549,106,6215.76,2818.76,104.99,0.92
2026-01-25,Store_005,709,154,9394.99,4730.4,96.59,0.962
2026-01-25,Store_006,704,118,5149.1,2757.88,34.7,0.905
2026-01-25,Store_007,561,80,5307.16,2241.44,103.45,0.86
2026-01-25,Store_008,441,106,2820.97,1583.48,45.63,0.942
2026-01-25,Store_009,653,117,5541.43,2602.66,34.16,0.923
2026-01-25,Store_010,636,177,9367.37,4325.08,184.93,0.949
2026-01-25,Store_011,390,51,3320.26,1519.91,38.79,0.868
2026-01-25,Store_012,577,113,5165.7,2710.5,90.38,0.943
2026-01-25,Store_013,870,182,5950.44,3233.84,60.33,0.91
2026-01-25,Store_014,556,124,7595.69,4148.46,121.15,0.923
2026-01-25,Store_015,574,195,8917.45,4312.27,51.71,0.914
2026-01-25,Store_016,370,97,4019.43,1965.8,25.54,0.954
2026-01-25,Store_017,828,175,10543.9,5031.81,200.74,0.909
2026-01-25,Store_018,735,170,9853.24,5249.17,74.53,0.907
2026-01-25,Store_019,701,147,7018.49,3948.84,135.82,0.916
2026-01-25,Store_020,715,116,4801.96,2700.97,80.22,0.898
2026-01-26,Store_001,377,47,2063.02,946.03,20.6,0.905
2026-01-26,Store_002,421,118,5551.26,3070.21,89.35,0.924
2026-01-26,Store_003,629,183,10220.79,5478.26,124.22,0.906
2026-01-26,Store_004,629,135,4135.98,2032.74,77.66,0.928
2026-01-26,Store_005,632,149,6185.16,2881.99,41.79,0.978
2026-01-26,Store_006,227,32,1827.73,979.21,18.95,0.882
2026-01-26,Store_007,503,119,7398.68,3858.87,95.72,0.93
2026-01-26,Store_008,533,94,5572.27,2581.32,64.32,0.91
2026-01-26,Store_009,744,185,8635.62,4712.12,52.12,0.926
2026-01-26,Store_010,597,139,6173.45,3432.74,40.13,0.926
2026-01-26,Store_011,735,93,4764.92,2652.43,85.77,0.943
2026-01-26,Store_012,486,100,4420.89,2289.99,60.64,0.882
2026-01-26,Store_013,324,71,3286.25,1408.52,23.45,0.883
2026-01-26,Store_014,351,52,2239.33,1077.39,23.78,0.914
2026-01-26,Store_015,484,144,9700.99,5295.87,63.89,0.951
2026-01-26,Store_016,649,171,9386.46,4730.29,121.65,0.927
2026-01-26,Store_017,483,122,7513.81,3538.01,107.13,0.925
2026-01-26,Store_018,273,49,2719.56,1281.33,37.45,0.929
2026-01-26,Store_019,234,58,3944.48,1953.13,41.71,0.909
2026-01-26,Store_020,403,82,5678.91,2883.69,73.12,0.952
2026-01-27,Store_001,415,107,4615.03,2367.69,71.21,0.931
2026-01-27,Store_002,435,124,11640.29,5015.14,83.64,0.867
2026-01-27,Store_003,360,86,5083.39,2463.75,66.38,0.859
2026-01-27,Store_004,411,59,2810.14,1381.21,17.35,0.929
2026-01-27,Store_005,552,98,6366.02,2860.29,77.41,0.88
2026-01-27,Store_006,415,115,4335.32,1870.51,44.42,0.896
2026-01-27,Store_007,749,202,8977.21,4539.94,108.74,0.914
2026-01-27,Store_008,420,76,4469.07,2098.54,65.93,0.915
2026-01-27,Store_009,761,144,7548.61,4036.95,125.31,0.887
2026-01-27,Store_010,864,225,17231.26,9388.2,285.55,0.947
2026-01-27,Store_011,390,104,6699.5,3863.71,98.99,0.936
2026-01-27,Store_012,463,102,4208.69,2175.87,72.54,0.926
2026-01-27,Store_013,460,116,6672.83,3055.93,37.64,0.908
2026-01-27,Store_014,687,161,9115.26,4662.46,151.36,0.929
2026-01-27,Store_015,676,149,10334.82,5582.35,143.75,0.952
2026-01-27,Store_016,530,143,9498.87,5255.76,120.49,0.94
2026-01-27,Store_017,398,105,6394.01,2964.68,116.54,0.906
2026-01-27,Store_018,588,152,4403.66,2335.08,69.87,0.959
2026-01-27,Store_019,668,166,8506.15,4430.04,113.61,0.924
2026-01-27,Store_020,625,143,6972.54,3496.71,126.08,0.929
2026-01-28,Store_001,370,89,4574.37,2434.17,61.86,0.98
2026-01-28,Store_002,690,100,3975.08,1849.9,26.89,0.961
2026-01-28,Store_003,667,238,10266.59,5754.84,185.67,0.903
2026-01-28,Store_004,585,115,8088.73,4283.88,59.9,0.904
2026-01-28,Store_005,535,64,4035.4,2000.31,20.97,0.925
2026-01-28,Store_006,661,126,7927.1,4147.07,128.14,0.922
2026-01-28,Store_007,618,142,8094.31,4169.83,70.09,0.893
2026-01-28,Store_008,685,155,10388.16,5963.74,114.61,0.955
2026-01-28,Store_009,451,54,2600.14,1132.36,36.94,0.876
2026-01-28,Store_010,317,78,2470.92,1342.21,19.24,0.922
2026-01-28,Store_011,444,86,1578.71,718.63,26.71,0.922
2026-01-28,Store_012,602,111,5633.66,3040.64,39.44,0.923
2026-01-28,Store_013,578,122,7997.08,4151.32,156.61,0.936
2026-01-28,Store_014,517,153,9169.39,4592.33,67.58,0.886
2026-01-28,Store_015,506,134,6130.31,3188.55,74.11,0.891
2026-01-28,Store_016,724,167,4248.22,2296.47,26.92,0.889
2026-01-28,Store_017,654,147,6282.79,3297.08,102.56,0.897
2026-01-28,Store_018,271,72,4602.33,2507.71,25.95,0.942
2026-01-28,Store_019,287,69,3426.54,1734.25,37.49,0.877
2026-01-28,Store_020,691,178,13101.39,6534.44,131.37,0.909
2026-01-29,Store_001,570,114,5278.66,2861.4,67.47,0.895
2026-01-29,Store_002,509,106,7492.19,4240.37,137.43,0.884
2026-01-29,Store_003,730,234,15221.47,7633.68,158.14,0.903
2026-01-29,Store_004,518,160,7993.92,4357.45,158.11,0.925
2026-01-29,Store_005,179,37,1415.54,767.93,14.52,0.98
2026-01-29,Store_006,560,130,5493.42,2799.41,88.46,0.935
2026-01-29,Store_007,687,144,6919.47,3724.62,106.84,0.897
2026-01-29,Store_008,443,96,4202.53,1830.32,71.14,0.89
2026-01-29,Store_009,375,76,4598.42,2278.62,52.87,0.915
2026-01-29,Store_010,551,104,5897.71,2817.13,66.65,0.9
2026-01-29,Store_011,961,178,12097.15,6735.5,157.77,0.938
2026-01-29,Store_012,617,118,7834.06,3618.27,85.14,0.912
2026-01-29,Store_013,625,149,9950.61,5102.04,178.62,0.882
2026-01-29,Store_014,495,130,4941.67,2192.16,51.02,0.879
2026-01-29,Store_015,632,162,8616.93,4315.36,105.89,0.933
2026-01-29,Store_016,698,194,11261.19,5483.99,59.03,0.912
2026-01-29,Store_017,637,208,11251.92,5356.98,82.51,0.933
2026-01-29,Store_018,678,142,5672.39,2462.04,76.38,0.881
2026-01-29,Store_019,475,97,2894.43,1522.9,31.35,0.908
2026-01-29,Store_020,520,98,4201.93,1840.71,30.12,0.96
2026-01-30,Store_001,279,46,2499.23,1108.35,47.88,0.895
2026-01-30,Store_002,398,118,5990.36,2563.6,113.76,0.911
2026-01-30,Store_003,454,117,5767.43,2750.76,38.48,0.928
2026-01-30,Store_004,550,135,7051.12,3928.1,93.66,0.942
2026-01-30,Store_005,340,62,3021.72,1336.67,56.34,0.908
2026-01-30,Store_006,536,137,7722.7,3582.91,126.9,0.914
2026-01-30,Store_007,476,156,6510.72,3666.15,119.57,0.914
2026-01-30,Store_008,461,100,7846.61,4234.57,122.55,0.961
2026-01-30,Store_009,407,87,3662.75,1742.4,31.9,0.899
2026-01-30,Store_010,543,126,6499.9,2883.59,92.59,0.925
2026-01-30,Store_011,560,106,6380.04,2935.46,61.31,0.903
2026-01-30,Store_012,580,180,10513.38,5343.7,190.4,0.906
2026-01-30,Store_013,215,39,2636.46,1471.47,25.91,0.946
2026-01-30,Store_014,400,99,4980.95,2152.37,50.76,0.92
2026-01-30,Store_015,581,166,11010.43,4784.15,94.56,0.946
2026-01-30,Store_016,565,132,4511.34,2194.9,62.07,0.919
2026-01-30,Store_017,459,89,5557.26,3091.88,29.56,0.892
2026-01-30,Store_018,383,83,4225.91,2316.76,59.51,0.905
2026-01-30,Store_019,634,150,7413.34,4026.85,127.22,0.884
2026-01-30,Store_020,810,117,7898.35,3864.86,144.82,0.945
2026-01-31,Store_001,340,68,3500.92,1847.25,40.91,0.914
2026-01-31,Store_002,392,68,3136.9,1616.5,52.73,0.923
2026-01-31,Store_003,814,164,12078.04,6197.42,214.64,0.966
2026-01-31,Store_004,1117,227,15341.1,6523.91,125.83,0.919
2026-01-31,Store_005,580,154,10461.69,5206.17,154.36,0.897
2026-01-31,Store_006,690,178,9437.08,5105.58,94.94,0.923
2026-01-31,Store_007,853,185,10183.57,5456.91,166.94,0.989
2026-01-31,Store_008,1040,177,8190.0,3489.94,50.98,0.942
2026-01-31,Store_009,970,224,12163.4,5950.9,175.16,0.901
2026-01-31,Store_010,396,96,1780.56,969.3,34.67,0.899
2026-01-31,Store_011,288,72,3826.56,2161.77,20.5,0.918
2026-01-31,Store_012,473,139,6015.25,2832.96,81.27,0.959
2026-01-31,Store_013,1011,217,14521.94,6893.58,132.33,0.898
2026-01-31,Store_014,626,164,5647.07,2377.05,36.07,0.902
2026-01-31,Store_015,967,237,15061.17,7641.01,232.68,0.873
2026-01-31,Store_016,866,236,15498.36,8419.68,94.49,0.922
2026-01-31,Store_017,419,95,4968.95,2611.79,29.14,0.911
2026-01-31,Store_018,697,125,7213.12,3424.49,101.48,0.915
2026-01-31,Store_019,283,46,2101.79,983.68,12.17,0.912
2026-01-31,Store_020,508,133,10149.57,4715.8,141.69,0.922
2026-02-01,Store_001,630,159,9607.87,5341.9,181.54,0.96
2026-02-01,Store_002,573,105,6997.44,4011.28,87.19,0.91
2026-02-01,Store_003,614,174,8221.37,4714.21,137.5,0.934
2026-02-01,Store_004,466,70,2521.6,1089.98,33.3,0.934
2026-02-01,Store_005,499,144,6491.36,3256.66,79.76,0.92
2026-02-01,Store_006,353,47,1934.01,1023.36,26.87,0.97
2026-02-01,Store_007,1100,263,10464.12,4909.58,141.84,0.924
2026-02-01,Store_008,978,232,11619.76,6721.47,100.18,0.904
2026-02-01,Store_009,654,135,6594.59,3770.07,54.58,0.922
2026-02-01,Store_010,821,217,13887.44,5855.22,127.17,0.883
2026-02-01,Store_011,581,184,11484.12,6300.44,92.07,0.951
2026-02-01,Store_012,440,91,4573.32,2335.53,32.74,0.94
2026-02-01,Store_013,462,96,6577.92,3433.23,119.66,0.938
2026-02-01,Store_014,805,219,11951.73,6688.0,139.1,0.894
2026-02-01,Store_015,417,113,6231.13,3003.01,49.42,0.922
2026-02-01,Store_016,617,140,7082.48,3414.54,56.37,0.944
2026-02-01,Store_017,757,196,9803.46,4974.22,61.99,0.915
2026-02-01,Store_018,834,257,12781.1,6397.47,185.53,0.947
2026-02-01,Store_019,383,109,5952.88,3000.58,65.52,0.924
2026-02-01,Store_020,765,173,9823.64,5093.5,102.83,0.913
2026-02-02,Store_001,474,107,7324.38,3467.31,93.31,0.937
2026-02-02,Store_002,614,147,7832.93,3966.4,130.61,0.913
2026-02-02,Store_003,532,120,7419.66,3945.91,104.54,0.847
2026-02-02,Store_004,204,54,2429.44,1399.05,16.86,0.879
2026-02-02,Store_005,462,123,8776.28,4561.72,122.65,0.864
2026-02-02,Store_006,226,61,3802.65,2204.91,54.56,0.926
2026-02-02,Store_007,498,110,8475.55,4348.74,42.43,0.916
2026-02-02,Store_008,569,113,7616.48,3231.85,90.55,0.922
2026-02-02,Store_009,674,107,4544.8,2476.83,67.88,0.853
2026-02-02,Store_010,467,118,6247.74,3105.78,53.11,0.902
2026-02-02,Store_011,301,75,4577.11,2353.41,57.8,0.91
2026-02-02,Store_012,1026,216,12212.25,6155.96,93.01,0.9
2026-02-02,Store_013,202,43,2415.61,1294.3,33.28,0.937
2026-02-02,Store_014,536,116,8146.43,4165.26,137.66,0.97
2026-02-02,Store_015,527,88,4710.24,2659.97,68.79,0.914
2026-02-02,Store_016,387,110,7252.46,3134.98,70.87,0.871
2026-02-02,Store_017,347,71,2848.96,1486.16,56.68,0.888
2026-02-02,Store_018,524,91,4371.84,2425.42,53.56,0.959
2026-02-02,Store_019,600,103,8754.67,3765.47,63.8,0.924
2026-02-02,Store_020,740,180,10025.07,4859.31,136.69,0.876
2026-02-03,Store_001,583,130,5327.74,2886.62,92.82,0.955
2026-02-03,Store_002,250,50,2339.37,992.78,21.54,0.901
2026-02-03,Store_003,913,240,11237.5,5339.56,161.91,0.91
2026-02-03,Store_004,742,195,11995.95,5167.99,159.14,0.914
2026-02-03,Store_005,697,162,7494.68,3161.65,68.84,0.908
2026-02-03,Store_006,606,151,8990.35,4672.8,108.78,0.915
2026-02-03,Store_007,492,156,7796.24,4109.39,142.72,0.876
2026-02-03,Store_008,440,109,3736.42,1969.41,69.48,0.906
2026-02-03,Store_009,411,84,5552.4,2604.55,95.83,0.94
2026-02-03,Store_010,547,122,10257.93,4685.65,162.91,0.939
2026-02-03,Store_011,538,111,7401.15,3872.89,49.63,0.931
2026-02-03,Store_012,490,84,3561.23,1822.37,22.1,0.914
2026-02-03,Store_013,587,192,10497.79,5393.21,89.2,0.91
2026-02-03,Store_014,469,96,4139.25,2005.55,58.74,0.964
2026-02-03,Store_015,809,225,6995.62,3110.79,118.44,0.898
2026-02-03,Store_016,747,158,8634.98,4212.29,59.35,0.961
2026-02-03,Store_017,677,169,9902.32,4644.32,168.97,0.962
2026-02-03,Store_018,449,98,3519.54,1603.42,68.88,0.868
2026-02-03,Store_019,613,137,7902.08,3794.24,143.4,0.912
2026-02-03,Store_020,180,29,1018.4,521.27,18.91,0.932
2026-02-04,Store_001,399,47,2626.71,1406.36,26.28,0.908
2026-02-04,Store_002,542,169,14067.66,6038.42,138.32,0.882
2026-02-04,Store_003,654,143,6458.51,3106.74,129.0,0.956
2026-02-04,Store_004,439,82,3738.78,1674.79,68.45,0.878
2026-02-04,Store_005,603,131,6754.19,2846.7,53.85,0.903
2026-02-04,Store_006,455,97,5937.27,3420.37,69.68,0.901
2026-02-04,Store_007,764,178,6771.64,3682.45,85.26,0.961
2026-02-04,Store_008,457,109,5882.14,2484.08,69.91,0.928
2026-02-04,Store_009,369,90,5588.59,3191.89,96.42,0.888
2026-02-04,Store_010,540,135,4577.35,2524.61,26.13,0.926
2026-02-04,Store_011,264,62,2971.74,1517.34,43.66,0.899
2026-02-04,Store_012,728,87,3639.21,1530.24,60.39,0.899
2026-02-04,Store_013,654,137,5733.3,3031.85,60.97,0.947
2026-02-04,Store_014,377,120,5253.47,3017.42,57.98,0.905
2026-02-04,Store_015,717,200,10683.77,4548.66,58.49,0.982
2026-02-04,Store_016,416,78,4704.26,2672.84,62.59,0.966
2026-02-04,Store_017,423,85,4392.52,1902.4,47.98,0.924
2026-02-04,Store_018,434,72,3187.39,1558.94,49.77,0.892
2026-02-04,Store_019,566,139,6241.73,3103.39,115.17,0.911
2026-02-04,Store_020,80,11,639.58,348.21,6.29,0.936
2026-02-05,Store_001,297,54,972.0,409.41,19.02,0.883
2026-02-05,Store_002,571,130,5752.77,3065.68,57.76,0.926
2026-02-05,Store_003,708,188,9997.83,4867.25,164.44,0.977
2026-02-05,Store_004,422,104,4573.15,2329.39,71.69,0.919
2026-02-05,Store_005,619,156,8681.88,4376.12,104.53,0.93
2026-02-05,Store_006,442,61,4466.12,2248.94,87.58,0.887
2026-02-05,Store_007,519,124,6320.41,2963.95,47.19,0.921
2026-02-05,Store_008,405,86,5317.54,2353.57,86.31,0.947
2026-02-05,Store_009,411,115,5600.08,2703.07,60.6,0.922
2026-02-05,Store_010,600,145,5554.33,2406.37,68.69,0.922
2026-02-05,Store_011,823,136,5028.97,2395.71,67.65,0.968
2026-02-05,Store_012,575,118,9788.73,4611.46,140.11,0.911
2026-02-05,Store_013,788,222,12498.5,5852.5,142.63,0.957
2026-02-05,Store_014,814,164,10878.67,4913.51,178.33,0.92
2026-02-05,Store_015,379,83,4957.5,2822.55,49.69,0.931
2026-02-05,Store_016,505,122,7766.64,4009.03,105.31,0.912
2026-02-05,Store_017,556,173,7462.04,3157.63,87.16,0.936
2026-02-05,Store_018,707,147,6321.93,3166.08,97.5,0.906
2026-02-05,Store_019,596,128,7229.9,3644.12,109.17,0.936
2026-02-05,Store_020,380,118,5742.38,2851.53,36.36,0.983
2026-02-06,Store_001,560,142,6787.51,2976.59,51.8,0.906
2026-02-06,Store_002,618,153,9607.03,4635.73,115.8,0.932
2026-02-06,Store_003,696,130,8883.2,4635.33,150.55,0.95
2026-02-06,Store_004,538,97,5206.71,2682.94,68.95,0.945
2026-02-06,Store_005,531,63,3307.52,1523.54,46.93,0.945
2026-02-06,Store_006,444,99,5674.64,3192.16,48.73,0.934
2026-02-06,Store_007,653,168,6673.15,3084.57,104.71,0.936
2026-02-06,Store_008,482,124,3404.82,1931.34,17.21,0.945
2026-02-06,Store_009,600,146,6954.42,3088.73,80.06,0.919
2026-02-06,Store_010,349,71,3729.83,1641.89,72.34,0.92
2026-02-06,Store_011,422,68,2776.54,1318.21,22.49,0.94
2026-02-06,Store_012,257,43,2455.3,1336.81,27.56,0.865
2026-02-06,Store_013,638,76,3577.79,2030.55,42.87,0.911
2026-02-06,Store_014,522,82,3321.99,1443.89,48.49,0.93
2026-02-06,Store_015,693,134,9583.68,5467.1,183.91,0.956
2026-02-06,Store_016,469,70,3041.25,1595.6,28.5,0.927
2026-02-06,Store_017,721,106,6586.28,3621.1,78.68,0.975
2026-02-06,Store_018,116,25,1143.68,617.62,8.19,0.91
2026-02-06,Store_019,668,179,8670.01,4719.87,136.19,0.936
2026-02-06,Store_020,547,91,5454.35,2742.03,35.58,0.92
2026-02-07,Store_001,662,161,10934.64,6251.98,171.39,0.884
2026-02-07,Store_002,648,149,9596.31,5076.71,160.4,0.888
2026-02-07,Store_003,418,71,2664.22,1446.88,20.9,0.932
2026-02-07,Store_004,953,243,9773.08,5661.18,50.03,0.839
2026-02-07,Store_005,781,191,7726.41,3678.0,107.81,0.938
2026-02-07,Store_006,854,139,10624.59,4562.22,135.79,0.973
2026-02-07,Store_007,334,96,3843.47,2118.24,32.97,0.902
2026-02-07,Store_008,438,109,5853.09,2912.5,86.49,0.853
2026-02-07,Store_009,390,102,5235.42,3027.82,62.65,0.919
2026-02-07,Store_010,459,73,3602.25,1788.98,39.39,0.931
2026-02-07,Store_011,905,173,7911.42,3612.66,130.39,0.943
2026-02-07,Store_012,1015,133,7107.36,3232.13,94.31,0.928
2026-02-07,Store_013,806,174,11655.26,5726.85,78.89,0.918
2026-02-07,Store_014,379,85,4138.3,1762.44,71.77,0.879
2026-02-07,Store_015,469,109,4427.43,2393.28,35.91,0.977
2026-02-07,Store_016,824,202,9085.13,4325.65,105.92,0.871
2026-02-07,Store_017,470,103,7870.92,3473.21,114.95,0.93
2026-02-07,Store_018,456,126,8414.09,4659.03,120.01,0.925
2026-02-07,Store_019,313,74,4531.49,1962.75,24.52,0.947
2026-02-07,Store_020,459,105,5448.93,2477.6,59.88,0.905
2026-02-08,Store_001,376,75,3070.08,1596.88,61.23,0.916
2026-02-08,Store_002,597,173,9783.28,4163.57,153.86,0.912
2026-02-08,Store_003,950,197,12677.38,6193.98,197.78,0.932
2026-02-08,Store_004,1081,217,9395.32,5126.26,155.49,0.952
2026-02-08,Store_005,755,182,8055.16,4664.35,153.45,0.933
2026-02-08,Store_006,547,127,7202.86,3871.1,139.45,0.881
2026-02-08,Store_007,731,231,12581.08,6755.28,243.59,0.912
2026-02-08,Store_008,659,130,8013.79,4454.47,135.87,0.946
2026-02-08,Store_009,647,138,5918.29,3078.87,90.84,0.934
2026-02-08,Store_010,227,54,2743.61,1281.62,41.67,0.893
2026-02-08,Store_011,610,168,10117.73,5720.1,56.39,0.936
2026-02-08,Store_012,599,79,4647.22,2045.17,72.37,0.92
2026-02-08,Store_013,656,107,6994.36,3485.14,45.11,0.889
2026-02-08,Store_014,697,208,9552.34,4726.42,142.98,0.933
2026-02-08,Store_015,887,196,8739.98,4614.77,115.14,0.926
2026-02-08,Store_016,733,198,12635.76,5674.42,64.8,0.904
2026-02-08,Store_017,653,115,7841.1,3399.07,145.92,0.964
2026-02-08,Store_018,299,86,4089.51,2233.71,50.24,0.937
2026-02-08,Store_019,791,160,6505.17,3117.24,46.36,0.927
2026-02-08,Store_020,901,162,8913.61,4306.83,87.55,0.893
2026-02-09,Store_001,435,106,5238.09,2847.7,44.6,0.904
2026-02-09,Store_002,436,95,7156.96,3557.58,50.08,0.9
2026-02-09,Store_003,399,74,4578.8,2002.2,71.17,0.882
2026-02-09,Store_004,563,136,8883.96,4246.95,82.97,0.923
2026-02-09,Store_005,579,182,7445.21,3504.8,131.44,0.867
2026-02-09,Store_006,974,241,11267.7,4854.75,130.27,0.881
2026-02-09,Store_007,370,75,3353.17,1766.53,65.49,0.916
2026-02-09,Store_008,555,140,9713.78,5178.58,121.57,0.924
2026-02-09,Store_009,815,159,9207.62,4316.76,55.55,0.894
2026-02-09,Store_010,438,135,9549.78,4165.43,162.84,0.932
2026-02-09,Store_011,315,64,3305.27,1850.71,28.99,0.904
2026-02-09,Store_012,256,64,3418.07,1783.74,63.25,0.902
2026-02-09,Store_013,612,201,12228.96,5528.43,167.47,0.925
2026-02-09,Store_014,449,114,7770.28,3925.72,115.73,0.904
2026-02-09,Store_015,578,164,10732.09,5062.69,148.78,0.914
2026-02-09,Store_016,615,158,9840.22,4805.02,164.63,0.898
2026-02-09,Store_017,765,214,6733.11,3336.15,99.09,0.947
2026-02-09,Store_018,599,104,4235.67,1817.32,84.12,0.901
2026-02-09,Store_019,156,18,871.82,424.4,6.87,0.927
2026-02-09,Store_020,728,233,16867.69,9703.71,184.26,0.895
2026-02-10,Store_001,328,66,3657.74,2088.06,41.0,0.933
2026-02-10,Store_002,151,44,2684.54,1388.07,40.22,0.934
2026-02-10,Store_003,484,65,2823.96,1246.31,37.71,0.908
2026-02-10,Store_004,334,63,3008.05,1620.82,45.23,0.883
2026-02-10,Store_005,572,187,10406.76,4746.63,123.2,0.866
2026-02-10,Store_006,532,162,10818.37,5020.9,132.1,0.932
2026-02-10,Store_007,232,56,2509.79,1318.56,38.6,0.953
2026-02-10,Store_008,643,154,7689.04,3466.79,146.15,0.903
2026-02-10,Store_009,400,98,8742.06,4745.73,171.73,0.908
2026-02-10,Store_010,421,93,3004.25,1548.21,31.9,0.907
2026-02-10,Store_011,388,80,3265.74,1580.32,44.03,0.902
2026-02-10,Store_012,291,75,2441.29,1252.32,48.71,0.957
2026-02-10,Store_013,364,95,4632.07,2622.19,73.45,0.917
2026-02-10,Store_014,487,136,6309.65,3184.79,79.59,0.928
2026-02-10,Store_015,440,107,3749.18,2011.41,25.73,0.868
2026-02-10,Store_016,799,212,11606.48,5110.43,145.42,0.895
2026-02-10,Store_017,611,181,8248.41,3763.34,83.79,0.945
2026-02-10,Store_018,755,156,7288.08,4081.81,45.14,0.864
2026-02-10,Store_019,630,171,11206.24,6214.56,176.08,0.93
2026-02-10,Store_020,510,138,7127.69,3899.88,87.86,0.97
