date,asin,sku,impressions,clicks,ad_spend,ad_orders,ad_revenue,campaign_type,match_type
2025-08-15,B0673178,SKU-0001,1471,15,11.14,2,154.8,Sponsored Brands,Phrase
2025-08-15,B0494532,SKU-0002,1364,16,11.53,1,23.96,Sponsored Products,Phrase
2025-08-15,B0466098,SKU-0003,1020,13,8.86,1,17.53,Sponsored Brands,Phrase
2025-08-15,B0287544,SKU-0004,1141,15,8.66,1,109.24,Sponsored Products,Exact
2025-08-15,B0444234,SKU-0005,1740,18,8.52,2,181.68,Sponsored Brands,Exact
2025-08-15,B0474559,SKU-0006,3125,44,20.23,4,369.03,Sponsored Brands,Exact
2025-08-15,B0760123,SKU-0007,1977,34,31.2,2,143.42,Sponsored Products,Exact
2025-08-15,B0300550,SKU-0008,2435,41,25.43,5,160.77,Sponsored Products,Exact
2025-08-15,B0565132,SKU-0009,1473,15,12.51,1,135.4,Sponsored Products,Exact
2025-08-15,B0138771,SKU-0010,1582,21,13.84,1,80.29,Sponsored Products,Exact
2025-08-15,B0165870,SKU-0011,1452,23,20.29,2,78.52,Sponsored Products,Phrase
2025-08-15,B0661462,SKU-0012,1090,13,11.95,2,86.77,Sponsored Products,Phrase
2025-08-15,B0241131,SKU-0013,953,15,9.85,1,122.68,Sponsored Brands,Broad
2025-08-15,B0934569,SKU-0014,1821,29,12.47,4,362.84,Sponsored Brands,Broad
2025-08-15,B0916675,SKU-0015,417,7,4.27,0,0.0,Sponsored Products,Exact
2025-08-16,B0673178,SKU-0001,2266,27,18.69,2,161.55,Sponsored Products,Exact
2025-08-16,B0494532,SKU-0002,1917,27,18.94,3,67.2,Sponsored Products,Exact
2025-08-16,B0466098,SKU-0003,504,4,3.04,0,0.0,Sponsored Products,Exact
2025-08-16,B0287544,SKU-0004,2008,28,14.52,2,227.66,Sponsored Brands,Broad
2025-08-16,B0444234,SKU-0005,2453,20,10.69,1,85.44,Sponsored Products,Broad
2025-08-16,B0474559,SKU-0006,1333,14,11.39,1,91.6,Sponsored Products,Exact
2025-08-16,B0760123,SKU-0007,1700,19,12.29,1,63.71,Sponsored Brands,Exact
2025-08-16,B0300550,SKU-0008,2240,29,18.74,2,58.24,Sponsored Brands,Exact
2025-08-16,B0565132,SKU-0009,1732,14,7.92,1,123.94,Sponsored Products,Broad
2025-08-16,B0138771,SKU-0010,2017,39,25.67,4,319.83,Sponsored Products,Exact
2025-08-16,B0165870,SKU-0011,1555,21,14.14,1,35.66,Sponsored Products,Broad
2025-08-16,B0661462,SKU-0012,1219,14,10.75,1,44.73,Sponsored Products,Exact
2025-08-16,B0241131,SKU-0013,2153,38,35.46,4,504.24,Sponsored Brands,Phrase
2025-08-16,B0934569,SKU-0014,2055,40,31.83,5,463.87,Sponsored Brands,Exact
2025-08-16,B0916675,SKU-0015,2137,20,9.77,2,77.14,Sponsored Brands,Broad
2025-08-17,B0673178,SKU-0001,1341,15,13.04,1,79.61,Sponsored Products,Broad
2025-08-17,B0494532,SKU-0002,1291,25,21.35,3,73.77,Sponsored Products,Exact
2025-08-17,B0466098,SKU-0003,1263,16,9.75,1,18.28,Sponsored Brands,Phrase
2025-08-17,B0287544,SKU-0004,1151,21,8.01,2,232.95,Sponsored Products,Broad
2025-08-17,B0444234,SKU-0005,2484,36,14.61,2,184.04,Sponsored Products,Phrase
2025-08-17,B0474559,SKU-0006,1514,14,9.36,1,103.04,Sponsored Products,Phrase
2025-08-17,B0760123,SKU-0007,2716,40,32.19,6,414.34,Sponsored Products,Phrase
2025-08-17,B0300550,SKU-0008,1329,14,11.34,1,30.67,Sponsored Products,Exact
2025-08-17,B0565132,SKU-0009,1840,21,19.07,1,128.43,Sponsored Brands,Broad
2025-08-17,B0138771,SKU-0010,2243,42,22.83,3,255.8,Sponsored Brands,Broad
2025-08-17,B0165870,SKU-0011,3124,41,20.67,3,109.74,Sponsored Products,Broad
2025-08-17,B0661462,SKU-0012,1274,11,7.05,0,0.0,Sponsored Products,Exact
2025-08-17,B0241131,SKU-0013,2702,48,23.07,2,242.62,Sponsored Brands,Phrase
2025-08-17,B0934569,SKU-0014,2211,20,17.04,2,200.71,Sponsored Products,Exact
2025-08-17,B0916675,SKU-0015,2166,23,20.8,1,39.49,Sponsored Brands,Phrase
2025-08-18,B0673178,SKU-0001,1190,11,4.19,1,82.66,Sponsored Products,Exact
2025-08-18,B0494532,SKU-0002,651,12,6.34,1,23.14,Sponsored Products,Phrase
2025-08-18,B0466098,SKU-0003,1801,17,12.83,1,18.79,Sponsored Products,Exact
2025-08-18,B0287544,SKU-0004,2195,41,31.56,3,364.24,Sponsored Products,Exact
2025-08-18,B0444234,SKU-0005,1868,32,16.84,1,85.02,Sponsored Products,Phrase
2025-08-18,B0474559,SKU-0006,2751,53,46.42,2,200.17,Sponsored Brands,Exact
2025-08-18,B0760123,SKU-0007,2123,28,11.35,3,187.97,Sponsored Brands,Exact
2025-08-18,B0300550,SKU-0008,1847,34,17.82,2,63.42,Sponsored Brands,Broad
2025-08-18,B0565132,SKU-0009,2323,35,20.93,2,250.66,Sponsored Products,Broad
2025-08-18,B0138771,SKU-0010,1050,12,10.84,1,88.83,Sponsored Brands,Broad
2025-08-18,B0165870,SKU-0011,381,6,3.0,0,0.0,Sponsored Brands,Exact
2025-08-18,B0661462,SKU-0012,1079,11,3.87,1,47.58,Sponsored Products,Exact
2025-08-18,B0241131,SKU-0013,2021,36,29.75,2,249.55,Sponsored Products,Broad
2025-08-18,B0934569,SKU-0014,1617,13,8.68,0,0.0,Sponsored Brands,Exact
2025-08-18,B0916675,SKU-0015,2205,22,8.77,1,40.72,Sponsored Products,Exact
2025-08-19,B0673178,SKU-0001,2609,41,28.53,5,383.38,Sponsored Products,Exact
2025-08-19,B0494532,SKU-0002,1749,28,19.56,2,47.6,Sponsored Products,Exact
2025-08-19,B0466098,SKU-0003,730,11,6.92,1,18.22,Sponsored Brands,Broad
2025-08-19,B0287544,SKU-0004,672,12,7.91,0,0.0,Sponsored Brands,Exact
2025-08-19,B0444234,SKU-0005,1069,12,9.27,1,86.7,Sponsored Products,Broad
2025-08-19,B0474559,SKU-0006,1543,27,24.59,2,182.75,Sponsored Products,Phrase
2025-08-19,B0760123,SKU-0007,1766,18,6.46,1,67.78,Sponsored Brands,Exact
2025-08-19,B0300550,SKU-0008,1703,28,23.89,2,56.48,Sponsored Products,Exact
2025-08-19,B0565132,SKU-0009,2561,31,27.01,4,574.5,Sponsored Brands,Broad
2025-08-19,B0138771,SKU-0010,1250,21,13.9,2,157.45,Sponsored Brands,Broad
2025-08-19,B0165870,SKU-0011,312,6,2.43,0,0.0,Sponsored Brands,Exact
2025-08-19,B0661462,SKU-0012,2438,25,12.08,3,131.02,Sponsored Brands,Phrase
2025-08-19,B0241131,SKU-0013,3293,43,37.53,2,262.09,Sponsored Brands,Broad
2025-08-19,B0934569,SKU-0014,2751,48,28.26,4,409.42,Sponsored Products,Broad
2025-08-19,B0916675,SKU-0015,1098,17,10.86,1,43.85,Sponsored Products,Exact
2025-08-20,B0673178,SKU-0001,1704,33,16.7,2,150.58,Sponsored Products,Broad
2025-08-20,B0494532,SKU-0002,1738,33,12.49,5,113.22,Sponsored Products,Phrase
2025-08-20,B0466098,SKU-0003,2542,26,9.5,2,37.23,Sponsored Products,Exact
2025-08-20,B0287544,SKU-0004,1401,19,15.8,1,112.57,Sponsored Products,Exact
2025-08-20,B0444234,SKU-0005,1661,23,20.19,3,271.5,Sponsored Products,Exact
2025-08-20,B0474559,SKU-0006,2151,22,10.5,3,269.25,Sponsored Products,Exact
2025-08-20,B0760123,SKU-0007,1896,21,11.68,2,131.57,Sponsored Brands,Phrase
2025-08-20,B0300550,SKU-0008,1802,34,12.32,1,30.45,Sponsored Brands,Exact
2025-08-20,B0565132,SKU-0009,2691,51,45.41,2,268.74,Sponsored Products,Exact
2025-08-20,B0138771,SKU-0010,2494,36,28.03,5,389.71,Sponsored Products,Broad
2025-08-20,B0165870,SKU-0011,1619,17,14.81,2,76.19,Sponsored Products,Broad
2025-08-20,B0661462,SKU-0012,1740,28,20.0,4,173.81,Sponsored Products,Phrase
2025-08-20,B0241131,SKU-0013,1078,20,18.38,3,383.7,Sponsored Products,Phrase
2025-08-20,B0934569,SKU-0014,1013,16,10.49,2,195.64,Sponsored Products,Exact
2025-08-20,B0916675,SKU-0015,836,11,6.27,0,0.0,Sponsored Products,Exact
2025-08-21,B0673178,SKU-0001,2804,37,27.06,5,395.9,Sponsored Products,Broad
2025-08-21,B0494532,SKU-0002,786,11,8.12,1,24.96,Sponsored Brands,Exact
2025-08-21,B0466098,SKU-0003,866,13,11.5,1,17.53,Sponsored Brands,Phrase
2025-08-21,B0287544,SKU-0004,2151,21,9.32,2,223.63,Sponsored Products,Phrase
2025-08-21,B0444234,SKU-0005,1605,28,19.56,3,258.67,Sponsored Products,Phrase
2025-08-21,B0474559,SKU-0006,1814,31,15.37,1,103.24,Sponsored Products,Broad
2025-08-21,B0760123,SKU-0007,1796,32,27.84,4,260.68,Sponsored Products,Broad
2025-08-21,B0300550,SKU-0008,2099,28,25.3,2,60.86,Sponsored Brands,Exact
2025-08-21,B0565132,SKU-0009,2743,22,12.54,2,278.64,Sponsored Products,Exact
2025-08-21,B0138771,SKU-0010,1712,23,18.7,3,253.41,Sponsored Products,Phrase
2025-08-21,B0165870,SKU-0011,1196,23,12.9,3,108.95,Sponsored Products,Broad
2025-08-21,B0661462,SKU-0012,1108,11,6.25,1,47.8,Sponsored Products,Phrase
2025-08-21,B0241131,SKU-0013,912,17,13.19,1,118.01,Sponsored Brands,Phrase
2025-08-21,B0934569,SKU-0014,2183,32,16.44,2,178.81,Sponsored Brands,Phrase
2025-08-21,B0916675,SKU-0015,1428,24,11.22,2,79.57,Sponsored Products,Exact
2025-08-22,B0673178,SKU-0001,200,2,0.83,0,0.0,Sponsored Brands,Phrase
2025-08-22,B0494532,SKU-0002,2743,46,36.04,5,113.17,Sponsored Brands,Exact
2025-08-22,B0466098,SKU-0003,538,6,2.42,0,0.0,Sponsored Products,Broad
2025-08-22,B0287544,SKU-0004,251,2,0.99,0,0.0,Sponsored Brands,Exact
2025-08-22,B0444234,SKU-0005,967,9,7.67,1,96.52,Sponsored Brands,Phrase
2025-08-22,B0474559,SKU-0006,2099,27,16.47,1,101.64,Sponsored Brands,Phrase
2025-08-22,B0760123,SKU-0007,2905,49,20.17,6,382.83,Sponsored Brands,Broad
2025-08-22,B0300550,SKU-0008,2434,22,17.73,2,59.23,Sponsored Products,Broad
2025-08-22,B0565132,SKU-0009,2057,38,23.68,5,683.81,Sponsored Brands,Broad
2025-08-22,B0138771,SKU-0010,2000,37,24.85,5,389.88,Sponsored Products,Broad
2025-08-22,B0165870,SKU-0011,412,4,2.32,0,0.0,Sponsored Products,Broad
2025-08-22,B0661462,SKU-0012,1946,38,16.7,2,94.12,Sponsored Brands,Phrase
2025-08-22,B0241131,SKU-0013,1766,17,8.7,2,239.61,Sponsored Products,Broad
2025-08-22,B0934569,SKU-0014,2308,43,23.31,3,287.39,Sponsored Brands,Exact
2025-08-22,B0916675,SKU-0015,2598,42,35.42,6,248.46,Sponsored Products,Broad
2025-08-23,B0673178,SKU-0001,537,6,3.96,0,0.0,Sponsored Products,Exact
2025-08-23,B0494532,SKU-0002,1990,34,24.22,5,109.95,Sponsored Brands,Phrase
2025-08-23,B0466098,SKU-0003,2229,23,18.34,2,35.43,Sponsored Brands,Broad
2025-08-23,B0287544,SKU-0004,1552,16,13.99,1,114.23,Sponsored Products,Exact
2025-08-23,B0444234,SKU-0005,1746,28,10.74,4,337.9,Sponsored Products,Phrase
2025-08-23,B0474559,SKU-0006,2594,39,16.35,2,201.34,Sponsored Products,Phrase
2025-08-23,B0760123,SKU-0007,1706,18,15.5,2,128.08,Sponsored Brands,Phrase
2025-08-23,B0300550,SKU-0008,1742,29,16.33,4,114.37,Sponsored Products,Broad
2025-08-23,B0565132,SKU-0009,1627,30,20.18,4,575.96,Sponsored Brands,Exact
2025-08-23,B0138771,SKU-0010,1714,34,26.08,5,411.56,Sponsored Products,Exact
2025-08-23,B0165870,SKU-0011,2890,49,17.79,5,184.54,Sponsored Brands,Phrase
2025-08-23,B0661462,SKU-0012,2330,23,17.14,1,46.56,Sponsored Brands,Exact
2025-08-23,B0241131,SKU-0013,2823,47,44.29,7,925.08,Sponsored Products,Broad
2025-08-23,B0934569,SKU-0014,1621,31,14.69,2,183.96,Sponsored Brands,Phrase
2025-08-23,B0916675,SKU-0015,597,6,2.75,0,0.0,Sponsored Brands,Exact
2025-08-24,B0673178,SKU-0001,3244,61,36.85,8,587.29,Sponsored Brands,Broad
2025-08-24,B0494532,SKU-0002,1980,17,10.82,2,46.22,Sponsored Brands,Broad
2025-08-24,B0466098,SKU-0003,1911,35,15.01,3,50.73,Sponsored Products,Broad
2025-08-24,B0287544,SKU-0004,2081,38,22.91,3,320.29,Sponsored Brands,Exact
2025-08-24,B0444234,SKU-0005,2207,23,8.26,2,176.86,Sponsored Products,Exact
2025-08-24,B0474559,SKU-0006,547,5,4.7,0,0.0,Sponsored Brands,Broad
2025-08-24,B0760123,SKU-0007,2009,32,24.95,4,279.2,Sponsored Products,Broad
2025-08-24,B0300550,SKU-0008,1043,20,15.22,2,56.42,Sponsored Brands,Phrase
2025-08-24,B0565132,SKU-0009,1562,20,7.85,2,257.95,Sponsored Brands,Exact
2025-08-24,B0138771,SKU-0010,1704,16,7.86,2,157.22,Sponsored Brands,Phrase
2025-08-24,B0165870,SKU-0011,679,6,5.59,0,0.0,Sponsored Products,Broad
2025-08-24,B0661462,SKU-0012,2146,29,26.03,4,174.43,Sponsored Brands,Phrase
2025-08-24,B0241131,SKU-0013,2592,38,19.41,3,370.05,Sponsored Products,Phrase
2025-08-24,B0934569,SKU-0014,2177,31,23.74,2,191.77,Sponsored Brands,Broad
2025-08-24,B0916675,SKU-0015,1274,11,10.32,0,0.0,Sponsored Brands,Phrase
2025-08-25,B0673178,SKU-0001,1400,11,3.86,1,83.49,Sponsored Products,Broad
2025-08-25,B0494532,SKU-0002,2985,24,14.27,1,23.37,Sponsored Brands,Exact
2025-08-25,B0466098,SKU-0003,1601,23,11.02,1,17.37,Sponsored Products,Exact
2025-08-25,B0287544,SKU-0004,2771,33,24.45,2,222.52,Sponsored Brands,Phrase
2025-08-25,B0444234,SKU-0005,1203,12,4.57,1,88.36,Sponsored Brands,Exact
2025-08-25,B0474559,SKU-0006,1542,29,22.33,4,378.31,Sponsored Brands,Exact
2025-08-25,B0760123,SKU-0007,1634,22,9.82,1,68.15,Sponsored Products,Broad
2025-08-25,B0300550,SKU-0008,2662,52,27.79,2,58.73,Sponsored Products,Broad
2025-08-25,B0565132,SKU-0009,1876,29,21.41,4,505.03,Sponsored Brands,Exact
2025-08-25,B0138771,SKU-0010,1771,23,16.98,3,234.34,Sponsored Brands,Broad
2025-08-25,B0165870,SKU-0011,1236,12,7.86,1,37.7,Sponsored Products,Broad
2025-08-25,B0661462,SKU-0012,2691,47,31.02,3,136.73,Sponsored Brands,Phrase
2025-08-25,B0241131,SKU-0013,2392,22,18.46,2,269.01,Sponsored Products,Exact
2025-08-25,B0934569,SKU-0014,1362,14,9.54,0,0.0,Sponsored Products,Phrase
2025-08-25,B0916675,SKU-0015,1671,22,18.45,1,41.22,Sponsored Brands,Exact
2025-08-26,B0673178,SKU-0001,2863,39,24.09,4,336.32,Sponsored Products,Phrase
2025-08-26,B0494532,SKU-0002,1733,28,19.29,2,43.55,Sponsored Products,Exact
2025-08-26,B0466098,SKU-0003,1534,19,9.24,1,18.27,Sponsored Brands,Phrase
2025-08-26,B0287544,SKU-0004,1171,21,13.31,2,230.39,Sponsored Brands,Broad
2025-08-26,B0444234,SKU-0005,1961,19,15.24,1,89.49,Sponsored Products,Exact
2025-08-26,B0474559,SKU-0006,1111,21,18.23,2,206.59,Sponsored Products,Exact
2025-08-26,B0760123,SKU-0007,1798,29,19.67,2,134.29,Sponsored Brands,Exact
2025-08-26,B0300550,SKU-0008,2003,24,21.84,2,61.77,Sponsored Products,Exact
2025-08-26,B0565132,SKU-0009,3974,33,22.28,4,507.73,Sponsored Products,Phrase
2025-08-26,B0138771,SKU-0010,943,18,9.83,1,78.39,Sponsored Brands,Exact
2025-08-26,B0165870,SKU-0011,1918,17,14.24,0,0.0,Sponsored Brands,Phrase
2025-08-26,B0661462,SKU-0012,1325,24,20.64,2,87.96,Sponsored Brands,Broad
2025-08-26,B0241131,SKU-0013,3583,71,60.16,3,373.96,Sponsored Products,Phrase
2025-08-26,B0934569,SKU-0014,1177,17,12.83,1,103.06,Sponsored Brands,Exact
2025-08-26,B0916675,SKU-0015,1629,13,11.33,0,0.0,Sponsored Products,Broad
2025-08-27,B0673178,SKU-0001,1317,22,19.18,2,168.65,Sponsored Brands,Phrase
2025-08-27,B0494532,SKU-0002,1405,18,13.29,1,22.98,Sponsored Brands,Broad
2025-08-27,B0466098,SKU-0003,2474,25,10.22,3,51.59,Sponsored Products,Exact
2025-08-27,B0287544,SKU-0004,1628,27,14.56,1,106.18,Sponsored Brands,Broad
2025-08-27,B0444234,SKU-0005,1699,14,6.22,1,96.97,Sponsored Products,Phrase
2025-08-27,B0474559,SKU-0006,1432,20,14.32,1,92.38,Sponsored Brands,Phrase
2025-08-27,B0760123,SKU-0007,1364,19,7.86,2,131.03,Sponsored Products,Phrase
2025-08-27,B0300550,SKU-0008,3307,62,40.86,6,174.28,Sponsored Products,Phrase
2025-08-27,B0565132,SKU-0009,2599,47,35.65,5,629.31,Sponsored Products,Phrase
2025-08-27,B0138771,SKU-0010,1139,16,12.24,2,161.67,Sponsored Brands,Exact
2025-08-27,B0165870,SKU-0011,1228,14,6.55,0,0.0,Sponsored Products,Broad
2025-08-27,B0661462,SKU-0012,2409,41,35.86,4,182.04,Sponsored Brands,Exact
2025-08-27,B0241131,SKU-0013,1370,14,13.24,1,129.59,Sponsored Brands,Phrase
2025-08-27,B0934569,SKU-0014,1524,30,11.38,1,92.79,Sponsored Brands,Exact
2025-08-27,B0916675,SKU-0015,2070,37,19.58,3,130.15,Sponsored Brands,Broad
2025-08-28,B0673178,SKU-0001,2336,19,8.04,2,154.4,Sponsored Products,Exact
2025-08-28,B0494532,SKU-0002,1268,23,16.06,2,45.66,Sponsored Products,Exact
2025-08-28,B0466098,SKU-0003,2113,34,21.08,2,32.78,Sponsored Brands,Phrase
2025-08-28,B0287544,SKU-0004,909,9,6.0,1,114.26,Sponsored Products,Exact
2025-08-28,B0444234,SKU-0005,2682,34,32.03,1,90.97,Sponsored Products,Exact
2025-08-28,B0474559,SKU-0006,3053,34,31.73,3,279.79,Sponsored Brands,Broad
2025-08-28,B0760123,SKU-0007,515,4,3.5,0,0.0,Sponsored Brands,Exact
2025-08-28,B0300550,SKU-0008,1682,29,16.66,3,85.83,Sponsored Brands,Phrase
2025-08-28,B0565132,SKU-0009,909,8,6.5,0,0.0,Sponsored Brands,Phrase
2025-08-28,B0138771,SKU-0010,234,3,1.32,0,0.0,Sponsored Products,Exact
2025-08-28,B0165870,SKU-0011,1167,13,6.52,1,36.65,Sponsored Products,Exact
2025-08-28,B0661462,SKU-0012,1847,33,20.3,1,45.35,Sponsored Products,Broad
2025-08-28,B0241131,SKU-0013,2121,23,11.4,1,121.47,Sponsored Brands,Broad
2025-08-28,B0934569,SKU-0014,1547,27,10.33,1,94.27,Sponsored Brands,Exact
2025-08-28,B0916675,SKU-0015,1759,17,13.29,1,44.28,Sponsored Products,Broad
2025-08-29,B0673178,SKU-0001,1432,13,5.06,2,150.85,Sponsored Products,Broad
2025-08-29,B0494532,SKU-0002,1780,28,13.7,1,24.94,Sponsored Brands,Broad
2025-08-29,B0466098,SKU-0003,572,5,3.91,0,0.0,Sponsored Brands,Phrase
2025-08-29,B0287544,SKU-0004,1008,14,11.22,1,116.52,Sponsored Brands,Exact
2025-08-29,B0444234,SKU-0005,3004,47,18.97,6,505.78,Sponsored Brands,Broad
2025-08-29,B0474559,SKU-0006,1595,29,13.85,4,375.65,Sponsored Brands,Broad
2025-08-29,B0760123,SKU-0007,914,16,11.17,1,69.91,Sponsored Brands,Broad
2025-08-29,B0300550,SKU-0008,1580,22,20.73,3,89.11,Sponsored Brands,Phrase
2025-08-29,B0565132,SKU-0009,3146,61,26.62,6,786.08,Sponsored Products,Phrase
2025-08-29,B0138771,SKU-0010,2148,22,15.26,3,269.22,Sponsored Products,Broad
2025-08-29,B0165870,SKU-0011,1896,37,16.81,3,114.65,Sponsored Brands,Broad
2025-08-29,B0661462,SKU-0012,1025,12,6.27,1,42.6,Sponsored Products,Exact
2025-08-29,B0241131,SKU-0013,200,3,1.29,0,0.0,Sponsored Products,Phrase
2025-08-29,B0934569,SKU-0014,2595,34,23.97,4,376.18,Sponsored Products,Exact
2025-08-29,B0916675,SKU-0015,2636,22,9.88,3,120.76,Sponsored Brands,Exact
2025-08-30,B0673178,SKU-0001,2067,28,21.18,2,165.78,Sponsored Brands,Exact
2025-08-30,B0494532,SKU-0002,1944,32,22.27,5,112.87,Sponsored Brands,Broad
2025-08-30,B0466098,SKU-0003,2195,31,21.28,4,68.23,Sponsored Brands,Phrase
2025-08-30,B0287544,SKU-0004,2567,34,15.74,5,606.13,Sponsored Products,Broad
2025-08-30,B0444234,SKU-0005,2288,25,12.02,1,97.09,Sponsored Products,Broad
2025-08-30,B0474559,SKU-0006,2610,51,41.75,5,458.98,Sponsored Products,Exact
2025-08-30,B0760123,SKU-0007,1177,22,19.13,1,62.43,Sponsored Products,Exact
2025-08-30,B0300550,SKU-0008,2280,36,31.07,5,152.94,Sponsored Brands,Broad
2025-08-30,B0565132,SKU-0009,2329,23,20.38,3,407.17,Sponsored Brands,Exact
2025-08-30,B0138771,SKU-0010,1315,25,15.7,1,84.16,Sponsored Brands,Broad
2025-08-30,B0165870,SKU-0011,2740,50,42.06,6,240.68,Sponsored Products,Exact
2025-08-30,B0661462,SKU-0012,854,16,10.89,2,90.57,Sponsored Brands,Exact
2025-08-30,B0241131,SKU-0013,3570,53,21.24,2,261.01,Sponsored Products,Broad
2025-08-30,B0934569,SKU-0014,641,9,7.66,1,89.65,Sponsored Brands,Exact
2025-08-30,B0916675,SKU-0015,1789,34,19.63,5,208.88,Sponsored Brands,Broad
2025-08-31,B0673178,SKU-0001,1730,19,12.49,0,0.0,Sponsored Products,Exact
2025-08-31,B0494532,SKU-0002,1260,12,5.47,1,21.85,Sponsored Products,Broad
2025-08-31,B0466098,SKU-0003,2297,33,28.0,3,49.64,Sponsored Brands,Phrase
2025-08-31,B0287544,SKU-0004,1837,30,20.87,3,327.31,Sponsored Products,Exact
2025-08-31,B0444234,SKU-0005,657,8,6.64,0,0.0,Sponsored Brands,Broad
2025-08-31,B0474559,SKU-0006,1437,28,23.51,2,188.05,Sponsored Brands,Exact
2025-08-31,B0760123,SKU-0007,2283,33,25.11,3,211.21,Sponsored Products,Broad
2025-08-31,B0300550,SKU-0008,3006,42,29.36,4,111.72,Sponsored Products,Broad
2025-08-31,B0565132,SKU-0009,1414,24,17.68,1,144.37,Sponsored Brands,Phrase
2025-08-31,B0138771,SKU-0010,1063,15,5.88,1,82.67,Sponsored Products,Phrase
2025-08-31,B0165870,SKU-0011,2359,31,14.2,3,111.72,Sponsored Brands,Broad
2025-08-31,B0661462,SKU-0012,2211,42,33.29,3,127.26,Sponsored Brands,Broad
2025-08-31,B0241131,SKU-0013,2024,37,34.59,5,595.49,Sponsored Products,Broad
2025-08-31,B0934569,SKU-0014,2024,40,30.84,4,405.53,Sponsored Brands,Phrase
2025-08-31,B0916675,SKU-0015,1278,20,15.92,2,88.93,Sponsored Brands,Phrase
2025-09-01,B0673178,SKU-0001,3329,48,38.55,4,293.92,Sponsored Products,Phrase
2025-09-01,B0494532,SKU-0002,1356,16,12.14,1,23.72,Sponsored Brands,Phrase
2025-09-01,B0466098,SKU-0003,625,9,3.91,0,0.0,Sponsored Products,Exact
2025-09-01,B0287544,SKU-0004,2013,34,29.2,4,454.34,Sponsored Products,Phrase
2025-09-01,B0444234,SKU-0005,3056,51,22.57,4,351.62,Sponsored Products,Exact
2025-09-01,B0474559,SKU-0006,1477,23,13.76,1,96.15,Sponsored Brands,Broad
2025-09-01,B0760123,SKU-0007,2673,28,10.2,3,191.41,Sponsored Products,Broad
2025-09-01,B0300550,SKU-0008,1674,33,29.43,2,63.36,Sponsored Brands,Broad
2025-09-01,B0565132,SKU-0009,1431,23,11.97,2,260.67,Sponsored Products,Phrase
2025-09-01,B0138771,SKU-0010,2752,49,25.77,5,441.63,Sponsored Brands,Exact
2025-09-01,B0165870,SKU-0011,1239,21,17.11,2,78.84,Sponsored Products,Exact
2025-09-01,B0661462,SKU-0012,1491,17,6.25,2,94.07,Sponsored Products,Exact
2025-09-01,B0241131,SKU-0013,982,11,8.86,1,118.77,Sponsored Products,Phrase
2025-09-01,B0934569,SKU-0014,1638,28,15.21,1,96.7,Sponsored Products,Broad
2025-09-01,B0916675,SKU-0015,2460,37,31.14,3,125.55,Sponsored Brands,Exact
2025-09-02,B0673178,SKU-0001,2494,21,19.64,1,77.33,Sponsored Products,Phrase
2025-09-02,B0494532,SKU-0002,1348,22,14.3,2,49.15,Sponsored Brands,Broad
2025-09-02,B0466098,SKU-0003,1115,11,3.92,1,17.52,Sponsored Products,Broad
2025-09-02,B0287544,SKU-0004,889,15,9.6,1,112.39,Sponsored Products,Exact
2025-09-02,B0444234,SKU-0005,1226,10,9.43,0,0.0,Sponsored Products,Exact
2025-09-02,B0474559,SKU-0006,1202,20,10.15,2,190.1,Sponsored Brands,Phrase
2025-09-02,B0760123,SKU-0007,1133,19,6.77,1,62.82,Sponsored Products,Phrase
2025-09-02,B0300550,SKU-0008,1656,19,9.83,2,62.78,Sponsored Products,Exact
2025-09-02,B0565132,SKU-0009,2957,53,40.62,6,796.57,Sponsored Brands,Broad
2025-09-02,B0138771,SKU-0010,2490,29,14.61,4,353.88,Sponsored Products,Phrase
2025-09-02,B0165870,SKU-0011,2767,36,29.15,2,73.89,Sponsored Products,Broad
2025-09-02,B0661462,SKU-0012,1454,28,26.47,3,146.44,Sponsored Products,Phrase
2025-09-02,B0241131,SKU-0013,1953,32,25.82,2,254.34,Sponsored Brands,Phrase
2025-09-02,B0934569,SKU-0014,1575,16,13.34,1,102.75,Sponsored Brands,Broad
2025-09-02,B0916675,SKU-0015,2690,29,15.86,1,38.62,Sponsored Products,Exact
2025-09-03,B0673178,SKU-0001,2158,20,13.9,1,77.88,Sponsored Products,Phrase
2025-09-03,B0494532,SKU-0002,892,10,3.55,0,0.0,Sponsored Brands,Exact
2025-09-03,B0466098,SKU-0003,1379,21,9.61,1,16.47,Sponsored Products,Broad
2025-09-03,B0287544,SKU-0004,1524,21,16.11,1,121.19,Sponsored Brands,Phrase
2025-09-03,B0444234,SKU-0005,1875,25,19.86,3,276.45,Sponsored Brands,Phrase
2025-09-03,B0474559,SKU-0006,1806,30,22.44,3,267.1,Sponsored Products,Broad
2025-09-03,B0760123,SKU-0007,1980,33,22.98,4,251.57,Sponsored Brands,Phrase
2025-09-03,B0300550,SKU-0008,1848,34,27.56,5,158.61,Sponsored Products,Exact
2025-09-03,B0565132,SKU-0009,2346,44,18.51,6,793.49,Sponsored Brands,Exact
2025-09-03,B0138771,SKU-0010,2220,18,11.38,2,166.3,Sponsored Brands,Broad
2025-09-03,B0165870,SKU-0011,2694,37,18.15,4,155.76,Sponsored Brands,Phrase
2025-09-03,B0661462,SKU-0012,2660,23,20.67,3,131.34,Sponsored Products,Exact
2025-09-03,B0241131,SKU-0013,2305,35,15.45,4,514.72,Sponsored Products,Exact
2025-09-03,B0934569,SKU-0014,1356,23,20.25,1,94.82,Sponsored Brands,Exact
2025-09-03,B0916675,SKU-0015,1716,27,23.08,1,42.56,Sponsored Brands,Broad
2025-09-04,B0673178,SKU-0001,796,10,6.99,0,0.0,Sponsored Brands,Broad
2025-09-04,B0494532,SKU-0002,1299,19,14.21,3,74.96,Sponsored Brands,Broad
2025-09-04,B0466098,SKU-0003,2072,33,27.09,3,55.38,Sponsored Brands,Exact
2025-09-04,B0287544,SKU-0004,1918,18,11.7,1,112.94,Sponsored Products,Phrase
2025-09-04,B0444234,SKU-0005,2254,28,24.53,2,169.78,Sponsored Brands,Exact
2025-09-04,B0474559,SKU-0006,1827,24,19.55,2,192.44,Sponsored Brands,Exact
2025-09-04,B0760123,SKU-0007,1950,35,19.01,5,332.47,Sponsored Brands,Exact
2025-09-04,B0300550,SKU-0008,2359,27,25.2,2,64.45,Sponsored Products,Broad
2025-09-04,B0565132,SKU-0009,1098,9,8.12,0,0.0,Sponsored Brands,Broad
2025-09-04,B0138771,SKU-0010,1477,14,6.76,0,0.0,Sponsored Products,Phrase
2025-09-04,B0165870,SKU-0011,2373,27,17.54,3,118.17,Sponsored Brands,Exact
2025-09-04,B0661462,SKU-0012,1063,12,9.83,0,0.0,Sponsored Products,Phrase
2025-09-04,B0241131,SKU-0013,2514,26,18.78,2,248.83,Sponsored Brands,Broad
2025-09-04,B0934569,SKU-0014,2697,45,24.52,5,493.07,Sponsored Brands,Phrase
2025-09-04,B0916675,SKU-0015,2459,33,19.97,3,134.43,Sponsored Brands,Broad
2025-09-05,B0673178,SKU-0001,2009,30,24.45,3,219.55,Sponsored Products,Broad
2025-09-05,B0494532,SKU-0002,2108,28,18.44,2,50.25,Sponsored Products,Exact
2025-09-05,B0466098,SKU-0003,2302,41,35.76,4,74.78,Sponsored Products,Phrase
2025-09-05,B0287544,SKU-0004,2474,29,23.72,4,431.94,Sponsored Products,Phrase
2025-09-05,B0444234,SKU-0005,1916,20,18.69,2,171.76,Sponsored Brands,Phrase
2025-09-05,B0474559,SKU-0006,1139,17,6.77,2,189.58,Sponsored Products,Broad
2025-09-05,B0760123,SKU-0007,2150,35,31.89,3,194.81,Sponsored Products,Exact
2025-09-05,B0300550,SKU-0008,1443,16,11.22,2,58.83,Sponsored Brands,Broad
2025-09-05,B0565132,SKU-0009,1408,18,13.51,1,132.14,Sponsored Products,Exact
2025-09-05,B0138771,SKU-0010,1176,15,9.39,0,0.0,Sponsored Brands,Phrase
2025-09-05,B0165870,SKU-0011,2040,36,24.57,2,77.28,Sponsored Products,Phrase
2025-09-05,B0661462,SKU-0012,1359,18,9.63,1,45.39,Sponsored Brands,Exact
2025-09-05,B0241131,SKU-0013,1299,22,9.0,3,379.73,Sponsored Brands,Exact
2025-09-05,B0934569,SKU-0014,818,12,7.01,1,103.39,Sponsored Products,Exact
2025-09-05,B0916675,SKU-0015,1410,14,8.82,2,82.3,Sponsored Brands,Exact
2025-09-06,B0673178,SKU-0001,2140,23,16.23,3,222.74,Sponsored Products,Phrase
2025-09-06,B0494532,SKU-0002,2594,30,19.17,2,49.89,Sponsored Products,Phrase
2025-09-06,B0466098,SKU-0003,2213,26,18.92,2,34.77,Sponsored Brands,Phrase
2025-09-06,B0287544,SKU-0004,1796,20,11.02,1,107.34,Sponsored Brands,Exact
2025-09-06,B0444234,SKU-0005,2287,28,12.25,4,379.91,Sponsored Brands,Phrase
2025-09-06,B0474559,SKU-0006,2121,30,23.18,1,97.91,Sponsored Products,Exact
2025-09-06,B0760123,SKU-0007,1777,30,20.75,2,131.64,Sponsored Products,Exact
2025-09-06,B0300550,SKU-0008,1650,17,12.27,1,30.71,Sponsored Brands,Phrase
2025-09-06,B0565132,SKU-0009,1735,13,12.31,2,288.1,Sponsored Products,Broad
2025-09-06,B0138771,SKU-0010,1795,34,24.34,5,438.79,Sponsored Products,Exact
2025-09-06,B0165870,SKU-0011,2288,38,35.68,4,142.26,Sponsored Brands,Phrase
2025-09-06,B0661462,SKU-0012,3128,53,44.44,7,338.11,Sponsored Products,Phrase
2025-09-06,B0241131,SKU-0013,1681,24,8.71,1,116.74,Sponsored Products,Broad
2025-09-06,B0934569,SKU-0014,2004,16,11.89,2,180.66,Sponsored Products,Phrase
2025-09-06,B0916675,SKU-0015,1793,14,11.69,0,0.0,Sponsored Brands,Exact
2025-09-07,B0673178,SKU-0001,1913,33,24.98,4,295.35,Sponsored Brands,Exact
2025-09-07,B0494532,SKU-0002,1611,17,8.73,0,0.0,Sponsored Products,Broad
2025-09-07,B0466098,SKU-0003,1803,34,30.46,2,35.66,Sponsored Products,Exact
2025-09-07,B0287544,SKU-0004,789,8,6.68,0,0.0,Sponsored Brands,Broad
2025-09-07,B0444234,SKU-0005,1773,24,19.96,1,93.54,Sponsored Products,Broad
2025-09-07,B0474559,SKU-0006,2690,42,29.3,6,568.07,Sponsored Brands,Exact
2025-09-07,B0760123,SKU-0007,3033,41,26.33,2,139.96,Sponsored Brands,Broad
2025-09-07,B0300550,SKU-0008,694,7,3.07,0,0.0,Sponsored Brands,Broad
2025-09-07,B0565132,SKU-0009,1162,17,11.81,0,0.0,Sponsored Products,Phrase
2025-09-07,B0138771,SKU-0010,713,13,5.9,0,0.0,Sponsored Products,Exact
2025-09-07,B0165870,SKU-0011,1953,30,15.31,1,41.06,Sponsored Brands,Exact
2025-09-07,B0661462,SKU-0012,1659,29,22.76,2,94.57,Sponsored Brands,Exact
2025-09-07,B0241131,SKU-0013,1961,30,16.15,2,249.08,Sponsored Brands,Phrase
2025-09-07,B0934569,SKU-0014,2029,16,12.53,2,205.75,Sponsored Products,Exact
2025-09-07,B0916675,SKU-0015,1839,24,8.9,2,87.27,Sponsored Brands,Exact
2025-09-08,B0673178,SKU-0001,2558,33,27.29,4,338.25,Sponsored Products,Broad
2025-09-08,B0494532,SKU-0002,1365,26,22.83,3,74.11,Sponsored Brands,Phrase
2025-09-08,B0466098,SKU-0003,1530,22,8.88,1,18.71,Sponsored Brands,Broad
2025-09-08,B0287544,SKU-0004,2243,44,26.83,3,322.64,Sponsored Brands,Broad
2025-09-08,B0444234,SKU-0005,1328,17,9.17,1,89.58,Sponsored Products,Broad
2025-09-08,B0474559,SKU-0006,3732,36,29.03,1,93.83,Sponsored Brands,Exact
2025-09-08,B0760123,SKU-0007,1612,29,15.16,2,137.1,Sponsored Brands,Broad
2025-09-08,B0300550,SKU-0008,2399,30,13.97,2,56.47,Sponsored Brands,Broad
2025-09-08,B0565132,SKU-0009,1648,17,9.58,1,126.35,Sponsored Brands,Exact
2025-09-08,B0138771,SKU-0010,1889,23,16.25,1,87.23,Sponsored Brands,Broad
2025-09-08,B0165870,SKU-0011,1258,19,7.87,2,77.54,Sponsored Brands,Phrase
2025-09-08,B0661462,SKU-0012,1980,16,14.37,1,46.61,Sponsored Brands,Broad
2025-09-08,B0241131,SKU-0013,2187,41,28.5,3,375.71,Sponsored Brands,Broad
2025-09-08,B0934569,SKU-0014,2648,46,17.89,7,642.09,Sponsored Products,Phrase
2025-09-08,B0916675,SKU-0015,1351,13,7.14,1,42.2,Sponsored Products,Phrase
2025-09-09,B0673178,SKU-0001,2254,29,11.94,3,253.97,Sponsored Brands,Phrase
2025-09-09,B0494532,SKU-0002,2735,43,31.05,5,126.87,Sponsored Brands,Phrase
2025-09-09,B0466098,SKU-0003,1778,27,17.93,2,32.94,Sponsored Products,Exact
2025-09-09,B0287544,SKU-0004,1775,15,14.21,1,105.53,Sponsored Products,Exact
2025-09-09,B0444234,SKU-0005,1433,19,11.8,1,94.94,Sponsored Products,Exact
2025-09-09,B0474559,SKU-0006,1797,19,11.9,1,101.74,Sponsored Products,Phrase
2025-09-09,B0760123,SKU-0007,979,18,7.04,0,0.0,Sponsored Brands,Phrase
2025-09-09,B0300550,SKU-0008,2042,22,16.13,1,31.15,Sponsored Products,Broad
2025-09-09,B0565132,SKU-0009,1976,25,16.53,2,248.85,Sponsored Brands,Exact
2025-09-09,B0138771,SKU-0010,3074,50,31.01,6,482.8,Sponsored Products,Phrase
2025-09-09,B0165870,SKU-0011,2474,24,15.27,3,111.85,Sponsored Products,Broad
2025-09-09,B0661462,SKU-0012,1670,17,11.2,1,49.09,Sponsored Products,Broad
2025-09-09,B0241131,SKU-0013,2615,40,20.28,6,700.67,Sponsored Brands,Broad
2025-09-09,B0934569,SKU-0014,200,1,0.65,0,0.0,Sponsored Products,Phrase
2025-09-09,B0916675,SKU-0015,2078,32,16.52,1,38.99,Sponsored Products,Phrase
2025-09-10,B0673178,SKU-0001,2250,30,21.57,2,159.18,Sponsored Products,Phrase
2025-09-10,B0494532,SKU-0002,1920,16,12.67,0,0.0,Sponsored Brands,Exact
2025-09-10,B0466098,SKU-0003,2252,22,15.95,3,55.04,Sponsored Brands,Phrase
2025-09-10,B0287544,SKU-0004,1171,20,9.55,2,230.14,Sponsored Brands,Broad
2025-09-10,B0444234,SKU-0005,2585,41,31.36,3,265.88,Sponsored Brands,Exact
2025-09-10,B0474559,SKU-0006,2369,44,17.01,3,289.55,Sponsored Products,Phrase
2025-09-10,B0760123,SKU-0007,1577,15,5.37,1,72.45,Sponsored Products,Broad
2025-09-10,B0300550,SKU-0008,1889,24,12.91,2,60.16,Sponsored Products,Phrase
2025-09-10,B0565132,SKU-0009,570,9,7.05,0,0.0,Sponsored Brands,Phrase
2025-09-10,B0138771,SKU-0010,1509,23,8.72,1,82.02,Sponsored Products,Broad
2025-09-10,B0165870,SKU-0011,1629,29,13.54,3,110.27,Sponsored Products,Phrase
2025-09-10,B0661462,SKU-0012,957,13,6.59,1,47.84,Sponsored Brands,Phrase
2025-09-10,B0241131,SKU-0013,982,17,7.81,2,253.48,Sponsored Products,Exact
2025-09-10,B0934569,SKU-0014,2363,43,39.26,5,452.03,Sponsored Products,Exact
2025-09-10,B0916675,SKU-0015,1260,13,9.96,1,39.1,Sponsored Products,Phrase
2025-09-11,B0673178,SKU-0001,1459,28,15.69,4,323.31,Sponsored Products,Phrase
2025-09-11,B0494532,SKU-0002,794,7,5.52,0,0.0,Sponsored Products,Phrase
2025-09-11,B0466098,SKU-0003,2002,17,15.04,2,34.02,Sponsored Products,Broad
2025-09-11,B0287544,SKU-0004,1138,18,7.59,2,209.9,Sponsored Products,Broad
2025-09-11,B0444234,SKU-0005,819,12,4.98,1,97.01,Sponsored Products,Exact
2025-09-11,B0474559,SKU-0006,2192,31,16.19,3,290.87,Sponsored Brands,Exact
2025-09-11,B0760123,SKU-0007,2564,37,34.84,3,206.44,Sponsored Brands,Phrase
2025-09-11,B0300550,SKU-0008,1595,25,14.83,3,96.49,Sponsored Brands,Exact
2025-09-11,B0565132,SKU-0009,2488,32,27.24,4,563.25,Sponsored Products,Broad
2025-09-11,B0138771,SKU-0010,1862,19,13.02,1,85.2,Sponsored Products,Exact
2025-09-11,B0165870,SKU-0011,1873,19,8.97,3,121.64,Sponsored Brands,Phrase
2025-09-11,B0661462,SKU-0012,810,8,4.56,0,0.0,Sponsored Products,Phrase
2025-09-11,B0241131,SKU-0013,1439,25,11.65,1,123.76,Sponsored Brands,Phrase
2025-09-11,B0934569,SKU-0014,2290,26,9.97,2,184.1,Sponsored Products,Exact
2025-09-11,B0916675,SKU-0015,1048,9,5.42,0,0.0,Sponsored Brands,Broad
2025-09-12,B0673178,SKU-0001,2437,22,9.19,2,145.81,Sponsored Brands,Exact
2025-09-12,B0494532,SKU-0002,2318,41,16.73,6,142.32,Sponsored Brands,Phrase
2025-09-12,B0466098,SKU-0003,1673,19,10.93,2,36.77,Sponsored Brands,Phrase
2025-09-12,B0287544,SKU-0004,1368,26,14.7,2,220.79,Sponsored Products,Broad
2025-09-12,B0444234,SKU-0005,3151,27,20.91,3,279.84,Sponsored Brands,Exact
2025-09-12,B0474559,SKU-0006,2574,43,17.21,5,489.43,Sponsored Products,Phrase
2025-09-12,B0760123,SKU-0007,200,3,2.29,0,0.0,Sponsored Brands,Phrase
2025-09-12,B0300550,SKU-0008,1658,15,11.42,0,0.0,Sponsored Brands,Phrase
2025-09-12,B0565132,SKU-0009,1063,11,10.22,0,0.0,Sponsored Brands,Phrase
2025-09-12,B0138771,SKU-0010,634,11,6.09,1,79.67,Sponsored Brands,Phrase
2025-09-12,B0165870,SKU-0011,2512,39,25.34,2,79.35,Sponsored Brands,Exact
2025-09-12,B0661462,SKU-0012,1296,10,5.62,1,49.01,Sponsored Brands,Broad
2025-09-12,B0241131,SKU-0013,2653,28,12.44,1,125.87,Sponsored Products,Broad
2025-09-12,B0934569,SKU-0014,200,2,1.89,0,0.0,Sponsored Products,Broad
2025-09-12,B0916675,SKU-0015,2016,25,17.25,3,129.23,Sponsored Products,Phrase
2025-09-13,B0673178,SKU-0001,1015,18,9.06,1,80.01,Sponsored Brands,Phrase
2025-09-13,B0494532,SKU-0002,1954,16,8.4,1,24.28,Sponsored Products,Exact
2025-09-13,B0466098,SKU-0003,2084,18,8.89,2,34.14,Sponsored Products,Broad
2025-09-13,B0287544,SKU-0004,1607,29,23.76,1,122.01,Sponsored Products,Broad
2025-09-13,B0444234,SKU-0005,1991,31,14.03,3,269.14,Sponsored Products,Phrase
2025-09-13,B0474559,SKU-0006,1678,27,16.33,4,368.98,Sponsored Products,Broad
2025-09-13,B0760123,SKU-0007,1657,30,12.61,2,138.76,Sponsored Products,Broad
2025-09-13,B0300550,SKU-0008,2106,38,26.82,3,95.24,Sponsored Products,Exact
2025-09-13,B0565132,SKU-0009,2369,39,31.7,2,287.88,Sponsored Products,Broad
2025-09-13,B0138771,SKU-0010,1920,17,10.19,2,159.62,Sponsored Products,Exact
2025-09-13,B0165870,SKU-0011,1108,18,14.01,2,72.11,Sponsored Products,Phrase
2025-09-13,B0661462,SKU-0012,992,14,10.86,1,46.39,Sponsored Products,Broad
2025-09-13,B0241131,SKU-0013,1927,18,14.3,2,247.59,Sponsored Brands,Exact
2025-09-13,B0934569,SKU-0014,1846,20,9.28,1,98.2,Sponsored Products,Exact
2025-09-13,B0916675,SKU-0015,2109,28,15.89,3,129.49,Sponsored Products,Broad
2025-09-14,B0673178,SKU-0001,2325,26,12.13,3,234.91,Sponsored Products,Broad
2025-09-14,B0494532,SKU-0002,1584,29,23.27,2,49.75,Sponsored Brands,Broad
2025-09-14,B0466098,SKU-0003,1891,37,16.45,5,92.58,Sponsored Brands,Broad
2025-09-14,B0287544,SKU-0004,1076,13,7.83,1,112.14,Sponsored Brands,Phrase
2025-09-14,B0444234,SKU-0005,1944,24,21.43,1,97.93,Sponsored Products,Phrase
2025-09-14,B0474559,SKU-0006,1009,17,12.67,2,196.96,Sponsored Brands,Phrase
2025-09-14,B0760123,SKU-0007,1306,16,12.49,1,63.81,Sponsored Brands,Phrase
2025-09-14,B0300550,SKU-0008,1459,11,9.38,1,32.26,Sponsored Brands,Exact
2025-09-14,B0565132,SKU-0009,1427,19,7.76,1,137.66,Sponsored Products,Exact
2025-09-14,B0138771,SKU-0010,2231,21,7.48,1,84.35,Sponsored Products,Exact
2025-09-14,B0165870,SKU-0011,2106,24,18.99,1,37.83,Sponsored Brands,Broad
2025-09-14,B0661462,SKU-0012,3113,32,15.93,4,192.1,Sponsored Products,Broad
2025-09-14,B0241131,SKU-0013,1391,19,14.73,2,267.44,Sponsored Products,Broad
2025-09-14,B0934569,SKU-0014,749,7,3.51,0,0.0,Sponsored Brands,Broad
2025-09-14,B0916675,SKU-0015,1367,17,14.12,2,80.97,Sponsored Products,Broad
2025-09-15,B0673178,SKU-0001,1930,25,12.24,3,235.85,Sponsored Brands,Broad
2025-09-15,B0494532,SKU-0002,1651,23,13.38,1,24.56,Sponsored Brands,Broad
2025-09-15,B0466098,SKU-0003,1387,26,19.94,2,34.44,Sponsored Brands,Phrase
2025-09-15,B0287544,SKU-0004,1326,23,13.89,2,237.9,Sponsored Brands,Broad
2025-09-15,B0444234,SKU-0005,2063,39,22.66,3,287.94,Sponsored Products,Exact
2025-09-15,B0474559,SKU-0006,1068,14,10.6,1,99.57,Sponsored Products,Exact
2025-09-15,B0760123,SKU-0007,2231,22,11.86,2,135.79,Sponsored Brands,Broad
2025-09-15,B0300550,SKU-0008,1748,20,11.93,1,29.08,Sponsored Brands,Exact
2025-09-15,B0565132,SKU-0009,200,2,1.78,0,0.0,Sponsored Products,Exact
2025-09-15,B0138771,SKU-0010,2609,27,15.33,2,156.58,Sponsored Products,Broad
2025-09-15,B0165870,SKU-0011,1519,27,19.41,1,36.73,Sponsored Products,Phrase
2025-09-15,B0661462,SKU-0012,2496,33,30.46,2,94.25,Sponsored Products,Phrase
2025-09-15,B0241131,SKU-0013,2209,35,30.57,3,379.2,Sponsored Brands,Broad
2025-09-15,B0934569,SKU-0014,1419,27,17.31,3,299.75,Sponsored Brands,Phrase
2025-09-15,B0916675,SKU-0015,2203,39,26.55,4,177.99,Sponsored Products,Phrase
2025-09-16,B0673178,SKU-0001,2053,34,12.49,3,222.9,Sponsored Products,Broad
2025-09-16,B0494532,SKU-0002,1263,13,10.93,0,0.0,Sponsored Products,Broad
2025-09-16,B0466098,SKU-0003,2235,43,28.7,4,66.99,Sponsored Brands,Phrase
2025-09-16,B0287544,SKU-0004,1947,36,27.91,2,226.7,Sponsored Brands,Broad
2025-09-16,B0444234,SKU-0005,1887,32,27.57,2,181.66,Sponsored Products,Phrase
2025-09-16,B0474559,SKU-0006,536,10,4.67,0,0.0,Sponsored Brands,Exact
2025-09-16,B0760123,SKU-0007,2710,36,17.09,3,206.08,Sponsored Products,Exact
2025-09-16,B0300550,SKU-0008,1596,15,10.54,1,31.87,Sponsored Products,Phrase
2025-09-16,B0565132,SKU-0009,528,6,2.29,0,0.0,Sponsored Brands,Phrase
2025-09-16,B0138771,SKU-0010,1865,27,17.51,3,249.13,Sponsored Products,Exact
2025-09-16,B0165870,SKU-0011,2433,32,29.79,2,79.74,Sponsored Brands,Exact
2025-09-16,B0661462,SKU-0012,912,16,6.34,1,45.18,Sponsored Brands,Exact
2025-09-16,B0241131,SKU-0013,942,10,8.42,1,121.53,Sponsored Brands,Exact
2025-09-16,B0934569,SKU-0014,1086,12,6.29,0,0.0,Sponsored Products,Broad
2025-09-16,B0916675,SKU-0015,2687,22,12.59,1,40.29,Sponsored Products,Exact
2025-09-17,B0673178,SKU-0001,2607,33,15.23,4,291.04,Sponsored Brands,Exact
2025-09-17,B0494532,SKU-0002,989,15,7.58,1,23.89,Sponsored Brands,Phrase
2025-09-17,B0466098,SKU-0003,2173,39,35.48,5,83.25,Sponsored Products,Broad
2025-09-17,B0287544,SKU-0004,885,7,3.92,0,0.0,Sponsored Brands,Phrase
2025-09-17,B0444234,SKU-0005,1192,19,10.8,1,96.73,Sponsored Brands,Broad
2025-09-17,B0474559,SKU-0006,1999,22,18.02,1,100.23,Sponsored Brands,Phrase
2025-09-17,B0760123,SKU-0007,1745,14,8.72,1,63.66,Sponsored Products,Phrase
2025-09-17,B0300550,SKU-0008,1930,37,18.49,4,119.99,Sponsored Brands,Phrase
2025-09-17,B0565132,SKU-0009,1362,11,6.34,1,134.01,Sponsored Products,Phrase
2025-09-17,B0138771,SKU-0010,2187,18,14.06,1,82.96,Sponsored Brands,Phrase
2025-09-17,B0165870,SKU-0011,2082,21,7.77,2,71.62,Sponsored Products,Phrase
2025-09-17,B0661462,SKU-0012,1486,29,23.91,3,132.25,Sponsored Brands,Phrase
2025-09-17,B0241131,SKU-0013,2721,25,22.02,1,117.27,Sponsored Products,Phrase
2025-09-17,B0934569,SKU-0014,3583,59,27.79,3,274.51,Sponsored Brands,Broad
2025-09-17,B0916675,SKU-0015,1669,27,24.71,2,86.9,Sponsored Products,Phrase
2025-09-18,B0673178,SKU-0001,684,13,7.72,1,78.17,Sponsored Products,Broad
2025-09-18,B0494532,SKU-0002,1369,14,11.84,0,0.0,Sponsored Brands,Phrase
2025-09-18,B0466098,SKU-0003,2804,31,14.43,4,73.26,Sponsored Brands,Broad
2025-09-18,B0287544,SKU-0004,1996,26,17.45,3,342.83,Sponsored Products,Exact
2025-09-18,B0444234,SKU-0005,1224,18,9.58,2,178.1,Sponsored Products,Broad
2025-09-18,B0474559,SKU-0006,2172,31,23.02,2,179.0,Sponsored Products,Broad
2025-09-18,B0760123,SKU-0007,1774,35,28.15,2,127.47,Sponsored Products,Broad
2025-09-18,B0300550,SKU-0008,1305,16,11.82,1,28.2,Sponsored Brands,Exact
2025-09-18,B0565132,SKU-0009,1725,23,14.78,2,277.43,Sponsored Brands,Exact
2025-09-18,B0138771,SKU-0010,967,9,5.46,0,0.0,Sponsored Products,Broad
2025-09-18,B0165870,SKU-0011,1731,13,8.08,1,37.46,Sponsored Brands,Phrase
2025-09-18,B0661462,SKU-0012,1614,21,15.91,1,46.85,Sponsored Products,Phrase
2025-09-18,B0241131,SKU-0013,1917,28,23.09,4,470.37,Sponsored Products,Broad
2025-09-18,B0934569,SKU-0014,2647,28,17.7,3,282.1,Sponsored Products,Exact
2025-09-18,B0916675,SKU-0015,2179,23,16.16,2,87.11,Sponsored Brands,Phrase
2025-09-19,B0673178,SKU-0001,1961,16,10.24,2,148.13,Sponsored Products,Broad
2025-09-19,B0494532,SKU-0002,2132,25,21.45,1,23.79,Sponsored Brands,Exact
2025-09-19,B0466098,SKU-0003,2167,36,26.7,2,36.86,Sponsored Products,Broad
2025-09-19,B0287544,SKU-0004,2343,42,21.04,4,486.81,Sponsored Brands,Phrase
2025-09-19,B0444234,SKU-0005,1061,15,8.49,1,89.33,Sponsored Products,Exact
2025-09-19,B0474559,SKU-0006,2594,33,19.48,4,383.93,Sponsored Products,Phrase
2025-09-19,B0760123,SKU-0007,1649,20,16.07,1,69.29,Sponsored Brands,Exact
2025-09-19,B0300550,SKU-0008,2176,20,9.65,2,58.92,Sponsored Brands,Phrase
2025-09-19,B0565132,SKU-0009,201,3,1.93,0,0.0,Sponsored Products,Broad
2025-09-19,B0138771,SKU-0010,2050,18,15.17,2,167.58,Sponsored Brands,Phrase
2025-09-19,B0165870,SKU-0011,1164,10,5.16,1,41.27,Sponsored Products,Exact
2025-09-19,B0661462,SKU-0012,443,6,5.66,0,0.0,Sponsored Products,Phrase
2025-09-19,B0241131,SKU-0013,1493,26,16.57,2,234.3,Sponsored Products,Phrase
2025-09-19,B0934569,SKU-0014,2038,28,15.36,3,309.74,Sponsored Brands,Broad
2025-09-19,B0916675,SKU-0015,1957,30,27.04,4,159.34,Sponsored Products,Exact
2025-09-20,B0673178,SKU-0001,2696,45,29.88,2,147.79,Sponsored Products,Phrase
2025-09-20,B0494532,SKU-0002,2638,36,24.44,3,66.89,Sponsored Brands,Exact
2025-09-20,B0466098,SKU-0003,3406,50,28.68,7,122.92,Sponsored Products,Broad
2025-09-20,B0287544,SKU-0004,1769,15,5.84,1,114.21,Sponsored Products,Phrase
2025-09-20,B0444234,SKU-0005,2045,32,13.28,2,188.86,Sponsored Products,Phrase
2025-09-20,B0474559,SKU-0006,1654,27,17.54,2,183.88,Sponsored Products,Exact
2025-09-20,B0760123,SKU-0007,1142,18,7.52,1,70.85,Sponsored Products,Broad
2025-09-20,B0300550,SKU-0008,2233,23,19.99,1,27.81,Sponsored Brands,Phrase
2025-09-20,B0565132,SKU-0009,1075,19,12.51,1,143.28,Sponsored Brands,Broad
2025-09-20,B0138771,SKU-0010,2294,41,37.87,5,416.65,Sponsored Products,Phrase
2025-09-20,B0165870,SKU-0011,2011,27,17.53,1,39.83,Sponsored Products,Exact
2025-09-20,B0661462,SKU-0012,1561,31,12.24,4,186.74,Sponsored Products,Phrase
2025-09-20,B0241131,SKU-0013,3031,45,20.45,6,794.37,Sponsored Products,Exact
2025-09-20,B0934569,SKU-0014,1769,27,16.77,3,306.55,Sponsored Products,Broad
2025-09-20,B0916675,SKU-0015,3057,60,30.24,9,360.39,Sponsored Products,Exact
2025-09-21,B0673178,SKU-0001,1201,19,14.75,1,78.29,Sponsored Products,Phrase
2025-09-21,B0494532,SKU-0002,1969,26,16.99,2,43.99,Sponsored Brands,Phrase
2025-09-21,B0466098,SKU-0003,2891,49,23.41,7,121.33,Sponsored Brands,Phrase
2025-09-21,B0287544,SKU-0004,1860,36,15.2,5,537.53,Sponsored Brands,Exact
2025-09-21,B0444234,SKU-0005,1933,30,16.48,4,355.14,Sponsored Products,Broad
2025-09-21,B0474559,SKU-0006,1939,22,8.34,2,177.7,Sponsored Brands,Exact
2025-09-21,B0760123,SKU-0007,1993,39,35.81,4,274.99,Sponsored Products,Exact
2025-09-21,B0300550,SKU-0008,1763,24,20.94,1,27.83,Sponsored Products,Broad
2025-09-21,B0565132,SKU-0009,1658,15,10.93,2,251.75,Sponsored Brands,Phrase
2025-09-21,B0138771,SKU-0010,3351,34,26.17,4,338.81,Sponsored Products,Phrase
2025-09-21,B0165870,SKU-0011,1757,29,25.76,3,118.83,Sponsored Products,Exact
2025-09-21,B0661462,SKU-0012,2360,24,20.38,3,139.87,Sponsored Products,Broad
2025-09-21,B0241131,SKU-0013,951,10,7.39,1,119.4,Sponsored Brands,Phrase
2025-09-21,B0934569,SKU-0014,1305,23,9.97,3,288.09,Sponsored Brands,Phrase
2025-09-21,B0916675,SKU-0015,2445,20,8.71,2,79.41,Sponsored Products,Phrase
2025-09-22,B0673178,SKU-0001,2105,24,19.99,2,167.67,Sponsored Brands,Broad
2025-09-22,B0494532,SKU-0002,2260,39,29.63,4,95.34,Sponsored Products,Phrase
2025-09-22,B0466098,SKU-0003,2366,41,29.14,5,94.8,Sponsored Brands,Phrase
2025-09-22,B0287544,SKU-0004,2415,39,33.29,1,120.69,Sponsored Products,Broad
2025-09-22,B0444234,SKU-0005,2128,39,36.77,3,289.58,Sponsored Brands,Broad
2025-09-22,B0474559,SKU-0006,946,12,6.4,1,102.24,Sponsored Products,Broad
2025-09-22,B0760123,SKU-0007,1058,11,4.63,1,65.66,Sponsored Brands,Phrase
2025-09-22,B0300550,SKU-0008,1164,15,9.03,1,29.31,Sponsored Products,Exact
2025-09-22,B0565132,SKU-0009,895,14,10.44,0,0.0,Sponsored Products,Exact
2025-09-22,B0138771,SKU-0010,1719,18,14.22,1,77.34,Sponsored Products,Broad
2025-09-22,B0165870,SKU-0011,1374,24,10.27,2,78.39,Sponsored Brands,Phrase
2025-09-22,B0661462,SKU-0012,2046,26,21.31,2,98.04,Sponsored Brands,Exact
2025-09-22,B0241131,SKU-0013,2585,42,39.27,5,633.2,Sponsored Products,Phrase
2025-09-22,B0934569,SKU-0014,1971,28,23.63,3,297.72,Sponsored Brands,Phrase
2025-09-22,B0916675,SKU-0015,2253,44,32.32,3,130.38,Sponsored Products,Exact
2025-09-23,B0673178,SKU-0001,1340,22,17.83,1,74.92,Sponsored Products,Broad
2025-09-23,B0494532,SKU-0002,1041,19,11.76,1,24.85,Sponsored Brands,Phrase
2025-09-23,B0466098,SKU-0003,2159,18,14.39,2,33.6,Sponsored Brands,Exact
2025-09-23,B0287544,SKU-0004,1214,10,5.09,0,0.0,Sponsored Brands,Phrase
2025-09-23,B0444234,SKU-0005,1466,13,9.49,1,87.28,Sponsored Products,Broad
2025-09-23,B0474559,SKU-0006,2153,36,26.1,2,197.32,Sponsored Products,Broad
2025-09-23,B0760123,SKU-0007,2082,41,21.2,5,320.12,Sponsored Brands,Phrase
2025-09-23,B0300550,SKU-0008,1602,29,12.46,2,56.41,Sponsored Brands,Exact
2025-09-23,B0565132,SKU-0009,1060,10,4.21,0,0.0,Sponsored Brands,Exact
2025-09-23,B0138771,SKU-0010,2222,42,38.51,5,440.35,Sponsored Brands,Exact
2025-09-23,B0165870,SKU-0011,2172,30,26.94,3,107.33,Sponsored Products,Broad
2025-09-23,B0661462,SKU-0012,2900,38,29.1,2,89.17,Sponsored Products,Exact
2025-09-23,B0241131,SKU-0013,642,11,8.89,1,116.82,Sponsored Brands,Broad
2025-09-23,B0934569,SKU-0014,1628,22,18.45,1,91.02,Sponsored Products,Broad
2025-09-23,B0916675,SKU-0015,2732,36,18.6,2,88.95,Sponsored Products,Exact
2025-09-24,B0673178,SKU-0001,2344,39,15.15,5,376.86,Sponsored Brands,Exact
2025-09-24,B0494532,SKU-0002,1649,22,16.28,3,71.1,Sponsored Products,Exact
2025-09-24,B0466098,SKU-0003,2245,30,14.39,2,37.53,Sponsored Products,Phrase
2025-09-24,B0287544,SKU-0004,2684,37,28.86,3,349.71,Sponsored Products,Broad
2025-09-24,B0444234,SKU-0005,1333,12,10.16,1,84.91,Sponsored Products,Phrase
2025-09-24,B0474559,SKU-0006,1678,30,27.65,4,356.06,Sponsored Products,Phrase
2025-09-24,B0760123,SKU-0007,2064,36,27.46,2,129.6,Sponsored Brands,Phrase
2025-09-24,B0300550,SKU-0008,2393,47,34.59,3,92.87,Sponsored Products,Exact
2025-09-24,B0565132,SKU-0009,458,7,5.63,0,0.0,Sponsored Brands,Exact
2025-09-24,B0138771,SKU-0010,2700,38,29.01,2,170.18,Sponsored Brands,Broad
2025-09-24,B0165870,SKU-0011,880,15,9.5,1,36.99,Sponsored Brands,Exact
2025-09-24,B0661462,SKU-0012,1562,26,14.72,2,90.05,Sponsored Products,Phrase
2025-09-24,B0241131,SKU-0013,1818,19,9.67,2,244.62,Sponsored Products,Broad
2025-09-24,B0934569,SKU-0014,2223,19,11.74,1,90.76,Sponsored Products,Phrase
2025-09-24,B0916675,SKU-0015,1088,19,11.02,2,88.58,Sponsored Products,Phrase
2025-09-25,B0673178,SKU-0001,1124,12,8.97,1,83.14,Sponsored Products,Exact
2025-09-25,B0494532,SKU-0002,2599,22,14.17,2,46.63,Sponsored Products,Phrase
2025-09-25,B0466098,SKU-0003,2536,32,25.29,3,50.08,Sponsored Products,Phrase
2025-09-25,B0287544,SKU-0004,752,12,10.86,1,111.61,Sponsored Brands,Phrase
2025-09-25,B0444234,SKU-0005,2148,33,20.07,4,369.85,Sponsored Brands,Phrase
2025-09-25,B0474559,SKU-0006,200,3,2.09,0,0.0,Sponsored Products,Broad
2025-09-25,B0760123,SKU-0007,2421,39,36.84,4,287.81,Sponsored Brands,Exact
2025-09-25,B0300550,SKU-0008,571,10,5.53,1,31.3,Sponsored Brands,Phrase
2025-09-25,B0565132,SKU-0009,1894,26,11.53,2,265.26,Sponsored Products,Phrase
2025-09-25,B0138771,SKU-0010,1505,22,13.54,3,260.07,Sponsored Products,Phrase
2025-09-25,B0165870,SKU-0011,2411,34,28.03,3,110.17,Sponsored Brands,Exact
2025-09-25,B0661462,SKU-0012,1199,23,11.57,2,91.16,Sponsored Brands,Phrase
2025-09-25,B0241131,SKU-0013,1762,26,21.48,3,387.82,Sponsored Brands,Phrase
2025-09-25,B0934569,SKU-0014,2962,53,32.84,7,675.44,Sponsored Brands,Phrase
2025-09-25,B0916675,SKU-0015,2777,32,14.99,2,84.91,Sponsored Products,Exact
2025-09-26,B0673178,SKU-0001,1866,16,6.51,1,81.97,Sponsored Products,Phrase
2025-09-26,B0494532,SKU-0002,268,2,1.55,0,0.0,Sponsored Products,Broad
2025-09-26,B0466098,SKU-0003,1407,15,6.97,0,0.0,Sponsored Brands,Exact
2025-09-26,B0287544,SKU-0004,2695,41,20.95,4,473.99,Sponsored Products,Exact
2025-09-26,B0444234,SKU-0005,553,9,6.14,0,0.0,Sponsored Brands,Broad
2025-09-26,B0474559,SKU-0006,1544,19,15.31,1,92.15,Sponsored Brands,Exact
2025-09-26,B0760123,SKU-0007,2609,29,14.03,3,210.94,Sponsored Brands,Phrase
2025-09-26,B0300550,SKU-0008,1021,14,5.77,1,28.14,Sponsored Brands,Exact
2025-09-26,B0565132,SKU-0009,1429,18,7.09,2,255.46,Sponsored Brands,Broad
2025-09-26,B0138771,SKU-0010,2053,30,11.67,2,175.72,Sponsored Brands,Exact
2025-09-26,B0165870,SKU-0011,1770,24,14.68,2,72.55,Sponsored Brands,Exact
2025-09-26,B0661462,SKU-0012,2756,24,10.25,3,147.87,Sponsored Brands,Phrase
2025-09-26,B0241131,SKU-0013,2603,41,26.47,6,706.13,Sponsored Brands,Broad
2025-09-26,B0934569,SKU-0014,2106,40,19.85,4,358.78,Sponsored Products,Phrase
2025-09-26,B0916675,SKU-0015,2116,34,26.23,1,44.0,Sponsored Brands,Phrase
2025-09-27,B0673178,SKU-0001,1475,15,7.03,1,74.16,Sponsored Products,Exact
2025-09-27,B0494532,SKU-0002,1506,21,17.47,3,74.96,Sponsored Products,Exact
2025-09-27,B0466098,SKU-0003,1010,13,11.82,0,0.0,Sponsored Products,Broad
2025-09-27,B0287544,SKU-0004,2582,25,17.8,2,229.04,Sponsored Products,Broad
2025-09-27,B0444234,SKU-0005,1118,20,7.36,2,173.95,Sponsored Brands,Phrase
2025-09-27,B0474559,SKU-0006,2014,27,23.89,1,92.96,Sponsored Products,Exact
2025-09-27,B0760123,SKU-0007,1412,15,13.17,1,69.92,Sponsored Brands,Phrase
2025-09-27,B0300550,SKU-0008,2798,25,19.74,3,87.43,Sponsored Products,Phrase
2025-09-27,B0565132,SKU-0009,1972,25,22.41,1,140.7,Sponsored Brands,Phrase
2025-09-27,B0138771,SKU-0010,1499,21,10.79,1,82.74,Sponsored Products,Broad
2025-09-27,B0165870,SKU-0011,1790,16,11.48,0,0.0,Sponsored Brands,Broad
2025-09-27,B0661462,SKU-0012,2074,25,23.47,3,137.73,Sponsored Brands,Exact
2025-09-27,B0241131,SKU-0013,893,13,6.28,1,128.92,Sponsored Products,Phrase
2025-09-27,B0934569,SKU-0014,1842,29,10.18,4,372.07,Sponsored Products,Phrase
2025-09-27,B0916675,SKU-0015,2644,34,18.05,3,119.93,Sponsored Brands,Broad
2025-09-28,B0673178,SKU-0001,2096,19,13.82,2,150.31,Sponsored Products,Broad
2025-09-28,B0494532,SKU-0002,1959,37,33.21,2,47.29,Sponsored Products,Broad
2025-09-28,B0466098,SKU-0003,1356,16,10.06,1,18.91,Sponsored Products,Exact
2025-09-28,B0287544,SKU-0004,1805,19,7.15,1,112.62,Sponsored Products,Exact
2025-09-28,B0444234,SKU-0005,1754,24,18.68,2,180.07,Sponsored Brands,Exact
2025-09-28,B0474559,SKU-0006,1189,22,13.45,2,194.49,Sponsored Products,Exact
2025-09-28,B0760123,SKU-0007,2350,26,20.79,1,63.31,Sponsored Products,Exact
2025-09-28,B0300550,SKU-0008,3195,38,25.81,2,59.5,Sponsored Brands,Broad
2025-09-28,B0565132,SKU-0009,1012,15,12.12,1,131.35,Sponsored Products,Broad
2025-09-28,B0138771,SKU-0010,654,10,6.2,1,77.67,Sponsored Products,Exact
2025-09-28,B0165870,SKU-0011,1505,15,12.58,1,40.5,Sponsored Brands,Phrase
2025-09-28,B0661462,SKU-0012,521,7,2.74,1,43.42,Sponsored Brands,Exact
2025-09-28,B0241131,SKU-0013,931,7,5.88,0,0.0,Sponsored Products,Phrase
2025-09-28,B0934569,SKU-0014,1586,31,15.74,2,194.66,Sponsored Brands,Broad
2025-09-28,B0916675,SKU-0015,2561,24,14.9,3,123.18,Sponsored Brands,Phrase
2025-09-29,B0673178,SKU-0001,1747,17,14.05,1,74.66,Sponsored Products,Phrase
2025-09-29,B0494532,SKU-0002,1195,16,9.37,1,24.14,Sponsored Brands,Broad
2025-09-29,B0466098,SKU-0003,2898,23,18.13,1,17.63,Sponsored Products,Broad
2025-09-29,B0287544,SKU-0004,1221,22,10.43,3,361.51,Sponsored Products,Exact
2025-09-29,B0444234,SKU-0005,2371,34,18.67,1,86.95,Sponsored Brands,Phrase
2025-09-29,B0474559,SKU-0006,917,16,7.36,2,205.94,Sponsored Brands,Exact
2025-09-29,B0760123,SKU-0007,1864,23,10.74,2,133.33,Sponsored Products,Broad
2025-09-29,B0300550,SKU-0008,965,18,12.59,2,57.1,Sponsored Brands,Phrase
2025-09-29,B0565132,SKU-0009,2110,28,22.74,1,132.78,Sponsored Brands,Broad
2025-09-29,B0138771,SKU-0010,1405,15,9.58,1,85.95,Sponsored Products,Exact
2025-09-29,B0165870,SKU-0011,884,15,9.53,2,75.05,Sponsored Products,Phrase
2025-09-29,B0661462,SKU-0012,808,11,9.51,1,48.29,Sponsored Brands,Broad
2025-09-29,B0241131,SKU-0013,511,5,4.38,0,0.0,Sponsored Products,Exact
2025-09-29,B0934569,SKU-0014,2173,40,36.45,4,399.0,Sponsored Brands,Exact
2025-09-29,B0916675,SKU-0015,1644,18,16.85,1,39.97,Sponsored Brands,Broad
2025-09-30,B0673178,SKU-0001,1508,17,14.27,2,158.84,Sponsored Products,Broad
2025-09-30,B0494532,SKU-0002,2772,40,22.2,4,95.92,Sponsored Brands,Phrase
2025-09-30,B0466098,SKU-0003,1712,15,7.5,0,0.0,Sponsored Brands,Phrase
2025-09-30,B0287544,SKU-0004,1865,19,6.93,1,114.43,Sponsored Products,Exact
2025-09-30,B0444234,SKU-0005,1145,15,9.17,1,86.82,Sponsored Brands,Broad
2025-09-30,B0474559,SKU-0006,920,17,11.92,2,192.84,Sponsored Brands,Phrase
2025-09-30,B0760123,SKU-0007,1375,24,22.06,3,188.72,Sponsored Products,Phrase
2025-09-30,B0300550,SKU-0008,2644,44,17.12,5,148.45,Sponsored Brands,Exact
2025-09-30,B0565132,SKU-0009,1637,18,16.42,1,132.09,Sponsored Products,Exact
2025-09-30,B0138771,SKU-0010,484,9,4.2,0,0.0,Sponsored Brands,Broad
2025-09-30,B0165870,SKU-0011,2955,43,16.1,2,75.14,Sponsored Products,Phrase
2025-09-30,B0661462,SKU-0012,2074,17,9.39,0,0.0,Sponsored Brands,Broad
2025-09-30,B0241131,SKU-0013,2167,41,18.52,5,588.54,Sponsored Brands,Broad
2025-09-30,B0934569,SKU-0014,2596,39,23.32,6,604.89,Sponsored Brands,Exact
2025-09-30,B0916675,SKU-0015,3143,26,18.85,3,122.35,Sponsored Products,Broad
2025-10-01,B0673178,SKU-0001,1795,29,26.9,3,225.21,Sponsored Products,Phrase
2025-10-01,B0494532,SKU-0002,2633,48,26.78,3,75.51,Sponsored Brands,Exact
2025-10-01,B0466098,SKU-0003,572,7,3.27,0,0.0,Sponsored Products,Phrase
2025-10-01,B0287544,SKU-0004,1325,23,14.23,1,122.04,Sponsored Brands,Broad
2025-10-01,B0444234,SKU-0005,2799,34,17.58,3,293.5,Sponsored Products,Phrase
2025-10-01,B0474559,SKU-0006,2002,37,30.31,2,182.39,Sponsored Products,Broad
2025-10-01,B0760123,SKU-0007,1610,29,24.28,1,68.79,Sponsored Products,Broad
2025-10-01,B0300550,SKU-0008,1374,26,16.94,2,55.98,Sponsored Products,Broad
2025-10-01,B0565132,SKU-0009,1655,28,15.31,2,252.61,Sponsored Brands,Broad
2025-10-01,B0138771,SKU-0010,1565,28,24.43,4,345.59,Sponsored Brands,Exact
2025-10-01,B0165870,SKU-0011,2271,20,12.87,3,110.21,Sponsored Products,Exact
2025-10-01,B0661462,SKU-0012,871,8,4.04,1,46.46,Sponsored Brands,Phrase
2025-10-01,B0241131,SKU-0013,2023,21,17.03,1,130.38,Sponsored Products,Broad
2025-10-01,B0934569,SKU-0014,2554,34,26.28,1,94.67,Sponsored Products,Phrase
2025-10-01,B0916675,SKU-0015,2714,49,33.91,5,192.29,Sponsored Products,Phrase
2025-10-02,B0673178,SKU-0001,1223,21,12.93,3,221.34,Sponsored Products,Phrase
2025-10-02,B0494532,SKU-0002,2386,35,15.59,4,89.89,Sponsored Brands,Exact
2025-10-02,B0466098,SKU-0003,1457,28,20.89,3,55.87,Sponsored Products,Exact
2025-10-02,B0287544,SKU-0004,1639,23,21.55,2,213.33,Sponsored Brands,Phrase
2025-10-02,B0444234,SKU-0005,1597,20,15.91,1,88.9,Sponsored Brands,Exact
2025-10-02,B0474559,SKU-0006,902,9,5.09,0,0.0,Sponsored Products,Exact
2025-10-02,B0760123,SKU-0007,2721,33,26.64,3,194.65,Sponsored Products,Broad
2025-10-02,B0300550,SKU-0008,1590,31,15.75,3,87.66,Sponsored Products,Phrase
2025-10-02,B0565132,SKU-0009,2843,42,34.92,4,499.24,Sponsored Brands,Exact
2025-10-02,B0138771,SKU-0010,1132,14,7.75,2,158.71,Sponsored Brands,Broad
2025-10-02,B0165870,SKU-0011,2641,41,37.13,3,110.51,Sponsored Products,Exact
2025-10-02,B0661462,SKU-0012,2467,39,31.93,2,90.48,Sponsored Brands,Phrase
2025-10-02,B0241131,SKU-0013,2302,21,19.1,2,237.12,Sponsored Brands,Broad
2025-10-02,B0934569,SKU-0014,1738,15,6.44,1,92.1,Sponsored Products,Broad
2025-10-02,B0916675,SKU-0015,1471,26,16.15,2,76.86,Sponsored Products,Exact
2025-10-03,B0673178,SKU-0001,2196,41,34.0,5,370.57,Sponsored Brands,Phrase
2025-10-03,B0494532,SKU-0002,1691,21,12.2,2,45.74,Sponsored Brands,Broad
2025-10-03,B0466098,SKU-0003,1799,29,13.21,4,71.09,Sponsored Brands,Exact
2025-10-03,B0287544,SKU-0004,2249,43,32.6,6,648.0,Sponsored Products,Exact
2025-10-03,B0444234,SKU-0005,2710,35,25.25,2,182.62,Sponsored Products,Exact
2025-10-03,B0474559,SKU-0006,709,9,5.39,1,93.82,Sponsored Products,Broad
2025-10-03,B0760123,SKU-0007,1617,14,13.26,1,65.62,Sponsored Brands,Broad
2025-10-03,B0300550,SKU-0008,1679,24,14.64,1,30.82,Sponsored Brands,Exact
2025-10-03,B0565132,SKU-0009,1401,17,16.05,2,280.52,Sponsored Products,Exact
2025-10-03,B0138771,SKU-0010,2243,22,8.14,1,78.5,Sponsored Brands,Exact
2025-10-03,B0165870,SKU-0011,2202,30,24.47,4,148.79,Sponsored Brands,Phrase
2025-10-03,B0661462,SKU-0012,1769,26,23.83,3,138.75,Sponsored Products,Exact
2025-10-03,B0241131,SKU-0013,3311,45,19.79,6,743.03,Sponsored Brands,Exact
2025-10-03,B0934569,SKU-0014,2116,29,23.17,4,384.67,Sponsored Brands,Exact
2025-10-03,B0916675,SKU-0015,2916,30,10.76,4,166.16,Sponsored Brands,Exact
2025-10-04,B0673178,SKU-0001,3316,28,14.38,1,82.7,Sponsored Products,Exact
2025-10-04,B0494532,SKU-0002,603,8,2.82,0,0.0,Sponsored Products,Exact
2025-10-04,B0466098,SKU-0003,2485,36,27.36,4,69.48,Sponsored Products,Phrase
2025-10-04,B0287544,SKU-0004,353,6,2.35,0,0.0,Sponsored Products,Exact
2025-10-04,B0444234,SKU-0005,1740,21,18.46,2,180.46,Sponsored Brands,Broad
2025-10-04,B0474559,SKU-0006,1264,11,6.25,1,100.78,Sponsored Brands,Phrase
2025-10-04,B0760123,SKU-0007,2735,23,15.46,1,64.68,Sponsored Products,Exact
2025-10-04,B0300550,SKU-0008,2511,34,32.27,3,89.27,Sponsored Products,Exact
2025-10-04,B0565132,SKU-0009,727,12,7.81,1,132.67,Sponsored Products,Exact
2025-10-04,B0138771,SKU-0010,1920,30,16.15,3,264.35,Sponsored Brands,Exact
2025-10-04,B0165870,SKU-0011,1295,20,11.37,2,72.26,Sponsored Products,Exact
2025-10-04,B0661462,SKU-0012,1525,29,11.36,4,195.65,Sponsored Products,Exact
2025-10-04,B0241131,SKU-0013,1441,26,21.09,1,129.23,Sponsored Products,Broad
2025-10-04,B0934569,SKU-0014,1300,20,14.48,2,186.74,Sponsored Products,Phrase
2025-10-04,B0916675,SKU-0015,1307,21,12.97,2,85.67,Sponsored Products,Broad
2025-10-05,B0673178,SKU-0001,825,15,12.5,2,168.9,Sponsored Brands,Exact
2025-10-05,B0494532,SKU-0002,1539,22,13.21,1,24.24,Sponsored Brands,Broad
2025-10-05,B0466098,SKU-0003,2467,26,10.7,2,35.86,Sponsored Products,Exact
2025-10-05,B0287544,SKU-0004,1099,21,15.27,2,229.46,Sponsored Brands,Exact
2025-10-05,B0444234,SKU-0005,1027,19,17.06,1,94.35,Sponsored Brands,Broad
2025-10-05,B0474559,SKU-0006,1734,29,21.88,2,191.44,Sponsored Brands,Phrase
2025-10-05,B0760123,SKU-0007,1443,19,8.33,1,64.6,Sponsored Products,Broad
2025-10-05,B0300550,SKU-0008,1420,15,9.47,2,55.82,Sponsored Brands,Broad
2025-10-05,B0565132,SKU-0009,2254,40,31.2,5,664.68,Sponsored Brands,Broad
2025-10-05,B0138771,SKU-0010,533,10,3.96,1,84.7,Sponsored Products,Broad
2025-10-05,B0165870,SKU-0011,2113,28,16.38,3,106.99,Sponsored Brands,Phrase
2025-10-05,B0661462,SKU-0012,1576,28,24.99,3,147.78,Sponsored Products,Phrase
2025-10-05,B0241131,SKU-0013,1165,10,5.46,0,0.0,Sponsored Brands,Phrase
2025-10-05,B0934569,SKU-0014,1224,19,7.78,1,100.82,Sponsored Products,Phrase
2025-10-05,B0916675,SKU-0015,233,4,1.68,0,0.0,Sponsored Brands,Phrase
2025-10-06,B0673178,SKU-0001,1890,26,17.47,1,81.43,Sponsored Products,Exact
2025-10-06,B0494532,SKU-0002,1339,24,18.08,1,24.59,Sponsored Brands,Phrase
2025-10-06,B0466098,SKU-0003,943,16,13.39,1,18.46,Sponsored Products,Broad
2025-10-06,B0287544,SKU-0004,1272,23,20.5,2,234.58,Sponsored Products,Phrase
2025-10-06,B0444234,SKU-0005,2710,24,9.69,3,274.43,Sponsored Brands,Exact
2025-10-06,B0474559,SKU-0006,1141,16,10.21,1,98.96,Sponsored Products,Broad
2025-10-06,B0760123,SKU-0007,1760,16,7.08,1,65.78,Sponsored Brands,Phrase
2025-10-06,B0300550,SKU-0008,2142,29,25.72,2,57.28,Sponsored Products,Broad
2025-10-06,B0565132,SKU-0009,2461,40,31.56,3,406.75,Sponsored Products,Exact
2025-10-06,B0138771,SKU-0010,1838,28,18.03,2,161.99,Sponsored Brands,Exact
2025-10-06,B0165870,SKU-0011,1469,12,4.56,1,36.28,Sponsored Brands,Phrase
2025-10-06,B0661462,SKU-0012,1325,11,4.39,0,0.0,Sponsored Products,Phrase
2025-10-06,B0241131,SKU-0013,2358,36,24.48,4,496.78,Sponsored Brands,Exact
2025-10-06,B0934569,SKU-0014,2475,21,9.1,1,104.05,Sponsored Products,Exact
2025-10-06,B0916675,SKU-0015,1830,15,10.85,2,78.87,Sponsored Products,Broad
2025-10-07,B0673178,SKU-0001,2131,39,25.2,4,318.45,Sponsored Brands,Phrase
2025-10-07,B0494532,SKU-0002,1665,17,7.15,2,44.0,Sponsored Brands,Exact
2025-10-07,B0466098,SKU-0003,1190,15,8.48,2,33.24,Sponsored Brands,Exact
2025-10-07,B0287544,SKU-0004,1344,25,23.25,2,225.19,Sponsored Products,Exact
2025-10-07,B0444234,SKU-0005,1466,23,17.42,2,179.88,Sponsored Products,Broad
2025-10-07,B0474559,SKU-0006,1018,8,7.1,0,0.0,Sponsored Products,Exact
2025-10-07,B0760123,SKU-0007,2064,40,31.44,2,136.51,Sponsored Products,Phrase
2025-10-07,B0300550,SKU-0008,3043,28,20.06,2,60.61,Sponsored Products,Exact
2025-10-07,B0565132,SKU-0009,1211,12,9.15,1,125.02,Sponsored Brands,Broad
2025-10-07,B0138771,SKU-0010,722,8,5.33,0,0.0,Sponsored Brands,Exact
2025-10-07,B0165870,SKU-0011,2297,25,18.0,3,110.89,Sponsored Products,Broad
2025-10-07,B0661462,SKU-0012,2091,38,18.16,4,191.04,Sponsored Brands,Phrase
2025-10-07,B0241131,SKU-0013,1470,17,13.13,1,120.86,Sponsored Products,Exact
2025-10-07,B0934569,SKU-0014,1659,27,20.14,4,358.74,Sponsored Brands,Exact
2025-10-07,B0916675,SKU-0015,1769,18,12.12,1,38.87,Sponsored Products,Broad
2025-10-08,B0673178,SKU-0001,1281,19,17.4,0,0.0,Sponsored Products,Exact
2025-10-08,B0494532,SKU-0002,1248,24,9.43,3,71.02,Sponsored Brands,Exact
2025-10-08,B0466098,SKU-0003,2096,26,17.57,1,16.6,Sponsored Products,Phrase
2025-10-08,B0287544,SKU-0004,1249,13,5.42,1,112.22,Sponsored Brands,Exact
2025-10-08,B0444234,SKU-0005,2289,44,29.06,5,479.75,Sponsored Brands,Broad
2025-10-08,B0474559,SKU-0006,1083,10,6.58,1,94.16,Sponsored Products,Exact
2025-10-08,B0760123,SKU-0007,900,13,6.81,0,0.0,Sponsored Brands,Exact
2025-10-08,B0300550,SKU-0008,1804,26,21.57,3,89.43,Sponsored Products,Exact
2025-10-08,B0565132,SKU-0009,1799,16,12.56,1,127.31,Sponsored Products,Broad
2025-10-08,B0138771,SKU-0010,1137,10,5.57,0,0.0,Sponsored Products,Broad
2025-10-08,B0165870,SKU-0011,2918,45,24.72,4,162.61,Sponsored Brands,Broad
2025-10-08,B0661462,SKU-0012,1612,28,23.52,4,175.34,Sponsored Products,Broad
2025-10-08,B0241131,SKU-0013,1136,14,8.88,1,128.11,Sponsored Brands,Broad
2025-10-08,B0934569,SKU-0014,1960,33,28.23,2,203.14,Sponsored Brands,Exact
2025-10-08,B0916675,SKU-0015,2236,29,23.01,2,83.53,Sponsored Products,Phrase
2025-10-09,B0673178,SKU-0001,1881,23,17.97,3,221.11,Sponsored Products,Phrase
2025-10-09,B0494532,SKU-0002,2232,26,10.4,2,44.82,Sponsored Products,Broad
2025-10-09,B0466098,SKU-0003,1741,27,14.47,1,17.78,Sponsored Brands,Exact
2025-10-09,B0287544,SKU-0004,1850,16,10.87,1,106.19,Sponsored Products,Broad
2025-10-09,B0444234,SKU-0005,1568,24,13.83,1,85.3,Sponsored Brands,Phrase
2025-10-09,B0474559,SKU-0006,2489,23,14.71,1,102.58,Sponsored Brands,Broad
2025-10-09,B0760123,SKU-0007,2570,31,12.83,3,205.23,Sponsored Brands,Exact
2025-10-09,B0300550,SKU-0008,1469,22,12.38,2,60.91,Sponsored Products,Exact
2025-10-09,B0565132,SKU-0009,1722,14,7.28,1,135.42,Sponsored Brands,Exact
2025-10-09,B0138771,SKU-0010,1955,28,14.81,4,353.29,Sponsored Products,Broad
2025-10-09,B0165870,SKU-0011,2269,41,31.15,3,110.52,Sponsored Products,Exact
2025-10-09,B0661462,SKU-0012,2050,38,19.54,3,141.34,Sponsored Brands,Phrase
2025-10-09,B0241131,SKU-0013,2580,28,11.76,1,128.92,Sponsored Brands,Exact
2025-10-09,B0934569,SKU-0014,1642,29,10.23,2,195.63,Sponsored Brands,Phrase
2025-10-09,B0916675,SKU-0015,1469,27,15.48,4,173.12,Sponsored Products,Phrase
2025-10-10,B0673178,SKU-0001,1303,17,9.21,1,73.71,Sponsored Brands,Exact
2025-10-10,B0494532,SKU-0002,1854,22,18.3,1,24.37,Sponsored Brands,Phrase
2025-10-10,B0466098,SKU-0003,1311,23,11.86,2,35.06,Sponsored Brands,Broad
2025-10-10,B0287544,SKU-0004,1432,24,18.86,3,330.09,Sponsored Brands,Phrase
2025-10-10,B0444234,SKU-0005,1987,29,23.44,4,344.47,Sponsored Brands,Broad
2025-10-10,B0474559,SKU-0006,1153,21,19.58,3,298.53,Sponsored Brands,Exact
2025-10-10,B0760123,SKU-0007,1877,37,25.24,3,198.61,Sponsored Products,Broad
2025-10-10,B0300550,SKU-0008,2252,25,10.46,3,85.33,Sponsored Brands,Exact
2025-10-10,B0565132,SKU-0009,1451,17,12.5,1,140.72,Sponsored Products,Exact
2025-10-10,B0138771,SKU-0010,1394,13,11.91,1,77.3,Sponsored Products,Exact
2025-10-10,B0165870,SKU-0011,1434,20,15.83,1,39.27,Sponsored Products,Broad
2025-10-10,B0661462,SKU-0012,3050,33,24.25,2,92.44,Sponsored Brands,Exact
2025-10-10,B0241131,SKU-0013,2095,20,18.61,2,242.45,Sponsored Products,Exact
2025-10-10,B0934569,SKU-0014,2374,33,11.79,4,385.38,Sponsored Products,Broad
2025-10-10,B0916675,SKU-0015,358,3,1.63,0,0.0,Sponsored Products,Exact
2025-10-11,B0673178,SKU-0001,200,1,0.42,0,0.0,Sponsored Products,Exact
2025-10-11,B0494532,SKU-0002,1619,16,7.04,0,0.0,Sponsored Products,Exact
2025-10-11,B0466098,SKU-0003,2491,41,25.75,4,67.79,Sponsored Products,Broad
2025-10-11,B0287544,SKU-0004,2510,43,21.24,2,229.61,Sponsored Brands,Broad
2025-10-11,B0444234,SKU-0005,1057,15,11.33,1,91.26,Sponsored Products,Phrase
2025-10-11,B0474559,SKU-0006,2135,28,19.27,2,182.47,Sponsored Products,Broad
2025-10-11,B0760123,SKU-0007,1630,25,15.5,3,209.53,Sponsored Products,Phrase
2025-10-11,B0300550,SKU-0008,2622,33,17.96,4,117.98,Sponsored Brands,Phrase
2025-10-11,B0565132,SKU-0009,1744,22,9.07,1,142.87,Sponsored Brands,Exact
2025-10-11,B0138771,SKU-0010,1242,10,4.19,1,87.95,Sponsored Brands,Exact
2025-10-11,B0165870,SKU-0011,2188,37,18.54,2,78.36,Sponsored Brands,Phrase
2025-10-11,B0661462,SKU-0012,2426,28,22.36,4,177.37,Sponsored Products,Broad
2025-10-11,B0241131,SKU-0013,3348,46,39.39,3,351.02,Sponsored Brands,Phrase
2025-10-11,B0934569,SKU-0014,1906,29,22.25,1,98.71,Sponsored Products,Broad
2025-10-11,B0916675,SKU-0015,2006,22,8.81,1,39.04,Sponsored Brands,Broad
2025-10-12,B0673178,SKU-0001,1778,32,14.29,3,247.86,Sponsored Brands,Broad
2025-10-12,B0494532,SKU-0002,1686,16,6.37,1,21.93,Sponsored Brands,Phrase
2025-10-12,B0466098,SKU-0003,3013,42,24.88,5,90.31,Sponsored Brands,Exact
2025-10-12,B0287544,SKU-0004,1832,26,9.25,2,213.81,Sponsored Brands,Exact
2025-10-12,B0444234,SKU-0005,1829,17,6.3,2,182.68,Sponsored Products,Exact
2025-10-12,B0474559,SKU-0006,2395,31,15.57,3,295.06,Sponsored Products,Broad
2025-10-12,B0760123,SKU-0007,1432,12,5.74,1,63.32,Sponsored Products,Exact
2025-10-12,B0300550,SKU-0008,1796,24,11.19,1,31.98,Sponsored Products,Broad
2025-10-12,B0565132,SKU-0009,1624,16,13.26,1,131.26,Sponsored Products,Broad
2025-10-12,B0138771,SKU-0010,2765,24,9.94,3,245.36,Sponsored Products,Broad
2025-10-12,B0165870,SKU-0011,2024,26,15.03,3,111.62,Sponsored Brands,Broad
2025-10-12,B0661462,SKU-0012,2636,30,24.02,3,128.82,Sponsored Products,Broad
2025-10-12,B0241131,SKU-0013,2992,47,31.39,7,933.08,Sponsored Products,Broad
2025-10-12,B0934569,SKU-0014,890,7,2.86,0,0.0,Sponsored Products,Exact
2025-10-12,B0916675,SKU-0015,1947,24,10.62,2,80.97,Sponsored Products,Phrase
2025-10-13,B0673178,SKU-0001,1321,12,5.78,0,0.0,Sponsored Products,Broad
2025-10-13,B0494532,SKU-0002,1868,30,19.55,1,22.85,Sponsored Brands,Broad
2025-10-13,B0466098,SKU-0003,1394,17,7.28,2,33.04,Sponsored Brands,Broad
2025-10-13,B0287544,SKU-0004,2120,26,17.34,3,324.78,Sponsored Products,Phrase
2025-10-13,B0444234,SKU-0005,1631,13,11.36,1,97.24,Sponsored Products,Phrase
2025-10-13,B0474559,SKU-0006,2660,40,20.04,3,303.24,Sponsored Brands,Exact
2025-10-13,B0760123,SKU-0007,200,2,1.31,0,0.0,Sponsored Products,Exact
2025-10-13,B0300550,SKU-0008,1655,28,18.16,2,61.09,Sponsored Brands,Exact
2025-10-13,B0565132,SKU-0009,2520,40,34.34,2,254.6,Sponsored Brands,Phrase
2025-10-13,B0138771,SKU-0010,1915,15,9.42,2,167.95,Sponsored Brands,Broad
2025-10-13,B0165870,SKU-0011,2046,19,14.34,2,78.91,Sponsored Products,Phrase
2025-10-13,B0661462,SKU-0012,2188,31,14.98,2,85.25,Sponsored Products,Broad
2025-10-13,B0241131,SKU-0013,2638,34,12.42,5,645.0,Sponsored Brands,Exact
2025-10-13,B0934569,SKU-0014,2995,43,32.26,5,483.42,Sponsored Products,Broad
2025-10-13,B0916675,SKU-0015,2939,47,28.42,2,81.41,Sponsored Products,Exact
2025-10-14,B0673178,SKU-0001,1910,26,10.83,2,150.76,Sponsored Brands,Broad
2025-10-14,B0494532,SKU-0002,937,15,10.1,1,21.89,Sponsored Products,Broad
2025-10-14,B0466098,SKU-0003,1970,38,32.26,5,92.63,Sponsored Brands,Phrase
2025-10-14,B0287544,SKU-0004,2533,48,44.59,5,591.79,Sponsored Brands,Broad
2025-10-14,B0444234,SKU-0005,1921,22,16.61,2,191.28,Sponsored Products,Broad
2025-10-14,B0474559,SKU-0006,801,9,8.06,0,0.0,Sponsored Brands,Exact
2025-10-14,B0760123,SKU-0007,2138,32,28.46,2,139.99,Sponsored Brands,Broad
2025-10-14,B0300550,SKU-0008,2463,25,14.09,3,90.45,Sponsored Products,Phrase
2025-10-14,B0565132,SKU-0009,2455,24,19.93,3,389.12,Sponsored Brands,Broad
2025-10-14,B0138771,SKU-0010,2201,27,16.4,4,309.84,Sponsored Brands,Exact
2025-10-14,B0165870,SKU-0011,1628,15,13.8,2,76.97,Sponsored Brands,Broad
2025-10-14,B0661462,SKU-0012,1485,21,15.72,3,129.07,Sponsored Products,Exact
2025-10-14,B0241131,SKU-0013,2240,33,16.74,3,403.94,Sponsored Products,Exact
2025-10-14,B0934569,SKU-0014,1811,23,18.63,1,97.27,Sponsored Products,Broad
2025-10-14,B0916675,SKU-0015,1953,21,12.4,3,121.86,Sponsored Products,Phrase
2025-10-15,B0673178,SKU-0001,2237,19,11.71,1,79.49,Sponsored Brands,Broad
2025-10-15,B0494532,SKU-0002,1713,14,8.91,1,25.16,Sponsored Brands,Broad
2025-10-15,B0466098,SKU-0003,2486,28,14.96,4,68.32,Sponsored Products,Phrase
2025-10-15,B0287544,SKU-0004,574,9,8.02,0,0.0,Sponsored Brands,Phrase
2025-10-15,B0444234,SKU-0005,2221,41,23.24,2,183.73,Sponsored Brands,Broad
2025-10-15,B0474559,SKU-0006,1109,15,10.4,2,201.88,Sponsored Brands,Exact
2025-10-15,B0760123,SKU-0007,2699,49,19.8,5,360.17,Sponsored Brands,Exact
2025-10-15,B0300550,SKU-0008,1641,19,10.62,1,29.37,Sponsored Brands,Exact
2025-10-15,B0565132,SKU-0009,1195,15,8.39,1,133.32,Sponsored Brands,Broad
2025-10-15,B0138771,SKU-0010,2687,26,22.25,3,264.61,Sponsored Brands,Exact
2025-10-15,B0165870,SKU-0011,1651,24,10.12,2,71.82,Sponsored Brands,Phrase
2025-10-15,B0661462,SKU-0012,1596,28,10.05,2,91.86,Sponsored Brands,Exact
2025-10-15,B0241131,SKU-0013,2302,24,9.41,3,402.66,Sponsored Products,Broad
2025-10-15,B0934569,SKU-0014,2207,37,13.76,2,208.42,Sponsored Brands,Phrase
2025-10-15,B0916675,SKU-0015,1731,19,15.14,2,85.18,Sponsored Brands,Broad
2025-10-16,B0673178,SKU-0001,2240,31,27.62,2,146.46,Sponsored Brands,Broad
2025-10-16,B0494532,SKU-0002,1568,16,5.63,2,44.83,Sponsored Products,Broad
2025-10-16,B0466098,SKU-0003,1577,30,27.67,3,52.83,Sponsored Brands,Phrase
2025-10-16,B0287544,SKU-0004,2514,41,36.61,6,669.86,Sponsored Products,Broad
2025-10-16,B0444234,SKU-0005,1107,15,9.57,2,193.64,Sponsored Products,Broad
2025-10-16,B0474559,SKU-0006,1887,29,23.46,2,181.75,Sponsored Products,Exact
2025-10-16,B0760123,SKU-0007,2629,45,18.12,2,139.05,Sponsored Brands,Phrase
2025-10-16,B0300550,SKU-0008,1340,17,13.57,2,60.32,Sponsored Brands,Phrase
2025-10-16,B0565132,SKU-0009,2024,40,28.65,4,540.85,Sponsored Brands,Exact
2025-10-16,B0138771,SKU-0010,1611,31,17.55,1,86.56,Sponsored Brands,Phrase
2025-10-16,B0165870,SKU-0011,2357,36,29.38,5,200.65,Sponsored Products,Phrase
2025-10-16,B0661462,SKU-0012,681,8,7.42,0,0.0,Sponsored Products,Phrase
2025-10-16,B0241131,SKU-0013,762,12,7.22,1,121.59,Sponsored Brands,Broad
2025-10-16,B0934569,SKU-0014,2421,48,27.6,7,725.43,Sponsored Brands,Broad
2025-10-16,B0916675,SKU-0015,2005,17,15.97,1,40.84,Sponsored Products,Broad
2025-10-17,B0673178,SKU-0001,2111,29,11.41,3,229.0,Sponsored Brands,Broad
2025-10-17,B0494532,SKU-0002,917,9,7.79,0,0.0,Sponsored Brands,Exact
2025-10-17,B0466098,SKU-0003,2266,37,17.47,3,52.57,Sponsored Brands,Phrase
2025-10-17,B0287544,SKU-0004,3127,51,35.24,7,784.03,Sponsored Brands,Broad
2025-10-17,B0444234,SKU-0005,1699,17,11.53,2,188.65,Sponsored Products,Exact
2025-10-17,B0474559,SKU-0006,1814,16,8.78,2,179.77,Sponsored Brands,Broad
2025-10-17,B0760123,SKU-0007,1990,36,22.57,3,196.8,Sponsored Brands,Broad
2025-10-17,B0300550,SKU-0008,3698,65,32.31,5,146.66,Sponsored Products,Phrase
2025-10-17,B0565132,SKU-0009,1641,15,10.58,1,125.01,Sponsored Products,Broad
2025-10-17,B0138771,SKU-0010,2410,41,37.09,5,417.53,Sponsored Brands,Broad
2025-10-17,B0165870,SKU-0011,1488,27,18.89,1,38.45,Sponsored Products,Phrase
2025-10-17,B0661462,SKU-0012,2158,24,12.23,3,135.29,Sponsored Brands,Phrase
2025-10-17,B0241131,SKU-0013,1545,12,7.73,1,118.53,Sponsored Brands,Phrase
2025-10-17,B0934569,SKU-0014,1097,12,8.88,0,0.0,Sponsored Products,Exact
2025-10-17,B0916675,SKU-0015,694,8,6.31,0,0.0,Sponsored Brands,Phrase
2025-10-18,B0673178,SKU-0001,2289,32,19.99,2,163.16,Sponsored Products,Broad
2025-10-18,B0494532,SKU-0002,2942,47,33.68,2,45.41,Sponsored Brands,Phrase
2025-10-18,B0466098,SKU-0003,1417,14,8.2,1,17.18,Sponsored Products,Broad
2025-10-18,B0287544,SKU-0004,2582,43,25.48,5,584.26,Sponsored Products,Exact
2025-10-18,B0444234,SKU-0005,1432,23,14.8,2,174.18,Sponsored Products,Phrase
2025-10-18,B0474559,SKU-0006,2290,40,34.5,4,412.65,Sponsored Products,Broad
2025-10-18,B0760123,SKU-0007,2786,44,33.19,4,273.05,Sponsored Products,Broad
2025-10-18,B0300550,SKU-0008,2162,36,29.12,3,92.38,Sponsored Products,Exact
2025-10-18,B0565132,SKU-0009,2989,44,35.57,4,507.53,Sponsored Brands,Exact
2025-10-18,B0138771,SKU-0010,2207,34,25.76,4,316.73,Sponsored Brands,Broad
2025-10-18,B0165870,SKU-0011,2534,47,24.92,2,73.65,Sponsored Products,Phrase
2025-10-18,B0661462,SKU-0012,1338,16,11.6,1,48.43,Sponsored Products,Exact
2025-10-18,B0241131,SKU-0013,1485,25,13.0,2,251.88,Sponsored Products,Exact
2025-10-18,B0934569,SKU-0014,1873,34,29.33,3,307.88,Sponsored Products,Phrase
2025-10-18,B0916675,SKU-0015,1411,17,12.86,1,38.96,Sponsored Products,Phrase
2025-10-19,B0673178,SKU-0001,578,10,4.81,0,0.0,Sponsored Products,Broad
2025-10-19,B0494532,SKU-0002,1805,31,27.97,4,101.49,Sponsored Products,Phrase
2025-10-19,B0466098,SKU-0003,2094,34,31.31,2,36.09,Sponsored Brands,Phrase
2025-10-19,B0287544,SKU-0004,2328,31,25.18,3,353.57,Sponsored Products,Exact
2025-10-19,B0444234,SKU-0005,1532,24,10.05,3,270.39,Sponsored Products,Exact
2025-10-19,B0474559,SKU-0006,3246,30,21.84,4,403.3,Sponsored Products,Exact
2025-10-19,B0760123,SKU-0007,2225,31,17.58,4,277.03,Sponsored Products,Exact
2025-10-19,B0300550,SKU-0008,2116,40,16.47,3,89.94,Sponsored Products,Phrase
2025-10-19,B0565132,SKU-0009,2451,35,20.02,3,387.83,Sponsored Products,Exact
2025-10-19,B0138771,SKU-0010,1360,22,8.07,1,78.87,Sponsored Brands,Exact
2025-10-19,B0165870,SKU-0011,579,10,4.46,0,0.0,Sponsored Products,Exact
2025-10-19,B0661462,SKU-0012,2787,29,22.77,3,140.0,Sponsored Products,Exact
2025-10-19,B0241131,SKU-0013,1424,13,8.99,1,130.28,Sponsored Brands,Broad
2025-10-19,B0934569,SKU-0014,2236,27,9.92,2,183.34,Sponsored Brands,Broad
2025-10-19,B0916675,SKU-0015,1821,18,6.79,1,39.91,Sponsored Brands,Phrase
2025-10-20,B0673178,SKU-0001,1672,31,16.9,3,247.8,Sponsored Products,Broad
2025-10-20,B0494532,SKU-0002,2178,24,17.66,2,45.66,Sponsored Products,Phrase
2025-10-20,B0466098,SKU-0003,1204,13,7.66,1,17.85,Sponsored Brands,Phrase
2025-10-20,B0287544,SKU-0004,2353,30,14.71,3,335.05,Sponsored Brands,Exact
2025-10-20,B0444234,SKU-0005,1220,18,8.16,1,85.31,Sponsored Brands,Broad
2025-10-20,B0474559,SKU-0006,1892,30,12.52,4,410.34,Sponsored Brands,Broad
2025-10-20,B0760123,SKU-0007,1842,16,9.72,1,66.53,Sponsored Brands,Phrase
2025-10-20,B0300550,SKU-0008,1037,20,11.83,2,62.73,Sponsored Brands,Broad
2025-10-20,B0565132,SKU-0009,1900,34,30.58,1,132.53,Sponsored Products,Broad
2025-10-20,B0138771,SKU-0010,1698,25,10.69,2,162.81,Sponsored Brands,Exact
2025-10-20,B0165870,SKU-0011,1324,15,5.7,1,35.91,Sponsored Products,Phrase
2025-10-20,B0661462,SKU-0012,1560,29,22.06,2,92.45,Sponsored Brands,Broad
2025-10-20,B0241131,SKU-0013,2660,23,13.97,1,131.57,Sponsored Brands,Phrase
2025-10-20,B0934569,SKU-0014,2555,43,39.15,5,482.39,Sponsored Brands,Broad
2025-10-20,B0916675,SKU-0015,1500,21,17.32,1,40.05,Sponsored Brands,Phrase
2025-10-21,B0673178,SKU-0001,2204,38,17.71,5,366.7,Sponsored Brands,Exact
2025-10-21,B0494532,SKU-0002,1698,19,9.04,1,24.81,Sponsored Brands,Phrase
2025-10-21,B0466098,SKU-0003,1419,18,7.28,1,18.35,Sponsored Products,Phrase
2025-10-21,B0287544,SKU-0004,1933,17,9.29,1,111.35,Sponsored Brands,Broad
2025-10-21,B0444234,SKU-0005,1468,15,7.7,0,0.0,Sponsored Brands,Broad
2025-10-21,B0474559,SKU-0006,2382,34,29.74,5,491.67,Sponsored Products,Broad
2025-10-21,B0760123,SKU-0007,2259,20,17.75,1,69.15,Sponsored Brands,Exact
2025-10-21,B0300550,SKU-0008,766,9,3.67,0,0.0,Sponsored Products,Phrase
2025-10-21,B0565132,SKU-0009,2167,23,16.66,1,131.08,Sponsored Products,Broad
2025-10-21,B0138771,SKU-0010,2272,21,11.01,2,172.11,Sponsored Brands,Exact
2025-10-21,B0165870,SKU-0011,2058,36,27.99,5,205.85,Sponsored Brands,Phrase
2025-10-21,B0661462,SKU-0012,200,3,2.47,0,0.0,Sponsored Products,Exact
2025-10-21,B0241131,SKU-0013,1979,36,25.73,3,362.86,Sponsored Products,Phrase
2025-10-21,B0934569,SKU-0014,1665,27,12.52,3,293.59,Sponsored Products,Broad
2025-10-21,B0916675,SKU-0015,2019,27,24.15,1,40.21,Sponsored Brands,Exact
2025-10-22,B0673178,SKU-0001,2229,23,19.93,3,236.45,Sponsored Brands,Broad
2025-10-22,B0494532,SKU-0002,2733,49,32.76,5,111.33,Sponsored Products,Exact
2025-10-22,B0466098,SKU-0003,2003,34,30.13,3,55.35,Sponsored Products,Phrase
2025-10-22,B0287544,SKU-0004,2320,36,34.12,5,529.37,Sponsored Brands,Exact
2025-10-22,B0444234,SKU-0005,1997,19,7.21,2,169.79,Sponsored Products,Exact
2025-10-22,B0474559,SKU-0006,3080,52,39.02,7,623.32,Sponsored Brands,Phrase
2025-10-22,B0760123,SKU-0007,2166,36,20.96,5,345.65,Sponsored Products,Exact
2025-10-22,B0300550,SKU-0008,1317,16,12.62,1,28.67,Sponsored Brands,Broad
2025-10-22,B0565132,SKU-0009,2027,38,31.34,5,637.73,Sponsored Brands,Exact
2025-10-22,B0138771,SKU-0010,1576,22,17.31,3,237.35,Sponsored Brands,Broad
2025-10-22,B0165870,SKU-0011,2220,34,19.93,4,145.76,Sponsored Brands,Broad
2025-10-22,B0661462,SKU-0012,2315,43,22.95,6,295.51,Sponsored Products,Phrase
2025-10-22,B0241131,SKU-0013,1526,15,9.39,2,263.73,Sponsored Brands,Broad
2025-10-22,B0934569,SKU-0014,2730,53,41.74,8,717.76,Sponsored Brands,Phrase
2025-10-22,B0916675,SKU-0015,1351,17,8.81,1,42.5,Sponsored Brands,Broad
2025-10-23,B0673178,SKU-0001,2244,24,10.35,2,149.88,Sponsored Brands,Phrase
2025-10-23,B0494532,SKU-0002,1936,37,19.96,4,96.28,Sponsored Products,Exact
2025-10-23,B0466098,SKU-0003,1234,17,10.58,1,18.7,Sponsored Products,Broad
2025-10-23,B0287544,SKU-0004,1578,23,9.42,1,117.98,Sponsored Brands,Broad
2025-10-23,B0444234,SKU-0005,2022,23,12.26,2,177.97,Sponsored Brands,Phrase
2025-10-23,B0474559,SKU-0006,2205,18,8.06,2,183.08,Sponsored Products,Phrase
2025-10-23,B0760123,SKU-0007,2102,27,19.32,2,133.44,Sponsored Products,Phrase
2025-10-23,B0300550,SKU-0008,2118,25,13.8,3,86.95,Sponsored Products,Phrase
2025-10-23,B0565132,SKU-0009,2326,24,8.62,2,287.95,Sponsored Brands,Phrase
2025-10-23,B0138771,SKU-0010,1627,28,10.29,2,160.77,Sponsored Brands,Phrase
2025-10-23,B0165870,SKU-0011,2298,42,33.07,5,202.1,Sponsored Brands,Phrase
2025-10-23,B0661462,SKU-0012,1882,26,13.28,3,139.99,Sponsored Brands,Exact
2025-10-23,B0241131,SKU-0013,2406,25,15.46,1,133.01,Sponsored Brands,Phrase
2025-10-23,B0934569,SKU-0014,1647,29,23.92,3,269.02,Sponsored Brands,Exact
2025-10-23,B0916675,SKU-0015,2742,32,15.3,2,83.31,Sponsored Brands,Exact
2025-10-24,B0673178,SKU-0001,1720,33,14.01,2,165.13,Sponsored Brands,Broad
2025-10-24,B0494532,SKU-0002,881,14,8.78,1,22.33,Sponsored Brands,Exact
2025-10-24,B0466098,SKU-0003,2233,34,12.29,3,49.48,Sponsored Brands,Exact
2025-10-24,B0287544,SKU-0004,2004,37,22.7,5,545.56,Sponsored Products,Broad
2025-10-24,B0444234,SKU-0005,1659,14,7.22,1,94.23,Sponsored Products,Phrase
2025-10-24,B0474559,SKU-0006,1024,11,5.22,1,101.34,Sponsored Brands,Exact
2025-10-24,B0760123,SKU-0007,2368,32,22.76,3,216.77,Sponsored Products,Broad
2025-10-24,B0300550,SKU-0008,1573,18,9.25,2,62.23,Sponsored Products,Phrase
2025-10-24,B0565132,SKU-0009,2541,38,29.89,3,416.18,Sponsored Brands,Broad
2025-10-24,B0138771,SKU-0010,1332,23,8.65,2,154.52,Sponsored Products,Broad
2025-10-24,B0165870,SKU-0011,852,10,5.58,1,38.61,Sponsored Products,Phrase
2025-10-24,B0661462,SKU-0012,922,12,5.08,1,44.23,Sponsored Products,Phrase
2025-10-24,B0241131,SKU-0013,2307,26,15.17,2,257.27,Sponsored Brands,Exact
2025-10-24,B0934569,SKU-0014,1296,19,17.68,1,92.99,Sponsored Products,Broad
2025-10-24,B0916675,SKU-0015,2588,35,29.29,4,177.48,Sponsored Products,Phrase
2025-10-25,B0673178,SKU-0001,2504,39,36.81,2,159.06,Sponsored Brands,Phrase
2025-10-25,B0494532,SKU-0002,1752,21,16.39,3,71.71,Sponsored Brands,Broad
2025-10-25,B0466098,SKU-0003,1795,24,9.96,2,35.3,Sponsored Brands,Phrase
2025-10-25,B0287544,SKU-0004,2892,55,31.82,6,665.6,Sponsored Brands,Broad
2025-10-25,B0444234,SKU-0005,1648,32,25.04,3,273.59,Sponsored Brands,Phrase
2025-10-25,B0474559,SKU-0006,2689,30,24.19,1,95.61,Sponsored Brands,Broad
2025-10-25,B0760123,SKU-0007,1400,24,10.97,3,209.44,Sponsored Products,Broad
2025-10-25,B0300550,SKU-0008,1876,25,14.7,1,30.13,Sponsored Brands,Exact
2025-10-25,B0565132,SKU-0009,2187,41,31.27,5,696.28,Sponsored Brands,Broad
2025-10-25,B0138771,SKU-0010,2542,43,23.48,4,331.05,Sponsored Products,Phrase
2025-10-25,B0165870,SKU-0011,1613,16,6.42,1,39.82,Sponsored Products,Broad
2025-10-25,B0661462,SKU-0012,2077,17,13.73,1,45.65,Sponsored Products,Broad
2025-10-25,B0241131,SKU-0013,1769,21,15.66,1,131.47,Sponsored Brands,Broad
2025-10-25,B0934569,SKU-0014,2910,29,15.97,2,201.03,Sponsored Products,Exact
2025-10-25,B0916675,SKU-0015,412,4,2.82,0,0.0,Sponsored Products,Broad
2025-10-26,B0673178,SKU-0001,1909,26,23.44,2,161.81,Sponsored Products,Phrase
2025-10-26,B0494532,SKU-0002,2213,37,24.76,4,89.17,Sponsored Products,Broad
2025-10-26,B0466098,SKU-0003,1924,35,18.21,4,71.66,Sponsored Products,Phrase
2025-10-26,B0287544,SKU-0004,2031,27,17.43,2,221.3,Sponsored Brands,Exact
2025-10-26,B0444234,SKU-0005,2391,41,16.38,4,348.0,Sponsored Brands,Broad
2025-10-26,B0474559,SKU-0006,3448,45,22.44,4,412.31,Sponsored Products,Exact
2025-10-26,B0760123,SKU-0007,2700,53,47.99,6,435.88,Sponsored Brands,Exact
2025-10-26,B0300550,SKU-0008,1092,16,7.07,2,58.41,Sponsored Brands,Phrase
2025-10-26,B0565132,SKU-0009,986,17,6.19,2,280.72,Sponsored Products,Exact
2025-10-26,B0138771,SKU-0010,1553,17,7.77,1,85.62,Sponsored Products,Broad
2025-10-26,B0165870,SKU-0011,1971,20,18.01,2,81.19,Sponsored Brands,Phrase
2025-10-26,B0661462,SKU-0012,2220,18,11.3,2,85.9,Sponsored Brands,Phrase
2025-10-26,B0241131,SKU-0013,1947,37,30.36,4,488.07,Sponsored Products,Broad
2025-10-26,B0934569,SKU-0014,2471,42,32.34,5,498.28,Sponsored Products,Exact
2025-10-26,B0916675,SKU-0015,2832,54,40.12,4,155.37,Sponsored Brands,Exact
2025-10-27,B0673178,SKU-0001,2565,23,13.11,2,161.64,Sponsored Brands,Phrase
2025-10-27,B0494532,SKU-0002,1650,19,11.3,2,45.9,Sponsored Products,Phrase
2025-10-27,B0466098,SKU-0003,1810,15,10.24,2,37.66,Sponsored Brands,Broad
2025-10-27,B0287544,SKU-0004,2451,28,22.61,2,222.97,Sponsored Brands,Phrase
2025-10-27,B0444234,SKU-0005,314,3,2.2,0,0.0,Sponsored Products,Phrase
2025-10-27,B0474559,SKU-0006,1257,17,12.85,2,178.11,Sponsored Products,Exact
2025-10-27,B0760123,SKU-0007,2310,38,25.76,3,207.64,Sponsored Brands,Phrase
2025-10-27,B0300550,SKU-0008,1111,18,15.13,1,31.2,Sponsored Brands,Phrase
2025-10-27,B0565132,SKU-0009,1389,12,6.81,1,141.82,Sponsored Products,Exact
2025-10-27,B0138771,SKU-0010,860,12,9.39,1,86.47,Sponsored Products,Broad
2025-10-27,B0165870,SKU-0011,1245,11,9.5,1,41.13,Sponsored Brands,Phrase
2025-10-27,B0661462,SKU-0012,1317,20,12.54,1,47.07,Sponsored Products,Exact
2025-10-27,B0241131,SKU-0013,1262,12,10.43,1,129.03,Sponsored Brands,Broad
2025-10-27,B0934569,SKU-0014,2509,28,20.18,3,282.24,Sponsored Brands,Exact
2025-10-27,B0916675,SKU-0015,1342,23,15.58,1,40.48,Sponsored Brands,Exact
2025-10-28,B0673178,SKU-0001,1094,14,12.33,2,158.05,Sponsored Products,Phrase
2025-10-28,B0494532,SKU-0002,2262,35,19.6,4,91.39,Sponsored Brands,Broad
2025-10-28,B0466098,SKU-0003,2869,32,29.02,3,52.55,Sponsored Brands,Broad
2025-10-28,B0287544,SKU-0004,758,13,12.23,1,122.21,Sponsored Brands,Broad
2025-10-28,B0444234,SKU-0005,2654,24,20.15,1,93.31,Sponsored Products,Broad
2025-10-28,B0474559,SKU-0006,1085,12,6.43,1,95.41,Sponsored Products,Broad
2025-10-28,B0760123,SKU-0007,572,8,4.51,0,0.0,Sponsored Brands,Phrase
2025-10-28,B0300550,SKU-0008,1899,27,23.08,2,57.98,Sponsored Brands,Exact
2025-10-28,B0565132,SKU-0009,1824,34,16.21,3,407.28,Sponsored Products,Phrase
2025-10-28,B0138771,SKU-0010,1271,22,17.52,1,85.17,Sponsored Products,Exact
2025-10-28,B0165870,SKU-0011,1955,16,8.72,2,77.08,Sponsored Products,Exact
2025-10-28,B0661462,SKU-0012,651,11,9.46,0,0.0,Sponsored Products,Exact
2025-10-28,B0241131,SKU-0013,1005,16,11.63,1,128.92,Sponsored Products,Exact
2025-10-28,B0934569,SKU-0014,2323,19,6.94,2,196.29,Sponsored Brands,Phrase
2025-10-28,B0916675,SKU-0015,566,9,7.05,0,0.0,Sponsored Products,Broad
2025-10-29,B0673178,SKU-0001,2089,35,21.76,2,156.96,Sponsored Brands,Broad
2025-10-29,B0494532,SKU-0002,2135,17,11.87,1,23.63,Sponsored Brands,Broad
2025-10-29,B0466098,SKU-0003,1976,37,26.2,2,38.05,Sponsored Products,Phrase
2025-10-29,B0287544,SKU-0004,1069,15,6.37,2,231.44,Sponsored Products,Phrase
2025-10-29,B0444234,SKU-0005,2755,29,18.35,3,255.02,Sponsored Brands,Broad
2025-10-29,B0474559,SKU-0006,1272,11,6.7,1,89.78,Sponsored Products,Phrase
2025-10-29,B0760123,SKU-0007,2145,39,19.38,3,201.09,Sponsored Products,Exact
2025-10-29,B0300550,SKU-0008,2159,36,20.76,2,64.1,Sponsored Products,Phrase
2025-10-29,B0565132,SKU-0009,2310,33,26.17,5,669.0,Sponsored Brands,Broad
2025-10-29,B0138771,SKU-0010,1157,9,4.75,0,0.0,Sponsored Products,Broad
2025-10-29,B0165870,SKU-0011,2358,20,11.29,1,36.56,Sponsored Brands,Exact
2025-10-29,B0661462,SKU-0012,1646,29,15.25,1,48.57,Sponsored Products,Phrase
2025-10-29,B0241131,SKU-0013,2530,45,24.8,3,360.97,Sponsored Brands,Broad
2025-10-29,B0934569,SKU-0014,1615,24,12.7,2,191.48,Sponsored Brands,Exact
2025-10-29,B0916675,SKU-0015,1308,24,15.75,3,126.0,Sponsored Products,Exact
2025-10-30,B0673178,SKU-0001,2112,24,9.19,3,229.94,Sponsored Brands,Exact
2025-10-30,B0494532,SKU-0002,2226,37,29.5,1,23.64,Sponsored Products,Broad
2025-10-30,B0466098,SKU-0003,2960,55,22.29,5,91.31,Sponsored Brands,Phrase
2025-10-30,B0287544,SKU-0004,1385,11,7.38,1,107.73,Sponsored Brands,Phrase
2025-10-30,B0444234,SKU-0005,2871,23,11.58,3,282.33,Sponsored Products,Phrase
2025-10-30,B0474559,SKU-0006,1725,17,6.36,2,186.73,Sponsored Products,Exact
2025-10-30,B0760123,SKU-0007,1889,37,34.06,4,273.07,Sponsored Brands,Broad
2025-10-30,B0300550,SKU-0008,2385,26,11.27,2,59.64,Sponsored Products,Broad
2025-10-30,B0565132,SKU-0009,2333,44,39.14,6,818.07,Sponsored Brands,Phrase
2025-10-30,B0138771,SKU-0010,2345,21,18.94,1,85.43,Sponsored Brands,Exact
2025-10-30,B0165870,SKU-0011,1682,13,8.83,0,0.0,Sponsored Brands,Broad
2025-10-30,B0661462,SKU-0012,1406,23,19.52,2,98.79,Sponsored Products,Broad
2025-10-30,B0241131,SKU-0013,977,10,3.7,0,0.0,Sponsored Products,Phrase
2025-10-30,B0934569,SKU-0014,2098,27,21.32,2,192.97,Sponsored Products,Exact
2025-10-30,B0916675,SKU-0015,1011,18,15.3,2,79.77,Sponsored Products,Exact
2025-10-31,B0673178,SKU-0001,829,11,8.81,1,78.7,Sponsored Brands,Phrase
2025-10-31,B0494532,SKU-0002,1680,30,14.68,3,72.88,Sponsored Brands,Phrase
2025-10-31,B0466098,SKU-0003,2460,41,26.44,4,71.06,Sponsored Brands,Broad
2025-10-31,B0287544,SKU-0004,1374,27,18.29,4,439.12,Sponsored Products,Phrase
2025-10-31,B0444234,SKU-0005,1676,19,16.21,1,85.05,Sponsored Brands,Broad
2025-10-31,B0474559,SKU-0006,674,8,6.29,1,88.87,Sponsored Brands,Exact
2025-10-31,B0760123,SKU-0007,2372,27,12.59,2,145.13,Sponsored Products,Phrase
2025-10-31,B0300550,SKU-0008,1887,16,14.14,2,59.64,Sponsored Products,Exact
2025-10-31,B0565132,SKU-0009,2350,30,24.05,2,255.0,Sponsored Brands,Exact
2025-10-31,B0138771,SKU-0010,1010,14,6.57,0,0.0,Sponsored Brands,Exact
2025-10-31,B0165870,SKU-0011,1559,25,9.2,3,113.32,Sponsored Products,Broad
2025-10-31,B0661462,SKU-0012,2081,35,33.24,3,146.99,Sponsored Products,Exact
2025-10-31,B0241131,SKU-0013,1696,22,19.43,2,245.09,Sponsored Products,Exact
2025-10-31,B0934569,SKU-0014,2110,28,26.45,3,271.9,Sponsored Products,Broad
2025-10-31,B0916675,SKU-0015,1167,19,10.13,3,130.63,Sponsored Brands,Phrase
2025-11-01,B0673178,SKU-0001,1555,28,23.81,1,80.26,Sponsored Brands,Phrase
2025-11-01,B0494532,SKU-0002,2015,37,21.81,4,87.36,Sponsored Products,Exact
2025-11-01,B0466098,SKU-0003,1441,18,11.3,2,35.99,Sponsored Brands,Exact
2025-11-01,B0287544,SKU-0004,1171,17,10.75,2,224.41,Sponsored Brands,Exact
2025-11-01,B0444234,SKU-0005,2258,27,19.24,2,183.39,Sponsored Products,Phrase
2025-11-01,B0474559,SKU-0006,1996,19,10.8,1,98.28,Sponsored Brands,Exact
2025-11-01,B0760123,SKU-0007,1068,19,17.33,1,67.52,Sponsored Products,Exact
2025-11-01,B0300550,SKU-0008,1872,23,10.83,2,55.67,Sponsored Products,Broad
2025-11-01,B0565132,SKU-0009,1445,18,9.78,1,125.11,Sponsored Brands,Exact
2025-11-01,B0138771,SKU-0010,2670,53,21.5,4,322.05,Sponsored Brands,Exact
2025-11-01,B0165870,SKU-0011,1868,36,32.21,3,112.71,Sponsored Products,Broad
2025-11-01,B0661462,SKU-0012,1954,20,7.69,1,43.55,Sponsored Products,Exact
2025-11-01,B0241131,SKU-0013,1948,24,9.94,3,360.99,Sponsored Products,Exact
2025-11-01,B0934569,SKU-0014,1076,12,6.24,1,96.83,Sponsored Brands,Exact
2025-11-01,B0916675,SKU-0015,2665,51,20.89,7,293.06,Sponsored Products,Exact
2025-11-02,B0673178,SKU-0001,1827,20,10.51,2,154.65,Sponsored Brands,Broad
2025-11-02,B0494532,SKU-0002,2059,35,21.61,4,87.51,Sponsored Products,Phrase
2025-11-02,B0466098,SKU-0003,2559,36,33.24,4,73.45,Sponsored Products,Phrase
2025-11-02,B0287544,SKU-0004,1563,22,8.13,2,210.45,Sponsored Products,Broad
2025-11-02,B0444234,SKU-0005,2611,43,36.13,4,355.4,Sponsored Brands,Broad
2025-11-02,B0474559,SKU-0006,2537,34,26.62,1,101.26,Sponsored Products,Phrase
2025-11-02,B0760123,SKU-0007,1250,19,17.49,2,131.24,Sponsored Brands,Broad
2025-11-02,B0300550,SKU-0008,2346,33,28.24,1,29.97,Sponsored Products,Exact
2025-11-02,B0565132,SKU-0009,1536,14,10.88,1,131.44,Sponsored Products,Exact
2025-11-02,B0138771,SKU-0010,856,13,5.61,1,77.8,Sponsored Brands,Broad
2025-11-02,B0165870,SKU-0011,1525,15,8.05,1,36.34,Sponsored Products,Phrase
2025-11-02,B0661462,SKU-0012,1641,17,15.15,1,42.73,Sponsored Brands,Exact
2025-11-02,B0241131,SKU-0013,2390,38,13.5,3,357.6,Sponsored Brands,Phrase
2025-11-02,B0934569,SKU-0014,1158,14,6.8,1,96.02,Sponsored Products,Phrase
2025-11-02,B0916675,SKU-0015,1518,26,24.58,3,129.3,Sponsored Products,Exact
2025-11-03,B0673178,SKU-0001,200,3,2.67,0,0.0,Sponsored Brands,Broad
2025-11-03,B0494532,SKU-0002,1819,15,12.29,1,23.26,Sponsored Brands,Broad
2025-11-03,B0466098,SKU-0003,2810,42,29.6,6,113.34,Sponsored Products,Phrase
2025-11-03,B0287544,SKU-0004,937,12,8.45,0,0.0,Sponsored Brands,Exact
2025-11-03,B0444234,SKU-0005,2375,42,16.93,5,436.91,Sponsored Brands,Phrase
2025-11-03,B0474559,SKU-0006,2932,28,19.04,3,280.12,Sponsored Products,Broad
2025-11-03,B0760123,SKU-0007,1997,25,10.6,2,138.96,Sponsored Products,Exact
2025-11-03,B0300550,SKU-0008,2212,18,6.68,2,59.57,Sponsored Brands,Phrase
2025-11-03,B0565132,SKU-0009,2065,23,17.18,1,128.34,Sponsored Products,Phrase
2025-11-03,B0138771,SKU-0010,2962,44,15.85,2,169.7,Sponsored Brands,Exact
2025-11-03,B0165870,SKU-0011,1279,23,16.5,1,35.72,Sponsored Brands,Phrase
2025-11-03,B0661462,SKU-0012,2794,41,14.61,3,128.6,Sponsored Brands,Phrase
2025-11-03,B0241131,SKU-0013,1380,12,9.38,1,127.23,Sponsored Products,Exact
2025-11-03,B0934569,SKU-0014,1002,9,5.42,0,0.0,Sponsored Brands,Broad
2025-11-03,B0916675,SKU-0015,1607,31,26.93,1,43.54,Sponsored Products,Phrase
2025-11-04,B0673178,SKU-0001,2003,32,24.35,2,153.34,Sponsored Products,Phrase
2025-11-04,B0494532,SKU-0002,1927,21,13.5,2,45.49,Sponsored Brands,Exact
2025-11-04,B0466098,SKU-0003,1638,16,13.7,1,17.26,Sponsored Products,Phrase
2025-11-04,B0287544,SKU-0004,1620,22,17.35,1,121.53,Sponsored Brands,Phrase
2025-11-04,B0444234,SKU-0005,1404,13,6.59,1,85.96,Sponsored Products,Broad
2025-11-04,B0474559,SKU-0006,1617,19,13.83,3,275.69,Sponsored Brands,Phrase
2025-11-04,B0760123,SKU-0007,2962,24,16.96,2,126.53,Sponsored Products,Broad
2025-11-04,B0300550,SKU-0008,2478,34,29.03,5,150.37,Sponsored Brands,Broad
2025-11-04,B0565132,SKU-0009,1539,13,11.2,0,0.0,Sponsored Brands,Broad
2025-11-04,B0138771,SKU-0010,2182,21,10.09,2,167.71,Sponsored Brands,Broad
2025-11-04,B0165870,SKU-0011,1693,30,23.19,1,38.81,Sponsored Products,Broad
2025-11-04,B0661462,SKU-0012,1705,31,19.46,3,144.51,Sponsored Products,Exact
2025-11-04,B0241131,SKU-0013,2165,20,13.67,1,125.23,Sponsored Products,Phrase
2025-11-04,B0934569,SKU-0014,1471,12,9.72,1,91.1,Sponsored Products,Phrase
2025-11-04,B0916675,SKU-0015,2029,17,13.86,2,85.57,Sponsored Brands,Broad
2025-11-05,B0673178,SKU-0001,1612,20,14.4,1,77.16,Sponsored Brands,Phrase
2025-11-05,B0494532,SKU-0002,2519,47,23.89,6,147.21,Sponsored Products,Phrase
2025-11-05,B0466098,SKU-0003,2852,41,30.48,6,108.8,Sponsored Brands,Phrase
2025-11-05,B0287544,SKU-0004,1789,32,23.63,2,240.22,Sponsored Brands,Phrase
2025-11-05,B0444234,SKU-0005,739,11,4.88,0,0.0,Sponsored Brands,Exact
2025-11-05,B0474559,SKU-0006,1662,14,8.51,2,178.28,Sponsored Products,Exact
2025-11-05,B0760123,SKU-0007,1999,22,18.22,3,215.81,Sponsored Products,Phrase
2025-11-05,B0300550,SKU-0008,2364,21,11.94,3,95.77,Sponsored Brands,Broad
2025-11-05,B0565132,SKU-0009,2903,44,32.95,6,856.26,Sponsored Products,Phrase
2025-11-05,B0138771,SKU-0010,2180,35,24.39,3,234.03,Sponsored Brands,Phrase
2025-11-05,B0165870,SKU-0011,2922,32,19.7,2,74.0,Sponsored Brands,Exact
2025-11-05,B0661462,SKU-0012,1353,23,20.72,1,46.25,Sponsored Brands,Exact
2025-11-05,B0241131,SKU-0013,1449,19,16.46,2,258.29,Sponsored Products,Exact
2025-11-05,B0934569,SKU-0014,1778,32,16.47,3,281.84,Sponsored Products,Broad
2025-11-05,B0916675,SKU-0015,2736,38,15.21,2,89.28,Sponsored Brands,Broad
2025-11-06,B0673178,SKU-0001,1412,17,15.5,2,157.08,Sponsored Brands,Broad
2025-11-06,B0494532,SKU-0002,1223,18,14.0,2,49.67,Sponsored Brands,Exact
2025-11-06,B0466098,SKU-0003,1419,12,9.8,1,17.54,Sponsored Products,Phrase
2025-11-06,B0287544,SKU-0004,1670,29,25.97,3,362.52,Sponsored Brands,Phrase
2025-11-06,B0444234,SKU-0005,1529,25,17.28,3,282.16,Sponsored Products,Exact
2025-11-06,B0474559,SKU-0006,2328,19,13.81,0,0.0,Sponsored Brands,Phrase
2025-11-06,B0760123,SKU-0007,2516,28,26.25,1,70.33,Sponsored Brands,Broad
2025-11-06,B0300550,SKU-0008,200,2,1.38,0,0.0,Sponsored Brands,Exact
2025-11-06,B0565132,SKU-0009,2809,38,25.17,3,414.93,Sponsored Products,Broad
2025-11-06,B0138771,SKU-0010,1653,18,12.08,2,164.2,Sponsored Brands,Phrase
2025-11-06,B0165870,SKU-0011,2725,36,22.0,2,78.8,Sponsored Brands,Phrase
2025-11-06,B0661462,SKU-0012,2042,39,24.4,5,217.79,Sponsored Brands,Phrase
2025-11-06,B0241131,SKU-0013,475,5,2.85,0,0.0,Sponsored Brands,Broad
2025-11-06,B0934569,SKU-0014,1322,18,9.06,1,96.91,Sponsored Products,Broad
2025-11-06,B0916675,SKU-0015,957,15,10.1,1,42.47,Sponsored Products,Phrase
2025-11-07,B0673178,SKU-0001,1935,20,12.59,1,79.77,Sponsored Brands,Phrase
2025-11-07,B0494532,SKU-0002,1342,18,9.59,2,50.73,Sponsored Brands,Broad
2025-11-07,B0466098,SKU-0003,878,11,6.5,0,0.0,Sponsored Brands,Exact
2025-11-07,B0287544,SKU-0004,2853,38,18.99,4,460.24,Sponsored Brands,Phrase
2025-11-07,B0444234,SKU-0005,2866,35,23.47,2,184.56,Sponsored Brands,Exact
2025-11-07,B0474559,SKU-0006,782,14,12.74,1,103.3,Sponsored Brands,Exact
2025-11-07,B0760123,SKU-0007,2210,39,34.43,4,265.65,Sponsored Products,Broad
2025-11-07,B0300550,SKU-0008,1397,26,22.82,2,62.66,Sponsored Brands,Exact
2025-11-07,B0565132,SKU-0009,3381,34,24.17,2,254.06,Sponsored Products,Broad
2025-11-07,B0138771,SKU-0010,2471,33,20.98,3,257.57,Sponsored Products,Phrase
2025-11-07,B0165870,SKU-0011,1354,20,18.2,2,79.84,Sponsored Products,Exact
2025-11-07,B0661462,SKU-0012,1635,23,15.93,1,44.32,Sponsored Brands,Broad
2025-11-07,B0241131,SKU-0013,3123,53,30.92,7,831.21,Sponsored Products,Broad
2025-11-07,B0934569,SKU-0014,1277,16,6.52,0,0.0,Sponsored Products,Exact
2025-11-07,B0916675,SKU-0015,2390,25,21.24,2,89.39,Sponsored Brands,Phrase
2025-11-08,B0673178,SKU-0001,1256,21,16.86,2,150.28,Sponsored Brands,Phrase
2025-11-08,B0494532,SKU-0002,1628,20,12.75,1,24.57,Sponsored Brands,Exact
2025-11-08,B0466098,SKU-0003,1788,29,23.33,3,50.98,Sponsored Brands,Phrase
2025-11-08,B0287544,SKU-0004,1077,8,3.67,0,0.0,Sponsored Brands,Phrase
2025-11-08,B0444234,SKU-0005,1837,19,14.79,2,174.12,Sponsored Products,Broad
2025-11-08,B0474559,SKU-0006,973,11,9.26,0,0.0,Sponsored Brands,Exact
2025-11-08,B0760123,SKU-0007,723,6,5.42,0,0.0,Sponsored Products,Phrase
2025-11-08,B0300550,SKU-0008,2326,32,16.12,4,120.62,Sponsored Products,Phrase
2025-11-08,B0565132,SKU-0009,1358,24,15.43,2,251.8,Sponsored Brands,Broad
2025-11-08,B0138771,SKU-0010,1866,33,20.12,3,268.59,Sponsored Brands,Phrase
2025-11-08,B0165870,SKU-0011,2867,40,15.74,4,162.43,Sponsored Products,Broad
2025-11-08,B0661462,SKU-0012,1779,21,11.17,2,88.86,Sponsored Products,Phrase
2025-11-08,B0241131,SKU-0013,2416,30,11.37,3,350.54,Sponsored Brands,Exact
2025-11-08,B0934569,SKU-0014,1291,22,8.47,1,97.27,Sponsored Products,Broad
2025-11-08,B0916675,SKU-0015,760,12,8.63,0,0.0,Sponsored Products,Phrase
2025-11-09,B0673178,SKU-0001,1806,18,13.31,2,165.15,Sponsored Products,Broad
2025-11-09,B0494532,SKU-0002,2531,31,18.52,1,22.22,Sponsored Brands,Broad
2025-11-09,B0466098,SKU-0003,1844,23,8.11,1,18.26,Sponsored Brands,Exact
2025-11-09,B0287544,SKU-0004,3283,36,28.6,4,427.57,Sponsored Products,Exact
2025-11-09,B0444234,SKU-0005,1120,17,14.88,1,95.46,Sponsored Brands,Phrase
2025-11-09,B0474559,SKU-0006,2250,26,10.35,3,286.35,Sponsored Brands,Phrase
2025-11-09,B0760123,SKU-0007,2932,28,17.17,2,143.02,Sponsored Products,Exact
2025-11-09,B0300550,SKU-0008,1147,12,8.32,1,29.68,Sponsored Brands,Broad
2025-11-09,B0565132,SKU-0009,1685,30,27.9,3,375.07,Sponsored Products,Phrase
2025-11-09,B0138771,SKU-0010,1327,16,12.46,1,82.35,Sponsored Brands,Broad
2025-11-09,B0165870,SKU-0011,1464,23,15.4,1,41.23,Sponsored Brands,Phrase
2025-11-09,B0661462,SKU-0012,1923,16,10.76,1,47.08,Sponsored Products,Phrase
2025-11-09,B0241131,SKU-0013,1255,10,8.01,0,0.0,Sponsored Brands,Broad
2025-11-09,B0934569,SKU-0014,1595,22,15.93,3,311.31,Sponsored Products,Broad
2025-11-09,B0916675,SKU-0015,1521,28,17.58,4,172.62,Sponsored Products,Phrase
2025-11-10,B0673178,SKU-0001,1848,15,10.56,1,78.6,Sponsored Products,Phrase
2025-11-10,B0494532,SKU-0002,824,11,7.16,1,23.93,Sponsored Brands,Phrase
2025-11-10,B0466098,SKU-0003,200,3,1.68,0,0.0,Sponsored Products,Exact
2025-11-10,B0287544,SKU-0004,2132,33,19.76,4,420.97,Sponsored Brands,Broad
2025-11-10,B0444234,SKU-0005,2067,21,17.36,1,90.18,Sponsored Products,Exact
2025-11-10,B0474559,SKU-0006,1251,21,15.52,1,98.65,Sponsored Brands,Phrase
2025-11-10,B0760123,SKU-0007,2585,33,27.62,4,255.72,Sponsored Brands,Phrase
2025-11-10,B0300550,SKU-0008,2322,43,28.09,3,84.47,Sponsored Products,Phrase
2025-11-10,B0565132,SKU-0009,2443,19,10.74,1,143.81,Sponsored Brands,Exact
2025-11-10,B0138771,SKU-0010,731,6,2.58,0,0.0,Sponsored Products,Exact
2025-11-10,B0165870,SKU-0011,1725,21,10.68,2,80.58,Sponsored Brands,Exact
2025-11-10,B0661462,SKU-0012,2305,20,15.78,2,92.64,Sponsored Brands,Exact
2025-11-10,B0241131,SKU-0013,1930,23,14.8,3,370.58,Sponsored Brands,Phrase
2025-11-10,B0934569,SKU-0014,2427,37,15.12,2,196.02,Sponsored Products,Phrase
2025-11-10,B0916675,SKU-0015,2007,36,22.06,5,221.3,Sponsored Brands,Phrase
2025-11-11,B0673178,SKU-0001,603,8,7.04,1,73.33,Sponsored Brands,Phrase
2025-11-11,B0494532,SKU-0002,200,1,0.54,0,0.0,Sponsored Brands,Broad
2025-11-11,B0466098,SKU-0003,1358,12,4.27,1,16.38,Sponsored Brands,Phrase
2025-11-11,B0287544,SKU-0004,1273,22,19.49,2,235.66,Sponsored Products,Broad
2025-11-11,B0444234,SKU-0005,812,9,4.26,1,94.08,Sponsored Brands,Exact
2025-11-11,B0474559,SKU-0006,707,6,4.09,0,0.0,Sponsored Brands,Exact
2025-11-11,B0760123,SKU-0007,2632,35,30.1,3,203.09,Sponsored Products,Exact
2025-11-11,B0300550,SKU-0008,1485,23,19.46,2,59.79,Sponsored Products,Phrase
2025-11-11,B0565132,SKU-0009,1735,26,17.51,3,377.96,Sponsored Brands,Broad
2025-11-11,B0138771,SKU-0010,1719,30,17.38,1,86.63,Sponsored Products,Phrase
2025-11-11,B0165870,SKU-0011,925,15,13.18,2,75.53,Sponsored Products,Phrase
2025-11-11,B0661462,SKU-0012,1565,18,7.99,1,49.35,Sponsored Products,Exact
2025-11-11,B0241131,SKU-0013,1552,16,9.46,2,241.29,Sponsored Products,Exact
2025-11-11,B0934569,SKU-0014,2054,29,18.71,2,208.29,Sponsored Products,Exact
2025-11-11,B0916675,SKU-0015,2463,35,27.36,2,89.1,Sponsored Brands,Phrase
2025-11-12,B0673178,SKU-0001,1636,24,15.41,2,153.27,Sponsored Products,Phrase
2025-11-12,B0494532,SKU-0002,3037,52,46.73,3,67.14,Sponsored Brands,Exact
2025-11-12,B0466098,SKU-0003,1684,19,8.56,2,32.96,Sponsored Brands,Broad
2025-11-12,B0287544,SKU-0004,200,2,1.8,0,0.0,Sponsored Brands,Phrase
2025-11-12,B0444234,SKU-0005,1460,14,7.09,1,84.23,Sponsored Brands,Exact
2025-11-12,B0474559,SKU-0006,1697,25,11.87,2,205.13,Sponsored Brands,Broad
2025-11-12,B0760123,SKU-0007,1302,18,12.44,1,63.53,Sponsored Brands,Phrase
2025-11-12,B0300550,SKU-0008,1685,22,15.12,1,27.97,Sponsored Brands,Phrase
2025-11-12,B0565132,SKU-0009,1789,30,25.67,3,384.89,Sponsored Products,Exact
2025-11-12,B0138771,SKU-0010,2123,38,24.0,3,262.69,Sponsored Brands,Exact
2025-11-12,B0165870,SKU-0011,941,18,11.68,2,71.22,Sponsored Products,Broad
2025-11-12,B0661462,SKU-0012,3076,48,23.79,6,267.58,Sponsored Products,Broad
2025-11-12,B0241131,SKU-0013,2403,33,28.85,3,388.86,Sponsored Brands,Broad
2025-11-12,B0934569,SKU-0014,461,4,1.41,0,0.0,Sponsored Products,Broad
2025-11-12,B0916675,SKU-0015,1409,16,8.31,1,44.14,Sponsored Products,Exact
2025-11-13,B0673178,SKU-0001,2594,34,20.81,4,295.02,Sponsored Brands,Broad
2025-11-13,B0494532,SKU-0002,1524,29,17.35,1,24.57,Sponsored Brands,Exact
2025-11-13,B0466098,SKU-0003,1330,18,9.64,1,18.49,Sponsored Products,Phrase
2025-11-13,B0287544,SKU-0004,577,7,2.65,0,0.0,Sponsored Brands,Exact
2025-11-13,B0444234,SKU-0005,2991,57,52.7,3,253.27,Sponsored Products,Broad
2025-11-13,B0474559,SKU-0006,1622,30,18.7,3,275.44,Sponsored Brands,Phrase
2025-11-13,B0760123,SKU-0007,1893,28,13.3,2,145.08,Sponsored Products,Phrase
2025-11-13,B0300550,SKU-0008,2960,44,37.96,5,149.3,Sponsored Products,Broad
2025-11-13,B0565132,SKU-0009,1434,21,19.4,1,141.68,Sponsored Brands,Phrase
2025-11-13,B0138771,SKU-0010,1409,14,13.17,1,85.69,Sponsored Brands,Phrase
2025-11-13,B0165870,SKU-0011,1593,25,18.94,1,36.63,Sponsored Products,Phrase
2025-11-13,B0661462,SKU-0012,2001,21,18.84,2,87.35,Sponsored Products,Phrase
2025-11-13,B0241131,SKU-0013,1498,23,8.61,1,118.24,Sponsored Brands,Phrase
2025-11-13,B0934569,SKU-0014,967,17,8.35,2,196.49,Sponsored Products,Broad
2025-11-13,B0916675,SKU-0015,1222,20,12.64,2,84.74,Sponsored Products,Broad
2025-11-14,B0673178,SKU-0001,2432,26,12.38,1,74.74,Sponsored Brands,Phrase
2025-11-14,B0494532,SKU-0002,2197,24,20.74,2,46.58,Sponsored Products,Exact
2025-11-14,B0466098,SKU-0003,2455,29,21.15,2,38.07,Sponsored Products,Phrase
2025-11-14,B0287544,SKU-0004,2452,24,22.45,3,361.84,Sponsored Brands,Broad
2025-11-14,B0444234,SKU-0005,1156,9,7.12,0,0.0,Sponsored Products,Broad
2025-11-14,B0474559,SKU-0006,1489,28,17.26,4,390.11,Sponsored Brands,Exact
2025-11-14,B0760123,SKU-0007,1770,23,20.66,1,70.2,Sponsored Products,Exact
2025-11-14,B0300550,SKU-0008,2136,24,12.57,1,30.69,Sponsored Products,Phrase
2025-11-14,B0565132,SKU-0009,2103,39,30.82,3,397.23,Sponsored Brands,Phrase
2025-11-14,B0138771,SKU-0010,2141,41,34.02,2,166.23,Sponsored Products,Exact
2025-11-14,B0165870,SKU-0011,1397,22,8.57,2,79.35,Sponsored Brands,Broad
2025-11-14,B0661462,SKU-0012,1487,12,5.57,1,45.59,Sponsored Products,Exact
2025-11-14,B0241131,SKU-0013,1931,18,7.74,2,261.19,Sponsored Products,Exact
2025-11-14,B0934569,SKU-0014,1242,23,9.99,1,98.22,Sponsored Brands,Exact
2025-11-14,B0916675,SKU-0015,1943,22,20.77,1,41.87,Sponsored Products,Phrase
2025-11-15,B0673178,SKU-0001,2174,37,13.45,5,413.11,Sponsored Products,Broad
2025-11-15,B0494532,SKU-0002,1786,19,12.26,2,49.97,Sponsored Products,Phrase
2025-11-15,B0466098,SKU-0003,1606,14,7.01,0,0.0,Sponsored Products,Exact
2025-11-15,B0287544,SKU-0004,1526,25,15.82,2,225.08,Sponsored Brands,Broad
2025-11-15,B0444234,SKU-0005,1952,36,14.2,5,460.35,Sponsored Products,Broad
2025-11-15,B0474559,SKU-0006,2621,23,11.09,2,189.27,Sponsored Products,Phrase
2025-11-15,B0760123,SKU-0007,1598,16,13.86,0,0.0,Sponsored Products,Phrase
2025-11-15,B0300550,SKU-0008,2823,55,23.89,8,242.21,Sponsored Products,Phrase
2025-11-15,B0565132,SKU-0009,1489,25,14.65,3,413.2,Sponsored Products,Exact
2025-11-15,B0138771,SKU-0010,1289,17,11.83,2,175.62,Sponsored Products,Exact
2025-11-15,B0165870,SKU-0011,933,15,7.67,1,39.77,Sponsored Products,Broad
2025-11-15,B0661462,SKU-0012,2331,44,40.91,3,145.51,Sponsored Brands,Broad
2025-11-15,B0241131,SKU-0013,1848,20,7.49,1,121.45,Sponsored Brands,Broad
2025-11-15,B0934569,SKU-0014,1647,29,18.79,2,183.02,Sponsored Brands,Broad
2025-11-15,B0916675,SKU-0015,1216,11,4.69,1,40.18,Sponsored Brands,Broad
2025-11-16,B0673178,SKU-0001,1836,34,12.21,2,155.89,Sponsored Brands,Phrase
2025-11-16,B0494532,SKU-0002,2043,39,34.66,3,75.37,Sponsored Brands,Broad
2025-11-16,B0466098,SKU-0003,1558,27,10.21,2,37.89,Sponsored Products,Broad
2025-11-16,B0287544,SKU-0004,1827,26,23.06,2,241.75,Sponsored Products,Exact
2025-11-16,B0444234,SKU-0005,816,11,10.43,1,88.96,Sponsored Products,Exact
2025-11-16,B0474559,SKU-0006,1475,25,23.17,3,289.8,Sponsored Products,Exact
2025-11-16,B0760123,SKU-0007,999,19,10.31,2,134.94,Sponsored Brands,Broad
2025-11-16,B0300550,SKU-0008,1908,33,25.96,2,55.83,Sponsored Products,Broad
2025-11-16,B0565132,SKU-0009,2011,16,8.91,2,257.0,Sponsored Products,Exact
2025-11-16,B0138771,SKU-0010,1412,12,4.45,0,0.0,Sponsored Brands,Broad
2025-11-16,B0165870,SKU-0011,956,11,7.96,1,36.33,Sponsored Products,Phrase
2025-11-16,B0661462,SKU-0012,2384,32,18.6,2,96.16,Sponsored Products,Broad
2025-11-16,B0241131,SKU-0013,1993,39,29.38,5,639.35,Sponsored Brands,Exact
2025-11-16,B0934569,SKU-0014,2583,28,21.7,2,201.32,Sponsored Products,Broad
2025-11-16,B0916675,SKU-0015,1733,24,19.17,1,39.3,Sponsored Brands,Broad
2025-11-17,B0673178,SKU-0001,1679,23,14.85,1,76.64,Sponsored Brands,Exact
2025-11-17,B0494532,SKU-0002,3107,56,47.94,6,150.77,Sponsored Products,Broad
2025-11-17,B0466098,SKU-0003,1343,10,7.71,0,0.0,Sponsored Brands,Phrase
2025-11-17,B0287544,SKU-0004,2543,46,16.54,6,672.32,Sponsored Brands,Broad
2025-11-17,B0444234,SKU-0005,2259,23,17.6,2,171.47,Sponsored Brands,Broad
2025-11-17,B0474559,SKU-0006,2343,34,28.5,2,191.17,Sponsored Products,Broad
2025-11-17,B0760123,SKU-0007,2944,48,34.31,4,250.48,Sponsored Products,Broad
2025-11-17,B0300550,SKU-0008,1177,15,5.73,0,0.0,Sponsored Brands,Broad
2025-11-17,B0565132,SKU-0009,1725,24,11.17,1,137.11,Sponsored Products,Phrase
2025-11-17,B0138771,SKU-0010,1970,16,9.96,1,79.2,Sponsored Brands,Exact
2025-11-17,B0165870,SKU-0011,1205,16,11.4,1,39.98,Sponsored Products,Phrase
2025-11-17,B0661462,SKU-0012,2143,26,18.88,2,96.5,Sponsored Products,Phrase
2025-11-17,B0241131,SKU-0013,1912,22,9.07,3,398.82,Sponsored Brands,Broad
2025-11-17,B0934569,SKU-0014,837,10,6.54,0,0.0,Sponsored Brands,Phrase
2025-11-17,B0916675,SKU-0015,1626,23,13.53,3,128.55,Sponsored Products,Phrase
2025-11-18,B0673178,SKU-0001,1135,17,11.04,2,146.55,Sponsored Products,Phrase
2025-11-18,B0494532,SKU-0002,1800,16,9.72,1,23.17,Sponsored Products,Broad
2025-11-18,B0466098,SKU-0003,1506,22,13.9,2,37.45,Sponsored Products,Broad
2025-11-18,B0287544,SKU-0004,2083,21,18.42,3,322.58,Sponsored Products,Broad
2025-11-18,B0444234,SKU-0005,1788,20,10.98,2,189.64,Sponsored Products,Phrase
2025-11-18,B0474559,SKU-0006,2165,39,32.41,4,373.12,Sponsored Brands,Phrase
2025-11-18,B0760123,SKU-0007,1963,25,21.65,2,145.09,Sponsored Products,Exact
2025-11-18,B0300550,SKU-0008,2438,37,33.83,4,113.54,Sponsored Brands,Broad
2025-11-18,B0565132,SKU-0009,1171,19,15.15,1,130.46,Sponsored Brands,Phrase
2025-11-18,B0138771,SKU-0010,231,3,2.06,0,0.0,Sponsored Products,Exact
2025-11-18,B0165870,SKU-0011,1763,24,12.6,2,72.37,Sponsored Brands,Broad
2025-11-18,B0661462,SKU-0012,1712,21,15.13,2,88.79,Sponsored Brands,Exact
2025-11-18,B0241131,SKU-0013,552,6,4.99,0,0.0,Sponsored Brands,Broad
2025-11-18,B0934569,SKU-0014,2176,21,15.96,3,300.41,Sponsored Products,Broad
2025-11-18,B0916675,SKU-0015,2544,39,16.76,5,197.52,Sponsored Products,Exact
2025-11-19,B0673178,SKU-0001,1695,25,10.76,2,147.57,Sponsored Products,Broad
2025-11-19,B0494532,SKU-0002,1349,25,10.54,3,73.23,Sponsored Brands,Broad
2025-11-19,B0466098,SKU-0003,1680,16,5.69,1,18.44,Sponsored Brands,Broad
2025-11-19,B0287544,SKU-0004,1229,17,13.44,2,234.95,Sponsored Brands,Broad
2025-11-19,B0444234,SKU-0005,1565,28,20.45,1,89.94,Sponsored Brands,Broad
2025-11-19,B0474559,SKU-0006,1635,31,17.18,2,202.9,Sponsored Products,Exact
2025-11-19,B0760123,SKU-0007,2812,52,18.66,6,408.86,Sponsored Brands,Exact
2025-11-19,B0300550,SKU-0008,3115,60,40.98,6,192.7,Sponsored Brands,Exact
2025-11-19,B0565132,SKU-0009,2063,32,18.59,2,276.06,Sponsored Products,Phrase
2025-11-19,B0138771,SKU-0010,2342,32,29.15,3,239.6,Sponsored Brands,Broad
2025-11-19,B0165870,SKU-0011,1896,16,14.56,0,0.0,Sponsored Products,Broad
2025-11-19,B0661462,SKU-0012,1906,23,19.89,2,89.87,Sponsored Products,Exact
2025-11-19,B0241131,SKU-0013,2389,33,27.3,1,120.42,Sponsored Products,Exact
2025-11-19,B0934569,SKU-0014,3382,44,37.9,4,396.95,Sponsored Brands,Broad
2025-11-19,B0916675,SKU-0015,2272,20,11.68,3,121.11,Sponsored Brands,Exact
2025-11-20,B0673178,SKU-0001,2585,24,20.65,1,78.34,Sponsored Products,Exact
2025-11-20,B0494532,SKU-0002,2431,27,17.62,1,23.24,Sponsored Products,Broad
2025-11-20,B0466098,SKU-0003,2256,37,26.04,4,65.63,Sponsored Brands,Broad
2025-11-20,B0287544,SKU-0004,945,11,6.06,0,0.0,Sponsored Products,Broad
2025-11-20,B0444234,SKU-0005,1625,21,13.61,3,254.68,Sponsored Brands,Exact
2025-11-20,B0474559,SKU-0006,2667,38,27.45,2,189.71,Sponsored Products,Exact
2025-11-20,B0760123,SKU-0007,1315,17,13.15,1,63.29,Sponsored Products,Exact
2025-11-20,B0300550,SKU-0008,2837,28,21.71,1,28.06,Sponsored Products,Exact
2025-11-20,B0565132,SKU-0009,1742,28,20.77,4,514.18,Sponsored Products,Phrase
2025-11-20,B0138771,SKU-0010,2049,40,26.64,5,431.09,Sponsored Products,Exact
2025-11-20,B0165870,SKU-0011,805,15,13.68,1,35.63,Sponsored Products,Broad
2025-11-20,B0661462,SKU-0012,1894,32,11.6,3,130.94,Sponsored Products,Broad
2025-11-20,B0241131,SKU-0013,965,10,9.49,1,134.53,Sponsored Products,Phrase
2025-11-20,B0934569,SKU-0014,1503,27,9.64,2,196.46,Sponsored Brands,Phrase
2025-11-20,B0916675,SKU-0015,2751,39,21.77,3,124.1,Sponsored Products,Broad
2025-11-21,B0673178,SKU-0001,2925,55,47.62,7,524.18,Sponsored Brands,Exact
2025-11-21,B0494532,SKU-0002,1134,14,6.06,1,22.0,Sponsored Brands,Phrase
2025-11-21,B0466098,SKU-0003,1957,16,7.59,1,17.15,Sponsored Brands,Phrase
2025-11-21,B0287544,SKU-0004,2872,27,15.28,3,321.97,Sponsored Brands,Phrase
2025-11-21,B0444234,SKU-0005,1709,30,22.02,4,337.86,Sponsored Brands,Exact
2025-11-21,B0474559,SKU-0006,1448,14,7.01,0,0.0,Sponsored Brands,Phrase
2025-11-21,B0760123,SKU-0007,1530,23,19.74,3,187.78,Sponsored Products,Phrase
2025-11-21,B0300550,SKU-0008,2227,40,27.64,5,142.16,Sponsored Products,Broad
2025-11-21,B0565132,SKU-0009,1198,11,4.38,0,0.0,Sponsored Products,Broad
2025-11-21,B0138771,SKU-0010,1788,20,12.08,2,161.29,Sponsored Products,Broad
2025-11-21,B0165870,SKU-0011,2241,31,14.35,2,78.09,Sponsored Brands,Exact
2025-11-21,B0661462,SKU-0012,1389,23,19.67,3,128.8,Sponsored Brands,Exact
2025-11-21,B0241131,SKU-0013,3967,57,27.93,6,793.23,Sponsored Brands,Broad
2025-11-21,B0934569,SKU-0014,2185,42,22.58,2,204.57,Sponsored Brands,Exact
2025-11-21,B0916675,SKU-0015,2298,42,38.36,4,164.27,Sponsored Brands,Phrase
2025-11-22,B0673178,SKU-0001,2322,40,29.75,4,327.66,Sponsored Brands,Phrase
2025-11-22,B0494532,SKU-0002,1558,17,10.79,2,48.04,Sponsored Products,Phrase
2025-11-22,B0466098,SKU-0003,1313,17,16.06,1,17.27,Sponsored Brands,Exact
2025-11-22,B0287544,SKU-0004,1744,28,23.17,3,330.44,Sponsored Products,Phrase
2025-11-22,B0444234,SKU-0005,1246,11,6.58,1,89.08,Sponsored Products,Broad
2025-11-22,B0474559,SKU-0006,2050,37,28.75,4,359.43,Sponsored Brands,Broad
2025-11-22,B0760123,SKU-0007,2488,26,23.77,1,67.61,Sponsored Brands,Phrase
2025-11-22,B0300550,SKU-0008,1358,11,9.7,0,0.0,Sponsored Brands,Broad
2025-11-22,B0565132,SKU-0009,2338,36,29.12,3,393.81,Sponsored Brands,Exact
2025-11-22,B0138771,SKU-0010,1923,26,16.76,2,164.34,Sponsored Products,Broad
2025-11-22,B0165870,SKU-0011,2831,22,15.82,3,107.37,Sponsored Products,Exact
2025-11-22,B0661462,SKU-0012,2075,25,23.09,3,137.76,Sponsored Products,Exact
2025-11-22,B0241131,SKU-0013,2094,21,18.75,2,258.2,Sponsored Products,Broad
2025-11-22,B0934569,SKU-0014,1452,19,7.07,2,179.03,Sponsored Products,Phrase
2025-11-22,B0916675,SKU-0015,926,14,5.54,1,39.35,Sponsored Brands,Exact
2025-11-23,B0673178,SKU-0001,1063,14,8.54,1,83.43,Sponsored Brands,Phrase
2025-11-23,B0494532,SKU-0002,1888,23,14.52,2,45.39,Sponsored Brands,Phrase
2025-11-23,B0466098,SKU-0003,3211,31,17.68,2,34.03,Sponsored Products,Phrase
2025-11-23,B0287544,SKU-0004,1789,27,14.34,2,241.76,Sponsored Products,Phrase
2025-11-23,B0444234,SKU-0005,2066,19,11.21,2,187.7,Sponsored Products,Phrase
2025-11-23,B0474559,SKU-0006,1428,19,8.18,1,92.29,Sponsored Products,Exact
2025-11-23,B0760123,SKU-0007,1949,27,13.49,2,126.03,Sponsored Brands,Exact
2025-11-23,B0300550,SKU-0008,2616,22,20.71,1,30.06,Sponsored Brands,Broad
2025-11-23,B0565132,SKU-0009,1669,20,14.1,1,129.88,Sponsored Products,Phrase
2025-11-23,B0138771,SKU-0010,1918,20,17.5,2,178.24,Sponsored Products,Exact
2025-11-23,B0165870,SKU-0011,1620,13,9.96,1,36.92,Sponsored Products,Exact
2025-11-23,B0661462,SKU-0012,1283,25,13.27,1,43.26,Sponsored Products,Exact
2025-11-23,B0241131,SKU-0013,809,11,5.26,1,125.2,Sponsored Brands,Phrase
2025-11-23,B0934569,SKU-0014,1733,20,10.15,2,197.25,Sponsored Products,Broad
2025-11-23,B0916675,SKU-0015,2297,39,36.83,4,156.03,Sponsored Products,Exact
2025-11-24,B0673178,SKU-0001,1737,18,13.33,2,165.56,Sponsored Brands,Phrase
2025-11-24,B0494532,SKU-0002,2025,35,15.04,3,74.35,Sponsored Products,Broad
2025-11-24,B0466098,SKU-0003,1444,24,11.57,1,18.02,Sponsored Brands,Exact
2025-11-24,B0287544,SKU-0004,1578,30,13.98,2,240.96,Sponsored Brands,Exact
2025-11-24,B0444234,SKU-0005,2285,38,14.02,2,195.89,Sponsored Brands,Broad
2025-11-24,B0474559,SKU-0006,1100,14,8.2,1,101.62,Sponsored Products,Broad
2025-11-24,B0760123,SKU-0007,1041,14,5.79,1,63.11,Sponsored Products,Phrase
2025-11-24,B0300550,SKU-0008,2437,46,32.9,3,95.94,Sponsored Brands,Broad
2025-11-24,B0565132,SKU-0009,1245,11,7.46,0,0.0,Sponsored Brands,Broad
2025-11-24,B0138771,SKU-0010,1482,29,21.46,4,326.98,Sponsored Products,Broad
2025-11-24,B0165870,SKU-0011,2575,31,23.06,4,160.8,Sponsored Brands,Exact
2025-11-24,B0661462,SKU-0012,1913,20,7.82,2,98.35,Sponsored Products,Exact
2025-11-24,B0241131,SKU-0013,1625,21,9.47,2,261.16,Sponsored Brands,Broad
2025-11-24,B0934569,SKU-0014,2175,31,21.25,3,286.43,Sponsored Brands,Broad
2025-11-24,B0916675,SKU-0015,2803,30,17.99,2,81.89,Sponsored Brands,Broad
2025-11-25,B0673178,SKU-0001,905,12,9.31,1,77.14,Sponsored Products,Phrase
2025-11-25,B0494532,SKU-0002,1914,26,23.38,1,23.65,Sponsored Brands,Phrase
2025-11-25,B0466098,SKU-0003,2852,36,21.12,3,52.67,Sponsored Brands,Phrase
2025-11-25,B0287544,SKU-0004,1778,34,21.49,2,226.59,Sponsored Brands,Exact
2025-11-25,B0444234,SKU-0005,1578,29,19.82,4,357.02,Sponsored Brands,Phrase
2025-11-25,B0474559,SKU-0006,2273,20,18.11,3,306.12,Sponsored Products,Exact
2025-11-25,B0760123,SKU-0007,1330,23,12.41,1,64.42,Sponsored Brands,Broad
2025-11-25,B0300550,SKU-0008,1842,21,15.1,1,30.63,Sponsored Brands,Phrase
2025-11-25,B0565132,SKU-0009,1934,25,10.28,2,259.8,Sponsored Brands,Broad
2025-11-25,B0138771,SKU-0010,3136,34,26.25,4,336.84,Sponsored Products,Exact
2025-11-25,B0165870,SKU-0011,2588,33,14.47,2,75.0,Sponsored Products,Phrase
2025-11-25,B0661462,SKU-0012,2129,31,23.51,3,128.72,Sponsored Products,Phrase
2025-11-25,B0241131,SKU-0013,1440,26,14.44,2,261.83,Sponsored Products,Exact
2025-11-25,B0934569,SKU-0014,890,11,3.94,1,95.0,Sponsored Brands,Phrase
2025-11-25,B0916675,SKU-0015,1905,23,8.35,3,127.18,Sponsored Brands,Exact
2025-11-26,B0673178,SKU-0001,717,10,4.58,0,0.0,Sponsored Brands,Broad
2025-11-26,B0494532,SKU-0002,868,16,13.25,2,49.64,Sponsored Products,Broad
2025-11-26,B0466098,SKU-0003,1757,16,8.8,1,16.33,Sponsored Products,Exact
2025-11-26,B0287544,SKU-0004,1849,25,10.92,2,210.01,Sponsored Brands,Phrase
2025-11-26,B0444234,SKU-0005,2295,35,23.25,2,178.98,Sponsored Products,Broad
2025-11-26,B0474559,SKU-0006,3102,44,25.62,6,537.62,Sponsored Products,Exact
2025-11-26,B0760123,SKU-0007,1411,13,11.53,1,63.42,Sponsored Brands,Broad
2025-11-26,B0300550,SKU-0008,1039,17,7.04,0,0.0,Sponsored Brands,Phrase
2025-11-26,B0565132,SKU-0009,1796,18,8.53,1,135.36,Sponsored Products,Phrase
2025-11-26,B0138771,SKU-0010,1243,15,6.09,1,84.62,Sponsored Products,Exact
2025-11-26,B0165870,SKU-0011,1263,22,16.29,2,81.21,Sponsored Products,Broad
2025-11-26,B0661462,SKU-0012,2969,24,12.93,3,135.3,Sponsored Brands,Phrase
2025-11-26,B0241131,SKU-0013,1879,23,10.15,2,257.8,Sponsored Brands,Exact
2025-11-26,B0934569,SKU-0014,1343,24,10.72,2,197.31,Sponsored Brands,Exact
2025-11-26,B0916675,SKU-0015,1868,34,24.67,2,88.01,Sponsored Brands,Exact
2025-11-27,B0673178,SKU-0001,1477,29,13.3,3,225.7,Sponsored Products,Exact
2025-11-27,B0494532,SKU-0002,1767,27,17.6,1,23.75,Sponsored Products,Broad
2025-11-27,B0466098,SKU-0003,1612,18,12.59,1,16.7,Sponsored Products,Exact
2025-11-27,B0287544,SKU-0004,1232,19,8.41,2,218.21,Sponsored Brands,Phrase
2025-11-27,B0444234,SKU-0005,1148,15,8.1,1,97.79,Sponsored Brands,Phrase
2025-11-27,B0474559,SKU-0006,1843,28,16.45,2,179.85,Sponsored Products,Broad
2025-11-27,B0760123,SKU-0007,1378,18,16.85,1,63.67,Sponsored Brands,Phrase
2025-11-27,B0300550,SKU-0008,312,6,2.31,0,0.0,Sponsored Products,Phrase
2025-11-27,B0565132,SKU-0009,250,2,1.35,0,0.0,Sponsored Brands,Phrase
2025-11-27,B0138771,SKU-0010,2286,44,33.94,4,334.09,Sponsored Products,Phrase
2025-11-27,B0165870,SKU-0011,2305,29,23.8,3,122.36,Sponsored Brands,Broad
2025-11-27,B0661462,SKU-0012,2165,39,25.18,6,280.04,Sponsored Products,Broad
2025-11-27,B0241131,SKU-0013,2009,37,27.01,4,496.14,Sponsored Products,Broad
2025-11-27,B0934569,SKU-0014,1966,29,19.35,2,205.48,Sponsored Brands,Phrase
2025-11-27,B0916675,SKU-0015,2656,23,19.63,2,79.0,Sponsored Products,Phrase
2025-11-28,B0673178,SKU-0001,1248,13,10.12,1,80.17,Sponsored Products,Phrase
2025-11-28,B0494532,SKU-0002,2036,34,13.96,4,94.07,Sponsored Brands,Broad
2025-11-28,B0466098,SKU-0003,1996,28,16.18,3,54.31,Sponsored Brands,Exact
2025-11-28,B0287544,SKU-0004,1827,32,27.75,2,215.7,Sponsored Brands,Broad
2025-11-28,B0444234,SKU-0005,1073,9,5.01,0,0.0,Sponsored Brands,Exact
2025-11-28,B0474559,SKU-0006,3556,38,24.08,2,195.91,Sponsored Brands,Broad
2025-11-28,B0760123,SKU-0007,1531,23,8.78,3,204.91,Sponsored Products,Broad
2025-11-28,B0300550,SKU-0008,1381,16,10.41,1,28.67,Sponsored Products,Phrase
2025-11-28,B0565132,SKU-0009,3022,49,43.12,7,1010.66,Sponsored Brands,Broad
2025-11-28,B0138771,SKU-0010,370,4,1.46,0,0.0,Sponsored Brands,Phrase
2025-11-28,B0165870,SKU-0011,2205,43,30.1,3,121.12,Sponsored Products,Exact
2025-11-28,B0661462,SKU-0012,1156,14,10.98,1,44.56,Sponsored Products,Phrase
2025-11-28,B0241131,SKU-0013,1718,26,21.75,2,231.58,Sponsored Products,Broad
2025-11-28,B0934569,SKU-0014,2532,41,28.88,5,481.78,Sponsored Brands,Exact
2025-11-28,B0916675,SKU-0015,1648,30,23.45,2,82.2,Sponsored Products,Phrase
2025-11-29,B0673178,SKU-0001,1435,15,5.58,1,73.67,Sponsored Products,Broad
2025-11-29,B0494532,SKU-0002,2002,33,28.19,4,98.6,Sponsored Products,Exact
2025-11-29,B0466098,SKU-0003,2307,23,13.08,2,37.99,Sponsored Brands,Broad
2025-11-29,B0287544,SKU-0004,2508,33,24.4,3,365.39,Sponsored Brands,Exact
2025-11-29,B0444234,SKU-0005,2568,47,17.74,5,422.27,Sponsored Brands,Exact
2025-11-29,B0474559,SKU-0006,1531,15,7.65,1,96.52,Sponsored Brands,Exact
2025-11-29,B0760123,SKU-0007,1843,36,12.86,3,214.24,Sponsored Brands,Exact
2025-11-29,B0300550,SKU-0008,1445,23,10.34,3,84.86,Sponsored Products,Phrase
2025-11-29,B0565132,SKU-0009,2379,32,17.9,4,539.06,Sponsored Brands,Exact
2025-11-29,B0138771,SKU-0010,1306,24,12.47,3,257.49,Sponsored Brands,Phrase
2025-11-29,B0165870,SKU-0011,922,10,7.02,0,0.0,Sponsored Brands,Phrase
2025-11-29,B0661462,SKU-0012,2022,24,21.5,1,48.05,Sponsored Brands,Exact
2025-11-29,B0241131,SKU-0013,1124,14,5.58,1,128.08,Sponsored Brands,Exact
2025-11-29,B0934569,SKU-0014,2158,39,31.58,3,269.57,Sponsored Products,Exact
2025-11-29,B0916675,SKU-0015,1661,26,11.43,4,167.78,Sponsored Products,Phrase
2025-11-30,B0673178,SKU-0001,2436,33,21.7,3,234.92,Sponsored Brands,Phrase
2025-11-30,B0494532,SKU-0002,1941,30,26.79,3,71.23,Sponsored Products,Broad
2025-11-30,B0466098,SKU-0003,1379,22,14.35,2,36.76,Sponsored Brands,Broad
2025-11-30,B0287544,SKU-0004,1703,30,25.23,2,232.26,Sponsored Brands,Phrase
2025-11-30,B0444234,SKU-0005,2926,24,10.66,2,189.02,Sponsored Brands,Broad
2025-11-30,B0474559,SKU-0006,1946,21,10.59,1,93.14,Sponsored Brands,Exact
2025-11-30,B0760123,SKU-0007,1941,35,30.69,2,144.9,Sponsored Products,Broad
2025-11-30,B0300550,SKU-0008,1048,20,18.51,3,93.84,Sponsored Brands,Phrase
2025-11-30,B0565132,SKU-0009,2232,44,20.88,5,714.36,Sponsored Brands,Broad
2025-11-30,B0138771,SKU-0010,471,6,3.01,0,0.0,Sponsored Products,Broad
2025-11-30,B0165870,SKU-0011,512,4,3.13,0,0.0,Sponsored Brands,Exact
2025-11-30,B0661462,SKU-0012,1839,34,26.72,2,87.59,Sponsored Brands,Broad
2025-11-30,B0241131,SKU-0013,842,16,10.59,1,134.36,Sponsored Brands,Phrase
2025-11-30,B0934569,SKU-0014,849,16,7.38,1,95.66,Sponsored Brands,Broad
2025-11-30,B0916675,SKU-0015,2306,44,31.12,5,220.6,Sponsored Products,Phrase
2025-12-01,B0673178,SKU-0001,781,9,6.95,1,76.6,Sponsored Brands,Phrase
2025-12-01,B0494532,SKU-0002,2330,35,25.22,5,124.79,Sponsored Products,Exact
2025-12-01,B0466098,SKU-0003,1986,28,19.52,4,74.71,Sponsored Products,Broad
2025-12-01,B0287544,SKU-0004,2269,44,23.9,4,487.96,Sponsored Products,Exact
2025-12-01,B0444234,SKU-0005,1051,12,6.39,0,0.0,Sponsored Brands,Exact
2025-12-01,B0474559,SKU-0006,2145,31,18.21,4,360.76,Sponsored Brands,Phrase
2025-12-01,B0760123,SKU-0007,1365,23,16.65,1,64.55,Sponsored Brands,Broad
2025-12-01,B0300550,SKU-0008,1226,14,11.15,1,32.35,Sponsored Products,Phrase
2025-12-01,B0565132,SKU-0009,1511,19,17.87,1,134.16,Sponsored Brands,Exact
2025-12-01,B0138771,SKU-0010,1589,14,11.26,1,84.05,Sponsored Products,Broad
2025-12-01,B0165870,SKU-0011,997,9,4.12,1,40.91,Sponsored Brands,Phrase
2025-12-01,B0661462,SKU-0012,1241,14,6.16,1,45.32,Sponsored Products,Phrase
2025-12-01,B0241131,SKU-0013,2857,25,13.25,3,397.94,Sponsored Brands,Broad
2025-12-01,B0934569,SKU-0014,1605,29,24.44,2,193.83,Sponsored Products,Exact
2025-12-01,B0916675,SKU-0015,1696,21,15.45,3,115.36,Sponsored Brands,Broad
2025-12-02,B0673178,SKU-0001,1661,22,17.17,3,221.01,Sponsored Brands,Broad
2025-12-02,B0494532,SKU-0002,1957,25,14.1,2,48.06,Sponsored Brands,Exact
2025-12-02,B0466098,SKU-0003,2115,24,15.58,2,33.01,Sponsored Products,Phrase
2025-12-02,B0287544,SKU-0004,1943,33,31.24,3,351.87,Sponsored Products,Broad
2025-12-02,B0444234,SKU-0005,1012,11,8.4,1,84.98,Sponsored Products,Broad
2025-12-02,B0474559,SKU-0006,1214,11,4.66,1,90.58,Sponsored Products,Broad
2025-12-02,B0760123,SKU-0007,1797,21,16.55,2,143.66,Sponsored Products,Exact
2025-12-02,B0300550,SKU-0008,2567,46,28.78,6,183.74,Sponsored Brands,Exact
2025-12-02,B0565132,SKU-0009,476,9,5.42,0,0.0,Sponsored Products,Exact
2025-12-02,B0138771,SKU-0010,2608,39,24.78,2,179.35,Sponsored Products,Exact
2025-12-02,B0165870,SKU-0011,1997,21,7.35,1,40.85,Sponsored Brands,Exact
2025-12-02,B0661462,SKU-0012,1158,13,5.32,1,46.97,Sponsored Brands,Phrase
2025-12-02,B0241131,SKU-0013,1813,26,16.62,1,120.11,Sponsored Brands,Exact
2025-12-02,B0934569,SKU-0014,2554,22,9.41,1,103.74,Sponsored Brands,Exact
2025-12-02,B0916675,SKU-0015,2936,54,47.76,8,323.57,Sponsored Brands,Broad
2025-12-03,B0673178,SKU-0001,2301,33,20.73,2,160.53,Sponsored Products,Exact
2025-12-03,B0494532,SKU-0002,748,13,7.25,2,44.74,Sponsored Brands,Phrase
2025-12-03,B0466098,SKU-0003,2602,30,17.3,3,55.99,Sponsored Products,Broad
2025-12-03,B0287544,SKU-0004,2616,29,22.79,3,332.17,Sponsored Products,Phrase
2025-12-03,B0444234,SKU-0005,1993,19,12.37,1,88.96,Sponsored Products,Phrase
2025-12-03,B0474559,SKU-0006,2234,31,16.01,2,195.64,Sponsored Products,Exact
2025-12-03,B0760123,SKU-0007,1851,22,17.32,3,198.91,Sponsored Products,Phrase
2025-12-03,B0300550,SKU-0008,2244,35,26.21,4,112.96,Sponsored Brands,Broad
2025-12-03,B0565132,SKU-0009,1410,26,15.2,3,383.88,Sponsored Products,Exact
2025-12-03,B0138771,SKU-0010,1055,10,5.41,1,84.96,Sponsored Products,Exact
2025-12-03,B0165870,SKU-0011,1738,33,23.96,3,111.04,Sponsored Brands,Phrase
2025-12-03,B0661462,SKU-0012,1469,27,19.8,4,186.9,Sponsored Products,Phrase
2025-12-03,B0241131,SKU-0013,1675,30,17.5,3,368.69,Sponsored Brands,Exact
2025-12-03,B0934569,SKU-0014,1649,18,8.51,2,184.55,Sponsored Products,Phrase
2025-12-03,B0916675,SKU-0015,1697,26,12.22,3,125.01,Sponsored Products,Phrase
2025-12-04,B0673178,SKU-0001,953,18,15.73,1,84.66,Sponsored Brands,Phrase
2025-12-04,B0494532,SKU-0002,913,13,5.54,1,22.27,Sponsored Brands,Broad
2025-12-04,B0466098,SKU-0003,2181,24,16.4,3,56.31,Sponsored Products,Exact
2025-12-04,B0287544,SKU-0004,1957,23,16.14,2,238.34,Sponsored Products,Phrase
2025-12-04,B0444234,SKU-0005,1251,17,12.93,2,170.79,Sponsored Products,Broad
2025-12-04,B0474559,SKU-0006,1798,16,6.49,1,102.22,Sponsored Products,Exact
2025-12-04,B0760123,SKU-0007,1487,23,13.69,3,213.18,Sponsored Brands,Broad
2025-12-04,B0300550,SKU-0008,1020,10,7.42,1,28.23,Sponsored Brands,Broad
2025-12-04,B0565132,SKU-0009,1850,15,8.36,1,136.44,Sponsored Brands,Broad
2025-12-04,B0138771,SKU-0010,784,11,4.88,1,88.2,Sponsored Brands,Broad
2025-12-04,B0165870,SKU-0011,1832,26,17.92,2,74.36,Sponsored Products,Exact
2025-12-04,B0661462,SKU-0012,2362,21,15.92,1,46.63,Sponsored Brands,Exact
2025-12-04,B0241131,SKU-0013,2740,49,40.87,4,499.82,Sponsored Products,Phrase
2025-12-04,B0934569,SKU-0014,3018,24,18.59,3,295.4,Sponsored Brands,Broad
2025-12-04,B0916675,SKU-0015,1586,25,14.55,3,124.63,Sponsored Brands,Phrase
2025-12-05,B0673178,SKU-0001,1549,14,7.82,1,74.81,Sponsored Products,Exact
2025-12-05,B0494532,SKU-0002,1701,30,17.59,1,25.11,Sponsored Brands,Phrase
2025-12-05,B0466098,SKU-0003,1569,20,12.03,2,35.09,Sponsored Brands,Exact
2025-12-05,B0287544,SKU-0004,2504,23,12.79,3,349.33,Sponsored Brands,Exact
2025-12-05,B0444234,SKU-0005,200,2,1.31,0,0.0,Sponsored Brands,Broad
2025-12-05,B0474559,SKU-0006,1672,20,16.05,1,95.08,Sponsored Products,Exact
2025-12-05,B0760123,SKU-0007,1924,34,28.43,4,286.79,Sponsored Products,Phrase
2025-12-05,B0300550,SKU-0008,1732,19,14.57,2,58.1,Sponsored Brands,Broad
2025-12-05,B0565132,SKU-0009,1740,32,15.1,2,280.17,Sponsored Products,Phrase
2025-12-05,B0138771,SKU-0010,1145,17,12.52,1,86.82,Sponsored Products,Phrase
2025-12-05,B0165870,SKU-0011,1579,14,10.01,1,40.79,Sponsored Products,Exact
2025-12-05,B0661462,SKU-0012,3061,50,39.02,5,224.89,Sponsored Brands,Exact
2025-12-05,B0241131,SKU-0013,723,10,7.45,0,0.0,Sponsored Products,Phrase
2025-12-05,B0934569,SKU-0014,1688,23,14.02,2,188.43,Sponsored Products,Phrase
2025-12-05,B0916675,SKU-0015,632,9,7.56,0,0.0,Sponsored Brands,Exact
2025-12-06,B0673178,SKU-0001,2486,42,22.39,5,363.67,Sponsored Products,Broad
2025-12-06,B0494532,SKU-0002,1815,22,11.22,3,69.46,Sponsored Brands,Exact
2025-12-06,B0466098,SKU-0003,1186,9,5.68,1,16.39,Sponsored Brands,Exact
2025-12-06,B0287544,SKU-0004,993,13,8.07,1,110.73,Sponsored Products,Exact
2025-12-06,B0444234,SKU-0005,1771,29,26.11,1,95.24,Sponsored Brands,Broad
2025-12-06,B0474559,SKU-0006,1402,21,19.67,2,201.51,Sponsored Products,Broad
2025-12-06,B0760123,SKU-0007,3088,35,26.17,4,291.11,Sponsored Brands,Exact
2025-12-06,B0300550,SKU-0008,1894,19,14.55,2,62.41,Sponsored Products,Exact
2025-12-06,B0565132,SKU-0009,1783,14,13.01,0,0.0,Sponsored Products,Broad
2025-12-06,B0138771,SKU-0010,2327,23,11.07,2,156.83,Sponsored Products,Exact
2025-12-06,B0165870,SKU-0011,1879,23,13.44,3,112.16,Sponsored Brands,Exact
2025-12-06,B0661462,SKU-0012,1934,33,25.12,3,135.51,Sponsored Products,Exact
2025-12-06,B0241131,SKU-0013,1725,33,30.7,2,255.99,Sponsored Brands,Broad
2025-12-06,B0934569,SKU-0014,2535,32,23.76,1,94.23,Sponsored Brands,Exact
2025-12-06,B0916675,SKU-0015,1950,15,6.72,1,41.5,Sponsored Products,Exact
2025-12-07,B0673178,SKU-0001,1406,12,7.8,1,81.99,Sponsored Brands,Phrase
2025-12-07,B0494532,SKU-0002,2067,22,17.46,3,74.45,Sponsored Products,Exact
2025-12-07,B0466098,SKU-0003,2452,46,24.62,3,56.65,Sponsored Brands,Broad
2025-12-07,B0287544,SKU-0004,2774,48,35.96,2,226.39,Sponsored Products,Exact
2025-12-07,B0444234,SKU-0005,1746,27,17.63,1,84.51,Sponsored Brands,Broad
2025-12-07,B0474559,SKU-0006,2857,49,23.67,4,386.06,Sponsored Products,Phrase
2025-12-07,B0760123,SKU-0007,2360,28,20.72,2,141.93,Sponsored Products,Exact
2025-12-07,B0300550,SKU-0008,1539,25,14.98,1,28.6,Sponsored Products,Exact
2025-12-07,B0565132,SKU-0009,3407,67,62.88,8,1005.95,Sponsored Brands,Phrase
2025-12-07,B0138771,SKU-0010,2051,40,22.29,3,237.52,Sponsored Products,Broad
2025-12-07,B0165870,SKU-0011,2797,52,35.89,2,82.11,Sponsored Products,Exact
2025-12-07,B0661462,SKU-0012,1965,31,11.09,3,147.94,Sponsored Products,Broad
2025-12-07,B0241131,SKU-0013,1910,35,23.76,2,244.43,Sponsored Products,Broad
2025-12-07,B0934569,SKU-0014,565,5,4.6,0,0.0,Sponsored Brands,Phrase
2025-12-07,B0916675,SKU-0015,2194,35,26.19,4,179.26,Sponsored Products,Exact
2025-12-08,B0673178,SKU-0001,1928,18,6.31,1,83.19,Sponsored Products,Exact
2025-12-08,B0494532,SKU-0002,2024,23,10.02,3,69.85,Sponsored Products,Broad
2025-12-08,B0466098,SKU-0003,2021,19,12.39,2,35.42,Sponsored Brands,Exact
2025-12-08,B0287544,SKU-0004,2455,40,21.07,2,234.95,Sponsored Products,Phrase
2025-12-08,B0444234,SKU-0005,2440,24,14.85,2,180.69,Sponsored Products,Exact
2025-12-08,B0474559,SKU-0006,2079,23,11.36,2,193.55,Sponsored Brands,Exact
2025-12-08,B0760123,SKU-0007,2489,22,11.66,2,137.46,Sponsored Products,Broad
2025-12-08,B0300550,SKU-0008,1284,18,10.05,1,31.23,Sponsored Products,Broad
2025-12-08,B0565132,SKU-0009,2368,44,33.14,4,528.86,Sponsored Products,Exact
2025-12-08,B0138771,SKU-0010,1664,20,18.51,3,266.27,Sponsored Products,Phrase
2025-12-08,B0165870,SKU-0011,1240,10,8.0,1,39.57,Sponsored Products,Broad
2025-12-08,B0661462,SKU-0012,2083,22,11.75,2,94.45,Sponsored Brands,Broad
2025-12-08,B0241131,SKU-0013,1956,31,17.92,3,400.97,Sponsored Products,Broad
2025-12-08,B0934569,SKU-0014,1539,21,17.25,2,195.94,Sponsored Brands,Broad
2025-12-08,B0916675,SKU-0015,1941,25,16.93,2,88.82,Sponsored Brands,Broad
2025-12-09,B0673178,SKU-0001,1992,25,19.17,2,154.2,Sponsored Products,Broad
2025-12-09,B0494532,SKU-0002,1396,16,7.58,2,46.53,Sponsored Brands,Exact
2025-12-09,B0466098,SKU-0003,2933,54,46.21,3,52.32,Sponsored Products,Broad
2025-12-09,B0287544,SKU-0004,1948,30,24.3,3,327.56,Sponsored Products,Exact
2025-12-09,B0444234,SKU-0005,1790,34,20.68,2,182.93,Sponsored Brands,Broad
2025-12-09,B0474559,SKU-0006,2468,27,18.99,2,200.15,Sponsored Products,Broad
2025-12-09,B0760123,SKU-0007,2528,31,11.95,2,128.04,Sponsored Products,Exact
2025-12-09,B0300550,SKU-0008,1212,22,13.89,3,83.55,Sponsored Brands,Phrase
2025-12-09,B0565132,SKU-0009,1529,21,11.71,1,139.18,Sponsored Products,Exact
2025-12-09,B0138771,SKU-0010,1541,14,9.87,2,166.05,Sponsored Brands,Exact
2025-12-09,B0165870,SKU-0011,2144,35,26.94,2,75.58,Sponsored Products,Exact
2025-12-09,B0661462,SKU-0012,1338,24,14.82,2,86.77,Sponsored Brands,Exact
2025-12-09,B0241131,SKU-0013,1949,35,28.34,5,650.79,Sponsored Brands,Exact
2025-12-09,B0934569,SKU-0014,1370,20,18.44,1,93.65,Sponsored Brands,Broad
2025-12-09,B0916675,SKU-0015,1333,25,23.61,1,44.77,Sponsored Brands,Phrase
2025-12-10,B0673178,SKU-0001,1801,21,19.4,2,163.34,Sponsored Products,Phrase
2025-12-10,B0494532,SKU-0002,2355,39,18.72,4,94.33,Sponsored Brands,Broad
2025-12-10,B0466098,SKU-0003,2499,35,32.7,3,56.8,Sponsored Products,Broad
2025-12-10,B0287544,SKU-0004,636,8,4.57,0,0.0,Sponsored Products,Phrase
2025-12-10,B0444234,SKU-0005,1954,27,22.31,3,253.57,Sponsored Brands,Exact
2025-12-10,B0474559,SKU-0006,732,7,4.52,0,0.0,Sponsored Products,Phrase
2025-12-10,B0760123,SKU-0007,2439,47,29.55,2,132.97,Sponsored Products,Exact
2025-12-10,B0300550,SKU-0008,278,4,2.4,0,0.0,Sponsored Products,Broad
2025-12-10,B0565132,SKU-0009,2988,32,11.3,4,511.55,Sponsored Brands,Phrase
2025-12-10,B0138771,SKU-0010,830,16,11.75,2,161.72,Sponsored Brands,Broad
2025-12-10,B0165870,SKU-0011,2460,43,38.73,3,108.52,Sponsored Brands,Phrase
2025-12-10,B0661462,SKU-0012,2181,28,26.29,4,178.53,Sponsored Products,Broad
2025-12-10,B0241131,SKU-0013,1498,20,7.97,1,129.25,Sponsored Brands,Phrase
2025-12-10,B0934569,SKU-0014,2130,32,24.82,4,377.95,Sponsored Products,Phrase
2025-12-10,B0916675,SKU-0015,1815,34,23.43,2,83.21,Sponsored Products,Exact
2025-12-11,B0673178,SKU-0001,3065,45,42.62,2,145.43,Sponsored Products,Broad
2025-12-11,B0494532,SKU-0002,2423,19,7.13,1,24.63,Sponsored Brands,Exact
2025-12-11,B0466098,SKU-0003,2177,21,8.52,2,36.23,Sponsored Brands,Phrase
2025-12-11,B0287544,SKU-0004,1916,30,18.69,3,337.7,Sponsored Products,Phrase
2025-12-11,B0444234,SKU-0005,1965,28,21.69,3,285.02,Sponsored Products,Exact
2025-12-11,B0474559,SKU-0006,1900,36,33.84,4,361.8,Sponsored Brands,Phrase
2025-12-11,B0760123,SKU-0007,1216,14,7.24,1,65.38,Sponsored Products,Exact
2025-12-11,B0300550,SKU-0008,1473,20,16.42,1,28.03,Sponsored Products,Phrase
2025-12-11,B0565132,SKU-0009,2910,50,41.98,6,794.7,Sponsored Products,Phrase
2025-12-11,B0138771,SKU-0010,2239,42,16.02,6,483.32,Sponsored Brands,Broad
2025-12-11,B0165870,SKU-0011,2453,44,21.35,2,72.91,Sponsored Products,Broad
2025-12-11,B0661462,SKU-0012,1917,27,15.92,1,46.19,Sponsored Products,Broad
2025-12-11,B0241131,SKU-0013,1759,27,14.16,2,250.39,Sponsored Brands,Exact
2025-12-11,B0934569,SKU-0014,2202,43,34.63,6,539.92,Sponsored Products,Exact
2025-12-11,B0916675,SKU-0015,1999,33,27.73,2,80.39,Sponsored Products,Broad
2025-12-12,B0673178,SKU-0001,1700,33,11.82,5,417.24,Sponsored Products,Phrase
2025-12-12,B0494532,SKU-0002,620,11,5.99,0,0.0,Sponsored Brands,Phrase
2025-12-12,B0466098,SKU-0003,2108,34,22.33,5,81.65,Sponsored Products,Exact
2025-12-12,B0287544,SKU-0004,1464,21,14.43,2,233.73,Sponsored Products,Phrase
2025-12-12,B0444234,SKU-0005,1419,27,25.21,1,90.0,Sponsored Products,Broad
2025-12-12,B0474559,SKU-0006,440,7,3.73,1,95.98,Sponsored Brands,Phrase
2025-12-12,B0760123,SKU-0007,2559,43,33.84,6,420.85,Sponsored Brands,Broad
2025-12-12,B0300550,SKU-0008,1028,18,7.28,1,30.88,Sponsored Products,Broad
2025-12-12,B0565132,SKU-0009,1106,10,7.18,1,126.46,Sponsored Products,Broad
2025-12-12,B0138771,SKU-0010,3000,34,18.18,3,261.62,Sponsored Products,Exact
2025-12-12,B0165870,SKU-0011,1313,17,6.57,1,40.45,Sponsored Products,Broad
2025-12-12,B0661462,SKU-0012,1034,10,8.71,0,0.0,Sponsored Brands,Exact
2025-12-12,B0241131,SKU-0013,1469,22,16.36,2,248.48,Sponsored Products,Phrase
2025-12-12,B0934569,SKU-0014,1451,18,9.5,1,103.89,Sponsored Products,Exact
2025-12-12,B0916675,SKU-0015,1650,27,13.55,3,124.9,Sponsored Products,Phrase
2025-12-13,B0673178,SKU-0001,2508,30,17.47,4,333.46,Sponsored Products,Phrase
2025-12-13,B0494532,SKU-0002,2297,25,19.0,3,74.66,Sponsored Brands,Broad
2025-12-13,B0466098,SKU-0003,1875,28,18.4,3,54.77,Sponsored Brands,Broad
2025-12-13,B0287544,SKU-0004,2898,38,28.72,3,321.02,Sponsored Brands,Exact
2025-12-13,B0444234,SKU-0005,2856,41,36.47,3,273.34,Sponsored Products,Phrase
2025-12-13,B0474559,SKU-0006,1983,31,26.94,4,398.7,Sponsored Brands,Broad
2025-12-13,B0760123,SKU-0007,2871,57,51.67,8,569.12,Sponsored Products,Exact
2025-12-13,B0300550,SKU-0008,1284,13,11.04,0,0.0,Sponsored Brands,Broad
2025-12-13,B0565132,SKU-0009,1977,18,11.9,1,125.14,Sponsored Brands,Phrase
2025-12-13,B0138771,SKU-0010,2006,17,9.77,1,89.19,Sponsored Brands,Phrase
2025-12-13,B0165870,SKU-0011,1502,17,13.86,0,0.0,Sponsored Products,Broad
2025-12-13,B0661462,SKU-0012,1932,26,23.17,1,47.82,Sponsored Brands,Phrase
2025-12-13,B0241131,SKU-0013,1761,22,16.8,2,258.69,Sponsored Products,Phrase
2025-12-13,B0934569,SKU-0014,2772,41,30.73,6,603.04,Sponsored Products,Phrase
2025-12-13,B0916675,SKU-0015,611,11,6.39,1,43.68,Sponsored Brands,Phrase
2025-12-14,B0673178,SKU-0001,2307,41,17.28,2,156.41,Sponsored Brands,Broad
2025-12-14,B0494532,SKU-0002,1876,33,13.74,4,89.14,Sponsored Products,Broad
2025-12-14,B0466098,SKU-0003,2177,41,32.21,2,34.83,Sponsored Brands,Phrase
2025-12-14,B0287544,SKU-0004,2059,19,17.04,1,112.79,Sponsored Brands,Exact
2025-12-14,B0444234,SKU-0005,3240,33,13.83,3,264.38,Sponsored Brands,Broad
2025-12-14,B0474559,SKU-0006,1434,26,13.08,1,102.69,Sponsored Products,Phrase
2025-12-14,B0760123,SKU-0007,881,7,4.0,0,0.0,Sponsored Brands,Phrase
2025-12-14,B0300550,SKU-0008,792,7,3.28,0,0.0,Sponsored Brands,Broad
2025-12-14,B0565132,SKU-0009,2519,23,15.52,2,269.04,Sponsored Products,Phrase
2025-12-14,B0138771,SKU-0010,2864,39,24.05,4,331.45,Sponsored Products,Phrase
2025-12-14,B0165870,SKU-0011,1491,12,8.33,1,37.67,Sponsored Brands,Exact
2025-12-14,B0661462,SKU-0012,1497,21,11.57,1,45.45,Sponsored Products,Phrase
2025-12-14,B0241131,SKU-0013,645,8,4.26,0,0.0,Sponsored Brands,Exact
2025-12-14,B0934569,SKU-0014,1849,16,13.02,1,104.06,Sponsored Brands,Exact
2025-12-14,B0916675,SKU-0015,979,16,13.67,2,84.94,Sponsored Brands,Phrase
2025-12-15,B0673178,SKU-0001,2357,25,15.45,2,160.63,Sponsored Brands,Broad
2025-12-15,B0494532,SKU-0002,1556,20,10.14,2,45.27,Sponsored Brands,Phrase
2025-12-15,B0466098,SKU-0003,1028,20,10.95,2,36.95,Sponsored Products,Exact
2025-12-15,B0287544,SKU-0004,2107,28,17.94,3,317.97,Sponsored Brands,Broad
2025-12-15,B0444234,SKU-0005,2650,44,24.63,4,344.09,Sponsored Products,Phrase
2025-12-15,B0474559,SKU-0006,917,13,9.89,1,99.15,Sponsored Products,Phrase
2025-12-15,B0760123,SKU-0007,2399,20,13.27,1,72.22,Sponsored Products,Phrase
2025-12-15,B0300550,SKU-0008,2019,36,16.32,2,60.46,Sponsored Products,Phrase
2025-12-15,B0565132,SKU-0009,1835,31,18.48,4,563.55,Sponsored Products,Broad
2025-12-15,B0138771,SKU-0010,575,11,6.68,1,87.43,Sponsored Brands,Exact
2025-12-15,B0165870,SKU-0011,730,8,5.86,0,0.0,Sponsored Products,Phrase
2025-12-15,B0661462,SKU-0012,1713,25,12.56,3,140.77,Sponsored Brands,Exact
2025-12-15,B0241131,SKU-0013,2139,37,34.36,2,251.66,Sponsored Products,Broad
2025-12-15,B0934569,SKU-0014,2258,42,29.07,6,618.23,Sponsored Brands,Phrase
2025-12-15,B0916675,SKU-0015,200,3,2.26,0,0.0,Sponsored Brands,Broad
2025-12-16,B0673178,SKU-0001,1100,20,18.78,1,78.04,Sponsored Brands,Phrase
2025-12-16,B0494532,SKU-0002,1066,14,10.04,1,24.47,Sponsored Brands,Phrase
2025-12-16,B0466098,SKU-0003,2917,25,17.26,2,37.79,Sponsored Products,Exact
2025-12-16,B0287544,SKU-0004,2010,39,33.76,3,323.15,Sponsored Brands,Phrase
2025-12-16,B0444234,SKU-0005,1285,21,18.52,1,95.72,Sponsored Brands,Phrase
2025-12-16,B0474559,SKU-0006,3441,43,24.97,3,279.93,Sponsored Brands,Exact
2025-12-16,B0760123,SKU-0007,743,11,6.53,0,0.0,Sponsored Products,Exact
2025-12-16,B0300550,SKU-0008,1705,26,12.16,3,89.9,Sponsored Products,Broad
2025-12-16,B0565132,SKU-0009,2796,40,35.53,5,638.32,Sponsored Brands,Broad
2025-12-16,B0138771,SKU-0010,1895,23,19.51,2,175.31,Sponsored Products,Phrase
2025-12-16,B0165870,SKU-0011,2266,36,27.54,5,204.11,Sponsored Products,Phrase
2025-12-16,B0661462,SKU-0012,1378,13,8.65,0,0.0,Sponsored Products,Exact
2025-12-16,B0241131,SKU-0013,1850,35,25.25,3,386.31,Sponsored Brands,Phrase
2025-12-16,B0934569,SKU-0014,1784,24,19.75,1,98.93,Sponsored Products,Exact
2025-12-16,B0916675,SKU-0015,1305,21,16.94,2,84.49,Sponsored Brands,Phrase
2025-12-17,B0673178,SKU-0001,2293,19,10.58,2,150.51,Sponsored Products,Exact
2025-12-17,B0494532,SKU-0002,739,9,4.81,1,25.05,Sponsored Products,Exact
2025-12-17,B0466098,SKU-0003,2464,28,11.68,2,34.43,Sponsored Products,Broad
2025-12-17,B0287544,SKU-0004,2115,41,17.39,6,708.54,Sponsored Brands,Broad
2025-12-17,B0444234,SKU-0005,2454,44,20.51,6,516.81,Sponsored Products,Broad
2025-12-17,B0474559,SKU-0006,1060,20,11.81,1,99.29,Sponsored Brands,Phrase
2025-12-17,B0760123,SKU-0007,1562,25,9.92,3,204.63,Sponsored Brands,Phrase
2025-12-17,B0300550,SKU-0008,2437,41,37.14,2,63.61,Sponsored Products,Broad
2025-12-17,B0565132,SKU-0009,3084,46,20.99,4,564.19,Sponsored Products,Broad
2025-12-17,B0138771,SKU-0010,2616,28,26.28,3,260.81,Sponsored Products,Phrase
2025-12-17,B0165870,SKU-0011,1166,9,8.04,0,0.0,Sponsored Brands,Exact
2025-12-17,B0661462,SKU-0012,1547,25,8.78,2,86.69,Sponsored Products,Broad
2025-12-17,B0241131,SKU-0013,1415,25,13.91,3,357.2,Sponsored Brands,Exact
2025-12-17,B0934569,SKU-0014,2870,46,16.12,4,372.6,Sponsored Brands,Phrase
2025-12-17,B0916675,SKU-0015,799,15,12.4,1,43.35,Sponsored Brands,Phrase
2025-12-18,B0673178,SKU-0001,1626,30,14.77,2,151.38,Sponsored Brands,Phrase
2025-12-18,B0494532,SKU-0002,1886,26,15.17,2,49.4,Sponsored Brands,Broad
2025-12-18,B0466098,SKU-0003,2014,23,8.36,2,36.01,Sponsored Products,Broad
2025-12-18,B0287544,SKU-0004,452,4,3.15,0,0.0,Sponsored Products,Broad
2025-12-18,B0444234,SKU-0005,1952,26,22.21,2,180.83,Sponsored Products,Broad
2025-12-18,B0474559,SKU-0006,1205,14,9.76,1,88.82,Sponsored Brands,Exact
2025-12-18,B0760123,SKU-0007,2290,32,15.96,4,278.54,Sponsored Brands,Exact
2025-12-18,B0300550,SKU-0008,1584,26,18.77,1,30.26,Sponsored Brands,Broad
2025-12-18,B0565132,SKU-0009,1628,16,7.69,1,130.8,Sponsored Brands,Phrase
2025-12-18,B0138771,SKU-0010,1884,29,23.6,4,318.97,Sponsored Brands,Exact
2025-12-18,B0165870,SKU-0011,1399,18,14.97,2,71.5,Sponsored Products,Phrase
2025-12-18,B0661462,SKU-0012,3002,26,10.12,1,43.87,Sponsored Products,Exact
2025-12-18,B0241131,SKU-0013,1310,21,14.44,3,355.08,Sponsored Brands,Phrase
2025-12-18,B0934569,SKU-0014,2052,28,17.45,2,194.7,Sponsored Brands,Phrase
2025-12-18,B0916675,SKU-0015,2722,53,21.6,4,165.13,Sponsored Products,Broad
2025-12-19,B0673178,SKU-0001,1945,22,8.59,1,77.85,Sponsored Products,Phrase
2025-12-19,B0494532,SKU-0002,1290,12,11.38,1,22.92,Sponsored Products,Exact
2025-12-19,B0466098,SKU-0003,2008,24,12.99,3,53.65,Sponsored Products,Exact
2025-12-19,B0287544,SKU-0004,2453,34,22.85,3,343.58,Sponsored Products,Phrase
2025-12-19,B0444234,SKU-0005,1317,12,6.39,1,90.62,Sponsored Brands,Phrase
2025-12-19,B0474559,SKU-0006,2823,54,24.8,7,696.41,Sponsored Products,Broad
2025-12-19,B0760123,SKU-0007,1756,24,8.84,1,62.8,Sponsored Products,Broad
2025-12-19,B0300550,SKU-0008,3026,25,9.72,3,92.74,Sponsored Brands,Broad
2025-12-19,B0565132,SKU-0009,1457,23,8.56,1,132.6,Sponsored Brands,Exact
2025-12-19,B0138771,SKU-0010,1331,24,20.92,1,77.45,Sponsored Products,Exact
2025-12-19,B0165870,SKU-0011,2532,43,19.03,2,71.52,Sponsored Products,Phrase
2025-12-19,B0661462,SKU-0012,1700,32,29.6,1,42.85,Sponsored Products,Broad
2025-12-19,B0241131,SKU-0013,2301,31,11.6,1,127.38,Sponsored Products,Broad
2025-12-19,B0934569,SKU-0014,2444,47,24.86,4,358.69,Sponsored Products,Exact
2025-12-19,B0916675,SKU-0015,2561,30,19.5,1,40.86,Sponsored Brands,Exact
2025-12-20,B0673178,SKU-0001,2438,41,23.98,5,368.78,Sponsored Brands,Broad
2025-12-20,B0494532,SKU-0002,2351,43,22.54,6,147.94,Sponsored Products,Broad
2025-12-20,B0466098,SKU-0003,3665,61,23.53,3,50.84,Sponsored Products,Broad
2025-12-20,B0287544,SKU-0004,1445,26,16.28,3,336.01,Sponsored Brands,Broad
2025-12-20,B0444234,SKU-0005,2182,33,13.68,4,347.76,Sponsored Brands,Phrase
2025-12-20,B0474559,SKU-0006,2348,36,33.2,5,511.09,Sponsored Brands,Phrase
2025-12-20,B0760123,SKU-0007,964,13,6.62,1,71.32,Sponsored Products,Exact
2025-12-20,B0300550,SKU-0008,1105,15,11.21,0,0.0,Sponsored Brands,Phrase
2025-12-20,B0565132,SKU-0009,3093,45,20.12,7,977.87,Sponsored Products,Broad
2025-12-20,B0138771,SKU-0010,685,9,3.63,1,81.43,Sponsored Brands,Broad
2025-12-20,B0165870,SKU-0011,1631,15,13.33,1,35.6,Sponsored Brands,Phrase
2025-12-20,B0661462,SKU-0012,2192,18,11.26,2,98.36,Sponsored Products,Phrase
2025-12-20,B0241131,SKU-0013,2446,29,21.8,3,390.96,Sponsored Products,Exact
2025-12-20,B0934569,SKU-0014,991,18,11.8,2,179.12,Sponsored Brands,Broad
2025-12-20,B0916675,SKU-0015,905,16,10.07,1,42.54,Sponsored Products,Exact
2025-12-21,B0673178,SKU-0001,2709,25,17.12,1,76.22,Sponsored Products,Phrase
2025-12-21,B0494532,SKU-0002,1715,19,8.24,1,23.32,Sponsored Products,Exact
2025-12-21,B0466098,SKU-0003,2731,28,16.51,1,18.73,Sponsored Brands,Exact
2025-12-21,B0287544,SKU-0004,3412,46,22.53,4,457.95,Sponsored Products,Phrase
2025-12-21,B0444234,SKU-0005,258,2,0.99,0,0.0,Sponsored Products,Exact
2025-12-21,B0474559,SKU-0006,1299,20,7.93,3,269.85,Sponsored Brands,Broad
2025-12-21,B0760123,SKU-0007,1325,22,12.28,1,67.92,Sponsored Brands,Exact
2025-12-21,B0300550,SKU-0008,1796,19,16.99,2,63.46,Sponsored Products,Phrase
2025-12-21,B0565132,SKU-0009,2466,28,17.28,1,140.19,Sponsored Products,Exact
2025-12-21,B0138771,SKU-0010,2563,41,33.79,3,250.71,Sponsored Brands,Broad
2025-12-21,B0165870,SKU-0011,931,7,5.79,0,0.0,Sponsored Brands,Broad
2025-12-21,B0661462,SKU-0012,481,6,5.67,0,0.0,Sponsored Products,Phrase
2025-12-21,B0241131,SKU-0013,2403,44,21.42,3,352.99,Sponsored Brands,Broad
2025-12-21,B0934569,SKU-0014,1961,27,14.27,1,89.53,Sponsored Brands,Broad
2025-12-21,B0916675,SKU-0015,1901,35,13.18,5,200.04,Sponsored Products,Broad
2025-12-22,B0673178,SKU-0001,2046,21,14.78,2,160.53,Sponsored Products,Broad
2025-12-22,B0494532,SKU-0002,742,10,7.09,1,25.02,Sponsored Brands,Exact
2025-12-22,B0466098,SKU-0003,1838,25,22.24,2,36.54,Sponsored Products,Phrase
2025-12-22,B0287544,SKU-0004,2001,25,15.47,2,211.8,Sponsored Products,Broad
2025-12-22,B0444234,SKU-0005,1335,18,8.04,1,92.06,Sponsored Products,Exact
2025-12-22,B0474559,SKU-0006,991,15,6.86,1,97.4,Sponsored Brands,Phrase
2025-12-22,B0760123,SKU-0007,2510,21,12.9,2,141.01,Sponsored Products,Exact
2025-12-22,B0300550,SKU-0008,2495,30,17.39,3,91.12,Sponsored Brands,Exact
2025-12-22,B0565132,SKU-0009,2601,36,24.5,2,274.41,Sponsored Products,Broad
2025-12-22,B0138771,SKU-0010,1358,23,10.95,2,161.75,Sponsored Products,Exact
2025-12-22,B0165870,SKU-0011,1660,19,17.43,2,77.25,Sponsored Brands,Phrase
2025-12-22,B0661462,SKU-0012,1248,17,6.36,1,48.44,Sponsored Products,Phrase
2025-12-22,B0241131,SKU-0013,1302,25,17.61,3,378.31,Sponsored Products,Broad
2025-12-22,B0934569,SKU-0014,1952,18,16.6,2,201.43,Sponsored Products,Exact
2025-12-22,B0916675,SKU-0015,2897,48,16.96,3,117.54,Sponsored Brands,Broad
2025-12-23,B0673178,SKU-0001,1596,16,7.62,0,0.0,Sponsored Products,Exact
2025-12-23,B0494532,SKU-0002,692,7,5.73,1,23.34,Sponsored Products,Broad
2025-12-23,B0466098,SKU-0003,2488,29,14.13,4,67.84,Sponsored Brands,Broad
2025-12-23,B0287544,SKU-0004,2138,34,29.02,3,317.04,Sponsored Products,Exact
2025-12-23,B0444234,SKU-0005,1406,27,14.94,2,182.15,Sponsored Brands,Phrase
2025-12-23,B0474559,SKU-0006,593,11,9.85,1,95.42,Sponsored Products,Exact
2025-12-23,B0760123,SKU-0007,2144,34,29.52,4,262.95,Sponsored Products,Phrase
2025-12-23,B0300550,SKU-0008,1676,28,21.21,1,30.05,Sponsored Brands,Exact
2025-12-23,B0565132,SKU-0009,2972,34,14.98,5,695.83,Sponsored Products,Phrase
2025-12-23,B0138771,SKU-0010,1710,30,24.43,4,340.82,Sponsored Products,Exact
2025-12-23,B0165870,SKU-0011,1990,18,11.62,2,71.15,Sponsored Brands,Phrase
2025-12-23,B0661462,SKU-0012,1550,24,8.7,3,139.98,Sponsored Products,Broad
2025-12-23,B0241131,SKU-0013,2560,41,21.23,4,520.31,Sponsored Brands,Broad
2025-12-23,B0934569,SKU-0014,2090,24,8.85,3,296.02,Sponsored Products,Broad
2025-12-23,B0916675,SKU-0015,2570,33,27.11,3,127.74,Sponsored Brands,Phrase
2025-12-24,B0673178,SKU-0001,1989,33,21.6,3,237.38,Sponsored Brands,Broad
2025-12-24,B0494532,SKU-0002,2694,45,35.48,4,95.63,Sponsored Products,Broad
2025-12-24,B0466098,SKU-0003,3168,54,32.31,2,37.91,Sponsored Products,Exact
2025-12-24,B0287544,SKU-0004,1613,22,17.36,1,108.79,Sponsored Products,Exact
2025-12-24,B0444234,SKU-0005,1272,12,8.8,1,85.15,Sponsored Brands,Exact
2025-12-24,B0474559,SKU-0006,2697,31,23.52,4,387.21,Sponsored Products,Phrase
2025-12-24,B0760123,SKU-0007,3109,48,43.72,4,276.83,Sponsored Products,Phrase
2025-12-24,B0300550,SKU-0008,1997,22,8.31,1,30.04,Sponsored Brands,Exact
2025-12-24,B0565132,SKU-0009,772,13,8.02,1,139.61,Sponsored Products,Exact
2025-12-24,B0138771,SKU-0010,2297,19,14.73,1,87.52,Sponsored Brands,Broad
2025-12-24,B0165870,SKU-0011,1942,38,20.51,5,183.46,Sponsored Brands,Phrase
2025-12-24,B0661462,SKU-0012,2803,29,17.67,4,170.78,Sponsored Products,Exact
2025-12-24,B0241131,SKU-0013,1019,10,5.04,0,0.0,Sponsored Products,Broad
2025-12-24,B0934569,SKU-0014,1345,26,9.51,3,309.84,Sponsored Products,Broad
2025-12-24,B0916675,SKU-0015,877,15,6.13,1,38.83,Sponsored Products,Phrase
2025-12-25,B0673178,SKU-0001,282,3,1.53,0,0.0,Sponsored Brands,Phrase
2025-12-25,B0494532,SKU-0002,2931,45,37.13,2,48.45,Sponsored Products,Broad
2025-12-25,B0466098,SKU-0003,1644,17,7.55,1,17.64,Sponsored Brands,Exact
2025-12-25,B0287544,SKU-0004,1549,30,27.51,4,458.41,Sponsored Brands,Exact
2025-12-25,B0444234,SKU-0005,1400,14,9.66,1,96.29,Sponsored Products,Broad
2025-12-25,B0474559,SKU-0006,1217,20,9.86,2,187.47,Sponsored Brands,Broad
2025-12-25,B0760123,SKU-0007,2538,31,11.0,1,69.29,Sponsored Products,Phrase
2025-12-25,B0300550,SKU-0008,2412,48,25.4,3,90.06,Sponsored Brands,Broad
2025-12-25,B0565132,SKU-0009,1774,23,18.47,2,259.78,Sponsored Brands,Broad
2025-12-25,B0138771,SKU-0010,2901,41,15.74,3,251.2,Sponsored Brands,Phrase
2025-12-25,B0165870,SKU-0011,1708,15,11.49,1,37.53,Sponsored Products,Phrase
2025-12-25,B0661462,SKU-0012,2492,33,16.16,4,185.18,Sponsored Brands,Exact
2025-12-25,B0241131,SKU-0013,1054,13,4.8,1,127.83,Sponsored Brands,Broad
2025-12-25,B0934569,SKU-0014,1627,26,16.3,3,279.87,Sponsored Products,Exact
2025-12-25,B0916675,SKU-0015,2143,40,26.79,3,129.98,Sponsored Brands,Phrase
2025-12-26,B0673178,SKU-0001,200,2,1.18,0,0.0,Sponsored Products,Exact
2025-12-26,B0494532,SKU-0002,1811,22,16.55,1,24.29,Sponsored Brands,Broad
2025-12-26,B0466098,SKU-0003,1156,12,8.12,1,18.71,Sponsored Products,Phrase
2025-12-26,B0287544,SKU-0004,1457,24,13.67,2,242.39,Sponsored Brands,Broad
2025-12-26,B0444234,SKU-0005,1983,23,10.46,2,171.22,Sponsored Products,Exact
2025-12-26,B0474559,SKU-0006,2658,42,39.01,3,291.71,Sponsored Brands,Exact
2025-12-26,B0760123,SKU-0007,1952,19,13.1,2,128.01,Sponsored Brands,Broad
2025-12-26,B0300550,SKU-0008,2169,29,17.24,3,88.65,Sponsored Products,Broad
2025-12-26,B0565132,SKU-0009,1539,20,8.21,2,260.65,Sponsored Brands,Phrase
2025-12-26,B0138771,SKU-0010,1817,19,15.01,2,170.83,Sponsored Products,Broad
2025-12-26,B0165870,SKU-0011,2252,32,29.01,3,107.98,Sponsored Brands,Exact
2025-12-26,B0661462,SKU-0012,1787,32,14.28,3,131.27,Sponsored Brands,Phrase
2025-12-26,B0241131,SKU-0013,2657,40,30.82,2,243.52,Sponsored Brands,Phrase
2025-12-26,B0934569,SKU-0014,2086,36,14.51,3,291.35,Sponsored Products,Phrase
2025-12-26,B0916675,SKU-0015,2164,40,20.37,3,122.24,Sponsored Brands,Broad
2025-12-27,B0673178,SKU-0001,2004,33,16.62,4,321.51,Sponsored Products,Phrase
2025-12-27,B0494532,SKU-0002,2020,28,16.99,2,48.34,Sponsored Brands,Exact
2025-12-27,B0466098,SKU-0003,1565,24,12.04,1,18.83,Sponsored Brands,Exact
2025-12-27,B0287544,SKU-0004,1344,22,10.44,1,119.75,Sponsored Products,Phrase
2025-12-27,B0444234,SKU-0005,2106,21,10.87,1,84.3,Sponsored Products,Broad
2025-12-27,B0474559,SKU-0006,1256,23,9.82,1,95.68,Sponsored Brands,Exact
2025-12-27,B0760123,SKU-0007,1737,33,19.62,2,129.4,Sponsored Brands,Phrase
2025-12-27,B0300550,SKU-0008,1864,23,16.23,3,94.46,Sponsored Brands,Exact
2025-12-27,B0565132,SKU-0009,1572,23,10.74,3,432.04,Sponsored Brands,Phrase
2025-12-27,B0138771,SKU-0010,3324,58,51.88,7,557.17,Sponsored Brands,Exact
2025-12-27,B0165870,SKU-0011,1445,16,13.69,2,73.56,Sponsored Products,Broad
2025-12-27,B0661462,SKU-0012,1736,24,22.6,2,95.26,Sponsored Brands,Exact
2025-12-27,B0241131,SKU-0013,1492,13,8.78,1,130.02,Sponsored Products,Phrase
2025-12-27,B0934569,SKU-0014,1213,9,5.95,0,0.0,Sponsored Products,Phrase
2025-12-27,B0916675,SKU-0015,2181,25,19.95,2,82.24,Sponsored Brands,Broad
2025-12-28,B0673178,SKU-0001,2948,28,10.83,3,244.8,Sponsored Brands,Exact
2025-12-28,B0494532,SKU-0002,1223,24,16.3,3,75.94,Sponsored Products,Broad
2025-12-28,B0466098,SKU-0003,1137,14,8.6,1,17.69,Sponsored Products,Phrase
2025-12-28,B0287544,SKU-0004,2150,23,12.97,3,362.17,Sponsored Brands,Phrase
2025-12-28,B0444234,SKU-0005,2056,23,16.99,3,257.92,Sponsored Products,Exact
2025-12-28,B0474559,SKU-0006,1765,26,23.73,2,206.02,Sponsored Products,Phrase
2025-12-28,B0760123,SKU-0007,1885,34,27.65,2,136.23,Sponsored Products,Phrase
2025-12-28,B0300550,SKU-0008,1489,20,15.31,3,84.6,Sponsored Products,Phrase
2025-12-28,B0565132,SKU-0009,1244,15,11.56,1,141.67,Sponsored Brands,Phrase
2025-12-28,B0138771,SKU-0010,2555,41,19.57,2,158.9,Sponsored Brands,Broad
2025-12-28,B0165870,SKU-0011,1420,22,8.91,1,36.31,Sponsored Brands,Broad
2025-12-28,B0661462,SKU-0012,2463,34,18.29,3,145.38,Sponsored Products,Exact
2025-12-28,B0241131,SKU-0013,1243,11,4.87,1,130.77,Sponsored Products,Phrase
2025-12-28,B0934569,SKU-0014,2190,28,18.4,2,197.48,Sponsored Products,Exact
2025-12-28,B0916675,SKU-0015,2041,23,10.35,2,87.31,Sponsored Brands,Exact
2025-12-29,B0673178,SKU-0001,1702,20,10.43,1,72.67,Sponsored Brands,Broad
2025-12-29,B0494532,SKU-0002,1644,25,17.96,3,68.05,Sponsored Brands,Phrase
2025-12-29,B0466098,SKU-0003,1685,17,9.0,1,18.72,Sponsored Products,Broad
2025-12-29,B0287544,SKU-0004,2103,18,9.45,2,224.65,Sponsored Products,Exact
2025-12-29,B0444234,SKU-0005,1278,23,11.49,2,172.7,Sponsored Products,Broad
2025-12-29,B0474559,SKU-0006,1784,16,14.7,2,178.49,Sponsored Brands,Broad
2025-12-29,B0760123,SKU-0007,2281,23,15.58,1,72.3,Sponsored Brands,Phrase
2025-12-29,B0300550,SKU-0008,932,10,8.74,1,30.09,Sponsored Brands,Exact
2025-12-29,B0565132,SKU-0009,644,9,4.9,0,0.0,Sponsored Brands,Phrase
2025-12-29,B0138771,SKU-0010,2105,25,18.4,2,165.04,Sponsored Products,Phrase
2025-12-29,B0165870,SKU-0011,2658,46,35.69,4,150.58,Sponsored Brands,Phrase
2025-12-29,B0661462,SKU-0012,2093,28,14.37,2,85.62,Sponsored Products,Exact
2025-12-29,B0241131,SKU-0013,2168,28,14.84,2,264.39,Sponsored Products,Phrase
2025-12-29,B0934569,SKU-0014,1584,21,19.23,2,193.27,Sponsored Brands,Phrase
2025-12-29,B0916675,SKU-0015,1986,30,20.66,1,42.26,Sponsored Brands,Phrase
2025-12-30,B0673178,SKU-0001,1465,13,6.63,1,76.91,Sponsored Products,Broad
2025-12-30,B0494532,SKU-0002,521,9,4.1,1,23.54,Sponsored Brands,Phrase
2025-12-30,B0466098,SKU-0003,2063,39,34.76,5,90.4,Sponsored Brands,Broad
2025-12-30,B0287544,SKU-0004,1389,27,15.25,1,120.29,Sponsored Brands,Phrase
2025-12-30,B0444234,SKU-0005,2113,40,30.92,5,446.56,Sponsored Products,Broad
2025-12-30,B0474559,SKU-0006,1798,35,23.73,2,196.0,Sponsored Brands,Exact
2025-12-30,B0760123,SKU-0007,2526,21,11.18,2,136.93,Sponsored Brands,Broad
2025-12-30,B0300550,SKU-0008,1140,10,4.31,1,29.97,Sponsored Brands,Broad
2025-12-30,B0565132,SKU-0009,2438,42,32.74,3,391.06,Sponsored Brands,Exact
2025-12-30,B0138771,SKU-0010,2215,20,13.18,1,84.27,Sponsored Brands,Broad
2025-12-30,B0165870,SKU-0011,1606,14,10.09,1,37.9,Sponsored Products,Phrase
2025-12-30,B0661462,SKU-0012,1718,28,25.5,2,94.22,Sponsored Brands,Phrase
2025-12-30,B0241131,SKU-0013,585,4,2.4,0,0.0,Sponsored Products,Phrase
2025-12-30,B0934569,SKU-0014,2317,43,16.22,4,396.01,Sponsored Products,Exact
2025-12-30,B0916675,SKU-0015,1637,20,13.89,1,41.53,Sponsored Products,Broad
2025-12-31,B0673178,SKU-0001,1994,19,15.47,2,148.48,Sponsored Products,Phrase
2025-12-31,B0494532,SKU-0002,1902,19,10.99,2,44.79,Sponsored Brands,Broad
2025-12-31,B0466098,SKU-0003,2525,46,30.69,6,104.41,Sponsored Products,Broad
2025-12-31,B0287544,SKU-0004,2026,30,26.69,1,106.97,Sponsored Products,Phrase
2025-12-31,B0444234,SKU-0005,2141,39,29.92,5,485.74,Sponsored Brands,Phrase
2025-12-31,B0474559,SKU-0006,1313,20,17.03,1,102.43,Sponsored Products,Exact
2025-12-31,B0760123,SKU-0007,972,7,3.88,0,0.0,Sponsored Brands,Exact
2025-12-31,B0300550,SKU-0008,2976,56,19.65,3,85.69,Sponsored Products,Phrase
2025-12-31,B0565132,SKU-0009,906,14,5.21,1,138.19,Sponsored Brands,Broad
2025-12-31,B0138771,SKU-0010,2455,43,18.19,3,250.24,Sponsored Products,Broad
2025-12-31,B0165870,SKU-0011,2437,38,27.23,3,111.06,Sponsored Brands,Phrase
2025-12-31,B0661462,SKU-0012,2168,40,29.72,2,96.78,Sponsored Products,Exact
2025-12-31,B0241131,SKU-0013,1484,24,22.31,3,347.12,Sponsored Products,Phrase
2025-12-31,B0934569,SKU-0014,1659,28,19.62,2,198.1,Sponsored Brands,Phrase
2025-12-31,B0916675,SKU-0015,2460,48,27.76,2,86.33,Sponsored Brands,Phrase
2026-01-01,B0673178,SKU-0001,1623,24,15.63,1,73.16,Sponsored Brands,Phrase
2026-01-01,B0494532,SKU-0002,2230,37,24.9,4,89.71,Sponsored Products,Phrase
2026-01-01,B0466098,SKU-0003,1541,27,16.61,2,34.07,Sponsored Products,Broad
2026-01-01,B0287544,SKU-0004,921,18,11.61,2,219.04,Sponsored Brands,Broad
2026-01-01,B0444234,SKU-0005,1494,15,8.28,1,96.31,Sponsored Products,Exact
2026-01-01,B0474559,SKU-0006,1402,19,13.97,1,88.94,Sponsored Brands,Broad
2026-01-01,B0760123,SKU-0007,2530,33,16.93,3,204.85,Sponsored Brands,Phrase
2026-01-01,B0300550,SKU-0008,1703,23,11.26,1,28.86,Sponsored Products,Broad
2026-01-01,B0565132,SKU-0009,2014,17,9.47,1,133.91,Sponsored Products,Exact
2026-01-01,B0138771,SKU-0010,1886,29,23.88,4,356.36,Sponsored Brands,Broad
2026-01-01,B0165870,SKU-0011,1467,15,14.24,1,38.35,Sponsored Brands,Exact
2026-01-01,B0661462,SKU-0012,2061,34,22.23,4,188.2,Sponsored Products,Broad
2026-01-01,B0241131,SKU-0013,1402,19,7.22,1,128.29,Sponsored Products,Exact
2026-01-01,B0934569,SKU-0014,435,4,2.87,0,0.0,Sponsored Brands,Phrase
2026-01-01,B0916675,SKU-0015,2125,40,19.82,2,79.95,Sponsored Brands,Phrase
2026-01-02,B0673178,SKU-0001,2885,27,16.53,2,163.94,Sponsored Products,Broad
2026-01-02,B0494532,SKU-0002,1907,25,15.3,2,49.04,Sponsored Brands,Exact
2026-01-02,B0466098,SKU-0003,2216,18,10.16,1,17.77,Sponsored Brands,Phrase
2026-01-02,B0287544,SKU-0004,1374,14,6.09,1,105.88,Sponsored Brands,Exact
2026-01-02,B0444234,SKU-0005,2171,21,18.7,1,84.28,Sponsored Brands,Broad
2026-01-02,B0474559,SKU-0006,995,9,7.41,0,0.0,Sponsored Brands,Phrase
2026-01-02,B0760123,SKU-0007,2158,17,12.76,1,64.85,Sponsored Products,Exact
2026-01-02,B0300550,SKU-0008,1874,35,26.45,3,85.79,Sponsored Products,Phrase
2026-01-02,B0565132,SKU-0009,863,14,9.3,0,0.0,Sponsored Brands,Exact
2026-01-02,B0138771,SKU-0010,2384,33,23.67,4,332.21,Sponsored Brands,Broad
2026-01-02,B0165870,SKU-0011,1783,22,19.77,1,38.76,Sponsored Products,Phrase
2026-01-02,B0661462,SKU-0012,2537,45,30.98,3,146.31,Sponsored Brands,Broad
2026-01-02,B0241131,SKU-0013,1025,16,13.39,1,134.07,Sponsored Brands,Exact
2026-01-02,B0934569,SKU-0014,2385,35,20.96,4,408.84,Sponsored Products,Exact
2026-01-02,B0916675,SKU-0015,1186,13,12.01,0,0.0,Sponsored Products,Exact
2026-01-03,B0673178,SKU-0001,2555,22,9.6,1,78.22,Sponsored Products,Broad
2026-01-03,B0494532,SKU-0002,1494,24,17.91,3,70.11,Sponsored Brands,Phrase
2026-01-03,B0466098,SKU-0003,1254,20,9.64,1,17.38,Sponsored Brands,Phrase
2026-01-03,B0287544,SKU-0004,930,16,10.46,1,105.58,Sponsored Products,Phrase
2026-01-03,B0444234,SKU-0005,2000,27,21.61,2,175.44,Sponsored Brands,Broad
2026-01-03,B0474559,SKU-0006,1691,25,22.34,3,305.37,Sponsored Products,Exact
2026-01-03,B0760123,SKU-0007,1687,23,11.26,3,215.57,Sponsored Brands,Exact
2026-01-03,B0300550,SKU-0008,2009,35,30.01,2,56.88,Sponsored Products,Phrase
2026-01-03,B0565132,SKU-0009,952,10,6.65,0,0.0,Sponsored Products,Phrase
2026-01-03,B0138771,SKU-0010,2514,37,29.01,3,252.31,Sponsored Brands,Broad
2026-01-03,B0165870,SKU-0011,3025,45,25.84,2,82.08,Sponsored Brands,Exact
2026-01-03,B0661462,SKU-0012,2698,43,39.79,6,259.14,Sponsored Brands,Phrase
2026-01-03,B0241131,SKU-0013,2695,32,18.21,2,258.92,Sponsored Brands,Phrase
2026-01-03,B0934569,SKU-0014,2450,27,12.38,2,200.01,Sponsored Products,Phrase
2026-01-03,B0916675,SKU-0015,2037,19,8.81,2,86.31,Sponsored Brands,Exact
2026-01-04,B0673178,SKU-0001,1361,17,7.86,1,74.41,Sponsored Brands,Broad
2026-01-04,B0494532,SKU-0002,1957,16,9.59,1,24.67,Sponsored Products,Broad
2026-01-04,B0466098,SKU-0003,3302,37,25.09,4,75.01,Sponsored Products,Phrase
2026-01-04,B0287544,SKU-0004,2200,37,20.16,4,438.07,Sponsored Brands,Broad
2026-01-04,B0444234,SKU-0005,1388,18,7.74,2,171.65,Sponsored Products,Phrase
2026-01-04,B0474559,SKU-0006,1509,13,10.55,1,97.74,Sponsored Brands,Exact
2026-01-04,B0760123,SKU-0007,2380,43,21.06,2,139.91,Sponsored Products,Exact
2026-01-04,B0300550,SKU-0008,3073,39,16.18,3,93.4,Sponsored Products,Broad
2026-01-04,B0565132,SKU-0009,2304,31,26.59,1,136.66,Sponsored Products,Broad
2026-01-04,B0138771,SKU-0010,708,9,4.93,0,0.0,Sponsored Products,Phrase
2026-01-04,B0165870,SKU-0011,2930,55,37.66,6,240.29,Sponsored Products,Phrase
2026-01-04,B0661462,SKU-0012,2846,53,25.11,5,225.67,Sponsored Products,Exact
2026-01-04,B0241131,SKU-0013,2456,30,13.16,4,525.66,Sponsored Products,Phrase
2026-01-04,B0934569,SKU-0014,2335,34,14.21,4,386.09,Sponsored Products,Phrase
2026-01-04,B0916675,SKU-0015,1768,20,17.96,2,80.63,Sponsored Brands,Phrase
2026-01-05,B0673178,SKU-0001,1815,33,28.82,4,322.36,Sponsored Products,Broad
2026-01-05,B0494532,SKU-0002,2433,33,17.73,2,47.51,Sponsored Brands,Phrase
2026-01-05,B0466098,SKU-0003,1749,23,10.36,1,17.0,Sponsored Products,Broad
2026-01-05,B0287544,SKU-0004,1047,14,8.8,1,114.62,Sponsored Brands,Broad
2026-01-05,B0444234,SKU-0005,454,6,3.9,0,0.0,Sponsored Brands,Exact
2026-01-05,B0474559,SKU-0006,1632,23,11.3,3,270.68,Sponsored Products,Phrase
2026-01-05,B0760123,SKU-0007,2234,32,25.88,1,69.41,Sponsored Brands,Exact
2026-01-05,B0300550,SKU-0008,2102,26,9.7,3,96.7,Sponsored Products,Phrase
2026-01-05,B0565132,SKU-0009,2575,21,7.83,2,271.04,Sponsored Brands,Phrase
2026-01-05,B0138771,SKU-0010,1444,22,18.4,1,78.1,Sponsored Brands,Exact
2026-01-05,B0165870,SKU-0011,1775,14,6.33,1,35.77,Sponsored Brands,Broad
2026-01-05,B0661462,SKU-0012,1868,26,10.38,1,43.53,Sponsored Brands,Exact
2026-01-05,B0241131,SKU-0013,1101,18,10.64,1,127.02,Sponsored Products,Broad
2026-01-05,B0934569,SKU-0014,1742,20,13.26,2,182.29,Sponsored Products,Phrase
2026-01-05,B0916675,SKU-0015,1355,23,18.57,1,41.25,Sponsored Products,Phrase
2026-01-06,B0673178,SKU-0001,558,7,6.41,0,0.0,Sponsored Products,Exact
2026-01-06,B0494532,SKU-0002,2965,28,12.86,2,45.43,Sponsored Brands,Exact
2026-01-06,B0466098,SKU-0003,3022,57,22.93,8,140.64,Sponsored Products,Exact
2026-01-06,B0287544,SKU-0004,1179,17,8.95,2,235.04,Sponsored Brands,Phrase
2026-01-06,B0444234,SKU-0005,1611,22,11.5,1,86.06,Sponsored Brands,Exact
2026-01-06,B0474559,SKU-0006,2382,42,31.52,6,602.7,Sponsored Brands,Broad
2026-01-06,B0760123,SKU-0007,2938,34,18.73,4,261.72,Sponsored Brands,Phrase
2026-01-06,B0300550,SKU-0008,761,6,3.65,0,0.0,Sponsored Brands,Phrase
2026-01-06,B0565132,SKU-0009,2002,32,22.65,3,376.54,Sponsored Brands,Phrase
2026-01-06,B0138771,SKU-0010,2767,41,28.79,5,419.07,Sponsored Products,Broad
2026-01-06,B0165870,SKU-0011,2215,42,15.05,6,230.8,Sponsored Products,Phrase
2026-01-06,B0661462,SKU-0012,2280,26,16.97,1,47.13,Sponsored Brands,Exact
2026-01-06,B0241131,SKU-0013,1191,21,18.27,2,243.02,Sponsored Products,Broad
2026-01-06,B0934569,SKU-0014,2106,32,17.59,3,306.04,Sponsored Brands,Broad
2026-01-06,B0916675,SKU-0015,1955,28,19.07,2,79.19,Sponsored Brands,Phrase
2026-01-07,B0673178,SKU-0001,1554,20,12.44,1,79.12,Sponsored Products,Phrase
2026-01-07,B0494532,SKU-0002,1990,18,12.71,2,47.95,Sponsored Products,Phrase
2026-01-07,B0466098,SKU-0003,1785,29,10.69,3,49.1,Sponsored Brands,Broad
2026-01-07,B0287544,SKU-0004,2224,19,16.14,2,238.95,Sponsored Products,Exact
2026-01-07,B0444234,SKU-0005,988,19,7.04,1,95.15,Sponsored Products,Exact
2026-01-07,B0474559,SKU-0006,984,8,5.44,0,0.0,Sponsored Brands,Exact
2026-01-07,B0760123,SKU-0007,2075,40,33.44,5,327.59,Sponsored Products,Broad
2026-01-07,B0300550,SKU-0008,2052,35,16.52,2,61.94,Sponsored Brands,Broad
2026-01-07,B0565132,SKU-0009,1827,19,17.72,1,132.12,Sponsored Brands,Exact
2026-01-07,B0138771,SKU-0010,2047,33,26.38,4,327.59,Sponsored Products,Phrase
2026-01-07,B0165870,SKU-0011,2072,32,26.94,4,144.43,Sponsored Products,Broad
2026-01-07,B0661462,SKU-0012,3061,47,28.15,2,91.64,Sponsored Brands,Exact
2026-01-07,B0241131,SKU-0013,3207,42,20.63,3,358.8,Sponsored Brands,Phrase
2026-01-07,B0934569,SKU-0014,409,7,3.08,0,0.0,Sponsored Products,Broad
2026-01-07,B0916675,SKU-0015,2415,21,13.94,2,88.51,Sponsored Brands,Broad
2026-01-08,B0673178,SKU-0001,1206,9,3.57,0,0.0,Sponsored Products,Exact
2026-01-08,B0494532,SKU-0002,2192,19,17.16,2,45.41,Sponsored Brands,Exact
2026-01-08,B0466098,SKU-0003,1689,14,9.44,1,18.65,Sponsored Brands,Exact
2026-01-08,B0287544,SKU-0004,1999,25,11.53,3,359.06,Sponsored Brands,Exact
2026-01-08,B0444234,SKU-0005,1869,30,20.03,2,185.34,Sponsored Brands,Exact
2026-01-08,B0474559,SKU-0006,2212,28,20.35,1,101.17,Sponsored Brands,Broad
2026-01-08,B0760123,SKU-0007,1712,33,19.82,5,323.67,Sponsored Brands,Phrase
2026-01-08,B0300550,SKU-0008,820,11,7.51,0,0.0,Sponsored Brands,Phrase
2026-01-08,B0565132,SKU-0009,1711,27,13.53,4,509.49,Sponsored Products,Phrase
2026-01-08,B0138771,SKU-0010,2710,26,19.97,1,90.12,Sponsored Brands,Phrase
2026-01-08,B0165870,SKU-0011,1499,29,18.89,3,106.67,Sponsored Brands,Exact
2026-01-08,B0661462,SKU-0012,1344,20,11.56,1,47.84,Sponsored Brands,Broad
2026-01-08,B0241131,SKU-0013,1738,16,12.97,1,118.13,Sponsored Brands,Broad
2026-01-08,B0934569,SKU-0014,980,11,9.24,1,95.49,Sponsored Products,Broad
2026-01-08,B0916675,SKU-0015,2027,34,15.52,2,78.7,Sponsored Brands,Broad
2026-01-09,B0673178,SKU-0001,2239,41,21.9,5,391.09,Sponsored Products,Exact
2026-01-09,B0494532,SKU-0002,1626,14,10.45,1,24.61,Sponsored Brands,Phrase
2026-01-09,B0466098,SKU-0003,2252,31,18.85,4,66.44,Sponsored Products,Exact
2026-01-09,B0287544,SKU-0004,2432,27,25.26,1,108.61,Sponsored Brands,Exact
2026-01-09,B0444234,SKU-0005,2009,35,23.6,3,256.05,Sponsored Products,Phrase
2026-01-09,B0474559,SKU-0006,3146,38,32.73,4,376.3,Sponsored Brands,Phrase
2026-01-09,B0760123,SKU-0007,1787,14,13.24,1,65.76,Sponsored Brands,Exact
2026-01-09,B0300550,SKU-0008,804,10,8.78,0,0.0,Sponsored Products,Broad
2026-01-09,B0565132,SKU-0009,1813,15,8.73,1,131.79,Sponsored Products,Phrase
2026-01-09,B0138771,SKU-0010,1751,33,25.3,2,169.07,Sponsored Products,Phrase
2026-01-09,B0165870,SKU-0011,1102,18,12.51,1,40.23,Sponsored Brands,Exact
2026-01-09,B0661462,SKU-0012,1867,36,23.73,4,196.26,Sponsored Brands,Phrase
2026-01-09,B0241131,SKU-0013,1873,20,17.85,2,233.23,Sponsored Brands,Phrase
2026-01-09,B0934569,SKU-0014,1231,24,20.21,2,192.07,Sponsored Products,Phrase
2026-01-09,B0916675,SKU-0015,1649,29,27.06,2,81.61,Sponsored Products,Phrase
2026-01-10,B0673178,SKU-0001,767,9,4.56,0,0.0,Sponsored Brands,Exact
2026-01-10,B0494532,SKU-0002,1930,24,13.91,1,23.81,Sponsored Brands,Exact
2026-01-10,B0466098,SKU-0003,1555,30,26.26,3,54.44,Sponsored Products,Exact
2026-01-10,B0287544,SKU-0004,2781,44,41.35,2,237.3,Sponsored Products,Exact
2026-01-10,B0444234,SKU-0005,2001,38,25.47,3,260.77,Sponsored Products,Broad
2026-01-10,B0474559,SKU-0006,448,7,6.6,0,0.0,Sponsored Brands,Exact
2026-01-10,B0760123,SKU-0007,2392,32,16.87,2,143.01,Sponsored Brands,Exact
2026-01-10,B0300550,SKU-0008,1439,24,13.13,3,94.61,Sponsored Brands,Phrase
2026-01-10,B0565132,SKU-0009,1920,21,9.84,2,271.63,Sponsored Products,Exact
2026-01-10,B0138771,SKU-0010,2885,51,45.44,5,424.64,Sponsored Brands,Broad
2026-01-10,B0165870,SKU-0011,2286,26,16.15,2,74.92,Sponsored Brands,Broad
2026-01-10,B0661462,SKU-0012,1444,24,18.19,1,42.96,Sponsored Products,Broad
2026-01-10,B0241131,SKU-0013,992,17,9.45,1,124.74,Sponsored Brands,Phrase
2026-01-10,B0934569,SKU-0014,2312,33,13.65,4,357.77,Sponsored Brands,Exact
2026-01-10,B0916675,SKU-0015,2793,43,21.85,2,76.99,Sponsored Products,Exact
2026-01-11,B0673178,SKU-0001,2040,17,12.71,1,81.9,Sponsored Brands,Phrase
2026-01-11,B0494532,SKU-0002,2021,27,17.41,4,95.47,Sponsored Brands,Exact
2026-01-11,B0466098,SKU-0003,2574,32,14.35,3,53.46,Sponsored Brands,Phrase
2026-01-11,B0287544,SKU-0004,2430,32,22.6,2,230.45,Sponsored Brands,Exact
2026-01-11,B0444234,SKU-0005,1670,32,27.67,1,96.48,Sponsored Products,Phrase
2026-01-11,B0474559,SKU-0006,1415,22,8.9,3,295.85,Sponsored Products,Exact
2026-01-11,B0760123,SKU-0007,2015,30,17.83,1,65.51,Sponsored Brands,Exact
2026-01-11,B0300550,SKU-0008,1611,18,16.74,2,63.73,Sponsored Brands,Exact
2026-01-11,B0565132,SKU-0009,1237,24,8.63,1,130.15,Sponsored Products,Phrase
2026-01-11,B0138771,SKU-0010,1255,24,18.56,3,237.52,Sponsored Brands,Phrase
2026-01-11,B0165870,SKU-0011,1497,15,13.13,2,73.98,Sponsored Brands,Broad
2026-01-11,B0661462,SKU-0012,2242,34,24.44,4,183.64,Sponsored Products,Exact
2026-01-11,B0241131,SKU-0013,1356,14,5.89,2,254.97,Sponsored Brands,Phrase
2026-01-11,B0934569,SKU-0014,1155,14,6.75,0,0.0,Sponsored Products,Broad
2026-01-11,B0916675,SKU-0015,2210,43,26.13,4,155.99,Sponsored Products,Exact
2026-01-12,B0673178,SKU-0001,2969,48,27.87,4,331.62,Sponsored Products,Broad
2026-01-12,B0494532,SKU-0002,2423,36,28.94,2,44.75,Sponsored Products,Exact
2026-01-12,B0466098,SKU-0003,1583,24,10.48,3,55.05,Sponsored Products,Exact
2026-01-12,B0287544,SKU-0004,1136,12,8.07,0,0.0,Sponsored Brands,Broad
2026-01-12,B0444234,SKU-0005,1054,19,14.94,2,190.86,Sponsored Products,Phrase
2026-01-12,B0474559,SKU-0006,1287,23,14.75,1,102.41,Sponsored Brands,Broad
2026-01-12,B0760123,SKU-0007,1161,10,5.05,1,72.42,Sponsored Brands,Broad
2026-01-12,B0300550,SKU-0008,2602,28,26.32,3,90.11,Sponsored Brands,Broad
2026-01-12,B0565132,SKU-0009,1565,13,8.34,0,0.0,Sponsored Products,Phrase
2026-01-12,B0138771,SKU-0010,2676,31,17.03,2,166.34,Sponsored Brands,Exact
2026-01-12,B0165870,SKU-0011,2548,22,10.88,3,109.44,Sponsored Products,Exact
2026-01-12,B0661462,SKU-0012,1843,29,25.02,2,88.76,Sponsored Brands,Exact
2026-01-12,B0241131,SKU-0013,2231,22,13.14,1,130.85,Sponsored Products,Exact
2026-01-12,B0934569,SKU-0014,527,6,5.4,0,0.0,Sponsored Products,Phrase
2026-01-12,B0916675,SKU-0015,1574,31,19.73,2,87.76,Sponsored Products,Exact
2026-01-13,B0673178,SKU-0001,1973,35,31.18,4,309.14,Sponsored Products,Broad
2026-01-13,B0494532,SKU-0002,1368,23,18.89,2,46.07,Sponsored Brands,Phrase
2026-01-13,B0466098,SKU-0003,1462,21,18.72,2,34.9,Sponsored Brands,Broad
2026-01-13,B0287544,SKU-0004,2405,32,30.06,3,318.09,Sponsored Brands,Broad
2026-01-13,B0444234,SKU-0005,1966,23,20.37,2,176.54,Sponsored Products,Broad
2026-01-13,B0474559,SKU-0006,2804,39,21.21,3,294.69,Sponsored Brands,Exact
2026-01-13,B0760123,SKU-0007,2167,30,26.36,2,143.02,Sponsored Products,Exact
2026-01-13,B0300550,SKU-0008,1145,13,10.12,1,28.17,Sponsored Brands,Broad
2026-01-13,B0565132,SKU-0009,2487,41,18.77,5,705.63,Sponsored Brands,Broad
2026-01-13,B0138771,SKU-0010,2234,36,30.27,5,427.28,Sponsored Products,Broad
2026-01-13,B0165870,SKU-0011,2658,30,23.96,1,40.64,Sponsored Products,Broad
2026-01-13,B0661462,SKU-0012,908,10,3.77,1,45.29,Sponsored Brands,Phrase
2026-01-13,B0241131,SKU-0013,1549,30,25.79,4,523.78,Sponsored Brands,Exact
2026-01-13,B0934569,SKU-0014,3753,47,24.29,6,593.41,Sponsored Products,Exact
2026-01-13,B0916675,SKU-0015,2759,50,31.79,3,130.7,Sponsored Brands,Phrase
2026-01-14,B0673178,SKU-0001,2839,28,23.14,1,82.3,Sponsored Products,Phrase
2026-01-14,B0494532,SKU-0002,1703,27,19.96,4,92.97,Sponsored Brands,Phrase
2026-01-14,B0466098,SKU-0003,2839,51,32.56,3,52.02,Sponsored Brands,Phrase
2026-01-14,B0287544,SKU-0004,2436,23,13.89,2,241.56,Sponsored Brands,Exact
2026-01-14,B0444234,SKU-0005,1744,25,12.92,3,260.01,Sponsored Brands,Phrase
2026-01-14,B0474559,SKU-0006,2283,38,35.68,5,500.78,Sponsored Brands,Phrase
2026-01-14,B0760123,SKU-0007,1735,19,15.4,1,67.0,Sponsored Brands,Phrase
2026-01-14,B0300550,SKU-0008,2264,25,22.69,2,61.57,Sponsored Products,Broad
2026-01-14,B0565132,SKU-0009,1831,28,22.24,3,417.55,Sponsored Products,Exact
2026-01-14,B0138771,SKU-0010,1123,9,5.33,0,0.0,Sponsored Brands,Broad
2026-01-14,B0165870,SKU-0011,2637,37,29.93,3,118.18,Sponsored Brands,Broad
2026-01-14,B0661462,SKU-0012,1366,26,18.24,3,137.04,Sponsored Products,Exact
2026-01-14,B0241131,SKU-0013,1821,36,15.89,3,374.52,Sponsored Brands,Phrase
2026-01-14,B0934569,SKU-0014,679,5,4.18,0,0.0,Sponsored Products,Broad
2026-01-14,B0916675,SKU-0015,2597,47,36.52,3,120.65,Sponsored Products,Phrase
2026-01-15,B0673178,SKU-0001,1974,35,24.73,3,244.76,Sponsored Products,Broad
2026-01-15,B0494532,SKU-0002,2203,25,12.06,3,75.04,Sponsored Brands,Broad
2026-01-15,B0466098,SKU-0003,888,9,6.59,0,0.0,Sponsored Products,Exact
2026-01-15,B0287544,SKU-0004,1203,17,7.71,2,232.62,Sponsored Products,Exact
2026-01-15,B0444234,SKU-0005,1557,27,11.68,3,267.67,Sponsored Brands,Broad
2026-01-15,B0474559,SKU-0006,2799,23,9.53,2,188.63,Sponsored Products,Phrase
2026-01-15,B0760123,SKU-0007,1872,26,19.54,2,142.99,Sponsored Products,Broad
2026-01-15,B0300550,SKU-0008,1628,24,22.02,2,60.91,Sponsored Brands,Phrase
2026-01-15,B0565132,SKU-0009,1654,28,14.19,4,525.38,Sponsored Brands,Exact
2026-01-15,B0138771,SKU-0010,1559,26,20.72,2,178.97,Sponsored Brands,Phrase
2026-01-15,B0165870,SKU-0011,961,10,9.36,0,0.0,Sponsored Brands,Phrase
2026-01-15,B0661462,SKU-0012,1760,25,11.5,1,45.2,Sponsored Products,Phrase
2026-01-15,B0241131,SKU-0013,1353,13,8.59,1,128.91,Sponsored Products,Phrase
2026-01-15,B0934569,SKU-0014,1181,13,5.69,1,98.11,Sponsored Products,Exact
2026-01-15,B0916675,SKU-0015,2119,17,6.47,1,39.87,Sponsored Brands,Broad
2026-01-16,B0673178,SKU-0001,2151,20,15.45,1,73.0,Sponsored Brands,Broad
2026-01-16,B0494532,SKU-0002,1429,19,17.43,1,23.82,Sponsored Products,Exact
2026-01-16,B0466098,SKU-0003,1894,28,15.77,2,35.18,Sponsored Products,Broad
2026-01-16,B0287544,SKU-0004,2321,22,8.08,3,361.51,Sponsored Brands,Broad
2026-01-16,B0444234,SKU-0005,2451,23,18.84,2,181.06,Sponsored Brands,Phrase
2026-01-16,B0474559,SKU-0006,811,6,2.39,0,0.0,Sponsored Products,Broad
2026-01-16,B0760123,SKU-0007,1859,21,8.99,1,68.49,Sponsored Brands,Phrase
2026-01-16,B0300550,SKU-0008,780,14,13.1,1,30.21,Sponsored Products,Exact
2026-01-16,B0565132,SKU-0009,1439,22,8.65,1,137.83,Sponsored Products,Phrase
2026-01-16,B0138771,SKU-0010,1920,22,20.3,1,88.81,Sponsored Products,Exact
2026-01-16,B0165870,SKU-0011,1461,12,4.68,1,39.53,Sponsored Brands,Exact
2026-01-16,B0661462,SKU-0012,1667,20,12.47,2,91.79,Sponsored Brands,Exact
2026-01-16,B0241131,SKU-0013,1938,20,16.26,3,401.67,Sponsored Products,Exact
2026-01-16,B0934569,SKU-0014,2620,50,37.43,6,592.45,Sponsored Brands,Phrase
2026-01-16,B0916675,SKU-0015,1974,35,32.99,3,120.17,Sponsored Products,Broad
2026-01-17,B0673178,SKU-0001,2237,20,7.28,1,79.58,Sponsored Brands,Broad
2026-01-17,B0494532,SKU-0002,749,10,6.03,1,23.45,Sponsored Products,Phrase
2026-01-17,B0466098,SKU-0003,1922,32,15.84,3,49.86,Sponsored Products,Phrase
2026-01-17,B0287544,SKU-0004,3602,70,45.17,8,959.12,Sponsored Products,Phrase
2026-01-17,B0444234,SKU-0005,2566,41,22.59,6,560.82,Sponsored Brands,Exact
2026-01-17,B0474559,SKU-0006,2041,33,13.3,2,180.25,Sponsored Brands,Exact
2026-01-17,B0760123,SKU-0007,2188,21,17.28,2,125.41,Sponsored Brands,Broad
2026-01-17,B0300550,SKU-0008,1845,18,15.29,1,31.6,Sponsored Products,Exact
2026-01-17,B0565132,SKU-0009,1885,15,12.85,1,127.8,Sponsored Brands,Broad
2026-01-17,B0138771,SKU-0010,988,14,12.37,0,0.0,Sponsored Brands,Exact
2026-01-17,B0165870,SKU-0011,1494,20,16.44,2,79.69,Sponsored Brands,Broad
2026-01-17,B0661462,SKU-0012,3266,54,47.56,6,286.14,Sponsored Products,Broad
2026-01-17,B0241131,SKU-0013,1998,24,12.38,2,241.76,Sponsored Products,Phrase
2026-01-17,B0934569,SKU-0014,2475,23,10.08,2,205.18,Sponsored Products,Phrase
2026-01-17,B0916675,SKU-0015,1202,17,10.3,2,83.38,Sponsored Products,Phrase
2026-01-18,B0673178,SKU-0001,681,5,3.54,0,0.0,Sponsored Brands,Exact
2026-01-18,B0494532,SKU-0002,2222,29,24.41,3,75.15,Sponsored Products,Phrase
2026-01-18,B0466098,SKU-0003,2049,27,19.17,2,33.72,Sponsored Brands,Broad
2026-01-18,B0287544,SKU-0004,1429,24,16.75,2,240.49,Sponsored Brands,Exact
2026-01-18,B0444234,SKU-0005,1885,26,22.04,3,253.86,Sponsored Brands,Phrase
2026-01-18,B0474559,SKU-0006,1663,31,23.65,2,184.12,Sponsored Products,Phrase
2026-01-18,B0760123,SKU-0007,1610,19,16.3,2,137.95,Sponsored Brands,Broad
2026-01-18,B0300550,SKU-0008,2355,22,7.87,3,86.47,Sponsored Brands,Exact
2026-01-18,B0565132,SKU-0009,1356,17,12.6,0,0.0,Sponsored Brands,Exact
2026-01-18,B0138771,SKU-0010,1544,21,10.68,3,245.96,Sponsored Products,Phrase
2026-01-18,B0165870,SKU-0011,2197,18,7.03,1,35.81,Sponsored Products,Exact
2026-01-18,B0661462,SKU-0012,2288,43,23.41,5,238.51,Sponsored Brands,Broad
2026-01-18,B0241131,SKU-0013,614,12,5.69,1,127.99,Sponsored Products,Broad
2026-01-18,B0934569,SKU-0014,1618,20,13.72,2,205.71,Sponsored Brands,Phrase
2026-01-18,B0916675,SKU-0015,3329,56,30.94,3,123.66,Sponsored Products,Phrase
2026-01-19,B0673178,SKU-0001,1369,26,15.51,2,147.29,Sponsored Brands,Phrase
2026-01-19,B0494532,SKU-0002,2067,40,17.5,3,69.78,Sponsored Brands,Phrase
2026-01-19,B0466098,SKU-0003,910,10,6.81,1,16.65,Sponsored Products,Phrase
2026-01-19,B0287544,SKU-0004,1557,15,11.17,1,106.15,Sponsored Brands,Exact
2026-01-19,B0444234,SKU-0005,3331,49,40.17,7,639.43,Sponsored Brands,Broad
2026-01-19,B0474559,SKU-0006,1207,15,9.28,1,101.76,Sponsored Products,Exact
2026-01-19,B0760123,SKU-0007,1858,24,11.78,3,200.11,Sponsored Brands,Phrase
2026-01-19,B0300550,SKU-0008,1920,19,7.24,1,30.31,Sponsored Products,Phrase
2026-01-19,B0565132,SKU-0009,2529,41,22.36,2,262.23,Sponsored Brands,Broad
2026-01-19,B0138771,SKU-0010,1291,12,6.18,1,84.64,Sponsored Brands,Phrase
2026-01-19,B0165870,SKU-0011,1418,16,14.49,1,39.94,Sponsored Products,Phrase
2026-01-19,B0661462,SKU-0012,477,5,3.11,0,0.0,Sponsored Products,Broad
2026-01-19,B0241131,SKU-0013,2189,19,17.36,2,252.24,Sponsored Products,Phrase
2026-01-19,B0934569,SKU-0014,2008,19,11.48,2,199.26,Sponsored Products,Broad
2026-01-19,B0916675,SKU-0015,1175,17,8.59,2,77.06,Sponsored Products,Phrase
2026-01-20,B0673178,SKU-0001,2482,34,22.91,4,303.41,Sponsored Brands,Phrase
2026-01-20,B0494532,SKU-0002,2254,23,15.68,2,45.74,Sponsored Products,Phrase
2026-01-20,B0466098,SKU-0003,1016,18,17.04,1,17.09,Sponsored Brands,Exact
2026-01-20,B0287544,SKU-0004,1621,24,12.55,3,320.23,Sponsored Products,Phrase
2026-01-20,B0444234,SKU-0005,2762,42,31.66,3,257.68,Sponsored Brands,Broad
2026-01-20,B0474559,SKU-0006,1248,15,10.63,1,93.05,Sponsored Products,Broad
2026-01-20,B0760123,SKU-0007,1642,28,19.4,4,283.19,Sponsored Products,Phrase
2026-01-20,B0300550,SKU-0008,1498,23,20.0,1,32.04,Sponsored Brands,Broad
2026-01-20,B0565132,SKU-0009,1197,21,9.14,1,132.87,Sponsored Products,Broad
2026-01-20,B0138771,SKU-0010,2618,30,12.86,4,328.93,Sponsored Products,Exact
2026-01-20,B0165870,SKU-0011,2575,50,33.12,6,221.61,Sponsored Brands,Broad
2026-01-20,B0661462,SKU-0012,1795,24,19.0,2,85.58,Sponsored Products,Broad
2026-01-20,B0241131,SKU-0013,2723,38,28.9,4,469.02,Sponsored Products,Phrase
2026-01-20,B0934569,SKU-0014,1499,18,15.13,2,192.32,Sponsored Brands,Exact
2026-01-20,B0916675,SKU-0015,733,13,8.49,1,41.64,Sponsored Brands,Exact
2026-01-21,B0673178,SKU-0001,1809,32,26.46,1,83.53,Sponsored Brands,Broad
2026-01-21,B0494532,SKU-0002,1683,31,19.0,2,48.54,Sponsored Products,Broad
2026-01-21,B0466098,SKU-0003,2812,29,20.81,1,18.28,Sponsored Products,Exact
2026-01-21,B0287544,SKU-0004,1737,16,6.36,1,113.92,Sponsored Brands,Phrase
2026-01-21,B0444234,SKU-0005,2548,39,16.42,3,258.83,Sponsored Brands,Exact
2026-01-21,B0474559,SKU-0006,1276,15,11.09,1,98.39,Sponsored Products,Phrase
2026-01-21,B0760123,SKU-0007,1314,17,9.66,2,144.1,Sponsored Brands,Exact
2026-01-21,B0300550,SKU-0008,1080,12,10.37,1,28.5,Sponsored Products,Exact
2026-01-21,B0565132,SKU-0009,2601,46,24.02,5,641.95,Sponsored Products,Exact
2026-01-21,B0138771,SKU-0010,1368,19,7.15,2,162.13,Sponsored Products,Exact
2026-01-21,B0165870,SKU-0011,2142,22,9.6,1,40.46,Sponsored Products,Broad
2026-01-21,B0661462,SKU-0012,1743,23,19.55,1,42.44,Sponsored Products,Broad
2026-01-21,B0241131,SKU-0013,2111,31,28.2,4,503.92,Sponsored Products,Exact
2026-01-21,B0934569,SKU-0014,2321,45,24.79,5,461.08,Sponsored Products,Broad
2026-01-21,B0916675,SKU-0015,2879,36,15.08,4,162.59,Sponsored Products,Phrase
2026-01-22,B0673178,SKU-0001,1207,23,15.79,2,158.44,Sponsored Products,Phrase
2026-01-22,B0494532,SKU-0002,1369,23,13.61,3,72.47,Sponsored Products,Phrase
2026-01-22,B0466098,SKU-0003,2279,29,21.5,2,36.72,Sponsored Brands,Exact
2026-01-22,B0287544,SKU-0004,556,10,8.18,0,0.0,Sponsored Products,Broad
2026-01-22,B0444234,SKU-0005,3168,48,22.88,4,381.2,Sponsored Brands,Exact
2026-01-22,B0474559,SKU-0006,1359,26,21.38,3,280.7,Sponsored Products,Broad
2026-01-22,B0760123,SKU-0007,2392,32,13.2,2,140.3,Sponsored Brands,Phrase
2026-01-22,B0300550,SKU-0008,1959,16,11.83,1,30.0,Sponsored Brands,Exact
2026-01-22,B0565132,SKU-0009,1651,31,16.66,1,129.3,Sponsored Products,Exact
2026-01-22,B0138771,SKU-0010,1417,18,10.33,2,177.22,Sponsored Brands,Exact
2026-01-22,B0165870,SKU-0011,2061,40,35.39,3,122.2,Sponsored Products,Broad
2026-01-22,B0661462,SKU-0012,2162,39,14.93,2,90.94,Sponsored Brands,Exact
2026-01-22,B0241131,SKU-0013,1180,22,14.18,3,364.37,Sponsored Brands,Broad
2026-01-22,B0934569,SKU-0014,2549,23,13.62,1,90.9,Sponsored Brands,Phrase
2026-01-22,B0916675,SKU-0015,1920,15,13.0,1,40.23,Sponsored Products,Phrase
2026-01-23,B0673178,SKU-0001,1636,18,10.49,1,83.72,Sponsored Brands,Phrase
2026-01-23,B0494532,SKU-0002,841,10,3.81,0,0.0,Sponsored Products,Exact
2026-01-23,B0466098,SKU-0003,1582,25,9.67,2,35.65,Sponsored Brands,Exact
2026-01-23,B0287544,SKU-0004,2741,35,13.46,2,240.94,Sponsored Brands,Phrase
2026-01-23,B0444234,SKU-0005,1427,12,5.6,1,96.9,Sponsored Products,Exact
2026-01-23,B0474559,SKU-0006,543,10,8.32,0,0.0,Sponsored Products,Phrase
2026-01-23,B0760123,SKU-0007,1293,13,4.64,1,68.81,Sponsored Brands,Phrase
2026-01-23,B0300550,SKU-0008,1483,16,10.58,1,28.56,Sponsored Products,Broad
2026-01-23,B0565132,SKU-0009,1237,18,10.27,0,0.0,Sponsored Products,Broad
2026-01-23,B0138771,SKU-0010,2324,42,27.05,4,359.5,Sponsored Products,Exact
2026-01-23,B0165870,SKU-0011,1629,15,7.54,0,0.0,Sponsored Brands,Exact
2026-01-23,B0661462,SKU-0012,1199,23,19.82,2,96.93,Sponsored Products,Exact
2026-01-23,B0241131,SKU-0013,2725,38,22.76,3,400.59,Sponsored Products,Broad
2026-01-23,B0934569,SKU-0014,1810,27,17.23,1,101.79,Sponsored Brands,Broad
2026-01-23,B0916675,SKU-0015,2032,28,21.43,3,125.72,Sponsored Products,Phrase
2026-01-24,B0673178,SKU-0001,1662,25,12.33,2,160.51,Sponsored Products,Phrase
2026-01-24,B0494532,SKU-0002,1403,21,14.73,2,50.07,Sponsored Brands,Exact
2026-01-24,B0466098,SKU-0003,2310,44,22.69,2,34.39,Sponsored Products,Phrase
2026-01-24,B0287544,SKU-0004,1341,12,9.26,1,121.44,Sponsored Products,Exact
2026-01-24,B0444234,SKU-0005,2578,35,20.01,2,173.93,Sponsored Brands,Broad
2026-01-24,B0474559,SKU-0006,2883,48,42.9,5,466.05,Sponsored Brands,Broad
2026-01-24,B0760123,SKU-0007,2620,39,17.58,2,132.79,Sponsored Products,Broad
2026-01-24,B0300550,SKU-0008,2736,52,40.89,3,89.96,Sponsored Products,Exact
2026-01-24,B0565132,SKU-0009,1651,15,12.24,1,129.82,Sponsored Products,Exact
2026-01-24,B0138771,SKU-0010,2678,46,23.61,4,319.45,Sponsored Products,Broad
2026-01-24,B0165870,SKU-0011,1811,32,22.82,4,144.09,Sponsored Products,Broad
2026-01-24,B0661462,SKU-0012,2218,29,26.92,3,144.64,Sponsored Brands,Broad
2026-01-24,B0241131,SKU-0013,1760,25,20.63,3,382.76,Sponsored Products,Exact
2026-01-24,B0934569,SKU-0014,2012,24,14.58,2,193.68,Sponsored Brands,Phrase
2026-01-24,B0916675,SKU-0015,2075,19,17.84,2,80.59,Sponsored Products,Broad
2026-01-25,B0673178,SKU-0001,1752,31,28.0,3,231.41,Sponsored Products,Exact
2026-01-25,B0494532,SKU-0002,1521,28,12.34,1,24.28,Sponsored Brands,Phrase
2026-01-25,B0466098,SKU-0003,1792,24,19.68,2,34.74,Sponsored Brands,Exact
2026-01-25,B0287544,SKU-0004,2039,17,7.95,1,109.61,Sponsored Products,Phrase
2026-01-25,B0444234,SKU-0005,645,9,4.78,0,0.0,Sponsored Brands,Exact
2026-01-25,B0474559,SKU-0006,1869,34,21.68,5,508.46,Sponsored Products,Exact
2026-01-25,B0760123,SKU-0007,1243,20,12.77,1,66.67,Sponsored Products,Exact
2026-01-25,B0300550,SKU-0008,2257,30,25.14,2,57.68,Sponsored Products,Phrase
2026-01-25,B0565132,SKU-0009,1997,27,14.69,1,136.48,Sponsored Brands,Phrase
2026-01-25,B0138771,SKU-0010,1567,29,13.23,3,255.12,Sponsored Products,Phrase
2026-01-25,B0165870,SKU-0011,1218,21,11.51,2,73.43,Sponsored Products,Exact
2026-01-25,B0661462,SKU-0012,2214,20,11.64,2,87.56,Sponsored Brands,Exact
2026-01-25,B0241131,SKU-0013,2447,36,16.25,2,240.16,Sponsored Products,Phrase
2026-01-25,B0934569,SKU-0014,1988,37,14.3,5,494.29,Sponsored Products,Broad
2026-01-25,B0916675,SKU-0015,1442,23,12.87,1,40.4,Sponsored Brands,Phrase
2026-01-26,B0673178,SKU-0001,2749,42,29.58,4,327.68,Sponsored Brands,Exact
2026-01-26,B0494532,SKU-0002,1537,19,12.29,2,49.7,Sponsored Products,Broad
2026-01-26,B0466098,SKU-0003,2166,33,28.11,3,53.03,Sponsored Products,Phrase
2026-01-26,B0287544,SKU-0004,2004,39,23.16,4,423.2,Sponsored Brands,Exact
2026-01-26,B0444234,SKU-0005,1526,26,17.55,3,286.45,Sponsored Products,Exact
2026-01-26,B0474559,SKU-0006,2557,37,25.09,4,400.31,Sponsored Brands,Exact
2026-01-26,B0760123,SKU-0007,1444,18,10.45,2,134.37,Sponsored Products,Exact
2026-01-26,B0300550,SKU-0008,1326,14,7.97,1,32.33,Sponsored Products,Broad
2026-01-26,B0565132,SKU-0009,2770,22,18.91,3,432.8,Sponsored Brands,Exact
2026-01-26,B0138771,SKU-0010,2759,53,21.43,8,704.28,Sponsored Products,Phrase
2026-01-26,B0165870,SKU-0011,1793,35,29.56,4,153.54,Sponsored Brands,Exact
2026-01-26,B0661462,SKU-0012,2452,38,24.21,1,44.87,Sponsored Products,Broad
2026-01-26,B0241131,SKU-0013,2337,32,15.41,1,124.94,Sponsored Brands,Exact
2026-01-26,B0934569,SKU-0014,1379,25,9.92,2,197.6,Sponsored Products,Phrase
2026-01-26,B0916675,SKU-0015,200,2,0.86,0,0.0,Sponsored Brands,Broad
2026-01-27,B0673178,SKU-0001,2354,46,33.98,2,145.86,Sponsored Products,Broad
2026-01-27,B0494532,SKU-0002,1101,18,16.53,1,24.97,Sponsored Brands,Phrase
2026-01-27,B0466098,SKU-0003,1227,13,4.72,2,33.81,Sponsored Brands,Exact
2026-01-27,B0287544,SKU-0004,1308,20,16.75,1,117.12,Sponsored Brands,Broad
2026-01-27,B0444234,SKU-0005,2036,25,14.64,2,172.49,Sponsored Products,Phrase
2026-01-27,B0474559,SKU-0006,369,6,3.63,0,0.0,Sponsored Products,Phrase
2026-01-27,B0760123,SKU-0007,1795,25,16.21,3,205.48,Sponsored Products,Exact
2026-01-27,B0300550,SKU-0008,3390,36,31.9,4,113.44,Sponsored Products,Phrase
2026-01-27,B0565132,SKU-0009,476,5,3.9,0,0.0,Sponsored Brands,Exact
2026-01-27,B0138771,SKU-0010,2377,22,10.1,3,255.97,Sponsored Brands,Broad
2026-01-27,B0165870,SKU-0011,1638,15,10.35,1,36.44,Sponsored Products,Broad
2026-01-27,B0661462,SKU-0012,1625,29,14.73,2,97.39,Sponsored Products,Phrase
2026-01-27,B0241131,SKU-0013,579,5,4.43,0,0.0,Sponsored Products,Broad
2026-01-27,B0934569,SKU-0014,1782,15,11.57,1,96.13,Sponsored Products,Broad
2026-01-27,B0916675,SKU-0015,1459,15,8.66,1,43.69,Sponsored Products,Exact
2026-01-28,B0673178,SKU-0001,513,7,3.16,0,0.0,Sponsored Brands,Phrase
2026-01-28,B0494532,SKU-0002,1534,14,11.71,1,23.08,Sponsored Brands,Phrase
2026-01-28,B0466098,SKU-0003,1593,31,25.44,3,50.9,Sponsored Products,Phrase
2026-01-28,B0287544,SKU-0004,1388,26,17.78,1,112.68,Sponsored Products,Broad
2026-01-28,B0444234,SKU-0005,1362,14,6.77,2,173.61,Sponsored Brands,Phrase
2026-01-28,B0474559,SKU-0006,1501,25,15.69,3,310.07,Sponsored Products,Exact
2026-01-28,B0760123,SKU-0007,2632,35,30.9,4,278.59,Sponsored Brands,Phrase
2026-01-28,B0300550,SKU-0008,3754,73,34.19,10,310.52,Sponsored Products,Phrase
2026-01-28,B0565132,SKU-0009,3397,46,22.78,4,522.76,Sponsored Brands,Broad
2026-01-28,B0138771,SKU-0010,811,10,7.42,1,88.76,Sponsored Products,Phrase
2026-01-28,B0165870,SKU-0011,1987,33,29.69,3,113.99,Sponsored Brands,Broad
2026-01-28,B0661462,SKU-0012,1601,25,13.8,3,146.15,Sponsored Products,Exact
2026-01-28,B0241131,SKU-0013,1189,21,17.2,2,251.64,Sponsored Products,Phrase
2026-01-28,B0934569,SKU-0014,1168,21,19.69,3,285.44,Sponsored Products,Phrase
2026-01-28,B0916675,SKU-0015,2307,43,15.7,6,240.1,Sponsored Products,Phrase
2026-01-29,B0673178,SKU-0001,2032,39,35.12,5,385.62,Sponsored Brands,Phrase
2026-01-29,B0494532,SKU-0002,1947,16,10.6,0,0.0,Sponsored Brands,Exact
2026-01-29,B0466098,SKU-0003,537,6,5.56,0,0.0,Sponsored Brands,Phrase
2026-01-29,B0287544,SKU-0004,200,2,0.8,0,0.0,Sponsored Brands,Phrase
2026-01-29,B0444234,SKU-0005,2478,38,30.65,3,293.84,Sponsored Brands,Broad
2026-01-29,B0474559,SKU-0006,2340,22,18.32,2,180.88,Sponsored Products,Broad
2026-01-29,B0760123,SKU-0007,1373,17,8.11,2,128.24,Sponsored Products,Broad
2026-01-29,B0300550,SKU-0008,990,19,16.75,1,30.57,Sponsored Brands,Phrase
2026-01-29,B0565132,SKU-0009,1305,24,21.24,3,399.42,Sponsored Brands,Broad
2026-01-29,B0138771,SKU-0010,2282,26,13.9,2,178.28,Sponsored Brands,Phrase
2026-01-29,B0165870,SKU-0011,2131,19,14.34,1,38.44,Sponsored Products,Broad
2026-01-29,B0661462,SKU-0012,812,9,6.12,1,46.48,Sponsored Brands,Phrase
2026-01-29,B0241131,SKU-0013,2183,38,14.11,2,249.61,Sponsored Products,Broad
2026-01-29,B0934569,SKU-0014,1139,15,7.32,1,95.44,Sponsored Brands,Phrase
2026-01-29,B0916675,SKU-0015,1705,25,13.71,3,129.78,Sponsored Products,Phrase
2026-01-30,B0673178,SKU-0001,2269,35,32.39,1,78.34,Sponsored Brands,Exact
2026-01-30,B0494532,SKU-0002,1417,13,7.84,0,0.0,Sponsored Brands,Broad
2026-01-30,B0466098,SKU-0003,1778,32,26.71,2,32.79,Sponsored Brands,Broad
2026-01-30,B0287544,SKU-0004,836,6,3.63,0,0.0,Sponsored Products,Broad
2026-01-30,B0444234,SKU-0005,1393,24,11.8,3,284.05,Sponsored Products,Phrase
2026-01-30,B0474559,SKU-0006,563,9,6.06,0,0.0,Sponsored Brands,Phrase
2026-01-30,B0760123,SKU-0007,1172,14,6.16,1,67.33,Sponsored Brands,Broad
2026-01-30,B0300550,SKU-0008,1892,28,13.8,3,83.72,Sponsored Products,Broad
2026-01-30,B0565132,SKU-0009,1248,17,13.29,1,130.65,Sponsored Brands,Broad
2026-01-30,B0138771,SKU-0010,2459,43,16.41,4,336.28,Sponsored Brands,Phrase
2026-01-30,B0165870,SKU-0011,1696,19,16.44,2,74.81,Sponsored Products,Broad
2026-01-30,B0661462,SKU-0012,1834,28,24.19,3,142.94,Sponsored Products,Phrase
2026-01-30,B0241131,SKU-0013,1010,16,12.46,1,120.9,Sponsored Products,Phrase
2026-01-30,B0934569,SKU-0014,1356,26,23.8,1,103.1,Sponsored Products,Exact
2026-01-30,B0916675,SKU-0015,2688,21,18.62,1,43.9,Sponsored Products,Exact
2026-01-31,B0673178,SKU-0001,2707,46,25.39,4,303.01,Sponsored Products,Broad
2026-01-31,B0494532,SKU-0002,2441,31,13.99,3,66.14,Sponsored Products,Phrase
2026-01-31,B0466098,SKU-0003,1378,19,14.03,2,34.92,Sponsored Products,Exact
2026-01-31,B0287544,SKU-0004,2207,24,15.55,1,108.34,Sponsored Products,Broad
2026-01-31,B0444234,SKU-0005,1599,18,9.75,2,184.49,Sponsored Brands,Phrase
2026-01-31,B0474559,SKU-0006,1432,16,10.36,1,94.15,Sponsored Products,Broad
2026-01-31,B0760123,SKU-0007,2720,34,28.35,3,200.07,Sponsored Brands,Broad
2026-01-31,B0300550,SKU-0008,946,17,13.76,1,31.44,Sponsored Products,Phrase
2026-01-31,B0565132,SKU-0009,1719,24,16.9,1,141.06,Sponsored Brands,Phrase
2026-01-31,B0138771,SKU-0010,2252,38,30.88,4,319.24,Sponsored Brands,Broad
2026-01-31,B0165870,SKU-0011,2586,44,40.93,4,160.39,Sponsored Products,Broad
2026-01-31,B0661462,SKU-0012,1975,30,25.91,4,195.65,Sponsored Products,Exact
2026-01-31,B0241131,SKU-0013,1090,13,10.55,1,122.06,Sponsored Brands,Broad
2026-01-31,B0934569,SKU-0014,2224,38,35.28,5,460.47,Sponsored Products,Phrase
2026-01-31,B0916675,SKU-0015,3766,45,28.92,4,164.73,Sponsored Brands,Broad
2026-02-01,B0673178,SKU-0001,2729,36,23.31,2,162.68,Sponsored Brands,Broad
2026-02-01,B0494532,SKU-0002,2497,32,12.04,3,65.73,Sponsored Products,Broad
2026-02-01,B0466098,SKU-0003,2354,39,15.21,4,74.26,Sponsored Brands,Exact
2026-02-01,B0287544,SKU-0004,3177,55,51.14,4,447.06,Sponsored Brands,Phrase
2026-02-01,B0444234,SKU-0005,1462,23,17.33,3,260.26,Sponsored Products,Phrase
2026-02-01,B0474559,SKU-0006,1831,24,15.05,3,298.53,Sponsored Products,Broad
2026-02-01,B0760123,SKU-0007,630,11,5.77,1,72.14,Sponsored Products,Exact
2026-02-01,B0300550,SKU-0008,1293,12,9.22,0,0.0,Sponsored Brands,Exact
2026-02-01,B0565132,SKU-0009,2835,51,26.72,7,915.89,Sponsored Brands,Phrase
2026-02-01,B0138771,SKU-0010,2004,35,27.53,5,388.65,Sponsored Products,Phrase
2026-02-01,B0165870,SKU-0011,2722,28,19.67,3,110.69,Sponsored Brands,Broad
2026-02-01,B0661462,SKU-0012,1288,20,16.7,1,48.99,Sponsored Products,Phrase
2026-02-01,B0241131,SKU-0013,2028,31,12.55,3,400.99,Sponsored Products,Phrase
2026-02-01,B0934569,SKU-0014,695,9,3.83,0,0.0,Sponsored Brands,Broad
2026-02-01,B0916675,SKU-0015,1442,16,12.83,1,43.83,Sponsored Products,Exact
2026-02-02,B0673178,SKU-0001,1881,22,17.46,1,77.23,Sponsored Products,Exact
2026-02-02,B0494532,SKU-0002,2782,37,13.96,4,87.85,Sponsored Products,Phrase
2026-02-02,B0466098,SKU-0003,2752,34,21.25,5,85.54,Sponsored Brands,Phrase
2026-02-02,B0287544,SKU-0004,1636,17,13.34,1,115.63,Sponsored Products,Phrase
2026-02-02,B0444234,SKU-0005,2216,22,19.46,1,85.1,Sponsored Brands,Exact
2026-02-02,B0474559,SKU-0006,2657,21,14.14,1,96.73,Sponsored Products,Phrase
2026-02-02,B0760123,SKU-0007,1609,21,12.41,2,132.32,Sponsored Products,Exact
2026-02-02,B0300550,SKU-0008,1080,20,16.33,1,30.54,Sponsored Brands,Phrase
2026-02-02,B0565132,SKU-0009,2906,49,27.96,5,690.47,Sponsored Products,Broad
2026-02-02,B0138771,SKU-0010,2111,36,13.28,2,167.58,Sponsored Products,Broad
2026-02-02,B0165870,SKU-0011,1858,30,23.23,3,113.22,Sponsored Brands,Phrase
2026-02-02,B0661462,SKU-0012,1706,25,23.68,3,146.54,Sponsored Brands,Exact
2026-02-02,B0241131,SKU-0013,2046,34,27.44,3,374.69,Sponsored Brands,Phrase
2026-02-02,B0934569,SKU-0014,2768,35,27.93,4,406.21,Sponsored Brands,Broad
2026-02-02,B0916675,SKU-0015,542,8,4.17,0,0.0,Sponsored Brands,Broad
2026-02-03,B0673178,SKU-0001,1571,20,10.68,1,83.82,Sponsored Products,Exact
2026-02-03,B0494532,SKU-0002,2318,39,19.18,4,92.77,Sponsored Products,Broad
2026-02-03,B0466098,SKU-0003,917,16,8.39,1,19.04,Sponsored Products,Broad
2026-02-03,B0287544,SKU-0004,1352,24,18.93,1,117.95,Sponsored Brands,Exact
2026-02-03,B0444234,SKU-0005,2370,28,14.75,3,274.59,Sponsored Products,Phrase
2026-02-03,B0474559,SKU-0006,2573,40,26.34,5,450.18,Sponsored Products,Phrase
2026-02-03,B0760123,SKU-0007,1868,25,14.95,3,189.23,Sponsored Brands,Broad
2026-02-03,B0300550,SKU-0008,2054,24,8.47,1,31.37,Sponsored Brands,Exact
2026-02-03,B0565132,SKU-0009,2616,32,23.31,4,516.97,Sponsored Products,Broad
2026-02-03,B0138771,SKU-0010,2118,39,25.89,2,162.98,Sponsored Brands,Exact
2026-02-03,B0165870,SKU-0011,1226,19,12.3,1,38.25,Sponsored Brands,Exact
2026-02-03,B0661462,SKU-0012,1466,14,10.58,1,42.42,Sponsored Brands,Broad
2026-02-03,B0241131,SKU-0013,1370,17,15.59,2,250.53,Sponsored Brands,Broad
2026-02-03,B0934569,SKU-0014,1791,26,13.3,3,312.82,Sponsored Brands,Phrase
2026-02-03,B0916675,SKU-0015,2086,18,12.88,2,86.99,Sponsored Products,Broad
2026-02-04,B0673178,SKU-0001,742,9,7.23,0,0.0,Sponsored Products,Exact
2026-02-04,B0494532,SKU-0002,2477,46,42.5,3,68.03,Sponsored Products,Broad
2026-02-04,B0466098,SKU-0003,1689,29,26.79,2,37.91,Sponsored Products,Broad
2026-02-04,B0287544,SKU-0004,435,4,2.39,0,0.0,Sponsored Products,Phrase
2026-02-04,B0444234,SKU-0005,1597,24,21.98,3,264.67,Sponsored Products,Phrase
2026-02-04,B0474559,SKU-0006,1951,24,18.13,3,305.17,Sponsored Products,Exact
2026-02-04,B0760123,SKU-0007,974,18,14.56,1,67.41,Sponsored Products,Broad
2026-02-04,B0300550,SKU-0008,1917,16,13.26,2,55.65,Sponsored Brands,Phrase
2026-02-04,B0565132,SKU-0009,2886,56,47.85,3,390.9,Sponsored Brands,Exact
2026-02-04,B0138771,SKU-0010,882,7,3.76,0,0.0,Sponsored Products,Broad
2026-02-04,B0165870,SKU-0011,1350,14,7.93,0,0.0,Sponsored Products,Phrase
2026-02-04,B0661462,SKU-0012,2658,27,11.3,4,178.5,Sponsored Brands,Exact
2026-02-04,B0241131,SKU-0013,2268,27,21.54,2,235.18,Sponsored Products,Exact
2026-02-04,B0934569,SKU-0014,2249,21,14.58,1,95.84,Sponsored Products,Exact
2026-02-04,B0916675,SKU-0015,876,13,9.18,1,42.59,Sponsored Products,Exact
2026-02-05,B0673178,SKU-0001,2353,31,29.39,2,164.07,Sponsored Products,Exact
2026-02-05,B0494532,SKU-0002,1022,16,12.18,1,24.99,Sponsored Products,Broad
2026-02-05,B0466098,SKU-0003,1374,22,20.27,2,34.69,Sponsored Brands,Exact
2026-02-05,B0287544,SKU-0004,1943,30,11.35,2,231.57,Sponsored Products,Exact
2026-02-05,B0444234,SKU-0005,2283,30,25.79,3,275.8,Sponsored Products,Exact
2026-02-05,B0474559,SKU-0006,1668,19,7.22,1,91.84,Sponsored Brands,Exact
2026-02-05,B0760123,SKU-0007,1371,15,8.13,1,72.67,Sponsored Products,Exact
2026-02-05,B0300550,SKU-0008,1389,20,15.69,2,60.04,Sponsored Brands,Phrase
2026-02-05,B0565132,SKU-0009,2113,37,21.77,4,496.87,Sponsored Brands,Exact
2026-02-05,B0138771,SKU-0010,2655,32,12.43,3,269.91,Sponsored Products,Broad
2026-02-05,B0165870,SKU-0011,1271,24,15.34,1,36.93,Sponsored Products,Phrase
2026-02-05,B0661462,SKU-0012,1882,29,25.04,3,128.92,Sponsored Products,Broad
2026-02-05,B0241131,SKU-0013,2305,22,20.12,3,348.29,Sponsored Products,Exact
2026-02-05,B0934569,SKU-0014,645,9,4.88,0,0.0,Sponsored Brands,Phrase
2026-02-05,B0916675,SKU-0015,1649,27,17.28,3,115.71,Sponsored Products,Phrase
2026-02-06,B0673178,SKU-0001,2269,32,20.97,2,153.42,Sponsored Products,Exact
2026-02-06,B0494532,SKU-0002,1154,17,11.37,1,23.17,Sponsored Products,Broad
2026-02-06,B0466098,SKU-0003,2370,46,35.2,2,38.02,Sponsored Brands,Phrase
2026-02-06,B0287544,SKU-0004,872,11,6.3,1,112.44,Sponsored Products,Broad
2026-02-06,B0444234,SKU-0005,200,2,1.0,0,0.0,Sponsored Brands,Exact
2026-02-06,B0474559,SKU-0006,2005,37,27.15,4,400.05,Sponsored Products,Exact
2026-02-06,B0760123,SKU-0007,2860,23,8.97,2,128.21,Sponsored Brands,Broad
2026-02-06,B0300550,SKU-0008,2295,44,26.89,5,153.43,Sponsored Brands,Broad
2026-02-06,B0565132,SKU-0009,1708,15,10.11,0,0.0,Sponsored Brands,Broad
2026-02-06,B0138771,SKU-0010,2608,23,11.42,1,78.88,Sponsored Brands,Phrase
2026-02-06,B0165870,SKU-0011,2031,33,20.98,3,115.14,Sponsored Products,Phrase
2026-02-06,B0661462,SKU-0012,576,7,5.46,0,0.0,Sponsored Products,Broad
2026-02-06,B0241131,SKU-0013,1895,25,23.09,2,266.98,Sponsored Brands,Exact
2026-02-06,B0934569,SKU-0014,1704,29,23.81,3,303.95,Sponsored Brands,Broad
2026-02-06,B0916675,SKU-0015,2842,29,14.73,4,169.36,Sponsored Brands,Broad
2026-02-07,B0673178,SKU-0001,568,9,4.79,0,0.0,Sponsored Products,Exact
2026-02-07,B0494532,SKU-0002,1193,11,10.24,1,22.73,Sponsored Products,Exact
2026-02-07,B0466098,SKU-0003,2664,36,29.44,3,54.91,Sponsored Products,Phrase
2026-02-07,B0287544,SKU-0004,1512,19,10.11,1,119.0,Sponsored Brands,Phrase
2026-02-07,B0444234,SKU-0005,200,3,2.71,0,0.0,Sponsored Brands,Phrase
2026-02-07,B0474559,SKU-0006,1936,21,10.12,1,91.61,Sponsored Brands,Broad
2026-02-07,B0760123,SKU-0007,1982,28,26.15,3,195.32,Sponsored Products,Broad
2026-02-07,B0300550,SKU-0008,2331,42,15.69,2,56.61,Sponsored Products,Phrase
2026-02-07,B0565132,SKU-0009,1192,20,17.64,1,125.07,Sponsored Brands,Phrase
2026-02-07,B0138771,SKU-0010,1018,19,12.54,2,156.08,Sponsored Products,Exact
2026-02-07,B0165870,SKU-0011,3137,53,23.33,6,240.6,Sponsored Products,Broad
2026-02-07,B0661462,SKU-0012,1611,26,9.8,2,89.21,Sponsored Products,Broad
2026-02-07,B0241131,SKU-0013,2639,44,19.44,6,743.61,Sponsored Brands,Phrase
2026-02-07,B0934569,SKU-0014,1660,18,14.55,1,97.71,Sponsored Products,Broad
2026-02-07,B0916675,SKU-0015,2318,40,24.76,5,204.5,Sponsored Products,Phrase
2026-02-08,B0673178,SKU-0001,1166,15,12.87,1,75.77,Sponsored Brands,Phrase
2026-02-08,B0494532,SKU-0002,2932,27,21.92,2,48.0,Sponsored Brands,Phrase
2026-02-08,B0466098,SKU-0003,2207,43,38.98,4,66.33,Sponsored Brands,Broad
2026-02-08,B0287544,SKU-0004,2699,33,26.21,4,452.57,Sponsored Brands,Broad
2026-02-08,B0444234,SKU-0005,1916,38,26.64,4,365.9,Sponsored Brands,Exact
2026-02-08,B0474559,SKU-0006,1368,25,10.34,1,92.63,Sponsored Products,Exact
2026-02-08,B0760123,SKU-0007,1868,34,29.16,4,289.65,Sponsored Brands,Broad
2026-02-08,B0300550,SKU-0008,1713,32,11.2,2,58.77,Sponsored Brands,Broad
2026-02-08,B0565132,SKU-0009,1103,17,9.11,2,259.31,Sponsored Brands,Exact
2026-02-08,B0138771,SKU-0010,1892,21,7.88,2,162.63,Sponsored Products,Exact
2026-02-08,B0165870,SKU-0011,2050,36,22.11,4,145.16,Sponsored Brands,Broad
2026-02-08,B0661462,SKU-0012,1622,29,19.02,3,144.98,Sponsored Brands,Exact
2026-02-08,B0241131,SKU-0013,2261,24,15.12,1,118.49,Sponsored Products,Phrase
2026-02-08,B0934569,SKU-0014,2811,51,19.96,5,467.16,Sponsored Products,Broad
2026-02-08,B0916675,SKU-0015,2968,51,37.95,2,84.86,Sponsored Products,Phrase
2026-02-09,B0673178,SKU-0001,1766,20,10.34,2,158.51,Sponsored Brands,Exact
2026-02-09,B0494532,SKU-0002,1624,25,19.18,3,66.35,Sponsored Brands,Exact
2026-02-09,B0466098,SKU-0003,1508,26,16.79,2,36.54,Sponsored Brands,Phrase
2026-02-09,B0287544,SKU-0004,998,11,7.42,1,109.56,Sponsored Brands,Exact
2026-02-09,B0444234,SKU-0005,2086,23,19.39,2,182.1,Sponsored Products,Exact
2026-02-09,B0474559,SKU-0006,926,15,13.45,1,96.0,Sponsored Brands,Exact
2026-02-09,B0760123,SKU-0007,2267,35,15.54,3,212.41,Sponsored Products,Broad
2026-02-09,B0300550,SKU-0008,1513,15,12.34,1,28.35,Sponsored Brands,Phrase
2026-02-09,B0565132,SKU-0009,200,2,1.43,0,0.0,Sponsored Products,Broad
2026-02-09,B0138771,SKU-0010,1559,20,15.93,3,268.4,Sponsored Brands,Exact
2026-02-09,B0165870,SKU-0011,1989,38,18.97,5,177.77,Sponsored Brands,Phrase
2026-02-09,B0661462,SKU-0012,2088,39,17.42,2,97.53,Sponsored Products,Phrase
2026-02-09,B0241131,SKU-0013,2156,39,16.26,3,365.44,Sponsored Brands,Broad
2026-02-09,B0934569,SKU-0014,2392,31,26.77,1,97.93,Sponsored Products,Phrase
2026-02-09,B0916675,SKU-0015,2083,20,16.63,2,87.33,Sponsored Products,Phrase
2026-02-10,B0673178,SKU-0001,2031,33,21.85,3,236.01,Sponsored Brands,Broad
2026-02-10,B0494532,SKU-0002,2314,33,24.57,4,98.34,Sponsored Products,Broad
2026-02-10,B0466098,SKU-0003,1692,30,24.3,3,49.35,Sponsored Products,Phrase
2026-02-10,B0287544,SKU-0004,1120,11,9.25,0,0.0,Sponsored Brands,Broad
2026-02-10,B0444234,SKU-0005,1842,22,16.92,1,87.32,Sponsored Products,Phrase
2026-02-10,B0474559,SKU-0006,1959,29,25.75,4,359.2,Sponsored Products,Phrase
2026-02-10,B0760123,SKU-0007,2513,27,22.36,2,137.62,Sponsored Products,Broad
2026-02-10,B0300550,SKU-0008,2348,41,27.67,6,188.63,Sponsored Products,Broad
2026-02-10,B0565132,SKU-0009,2474,41,38.34,2,263.23,Sponsored Products,Exact
2026-02-10,B0138771,SKU-0010,2235,29,22.89,2,171.19,Sponsored Products,Exact
2026-02-10,B0165870,SKU-0011,1753,19,10.52,1,37.66,Sponsored Brands,Broad
2026-02-10,B0661462,SKU-0012,1840,14,9.31,1,43.15,Sponsored Brands,Broad
2026-02-10,B0241131,SKU-0013,1497,27,24.35,1,129.01,Sponsored Products,Phrase
2026-02-10,B0934569,SKU-0014,1844,36,15.81,2,189.24,Sponsored Brands,Broad
2026-02-10,B0916675,SKU-0015,2516,32,18.23,2,83.75,Sponsored Brands,Exact
