order_date,asin,sku,units,unit_price,gross_revenue,marketplace_fees,cogs,shipping_cost,market,fulfillment,channel,buy_box_pct
2025-08-15,B0673178,SKU-0001,8,70.11,560.88,90.49,261.99,11.85,CA,FBA,Ads,0.941
2025-08-15,B0494532,SKU-0002,1,24.84,24.84,3.82,10.64,2.54,UK,FBA,Organic,0.84
2025-08-15,B0466098,SKU-0003,7,17.19,120.33,14.66,62.88,7.74,DE,FBA,Ads,0.848
2025-08-15,B0287544,SKU-0004,7,103.19,722.33,101.51,388.77,16.29,US,FBM,Organic,0.762
2025-08-15,B0444234,SKU-0005,11,89.6,985.6,139.68,528.05,20.56,CA,FBM,Ads,0.846
2025-08-15,B0760123,SKU-0007,3,65.84,197.52,29.63,83.3,5.73,DE,FBM,Ads,0.93
2025-08-15,B0300550,SKU-0008,14,30.77,430.78,61.69,217.51,19.49,CA,FBA,Organic,0.941
2025-08-15,B0565132,SKU-0009,7,131.32,919.24,157.2,396.65,11.5,US,FBM,Organic,0.747
2025-08-15,B0138771,SKU-0010,9,81.64,734.76,90.44,368.24,10.78,US,FBA,Ads,0.841
2025-08-15,B0165870,SKU-0011,17,36.76,624.92,98.33,323.94,27.18,US,FBA,Ads,0.883
2025-08-15,B0661462,SKU-0012,4,40.52,162.08,21.81,67.89,6.29,US,FBM,Organic,0.745
2025-08-15,B0241131,SKU-0013,4,114.6,458.4,68.12,213.79,6.52,DE,FBM,Organic,0.85
2025-08-15,B0934569,SKU-0014,9,101.1,909.9,161.55,418.52,10.45,UK,FBA,Organic,0.751
2025-08-15,B0916675,SKU-0015,8,37.78,302.24,37.16,168.98,18.64,US,FBM,Ads,0.912
2025-08-16,B0673178,SKU-0001,11,76.72,843.92,104.77,383.43,18.38,DE,FBM,Organic,0.815
2025-08-16,B0466098,SKU-0003,10,17.04,170.4,22.58,86.91,25.04,US,FBA,Ads,0.901
2025-08-16,B0287544,SKU-0004,13,116.86,1519.18,206.67,638.1,29.16,CA,FBM,Organic,0.861
2025-08-16,B0444234,SKU-0005,10,83.67,836.7,140.19,433.52,17.74,CA,FBM,Ads,0.854
2025-08-16,B0474559,SKU-0006,9,100.09,900.81,150.4,392.82,17.05,UK,FBA,Organic,0.867
2025-08-16,B0760123,SKU-0007,4,62.66,250.64,37.0,132.63,10.29,US,FBA,Ads,0.82
2025-08-16,B0300550,SKU-0008,13,26.79,348.27,54.43,156.47,29.45,CA,FBA,Ads,0.751
2025-08-16,B0565132,SKU-0009,13,127.55,1658.15,263.55,732.48,14.47,DE,FBM,Organic,0.836
2025-08-16,B0138771,SKU-0010,11,84.72,931.92,126.44,390.82,14.9,US,FBM,Ads,0.849
2025-08-16,B0165870,SKU-0011,13,36.15,469.95,78.51,212.19,30.82,US,FBA,Ads,0.737
2025-08-16,B0661462,SKU-0012,10,48.32,483.2,76.14,219.21,17.46,US,FBA,Ads,0.783
2025-08-16,B0241131,SKU-0013,3,123.72,371.16,58.21,164.7,6.56,UK,FBM,Organic,0.937
2025-08-16,B0934569,SKU-0014,6,88.23,529.38,93.79,289.64,10.67,DE,FBM,Organic,0.807
2025-08-16,B0916675,SKU-0015,2,36.93,73.86,10.99,32.06,2.53,CA,FBM,Organic,0.73
2025-08-17,B0673178,SKU-0001,9,81.48,733.32,108.01,312.75,10.16,US,FBA,Ads,0.821
2025-08-17,B0494532,SKU-0002,4,23.6,94.4,14.09,41.99,8.05,UK,FBM,Ads,0.794
2025-08-17,B0287544,SKU-0004,3,103.23,309.69,45.0,131.4,6.95,UK,FBM,Organic,0.915
2025-08-17,B0444234,SKU-0005,12,90.64,1087.68,163.87,468.06,17.01,UK,FBA,Organic,0.919
2025-08-17,B0474559,SKU-0006,5,86.78,433.9,61.18,181.3,7.21,UK,FBM,Organic,0.756
2025-08-17,B0760123,SKU-0007,6,70.76,424.56,63.21,199.01,13.49,UK,FBA,Ads,0.752
2025-08-17,B0300550,SKU-0008,5,30.84,154.2,27.48,84.22,10.62,UK,FBM,Organic,0.88
2025-08-17,B0565132,SKU-0009,5,123.86,619.3,97.91,260.91,7.9,CA,FBA,Organic,0.94
2025-08-17,B0138771,SKU-0010,2,82.83,165.66,28.17,74.04,2.56,US,FBA,Organic,0.884
2025-08-17,B0165870,SKU-0011,9,37.13,334.17,50.5,140.96,16.84,CA,FBA,Ads,0.783
2025-08-17,B0661462,SKU-0012,3,43.19,129.57,16.21,67.5,5.29,UK,FBA,Organic,0.786
2025-08-17,B0241131,SKU-0013,2,111.6,223.2,27.64,113.52,2.29,DE,FBM,Organic,0.805
2025-08-17,B0934569,SKU-0014,18,94.62,1703.16,255.63,781.24,45.39,UK,FBM,Organic,0.78
2025-08-17,B0916675,SKU-0015,8,38.98,311.84,48.62,167.12,19.13,UK,FBM,Ads,0.893
2025-08-18,B0673178,SKU-0001,6,83.34,500.04,70.15,270.7,9.9,US,FBM,Ads,0.952
2025-08-18,B0494532,SKU-0002,9,24.02,216.18,35.81,112.21,16.55,CA,FBA,Organic,0.89
2025-08-18,B0466098,SKU-0003,3,17.74,53.22,8.99,25.27,6.22,DE,FBM,Organic,0.912
2025-08-18,B0287544,SKU-0004,10,106.52,1065.2,145.6,450.23,24.37,DE,FBM,Ads,0.863
2025-08-18,B0444234,SKU-0005,7,90.32,632.24,90.89,295.31,15.72,UK,FBM,Organic,0.895
2025-08-18,B0474559,SKU-0006,14,94.8,1327.2,188.48,534.71,29.29,US,FBM,Ads,0.908
2025-08-18,B0760123,SKU-0007,6,59.78,358.68,48.4,163.41,8.53,DE,FBA,Organic,0.806
2025-08-18,B0300550,SKU-0008,11,28.55,314.05,38.18,163.6,19.03,CA,FBA,Organic,0.86
2025-08-18,B0565132,SKU-0009,9,121.32,1091.88,166.36,443.42,15.18,CA,FBA,Organic,0.928
2025-08-18,B0138771,SKU-0010,16,76.85,1229.6,185.62,599.0,34.94,CA,FBA,Organic,0.788
2025-08-18,B0165870,SKU-0011,7,35.15,246.05,36.16,130.05,13.52,UK,FBM,Organic,0.791
2025-08-18,B0661462,SKU-0012,3,42.6,127.8,22.42,52.12,4.6,US,FBA,Organic,0.96
2025-08-18,B0241131,SKU-0013,3,118.62,355.86,56.26,159.3,5.61,DE,FBA,Ads,0.943
2025-08-18,B0934569,SKU-0014,7,101.07,707.49,85.63,348.16,17.5,CA,FBM,Organic,0.901
2025-08-18,B0916675,SKU-0015,10,39.72,397.2,70.29,176.01,12.63,CA,FBM,Ads,0.792
2025-08-19,B0673178,SKU-0001,6,80.02,480.12,80.32,211.58,6.97,UK,FBM,Organic,0.744
2025-08-19,B0494532,SKU-0002,7,23.25,162.75,27.21,78.08,15.02,UK,FBM,Organic,0.871
2025-08-19,B0466098,SKU-0003,9,17.57,158.13,25.18,82.62,18.12,DE,FBA,Ads,0.957
2025-08-19,B0287544,SKU-0004,10,102.5,1025.0,149.22,511.09,17.44,CA,FBM,Organic,0.774
2025-08-19,B0474559,SKU-0006,8,89.99,719.92,105.68,360.76,15.18,CA,FBM,Organic,0.893
2025-08-19,B0760123,SKU-0007,9,65.08,585.72,78.48,280.76,20.6,US,FBM,Ads,0.862
2025-08-19,B0300550,SKU-0008,1,29.55,29.55,3.97,14.88,1.47,DE,FBM,Organic,0.957
2025-08-19,B0565132,SKU-0009,2,139.11,278.22,47.71,131.19,3.07,CA,FBM,Organic,0.938
2025-08-19,B0138771,SKU-0010,2,85.59,171.18,20.96,85.83,4.58,US,FBA,Ads,0.841
2025-08-19,B0165870,SKU-0011,6,40.46,242.76,34.7,97.83,10.5,DE,FBM,Ads,0.788
2025-08-19,B0661462,SKU-0012,7,44.0,308.0,46.3,166.02,16.55,CA,FBM,Ads,0.872
2025-08-19,B0241131,SKU-0013,3,131.22,393.66,70.52,219.91,3.86,DE,FBM,Ads,0.744
2025-08-19,B0934569,SKU-0014,2,101.69,203.38,35.31,98.56,3.69,CA,FBA,Organic,0.76
2025-08-20,B0673178,SKU-0001,1,73.22,73.22,10.43,33.54,1.66,US,FBA,Organic,0.895
2025-08-20,B0494532,SKU-0002,9,23.37,210.33,30.32,86.3,20.98,UK,FBA,Ads,0.844
2025-08-20,B0466098,SKU-0003,5,17.83,89.15,15.69,47.98,9.48,CA,FBA,Ads,0.855
2025-08-20,B0287544,SKU-0004,4,119.52,478.08,85.63,238.34,10.02,CA,FBM,Ads,0.931
2025-08-20,B0444234,SKU-0005,2,92.96,185.92,31.42,90.27,2.23,US,FBM,Ads,0.756
2025-08-20,B0474559,SKU-0006,14,100.72,1410.08,173.54,568.26,30.05,UK,FBM,Ads,0.958
2025-08-20,B0760123,SKU-0007,14,66.84,935.76,168.12,379.23,15.85,DE,FBM,Ads,0.778
2025-08-20,B0300550,SKU-0008,6,27.41,164.46,21.02,88.26,9.41,UK,FBA,Ads,0.933
2025-08-20,B0565132,SKU-0009,8,134.2,1073.6,162.75,516.98,12.85,CA,FBA,Organic,0.812
2025-08-20,B0138771,SKU-0010,11,86.27,948.97,121.73,408.42,18.62,UK,FBA,Organic,0.836
2025-08-20,B0165870,SKU-0011,8,36.51,292.08,37.22,124.12,16.83,UK,FBA,Ads,0.828
2025-08-20,B0661462,SKU-0012,12,46.62,559.44,93.17,310.05,26.97,UK,FBM,Ads,0.945
2025-08-20,B0241131,SKU-0013,6,116.26,697.56,114.27,359.54,8.02,US,FBM,Ads,0.799
2025-08-20,B0934569,SKU-0014,6,95.64,573.84,87.27,305.86,13.08,US,FBA,Organic,0.75
2025-08-20,B0916675,SKU-0015,6,40.76,244.56,39.3,125.38,6.68,US,FBA,Organic,0.842
2025-08-21,B0673178,SKU-0001,2,80.48,160.96,22.19,76.65,2.94,CA,FBM,Organic,0.838
2025-08-21,B0494532,SKU-0002,8,24.28,194.24,31.45,101.69,10.65,US,FBM,Organic,0.877
2025-08-21,B0466098,SKU-0003,14,17.44,244.16,43.6,109.87,32.82,CA,FBM,Organic,0.821
2025-08-21,B0287544,SKU-0004,8,100.97,807.76,120.05,394.73,11.64,DE,FBM,Ads,0.731
2025-08-21,B0444234,SKU-0005,4,97.04,388.16,55.85,163.99,10.26,DE,FBA,Organic,0.727
2025-08-21,B0474559,SKU-0006,3,89.72,269.16,34.69,138.46,6.77,US,FBA,Ads,0.931
2025-08-21,B0760123,SKU-0007,2,69.55,139.1,24.43,60.66,4.32,US,FBM,Ads,0.921
2025-08-21,B0300550,SKU-0008,9,28.93,260.37,32.22,107.38,12.7,US,FBM,Organic,0.748
2025-08-21,B0565132,SKU-0009,14,138.7,1941.8,283.09,802.76,28.94,CA,FBA,Ads,0.776
2025-08-21,B0138771,SKU-0010,9,79.41,714.69,114.18,362.3,21.34,UK,FBA,Ads,0.817
2025-08-21,B0165870,SKU-0011,12,39.5,474.0,68.57,247.56,21.16,CA,FBM,Organic,0.948
2025-08-21,B0661462,SKU-0012,7,42.81,299.67,43.83,140.21,15.09,CA,FBA,Ads,0.916
2025-08-21,B0241131,SKU-0013,6,126.53,759.18,113.0,403.02,10.6,CA,FBA,Organic,0.901
2025-08-21,B0934569,SKU-0014,9,100.88,907.92,153.08,475.8,18.96,CA,FBM,Ads,0.762
2025-08-21,B0916675,SKU-0015,9,37.5,337.5,41.08,151.46,22.78,CA,FBM,Ads,0.931
2025-08-22,B0673178,SKU-0001,9,72.95,656.55,103.83,279.24,15.84,UK,FBM,Organic,0.929
2025-08-22,B0494532,SKU-0002,1,23.62,23.62,3.6,9.96,1.5,DE,FBA,Ads,0.805
2025-08-22,B0466098,SKU-0003,6,16.04,96.24,12.27,44.36,9.23,US,FBM,Ads,0.774
2025-08-22,B0287544,SKU-0004,2,109.11,218.22,29.69,110.85,5.03,US,FBM,Organic,0.94
2025-08-22,B0444234,SKU-0005,4,86.48,345.92,59.78,165.99,8.22,DE,FBM,Ads,0.932
2025-08-22,B0474559,SKU-0006,5,90.13,450.65,64.71,221.08,8.33,UK,FBM,Ads,0.899
2025-08-22,B0760123,SKU-0007,6,65.22,391.32,53.54,201.21,8.89,DE,FBM,Organic,0.847
2025-08-22,B0300550,SKU-0008,3,27.52,82.56,10.18,36.62,3.46,UK,FBA,Ads,0.745
2025-08-22,B0565132,SKU-0009,3,134.59,403.77,53.18,207.61,5.19,US,FBA,Ads,0.953
2025-08-22,B0138771,SKU-0010,7,75.51,528.57,76.6,269.75,10.8,US,FBA,Ads,0.746
2025-08-22,B0165870,SKU-0011,14,33.96,475.44,66.72,204.93,20.46,DE,FBM,Ads,0.887
2025-08-22,B0661462,SKU-0012,11,41.74,459.14,74.66,256.77,14.89,DE,FBM,Ads,0.728
2025-08-22,B0241131,SKU-0013,4,121.61,486.44,68.84,223.31,8.86,US,FBM,Ads,0.83
2025-08-22,B0934569,SKU-0014,14,97.15,1360.1,238.99,736.57,35.32,UK,FBA,Ads,0.779
2025-08-22,B0916675,SKU-0015,8,40.59,324.72,39.42,144.13,14.41,CA,FBM,Ads,0.722
2025-08-23,B0673178,SKU-0001,10,74.84,748.4,115.14,386.09,25.32,US,FBA,Organic,0.943
2025-08-23,B0494532,SKU-0002,6,22.87,137.22,24.64,71.62,10.76,US,FBA,Ads,0.906
2025-08-23,B0466098,SKU-0003,9,17.88,160.92,25.17,81.78,10.81,US,FBA,Ads,0.951
2025-08-23,B0287544,SKU-0004,7,104.96,734.72,106.41,390.7,12.45,US,FBM,Organic,0.765
2025-08-23,B0444234,SKU-0005,9,90.34,813.06,123.37,369.94,15.11,UK,FBM,Organic,0.901
2025-08-23,B0474559,SKU-0006,8,86.02,688.16,85.49,305.97,18.58,CA,FBA,Ads,0.895
2025-08-23,B0300550,SKU-0008,4,31.11,124.44,21.04,67.29,7.59,US,FBM,Organic,0.899
2025-08-23,B0565132,SKU-0009,15,126.44,1896.6,332.96,931.4,26.25,DE,FBM,Ads,0.819
2025-08-23,B0138771,SKU-0010,2,84.97,169.94,23.01,79.83,4.15,DE,FBM,Ads,0.846
2025-08-23,B0165870,SKU-0011,14,37.38,523.32,71.2,219.12,25.51,US,FBA,Ads,0.818
2025-08-23,B0661462,SKU-0012,10,41.66,416.6,52.46,171.39,14.72,US,FBA,Organic,0.746
2025-08-23,B0241131,SKU-0013,9,126.25,1136.25,178.89,521.08,22.47,UK,FBM,Ads,0.921
2025-08-23,B0934569,SKU-0014,7,90.31,632.17,78.31,309.5,15.75,UK,FBA,Ads,0.823
2025-08-23,B0916675,SKU-0015,21,42.16,885.36,116.53,382.88,27.98,DE,FBA,Ads,0.77
2025-08-24,B0673178,SKU-0001,7,81.25,568.75,86.98,251.81,12.46,US,FBM,Ads,0.953
2025-08-24,B0494532,SKU-0002,6,23.81,142.86,18.98,57.99,11.1,DE,FBM,Organic,0.838
2025-08-24,B0466098,SKU-0003,11,18.12,199.32,24.73,92.85,16.91,UK,FBM,Organic,0.735
2025-08-24,B0287544,SKU-0004,7,110.27,771.89,132.13,424.53,10.38,UK,FBM,Ads,0.908
2025-08-24,B0474559,SKU-0006,3,89.51,268.53,41.26,140.55,3.46,US,FBA,Organic,0.94
2025-08-24,B0760123,SKU-0007,8,67.8,542.4,86.29,276.2,16.88,CA,FBA,Ads,0.918
2025-08-24,B0300550,SKU-0008,6,28.51,171.06,25.88,69.72,12.35,US,FBM,Ads,0.799
2025-08-24,B0565132,SKU-0009,3,142.65,427.95,54.96,211.83,3.4,CA,FBA,Ads,0.876
2025-08-24,B0138771,SKU-0010,9,77.72,699.48,95.45,301.63,18.27,DE,FBA,Ads,0.938
2025-08-24,B0165870,SKU-0011,6,39.64,237.84,33.96,129.18,8.28,US,FBM,Ads,0.745
2025-08-24,B0661462,SKU-0012,5,45.64,228.2,29.67,115.83,9.22,UK,FBM,Organic,0.869
2025-08-24,B0241131,SKU-0013,7,112.15,785.05,113.56,368.52,14.59,CA,FBA,Organic,0.92
2025-08-24,B0934569,SKU-0014,7,98.95,692.65,99.5,339.48,7.97,CA,FBA,Organic,0.84
2025-08-24,B0916675,SKU-0015,3,37.06,111.18,13.62,57.35,7.42,DE,FBA,Organic,0.758
2025-08-25,B0673178,SKU-0001,4,77.75,311.0,54.53,128.0,5.35,US,FBM,Ads,0.757
2025-08-25,B0494532,SKU-0002,4,24.4,97.6,12.74,41.81,9.3,UK,FBM,Organic,0.786
2025-08-25,B0466098,SKU-0003,5,17.56,87.8,13.96,38.63,12.25,UK,FBM,Ads,0.959
2025-08-25,B0287544,SKU-0004,5,107.49,537.45,71.58,278.24,10.43,CA,FBM,Organic,0.935
2025-08-25,B0444234,SKU-0005,9,88.94,800.46,137.74,371.7,14.44,DE,FBA,Organic,0.736
2025-08-25,B0474559,SKU-0006,6,84.79,508.74,91.18,265.22,13.11,UK,FBA,Ads,0.907
2025-08-25,B0760123,SKU-0007,3,67.75,203.25,31.92,86.15,3.97,US,FBM,Ads,0.888
2025-08-25,B0300550,SKU-0008,4,27.52,110.08,16.62,58.15,9.24,CA,FBM,Ads,0.734
2025-08-25,B0565132,SKU-0009,12,140.98,1691.76,279.27,921.6,27.96,US,FBA,Ads,0.747
2025-08-25,B0138771,SKU-0010,5,77.39,386.95,66.42,193.27,9.31,CA,FBM,Organic,0.848
2025-08-25,B0165870,SKU-0011,10,35.2,352.0,48.59,142.4,18.81,DE,FBA,Ads,0.863
2025-08-25,B0661462,SKU-0012,3,43.68,131.04,16.5,71.48,3.79,DE,FBA,Ads,0.797
2025-08-25,B0241131,SKU-0013,5,112.22,561.1,97.94,290.58,11.34,UK,FBA,Ads,0.904
2025-08-25,B0934569,SKU-0014,7,102.57,717.99,119.92,321.24,13.89,CA,FBA,Ads,0.751
2025-08-25,B0916675,SKU-0015,7,44.25,309.75,51.65,150.23,16.31,CA,FBA,Ads,0.724
2025-08-26,B0673178,SKU-0001,11,81.15,892.65,133.11,400.56,24.61,CA,FBM,Ads,0.777
2025-08-26,B0494532,SKU-0002,14,23.89,334.46,45.64,186.96,35.67,CA,FBA,Organic,0.751
2025-08-26,B0466098,SKU-0003,8,18.67,149.36,22.47,64.75,18.17,UK,FBA,Organic,0.957
2025-08-26,B0287544,SKU-0004,4,113.48,453.92,55.82,241.35,9.62,CA,FBA,Organic,0.766
2025-08-26,B0444234,SKU-0005,2,91.0,182.0,28.28,77.34,3.43,DE,FBM,Organic,0.781
2025-08-26,B0474559,SKU-0006,8,86.02,688.16,109.08,379.34,13.71,CA,FBM,Ads,0.735
2025-08-26,B0760123,SKU-0007,12,65.7,788.4,135.08,434.81,29.6,CA,FBA,Organic,0.848
2025-08-26,B0300550,SKU-0008,5,27.38,136.9,17.86,56.95,12.15,DE,FBM,Ads,0.808
2025-08-26,B0565132,SKU-0009,5,123.75,618.75,93.32,344.24,10.05,UK,FBA,Ads,0.785
2025-08-26,B0138771,SKU-0010,1,84.48,84.48,10.36,40.5,2.41,US,FBA,Ads,0.873
2025-08-26,B0165870,SKU-0011,10,35.28,352.8,50.33,188.34,25.25,US,FBM,Ads,0.748
2025-08-26,B0661462,SKU-0012,18,44.04,792.72,135.52,349.13,42.57,CA,FBM,Ads,0.721
2025-08-26,B0241131,SKU-0013,5,124.17,620.85,93.97,300.0,10.48,DE,FBA,Ads,0.794
2025-08-26,B0916675,SKU-0015,4,38.69,154.76,24.75,77.76,9.36,US,FBA,Organic,0.867
2025-08-27,B0673178,SKU-0001,13,81.39,1058.07,178.15,541.7,32.1,DE,FBA,Ads,0.748
2025-08-27,B0494532,SKU-0002,13,22.29,289.77,43.82,119.29,33.48,UK,FBA,Ads,0.728
2025-08-27,B0466098,SKU-0003,12,18.25,219.0,29.78,99.59,25.17,CA,FBA,Organic,0.909
2025-08-27,B0287544,SKU-0004,10,115.94,1159.4,176.19,553.61,17.62,UK,FBM,Ads,0.932
2025-08-27,B0760123,SKU-0007,7,69.78,488.46,63.07,267.41,17.92,CA,FBA,Organic,0.823
2025-08-27,B0300550,SKU-0008,14,29.12,407.68,61.86,219.61,28.19,US,FBA,Ads,0.883
2025-08-27,B0565132,SKU-0009,8,137.87,1102.96,177.28,496.33,14.42,US,FBM,Organic,0.771
2025-08-27,B0138771,SKU-0010,7,78.91,552.37,72.33,302.27,14.38,UK,FBM,Ads,0.861
2025-08-27,B0165870,SKU-0011,8,35.29,282.32,49.85,145.49,13.9,US,FBA,Organic,0.8
2025-08-27,B0661462,SKU-0012,5,48.75,243.75,35.84,108.23,11.64,CA,FBM,Ads,0.954
2025-08-27,B0241131,SKU-0013,8,127.55,1020.4,158.07,496.34,18.38,US,FBM,Organic,0.924
2025-08-27,B0934569,SKU-0014,5,88.87,444.35,79.64,220.53,8.04,US,FBA,Ads,0.873
2025-08-27,B0916675,SKU-0015,7,41.31,289.17,51.63,138.2,15.65,DE,FBA,Ads,0.891
2025-08-28,B0673178,SKU-0001,2,83.07,166.14,23.8,70.18,2.66,CA,FBM,Organic,0.91
2025-08-28,B0494532,SKU-0002,2,23.39,46.78,6.42,23.2,3.06,UK,FBM,Ads,0.883
2025-08-28,B0466098,SKU-0003,10,17.58,175.8,27.6,86.47,25.49,UK,FBM,Ads,0.804
2025-08-28,B0287544,SKU-0004,15,114.91,1723.65,299.08,892.16,19.24,DE,FBA,Ads,0.764
2025-08-28,B0444234,SKU-0005,4,96.33,385.32,66.23,177.39,6.14,UK,FBM,Organic,0.782
2025-08-28,B0474559,SKU-0006,12,97.65,1171.8,169.56,589.04,16.47,DE,FBA,Organic,0.772
2025-08-28,B0760123,SKU-0007,10,61.51,615.1,105.73,261.13,20.59,DE,FBM,Ads,0.747
2025-08-28,B0565132,SKU-0009,4,130.17,520.68,93.19,246.21,5.66,CA,FBM,Organic,0.759
2025-08-28,B0138771,SKU-0010,12,74.34,892.08,148.41,473.04,18.58,CA,FBM,Organic,0.729
2025-08-28,B0165870,SKU-0011,2,34.89,69.78,11.32,32.14,3.4,DE,FBM,Organic,0.902
2025-08-28,B0661462,SKU-0012,1,41.1,41.1,5.37,19.34,1.37,DE,FBA,Ads,0.803
2025-08-28,B0241131,SKU-0013,5,119.74,598.7,94.9,294.43,7.75,CA,FBM,Ads,0.855
2025-08-28,B0934569,SKU-0014,8,85.99,687.92,91.55,300.68,10.54,CA,FBM,Ads,0.887
2025-08-28,B0916675,SKU-0015,5,36.91,184.55,27.15,85.31,7.37,US,FBA,Ads,0.899
2025-08-29,B0673178,SKU-0001,6,69.54,417.24,63.94,202.1,10.88,UK,FBM,Ads,0.956
2025-08-29,B0494532,SKU-0002,12,22.62,271.44,38.83,135.28,22.72,DE,FBM,Organic,0.833
2025-08-29,B0466098,SKU-0003,6,17.45,104.7,12.7,47.5,12.03,DE,FBA,Organic,0.861
2025-08-29,B0287544,SKU-0004,6,106.95,641.7,104.21,307.87,14.73,DE,FBM,Organic,0.839
2025-08-29,B0444234,SKU-0005,7,86.52,605.64,87.18,312.62,11.23,UK,FBM,Organic,0.76
2025-08-29,B0474559,SKU-0006,11,97.69,1074.59,193.34,438.36,16.0,UK,FBM,Organic,0.828
2025-08-29,B0760123,SKU-0007,2,59.91,119.82,15.71,67.05,3.25,DE,FBM,Ads,0.902
2025-08-29,B0300550,SKU-0008,17,29.87,507.79,68.12,214.34,44.07,CA,FBM,Ads,0.882
2025-08-29,B0565132,SKU-0009,6,126.98,761.88,113.66,351.24,10.66,CA,FBA,Organic,0.911
2025-08-29,B0138771,SKU-0010,8,79.53,636.24,107.84,262.77,16.51,UK,FBM,Ads,0.753
2025-08-29,B0165870,SKU-0011,5,39.09,195.45,30.19,93.26,8.34,UK,FBM,Organic,0.73
2025-08-29,B0661462,SKU-0012,5,47.94,239.7,34.02,97.18,7.06,US,FBM,Organic,0.928
2025-08-29,B0241131,SKU-0013,4,129.17,516.68,86.69,231.07,10.32,DE,FBM,Ads,0.933
2025-08-29,B0934569,SKU-0014,10,98.35,983.5,123.76,436.27,20.45,CA,FBM,Ads,0.88
2025-08-29,B0916675,SKU-0015,5,44.23,221.15,29.46,108.98,11.77,DE,FBA,Organic,0.924
2025-08-30,B0673178,SKU-0001,8,82.33,658.64,115.95,292.1,10.61,DE,FBM,Organic,0.727
2025-08-30,B0494532,SKU-0002,8,23.67,189.36,27.97,104.6,12.37,CA,FBA,Ads,0.778
2025-08-30,B0466098,SKU-0003,15,18.61,279.15,39.29,128.98,17.96,UK,FBM,Ads,0.81
2025-08-30,B0287544,SKU-0004,10,109.19,1091.9,186.96,547.61,14.58,US,FBA,Organic,0.947
2025-08-30,B0444234,SKU-0005,6,83.37,500.22,68.54,256.15,9.45,UK,FBA,Organic,0.741
2025-08-30,B0474559,SKU-0006,9,90.33,812.97,127.66,416.29,12.68,US,FBA,Organic,0.95
2025-08-30,B0760123,SKU-0007,1,70.91,70.91,10.26,30.68,2.17,CA,FBA,Organic,0.865
2025-08-30,B0300550,SKU-0008,1,26.68,26.68,4.07,12.59,2.39,DE,FBA,Ads,0.919
2025-08-30,B0565132,SKU-0009,7,124.76,873.32,154.97,423.33,12.02,DE,FBM,Ads,0.897
2025-08-30,B0138771,SKU-0010,9,79.2,712.8,95.85,320.84,22.32,US,FBA,Ads,0.842
2025-08-30,B0165870,SKU-0011,7,34.07,238.49,35.49,120.62,9.0,UK,FBM,Organic,0.827
2025-08-30,B0661462,SKU-0012,6,47.79,286.74,34.75,156.99,14.76,DE,FBM,Ads,0.864
2025-08-30,B0241131,SKU-0013,11,114.33,1257.63,173.1,509.04,13.27,US,FBM,Ads,0.83
2025-08-30,B0934569,SKU-0014,8,101.82,814.56,126.56,335.71,10.66,DE,FBM,Organic,0.937
2025-08-30,B0916675,SKU-0015,7,39.47,276.29,46.8,150.86,13.74,US,FBM,Ads,0.781
2025-08-31,B0673178,SKU-0001,17,71.11,1208.87,175.7,519.62,24.56,CA,FBA,Organic,0.931
2025-08-31,B0494532,SKU-0002,9,24.42,219.78,32.17,98.18,22.59,DE,FBM,Organic,0.891
2025-08-31,B0466098,SKU-0003,5,16.8,84.0,13.45,39.84,9.66,UK,FBA,Ads,0.823
2025-08-31,B0287544,SKU-0004,16,107.85,1725.6,243.52,943.95,34.03,UK,FBM,Ads,0.809
2025-08-31,B0444234,SKU-0005,16,94.75,1516.0,268.82,731.63,18.9,US,FBA,Organic,0.754
2025-08-31,B0474559,SKU-0006,14,90.57,1267.98,196.55,574.37,26.9,US,FBM,Ads,0.807
2025-08-31,B0760123,SKU-0007,3,60.88,182.64,31.09,93.91,7.8,UK,FBA,Ads,0.911
2025-08-31,B0300550,SKU-0008,9,26.97,242.73,34.74,107.62,12.77,CA,FBM,Organic,0.944
2025-08-31,B0565132,SKU-0009,8,126.15,1009.2,125.85,423.38,19.02,CA,FBA,Ads,0.794
2025-08-31,B0138771,SKU-0010,11,87.68,964.48,143.7,394.57,26.91,DE,FBM,Ads,0.835
2025-08-31,B0165870,SKU-0011,5,36.86,184.3,24.35,88.11,9.56,UK,FBA,Ads,0.739
2025-08-31,B0661462,SKU-0012,8,43.62,348.96,43.48,182.04,17.38,CA,FBM,Ads,0.892
2025-08-31,B0241131,SKU-0013,14,115.42,1615.88,223.01,843.7,28.82,US,FBA,Ads,0.841
2025-08-31,B0934569,SKU-0014,13,98.9,1285.7,196.43,600.05,19.4,DE,FBM,Ads,0.733
2025-09-01,B0673178,SKU-0001,13,75.54,982.02,162.8,493.12,33.18,US,FBM,Ads,0.949
2025-09-01,B0494532,SKU-0002,14,22.39,313.46,49.79,129.89,32.04,US,FBM,Organic,0.907
2025-09-01,B0466098,SKU-0003,6,18.56,111.36,19.27,59.58,12.86,DE,FBM,Organic,0.829
2025-09-01,B0287544,SKU-0004,6,102.07,612.42,90.32,312.6,9.19,CA,FBA,Ads,0.746
2025-09-01,B0444234,SKU-0005,12,83.07,996.84,126.29,457.27,13.47,UK,FBA,Organic,0.85
2025-09-01,B0474559,SKU-0006,6,96.54,579.24,99.41,260.32,14.87,US,FBM,Ads,0.939
2025-09-01,B0760123,SKU-0007,4,64.19,256.76,34.0,121.31,4.43,DE,FBA,Organic,0.759
2025-09-01,B0300550,SKU-0008,9,28.96,260.64,38.42,110.95,14.14,US,FBM,Ads,0.78
2025-09-01,B0565132,SKU-0009,7,132.34,926.38,160.87,372.17,17.56,UK,FBM,Organic,0.852
2025-09-01,B0138771,SKU-0010,4,80.9,323.6,48.6,159.28,9.46,DE,FBA,Ads,0.877
2025-09-01,B0165870,SKU-0011,14,38.46,538.44,93.17,268.19,27.49,US,FBM,Ads,0.903
2025-09-01,B0241131,SKU-0013,10,124.32,1243.2,217.65,525.47,21.91,CA,FBA,Ads,0.877
2025-09-01,B0934569,SKU-0014,8,89.4,715.2,123.14,288.13,19.63,DE,FBM,Organic,0.928
2025-09-01,B0916675,SKU-0015,5,39.16,195.8,26.69,83.5,6.28,CA,FBA,Ads,0.728
2025-09-02,B0673178,SKU-0001,12,76.26,915.12,162.56,396.38,19.6,UK,FBA,Organic,0.8
2025-09-02,B0494532,SKU-0002,8,23.74,189.92,30.96,99.49,12.49,DE,FBA,Ads,0.835
2025-09-02,B0466098,SKU-0003,3,16.05,48.15,6.38,26.74,5.21,DE,FBA,Ads,0.832
2025-09-02,B0287544,SKU-0004,12,120.08,1440.96,182.35,796.5,23.48,UK,FBA,Ads,0.805
2025-09-02,B0444234,SKU-0005,4,97.12,388.48,61.14,206.02,10.22,CA,FBM,Ads,0.93
2025-09-02,B0474559,SKU-0006,15,96.96,1454.4,256.31,698.78,31.5,CA,FBM,Organic,0.809
2025-09-02,B0760123,SKU-0007,7,64.81,453.67,73.71,191.9,16.7,DE,FBA,Ads,0.726
2025-09-02,B0565132,SKU-0009,7,119.64,837.48,119.92,416.3,13.77,US,FBA,Organic,0.856
2025-09-02,B0138771,SKU-0010,8,74.47,595.76,88.81,324.61,10.64,UK,FBA,Organic,0.755
2025-09-02,B0165870,SKU-0011,10,39.26,392.6,52.84,161.79,13.13,DE,FBA,Ads,0.778
2025-09-02,B0661462,SKU-0012,5,40.9,204.5,27.21,97.82,6.76,US,FBM,Ads,0.813
2025-09-02,B0241131,SKU-0013,1,121.17,121.17,15.01,61.4,1.86,CA,FBA,Organic,0.858
2025-09-02,B0934569,SKU-0014,8,90.74,725.92,123.58,383.93,10.27,UK,FBM,Organic,0.886
2025-09-02,B0916675,SKU-0015,18,43.19,777.42,104.92,311.98,30.6,UK,FBA,Ads,0.742
2025-09-03,B0673178,SKU-0001,5,75.79,378.95,60.73,187.91,10.05,CA,FBA,Organic,0.73
2025-09-03,B0494532,SKU-0002,7,23.57,164.99,26.66,74.49,16.1,US,FBM,Organic,0.84
2025-09-03,B0466098,SKU-0003,15,16.99,254.85,35.65,137.85,31.34,UK,FBA,Organic,0.798
2025-09-03,B0444234,SKU-0005,7,89.42,625.94,84.05,279.1,16.11,US,FBA,Organic,0.736
2025-09-03,B0474559,SKU-0006,7,96.41,674.87,96.64,304.79,16.75,US,FBA,Ads,0.948
2025-09-03,B0760123,SKU-0007,6,64.59,387.54,65.13,160.01,14.53,US,FBM,Ads,0.822
2025-09-03,B0300550,SKU-0008,11,26.85,295.35,44.4,161.58,26.72,CA,FBA,Ads,0.886
2025-09-03,B0565132,SKU-0009,10,140.8,1408.0,199.19,700.58,12.22,DE,FBA,Organic,0.924
2025-09-03,B0138771,SKU-0010,1,82.41,82.41,11.73,38.96,1.88,CA,FBM,Organic,0.728
2025-09-03,B0165870,SKU-0011,4,33.91,135.64,23.98,74.39,4.62,US,FBA,Organic,0.931
2025-09-03,B0661462,SKU-0012,5,48.07,240.35,36.45,131.83,7.56,CA,FBA,Organic,0.896
2025-09-03,B0241131,SKU-0013,7,111.7,781.9,116.12,426.91,8.07,UK,FBM,Ads,0.868
2025-09-03,B0934569,SKU-0014,11,102.88,1131.68,158.63,456.42,12.42,UK,FBM,Organic,0.868
2025-09-03,B0916675,SKU-0015,13,42.36,550.68,86.97,231.81,29.96,DE,FBA,Ads,0.953
2025-09-04,B0673178,SKU-0001,8,77.05,616.4,75.21,326.96,12.78,DE,FBM,Ads,0.731
2025-09-04,B0494532,SKU-0002,5,23.4,117.0,16.65,52.78,11.98,DE,FBM,Organic,0.812
2025-09-04,B0466098,SKU-0003,2,17.16,34.32,5.88,14.81,2.57,UK,FBA,Ads,0.942
2025-09-04,B0287544,SKU-0004,7,110.16,771.12,125.16,404.16,9.32,UK,FBA,Organic,0.792
2025-09-04,B0444234,SKU-0005,11,80.92,890.12,116.1,478.41,21.46,CA,FBM,Organic,0.801
2025-09-04,B0474559,SKU-0006,5,92.01,460.05,67.81,238.99,12.69,UK,FBM,Organic,0.721
2025-09-04,B0760123,SKU-0007,15,68.58,1028.7,144.43,468.5,29.62,UK,FBM,Organic,0.768
2025-09-04,B0300550,SKU-0008,1,31.06,31.06,5.45,15.91,2.45,DE,FBA,Ads,0.886
2025-09-04,B0565132,SKU-0009,4,124.85,499.4,77.03,268.65,6.32,CA,FBM,Ads,0.951
2025-09-04,B0138771,SKU-0010,9,74.87,673.83,119.55,304.74,20.42,DE,FBA,Ads,0.804
2025-09-04,B0165870,SKU-0011,12,34.76,417.12,74.13,185.62,31.15,DE,FBA,Ads,0.88
2025-09-04,B0661462,SKU-0012,6,46.37,278.22,40.97,137.65,11.25,UK,FBM,Ads,0.76
2025-09-04,B0241131,SKU-0013,2,122.2,244.4,39.44,125.57,3.35,CA,FBM,Ads,0.733
2025-09-04,B0934569,SKU-0014,10,98.27,982.7,122.35,466.4,24.41,US,FBA,Ads,0.822
2025-09-04,B0916675,SKU-0015,10,41.17,411.7,66.0,201.15,22.36,UK,FBA,Ads,0.95
2025-09-05,B0673178,SKU-0001,2,69.41,138.82,22.09,56.87,3.24,US,FBM,Ads,0.732
2025-09-05,B0494532,SKU-0002,7,25.0,175.0,30.49,95.51,14.29,CA,FBM,Ads,0.895
2025-09-05,B0466098,SKU-0003,10,16.15,161.5,19.85,66.53,21.75,US,FBM,Ads,0.893
2025-09-05,B0287544,SKU-0004,4,112.53,450.12,73.17,230.16,9.24,CA,FBM,Ads,0.842
2025-09-05,B0444234,SKU-0005,6,83.48,500.88,84.83,220.7,10.22,US,FBA,Ads,0.924
2025-09-05,B0474559,SKU-0006,4,92.83,371.32,58.63,165.55,4.67,CA,FBM,Ads,0.956
2025-09-05,B0760123,SKU-0007,7,65.46,458.22,66.3,197.13,9.7,DE,FBM,Ads,0.815
2025-09-05,B0300550,SKU-0008,7,26.61,186.27,33.49,79.92,13.68,DE,FBM,Ads,0.875
2025-09-05,B0565132,SKU-0009,4,119.27,477.08,81.1,250.43,7.94,CA,FBM,Ads,0.735
2025-09-05,B0138771,SKU-0010,8,78.9,631.2,95.63,260.44,12.98,CA,FBM,Ads,0.812
2025-09-05,B0165870,SKU-0011,9,35.75,321.75,51.52,161.24,16.59,UK,FBA,Organic,0.928
2025-09-05,B0661462,SKU-0012,4,42.68,170.72,20.69,79.87,9.77,UK,FBM,Organic,0.762
2025-09-05,B0241131,SKU-0013,5,122.17,610.85,78.93,262.54,9.88,DE,FBA,Organic,0.834
2025-09-05,B0934569,SKU-0014,7,100.64,704.48,115.65,386.87,9.87,DE,FBA,Ads,0.73
2025-09-05,B0916675,SKU-0015,1,38.21,38.21,5.29,20.18,1.44,DE,FBA,Organic,0.855
2025-09-06,B0673178,SKU-0001,6,81.66,489.96,76.5,199.15,7.59,UK,FBA,Ads,0.876
2025-09-06,B0494532,SKU-0002,12,24.38,292.56,46.78,123.07,22.52,DE,FBM,Ads,0.843
2025-09-06,B0466098,SKU-0003,5,15.74,78.7,12.01,35.56,12.31,US,FBA,Ads,0.865
2025-09-06,B0287544,SKU-0004,12,106.89,1282.68,208.9,703.04,30.09,UK,FBM,Organic,0.897
2025-09-06,B0444234,SKU-0005,12,89.56,1074.72,179.91,575.28,24.8,DE,FBM,Organic,0.828
2025-09-06,B0474559,SKU-0006,9,91.58,824.22,133.15,437.38,22.48,CA,FBA,Ads,0.733
2025-09-06,B0760123,SKU-0007,8,66.75,534.0,76.49,281.73,9.38,UK,FBM,Ads,0.895
2025-09-06,B0300550,SKU-0008,6,29.89,179.34,26.59,96.46,11.69,DE,FBM,Organic,0.845
2025-09-06,B0565132,SKU-0009,6,126.14,756.84,104.28,394.85,6.75,CA,FBA,Organic,0.769
2025-09-06,B0138771,SKU-0010,2,88.68,177.36,30.61,96.47,2.98,UK,FBM,Ads,0.863
2025-09-06,B0165870,SKU-0011,12,36.53,438.36,69.2,240.03,25.18,DE,FBA,Organic,0.807
2025-09-06,B0661462,SKU-0012,9,40.88,367.92,48.58,159.53,11.44,UK,FBA,Ads,0.819
2025-09-06,B0241131,SKU-0013,3,111.48,334.44,46.52,157.5,6.77,UK,FBM,Organic,0.832
2025-09-06,B0934569,SKU-0014,8,91.53,732.24,124.2,392.44,16.89,DE,FBA,Ads,0.854
2025-09-06,B0916675,SKU-0015,10,41.79,417.9,65.94,173.41,25.31,DE,FBM,Ads,0.937
2025-09-07,B0673178,SKU-0001,6,81.31,487.86,66.58,241.65,7.03,DE,FBM,Ads,0.807
2025-09-07,B0494532,SKU-0002,9,24.82,223.38,36.73,111.73,11.42,UK,FBA,Organic,0.918
2025-09-07,B0466098,SKU-0003,10,17.18,171.8,20.81,93.3,14.33,DE,FBA,Ads,0.907
2025-09-07,B0287544,SKU-0004,8,117.86,942.88,147.37,381.2,12.25,UK,FBM,Organic,0.852
2025-09-07,B0444234,SKU-0005,8,84.97,679.76,82.05,335.6,15.13,UK,FBM,Organic,0.85
2025-09-07,B0474559,SKU-0006,9,84.75,762.75,106.15,399.64,18.16,CA,FBA,Organic,0.938
2025-09-07,B0760123,SKU-0007,6,70.95,425.7,59.31,233.33,8.18,US,FBA,Ads,0.801
2025-09-07,B0300550,SKU-0008,9,27.88,250.92,42.63,114.75,10.46,CA,FBM,Organic,0.834
2025-09-07,B0565132,SKU-0009,8,125.78,1006.24,121.83,516.91,15.33,UK,FBA,Organic,0.749
2025-09-07,B0138771,SKU-0010,14,77.38,1083.32,177.54,503.8,27.07,CA,FBA,Ads,0.77
2025-09-07,B0165870,SKU-0011,4,36.22,144.88,17.97,58.33,5.41,CA,FBM,Ads,0.751
2025-09-07,B0241131,SKU-0013,5,112.22,561.1,69.98,284.57,12.74,CA,FBM,Ads,0.734
2025-09-07,B0934569,SKU-0014,13,93.09,1210.17,206.2,580.66,17.6,UK,FBA,Organic,0.927
2025-09-07,B0916675,SKU-0015,13,42.84,556.92,73.57,275.72,28.4,UK,FBA,Ads,0.864
2025-09-08,B0673178,SKU-0001,14,71.26,997.64,148.82,546.97,16.54,UK,FBM,Ads,0.779
2025-09-08,B0494532,SKU-0002,13,21.65,281.45,42.72,118.67,21.45,UK,FBM,Organic,0.738
2025-09-08,B0466098,SKU-0003,13,16.62,216.06,35.35,102.66,14.7,US,FBM,Organic,0.911
2025-09-08,B0287544,SKU-0004,8,102.75,822.0,128.56,394.12,18.99,UK,FBM,Ads,0.792
2025-09-08,B0444234,SKU-0005,2,85.34,170.68,22.35,79.28,4.22,CA,FBM,Ads,0.96
2025-09-08,B0474559,SKU-0006,11,88.24,970.64,144.21,539.01,24.58,DE,FBA,Ads,0.944
2025-09-08,B0760123,SKU-0007,10,61.47,614.7,73.88,284.36,14.02,DE,FBM,Organic,0.863
2025-09-08,B0300550,SKU-0008,9,26.74,240.66,35.62,106.7,17.21,UK,FBA,Organic,0.819
2025-09-08,B0565132,SKU-0009,3,119.24,357.72,47.16,196.13,3.77,US,FBA,Ads,0.826
2025-09-08,B0138771,SKU-0010,8,85.31,682.48,115.95,332.34,16.47,US,FBA,Organic,0.853
2025-09-08,B0165870,SKU-0011,6,35.06,210.36,28.27,97.65,10.71,US,FBM,Ads,0.929
2025-09-08,B0661462,SKU-0012,6,46.82,280.92,42.46,148.15,10.53,US,FBA,Organic,0.821
2025-09-08,B0241131,SKU-0013,7,133.44,934.08,165.19,507.8,16.27,UK,FBA,Ads,0.841
2025-09-08,B0934569,SKU-0014,8,102.49,819.92,106.91,387.89,11.04,US,FBA,Organic,0.892
2025-09-08,B0916675,SKU-0015,2,38.55,77.1,9.26,42.8,4.98,US,FBM,Ads,0.945
2025-09-09,B0673178,SKU-0001,8,74.61,596.88,96.97,287.65,11.51,DE,FBA,Ads,0.94
2025-09-09,B0494532,SKU-0002,8,22.6,180.8,21.8,93.73,9.68,UK,FBM,Organic,0.894
2025-09-09,B0466098,SKU-0003,6,17.51,105.06,18.3,52.84,9.52,DE,FBA,Organic,0.9
2025-09-09,B0287544,SKU-0004,13,109.18,1419.34,225.89,737.5,30.02,UK,FBA,Organic,0.915
2025-09-09,B0444234,SKU-0005,21,84.03,1764.63,270.91,737.78,30.27,DE,FBA,Ads,0.928
2025-09-09,B0474559,SKU-0006,8,94.42,755.36,118.56,379.36,10.15,DE,FBM,Organic,0.925
2025-09-09,B0760123,SKU-0007,6,62.57,375.42,46.9,207.14,12.65,CA,FBM,Ads,0.863
2025-09-09,B0300550,SKU-0008,13,30.22,392.86,69.6,193.3,31.3,US,FBA,Organic,0.782
2025-09-09,B0565132,SKU-0009,8,128.69,1029.52,147.59,473.51,13.58,US,FBA,Ads,0.911
2025-09-09,B0165870,SKU-0011,7,39.01,273.07,41.66,149.17,14.4,US,FBA,Ads,0.948
2025-09-09,B0661462,SKU-0012,4,40.77,163.08,20.58,79.08,9.99,CA,FBM,Organic,0.732
2025-09-09,B0241131,SKU-0013,5,121.9,609.5,88.95,337.62,9.61,DE,FBM,Organic,0.762
2025-09-09,B0934569,SKU-0014,4,100.93,403.72,54.52,222.71,7.96,US,FBA,Ads,0.863
2025-09-09,B0916675,SKU-0015,12,38.01,456.12,72.12,189.98,28.61,UK,FBA,Ads,0.723
2025-09-10,B0673178,SKU-0001,2,75.14,150.28,20.98,71.59,5.2,UK,FBM,Ads,0.841
2025-09-10,B0494532,SKU-0002,5,22.38,111.9,20.1,47.73,8.1,DE,FBM,Ads,0.952
2025-09-10,B0466098,SKU-0003,7,16.42,114.94,14.38,53.5,14.77,UK,FBM,Organic,0.842
2025-09-10,B0287544,SKU-0004,9,116.9,1052.1,183.52,482.13,18.14,US,FBA,Organic,0.91
2025-09-10,B0444234,SKU-0005,2,94.8,189.6,32.08,89.06,3.42,CA,FBA,Ads,0.754
2025-09-10,B0474559,SKU-0006,3,100.37,301.11,53.75,140.04,6.37,US,FBM,Organic,0.95
2025-09-10,B0760123,SKU-0007,7,66.37,464.59,75.5,193.45,15.05,CA,FBA,Organic,0.8
2025-09-10,B0300550,SKU-0008,7,26.98,188.86,27.47,81.26,17.64,US,FBA,Ads,0.765
2025-09-10,B0565132,SKU-0009,1,133.38,133.38,21.31,67.44,2.3,UK,FBA,Organic,0.825
2025-09-10,B0138771,SKU-0010,9,77.17,694.53,113.08,289.94,11.49,CA,FBA,Ads,0.9
2025-09-10,B0165870,SKU-0011,7,40.06,280.42,46.95,149.22,15.65,DE,FBA,Ads,0.831
2025-09-10,B0661462,SKU-0012,4,48.84,195.36,33.66,101.19,7.2,DE,FBA,Organic,0.863
2025-09-10,B0241131,SKU-0013,5,132.61,663.05,108.54,281.8,7.48,CA,FBA,Ads,0.754
2025-09-10,B0934569,SKU-0014,11,93.26,1025.86,150.47,547.31,24.71,UK,FBA,Organic,0.891
2025-09-10,B0916675,SKU-0015,5,38.56,192.8,33.94,81.37,10.22,CA,FBA,Organic,0.778
2025-09-11,B0673178,SKU-0001,2,69.49,138.98,18.78,71.41,2.28,CA,FBM,Organic,0.861
2025-09-11,B0494532,SKU-0002,1,24.13,24.13,4.2,9.83,1.56,UK,FBA,Organic,0.856
2025-09-11,B0466098,SKU-0003,2,17.82,35.64,6.31,19.33,3.16,CA,FBM,Ads,0.852
2025-09-11,B0287544,SKU-0004,1,110.51,110.51,18.54,61.18,2.58,US,FBM,Organic,0.836
2025-09-11,B0444234,SKU-0005,4,89.19,356.76,57.81,174.08,5.69,CA,FBA,Ads,0.948
2025-09-11,B0474559,SKU-0006,5,86.88,434.4,60.25,181.55,6.9,UK,FBA,Ads,0.899
2025-09-11,B0760123,SKU-0007,6,67.48,404.88,53.64,222.41,8.29,CA,FBA,Ads,0.929
2025-09-11,B0300550,SKU-0008,2,31.75,63.5,7.81,30.0,3.87,CA,FBM,Organic,0.772
2025-09-11,B0565132,SKU-0009,9,140.05,1260.45,178.1,525.0,14.1,US,FBM,Organic,0.859
2025-09-11,B0138771,SKU-0010,2,81.72,163.44,24.32,91.07,5.05,US,FBA,Ads,0.899
2025-09-11,B0165870,SKU-0011,4,35.51,142.04,24.0,60.81,7.33,DE,FBM,Ads,0.79
2025-09-11,B0661462,SKU-0012,5,44.81,224.05,26.95,115.15,8.64,DE,FBA,Ads,0.835
2025-09-11,B0241131,SKU-0013,2,128.22,256.44,33.46,142.39,4.79,DE,FBA,Organic,0.916
2025-09-11,B0934569,SKU-0014,7,102.54,717.78,90.98,390.11,17.41,UK,FBM,Organic,0.855
2025-09-11,B0916675,SKU-0015,7,38.34,268.38,40.49,147.82,16.35,US,FBM,Ads,0.806
2025-09-12,B0673178,SKU-0001,15,73.36,1100.4,133.28,610.83,22.21,UK,FBM,Organic,0.799
2025-09-12,B0494532,SKU-0002,6,22.98,137.88,24.23,55.55,7.25,CA,FBM,Ads,0.885
2025-09-12,B0466098,SKU-0003,13,17.68,229.84,27.73,126.96,21.02,CA,FBA,Organic,0.914
2025-09-12,B0287544,SKU-0004,13,105.65,1373.45,188.45,618.32,26.5,UK,FBM,Ads,0.744
2025-09-12,B0444234,SKU-0005,16,90.87,1453.92,184.1,777.58,24.48,UK,FBA,Organic,0.763
2025-09-12,B0474559,SKU-0006,7,94.79,663.53,118.86,332.13,10.08,CA,FBA,Organic,0.953
2025-09-12,B0760123,SKU-0007,4,70.39,281.56,50.45,113.06,8.96,CA,FBA,Organic,0.734
2025-09-12,B0300550,SKU-0008,6,30.9,185.4,31.39,98.72,15.08,UK,FBA,Organic,0.771
2025-09-12,B0565132,SKU-0009,8,134.61,1076.88,160.78,458.27,11.08,CA,FBA,Organic,0.958
2025-09-12,B0138771,SKU-0010,14,84.52,1183.28,153.18,589.94,34.27,US,FBA,Organic,0.892
2025-09-12,B0165870,SKU-0011,6,37.98,227.88,35.1,115.76,13.25,DE,FBA,Organic,0.941
2025-09-12,B0661462,SKU-0012,10,41.02,410.2,56.85,179.39,13.0,CA,FBM,Ads,0.786
2025-09-12,B0934569,SKU-0014,2,101.81,203.62,28.71,105.55,2.92,US,FBA,Organic,0.915
2025-09-12,B0916675,SKU-0015,6,43.15,258.9,34.71,126.98,12.97,DE,FBA,Organic,0.853
2025-09-13,B0673178,SKU-0001,1,74.18,74.18,13.21,30.99,2.14,CA,FBM,Organic,0.823
2025-09-13,B0494532,SKU-0002,8,22.42,179.36,30.68,94.76,20.63,DE,FBM,Ads,0.736
2025-09-13,B0466098,SKU-0003,10,17.12,171.2,26.91,82.01,15.18,UK,FBA,Organic,0.724
2025-09-13,B0287544,SKU-0004,4,104.14,416.56,58.43,182.21,5.65,US,FBM,Organic,0.74
2025-09-13,B0444234,SKU-0005,6,85.74,514.44,66.34,224.23,8.97,DE,FBA,Ads,0.762
2025-09-13,B0474559,SKU-0006,8,86.16,689.28,90.42,278.7,19.46,DE,FBM,Organic,0.844
2025-09-13,B0760123,SKU-0007,13,63.09,820.17,139.35,424.35,27.58,DE,FBM,Ads,0.799
2025-09-13,B0300550,SKU-0008,10,26.84,268.4,42.58,136.57,14.06,DE,FBM,Ads,0.75
2025-09-13,B0565132,SKU-0009,8,125.76,1006.08,152.13,457.52,14.94,US,FBA,Ads,0.825
2025-09-13,B0138771,SKU-0010,5,77.1,385.5,69.13,205.96,5.72,US,FBM,Organic,0.722
2025-09-13,B0165870,SKU-0011,6,37.53,225.18,39.46,95.1,12.83,CA,FBA,Organic,0.795
2025-09-13,B0241131,SKU-0013,6,113.24,679.44,121.04,287.0,10.88,DE,FBA,Organic,0.794
2025-09-13,B0934569,SKU-0014,10,90.31,903.1,132.3,371.83,24.85,US,FBA,Ads,0.861
2025-09-13,B0916675,SKU-0015,5,40.13,200.65,31.04,106.95,9.18,UK,FBM,Ads,0.734
2025-09-14,B0673178,SKU-0001,8,79.28,634.24,99.52,328.83,20.25,DE,FBM,Organic,0.95
2025-09-14,B0466098,SKU-0003,6,16.71,100.26,16.54,41.53,12.59,UK,FBM,Organic,0.922
2025-09-14,B0287544,SKU-0004,8,109.45,875.6,121.24,488.66,13.51,DE,FBM,Organic,0.835
2025-09-14,B0444234,SKU-0005,7,97.04,679.28,114.65,373.7,10.65,DE,FBA,Organic,0.724
2025-09-14,B0474559,SKU-0006,11,100.76,1108.36,165.52,580.32,25.87,DE,FBA,Ads,0.943
2025-09-14,B0760123,SKU-0007,4,62.32,249.28,43.24,102.85,8.72,US,FBA,Ads,0.887
2025-09-14,B0300550,SKU-0008,9,29.87,268.83,43.39,112.67,12.31,US,FBM,Organic,0.841
2025-09-14,B0565132,SKU-0009,9,129.66,1166.94,194.18,558.18,11.51,DE,FBM,Ads,0.868
2025-09-14,B0138771,SKU-0010,6,88.43,530.58,95.35,291.77,10.15,DE,FBA,Organic,0.835
2025-09-14,B0165870,SKU-0011,7,40.56,283.92,47.08,143.04,17.79,DE,FBM,Organic,0.932
2025-09-14,B0661462,SKU-0012,3,42.0,126.0,21.79,61.94,6.13,CA,FBA,Organic,0.955
2025-09-14,B0241131,SKU-0013,6,118.59,711.54,106.72,396.36,7.08,CA,FBA,Organic,0.901
2025-09-14,B0934569,SKU-0014,12,100.34,1204.08,156.95,612.94,27.07,US,FBM,Organic,0.797
2025-09-14,B0916675,SKU-0015,9,40.14,361.26,60.76,170.36,22.04,UK,FBA,Ads,0.934
2025-09-15,B0673178,SKU-0001,1,73.9,73.9,12.72,32.78,2.04,DE,FBM,Organic,0.844
2025-09-15,B0494532,SKU-0002,15,22.07,331.05,50.67,184.92,33.56,US,FBM,Ads,0.913
2025-09-15,B0466098,SKU-0003,14,16.36,229.04,28.76,92.24,16.37,DE,FBM,Ads,0.878
2025-09-15,B0287544,SKU-0004,8,106.29,850.32,126.94,415.96,19.72,US,FBA,Ads,0.901
2025-09-15,B0444234,SKU-0005,11,94.69,1041.59,142.96,560.99,14.5,UK,FBA,Ads,0.868
2025-09-15,B0474559,SKU-0006,12,88.28,1059.36,143.14,484.95,25.1,DE,FBM,Ads,0.745
2025-09-15,B0760123,SKU-0007,11,64.44,708.84,118.75,289.58,17.63,UK,FBA,Organic,0.841
2025-09-15,B0300550,SKU-0008,10,31.46,314.6,39.38,149.75,25.54,UK,FBA,Organic,0.921
2025-09-15,B0565132,SKU-0009,11,136.17,1497.87,238.5,756.3,15.72,UK,FBA,Ads,0.946
2025-09-15,B0138771,SKU-0010,7,75.74,530.18,71.12,295.97,10.64,UK,FBM,Organic,0.921
2025-09-15,B0165870,SKU-0011,2,35.56,71.12,9.55,39.46,2.93,CA,FBA,Organic,0.853
2025-09-15,B0661462,SKU-0012,6,43.99,263.94,44.92,137.22,7.14,CA,FBM,Organic,0.927
2025-09-15,B0241131,SKU-0013,1,115.2,115.2,15.09,48.74,2.24,US,FBA,Ads,0.855
2025-09-15,B0934569,SKU-0014,10,85.84,858.4,150.89,370.84,21.84,US,FBA,Ads,0.814
2025-09-15,B0916675,SKU-0015,10,44.01,440.1,54.53,194.36,16.56,DE,FBA,Organic,0.752
2025-09-16,B0673178,SKU-0001,4,73.39,293.56,48.76,158.16,4.54,CA,FBA,Organic,0.744
2025-09-16,B0494532,SKU-0002,1,22.61,22.61,3.74,11.44,2.24,CA,FBA,Ads,0.762
2025-09-16,B0466098,SKU-0003,11,17.42,191.62,27.27,93.73,27.56,UK,FBA,Organic,0.893
2025-09-16,B0287544,SKU-0004,3,103.52,310.56,47.38,168.04,5.35,DE,FBA,Organic,0.782
2025-09-16,B0474559,SKU-0006,7,85.35,597.45,102.6,272.02,11.81,US,FBM,Organic,0.736
2025-09-16,B0760123,SKU-0007,6,70.04,420.24,50.79,203.91,10.23,UK,FBM,Ads,0.819
2025-09-16,B0300550,SKU-0008,3,29.17,87.51,14.04,47.48,5.64,US,FBM,Ads,0.901
2025-09-16,B0565132,SKU-0009,8,124.33,994.64,123.63,424.57,13.66,UK,FBM,Organic,0.938
2025-09-16,B0138771,SKU-0010,9,87.32,785.88,113.57,402.22,16.9,US,FBM,Organic,0.927
2025-09-16,B0165870,SKU-0011,9,36.98,332.82,47.8,162.83,18.46,UK,FBA,Ads,0.927
2025-09-16,B0661462,SKU-0012,13,46.97,610.61,75.23,319.66,27.81,CA,FBA,Organic,0.78
2025-09-16,B0241131,SKU-0013,3,119.53,358.59,52.94,157.54,3.85,CA,FBM,Organic,0.793
2025-09-16,B0934569,SKU-0014,9,96.61,869.49,119.09,408.0,20.87,CA,FBA,Organic,0.742
2025-09-16,B0916675,SKU-0015,10,39.19,391.9,52.29,214.49,11.63,DE,FBM,Organic,0.928
2025-09-17,B0673178,SKU-0001,4,74.98,299.92,49.45,120.95,7.91,US,FBM,Ads,0.904
2025-09-17,B0494532,SKU-0002,7,24.49,171.43,20.59,78.9,12.83,DE,FBM,Ads,0.78
2025-09-17,B0466098,SKU-0003,6,17.2,103.2,16.69,47.0,10.89,DE,FBA,Ads,0.739
2025-09-17,B0287544,SKU-0004,3,107.98,323.94,48.57,154.09,3.52,US,FBA,Organic,0.725
2025-09-17,B0444234,SKU-0005,5,86.71,433.55,70.87,186.37,12.22,DE,FBM,Ads,0.8
2025-09-17,B0474559,SKU-0006,6,94.36,566.16,84.77,231.55,14.28,DE,FBA,Ads,0.951
2025-09-17,B0760123,SKU-0007,7,71.11,497.77,62.3,229.54,14.26,US,FBA,Organic,0.745
2025-09-17,B0300550,SKU-0008,10,28.1,281.0,38.09,119.59,17.18,DE,FBM,Ads,0.922
2025-09-17,B0565132,SKU-0009,13,119.13,1548.69,263.49,825.87,25.52,US,FBA,Organic,0.853
2025-09-17,B0165870,SKU-0011,2,36.86,73.72,10.36,41.16,4.06,US,FBM,Organic,0.902
2025-09-17,B0661462,SKU-0012,6,48.83,292.98,36.21,158.22,12.76,US,FBM,Organic,0.94
2025-09-17,B0241131,SKU-0013,10,118.04,1180.4,158.58,551.84,16.99,UK,FBM,Organic,0.928
2025-09-17,B0934569,SKU-0014,9,102.62,923.58,115.42,400.81,19.43,DE,FBM,Ads,0.833
2025-09-17,B0916675,SKU-0015,17,36.86,626.62,95.03,254.09,19.04,CA,FBM,Organic,0.893
2025-09-18,B0673178,SKU-0001,9,75.77,681.93,109.54,370.67,14.91,US,FBM,Ads,0.836
2025-09-18,B0494532,SKU-0002,8,23.39,187.12,24.9,91.48,14.88,DE,FBM,Ads,0.826
2025-09-18,B0466098,SKU-0003,12,18.51,222.12,39.23,119.96,26.77,DE,FBM,Ads,0.767
2025-09-18,B0287544,SKU-0004,12,116.96,1403.52,175.71,777.07,13.24,US,FBM,Organic,0.777
2025-09-18,B0444234,SKU-0005,8,87.11,696.88,99.88,364.87,18.64,US,FBA,Ads,0.861
2025-09-18,B0474559,SKU-0006,12,93.5,1122.0,134.64,492.58,20.78,US,FBM,Ads,0.941
2025-09-18,B0760123,SKU-0007,8,60.81,486.48,70.01,212.25,12.07,UK,FBA,Ads,0.807
2025-09-18,B0300550,SKU-0008,12,29.91,358.92,60.15,178.33,26.89,DE,FBM,Organic,0.919
2025-09-18,B0138771,SKU-0010,12,86.97,1043.64,155.08,568.94,17.54,US,FBM,Organic,0.815
2025-09-18,B0165870,SKU-0011,7,35.68,249.76,42.74,104.31,15.39,CA,FBM,Ads,0.863
2025-09-18,B0661462,SKU-0012,8,46.75,374.0,48.27,173.26,11.72,DE,FBA,Ads,0.927
2025-09-18,B0241131,SKU-0013,6,124.34,746.04,92.92,373.85,14.89,DE,FBM,Organic,0.931
2025-09-18,B0934569,SKU-0014,5,91.02,455.1,79.99,221.42,7.55,CA,FBA,Ads,0.784
2025-09-18,B0916675,SKU-0015,10,42.47,424.7,56.44,223.19,11.13,US,FBM,Organic,0.923
2025-09-19,B0494532,SKU-0002,4,24.02,96.08,15.79,48.18,9.73,UK,FBM,Ads,0.734
2025-09-19,B0466098,SKU-0003,14,15.79,221.06,32.0,106.29,25.57,US,FBM,Ads,0.723
2025-09-19,B0287544,SKU-0004,8,106.19,849.52,102.63,454.01,16.65,US,FBM,Organic,0.788
2025-09-19,B0444234,SKU-0005,10,85.36,853.6,122.29,358.88,19.75,CA,FBA,Ads,0.729
2025-09-19,B0474559,SKU-0006,5,86.59,432.95,66.86,233.61,12.23,CA,FBA,Ads,0.824
2025-09-19,B0760123,SKU-0007,4,61.38,245.52,29.59,106.69,7.19,CA,FBM,Ads,0.916
2025-09-19,B0300550,SKU-0008,8,27.54,220.32,32.07,111.99,19.58,US,FBA,Ads,0.812
2025-09-19,B0565132,SKU-0009,7,128.55,899.85,137.44,364.29,12.45,US,FBA,Ads,0.936
2025-09-19,B0138771,SKU-0010,10,83.27,832.7,104.47,373.67,13.19,DE,FBM,Organic,0.949
2025-09-19,B0165870,SKU-0011,4,35.46,141.84,17.89,61.9,5.61,UK,FBM,Ads,0.926
2025-09-19,B0661462,SKU-0012,16,45.65,730.4,123.31,374.69,36.39,CA,FBA,Organic,0.936
2025-09-19,B0934569,SKU-0014,5,89.17,445.85,60.21,201.64,5.72,UK,FBA,Organic,0.943
2025-09-19,B0916675,SKU-0015,2,43.02,86.04,12.73,38.25,3.66,CA,FBA,Ads,0.81
2025-09-20,B0673178,SKU-0001,4,71.43,285.72,35.58,127.0,4.71,DE,FBA,Organic,0.778
2025-09-20,B0494532,SKU-0002,6,25.05,150.3,18.5,61.56,9.52,CA,FBM,Organic,0.835
2025-09-20,B0466098,SKU-0003,7,17.14,119.98,21.28,57.34,8.44,CA,FBM,Organic,0.814
2025-09-20,B0287544,SKU-0004,11,109.34,1202.74,160.23,490.25,14.71,DE,FBA,Organic,0.779
2025-09-20,B0444234,SKU-0005,13,90.72,1179.36,206.62,629.34,30.03,CA,FBA,Ads,0.843
2025-09-20,B0474559,SKU-0006,7,89.33,625.31,105.78,328.21,16.73,CA,FBA,Organic,0.747
2025-09-20,B0760123,SKU-0007,7,70.83,495.81,77.23,234.83,13.93,CA,FBM,Ads,0.817
2025-09-20,B0300550,SKU-0008,9,30.56,275.04,47.79,119.09,13.6,US,FBM,Organic,0.938
2025-09-20,B0138771,SKU-0010,4,81.69,326.76,40.77,156.31,8.46,DE,FBA,Ads,0.799
2025-09-20,B0165870,SKU-0011,6,39.62,237.72,40.78,120.66,11.41,CA,FBM,Ads,0.816
2025-09-20,B0661462,SKU-0012,3,44.48,133.44,19.88,65.23,4.61,UK,FBA,Organic,0.775
2025-09-20,B0241131,SKU-0013,3,129.09,387.27,62.29,159.08,6.68,UK,FBM,Organic,0.784
2025-09-20,B0934569,SKU-0014,15,97.14,1457.1,232.46,586.06,23.71,UK,FBM,Organic,0.888
2025-09-20,B0916675,SKU-0015,3,39.59,118.77,17.12,54.16,3.93,US,FBM,Ads,0.82
2025-09-21,B0673178,SKU-0001,2,76.17,152.34,22.66,77.85,4.29,DE,FBA,Organic,0.882
2025-09-21,B0494532,SKU-0002,7,23.65,165.55,20.43,84.49,15.53,US,FBM,Ads,0.826
2025-09-21,B0466098,SKU-0003,12,17.01,204.12,33.11,83.52,13.38,UK,FBA,Organic,0.768
2025-09-21,B0287544,SKU-0004,10,117.12,1171.2,209.66,641.57,22.04,CA,FBM,Organic,0.825
2025-09-21,B0444234,SKU-0005,9,89.59,806.31,129.25,404.83,10.52,UK,FBM,Ads,0.738
2025-09-21,B0474559,SKU-0006,11,90.17,991.87,158.61,465.64,24.7,CA,FBA,Organic,0.95
2025-09-21,B0760123,SKU-0007,7,61.87,433.09,69.15,206.15,10.23,US,FBA,Ads,0.886
2025-09-21,B0300550,SKU-0008,7,28.14,196.98,32.6,97.33,14.97,CA,FBA,Organic,0.896
2025-09-21,B0565132,SKU-0009,2,129.69,259.38,40.13,132.81,4.78,CA,FBM,Organic,0.787
2025-09-21,B0138771,SKU-0010,8,74.73,597.84,95.24,268.82,15.53,CA,FBM,Organic,0.945
2025-09-21,B0165870,SKU-0011,14,38.8,543.2,76.36,296.28,20.14,DE,FBM,Ads,0.949
2025-09-21,B0661462,SKU-0012,13,44.71,581.23,88.44,291.22,17.5,DE,FBM,Ads,0.91
2025-09-21,B0241131,SKU-0013,12,116.69,1400.28,177.38,748.57,16.81,DE,FBA,Organic,0.864
2025-09-21,B0934569,SKU-0014,4,94.86,379.44,52.41,206.36,8.49,UK,FBA,Organic,0.756
2025-09-21,B0916675,SKU-0015,6,37.59,225.54,27.75,105.77,7.29,UK,FBM,Organic,0.721
2025-09-22,B0673178,SKU-0001,12,78.68,944.16,121.11,492.23,15.18,DE,FBM,Ads,0.96
2025-09-22,B0494532,SKU-0002,8,23.47,187.76,31.26,100.42,20.59,US,FBA,Organic,0.757
2025-09-22,B0466098,SKU-0003,9,18.72,168.48,25.09,91.25,19.79,US,FBA,Organic,0.825
2025-09-22,B0287544,SKU-0004,4,113.19,452.76,62.18,186.81,7.92,UK,FBA,Ads,0.784
2025-09-22,B0444234,SKU-0005,4,83.2,332.8,51.34,178.34,5.79,UK,FBA,Organic,0.796
2025-09-22,B0474559,SKU-0006,2,91.65,183.3,28.34,74.56,3.61,CA,FBM,Ads,0.884
2025-09-22,B0760123,SKU-0007,8,62.68,501.44,78.36,257.35,10.3,CA,FBA,Organic,0.867
2025-09-22,B0300550,SKU-0008,10,29.89,298.9,36.08,149.12,17.31,UK,FBA,Ads,0.884
2025-09-22,B0565132,SKU-0009,4,121.64,486.56,67.25,204.23,10.18,DE,FBA,Organic,0.891
2025-09-22,B0138771,SKU-0010,6,85.07,510.42,88.92,250.74,12.26,DE,FBA,Ads,0.895
2025-09-22,B0165870,SKU-0011,8,39.5,316.0,51.71,132.07,13.81,CA,FBA,Organic,0.843
2025-09-22,B0661462,SKU-0012,6,41.95,251.7,39.52,126.16,9.83,UK,FBM,Ads,0.805
2025-09-22,B0241131,SKU-0013,12,120.96,1451.52,223.1,804.89,29.77,UK,FBA,Organic,0.8
2025-09-22,B0934569,SKU-0014,12,94.65,1135.8,196.23,619.96,15.23,DE,FBA,Ads,0.826
2025-09-22,B0916675,SKU-0015,9,37.95,341.55,57.93,145.09,12.73,US,FBM,Ads,0.911
2025-09-23,B0673178,SKU-0001,6,78.78,472.68,59.18,244.62,12.89,US,FBM,Organic,0.9
2025-09-23,B0494532,SKU-0002,7,24.4,170.8,25.63,90.95,17.88,CA,FBM,Organic,0.772
2025-09-23,B0466098,SKU-0003,7,18.58,130.06,21.4,70.13,13.0,CA,FBM,Organic,0.922
2025-09-23,B0287544,SKU-0004,7,100.98,706.86,117.94,328.44,11.18,UK,FBM,Ads,0.794
2025-09-23,B0444234,SKU-0005,10,89.06,890.6,112.32,485.06,11.27,DE,FBA,Organic,0.832
2025-09-23,B0474559,SKU-0006,1,90.52,90.52,11.24,49.35,1.41,DE,FBA,Ads,0.811
2025-09-23,B0760123,SKU-0007,8,68.0,544.0,85.41,259.77,15.26,UK,FBM,Ads,0.746
2025-09-23,B0300550,SKU-0008,12,28.74,344.88,52.52,150.75,19.03,DE,FBM,Ads,0.886
2025-09-23,B0565132,SKU-0009,7,124.7,872.9,108.8,381.21,15.91,DE,FBA,Organic,0.8
2025-09-23,B0138771,SKU-0010,8,78.63,629.04,105.7,330.13,12.64,UK,FBM,Ads,0.867
2025-09-23,B0165870,SKU-0011,10,39.02,390.2,65.44,181.98,11.47,UK,FBA,Ads,0.87
2025-09-23,B0661462,SKU-0012,8,41.51,332.08,56.05,133.57,17.53,UK,FBM,Organic,0.849
2025-09-23,B0241131,SKU-0013,9,116.94,1052.46,161.77,467.21,11.01,UK,FBA,Organic,0.784
2025-09-23,B0934569,SKU-0014,1,90.2,90.2,14.97,47.89,1.68,UK,FBM,Organic,0.841
2025-09-23,B0916675,SKU-0015,10,38.43,384.3,61.26,183.49,13.21,US,FBM,Organic,0.809
2025-09-24,B0673178,SKU-0001,1,70.22,70.22,8.86,30.3,2.31,US,FBM,Ads,0.844
2025-09-24,B0494532,SKU-0002,9,22.75,204.75,33.96,108.77,18.53,CA,FBM,Ads,0.861
2025-09-24,B0466098,SKU-0003,1,18.2,18.2,3.16,7.56,1.38,US,FBA,Organic,0.854
2025-09-24,B0287544,SKU-0004,3,104.74,314.22,44.61,166.67,3.49,US,FBM,Organic,0.876
2025-09-24,B0444234,SKU-0005,9,88.71,798.39,113.82,408.78,20.0,US,FBA,Organic,0.808
2025-09-24,B0474559,SKU-0006,6,97.49,584.94,81.63,272.81,8.66,US,FBM,Ads,0.853
2025-09-24,B0760123,SKU-0007,1,67.94,67.94,11.05,29.31,2.01,DE,FBA,Organic,0.881
2025-09-24,B0300550,SKU-0008,13,30.49,396.37,60.58,201.49,31.59,UK,FBA,Organic,0.816
2025-09-24,B0565132,SKU-0009,5,128.62,643.1,88.03,335.59,12.33,DE,FBA,Organic,0.777
2025-09-24,B0138771,SKU-0010,11,84.34,927.74,121.91,465.85,16.82,DE,FBA,Ads,0.949
2025-09-24,B0661462,SKU-0012,13,48.24,627.12,95.84,257.1,19.4,US,FBA,Ads,0.885
2025-09-24,B0241131,SKU-0013,6,116.15,696.9,111.8,358.52,12.02,DE,FBA,Ads,0.859
2025-09-24,B0934569,SKU-0014,12,97.84,1174.08,175.6,625.75,24.94,CA,FBA,Ads,0.936
2025-09-24,B0916675,SKU-0015,2,41.17,82.34,14.31,39.6,3.24,US,FBA,Ads,0.762
2025-09-25,B0673178,SKU-0001,13,77.43,1006.59,147.46,468.25,27.42,CA,FBM,Ads,0.741
2025-09-25,B0494532,SKU-0002,5,23.59,117.95,16.36,56.31,10.69,CA,FBM,Organic,0.886
2025-09-25,B0466098,SKU-0003,9,16.0,144.0,22.69,58.39,10.13,DE,FBM,Ads,0.746
2025-09-25,B0287544,SKU-0004,5,121.03,605.15,95.06,330.3,9.7,UK,FBM,Organic,0.73
2025-09-25,B0444234,SKU-0005,3,88.29,264.87,42.51,135.07,3.54,UK,FBA,Organic,0.766
2025-09-25,B0474559,SKU-0006,5,88.46,442.3,58.78,182.52,10.58,US,FBM,Organic,0.926
2025-09-25,B0760123,SKU-0007,10,61.06,610.6,95.3,310.27,11.05,CA,FBM,Ads,0.851
2025-09-25,B0300550,SKU-0008,17,31.92,542.64,90.46,284.29,36.5,CA,FBM,Ads,0.887
2025-09-25,B0565132,SKU-0009,6,140.78,844.68,151.8,427.49,11.13,DE,FBA,Organic,0.861
2025-09-25,B0138771,SKU-0010,8,75.39,603.12,95.28,261.96,9.33,US,FBM,Organic,0.923
2025-09-25,B0165870,SKU-0011,8,35.33,282.64,43.47,130.33,20.76,DE,FBA,Ads,0.833
2025-09-25,B0661462,SKU-0012,10,45.12,451.2,62.0,228.06,19.54,DE,FBM,Organic,0.833
2025-09-25,B0241131,SKU-0013,7,126.83,887.81,121.88,486.26,15.41,DE,FBM,Organic,0.814
2025-09-25,B0934569,SKU-0014,8,102.46,819.68,140.23,349.21,12.09,US,FBA,Organic,0.949
2025-09-26,B0673178,SKU-0001,11,70.03,770.33,99.77,323.4,15.86,US,FBM,Ads,0.814
2025-09-26,B0494532,SKU-0002,9,21.27,191.43,32.04,95.21,17.87,UK,FBM,Ads,0.778
2025-09-26,B0466098,SKU-0003,6,18.85,113.1,14.16,54.84,14.21,UK,FBA,Ads,0.782
2025-09-26,B0287544,SKU-0004,6,118.34,710.04,96.94,297.88,12.27,CA,FBM,Organic,0.866
2025-09-26,B0444234,SKU-0005,8,87.41,699.28,111.36,303.88,19.87,UK,FBA,Organic,0.9
2025-09-26,B0474559,SKU-0006,4,87.97,351.88,62.1,174.61,5.66,DE,FBA,Ads,0.857
2025-09-26,B0760123,SKU-0007,7,65.68,459.76,72.48,200.64,15.7,UK,FBM,Organic,0.858
2025-09-26,B0300550,SKU-0008,5,26.71,133.55,18.76,71.53,6.3,UK,FBA,Ads,0.823
2025-09-26,B0565132,SKU-0009,3,139.18,417.54,70.14,209.64,4.03,UK,FBA,Organic,0.896
2025-09-26,B0138771,SKU-0010,12,85.69,1028.28,142.08,521.88,19.94,UK,FBA,Ads,0.774
2025-09-26,B0165870,SKU-0011,13,34.04,442.52,67.78,216.43,15.97,CA,FBA,Organic,0.811
2025-09-26,B0661462,SKU-0012,4,40.83,163.32,23.44,87.77,6.73,UK,FBA,Ads,0.726
2025-09-26,B0241131,SKU-0013,4,116.25,465.0,61.06,195.68,8.72,UK,FBM,Ads,0.834
2025-09-26,B0934569,SKU-0014,3,101.12,303.36,46.02,169.6,6.09,CA,FBM,Organic,0.914
2025-09-27,B0673178,SKU-0001,11,69.7,766.7,122.51,333.89,17.62,US,FBM,Ads,0.886
2025-09-27,B0494532,SKU-0002,9,24.71,222.39,31.99,119.45,20.83,US,FBA,Organic,0.92
2025-09-27,B0466098,SKU-0003,10,16.11,161.1,26.93,74.04,14.45,CA,FBA,Ads,0.77
2025-09-27,B0287544,SKU-0004,5,119.96,599.8,76.34,302.96,7.88,US,FBM,Organic,0.855
2025-09-27,B0444234,SKU-0005,6,88.7,532.2,70.35,232.35,15.3,DE,FBM,Organic,0.841
2025-09-27,B0474559,SKU-0006,6,101.37,608.22,99.86,244.94,14.94,DE,FBM,Organic,0.913
2025-09-27,B0760123,SKU-0007,9,59.65,536.85,72.08,296.17,18.61,US,FBA,Organic,0.855
2025-09-27,B0300550,SKU-0008,3,28.76,86.28,11.79,42.55,4.97,UK,FBM,Ads,0.864
2025-09-27,B0565132,SKU-0009,13,142.6,1853.8,292.43,765.74,20.87,CA,FBA,Organic,0.87
2025-09-27,B0138771,SKU-0010,7,83.0,581.0,70.66,295.02,12.6,UK,FBA,Ads,0.863
2025-09-27,B0165870,SKU-0011,8,39.96,319.68,50.75,148.24,18.71,UK,FBM,Organic,0.899
2025-09-27,B0241131,SKU-0013,6,131.78,790.68,136.28,403.64,11.89,DE,FBM,Ads,0.819
2025-09-27,B0934569,SKU-0014,7,93.12,651.84,105.3,320.36,16.24,US,FBA,Organic,0.918
2025-09-27,B0916675,SKU-0015,6,40.42,242.52,31.7,98.42,11.46,US,FBM,Ads,0.953
2025-09-28,B0673178,SKU-0001,13,76.39,993.07,120.77,423.9,33.73,UK,FBM,Ads,0.936
2025-09-28,B0494532,SKU-0002,5,22.66,113.3,17.29,52.73,6.81,UK,FBM,Organic,0.789
2025-09-28,B0466098,SKU-0003,7,15.92,111.44,18.01,52.5,17.26,DE,FBA,Ads,0.893
2025-09-28,B0287544,SKU-0004,7,103.13,721.91,97.64,320.76,10.54,DE,FBM,Ads,0.746
2025-09-28,B0444234,SKU-0005,4,81.91,327.64,49.52,172.29,8.42,UK,FBM,Ads,0.87
2025-09-28,B0760123,SKU-0007,13,64.32,836.16,136.92,379.19,22.34,DE,FBM,Organic,0.86
2025-09-28,B0300550,SKU-0008,2,31.69,63.38,11.11,28.96,2.32,DE,FBM,Organic,0.852
2025-09-28,B0565132,SKU-0009,1,132.43,132.43,15.9,53.43,2.15,CA,FBA,Organic,0.804
2025-09-28,B0138771,SKU-0010,6,80.07,480.42,72.61,260.24,11.91,CA,FBM,Organic,0.843
2025-09-28,B0165870,SKU-0011,3,36.72,110.16,16.99,60.09,3.98,DE,FBM,Organic,0.883
2025-09-28,B0661462,SKU-0012,2,42.5,85.0,11.23,43.73,4.95,DE,FBM,Ads,0.913
2025-09-28,B0934569,SKU-0014,3,87.43,262.29,39.46,138.96,5.21,DE,FBM,Ads,0.864
2025-09-28,B0916675,SKU-0015,5,41.55,207.75,30.81,90.28,9.04,UK,FBA,Organic,0.772
2025-09-29,B0673178,SKU-0001,3,81.17,243.51,36.51,126.68,5.84,DE,FBA,Organic,0.754
2025-09-29,B0494532,SKU-0002,11,22.73,250.03,39.98,125.43,15.84,UK,FBA,Organic,0.897
2025-09-29,B0466098,SKU-0003,4,16.83,67.32,11.81,29.63,6.77,CA,FBM,Ads,0.767
2025-09-29,B0287544,SKU-0004,4,119.29,477.16,78.91,237.22,7.75,CA,FBM,Ads,0.893
2025-09-29,B0444234,SKU-0005,9,92.32,830.88,121.86,333.66,10.08,UK,FBA,Organic,0.761
2025-09-29,B0474559,SKU-0006,10,101.36,1013.6,174.9,431.21,16.25,UK,FBM,Organic,0.79
2025-09-29,B0760123,SKU-0007,1,62.57,62.57,10.25,34.42,2.59,US,FBM,Organic,0.747
2025-09-29,B0300550,SKU-0008,2,29.7,59.4,7.82,32.95,4.65,DE,FBM,Ads,0.779
2025-09-29,B0565132,SKU-0009,4,139.41,557.64,94.03,243.25,4.96,DE,FBA,Ads,0.819
2025-09-29,B0138771,SKU-0010,12,74.76,897.12,155.99,391.07,26.22,US,FBM,Organic,0.894
2025-09-29,B0165870,SKU-0011,7,34.98,244.86,33.87,121.76,16.95,US,FBA,Ads,0.732
2025-09-29,B0661462,SKU-0012,2,45.21,90.42,14.73,45.66,3.8,UK,FBA,Organic,0.731
2025-09-29,B0934569,SKU-0014,5,99.62,498.1,77.57,275.43,9.28,US,FBA,Ads,0.884
2025-09-29,B0916675,SKU-0015,8,41.31,330.48,44.33,166.64,16.95,DE,FBA,Organic,0.781
2025-09-30,B0673178,SKU-0001,9,73.75,663.75,106.59,357.66,12.99,US,FBA,Organic,0.782
2025-09-30,B0494532,SKU-0002,15,24.62,369.3,64.14,189.77,24.6,UK,FBM,Organic,0.728
2025-09-30,B0466098,SKU-0003,6,18.12,108.72,19.05,48.58,6.7,CA,FBM,Ads,0.817
2025-09-30,B0287544,SKU-0004,7,108.25,757.75,112.29,352.95,16.45,DE,FBA,Organic,0.949
2025-09-30,B0444234,SKU-0005,5,90.91,454.55,57.2,210.81,10.81,CA,FBA,Ads,0.769
2025-09-30,B0474559,SKU-0006,7,88.15,617.05,91.51,340.36,18.14,CA,FBA,Ads,0.808
2025-09-30,B0300550,SKU-0008,5,30.3,151.5,23.77,63.39,9.43,US,FBA,Ads,0.949
2025-09-30,B0565132,SKU-0009,13,121.31,1577.03,206.69,755.33,15.21,US,FBA,Ads,0.802
2025-09-30,B0138771,SKU-0010,11,87.85,966.35,155.05,532.15,22.9,CA,FBM,Ads,0.955
2025-09-30,B0165870,SKU-0011,14,36.45,510.3,89.45,238.06,27.39,US,FBM,Organic,0.832
2025-09-30,B0661462,SKU-0012,2,43.24,86.48,13.93,40.83,3.11,US,FBM,Ads,0.95
2025-09-30,B0241131,SKU-0013,5,119.06,595.3,90.65,316.36,12.76,CA,FBA,Ads,0.846
2025-09-30,B0934569,SKU-0014,3,90.16,270.48,37.09,141.99,5.13,US,FBA,Organic,0.799
2025-09-30,B0916675,SKU-0015,6,39.72,238.32,38.41,104.55,15.04,DE,FBA,Ads,0.761
2025-10-01,B0673178,SKU-0001,8,73.17,585.36,96.58,317.79,18.71,CA,FBM,Organic,0.81
2025-10-01,B0494532,SKU-0002,9,21.55,193.95,32.24,101.97,16.45,DE,FBM,Organic,0.778
2025-10-01,B0466098,SKU-0003,8,16.68,133.44,20.7,72.95,11.82,US,FBM,Ads,0.851
2025-10-01,B0287544,SKU-0004,3,121.11,363.33,58.38,184.23,4.38,DE,FBA,Organic,0.918
2025-10-01,B0444234,SKU-0005,5,96.13,480.65,75.68,194.08,8.78,DE,FBM,Organic,0.88
2025-10-01,B0474559,SKU-0006,3,99.72,299.16,37.17,162.86,5.04,CA,FBA,Ads,0.741
2025-10-01,B0760123,SKU-0007,10,61.52,615.2,87.58,316.83,16.57,US,FBM,Ads,0.927
2025-10-01,B0300550,SKU-0008,2,30.2,60.4,9.93,28.84,4.63,US,FBM,Ads,0.861
2025-10-01,B0565132,SKU-0009,5,136.82,684.1,90.06,285.43,9.25,UK,FBM,Ads,0.747
2025-10-01,B0138771,SKU-0010,13,83.48,1085.24,166.34,601.25,32.91,CA,FBM,Organic,0.788
2025-10-01,B0165870,SKU-0011,3,36.72,110.16,13.25,51.85,3.97,UK,FBA,Organic,0.944
2025-10-01,B0661462,SKU-0012,12,41.66,499.92,87.11,267.16,18.07,CA,FBM,Organic,0.889
2025-10-01,B0241131,SKU-0013,1,132.45,132.45,20.86,54.49,2.16,CA,FBA,Ads,0.764
2025-10-01,B0934569,SKU-0014,7,93.59,655.13,105.03,300.84,11.23,DE,FBM,Ads,0.732
2025-10-01,B0916675,SKU-0015,4,38.68,154.72,20.12,78.63,5.29,US,FBA,Ads,0.738
2025-10-02,B0673178,SKU-0001,3,75.27,225.81,33.02,101.12,3.69,CA,FBA,Organic,0.81
2025-10-02,B0494532,SKU-0002,8,24.59,196.72,35.31,109.6,14.1,US,FBA,Organic,0.761
2025-10-02,B0466098,SKU-0003,10,18.25,182.5,26.46,92.37,18.17,UK,FBM,Organic,0.939
2025-10-02,B0444234,SKU-0005,10,92.88,928.8,132.7,425.0,18.46,CA,FBM,Organic,0.808
2025-10-02,B0474559,SKU-0006,7,89.17,624.19,110.41,274.58,9.36,CA,FBA,Ads,0.83
2025-10-02,B0760123,SKU-0007,4,71.08,284.32,38.27,117.76,7.73,US,FBA,Organic,0.836
2025-10-02,B0300550,SKU-0008,2,27.43,54.86,8.94,24.28,3.48,US,FBM,Organic,0.798
2025-10-02,B0565132,SKU-0009,3,140.23,420.69,59.34,171.31,4.96,DE,FBM,Ads,0.731
2025-10-02,B0138771,SKU-0010,7,82.91,580.37,79.84,247.67,17.48,DE,FBM,Ads,0.941
2025-10-02,B0165870,SKU-0011,8,36.58,292.64,44.46,154.07,16.7,DE,FBM,Organic,0.924
2025-10-02,B0661462,SKU-0012,11,48.85,537.35,91.57,294.62,20.45,UK,FBM,Organic,0.831
2025-10-02,B0241131,SKU-0013,9,128.19,1153.71,160.07,558.47,15.97,DE,FBM,Ads,0.824
2025-10-02,B0934569,SKU-0014,12,99.67,1196.04,149.53,544.15,18.76,US,FBM,Organic,0.846
2025-10-02,B0916675,SKU-0015,16,40.31,644.96,80.75,335.74,21.8,UK,FBA,Ads,0.72
2025-10-03,B0673178,SKU-0001,9,75.83,682.47,86.59,280.6,12.65,US,FBM,Ads,0.948
2025-10-03,B0494532,SKU-0002,9,21.64,194.76,24.97,107.46,11.26,DE,FBM,Organic,0.842
2025-10-03,B0466098,SKU-0003,11,16.53,181.83,23.71,88.07,24.99,CA,FBM,Ads,0.882
2025-10-03,B0287544,SKU-0004,13,106.83,1388.79,187.15,760.63,33.09,CA,FBM,Ads,0.75
2025-10-03,B0444234,SKU-0005,9,87.78,790.02,95.44,337.43,16.13,US,FBA,Ads,0.724
2025-10-03,B0474559,SKU-0006,9,100.31,902.79,157.77,481.72,13.96,CA,FBM,Ads,0.943
2025-10-03,B0760123,SKU-0007,5,68.56,342.8,58.76,138.86,10.0,US,FBM,Organic,0.87
2025-10-03,B0565132,SKU-0009,19,122.95,2336.05,410.36,957.39,45.97,UK,FBM,Ads,0.955
2025-10-03,B0138771,SKU-0010,1,83.36,83.36,10.59,43.88,2.12,UK,FBM,Ads,0.856
2025-10-03,B0165870,SKU-0011,16,39.77,636.32,104.35,318.31,37.87,US,FBM,Organic,0.749
2025-10-03,B0661462,SKU-0012,8,46.9,375.2,62.81,171.97,14.66,UK,FBA,Organic,0.814
2025-10-03,B0241131,SKU-0013,5,120.64,603.2,93.58,282.46,7.44,CA,FBM,Organic,0.901
2025-10-03,B0934569,SKU-0014,7,95.41,667.87,114.42,368.74,13.54,US,FBA,Ads,0.893
2025-10-03,B0916675,SKU-0015,10,40.0,400.0,70.66,203.02,22.41,UK,FBA,Organic,0.731
2025-10-04,B0673178,SKU-0001,9,76.84,691.56,118.73,386.17,20.51,DE,FBA,Organic,0.82
2025-10-04,B0494532,SKU-0002,9,22.49,202.41,32.24,90.2,14.5,US,FBA,Ads,0.762
2025-10-04,B0466098,SKU-0003,6,16.99,101.94,13.22,41.31,11.25,US,FBA,Ads,0.939
2025-10-04,B0287544,SKU-0004,11,101.28,1114.08,186.23,513.27,16.41,CA,FBM,Ads,0.887
2025-10-04,B0444234,SKU-0005,12,91.15,1093.8,153.22,512.64,29.47,DE,FBM,Ads,0.8
2025-10-04,B0474559,SKU-0006,2,96.68,193.36,32.59,78.72,4.57,US,FBA,Organic,0.957
2025-10-04,B0760123,SKU-0007,11,62.91,692.01,108.37,359.93,17.94,US,FBA,Ads,0.862
2025-10-04,B0300550,SKU-0008,4,27.41,109.64,16.25,53.54,4.46,UK,FBM,Ads,0.743
2025-10-04,B0565132,SKU-0009,8,138.76,1110.08,162.69,602.67,19.06,UK,FBA,Ads,0.729
2025-10-04,B0165870,SKU-0011,1,38.73,38.73,6.03,17.12,2.39,CA,FBM,Organic,0.846
2025-10-04,B0661462,SKU-0012,8,46.48,371.84,55.03,207.12,20.7,US,FBM,Organic,0.876
2025-10-04,B0241131,SKU-0013,4,125.66,502.64,86.02,204.33,6.17,DE,FBM,Organic,0.893
2025-10-04,B0934569,SKU-0014,11,99.0,1089.0,161.62,547.14,22.29,UK,FBA,Organic,0.914
2025-10-04,B0916675,SKU-0015,10,38.8,388.0,59.85,171.78,11.39,UK,FBM,Ads,0.887
2025-10-05,B0673178,SKU-0001,3,71.2,213.6,32.53,91.07,5.66,US,FBA,Organic,0.745
2025-10-05,B0494532,SKU-0002,5,22.11,110.55,19.26,55.47,5.59,US,FBA,Ads,0.823
2025-10-05,B0466098,SKU-0003,6,16.92,101.52,14.25,44.56,9.43,DE,FBM,Organic,0.924
2025-10-05,B0287544,SKU-0004,9,109.58,986.22,130.08,490.97,19.2,US,FBA,Organic,0.737
2025-10-05,B0444234,SKU-0005,4,90.93,363.72,49.59,162.21,6.27,CA,FBA,Ads,0.774
2025-10-05,B0474559,SKU-0006,10,85.98,859.8,132.79,366.13,19.23,US,FBM,Organic,0.881
2025-10-05,B0760123,SKU-0007,10,69.0,690.0,92.18,313.73,11.76,CA,FBA,Ads,0.949
2025-10-05,B0300550,SKU-0008,5,27.83,139.15,24.09,63.71,9.41,US,FBM,Organic,0.775
2025-10-05,B0565132,SKU-0009,11,133.81,1471.91,220.85,776.08,24.91,CA,FBM,Organic,0.804
2025-10-05,B0138771,SKU-0010,8,76.41,611.28,92.36,330.98,17.51,DE,FBM,Ads,0.944
2025-10-05,B0165870,SKU-0011,19,40.44,768.36,130.13,365.39,27.8,UK,FBM,Ads,0.862
2025-10-05,B0241131,SKU-0013,8,112.73,901.84,162.17,469.34,19.29,US,FBM,Ads,0.944
2025-10-05,B0934569,SKU-0014,7,91.04,637.28,108.86,267.25,16.31,DE,FBA,Ads,0.845
2025-10-05,B0916675,SKU-0015,7,41.43,290.01,49.03,133.18,14.79,DE,FBA,Ads,0.867
2025-10-06,B0673178,SKU-0001,6,73.3,439.8,57.85,235.79,11.16,DE,FBM,Organic,0.828
2025-10-06,B0466098,SKU-0003,10,17.75,177.5,22.71,93.77,25.35,DE,FBA,Ads,0.724
2025-10-06,B0287544,SKU-0004,3,105.9,317.7,43.13,163.84,7.76,DE,FBA,Ads,0.886
2025-10-06,B0444234,SKU-0005,5,87.07,435.35,66.56,192.03,8.77,US,FBM,Ads,0.736
2025-10-06,B0474559,SKU-0006,12,84.98,1019.76,154.4,431.52,25.68,DE,FBM,Ads,0.747
2025-10-06,B0760123,SKU-0007,2,61.42,122.84,14.94,67.95,3.89,DE,FBA,Organic,0.857
2025-10-06,B0300550,SKU-0008,7,29.53,206.71,24.94,97.43,11.69,CA,FBM,Organic,0.867
2025-10-06,B0565132,SKU-0009,5,122.93,614.65,82.74,273.25,9.23,UK,FBM,Ads,0.869
2025-10-06,B0138771,SKU-0010,3,76.55,229.65,33.12,114.09,4.9,US,FBA,Ads,0.731
2025-10-06,B0165870,SKU-0011,5,40.04,200.2,34.26,89.51,10.15,US,FBA,Organic,0.944
2025-10-06,B0661462,SKU-0012,5,47.93,239.65,32.11,108.28,6.44,DE,FBM,Ads,0.91
2025-10-06,B0241131,SKU-0013,12,128.95,1547.4,204.43,784.14,28.99,US,FBM,Ads,0.731
2025-10-06,B0934569,SKU-0014,8,100.68,805.44,138.97,384.92,15.01,DE,FBM,Organic,0.955
2025-10-06,B0916675,SKU-0015,9,43.27,389.43,69.25,215.96,17.47,CA,FBA,Ads,0.854
2025-10-07,B0673178,SKU-0001,15,69.61,1044.15,172.03,447.02,37.81,UK,FBA,Ads,0.854
2025-10-07,B0494532,SKU-0002,5,23.09,115.45,16.65,62.49,9.22,CA,FBA,Ads,0.891
2025-10-07,B0466098,SKU-0003,5,17.55,87.75,11.51,36.42,8.9,CA,FBM,Organic,0.912
2025-10-07,B0287544,SKU-0004,14,102.73,1438.22,206.19,612.8,33.14,CA,FBM,Ads,0.739
2025-10-07,B0444234,SKU-0005,6,84.32,505.92,75.14,249.17,10.68,UK,FBM,Ads,0.815
2025-10-07,B0474559,SKU-0006,12,97.79,1173.48,169.51,485.01,15.9,US,FBA,Organic,0.826
2025-10-07,B0760123,SKU-0007,3,63.48,190.44,32.24,98.9,6.86,UK,FBM,Organic,0.734
2025-10-07,B0565132,SKU-0009,6,131.61,789.66,106.54,395.42,6.69,DE,FBM,Ads,0.894
2025-10-07,B0138771,SKU-0010,10,84.18,841.8,143.63,391.97,24.57,DE,FBA,Ads,0.95
2025-10-07,B0165870,SKU-0011,7,35.31,247.17,41.95,107.5,9.27,UK,FBM,Organic,0.777
2025-10-07,B0661462,SKU-0012,3,46.23,138.69,16.7,64.55,3.38,DE,FBM,Ads,0.866
2025-10-07,B0241131,SKU-0013,17,115.31,1960.27,328.81,873.28,37.0,DE,FBM,Organic,0.956
2025-10-07,B0934569,SKU-0014,3,103.25,309.75,46.43,143.74,7.71,US,FBM,Ads,0.949
2025-10-07,B0916675,SKU-0015,3,40.08,120.24,20.6,57.36,4.37,DE,FBM,Ads,0.854
2025-10-08,B0673178,SKU-0001,10,83.25,832.5,124.18,368.13,11.5,UK,FBM,Ads,0.797
2025-10-08,B0494532,SKU-0002,11,24.7,271.7,34.19,149.3,12.96,US,FBA,Ads,0.863
2025-10-08,B0466098,SKU-0003,10,16.81,168.1,24.2,75.17,24.8,DE,FBA,Ads,0.862
2025-10-08,B0287544,SKU-0004,4,105.69,422.76,57.35,226.48,9.81,DE,FBA,Organic,0.853
2025-10-08,B0444234,SKU-0005,4,81.5,326.0,44.41,165.16,8.41,DE,FBA,Organic,0.933
2025-10-08,B0474559,SKU-0006,5,90.29,451.45,59.7,202.34,10.12,DE,FBA,Organic,0.815
2025-10-08,B0760123,SKU-0007,8,61.02,488.16,73.75,243.86,12.21,US,FBM,Ads,0.744
2025-10-08,B0300550,SKU-0008,15,29.44,441.6,64.84,244.12,29.94,US,FBM,Ads,0.857
2025-10-08,B0565132,SKU-0009,11,137.25,1509.75,247.91,625.1,12.94,CA,FBM,Ads,0.887
2025-10-08,B0138771,SKU-0010,7,80.96,566.72,88.53,298.23,9.11,US,FBA,Organic,0.958
2025-10-08,B0165870,SKU-0011,4,37.42,149.68,21.44,65.56,7.22,CA,FBM,Ads,0.811
2025-10-08,B0241131,SKU-0013,3,132.77,398.31,67.99,200.35,7.37,DE,FBA,Ads,0.76
2025-10-08,B0934569,SKU-0014,12,92.43,1109.16,143.05,500.73,13.43,DE,FBA,Organic,0.752
2025-10-08,B0916675,SKU-0015,4,42.4,169.6,24.78,86.05,5.67,DE,FBA,Ads,0.925
2025-10-09,B0673178,SKU-0001,2,78.91,157.82,26.48,84.67,2.99,DE,FBM,Ads,0.735
2025-10-09,B0494532,SKU-0002,12,22.37,268.44,39.52,127.06,29.49,DE,FBM,Organic,0.841
2025-10-09,B0466098,SKU-0003,8,17.61,140.88,23.63,66.23,12.38,DE,FBA,Organic,0.858
2025-10-09,B0287544,SKU-0004,10,110.5,1105.0,178.56,540.56,23.24,CA,FBM,Organic,0.87
2025-10-09,B0444234,SKU-0005,10,95.56,955.6,122.28,415.89,14.03,CA,FBA,Ads,0.924
2025-10-09,B0474559,SKU-0006,6,95.59,573.54,75.89,232.62,6.98,CA,FBA,Organic,0.917
2025-10-09,B0760123,SKU-0007,2,61.86,123.72,20.12,57.46,4.99,CA,FBA,Ads,0.731
2025-10-09,B0300550,SKU-0008,8,28.48,227.84,33.75,120.43,10.46,CA,FBM,Organic,0.743
2025-10-09,B0565132,SKU-0009,11,125.68,1382.48,243.28,661.87,13.16,UK,FBA,Organic,0.736
2025-10-09,B0138771,SKU-0010,10,84.64,846.4,112.16,439.86,25.44,US,FBA,Organic,0.826
2025-10-09,B0165870,SKU-0011,6,34.08,204.48,26.59,93.51,10.03,US,FBM,Ads,0.772
2025-10-09,B0661462,SKU-0012,10,47.1,471.0,58.0,252.16,17.66,UK,FBA,Organic,0.936
2025-10-09,B0241131,SKU-0013,7,128.07,896.49,129.12,389.09,13.55,CA,FBM,Ads,0.799
2025-10-09,B0934569,SKU-0014,10,93.89,938.9,129.61,444.28,23.18,US,FBA,Organic,0.903
2025-10-09,B0916675,SKU-0015,4,37.16,148.64,24.71,83.2,4.7,CA,FBM,Ads,0.864
2025-10-10,B0673178,SKU-0001,8,76.97,615.76,76.91,334.74,17.05,US,FBA,Ads,0.751
2025-10-10,B0494532,SKU-0002,13,24.54,319.02,45.31,142.37,19.23,CA,FBM,Organic,0.945
2025-10-10,B0466098,SKU-0003,10,16.39,163.9,24.63,87.73,18.5,US,FBM,Organic,0.797
2025-10-10,B0287544,SKU-0004,9,108.67,978.03,165.07,427.71,16.09,DE,FBA,Ads,0.855
2025-10-10,B0444234,SKU-0005,11,85.0,935.0,136.52,399.3,26.34,CA,FBM,Ads,0.934
2025-10-10,B0474559,SKU-0006,12,90.24,1082.88,148.23,435.53,15.18,UK,FBA,Ads,0.917
2025-10-10,B0760123,SKU-0007,8,71.42,571.36,82.51,318.33,16.42,CA,FBA,Organic,0.877
2025-10-10,B0300550,SKU-0008,8,31.42,251.36,43.0,110.54,12.6,DE,FBA,Organic,0.789
2025-10-10,B0565132,SKU-0009,9,119.82,1078.38,191.4,595.44,10.94,UK,FBM,Organic,0.777
2025-10-10,B0138771,SKU-0010,6,85.11,510.66,87.99,237.76,7.13,US,FBA,Ads,0.861
2025-10-10,B0165870,SKU-0011,12,33.99,407.88,69.97,171.83,29.99,US,FBM,Ads,0.766
2025-10-10,B0661462,SKU-0012,9,47.49,427.41,76.39,205.92,20.0,DE,FBA,Organic,0.918
2025-10-10,B0241131,SKU-0013,6,128.46,770.76,95.82,348.95,12.7,DE,FBA,Ads,0.817
2025-10-10,B0934569,SKU-0014,4,96.65,386.6,53.28,178.92,8.4,CA,FBM,Ads,0.759
2025-10-10,B0916675,SKU-0015,13,43.15,560.95,71.66,255.9,30.46,UK,FBM,Organic,0.76
2025-10-11,B0494532,SKU-0002,3,22.32,66.96,10.16,30.67,7.02,DE,FBA,Organic,0.731
2025-10-11,B0466098,SKU-0003,4,18.66,74.64,10.7,36.08,8.69,US,FBA,Ads,0.735
2025-10-11,B0287544,SKU-0004,10,119.77,1197.7,173.72,633.48,22.92,US,FBA,Ads,0.796
2025-10-11,B0444234,SKU-0005,12,91.07,1092.84,169.05,469.52,18.14,CA,FBM,Organic,0.939
2025-10-11,B0760123,SKU-0007,4,66.96,267.84,34.15,114.61,5.73,CA,FBA,Organic,0.923
2025-10-11,B0300550,SKU-0008,17,31.0,527.0,90.2,242.46,20.98,US,FBA,Organic,0.942
2025-10-11,B0565132,SKU-0009,8,142.03,1136.24,144.92,460.33,8.96,CA,FBA,Organic,0.838
2025-10-11,B0138771,SKU-0010,14,81.42,1139.88,190.25,521.07,18.23,CA,FBA,Ads,0.8
2025-10-11,B0165870,SKU-0011,10,40.5,405.0,53.65,185.73,24.62,CA,FBA,Ads,0.941
2025-10-11,B0661462,SKU-0012,7,41.73,292.11,37.43,138.09,8.99,DE,FBA,Organic,0.742
2025-10-11,B0241131,SKU-0013,4,133.13,532.52,69.72,253.43,4.54,UK,FBM,Organic,0.724
2025-10-11,B0934569,SKU-0014,9,94.2,847.8,118.68,404.51,14.7,DE,FBA,Organic,0.853
2025-10-11,B0916675,SKU-0015,3,41.86,125.58,21.07,51.4,5.75,DE,FBM,Organic,0.905
2025-10-12,B0673178,SKU-0001,4,74.74,298.96,40.0,153.3,9.55,UK,FBA,Ads,0.95
2025-10-12,B0494532,SKU-0002,14,23.96,335.44,44.58,154.28,24.61,DE,FBA,Ads,0.925
2025-10-12,B0466098,SKU-0003,4,16.35,65.4,10.81,36.34,7.57,DE,FBA,Organic,0.934
2025-10-12,B0287544,SKU-0004,14,110.02,1540.28,251.18,629.52,23.55,CA,FBA,Organic,0.913
2025-10-12,B0444234,SKU-0005,10,92.64,926.4,143.01,478.3,24.62,DE,FBA,Organic,0.722
2025-10-12,B0300550,SKU-0008,6,29.9,179.4,31.26,80.73,10.8,CA,FBA,Ads,0.83
2025-10-12,B0565132,SKU-0009,9,140.63,1265.67,159.69,531.77,10.67,UK,FBM,Organic,0.918
2025-10-12,B0165870,SKU-0011,7,39.79,278.53,42.12,132.13,7.88,UK,FBA,Ads,0.824
2025-10-12,B0661462,SKU-0012,7,43.11,301.77,36.84,150.21,10.24,CA,FBM,Organic,0.782
2025-10-12,B0241131,SKU-0013,5,126.06,630.3,86.09,287.73,11.02,UK,FBM,Ads,0.741
2025-10-12,B0934569,SKU-0014,6,96.51,579.06,79.89,314.66,7.48,UK,FBM,Ads,0.885
2025-10-12,B0916675,SKU-0015,10,38.59,385.9,50.98,163.22,24.9,DE,FBM,Ads,0.908
2025-10-13,B0673178,SKU-0001,5,77.73,388.65,49.85,208.31,9.29,UK,FBA,Organic,0.857
2025-10-13,B0494532,SKU-0002,7,22.35,156.45,25.16,76.67,12.78,US,FBM,Organic,0.873
2025-10-13,B0466098,SKU-0003,6,16.47,98.82,12.19,53.38,9.79,CA,FBM,Ads,0.805
2025-10-13,B0287544,SKU-0004,2,112.8,225.6,36.96,113.06,2.27,DE,FBA,Organic,0.953
2025-10-13,B0444234,SKU-0005,10,95.34,953.4,166.86,418.67,25.17,UK,FBA,Ads,0.882
2025-10-13,B0474559,SKU-0006,3,97.28,291.84,47.82,145.23,4.74,DE,FBM,Organic,0.86
2025-10-13,B0760123,SKU-0007,12,66.38,796.56,116.39,418.38,14.8,CA,FBA,Ads,0.944
2025-10-13,B0300550,SKU-0008,4,28.08,112.32,14.84,49.92,8.0,CA,FBA,Ads,0.958
2025-10-13,B0565132,SKU-0009,13,139.08,1808.04,305.38,973.21,21.63,DE,FBM,Organic,0.895
2025-10-13,B0138771,SKU-0010,18,78.0,1404.0,200.37,608.89,40.78,CA,FBM,Organic,0.838
2025-10-13,B0165870,SKU-0011,7,40.17,281.19,34.07,141.74,17.72,CA,FBA,Ads,0.93
2025-10-13,B0661462,SKU-0012,12,43.76,525.12,92.5,244.97,22.14,UK,FBM,Organic,0.944
2025-10-13,B0241131,SKU-0013,7,117.01,819.07,119.95,406.79,14.87,US,FBM,Ads,0.887
2025-10-13,B0934569,SKU-0014,18,97.47,1754.46,277.8,820.47,33.99,CA,FBM,Organic,0.72
2025-10-13,B0916675,SKU-0015,17,41.29,701.93,94.41,355.28,31.93,CA,FBA,Ads,0.737
2025-10-14,B0673178,SKU-0001,15,79.6,1194.0,159.13,521.33,37.09,UK,FBA,Ads,0.738
2025-10-14,B0494532,SKU-0002,6,24.45,146.7,20.0,66.87,9.24,DE,FBM,Ads,0.922
2025-10-14,B0466098,SKU-0003,6,16.25,97.5,13.03,45.8,12.09,CA,FBA,Organic,0.842
2025-10-14,B0287544,SKU-0004,10,113.21,1132.1,197.89,476.8,24.94,CA,FBA,Organic,0.78
2025-10-14,B0444234,SKU-0005,17,87.33,1484.61,199.06,816.03,43.82,DE,FBA,Organic,0.768
2025-10-14,B0474559,SKU-0006,6,87.8,526.8,73.59,242.64,10.18,UK,FBM,Organic,0.877
2025-10-14,B0760123,SKU-0007,10,69.1,691.0,117.86,291.25,16.3,US,FBM,Organic,0.722
2025-10-14,B0300550,SKU-0008,9,26.97,242.73,37.54,120.01,12.63,CA,FBM,Ads,0.743
2025-10-14,B0565132,SKU-0009,6,137.96,827.76,142.97,338.29,12.25,US,FBM,Organic,0.863
2025-10-14,B0138771,SKU-0010,8,85.13,681.04,108.99,369.25,15.05,US,FBM,Organic,0.866
2025-10-14,B0165870,SKU-0011,9,35.1,315.9,51.16,164.87,15.62,CA,FBM,Ads,0.769
2025-10-14,B0661462,SKU-0012,6,44.38,266.28,37.3,145.24,9.12,CA,FBM,Organic,0.895
2025-10-14,B0241131,SKU-0013,2,111.5,223.0,29.81,93.4,3.99,CA,FBA,Organic,0.836
2025-10-14,B0934569,SKU-0014,13,99.54,1294.02,191.75,636.85,21.41,UK,FBM,Ads,0.72
2025-10-14,B0916675,SKU-0015,9,42.61,383.49,67.92,195.27,13.64,US,FBA,Ads,0.724
2025-10-15,B0673178,SKU-0001,6,73.52,441.12,76.94,215.53,11.88,UK,FBM,Organic,0.956
2025-10-15,B0494532,SKU-0002,8,24.63,197.04,25.86,101.88,19.47,US,FBA,Organic,0.823
2025-10-15,B0466098,SKU-0003,8,16.76,134.08,17.92,57.69,13.74,DE,FBA,Ads,0.81
2025-10-15,B0287544,SKU-0004,11,110.81,1218.91,180.54,664.21,16.52,UK,FBA,Ads,0.949
2025-10-15,B0444234,SKU-0005,7,92.15,645.05,89.14,298.52,17.22,US,FBA,Ads,0.922
2025-10-15,B0300550,SKU-0008,12,27.83,333.96,56.19,153.2,16.0,CA,FBM,Organic,0.902
2025-10-15,B0138771,SKU-0010,3,78.32,234.96,41.52,112.79,4.57,CA,FBA,Organic,0.863
2025-10-15,B0165870,SKU-0011,1,34.39,34.39,5.29,17.56,2.42,US,FBM,Organic,0.782
2025-10-15,B0241131,SKU-0013,8,126.81,1014.48,146.15,421.28,10.14,CA,FBA,Ads,0.869
2025-10-15,B0934569,SKU-0014,8,94.07,752.56,103.66,315.75,19.61,UK,FBA,Organic,0.837
2025-10-15,B0916675,SKU-0015,5,40.02,200.1,30.21,102.16,12.89,US,FBM,Ads,0.786
2025-10-16,B0673178,SKU-0001,12,82.54,990.48,142.26,452.31,16.04,US,FBM,Ads,0.853
2025-10-16,B0494532,SKU-0002,11,22.87,251.57,43.54,109.4,16.79,UK,FBM,Organic,0.851
2025-10-16,B0466098,SKU-0003,10,17.38,173.8,28.19,81.29,13.98,DE,FBA,Organic,0.817
2025-10-16,B0287544,SKU-0004,3,118.98,356.94,54.97,149.49,5.54,UK,FBM,Organic,0.809
2025-10-16,B0444234,SKU-0005,4,93.9,375.6,48.66,165.11,7.61,CA,FBA,Organic,0.898
2025-10-16,B0474559,SKU-0006,6,93.38,560.28,87.21,284.11,11.42,DE,FBM,Organic,0.755
2025-10-16,B0760123,SKU-0007,3,69.79,209.37,35.71,94.47,7.69,US,FBM,Ads,0.731
2025-10-16,B0300550,SKU-0008,5,32.07,160.35,28.62,83.41,9.2,UK,FBA,Ads,0.907
2025-10-16,B0565132,SKU-0009,2,130.58,261.16,34.87,133.37,4.66,CA,FBA,Organic,0.864
2025-10-16,B0138771,SKU-0010,6,89.25,535.5,81.01,216.3,8.45,UK,FBA,Ads,0.73
2025-10-16,B0165870,SKU-0011,8,40.09,320.72,41.79,142.45,19.9,DE,FBA,Organic,0.767
2025-10-16,B0661462,SKU-0012,5,44.56,222.8,30.02,89.47,6.44,US,FBM,Ads,0.878
2025-10-16,B0241131,SKU-0013,3,118.52,355.56,47.66,144.18,3.58,CA,FBA,Organic,0.737
2025-10-16,B0934569,SKU-0014,10,87.64,876.4,130.93,450.84,14.01,US,FBA,Ads,0.734
2025-10-16,B0916675,SKU-0015,5,39.45,197.25,30.48,99.65,10.42,UK,FBM,Organic,0.901
2025-10-17,B0673178,SKU-0001,9,72.77,654.93,117.81,351.62,16.29,US,FBA,Ads,0.816
2025-10-17,B0494532,SKU-0002,6,24.52,147.12,25.94,74.94,7.95,US,FBM,Organic,0.867
2025-10-17,B0287544,SKU-0004,3,104.99,314.97,46.29,170.27,4.37,UK,FBM,Organic,0.802
2025-10-17,B0444234,SKU-0005,9,90.05,810.45,121.66,355.13,18.3,UK,FBM,Ads,0.773
2025-10-17,B0474559,SKU-0006,11,85.81,943.91,165.37,464.09,23.13,DE,FBA,Ads,0.897
2025-10-17,B0760123,SKU-0007,6,70.1,420.6,57.11,186.45,12.57,US,FBA,Organic,0.851
2025-10-17,B0300550,SKU-0008,8,27.8,222.4,39.26,93.79,20.28,DE,FBM,Ads,0.748
2025-10-17,B0565132,SKU-0009,9,136.79,1231.11,169.22,566.53,15.78,UK,FBM,Ads,0.891
2025-10-17,B0138771,SKU-0010,14,81.38,1139.32,191.78,521.73,18.74,US,FBM,Organic,0.852
2025-10-17,B0165870,SKU-0011,4,40.4,161.6,28.82,79.5,9.14,UK,FBA,Ads,0.93
2025-10-17,B0661462,SKU-0012,6,47.84,287.04,49.16,149.86,8.53,DE,FBA,Ads,0.781
2025-10-17,B0241131,SKU-0013,9,118.42,1065.78,149.39,516.51,14.69,UK,FBA,Organic,0.909
2025-10-17,B0934569,SKU-0014,10,101.91,1019.1,123.53,529.94,14.01,US,FBA,Organic,0.791
2025-10-17,B0916675,SKU-0015,6,41.08,246.48,36.01,103.92,11.22,US,FBA,Ads,0.752
2025-10-18,B0673178,SKU-0001,12,83.68,1004.16,121.13,502.6,18.8,CA,FBM,Organic,0.941
2025-10-18,B0466098,SKU-0003,6,17.77,106.62,18.67,56.8,12.67,UK,FBA,Organic,0.803
2025-10-18,B0287544,SKU-0004,5,119.72,598.6,91.73,283.39,8.55,CA,FBM,Ads,0.818
2025-10-18,B0444234,SKU-0005,11,96.27,1058.97,143.48,538.47,12.9,UK,FBM,Ads,0.723
2025-10-18,B0474559,SKU-0006,8,92.86,742.88,123.91,405.43,20.7,DE,FBM,Organic,0.735
2025-10-18,B0760123,SKU-0007,1,60.31,60.31,7.69,32.95,2.42,UK,FBA,Ads,0.907
2025-10-18,B0300550,SKU-0008,11,29.33,322.63,46.89,137.36,26.09,UK,FBM,Organic,0.737
2025-10-18,B0565132,SKU-0009,6,128.51,771.06,101.81,406.25,10.4,US,FBA,Ads,0.919
2025-10-18,B0138771,SKU-0010,7,81.77,572.39,81.08,297.13,16.72,UK,FBM,Organic,0.957
2025-10-18,B0165870,SKU-0011,11,34.6,380.6,65.54,182.61,12.19,CA,FBM,Organic,0.75
2025-10-18,B0661462,SKU-0012,6,41.84,251.04,34.58,130.9,6.63,UK,FBM,Ads,0.749
2025-10-18,B0241131,SKU-0013,3,126.59,379.77,50.46,183.64,4.78,UK,FBM,Organic,0.754
2025-10-18,B0934569,SKU-0014,3,99.76,299.28,45.48,142.25,5.4,CA,FBA,Ads,0.887
2025-10-19,B0673178,SKU-0001,8,82.16,657.28,93.88,347.59,18.77,UK,FBM,Organic,0.86
2025-10-19,B0494532,SKU-0002,14,23.91,334.74,59.77,173.77,18.78,UK,FBM,Organic,0.951
2025-10-19,B0466098,SKU-0003,16,17.27,276.32,39.91,129.71,22.92,DE,FBA,Ads,0.956
2025-10-19,B0287544,SKU-0004,4,118.69,474.76,84.61,232.74,8.63,DE,FBM,Ads,0.785
2025-10-19,B0444234,SKU-0005,10,87.87,878.7,120.34,420.93,23.88,CA,FBA,Ads,0.946
2025-10-19,B0474559,SKU-0006,5,99.16,495.8,89.05,224.09,9.69,CA,FBM,Organic,0.937
2025-10-19,B0760123,SKU-0007,9,69.02,621.18,106.7,339.55,18.08,UK,FBA,Ads,0.803
2025-10-19,B0565132,SKU-0009,2,138.31,276.62,41.44,110.67,3.96,UK,FBA,Organic,0.86
2025-10-19,B0138771,SKU-0010,10,82.58,825.8,144.73,388.94,24.47,CA,FBM,Organic,0.771
2025-10-19,B0165870,SKU-0011,9,36.09,324.81,54.4,164.77,10.4,UK,FBM,Organic,0.885
2025-10-19,B0661462,SKU-0012,1,42.33,42.33,6.08,17.51,1.76,CA,FBM,Organic,0.795
2025-10-19,B0241131,SKU-0013,2,119.96,239.92,42.79,119.48,4.72,US,FBM,Organic,0.891
2025-10-19,B0934569,SKU-0014,13,93.12,1210.56,160.68,603.45,30.89,DE,FBM,Ads,0.945
2025-10-19,B0916675,SKU-0015,9,43.52,391.68,69.33,187.53,10.54,CA,FBM,Ads,0.803
2025-10-20,B0673178,SKU-0001,8,71.31,570.48,84.74,317.51,14.0,CA,FBA,Organic,0.869
2025-10-20,B0494532,SKU-0002,1,21.34,21.34,3.01,8.69,2.21,US,FBA,Ads,0.929
2025-10-20,B0466098,SKU-0003,3,16.62,49.86,6.24,23.58,3.36,UK,FBA,Ads,0.747
2025-10-20,B0287544,SKU-0004,7,113.07,791.49,126.27,380.15,14.64,DE,FBA,Organic,0.952
2025-10-20,B0474559,SKU-0006,7,99.64,697.48,117.03,290.0,8.55,DE,FBM,Ads,0.818
2025-10-20,B0760123,SKU-0007,6,65.01,390.06,57.42,185.21,15.3,UK,FBM,Organic,0.839
2025-10-20,B0300550,SKU-0008,6,31.39,188.34,23.94,92.15,11.37,US,FBA,Ads,0.721
2025-10-20,B0565132,SKU-0009,3,126.69,380.07,60.35,182.54,3.44,CA,FBA,Organic,0.846
2025-10-20,B0138771,SKU-0010,6,77.77,466.62,75.15,233.84,7.57,CA,FBA,Organic,0.721
2025-10-20,B0165870,SKU-0011,7,36.35,254.45,32.84,106.28,14.24,US,FBM,Ads,0.916
2025-10-20,B0661462,SKU-0012,15,42.09,631.35,83.52,314.6,38.56,DE,FBM,Ads,0.777
2025-10-20,B0241131,SKU-0013,12,131.77,1581.24,212.18,669.47,21.24,US,FBM,Organic,0.732
2025-10-20,B0934569,SKU-0014,9,93.53,841.77,116.48,378.43,17.44,CA,FBA,Organic,0.726
2025-10-20,B0916675,SKU-0015,2,41.98,83.96,14.27,46.98,5.18,DE,FBM,Organic,0.729
2025-10-21,B0673178,SKU-0001,6,81.69,490.14,79.52,228.85,7.83,UK,FBA,Organic,0.79
2025-10-21,B0494532,SKU-0002,8,22.16,177.28,23.96,92.88,20.2,CA,FBM,Organic,0.754
2025-10-21,B0466098,SKU-0003,12,18.51,222.12,39.67,93.53,24.7,UK,FBA,Ads,0.926
2025-10-21,B0287544,SKU-0004,8,115.92,927.36,162.61,456.17,20.27,US,FBA,Ads,0.817
2025-10-21,B0444234,SKU-0005,4,86.26,345.04,55.19,169.97,5.65,CA,FBA,Ads,0.928
2025-10-21,B0474559,SKU-0006,7,95.51,668.57,83.64,280.26,9.66,DE,FBA,Organic,0.888
2025-10-21,B0760123,SKU-0007,9,68.47,616.23,96.17,253.23,21.39,US,FBM,Ads,0.948
2025-10-21,B0300550,SKU-0008,9,30.33,272.97,40.75,144.59,10.28,UK,FBM,Organic,0.747
2025-10-21,B0565132,SKU-0009,11,134.49,1479.39,179.37,643.4,26.7,UK,FBM,Ads,0.838
2025-10-21,B0138771,SKU-0010,2,78.31,156.62,21.53,87.32,3.84,DE,FBA,Organic,0.864
2025-10-21,B0165870,SKU-0011,5,39.92,199.6,34.6,86.16,5.75,US,FBA,Organic,0.806
2025-10-21,B0661462,SKU-0012,9,47.76,429.84,76.97,210.84,20.26,UK,FBA,Organic,0.908
2025-10-21,B0241131,SKU-0013,10,111.11,1111.1,156.47,548.75,23.66,US,FBM,Organic,0.914
2025-10-21,B0934569,SKU-0014,5,89.69,448.45,75.69,202.02,11.82,UK,FBA,Organic,0.801
2025-10-21,B0916675,SKU-0015,2,40.73,81.46,9.82,42.41,5.13,US,FBM,Organic,0.912
2025-10-22,B0673178,SKU-0001,6,70.47,422.82,61.77,209.42,11.13,DE,FBA,Organic,0.791
2025-10-22,B0494532,SKU-0002,4,23.48,93.92,13.96,45.91,4.54,UK,FBM,Ads,0.736
2025-10-22,B0466098,SKU-0003,3,17.26,51.78,7.73,24.54,5.07,DE,FBA,Ads,0.906
2025-10-22,B0287544,SKU-0004,4,106.1,424.4,68.35,226.2,7.57,DE,FBA,Organic,0.827
2025-10-22,B0444234,SKU-0005,5,93.65,468.25,76.1,220.6,8.28,UK,FBM,Organic,0.794
2025-10-22,B0474559,SKU-0006,8,87.11,696.88,106.8,380.92,9.96,CA,FBA,Ads,0.947
2025-10-22,B0760123,SKU-0007,9,66.45,598.05,74.0,291.56,12.52,UK,FBM,Organic,0.905
2025-10-22,B0565132,SKU-0009,12,120.91,1450.92,178.66,612.32,22.82,UK,FBM,Ads,0.8
2025-10-22,B0138771,SKU-0010,5,84.8,424.0,64.28,231.77,7.2,UK,FBA,Organic,0.829
2025-10-22,B0165870,SKU-0011,7,39.12,273.84,34.39,115.73,13.55,UK,FBM,Organic,0.746
2025-10-22,B0661462,SKU-0012,1,46.37,46.37,6.98,20.29,1.39,DE,FBM,Ads,0.925
2025-10-22,B0241131,SKU-0013,9,122.86,1105.74,135.05,472.61,18.64,US,FBA,Organic,0.81
2025-10-22,B0934569,SKU-0014,8,87.71,701.68,118.17,310.31,19.14,UK,FBA,Ads,0.739
2025-10-23,B0673178,SKU-0001,9,72.88,655.92,116.49,360.16,15.81,UK,FBM,Ads,0.878
2025-10-23,B0494532,SKU-0002,2,24.23,48.46,5.91,25.61,3.39,CA,FBA,Organic,0.894
2025-10-23,B0466098,SKU-0003,1,15.92,15.92,2.07,8.67,1.19,CA,FBA,Organic,0.786
2025-10-23,B0287544,SKU-0004,5,111.76,558.8,86.05,252.31,6.87,US,FBA,Ads,0.939
2025-10-23,B0444234,SKU-0005,2,96.68,193.36,24.38,102.31,2.78,DE,FBA,Ads,0.769
2025-10-23,B0474559,SKU-0006,9,102.06,918.54,164.56,512.54,18.11,UK,FBA,Ads,0.915
2025-10-23,B0760123,SKU-0007,4,69.59,278.36,45.34,130.66,9.9,UK,FBM,Ads,0.873
2025-10-23,B0300550,SKU-0008,12,30.47,365.64,46.56,192.17,29.59,UK,FBA,Ads,0.758
2025-10-23,B0565132,SKU-0009,12,121.82,1461.84,180.6,706.82,26.86,UK,FBM,Organic,0.732
2025-10-23,B0138771,SKU-0010,7,79.64,557.48,84.14,276.07,8.96,UK,FBA,Ads,0.907
2025-10-23,B0165870,SKU-0011,4,40.29,161.16,21.94,79.85,4.79,CA,FBA,Organic,0.956
2025-10-23,B0661462,SKU-0012,5,45.5,227.5,27.35,108.98,6.11,US,FBM,Ads,0.725
2025-10-23,B0241131,SKU-0013,2,124.83,249.66,43.69,114.19,3.63,US,FBA,Ads,0.932
2025-10-23,B0934569,SKU-0014,7,96.81,677.67,117.97,328.82,15.26,DE,FBA,Ads,0.951
2025-10-23,B0916675,SKU-0015,2,39.68,79.36,12.41,41.13,2.37,US,FBM,Ads,0.731
2025-10-24,B0673178,SKU-0001,9,83.3,749.7,129.54,417.32,10.91,DE,FBM,Ads,0.726
2025-10-24,B0494532,SKU-0002,5,21.45,107.25,16.03,57.06,8.39,UK,FBM,Ads,0.843
2025-10-24,B0466098,SKU-0003,2,15.95,31.9,4.96,16.5,4.47,CA,FBA,Ads,0.88
2025-10-24,B0287544,SKU-0004,10,113.75,1137.5,174.23,592.97,23.98,UK,FBM,Organic,0.959
2025-10-24,B0444234,SKU-0005,10,83.62,836.2,120.53,372.69,17.89,DE,FBA,Ads,0.806
2025-10-24,B0474559,SKU-0006,10,86.09,860.9,142.46,399.61,14.69,CA,FBM,Ads,0.81
2025-10-24,B0760123,SKU-0007,14,70.33,984.62,120.75,509.22,31.1,US,FBA,Organic,0.81
2025-10-24,B0300550,SKU-0008,2,27.56,55.12,9.81,24.78,5.12,DE,FBA,Organic,0.853
2025-10-24,B0565132,SKU-0009,4,120.44,481.76,58.61,208.24,5.41,US,FBM,Organic,0.728
2025-10-24,B0138771,SKU-0010,6,76.73,460.38,81.08,208.13,9.76,DE,FBM,Organic,0.732
2025-10-24,B0165870,SKU-0011,4,40.18,160.72,22.49,69.83,7.8,CA,FBA,Ads,0.888
2025-10-24,B0661462,SKU-0012,3,46.96,140.88,19.31,61.77,7.72,US,FBM,Organic,0.747
2025-10-24,B0241131,SKU-0013,9,127.55,1147.95,144.82,583.69,14.27,DE,FBM,Organic,0.911
2025-10-24,B0934569,SKU-0014,3,102.73,308.19,48.55,134.81,7.73,CA,FBA,Organic,0.935
2025-10-25,B0673178,SKU-0001,11,75.65,832.15,120.63,456.61,22.3,DE,FBA,Ads,0.739
2025-10-25,B0494532,SKU-0002,10,23.87,238.7,38.72,127.04,17.32,US,FBM,Organic,0.839
2025-10-25,B0466098,SKU-0003,9,16.3,146.7,22.64,66.69,22.82,US,FBM,Ads,0.737
2025-10-25,B0287544,SKU-0004,9,117.98,1061.82,184.24,468.65,16.99,CA,FBA,Ads,0.948
2025-10-25,B0444234,SKU-0005,11,91.51,1006.61,125.11,561.27,19.2,UK,FBM,Ads,0.796
2025-10-25,B0474559,SKU-0006,7,92.52,647.64,114.55,342.42,12.44,CA,FBA,Organic,0.78
2025-10-25,B0760123,SKU-0007,9,61.47,553.23,73.94,222.6,18.87,UK,FBA,Organic,0.723
2025-10-25,B0300550,SKU-0008,13,31.39,408.07,60.18,189.56,18.82,US,FBM,Organic,0.765
2025-10-25,B0565132,SKU-0009,3,129.05,387.15,63.05,212.0,4.21,UK,FBA,Organic,0.776
2025-10-25,B0138771,SKU-0010,8,79.62,636.96,100.52,326.8,11.07,CA,FBA,Ads,0.888
2025-10-25,B0165870,SKU-0011,8,34.23,273.84,47.22,119.72,10.66,UK,FBM,Organic,0.781
2025-10-25,B0661462,SKU-0012,6,43.11,258.66,40.45,132.24,12.81,UK,FBA,Ads,0.919
2025-10-25,B0241131,SKU-0013,10,120.15,1201.5,210.65,671.8,18.59,US,FBA,Ads,0.865
2025-10-25,B0934569,SKU-0014,8,89.63,717.04,97.68,367.66,12.61,US,FBM,Ads,0.856
2025-10-25,B0916675,SKU-0015,10,43.63,436.3,63.8,235.35,19.01,US,FBM,Ads,0.739
2025-10-26,B0673178,SKU-0001,10,77.57,775.7,99.73,412.05,22.34,US,FBA,Organic,0.95
2025-10-26,B0494532,SKU-0002,7,22.25,155.75,21.4,82.51,17.25,DE,FBM,Ads,0.857
2025-10-26,B0466098,SKU-0003,4,18.04,72.16,11.51,36.17,8.81,UK,FBA,Organic,0.779
2025-10-26,B0287544,SKU-0004,6,107.2,643.2,98.14,260.25,8.61,US,FBA,Organic,0.902
2025-10-26,B0444234,SKU-0005,7,96.9,678.3,106.95,295.86,8.73,CA,FBM,Organic,0.902
2025-10-26,B0474559,SKU-0006,7,97.08,679.56,96.14,340.22,18.05,US,FBA,Ads,0.869
2025-10-26,B0760123,SKU-0007,10,71.02,710.2,88.83,346.45,17.98,US,FBM,Ads,0.934
2025-10-26,B0300550,SKU-0008,17,27.93,474.81,84.09,226.32,37.09,DE,FBM,Organic,0.876
2025-10-26,B0565132,SKU-0009,6,124.96,749.76,100.83,383.27,15.16,CA,FBM,Ads,0.863
2025-10-26,B0138771,SKU-0010,16,79.85,1277.6,225.02,546.54,32.46,DE,FBM,Ads,0.945
2025-10-26,B0165870,SKU-0011,7,36.25,253.75,40.15,139.71,7.81,CA,FBM,Organic,0.838
2025-10-26,B0661462,SKU-0012,13,45.72,594.36,103.95,316.24,24.52,US,FBA,Organic,0.895
2025-10-26,B0241131,SKU-0013,11,117.87,1296.57,198.06,693.44,26.97,DE,FBM,Ads,0.869
2025-10-26,B0934569,SKU-0014,4,86.63,346.52,49.51,160.89,4.95,CA,FBA,Ads,0.917
2025-10-26,B0916675,SKU-0015,14,37.52,525.28,90.16,279.75,29.77,UK,FBA,Organic,0.725
2025-10-27,B0673178,SKU-0001,7,70.64,494.48,75.0,269.42,18.13,UK,FBA,Organic,0.748
2025-10-27,B0494532,SKU-0002,3,23.25,69.75,9.15,33.0,5.2,US,FBA,Ads,0.796
2025-10-27,B0466098,SKU-0003,2,17.82,35.64,5.55,18.78,3.95,UK,FBM,Organic,0.735
2025-10-27,B0287544,SKU-0004,4,105.47,421.88,62.66,183.35,9.98,UK,FBA,Organic,0.901
2025-10-27,B0444234,SKU-0005,13,96.15,1249.95,189.12,579.7,21.45,CA,FBM,Ads,0.916
2025-10-27,B0760123,SKU-0007,15,65.42,981.3,133.24,407.68,21.2,DE,FBM,Ads,0.836
2025-10-27,B0300550,SKU-0008,4,31.7,126.8,21.6,63.83,9.17,CA,FBM,Organic,0.953
2025-10-27,B0565132,SKU-0009,6,121.52,729.12,111.03,294.69,8.09,US,FBA,Ads,0.887
2025-10-27,B0138771,SKU-0010,12,80.47,965.64,167.84,513.41,20.7,DE,FBM,Ads,0.736
2025-10-27,B0165870,SKU-0011,11,39.31,432.41,70.48,175.36,14.41,CA,FBA,Ads,0.931
2025-10-27,B0661462,SKU-0012,10,45.77,457.7,67.48,239.34,14.57,DE,FBM,Organic,0.773
2025-10-27,B0241131,SKU-0013,7,133.31,933.17,112.4,510.86,11.81,CA,FBM,Ads,0.877
2025-10-27,B0934569,SKU-0014,11,96.02,1056.22,129.64,570.93,16.61,US,FBA,Ads,0.917
2025-10-27,B0916675,SKU-0015,1,43.87,43.87,7.01,24.16,2.3,CA,FBA,Organic,0.955
2025-10-28,B0673178,SKU-0001,9,81.56,734.04,88.86,365.33,16.24,DE,FBA,Ads,0.734
2025-10-28,B0494532,SKU-0002,5,21.7,108.5,15.05,50.9,10.89,CA,FBA,Ads,0.879
2025-10-28,B0466098,SKU-0003,8,16.98,135.84,17.85,65.92,14.81,US,FBM,Ads,0.734
2025-10-28,B0287544,SKU-0004,11,105.14,1156.54,164.16,627.7,24.31,DE,FBA,Organic,0.789
2025-10-28,B0444234,SKU-0005,12,86.65,1039.8,128.94,576.17,22.62,US,FBA,Ads,0.911
2025-10-28,B0474559,SKU-0006,4,101.24,404.96,57.54,205.13,6.07,DE,FBM,Ads,0.735
2025-10-28,B0760123,SKU-0007,12,69.68,836.16,107.33,372.54,22.52,UK,FBM,Organic,0.896
2025-10-28,B0300550,SKU-0008,6,31.65,189.9,29.81,97.44,13.65,DE,FBM,Organic,0.783
2025-10-28,B0565132,SKU-0009,10,137.79,1377.9,232.84,576.62,25.43,US,FBM,Organic,0.728
2025-10-28,B0138771,SKU-0010,10,79.96,799.6,127.08,362.48,12.2,US,FBA,Organic,0.727
2025-10-28,B0165870,SKU-0011,9,37.22,334.98,57.22,180.72,10.9,UK,FBA,Organic,0.867
2025-10-28,B0661462,SKU-0012,4,46.7,186.8,26.9,96.19,9.38,UK,FBA,Ads,0.875
2025-10-28,B0241131,SKU-0013,4,122.64,490.56,63.25,270.83,7.34,US,FBM,Ads,0.84
2025-10-28,B0934569,SKU-0014,8,91.88,735.04,114.88,403.12,17.02,UK,FBM,Organic,0.884
2025-10-28,B0916675,SKU-0015,2,39.37,78.74,12.51,40.55,3.26,US,FBA,Organic,0.856
2025-10-29,B0494532,SKU-0002,4,25.0,100.0,14.71,54.61,10.17,US,FBM,Ads,0.791
2025-10-29,B0466098,SKU-0003,3,18.13,54.39,7.8,29.26,5.03,DE,FBA,Ads,0.747
2025-10-29,B0287544,SKU-0004,8,103.49,827.92,123.09,459.56,18.45,DE,FBA,Ads,0.819
2025-10-29,B0444234,SKU-0005,15,81.19,1217.85,199.51,638.96,21.59,DE,FBA,Ads,0.955
2025-10-29,B0474559,SKU-0006,8,86.35,690.8,86.41,346.45,18.3,UK,FBM,Ads,0.75
2025-10-29,B0760123,SKU-0007,10,61.15,611.5,90.91,271.5,21.99,DE,FBM,Ads,0.774
2025-10-29,B0300550,SKU-0008,10,31.38,313.8,55.11,133.73,12.53,US,FBA,Organic,0.821
2025-10-29,B0565132,SKU-0009,9,133.28,1199.52,148.19,563.89,15.49,DE,FBA,Organic,0.777
2025-10-29,B0138771,SKU-0010,8,78.59,628.72,89.35,300.69,20.22,US,FBM,Ads,0.869
2025-10-29,B0165870,SKU-0011,15,35.51,532.65,73.78,284.61,18.12,CA,FBA,Organic,0.93
2025-10-29,B0661462,SKU-0012,16,48.94,783.04,102.74,319.13,30.0,US,FBA,Organic,0.757
2025-10-29,B0241131,SKU-0013,10,133.01,1330.1,205.64,705.66,21.28,US,FBM,Organic,0.796
2025-10-29,B0934569,SKU-0014,1,91.63,91.63,12.86,46.19,1.93,UK,FBA,Ads,0.878
2025-10-29,B0916675,SKU-0015,6,39.5,237.0,28.45,111.28,7.15,UK,FBM,Ads,0.928
2025-10-30,B0673178,SKU-0001,10,81.45,814.5,102.34,355.44,23.56,UK,FBM,Ads,0.94
2025-10-30,B0494532,SKU-0002,8,24.28,194.24,25.55,96.86,12.92,US,FBA,Ads,0.781
2025-10-30,B0466098,SKU-0003,3,18.66,55.98,7.24,28.0,4.66,DE,FBA,Ads,0.753
2025-10-30,B0287544,SKU-0004,15,107.34,1610.1,248.4,857.29,22.42,UK,FBM,Ads,0.863
2025-10-30,B0444234,SKU-0005,18,88.91,1600.38,207.83,757.13,21.14,UK,FBA,Ads,0.914
2025-10-30,B0474559,SKU-0006,10,101.4,1014.0,143.27,514.38,25.51,US,FBM,Organic,0.957
2025-10-30,B0760123,SKU-0007,10,71.34,713.4,103.85,324.35,23.28,US,FBM,Ads,0.798
2025-10-30,B0300550,SKU-0008,2,27.02,54.04,9.18,24.09,4.26,UK,FBA,Organic,0.722
2025-10-30,B0565132,SKU-0009,11,138.37,1522.07,192.62,626.32,17.74,CA,FBA,Organic,0.818
2025-10-30,B0138771,SKU-0010,18,77.56,1396.08,221.81,694.06,42.26,DE,FBM,Organic,0.803
2025-10-30,B0165870,SKU-0011,5,38.49,192.45,33.68,100.5,11.55,UK,FBA,Ads,0.826
2025-10-30,B0661462,SKU-0012,21,45.53,956.13,154.35,405.02,53.75,DE,FBM,Organic,0.895
2025-10-30,B0241131,SKU-0013,4,111.86,447.44,68.08,216.99,10.03,CA,FBM,Ads,0.828
2025-10-30,B0934569,SKU-0014,7,91.08,637.56,110.56,260.14,16.4,CA,FBA,Organic,0.74
2025-10-30,B0916675,SKU-0015,13,40.62,528.06,75.86,273.33,26.32,DE,FBM,Organic,0.919
2025-10-31,B0494532,SKU-0002,4,24.93,99.72,16.81,43.71,9.44,US,FBA,Ads,0.832
2025-10-31,B0466098,SKU-0003,4,16.47,65.88,8.27,33.9,9.37,UK,FBM,Organic,0.93
2025-10-31,B0287544,SKU-0004,4,101.61,406.44,49.41,216.55,7.38,UK,FBM,Ads,0.754
2025-10-31,B0444234,SKU-0005,8,94.69,757.52,108.25,347.48,14.59,UK,FBA,Organic,0.888
2025-10-31,B0474559,SKU-0006,11,90.62,996.82,132.89,429.24,18.68,DE,FBM,Ads,0.943
2025-10-31,B0760123,SKU-0007,5,65.67,328.35,52.02,146.66,9.98,CA,FBM,Organic,0.906
2025-10-31,B0300550,SKU-0008,7,29.63,207.41,37.23,92.16,10.78,US,FBM,Ads,0.773
2025-10-31,B0565132,SKU-0009,6,136.86,821.16,118.47,440.88,7.87,DE,FBM,Ads,0.899
2025-10-31,B0138771,SKU-0010,9,79.88,718.92,86.73,287.89,18.11,CA,FBA,Ads,0.771
2025-10-31,B0165870,SKU-0011,8,39.43,315.44,49.29,167.55,9.26,US,FBM,Ads,0.77
2025-10-31,B0241131,SKU-0013,1,120.04,120.04,14.57,48.24,2.16,US,FBM,Organic,0.791
2025-10-31,B0934569,SKU-0014,6,87.92,527.52,89.15,247.55,11.7,CA,FBM,Ads,0.807
2025-10-31,B0916675,SKU-0015,8,40.77,326.16,46.03,168.82,19.65,UK,FBM,Organic,0.904
2025-11-01,B0673178,SKU-0001,8,75.18,601.44,82.62,262.67,16.18,CA,FBA,Ads,0.811
2025-11-01,B0494532,SKU-0002,10,24.11,241.1,41.06,110.32,12.02,DE,FBA,Organic,0.818
2025-11-01,B0466098,SKU-0003,3,18.68,56.04,8.37,29.94,4.34,DE,FBA,Ads,0.798
2025-11-01,B0287544,SKU-0004,2,110.49,220.98,28.63,123.42,4.42,US,FBM,Organic,0.951
2025-11-01,B0444234,SKU-0005,5,89.06,445.3,55.29,240.45,12.04,US,FBM,Organic,0.802
2025-11-01,B0474559,SKU-0006,9,86.28,776.52,95.98,363.75,12.74,UK,FBM,Ads,0.748
2025-11-01,B0760123,SKU-0007,1,70.09,70.09,11.66,35.31,2.28,US,FBM,Organic,0.74
2025-11-01,B0300550,SKU-0008,6,26.9,161.4,28.84,75.25,12.29,DE,FBM,Ads,0.77
2025-11-01,B0565132,SKU-0009,4,128.58,514.32,87.54,234.94,8.53,UK,FBA,Ads,0.739
2025-11-01,B0138771,SKU-0010,4,75.77,303.08,44.6,160.64,6.17,CA,FBM,Ads,0.77
2025-11-01,B0165870,SKU-0011,4,37.46,149.84,18.55,62.62,7.85,UK,FBA,Organic,0.736
2025-11-01,B0661462,SKU-0012,2,43.26,86.52,13.64,36.44,4.06,DE,FBM,Ads,0.72
2025-11-01,B0241131,SKU-0013,6,120.06,720.36,107.74,291.26,6.79,CA,FBM,Ads,0.765
2025-11-01,B0934569,SKU-0014,13,97.04,1261.52,203.54,587.17,27.63,CA,FBM,Ads,0.766
2025-11-01,B0916675,SKU-0015,13,37.54,488.02,81.64,240.34,26.8,US,FBM,Ads,0.874
2025-11-02,B0673178,SKU-0001,12,70.85,850.2,115.36,358.04,17.05,CA,FBM,Organic,0.753
2025-11-02,B0494532,SKU-0002,10,24.85,248.5,30.95,109.6,19.36,UK,FBM,Organic,0.934
2025-11-02,B0466098,SKU-0003,8,16.18,129.44,19.76,67.4,20.62,UK,FBM,Ads,0.96
2025-11-02,B0287544,SKU-0004,10,102.0,1020.0,132.9,503.32,20.18,US,FBM,Organic,0.895
2025-11-02,B0444234,SKU-0005,7,93.21,652.47,89.98,285.37,8.92,US,FBA,Organic,0.946
2025-11-02,B0474559,SKU-0006,6,98.99,593.94,90.48,249.35,12.39,DE,FBA,Ads,0.917
2025-11-02,B0760123,SKU-0007,2,67.32,134.64,17.3,62.02,4.44,DE,FBA,Ads,0.89
2025-11-02,B0300550,SKU-0008,4,29.72,118.88,20.93,60.38,9.02,CA,FBM,Ads,0.764
2025-11-02,B0565132,SKU-0009,8,135.53,1084.24,140.64,444.3,16.48,UK,FBA,Organic,0.882
2025-11-02,B0138771,SKU-0010,6,85.66,513.96,71.54,232.72,14.41,US,FBA,Ads,0.735
2025-11-02,B0165870,SKU-0011,4,35.47,141.88,19.07,78.51,7.85,DE,FBM,Ads,0.933
2025-11-02,B0661462,SKU-0012,10,47.87,478.7,72.62,212.1,19.32,DE,FBA,Ads,0.844
2025-11-02,B0241131,SKU-0013,11,112.04,1232.44,205.8,656.07,18.59,CA,FBM,Organic,0.903
2025-11-02,B0934569,SKU-0014,7,101.27,708.89,122.07,366.05,10.7,UK,FBA,Ads,0.88
2025-11-02,B0916675,SKU-0015,16,38.81,620.96,77.4,273.51,17.61,DE,FBM,Ads,0.776
2025-11-03,B0673178,SKU-0001,5,70.7,353.5,57.5,157.39,8.33,CA,FBA,Ads,0.774
2025-11-03,B0494532,SKU-0002,2,23.31,46.62,7.7,24.66,4.39,UK,FBA,Organic,0.815
2025-11-03,B0466098,SKU-0003,5,16.7,83.5,13.98,46.46,12.37,CA,FBA,Organic,0.871
2025-11-03,B0287544,SKU-0004,12,117.42,1409.04,227.66,597.7,23.83,CA,FBA,Ads,0.793
2025-11-03,B0444234,SKU-0005,10,80.58,805.8,126.57,392.33,19.04,CA,FBM,Ads,0.746
2025-11-03,B0474559,SKU-0006,2,85.52,171.04,28.75,70.52,2.36,US,FBM,Organic,0.736
2025-11-03,B0760123,SKU-0007,7,66.59,466.13,59.63,248.03,17.03,DE,FBM,Ads,0.876
2025-11-03,B0300550,SKU-0008,7,30.21,211.47,33.13,114.41,9.29,UK,FBM,Ads,0.906
2025-11-03,B0565132,SKU-0009,15,126.03,1890.45,264.78,998.61,25.17,UK,FBM,Organic,0.879
2025-11-03,B0138771,SKU-0010,11,82.66,909.26,132.26,431.48,25.08,CA,FBA,Ads,0.876
2025-11-03,B0165870,SKU-0011,2,34.6,69.2,11.31,31.06,3.18,UK,FBM,Ads,0.736
2025-11-03,B0661462,SKU-0012,13,43.27,562.51,95.68,292.13,25.61,UK,FBM,Organic,0.908
2025-11-03,B0241131,SKU-0013,2,130.22,260.44,36.01,134.4,3.83,UK,FBA,Ads,0.938
2025-11-03,B0934569,SKU-0014,13,86.53,1124.89,167.7,507.25,30.71,US,FBA,Ads,0.766
2025-11-03,B0916675,SKU-0015,8,37.07,296.56,35.62,162.61,16.38,DE,FBM,Organic,0.842
2025-11-04,B0673178,SKU-0001,9,79.9,719.1,122.79,367.89,10.65,DE,FBM,Organic,0.943
2025-11-04,B0494532,SKU-0002,9,24.28,218.52,33.68,95.91,10.9,US,FBA,Organic,0.791
2025-11-04,B0466098,SKU-0003,7,17.3,121.1,16.27,65.87,9.3,CA,FBA,Ads,0.838
2025-11-04,B0287544,SKU-0004,8,116.4,931.2,111.94,375.38,19.22,UK,FBA,Ads,0.749
2025-11-04,B0444234,SKU-0005,4,89.63,358.52,52.68,187.49,6.99,CA,FBM,Ads,0.92
2025-11-04,B0760123,SKU-0007,13,67.99,883.87,141.36,402.3,22.52,US,FBA,Ads,0.85
2025-11-04,B0300550,SKU-0008,13,29.34,381.42,65.67,154.55,33.61,CA,FBA,Organic,0.825
2025-11-04,B0565132,SKU-0009,6,136.04,816.24,101.77,347.47,13.42,UK,FBM,Organic,0.781
2025-11-04,B0165870,SKU-0011,8,34.52,276.16,36.69,122.08,14.21,DE,FBM,Organic,0.741
2025-11-04,B0661462,SKU-0012,14,42.21,590.94,74.08,241.33,30.11,CA,FBM,Ads,0.88
2025-11-04,B0241131,SKU-0013,7,130.2,911.4,134.77,428.21,15.75,DE,FBM,Ads,0.849
2025-11-04,B0916675,SKU-0015,9,43.73,393.57,56.6,165.23,13.32,UK,FBM,Ads,0.895
2025-11-05,B0673178,SKU-0001,11,81.61,897.71,156.52,399.99,26.16,US,FBM,Organic,0.885
2025-11-05,B0494532,SKU-0002,4,21.15,84.6,14.35,41.02,9.9,UK,FBM,Organic,0.814
2025-11-05,B0466098,SKU-0003,5,17.65,88.25,15.82,42.29,7.77,CA,FBM,Organic,0.827
2025-11-05,B0287544,SKU-0004,6,108.13,648.78,98.56,329.15,11.4,DE,FBM,Organic,0.769
2025-11-05,B0474559,SKU-0006,5,96.06,480.3,74.98,227.79,8.97,DE,FBM,Ads,0.953
2025-11-05,B0760123,SKU-0007,4,68.04,272.16,34.88,145.01,5.3,US,FBA,Ads,0.94
2025-11-05,B0300550,SKU-0008,11,29.42,323.62,48.5,172.89,16.34,US,FBA,Organic,0.927
2025-11-05,B0565132,SKU-0009,9,140.46,1264.14,187.59,630.48,18.78,UK,FBA,Organic,0.904
2025-11-05,B0138771,SKU-0010,7,88.07,616.49,81.27,260.53,7.85,UK,FBA,Organic,0.83
2025-11-05,B0165870,SKU-0011,4,39.84,159.36,25.07,72.54,6.43,DE,FBA,Organic,0.889
2025-11-05,B0661462,SKU-0012,12,48.09,577.08,75.39,248.24,19.13,DE,FBA,Organic,0.722
2025-11-05,B0241131,SKU-0013,11,124.51,1369.61,192.38,598.51,12.85,UK,FBM,Organic,0.808
2025-11-05,B0934569,SKU-0014,12,89.19,1070.28,136.35,508.49,14.52,DE,FBA,Ads,0.884
2025-11-05,B0916675,SKU-0015,4,41.67,166.68,25.9,66.78,4.52,US,FBA,Ads,0.938
2025-11-06,B0673178,SKU-0001,9,75.36,678.24,94.53,369.82,14.74,CA,FBM,Organic,0.934
2025-11-06,B0494532,SKU-0002,16,25.0,400.0,59.18,219.22,41.31,CA,FBA,Ads,0.938
2025-11-06,B0466098,SKU-0003,3,17.57,52.71,8.44,26.88,6.06,UK,FBA,Organic,0.906
2025-11-06,B0287544,SKU-0004,8,101.22,809.76,128.63,440.92,11.43,US,FBM,Ads,0.751
2025-11-06,B0444234,SKU-0005,7,87.78,614.46,92.7,341.56,9.95,UK,FBA,Organic,0.955
2025-11-06,B0474559,SKU-0006,11,84.86,933.46,144.19,400.7,13.15,UK,FBM,Organic,0.814
2025-11-06,B0760123,SKU-0007,13,67.78,881.14,146.18,418.39,27.67,CA,FBM,Ads,0.787
2025-11-06,B0300550,SKU-0008,11,26.85,295.35,48.35,141.67,16.6,US,FBA,Ads,0.735
2025-11-06,B0565132,SKU-0009,3,121.68,365.04,44.0,154.31,6.09,DE,FBA,Ads,0.816
2025-11-06,B0138771,SKU-0010,4,84.01,336.04,60.14,136.08,8.44,CA,FBM,Organic,0.765
2025-11-06,B0165870,SKU-0011,8,34.93,279.44,42.78,135.73,10.24,CA,FBM,Ads,0.847
2025-11-06,B0661462,SKU-0012,8,47.03,376.24,65.13,181.16,20.22,CA,FBA,Organic,0.926
2025-11-06,B0241131,SKU-0013,18,123.2,2217.6,336.76,904.69,27.98,DE,FBA,Organic,0.722
2025-11-06,B0934569,SKU-0014,4,85.75,343.0,50.9,163.93,6.72,UK,FBA,Ads,0.792
2025-11-06,B0916675,SKU-0015,11,38.79,426.69,75.86,174.26,17.25,UK,FBM,Ads,0.917
2025-11-07,B0673178,SKU-0001,1,69.74,69.74,12.18,28.35,1.15,UK,FBM,Organic,0.947
2025-11-07,B0494532,SKU-0002,10,23.73,237.3,36.23,117.91,20.05,UK,FBA,Organic,0.73
2025-11-07,B0466098,SKU-0003,4,17.8,71.2,10.13,39.73,4.95,UK,FBA,Ads,0.721
2025-11-07,B0287544,SKU-0004,6,100.88,605.28,85.16,326.11,11.69,US,FBA,Ads,0.786
2025-11-07,B0444234,SKU-0005,10,90.79,907.9,134.03,367.48,24.84,UK,FBA,Organic,0.807
2025-11-07,B0474559,SKU-0006,3,95.37,286.11,43.89,121.46,7.72,UK,FBA,Organic,0.73
2025-11-07,B0760123,SKU-0007,10,67.75,677.5,100.88,334.89,23.02,DE,FBM,Ads,0.949
2025-11-07,B0300550,SKU-0008,2,27.2,54.4,9.48,22.88,4.0,DE,FBM,Ads,0.839
2025-11-07,B0565132,SKU-0009,8,120.41,963.28,148.95,530.14,9.76,US,FBA,Ads,0.751
2025-11-07,B0138771,SKU-0010,3,88.04,264.12,39.44,107.07,7.5,UK,FBA,Organic,0.883
2025-11-07,B0165870,SKU-0011,8,35.16,281.28,35.72,152.94,11.17,US,FBM,Ads,0.934
2025-11-07,B0661462,SKU-0012,8,48.79,390.32,69.61,185.44,15.47,UK,FBM,Organic,0.833
2025-11-07,B0241131,SKU-0013,9,118.76,1068.84,135.69,438.35,13.63,DE,FBA,Organic,0.773
2025-11-07,B0934569,SKU-0014,5,90.92,454.6,80.7,190.29,12.2,DE,FBA,Organic,0.942
2025-11-07,B0916675,SKU-0015,6,40.85,245.1,34.41,112.08,8.72,DE,FBA,Organic,0.959
2025-11-08,B0673178,SKU-0001,13,77.61,1008.93,134.88,524.61,26.6,UK,FBM,Ads,0.863
2025-11-08,B0494532,SKU-0002,5,20.89,104.45,13.69,57.01,6.99,US,FBA,Ads,0.867
2025-11-08,B0466098,SKU-0003,11,17.45,191.95,29.14,104.88,16.8,UK,FBA,Organic,0.882
2025-11-08,B0287544,SKU-0004,2,108.9,217.8,29.09,116.88,4.2,US,FBA,Ads,0.942
2025-11-08,B0444234,SKU-0005,4,83.42,333.68,45.05,163.73,8.1,CA,FBA,Organic,0.74
2025-11-08,B0474559,SKU-0006,3,86.86,260.58,36.5,140.1,7.18,DE,FBM,Ads,0.748
2025-11-08,B0760123,SKU-0007,12,66.43,797.16,128.19,410.98,30.49,US,FBA,Organic,0.725
2025-11-08,B0300550,SKU-0008,1,29.48,29.48,4.53,14.01,1.78,DE,FBM,Ads,0.792
2025-11-08,B0565132,SKU-0009,12,127.37,1528.44,215.83,707.12,20.26,US,FBM,Organic,0.933
2025-11-08,B0138771,SKU-0010,7,76.53,535.71,65.51,269.42,8.05,UK,FBA,Ads,0.926
2025-11-08,B0165870,SKU-0011,13,40.37,524.81,66.93,254.71,14.73,DE,FBM,Ads,0.721
2025-11-08,B0661462,SKU-0012,6,45.69,274.14,37.15,151.54,7.22,US,FBM,Organic,0.72
2025-11-08,B0241131,SKU-0013,4,128.7,514.8,76.07,284.89,8.06,UK,FBM,Ads,0.764
2025-11-08,B0934569,SKU-0014,4,97.35,389.4,53.16,172.4,6.76,US,FBM,Organic,0.884
2025-11-08,B0916675,SKU-0015,6,40.98,245.88,30.36,98.59,8.6,UK,FBA,Organic,0.877
2025-11-09,B0673178,SKU-0001,7,70.56,493.92,83.51,248.9,13.12,CA,FBM,Organic,0.778
2025-11-09,B0494532,SKU-0002,9,21.83,196.47,30.06,108.89,13.66,DE,FBA,Organic,0.776
2025-11-09,B0466098,SKU-0003,9,16.78,151.02,22.25,77.58,16.78,CA,FBM,Organic,0.864
2025-11-09,B0287544,SKU-0004,8,111.84,894.72,157.6,437.59,15.42,DE,FBA,Ads,0.751
2025-11-09,B0444234,SKU-0005,9,93.77,843.93,105.21,463.48,20.74,CA,FBM,Ads,0.861
2025-11-09,B0474559,SKU-0006,3,94.11,282.33,39.36,147.62,6.89,CA,FBM,Organic,0.887
2025-11-09,B0760123,SKU-0007,4,69.04,276.16,48.11,120.78,5.32,US,FBM,Organic,0.775
2025-11-09,B0565132,SKU-0009,6,136.09,816.54,99.97,392.94,13.84,CA,FBM,Organic,0.946
2025-11-09,B0138771,SKU-0010,8,76.49,611.92,101.62,294.98,14.21,US,FBM,Ads,0.835
2025-11-09,B0661462,SKU-0012,6,48.74,292.44,42.59,148.04,8.0,US,FBM,Organic,0.946
2025-11-09,B0241131,SKU-0013,5,116.14,580.7,100.23,297.53,11.43,US,FBM,Ads,0.952
2025-11-09,B0934569,SKU-0014,11,88.45,972.95,159.51,463.09,23.86,DE,FBM,Ads,0.959
2025-11-09,B0916675,SKU-0015,7,39.22,274.54,45.94,138.27,8.59,US,FBA,Organic,0.845
2025-11-10,B0673178,SKU-0001,7,76.19,533.33,88.67,271.34,12.35,DE,FBM,Organic,0.864
2025-11-10,B0494532,SKU-0002,7,23.55,164.85,22.79,86.7,15.89,CA,FBM,Organic,0.9
2025-11-10,B0466098,SKU-0003,5,16.13,80.65,10.8,38.18,5.99,DE,FBA,Ads,0.915
2025-11-10,B0444234,SKU-0005,10,97.01,970.1,134.53,498.98,22.76,US,FBM,Organic,0.791
2025-11-10,B0474559,SKU-0006,5,87.32,436.6,68.18,231.06,8.2,CA,FBA,Organic,0.758
2025-11-10,B0760123,SKU-0007,5,70.34,351.7,59.71,164.55,6.87,US,FBA,Ads,0.726
2025-11-10,B0300550,SKU-0008,17,27.67,470.39,79.28,257.28,42.66,UK,FBA,Organic,0.752
2025-11-10,B0565132,SKU-0009,12,131.11,1573.32,253.25,794.91,28.85,UK,FBM,Ads,0.829
2025-11-10,B0138771,SKU-0010,4,74.43,297.72,51.37,141.93,6.13,UK,FBA,Organic,0.824
2025-11-10,B0165870,SKU-0011,9,35.73,321.57,49.15,132.03,18.29,US,FBA,Organic,0.898
2025-11-10,B0661462,SKU-0012,12,47.66,571.92,75.57,304.19,30.39,CA,FBM,Ads,0.769
2025-11-10,B0241131,SKU-0013,11,112.91,1242.01,198.77,609.18,28.21,US,FBA,Ads,0.836
2025-11-10,B0934569,SKU-0014,7,93.38,653.66,102.63,352.03,11.59,UK,FBA,Organic,0.852
2025-11-10,B0916675,SKU-0015,3,39.26,117.78,15.45,48.59,4.15,DE,FBM,Organic,0.759
2025-11-11,B0673178,SKU-0001,8,77.33,618.64,75.76,276.64,15.55,US,FBM,Organic,0.831
2025-11-11,B0494532,SKU-0002,17,23.21,394.57,52.22,214.49,28.87,DE,FBA,Organic,0.733
2025-11-11,B0466098,SKU-0003,13,17.97,233.61,40.73,115.73,14.47,UK,FBM,Ads,0.812
2025-11-11,B0287544,SKU-0004,5,104.16,520.8,63.78,269.94,5.76,US,FBA,Ads,0.847
2025-11-11,B0444234,SKU-0005,12,86.94,1043.28,173.78,517.74,16.54,DE,FBM,Organic,0.836
2025-11-11,B0474559,SKU-0006,6,99.25,595.5,103.91,242.0,8.24,UK,FBA,Ads,0.768
2025-11-11,B0760123,SKU-0007,14,66.54,931.56,131.59,502.4,15.88,CA,FBM,Ads,0.752
2025-11-11,B0565132,SKU-0009,1,132.51,132.51,16.45,74.05,1.74,UK,FBM,Organic,0.879
2025-11-11,B0138771,SKU-0010,8,82.05,656.4,111.19,321.69,15.2,DE,FBA,Ads,0.877
2025-11-11,B0165870,SKU-0011,2,36.25,72.5,8.74,29.49,4.85,CA,FBM,Organic,0.782
2025-11-11,B0661462,SKU-0012,4,46.74,186.96,29.05,79.95,6.78,CA,FBA,Ads,0.906
2025-11-11,B0241131,SKU-0013,8,131.35,1050.8,182.21,516.98,13.17,US,FBM,Organic,0.732
2025-11-11,B0934569,SKU-0014,11,101.33,1114.63,179.38,490.09,28.17,DE,FBM,Ads,0.917
2025-11-11,B0916675,SKU-0015,10,38.4,384.0,65.53,214.13,25.47,CA,FBM,Ads,0.92
2025-11-12,B0673178,SKU-0001,4,83.05,332.2,58.33,159.74,9.66,UK,FBA,Organic,0.899
2025-11-12,B0494532,SKU-0002,11,24.5,269.5,32.86,109.9,12.5,CA,FBA,Organic,0.904
2025-11-12,B0466098,SKU-0003,7,16.81,117.67,15.8,60.54,14.24,CA,FBM,Ads,0.748
2025-11-12,B0287544,SKU-0004,14,116.52,1631.28,210.98,670.17,17.24,US,FBA,Ads,0.734
2025-11-12,B0444234,SKU-0005,6,91.05,546.3,90.15,228.93,13.8,UK,FBA,Organic,0.774
2025-11-12,B0565132,SKU-0009,11,130.14,1431.54,178.49,594.3,22.88,DE,FBM,Ads,0.949
2025-11-12,B0138771,SKU-0010,5,75.91,379.55,68.18,210.4,5.52,US,FBM,Organic,0.941
2025-11-12,B0165870,SKU-0011,7,38.54,269.78,45.0,147.94,9.24,DE,FBA,Ads,0.941
2025-11-12,B0661462,SKU-0012,12,42.7,512.4,66.2,248.92,16.17,CA,FBM,Organic,0.834
2025-11-12,B0241131,SKU-0013,2,123.64,247.28,34.21,122.61,2.73,UK,FBM,Ads,0.744
2025-11-12,B0934569,SKU-0014,4,86.03,344.12,57.47,160.18,9.28,DE,FBM,Organic,0.905
2025-11-12,B0916675,SKU-0015,10,43.72,437.2,78.07,191.53,23.62,CA,FBA,Organic,0.948
2025-11-13,B0673178,SKU-0001,10,80.23,802.3,112.3,414.9,24.62,US,FBA,Ads,0.898
2025-11-13,B0494532,SKU-0002,14,21.0,294.0,43.13,163.44,27.46,UK,FBA,Organic,0.922
2025-11-13,B0466098,SKU-0003,6,18.8,112.8,19.5,61.08,13.42,CA,FBA,Ads,0.763
2025-11-13,B0287544,SKU-0004,13,119.74,1556.62,191.41,735.89,18.04,UK,FBA,Organic,0.818
2025-11-13,B0444234,SKU-0005,5,92.89,464.45,65.38,200.67,7.94,DE,FBM,Ads,0.937
2025-11-13,B0474559,SKU-0006,1,101.94,101.94,15.96,43.24,2.18,CA,FBM,Ads,0.901
2025-11-13,B0760123,SKU-0007,6,60.6,363.6,46.73,157.65,13.74,US,FBA,Ads,0.884
2025-11-13,B0300550,SKU-0008,12,26.55,318.6,50.15,145.01,15.23,CA,FBA,Organic,0.834
2025-11-13,B0565132,SKU-0009,14,138.81,1943.34,343.08,1036.05,29.46,CA,FBM,Ads,0.874
2025-11-13,B0138771,SKU-0010,6,75.75,454.5,72.9,213.66,9.58,CA,FBA,Organic,0.741
2025-11-13,B0165870,SKU-0011,6,35.5,213.0,31.79,95.37,13.4,DE,FBA,Ads,0.936
2025-11-13,B0661462,SKU-0012,5,46.34,231.7,32.07,104.7,6.97,UK,FBM,Organic,0.93
2025-11-13,B0241131,SKU-0013,10,116.31,1163.1,185.44,579.38,15.56,US,FBM,Organic,0.876
2025-11-13,B0934569,SKU-0014,5,92.81,464.05,56.03,247.64,9.61,UK,FBA,Organic,0.853
2025-11-13,B0916675,SKU-0015,8,42.57,340.56,46.28,159.35,13.98,UK,FBM,Organic,0.781
2025-11-14,B0673178,SKU-0001,9,79.98,719.82,86.76,353.4,17.25,US,FBA,Organic,0.899
2025-11-14,B0494532,SKU-0002,5,24.25,121.25,14.8,57.4,9.74,US,FBM,Ads,0.789
2025-11-14,B0466098,SKU-0003,10,18.35,183.5,23.18,97.34,22.95,US,FBA,Organic,0.836
2025-11-14,B0287544,SKU-0004,4,110.84,443.36,65.83,245.25,9.65,DE,FBA,Ads,0.755
2025-11-14,B0444234,SKU-0005,18,88.82,1598.76,236.21,740.85,42.74,DE,FBM,Ads,0.772
2025-11-14,B0474559,SKU-0006,8,100.63,805.04,121.79,350.78,10.46,US,FBA,Organic,0.833
2025-11-14,B0760123,SKU-0007,6,61.98,371.88,45.69,155.55,9.66,UK,FBA,Organic,0.919
2025-11-14,B0300550,SKU-0008,11,27.7,304.7,41.46,135.16,22.39,DE,FBM,Ads,0.777
2025-11-14,B0565132,SKU-0009,8,134.42,1075.36,151.37,535.07,9.89,DE,FBA,Organic,0.744
2025-11-14,B0138771,SKU-0010,11,89.2,981.2,164.85,518.8,15.56,US,FBM,Ads,0.788
2025-11-14,B0165870,SKU-0011,13,40.82,530.66,94.24,258.3,26.02,US,FBM,Organic,0.923
2025-11-14,B0661462,SKU-0012,8,47.68,381.44,47.79,186.19,13.9,CA,FBM,Ads,0.759
2025-11-14,B0241131,SKU-0013,12,130.83,1569.96,250.61,752.19,17.85,US,FBM,Organic,0.814
2025-11-14,B0934569,SKU-0014,10,89.06,890.6,148.58,480.96,17.12,DE,FBM,Ads,0.83
2025-11-14,B0916675,SKU-0015,7,38.0,266.0,46.96,111.85,11.79,DE,FBM,Organic,0.73
2025-11-15,B0673178,SKU-0001,2,83.77,167.54,20.22,78.73,4.84,US,FBA,Organic,0.942
2025-11-15,B0494532,SKU-0002,12,22.69,272.28,39.62,143.64,16.78,US,FBA,Ads,0.777
2025-11-15,B0466098,SKU-0003,7,17.85,124.95,15.84,69.93,13.62,US,FBA,Ads,0.745
2025-11-15,B0287544,SKU-0004,4,110.47,441.88,55.97,195.69,9.94,DE,FBA,Organic,0.842
2025-11-15,B0444234,SKU-0005,5,95.32,476.6,62.63,245.54,10.03,CA,FBA,Organic,0.928
2025-11-15,B0474559,SKU-0006,8,94.76,758.08,135.3,321.01,17.19,UK,FBM,Organic,0.788
2025-11-15,B0300550,SKU-0008,6,27.05,162.3,23.26,84.29,9.01,CA,FBA,Ads,0.814
2025-11-15,B0565132,SKU-0009,1,140.44,140.44,23.89,60.17,1.48,DE,FBA,Organic,0.725
2025-11-15,B0661462,SKU-0012,8,46.61,372.88,66.56,199.64,20.47,CA,FBM,Organic,0.913
2025-11-15,B0241131,SKU-0013,5,122.03,610.15,78.22,247.52,10.45,DE,FBM,Organic,0.826
2025-11-15,B0934569,SKU-0014,5,88.95,444.75,63.18,243.81,5.61,DE,FBA,Organic,0.855
2025-11-15,B0916675,SKU-0015,11,37.1,408.1,60.26,188.08,22.48,CA,FBA,Organic,0.785
2025-11-16,B0673178,SKU-0001,5,71.14,355.7,56.41,193.31,9.91,US,FBM,Ads,0.787
2025-11-16,B0494532,SKU-0002,3,23.76,71.28,8.83,37.89,6.39,DE,FBM,Ads,0.907
2025-11-16,B0466098,SKU-0003,3,17.51,52.53,7.08,26.5,5.42,UK,FBA,Ads,0.952
2025-11-16,B0287544,SKU-0004,5,103.69,518.45,76.06,228.96,8.64,CA,FBM,Organic,0.934
2025-11-16,B0444234,SKU-0005,5,90.68,453.4,55.94,234.92,9.36,US,FBA,Organic,0.899
2025-11-16,B0474559,SKU-0006,8,101.61,812.88,141.11,396.88,13.01,CA,FBM,Organic,0.844
2025-11-16,B0760123,SKU-0007,6,66.06,396.36,52.25,213.81,14.36,DE,FBM,Organic,0.897
2025-11-16,B0138771,SKU-0010,14,78.93,1105.02,146.75,491.81,29.28,US,FBM,Ads,0.94
2025-11-16,B0165870,SKU-0011,10,40.89,408.9,56.66,219.35,22.48,UK,FBA,Ads,0.756
2025-11-16,B0661462,SKU-0012,5,48.2,241.0,34.85,108.79,11.94,CA,FBA,Ads,0.952
2025-11-16,B0241131,SKU-0013,8,116.6,932.8,152.74,397.65,19.4,DE,FBA,Ads,0.721
2025-11-16,B0934569,SKU-0014,5,103.18,515.9,69.5,238.11,7.14,UK,FBM,Organic,0.75
2025-11-16,B0916675,SKU-0015,6,38.38,230.28,32.13,123.62,13.52,US,FBM,Organic,0.759
2025-11-17,B0494532,SKU-0002,12,23.15,277.8,43.73,137.24,19.75,CA,FBM,Ads,0.86
2025-11-17,B0466098,SKU-0003,13,16.26,211.38,37.52,107.82,20.0,CA,FBA,Ads,0.948
2025-11-17,B0287544,SKU-0004,9,116.78,1051.02,134.61,524.47,16.47,CA,FBA,Organic,0.945
2025-11-17,B0444234,SKU-0005,8,87.28,698.24,92.02,378.6,13.13,US,FBA,Ads,0.791
2025-11-17,B0474559,SKU-0006,20,99.82,1996.4,311.83,822.92,47.96,DE,FBA,Ads,0.878
2025-11-17,B0760123,SKU-0007,11,62.49,687.39,122.62,332.08,25.58,CA,FBM,Ads,0.941
2025-11-17,B0300550,SKU-0008,12,26.86,322.32,46.17,158.49,22.15,CA,FBM,Ads,0.924
2025-11-17,B0565132,SKU-0009,14,123.96,1735.44,311.99,773.19,18.86,UK,FBM,Organic,0.828
2025-11-17,B0165870,SKU-0011,2,39.48,78.96,13.35,38.16,4.1,DE,FBA,Ads,0.758
2025-11-17,B0661462,SKU-0012,8,41.88,335.04,45.07,178.24,19.38,UK,FBA,Ads,0.866
2025-11-17,B0241131,SKU-0013,7,125.16,876.12,129.59,424.6,15.02,DE,FBM,Ads,0.841
2025-11-17,B0934569,SKU-0014,12,87.29,1047.48,129.54,560.78,26.92,UK,FBM,Ads,0.797
2025-11-18,B0673178,SKU-0001,3,78.37,235.11,34.71,112.74,3.32,UK,FBM,Ads,0.822
2025-11-18,B0494532,SKU-0002,8,24.49,195.92,23.69,85.42,9.98,US,FBM,Organic,0.798
2025-11-18,B0466098,SKU-0003,9,16.76,150.84,25.68,62.1,13.51,UK,FBM,Organic,0.736
2025-11-18,B0287544,SKU-0004,8,113.67,909.36,147.76,374.53,15.47,CA,FBA,Organic,0.8
2025-11-18,B0444234,SKU-0005,9,82.39,741.51,114.26,298.11,17.35,UK,FBM,Organic,0.798
2025-11-18,B0474559,SKU-0006,10,101.04,1010.4,151.76,485.27,24.03,US,FBM,Organic,0.725
2025-11-18,B0760123,SKU-0007,9,65.86,592.74,99.0,257.09,12.63,DE,FBA,Ads,0.743
2025-11-18,B0565132,SKU-0009,9,125.62,1130.58,188.28,590.97,13.95,DE,FBM,Ads,0.823
2025-11-18,B0138771,SKU-0010,14,81.48,1140.72,138.4,607.36,26.63,US,FBM,Organic,0.904
2025-11-18,B0165870,SKU-0011,3,34.38,103.14,13.18,45.18,6.54,DE,FBA,Ads,0.893
2025-11-18,B0661462,SKU-0012,11,48.37,532.07,69.0,255.77,15.82,US,FBM,Organic,0.777
2025-11-18,B0241131,SKU-0013,12,123.4,1480.8,184.43,718.15,13.43,UK,FBM,Organic,0.738
2025-11-18,B0934569,SKU-0014,12,86.93,1043.16,146.36,477.79,13.23,US,FBM,Ads,0.822
2025-11-18,B0916675,SKU-0015,8,36.95,295.6,45.01,153.72,11.05,UK,FBA,Ads,0.726
2025-11-19,B0673178,SKU-0001,10,78.76,787.6,98.8,402.94,12.33,DE,FBM,Ads,0.958
2025-11-19,B0494532,SKU-0002,7,24.9,174.3,26.41,70.38,13.45,DE,FBA,Organic,0.918
2025-11-19,B0466098,SKU-0003,7,16.59,116.13,17.89,61.1,8.64,DE,FBA,Organic,0.803
2025-11-19,B0287544,SKU-0004,7,107.75,754.25,96.39,365.86,12.8,DE,FBM,Organic,0.838
2025-11-19,B0444234,SKU-0005,9,83.15,748.35,107.11,364.84,17.34,DE,FBM,Organic,0.751
2025-11-19,B0474559,SKU-0006,8,101.65,813.2,138.41,403.86,13.47,UK,FBA,Ads,0.897
2025-11-19,B0760123,SKU-0007,7,67.09,469.63,76.79,212.17,11.06,CA,FBM,Organic,0.732
2025-11-19,B0300550,SKU-0008,6,31.17,187.02,30.36,82.81,6.98,UK,FBM,Ads,0.804
2025-11-19,B0138771,SKU-0010,2,76.98,153.96,21.84,80.81,5.09,DE,FBA,Organic,0.892
2025-11-19,B0165870,SKU-0011,14,37.22,521.08,74.1,266.18,18.86,DE,FBM,Organic,0.894
2025-11-19,B0916675,SKU-0015,10,39.03,390.3,54.68,197.18,22.03,UK,FBA,Organic,0.776
2025-11-20,B0673178,SKU-0001,3,78.83,236.49,28.5,132.18,5.7,CA,FBM,Organic,0.756
2025-11-20,B0494532,SKU-0002,12,23.68,284.16,37.7,129.17,27.82,US,FBA,Ads,0.76
2025-11-20,B0466098,SKU-0003,12,17.11,205.32,30.11,83.52,23.77,US,FBA,Organic,0.87
2025-11-20,B0287544,SKU-0004,10,106.47,1064.7,165.9,566.74,15.18,US,FBM,Organic,0.91
2025-11-20,B0444234,SKU-0005,4,88.42,353.68,58.15,143.22,10.3,CA,FBA,Organic,0.924
2025-11-20,B0474559,SKU-0006,12,102.26,1227.12,200.54,508.31,19.68,US,FBM,Organic,0.833
2025-11-20,B0760123,SKU-0007,5,65.09,325.45,49.35,162.97,5.54,DE,FBM,Ads,0.772
2025-11-20,B0300550,SKU-0008,3,30.17,90.51,11.16,47.26,3.88,UK,FBM,Organic,0.827
2025-11-20,B0565132,SKU-0009,15,132.17,1982.55,314.36,939.07,37.62,CA,FBA,Organic,0.909
2025-11-20,B0138771,SKU-0010,10,84.14,841.4,112.67,399.29,22.92,CA,FBM,Organic,0.764
2025-11-20,B0165870,SKU-0011,8,40.56,324.48,49.32,142.67,14.49,DE,FBA,Ads,0.899
2025-11-20,B0661462,SKU-0012,10,40.51,405.1,57.11,177.97,11.4,UK,FBA,Ads,0.937
2025-11-20,B0241131,SKU-0013,10,126.98,1269.8,172.09,519.59,17.43,DE,FBA,Organic,0.72
2025-11-20,B0934569,SKU-0014,9,95.07,855.63,103.81,427.82,18.24,UK,FBA,Organic,0.876
2025-11-20,B0916675,SKU-0015,17,43.87,745.79,101.6,385.11,36.18,US,FBA,Organic,0.753
2025-11-21,B0673178,SKU-0001,11,82.82,911.02,141.61,388.18,16.17,UK,FBA,Organic,0.864
2025-11-21,B0494532,SKU-0002,7,25.05,175.35,30.42,92.71,14.38,UK,FBA,Ads,0.809
2025-11-21,B0466098,SKU-0003,5,17.92,89.6,13.54,37.79,6.95,DE,FBA,Organic,0.834
2025-11-21,B0287544,SKU-0004,11,113.2,1245.2,159.48,527.93,18.93,US,FBM,Organic,0.796
2025-11-21,B0444234,SKU-0005,13,92.94,1208.22,170.63,556.22,14.99,US,FBM,Organic,0.871
2025-11-21,B0474559,SKU-0006,16,94.72,1515.52,190.98,781.67,24.61,DE,FBA,Ads,0.878
2025-11-21,B0760123,SKU-0007,12,71.31,855.72,137.92,441.02,14.95,DE,FBA,Ads,0.721
2025-11-21,B0300550,SKU-0008,6,27.37,164.22,29.49,72.09,7.9,UK,FBA,Organic,0.891
2025-11-21,B0565132,SKU-0009,14,135.86,1902.04,294.06,921.12,24.51,CA,FBM,Organic,0.835
2025-11-21,B0138771,SKU-0010,14,80.22,1123.08,185.55,557.19,19.25,US,FBA,Organic,0.855
2025-11-21,B0661462,SKU-0012,12,45.06,540.72,77.18,241.51,18.17,UK,FBA,Ads,0.736
2025-11-21,B0241131,SKU-0013,19,124.26,2360.94,390.01,1289.48,40.35,US,FBM,Organic,0.905
2025-11-21,B0934569,SKU-0014,3,97.5,292.5,50.29,140.88,3.85,CA,FBM,Organic,0.79
2025-11-21,B0916675,SKU-0015,19,38.22,726.18,112.7,317.56,32.17,UK,FBM,Organic,0.866
2025-11-22,B0673178,SKU-0001,7,74.36,520.52,80.9,263.38,14.97,CA,FBA,Ads,0.903
2025-11-22,B0494532,SKU-0002,8,22.87,182.96,29.21,86.45,20.6,CA,FBM,Ads,0.922
2025-11-22,B0466098,SKU-0003,8,18.05,144.4,22.59,63.18,12.47,CA,FBM,Ads,0.934
2025-11-22,B0287544,SKU-0004,8,119.88,959.04,121.9,447.01,19.21,UK,FBM,Ads,0.755
2025-11-22,B0444234,SKU-0005,15,91.72,1375.8,167.32,753.89,20.2,UK,FBA,Ads,0.817
2025-11-22,B0474559,SKU-0006,5,85.37,426.85,75.28,199.92,9.61,DE,FBM,Ads,0.792
2025-11-22,B0300550,SKU-0008,6,32.0,192.0,29.24,95.46,7.84,UK,FBM,Organic,0.95
2025-11-22,B0565132,SKU-0009,10,130.96,1309.6,234.08,575.13,18.2,UK,FBA,Ads,0.951
2025-11-22,B0165870,SKU-0011,2,40.48,80.96,14.05,44.48,3.3,DE,FBM,Organic,0.854
2025-11-22,B0661462,SKU-0012,8,45.64,365.12,48.84,195.3,10.45,CA,FBM,Organic,0.959
2025-11-22,B0241131,SKU-0013,9,112.0,1008.0,130.67,538.57,13.51,US,FBM,Ads,0.826
2025-11-22,B0934569,SKU-0014,7,101.86,713.02,115.71,363.33,14.84,US,FBM,Organic,0.895
2025-11-22,B0916675,SKU-0015,5,39.18,195.9,25.57,98.22,5.88,DE,FBM,Organic,0.891
2025-11-23,B0673178,SKU-0001,4,80.1,320.4,57.07,129.79,7.19,DE,FBM,Organic,0.77
2025-11-23,B0494532,SKU-0002,8,21.42,171.36,24.22,85.16,17.87,DE,FBA,Ads,0.903
2025-11-23,B0466098,SKU-0003,5,17.34,86.7,12.4,43.92,8.09,DE,FBA,Ads,0.726
2025-11-23,B0287544,SKU-0004,2,115.56,231.12,28.06,122.39,3.15,US,FBM,Organic,0.923
2025-11-23,B0444234,SKU-0005,3,80.5,241.5,43.02,121.53,6.38,DE,FBA,Organic,0.742
2025-11-23,B0474559,SKU-0006,9,91.99,827.91,117.01,361.16,22.34,CA,FBA,Organic,0.928
2025-11-23,B0760123,SKU-0007,10,66.26,662.6,87.37,321.77,20.82,CA,FBM,Organic,0.769
2025-11-23,B0300550,SKU-0008,5,28.99,144.95,24.26,61.05,11.58,UK,FBM,Ads,0.788
2025-11-23,B0565132,SKU-0009,13,130.97,1702.61,295.43,761.31,30.8,DE,FBM,Ads,0.787
2025-11-23,B0138771,SKU-0010,4,76.37,305.48,51.11,170.01,8.7,CA,FBA,Ads,0.79
2025-11-23,B0165870,SKU-0011,10,34.27,342.7,57.11,142.3,18.5,UK,FBA,Ads,0.938
2025-11-23,B0661462,SKU-0012,7,42.97,300.79,42.35,125.75,14.58,DE,FBA,Organic,0.797
2025-11-23,B0241131,SKU-0013,10,120.21,1202.1,190.5,633.47,24.55,CA,FBA,Organic,0.908
2025-11-23,B0934569,SKU-0014,6,87.28,523.68,86.7,232.63,10.23,UK,FBA,Organic,0.95
2025-11-23,B0916675,SKU-0015,12,38.91,466.92,75.25,239.58,18.04,CA,FBA,Ads,0.849
2025-11-24,B0673178,SKU-0001,4,83.43,333.72,42.76,145.27,10.22,UK,FBM,Ads,0.806
2025-11-24,B0494532,SKU-0002,3,23.94,71.82,12.58,31.46,4.23,DE,FBA,Organic,0.808
2025-11-24,B0466098,SKU-0003,10,17.81,178.1,23.24,92.12,24.45,DE,FBM,Ads,0.886
2025-11-24,B0287544,SKU-0004,11,117.32,1290.52,161.53,664.2,18.21,DE,FBA,Ads,0.879
2025-11-24,B0444234,SKU-0005,14,84.24,1179.36,179.61,554.02,33.05,US,FBA,Organic,0.761
2025-11-24,B0474559,SKU-0006,7,87.37,611.59,80.74,340.02,8.96,UK,FBM,Ads,0.937
2025-11-24,B0760123,SKU-0007,11,66.4,730.4,93.8,380.15,28.02,US,FBA,Ads,0.913
2025-11-24,B0300550,SKU-0008,15,26.83,402.45,65.75,204.48,27.71,US,FBA,Organic,0.73
2025-11-24,B0565132,SKU-0009,8,131.08,1048.64,156.89,459.15,11.67,CA,FBA,Ads,0.805
2025-11-24,B0138771,SKU-0010,11,75.49,830.39,145.48,430.47,14.95,DE,FBA,Ads,0.831
2025-11-24,B0165870,SKU-0011,1,35.29,35.29,4.51,18.05,1.93,DE,FBA,Ads,0.828
2025-11-24,B0661462,SKU-0012,3,46.13,138.39,21.65,61.71,5.34,DE,FBA,Organic,0.834
2025-11-24,B0241131,SKU-0013,8,123.03,984.24,124.57,486.24,11.68,UK,FBA,Ads,0.858
2025-11-24,B0934569,SKU-0014,3,86.54,259.62,32.22,118.71,5.27,US,FBM,Organic,0.89
2025-11-24,B0916675,SKU-0015,7,38.14,266.98,44.44,115.63,11.01,CA,FBM,Organic,0.955
2025-11-25,B0673178,SKU-0001,13,72.1,937.3,134.25,430.8,17.46,CA,FBM,Ads,0.773
2025-11-25,B0494532,SKU-0002,7,25.04,175.28,23.71,87.85,17.63,DE,FBA,Ads,0.837
2025-11-25,B0466098,SKU-0003,18,18.34,330.12,49.96,138.02,27.5,US,FBA,Organic,0.793
2025-11-25,B0287544,SKU-0004,19,118.54,2252.26,353.26,914.56,22.73,US,FBM,Organic,0.898
2025-11-25,B0444234,SKU-0005,3,83.95,251.85,33.66,136.08,4.4,UK,FBA,Organic,0.761
2025-11-25,B0474559,SKU-0006,2,97.87,195.74,34.83,105.42,2.81,CA,FBM,Ads,0.931
2025-11-25,B0760123,SKU-0007,6,65.32,391.92,69.96,173.66,8.12,US,FBA,Ads,0.731
2025-11-25,B0300550,SKU-0008,5,26.56,132.8,16.86,66.88,8.77,US,FBM,Ads,0.838
2025-11-25,B0565132,SKU-0009,9,140.89,1268.01,192.87,524.27,13.08,US,FBM,Ads,0.868
2025-11-25,B0138771,SKU-0010,6,86.86,521.16,92.69,266.06,15.4,CA,FBM,Ads,0.954
2025-11-25,B0165870,SKU-0011,8,37.97,303.76,54.18,132.57,12.72,UK,FBA,Organic,0.946
2025-11-25,B0661462,SKU-0012,10,48.72,487.2,63.53,253.35,20.99,UK,FBA,Organic,0.861
2025-11-25,B0241131,SKU-0013,5,115.12,575.6,94.62,297.42,12.34,UK,FBM,Organic,0.821
2025-11-25,B0934569,SKU-0014,14,87.37,1223.18,218.97,618.37,22.78,CA,FBM,Ads,0.849
2025-11-25,B0916675,SKU-0015,9,38.69,348.21,44.99,189.09,11.94,DE,FBM,Organic,0.792
2025-11-26,B0494532,SKU-0002,5,23.25,116.25,15.41,47.24,6.52,DE,FBA,Ads,0.727
2025-11-26,B0466098,SKU-0003,8,16.15,129.2,20.27,71.36,19.14,DE,FBA,Organic,0.839
2025-11-26,B0287544,SKU-0004,8,116.78,934.24,139.53,386.86,16.11,DE,FBM,Organic,0.737
2025-11-26,B0444234,SKU-0005,8,85.05,680.4,108.99,305.43,14.18,CA,FBM,Organic,0.848
2025-11-26,B0474559,SKU-0006,10,92.04,920.4,121.27,376.54,13.85,DE,FBM,Organic,0.751
2025-11-26,B0760123,SKU-0007,7,71.95,503.65,80.35,274.84,17.07,US,FBA,Organic,0.732
2025-11-26,B0300550,SKU-0008,5,28.49,142.45,20.75,61.56,11.96,UK,FBM,Ads,0.793
2025-11-26,B0565132,SKU-0009,6,123.52,741.12,117.48,296.71,13.83,CA,FBM,Ads,0.823
2025-11-26,B0138771,SKU-0010,12,76.58,918.96,164.45,407.81,23.13,UK,FBA,Ads,0.761
2025-11-26,B0165870,SKU-0011,13,39.53,513.89,62.67,253.74,22.47,DE,FBM,Ads,0.736
2025-11-26,B0661462,SKU-0012,6,47.19,283.14,40.47,141.09,6.9,US,FBA,Ads,0.744
2025-11-26,B0241131,SKU-0013,2,116.98,233.96,36.29,99.81,3.2,UK,FBA,Ads,0.788
2025-11-26,B0934569,SKU-0014,9,86.19,775.71,110.93,368.39,20.38,US,FBA,Ads,0.899
2025-11-26,B0916675,SKU-0015,5,37.58,187.9,26.82,104.83,7.49,CA,FBA,Ads,0.8
2025-11-27,B0673178,SKU-0001,9,69.72,627.48,76.27,338.63,21.46,UK,FBA,Organic,0.727
2025-11-27,B0494532,SKU-0002,4,21.35,85.4,12.75,46.39,5.22,UK,FBA,Organic,0.753
2025-11-27,B0466098,SKU-0003,8,16.47,131.76,19.24,62.72,12.35,US,FBA,Organic,0.739
2025-11-27,B0287544,SKU-0004,5,119.13,595.65,96.22,329.94,6.48,DE,FBM,Organic,0.723
2025-11-27,B0444234,SKU-0005,7,81.24,568.68,69.14,281.86,16.36,CA,FBA,Ads,0.907
2025-11-27,B0760123,SKU-0007,13,66.24,861.12,130.3,469.61,31.31,DE,FBA,Ads,0.853
2025-11-27,B0300550,SKU-0008,3,31.34,94.02,16.8,45.37,5.96,UK,FBM,Organic,0.853
2025-11-27,B0565132,SKU-0009,11,137.66,1514.26,261.85,702.5,16.87,DE,FBM,Organic,0.911
2025-11-27,B0138771,SKU-0010,7,79.56,556.92,82.62,285.16,13.57,US,FBA,Ads,0.821
2025-11-27,B0165870,SKU-0011,2,38.79,77.58,13.56,35.28,2.2,DE,FBA,Organic,0.903
2025-11-27,B0661462,SKU-0012,14,48.64,680.96,108.4,314.0,31.77,UK,FBA,Organic,0.904
2025-11-27,B0241131,SKU-0013,9,125.33,1127.97,143.56,600.02,15.78,UK,FBM,Organic,0.909
2025-11-27,B0934569,SKU-0014,3,101.52,304.56,37.77,168.33,4.17,CA,FBM,Ads,0.927
2025-11-27,B0916675,SKU-0015,5,40.0,200.0,32.56,88.91,6.26,DE,FBM,Organic,0.878
2025-11-28,B0673178,SKU-0001,10,74.64,746.4,130.34,393.99,21.8,DE,FBA,Organic,0.951
2025-11-28,B0494532,SKU-0002,14,21.82,305.48,39.11,162.27,31.22,US,FBA,Organic,0.754
2025-11-28,B0466098,SKU-0003,14,16.27,227.78,39.78,115.52,18.31,DE,FBA,Organic,0.812
2025-11-28,B0287544,SKU-0004,8,102.59,820.72,114.09,444.87,15.25,CA,FBM,Organic,0.868
2025-11-28,B0444234,SKU-0005,5,91.85,459.25,69.79,196.11,5.51,DE,FBA,Organic,0.751
2025-11-28,B0474559,SKU-0006,9,99.26,893.34,160.14,460.87,22.48,DE,FBM,Ads,0.752
2025-11-28,B0760123,SKU-0007,4,60.13,240.52,32.2,131.15,9.65,US,FBA,Ads,0.736
2025-11-28,B0300550,SKU-0008,9,31.76,285.84,43.38,155.9,16.14,UK,FBM,Organic,0.838
2025-11-28,B0565132,SKU-0009,8,119.16,953.28,164.49,408.75,10.79,CA,FBM,Ads,0.813
2025-11-28,B0138771,SKU-0010,8,88.36,706.88,100.13,338.48,18.68,US,FBM,Organic,0.873
2025-11-28,B0165870,SKU-0011,3,37.36,112.08,19.22,45.48,5.8,UK,FBM,Ads,0.787
2025-11-28,B0661462,SKU-0012,20,41.12,822.4,135.34,334.09,27.92,DE,FBM,Ads,0.768
2025-11-28,B0241131,SKU-0013,7,129.18,904.26,144.63,491.71,12.8,DE,FBA,Organic,0.944
2025-11-28,B0934569,SKU-0014,2,92.08,184.16,26.15,75.02,2.56,UK,FBM,Organic,0.904
2025-11-28,B0916675,SKU-0015,11,41.76,459.36,62.58,204.01,14.68,CA,FBA,Organic,0.723
2025-11-29,B0673178,SKU-0001,10,71.06,710.6,93.48,383.48,13.56,CA,FBM,Organic,0.747
2025-11-29,B0494532,SKU-0002,6,24.91,149.46,25.8,67.74,13.49,DE,FBA,Ads,0.775
2025-11-29,B0466098,SKU-0003,1,18.3,18.3,2.48,9.9,1.66,US,FBM,Organic,0.898
2025-11-29,B0287544,SKU-0004,5,113.84,569.2,85.56,246.09,5.76,CA,FBA,Ads,0.786
2025-11-29,B0444234,SKU-0005,10,92.64,926.4,154.46,404.08,12.48,DE,FBA,Organic,0.951
2025-11-29,B0474559,SKU-0006,16,99.34,1589.44,209.43,725.2,35.78,DE,FBA,Ads,0.725
2025-11-29,B0760123,SKU-0007,13,63.92,830.96,129.48,371.73,15.04,DE,FBM,Ads,0.842
2025-11-29,B0565132,SKU-0009,10,135.8,1358.0,188.57,603.9,20.46,US,FBM,Organic,0.932
2025-11-29,B0138771,SKU-0010,8,84.43,675.44,109.91,353.6,17.84,CA,FBM,Organic,0.741
2025-11-29,B0165870,SKU-0011,9,38.44,345.96,46.71,140.1,18.22,UK,FBA,Organic,0.939
2025-11-29,B0661462,SKU-0012,15,43.89,658.35,88.72,332.45,32.91,UK,FBA,Ads,0.808
2025-11-29,B0241131,SKU-0013,4,121.27,485.08,70.0,226.56,6.55,DE,FBA,Ads,0.937
2025-11-29,B0934569,SKU-0014,4,102.15,408.6,49.1,211.26,5.49,US,FBM,Organic,0.932
2025-11-29,B0916675,SKU-0015,13,38.81,504.53,73.48,228.77,27.33,US,FBA,Ads,0.795
2025-11-30,B0673178,SKU-0001,10,83.56,835.6,107.1,351.88,11.04,US,FBA,Ads,0.926
2025-11-30,B0494532,SKU-0002,7,24.67,172.69,30.74,95.62,17.9,DE,FBA,Ads,0.748
2025-11-30,B0466098,SKU-0003,4,17.94,71.76,8.87,37.97,4.87,US,FBA,Organic,0.746
2025-11-30,B0287544,SKU-0004,1,119.41,119.41,14.68,62.67,1.92,DE,FBM,Organic,0.888
2025-11-30,B0444234,SKU-0005,3,82.24,246.72,38.31,117.27,6.9,CA,FBM,Organic,0.73
2025-11-30,B0474559,SKU-0006,4,85.0,340.0,41.51,139.41,8.46,CA,FBA,Ads,0.729
2025-11-30,B0760123,SKU-0007,5,69.95,349.75,51.89,144.21,8.89,CA,FBM,Organic,0.908
2025-11-30,B0300550,SKU-0008,9,30.51,274.59,43.46,126.61,21.16,CA,FBA,Organic,0.722
2025-11-30,B0565132,SKU-0009,10,137.34,1373.4,220.05,723.76,13.36,CA,FBM,Organic,0.944
2025-11-30,B0138771,SKU-0010,9,88.8,799.2,96.18,405.26,14.28,CA,FBM,Ads,0.811
2025-11-30,B0165870,SKU-0011,12,35.51,426.12,76.37,196.58,29.04,UK,FBM,Ads,0.844
2025-11-30,B0661462,SKU-0012,2,43.71,87.42,12.35,35.34,2.29,DE,FBM,Ads,0.752
2025-11-30,B0241131,SKU-0013,13,130.19,1692.47,246.47,737.55,31.67,CA,FBA,Ads,0.729
2025-11-30,B0934569,SKU-0014,9,94.75,852.75,127.84,427.17,12.97,CA,FBM,Organic,0.819
2025-11-30,B0916675,SKU-0015,6,40.98,245.88,33.42,100.19,14.19,CA,FBM,Organic,0.74
2025-12-01,B0673178,SKU-0001,9,73.25,659.25,99.86,331.13,11.06,US,FBM,Ads,0.789
2025-12-01,B0494532,SKU-0002,4,25.0,100.0,14.74,42.66,6.32,UK,FBM,Ads,0.768
2025-12-01,B0466098,SKU-0003,8,18.57,148.56,26.53,68.33,12.3,CA,FBM,Ads,0.805
2025-12-01,B0287544,SKU-0004,6,105.35,632.1,96.11,289.45,10.94,CA,FBA,Organic,0.862
2025-12-01,B0444234,SKU-0005,7,81.59,571.13,98.84,278.26,8.87,DE,FBM,Ads,0.882
2025-12-01,B0474559,SKU-0006,4,92.86,371.44,55.34,206.53,6.01,UK,FBM,Ads,0.923
2025-12-01,B0760123,SKU-0007,14,59.7,835.8,142.43,341.73,18.51,DE,FBA,Ads,0.852
2025-12-01,B0300550,SKU-0008,7,26.68,186.76,26.16,91.17,17.18,UK,FBM,Organic,0.726
2025-12-01,B0565132,SKU-0009,9,135.83,1222.47,182.28,517.44,11.06,US,FBM,Ads,0.847
2025-12-01,B0138771,SKU-0010,9,76.2,685.8,97.07,357.87,20.36,US,FBM,Ads,0.95
2025-12-01,B0165870,SKU-0011,2,38.99,77.98,10.28,42.09,4.53,UK,FBA,Organic,0.88
2025-12-01,B0661462,SKU-0012,14,47.77,668.78,89.7,354.23,28.4,DE,FBM,Ads,0.888
2025-12-01,B0241131,SKU-0013,3,112.05,336.15,53.67,167.42,5.64,US,FBM,Ads,0.861
2025-12-01,B0934569,SKU-0014,7,86.83,607.81,82.55,287.28,13.15,US,FBA,Ads,0.929
2025-12-01,B0916675,SKU-0015,11,39.74,437.14,59.36,207.77,15.46,DE,FBM,Organic,0.776
2025-12-02,B0494532,SKU-0002,6,21.8,130.8,20.34,73.09,15.49,DE,FBM,Organic,0.798
2025-12-02,B0466098,SKU-0003,6,15.96,95.76,16.12,40.35,7.87,UK,FBA,Organic,0.951
2025-12-02,B0287544,SKU-0004,1,119.98,119.98,16.02,58.44,1.9,CA,FBM,Organic,0.801
2025-12-02,B0444234,SKU-0005,15,81.9,1228.5,149.54,570.91,28.25,US,FBA,Organic,0.9
2025-12-02,B0474559,SKU-0006,15,94.58,1418.7,220.53,639.53,33.49,UK,FBA,Ads,0.873
2025-12-02,B0760123,SKU-0007,2,71.01,142.02,23.55,75.3,3.23,CA,FBA,Organic,0.819
2025-12-02,B0300550,SKU-0008,1,31.98,31.98,3.9,13.94,1.33,DE,FBA,Ads,0.785
2025-12-02,B0565132,SKU-0009,15,131.49,1972.35,308.3,1016.99,22.82,CA,FBM,Organic,0.73
2025-12-02,B0138771,SKU-0010,10,78.27,782.7,106.15,372.31,12.87,DE,FBA,Ads,0.913
2025-12-02,B0165870,SKU-0011,10,37.03,370.3,47.83,161.18,22.99,CA,FBA,Ads,0.728
2025-12-02,B0661462,SKU-0012,1,48.05,48.05,8.47,20.02,2.17,DE,FBM,Ads,0.746
2025-12-02,B0241131,SKU-0013,10,120.87,1208.7,154.54,537.47,12.29,DE,FBA,Ads,0.868
2025-12-02,B0934569,SKU-0014,9,93.68,843.12,137.27,393.88,19.41,DE,FBM,Organic,0.94
2025-12-03,B0673178,SKU-0001,7,74.22,519.54,84.67,257.04,13.76,US,FBM,Organic,0.836
2025-12-03,B0494532,SKU-0002,11,25.02,275.22,47.39,117.03,24.49,UK,FBM,Ads,0.922
2025-12-03,B0466098,SKU-0003,4,17.74,70.96,12.36,39.56,7.97,CA,FBA,Organic,0.897
2025-12-03,B0287544,SKU-0004,6,116.9,701.4,94.48,340.4,14.75,DE,FBM,Organic,0.874
2025-12-03,B0444234,SKU-0005,3,89.92,269.76,46.67,114.12,3.92,DE,FBA,Ads,0.808
2025-12-03,B0474559,SKU-0006,5,92.8,464.0,70.94,246.41,11.27,CA,FBM,Organic,0.756
2025-12-03,B0760123,SKU-0007,14,61.4,859.6,105.87,462.09,23.06,DE,FBM,Organic,0.932
2025-12-03,B0300550,SKU-0008,9,30.55,274.95,40.92,141.81,17.06,DE,FBA,Ads,0.844
2025-12-03,B0565132,SKU-0009,13,130.58,1697.54,216.6,745.31,30.15,UK,FBM,Organic,0.778
2025-12-03,B0138771,SKU-0010,6,73.84,443.04,70.14,216.0,11.1,DE,FBA,Organic,0.896
2025-12-03,B0165870,SKU-0011,3,38.91,116.73,15.86,64.28,4.49,CA,FBA,Ads,0.86
2025-12-03,B0661462,SKU-0012,7,42.07,294.49,36.27,126.26,17.17,US,FBM,Ads,0.912
2025-12-03,B0241131,SKU-0013,12,121.18,1454.16,220.38,644.98,16.5,UK,FBA,Ads,0.732
2025-12-03,B0934569,SKU-0014,3,86.31,258.93,36.31,131.62,4.39,DE,FBA,Organic,0.876
2025-12-03,B0916675,SKU-0015,11,43.65,480.15,72.86,221.4,19.6,CA,FBM,Organic,0.91
2025-12-04,B0673178,SKU-0001,3,83.0,249.0,41.89,138.4,7.35,CA,FBA,Ads,0.83
2025-12-04,B0466098,SKU-0003,2,18.82,37.64,6.64,17.89,4.99,UK,FBM,Organic,0.95
2025-12-04,B0287544,SKU-0004,13,114.3,1485.9,192.32,664.12,15.6,CA,FBM,Organic,0.932
2025-12-04,B0444234,SKU-0005,2,94.22,188.44,25.29,78.65,3.13,UK,FBM,Ads,0.849
2025-12-04,B0474559,SKU-0006,7,93.76,656.32,112.0,274.94,14.44,UK,FBA,Organic,0.884
2025-12-04,B0760123,SKU-0007,10,60.1,601.0,76.66,314.23,24.08,DE,FBM,Ads,0.81
2025-12-04,B0300550,SKU-0008,5,30.42,152.1,24.64,64.83,11.34,UK,FBM,Organic,0.935
2025-12-04,B0565132,SKU-0009,9,126.38,1137.42,193.46,573.83,18.86,CA,FBA,Ads,0.841
2025-12-04,B0138771,SKU-0010,6,80.81,484.86,77.18,251.36,14.16,UK,FBA,Ads,0.85
2025-12-04,B0165870,SKU-0011,12,38.64,463.68,80.43,195.63,14.46,DE,FBA,Ads,0.779
2025-12-04,B0661462,SKU-0012,12,41.25,495.0,70.96,255.33,24.25,US,FBA,Organic,0.923
2025-12-04,B0241131,SKU-0013,8,127.08,1016.64,152.1,467.72,11.94,US,FBA,Ads,0.885
2025-12-04,B0934569,SKU-0014,2,94.83,189.66,29.16,89.99,4.22,CA,FBM,Ads,0.735
2025-12-04,B0916675,SKU-0015,13,38.38,498.94,62.73,232.12,17.72,DE,FBA,Ads,0.942
2025-12-05,B0673178,SKU-0001,8,79.71,637.68,108.62,327.31,13.29,US,FBM,Organic,0.782
2025-12-05,B0494532,SKU-0002,9,21.07,189.63,30.5,79.41,14.6,CA,FBM,Organic,0.959
2025-12-05,B0466098,SKU-0003,5,17.61,88.05,15.75,45.74,5.71,US,FBM,Organic,0.892
2025-12-05,B0287544,SKU-0004,6,104.58,627.48,90.63,270.67,10.51,CA,FBA,Organic,0.848
2025-12-05,B0444234,SKU-0005,5,87.8,439.0,69.92,211.0,5.71,UK,FBA,Organic,0.923
2025-12-05,B0474559,SKU-0006,8,87.8,702.4,100.45,350.29,20.45,US,FBA,Organic,0.888
2025-12-05,B0760123,SKU-0007,8,67.41,539.28,87.77,289.77,13.57,CA,FBA,Ads,0.886
2025-12-05,B0300550,SKU-0008,12,31.18,374.16,49.32,198.09,17.24,US,FBA,Ads,0.871
2025-12-05,B0565132,SKU-0009,6,128.33,769.98,105.87,399.84,11.0,DE,FBM,Ads,0.944
2025-12-05,B0138771,SKU-0010,7,75.16,526.12,71.48,238.78,14.2,CA,FBM,Organic,0.748
2025-12-05,B0165870,SKU-0011,9,35.1,315.9,43.42,153.84,16.78,US,FBA,Organic,0.835
2025-12-05,B0661462,SKU-0012,1,46.39,46.39,7.53,21.93,2.16,DE,FBM,Ads,0.844
2025-12-05,B0241131,SKU-0013,9,129.14,1162.26,147.37,490.33,18.76,US,FBM,Organic,0.946
2025-12-05,B0934569,SKU-0014,13,95.22,1237.86,162.85,562.6,28.09,UK,FBM,Organic,0.944
2025-12-05,B0916675,SKU-0015,6,42.74,256.44,35.25,119.15,10.71,CA,FBM,Organic,0.734
2025-12-06,B0673178,SKU-0001,10,74.48,744.8,121.57,313.11,21.48,UK,FBM,Organic,0.924
2025-12-06,B0494532,SKU-0002,7,24.04,168.28,24.5,81.29,12.25,CA,FBA,Organic,0.93
2025-12-06,B0466098,SKU-0003,5,15.68,78.4,10.5,31.54,11.26,US,FBM,Ads,0.8
2025-12-06,B0287544,SKU-0004,7,117.69,823.83,116.55,401.08,13.99,CA,FBM,Organic,0.888
2025-12-06,B0444234,SKU-0005,15,86.25,1293.75,190.55,694.25,34.97,CA,FBA,Ads,0.913
2025-12-06,B0474559,SKU-0006,3,101.35,304.05,36.93,149.84,3.47,US,FBA,Ads,0.816
2025-12-06,B0760123,SKU-0007,9,69.61,626.49,82.36,281.4,10.63,CA,FBA,Organic,0.956
2025-12-06,B0300550,SKU-0008,5,30.02,150.1,20.5,69.3,10.67,DE,FBA,Ads,0.935
2025-12-06,B0565132,SKU-0009,10,119.77,1197.7,194.34,504.7,17.57,UK,FBM,Organic,0.764
2025-12-06,B0138771,SKU-0010,14,78.99,1105.86,145.18,537.13,29.22,US,FBA,Ads,0.902
2025-12-06,B0165870,SKU-0011,11,35.06,385.66,58.86,180.17,13.22,CA,FBA,Organic,0.749
2025-12-06,B0661462,SKU-0012,6,43.72,262.32,41.3,141.59,12.93,UK,FBM,Organic,0.735
2025-12-06,B0241131,SKU-0013,12,124.56,1494.72,252.25,693.88,14.68,US,FBM,Ads,0.94
2025-12-06,B0934569,SKU-0014,4,98.13,392.52,47.17,168.45,9.58,UK,FBA,Organic,0.855
2025-12-06,B0916675,SKU-0015,5,39.08,195.4,23.55,100.06,10.76,DE,FBM,Organic,0.749
2025-12-07,B0673178,SKU-0001,10,83.32,833.2,115.04,423.83,23.13,DE,FBA,Ads,0.791
2025-12-07,B0494532,SKU-0002,12,24.73,296.76,37.79,136.46,18.98,US,FBM,Ads,0.841
2025-12-07,B0466098,SKU-0003,6,18.34,110.04,19.37,45.82,12.4,US,FBA,Organic,0.838
2025-12-07,B0287544,SKU-0004,12,109.65,1315.8,208.77,597.37,20.78,UK,FBM,Ads,0.757
2025-12-07,B0444234,SKU-0005,11,89.24,981.64,162.75,483.43,15.68,DE,FBM,Organic,0.826
2025-12-07,B0474559,SKU-0006,9,88.85,799.65,102.25,373.08,19.88,DE,FBM,Ads,0.872
2025-12-07,B0760123,SKU-0007,4,60.6,242.4,35.11,128.05,8.46,US,FBM,Ads,0.947
2025-12-07,B0300550,SKU-0008,8,30.68,245.44,40.79,104.74,17.74,CA,FBM,Organic,0.863
2025-12-07,B0565132,SKU-0009,10,135.73,1357.3,223.68,742.17,24.43,US,FBA,Organic,0.771
2025-12-07,B0138771,SKU-0010,8,78.87,630.96,103.37,302.29,11.25,UK,FBM,Organic,0.826
2025-12-07,B0165870,SKU-0011,11,34.94,384.34,52.91,213.74,13.75,DE,FBM,Organic,0.733
2025-12-07,B0661462,SKU-0012,11,43.79,481.69,80.28,221.45,16.64,UK,FBA,Ads,0.805
2025-12-07,B0241131,SKU-0013,9,130.52,1174.68,179.77,569.18,22.95,CA,FBA,Organic,0.782
2025-12-07,B0934569,SKU-0014,7,85.87,601.09,102.04,316.97,10.06,DE,FBM,Ads,0.862
2025-12-07,B0916675,SKU-0015,12,41.55,498.6,86.69,203.75,29.04,DE,FBA,Ads,0.9
2025-12-08,B0673178,SKU-0001,16,81.3,1300.8,218.68,619.0,30.11,UK,FBM,Organic,0.875
2025-12-08,B0494532,SKU-0002,8,21.55,172.4,22.62,77.19,20.39,UK,FBA,Ads,0.873
2025-12-08,B0466098,SKU-0003,7,18.76,131.32,19.02,66.14,10.91,US,FBM,Organic,0.83
2025-12-08,B0287544,SKU-0004,7,102.87,720.09,93.47,398.95,17.39,DE,FBM,Ads,0.936
2025-12-08,B0444234,SKU-0005,13,86.34,1122.42,158.64,612.46,33.11,CA,FBA,Ads,0.931
2025-12-08,B0474559,SKU-0006,9,96.65,869.85,149.78,396.96,19.22,CA,FBA,Organic,0.896
2025-12-08,B0760123,SKU-0007,10,68.55,685.5,94.16,354.82,13.98,US,FBA,Organic,0.736
2025-12-08,B0300550,SKU-0008,12,31.22,374.64,65.6,183.23,28.84,CA,FBM,Ads,0.93
2025-12-08,B0565132,SKU-0009,10,129.64,1296.4,178.23,721.33,12.59,UK,FBA,Ads,0.747
2025-12-08,B0138771,SKU-0010,13,87.62,1139.06,144.76,470.07,22.03,DE,FBA,Ads,0.875
2025-12-08,B0165870,SKU-0011,13,36.34,472.42,83.4,231.5,18.51,US,FBA,Ads,0.85
2025-12-08,B0661462,SKU-0012,14,48.05,672.7,96.96,351.72,18.84,US,FBM,Organic,0.779
2025-12-08,B0241131,SKU-0013,11,113.31,1246.41,207.96,549.85,14.53,CA,FBM,Ads,0.832
2025-12-08,B0934569,SKU-0014,20,98.78,1975.6,254.22,847.23,36.29,DE,FBA,Ads,0.832
2025-12-08,B0916675,SKU-0015,10,37.57,375.7,52.91,174.85,20.71,UK,FBM,Ads,0.845
2025-12-09,B0673178,SKU-0001,9,79.15,712.35,102.96,288.38,21.13,US,FBA,Organic,0.906
2025-12-09,B0494532,SKU-0002,5,24.59,122.95,19.24,55.48,7.68,CA,FBM,Organic,0.774
2025-12-09,B0466098,SKU-0003,6,17.27,103.62,15.89,55.42,9.99,DE,FBA,Ads,0.728
2025-12-09,B0287544,SKU-0004,8,106.17,849.36,133.67,370.38,9.07,CA,FBA,Ads,0.948
2025-12-09,B0444234,SKU-0005,3,93.81,281.43,48.21,116.2,6.66,UK,FBA,Ads,0.957
2025-12-09,B0474559,SKU-0006,2,96.93,193.86,31.87,98.5,3.79,US,FBM,Ads,0.946
2025-12-09,B0565132,SKU-0009,2,142.09,284.18,34.21,158.67,3.64,UK,FBM,Organic,0.91
2025-12-09,B0138771,SKU-0010,3,79.56,238.68,41.47,125.05,7.27,UK,FBM,Ads,0.946
2025-12-09,B0165870,SKU-0011,11,38.44,422.84,70.42,188.73,17.21,US,FBM,Organic,0.906
2025-12-09,B0661462,SKU-0012,7,44.7,312.9,46.09,165.4,13.52,UK,FBA,Organic,0.769
2025-12-09,B0241131,SKU-0013,2,131.81,263.62,34.62,110.91,4.49,CA,FBA,Organic,0.744
2025-12-09,B0934569,SKU-0014,7,87.12,609.84,104.59,325.08,14.24,UK,FBA,Ads,0.769
2025-12-09,B0916675,SKU-0015,15,38.38,575.7,85.88,295.95,26.68,DE,FBM,Ads,0.849
2025-12-10,B0673178,SKU-0001,8,78.24,625.92,75.85,296.68,16.97,UK,FBM,Organic,0.772
2025-12-10,B0494532,SKU-0002,5,21.97,109.85,14.2,56.12,5.68,UK,FBA,Ads,0.727
2025-12-10,B0466098,SKU-0003,3,17.21,51.63,8.32,21.58,7.31,UK,FBA,Organic,0.79
2025-12-10,B0444234,SKU-0005,11,90.78,998.58,169.93,459.87,18.79,UK,FBA,Ads,0.892
2025-12-10,B0474559,SKU-0006,15,97.64,1464.6,199.47,754.28,38.21,US,FBM,Ads,0.89
2025-12-10,B0760123,SKU-0007,7,68.54,479.78,58.5,234.12,15.39,CA,FBA,Organic,0.911
2025-12-10,B0300550,SKU-0008,5,29.76,148.8,22.27,71.82,8.1,CA,FBM,Organic,0.883
2025-12-10,B0565132,SKU-0009,13,138.21,1796.73,222.75,838.05,19.94,US,FBM,Organic,0.739
2025-12-10,B0138771,SKU-0010,18,75.91,1366.38,185.47,669.89,23.83,CA,FBA,Organic,0.808
2025-12-10,B0165870,SKU-0011,10,34.81,348.1,49.99,141.91,21.35,US,FBM,Organic,0.929
2025-12-10,B0661462,SKU-0012,4,40.54,162.16,28.65,81.88,5.41,DE,FBM,Organic,0.779
2025-12-10,B0241131,SKU-0013,2,122.75,245.5,42.0,99.36,3.68,DE,FBM,Organic,0.862
2025-12-10,B0934569,SKU-0014,14,88.09,1233.26,194.29,547.1,26.12,DE,FBA,Organic,0.929
2025-12-10,B0916675,SKU-0015,6,40.95,245.7,32.42,135.11,13.23,DE,FBA,Organic,0.755
2025-12-11,B0673178,SKU-0001,13,82.3,1069.9,163.93,445.6,22.71,US,FBA,Organic,0.791
2025-12-11,B0494532,SKU-0002,15,20.88,313.2,38.33,127.03,28.87,DE,FBA,Organic,0.817
2025-12-11,B0466098,SKU-0003,3,18.3,54.9,9.36,23.12,4.78,CA,FBM,Ads,0.824
2025-12-11,B0287544,SKU-0004,14,108.93,1525.02,273.52,733.39,21.05,UK,FBM,Ads,0.958
2025-12-11,B0444234,SKU-0005,10,87.98,879.8,105.64,411.87,13.0,UK,FBM,Organic,0.889
2025-12-11,B0474559,SKU-0006,8,94.46,755.68,112.09,342.53,18.28,DE,FBM,Ads,0.77
2025-12-11,B0760123,SKU-0007,13,65.98,857.74,149.57,477.43,30.52,US,FBM,Organic,0.85
2025-12-11,B0565132,SKU-0009,6,140.02,840.12,118.8,342.03,15.24,US,FBM,Ads,0.871
2025-12-11,B0138771,SKU-0010,11,81.29,894.19,128.95,384.7,15.66,UK,FBA,Organic,0.91
2025-12-11,B0165870,SKU-0011,15,35.43,531.45,65.56,249.21,26.86,US,FBA,Organic,0.839
2025-12-11,B0661462,SKU-0012,13,42.59,553.67,97.68,243.48,28.58,DE,FBM,Organic,0.758
2025-12-11,B0241131,SKU-0013,5,122.03,610.15,90.6,279.57,6.87,DE,FBM,Ads,0.747
2025-12-11,B0934569,SKU-0014,11,96.04,1056.44,169.25,426.97,26.41,US,FBM,Organic,0.744
2025-12-11,B0916675,SKU-0015,7,42.95,300.65,38.39,146.01,13.19,DE,FBA,Ads,0.735
2025-12-12,B0673178,SKU-0001,15,80.31,1204.65,184.78,597.0,31.25,UK,FBM,Organic,0.85
2025-12-12,B0494532,SKU-0002,8,22.16,177.28,29.34,97.88,16.45,US,FBA,Ads,0.812
2025-12-12,B0466098,SKU-0003,11,17.3,190.3,23.25,99.72,17.22,UK,FBM,Ads,0.857
2025-12-12,B0287544,SKU-0004,11,111.97,1231.67,200.32,617.18,26.92,DE,FBM,Ads,0.88
2025-12-12,B0474559,SKU-0006,15,91.82,1377.3,190.96,627.98,37.81,UK,FBM,Organic,0.886
2025-12-12,B0760123,SKU-0007,5,64.73,323.65,40.75,146.98,11.24,UK,FBM,Organic,0.904
2025-12-12,B0300550,SKU-0008,11,31.68,348.48,48.69,191.17,18.88,US,FBA,Organic,0.8
2025-12-12,B0565132,SKU-0009,7,120.37,842.59,110.04,452.81,17.71,DE,FBA,Ads,0.808
2025-12-12,B0138771,SKU-0010,15,84.82,1272.3,227.28,519.72,32.19,US,FBA,Organic,0.741
2025-12-12,B0165870,SKU-0011,5,35.62,178.1,30.83,85.64,11.05,DE,FBA,Ads,0.896
2025-12-12,B0661462,SKU-0012,20,45.92,918.4,116.8,495.31,34.98,US,FBM,Ads,0.953
2025-12-12,B0241131,SKU-0013,8,125.07,1000.56,158.06,484.66,9.9,DE,FBM,Organic,0.925
2025-12-12,B0934569,SKU-0014,4,86.32,345.28,42.59,177.59,5.33,UK,FBM,Organic,0.758
2025-12-12,B0916675,SKU-0015,20,39.39,787.8,112.71,411.86,40.8,CA,FBA,Ads,0.786
2025-12-13,B0673178,SKU-0001,3,74.55,223.65,35.66,106.0,3.4,UK,FBM,Organic,0.911
2025-12-13,B0494532,SKU-0002,10,21.53,215.3,34.92,119.21,17.67,CA,FBA,Ads,0.732
2025-12-13,B0466098,SKU-0003,9,15.66,140.94,20.41,57.68,18.02,DE,FBA,Ads,0.785
2025-12-13,B0287544,SKU-0004,14,106.94,1497.16,228.21,658.6,30.33,DE,FBA,Organic,0.759
2025-12-13,B0444234,SKU-0005,7,89.79,628.53,98.47,342.52,10.25,UK,FBA,Organic,0.887
2025-12-13,B0474559,SKU-0006,12,87.42,1049.04,130.13,433.4,13.97,US,FBM,Ads,0.775
2025-12-13,B0760123,SKU-0007,2,63.94,127.88,20.2,51.74,2.91,DE,FBA,Organic,0.93
2025-12-13,B0300550,SKU-0008,5,31.73,158.65,20.01,75.1,12.4,DE,FBA,Organic,0.947
2025-12-13,B0565132,SKU-0009,11,121.35,1334.85,185.78,555.36,28.06,UK,FBA,Ads,0.945
2025-12-13,B0165870,SKU-0011,4,35.43,141.72,21.15,66.86,4.51,CA,FBM,Ads,0.857
2025-12-13,B0934569,SKU-0014,8,99.21,793.68,130.18,385.18,10.76,CA,FBM,Organic,0.779
2025-12-13,B0916675,SKU-0015,5,37.24,186.2,30.83,88.42,8.33,UK,FBM,Ads,0.885
2025-12-14,B0673178,SKU-0001,11,76.74,844.14,150.97,397.15,20.17,CA,FBM,Organic,0.825
2025-12-14,B0494532,SKU-0002,12,23.21,278.52,50.08,137.77,22.07,UK,FBM,Ads,0.85
2025-12-14,B0466098,SKU-0003,10,17.85,178.5,30.9,91.52,25.29,US,FBA,Ads,0.756
2025-12-14,B0287544,SKU-0004,6,101.49,608.94,108.95,286.34,11.64,CA,FBA,Ads,0.8
2025-12-14,B0444234,SKU-0005,13,92.81,1206.53,148.19,618.73,20.5,CA,FBA,Organic,0.926
2025-12-14,B0474559,SKU-0006,4,93.55,374.2,59.1,191.29,9.95,CA,FBM,Ads,0.906
2025-12-14,B0760123,SKU-0007,11,68.73,756.03,136.08,383.76,24.39,DE,FBA,Ads,0.739
2025-12-14,B0300550,SKU-0008,4,32.03,128.12,15.96,64.26,9.55,US,FBM,Ads,0.755
2025-12-14,B0565132,SKU-0009,10,134.76,1347.6,173.44,644.29,12.55,UK,FBM,Organic,0.814
2025-12-14,B0138771,SKU-0010,8,77.78,622.24,89.53,336.58,8.84,CA,FBA,Organic,0.751
2025-12-14,B0661462,SKU-0012,15,48.07,721.05,99.26,373.33,23.87,DE,FBA,Ads,0.863
2025-12-14,B0241131,SKU-0013,11,121.26,1333.86,182.23,561.18,25.57,US,FBA,Ads,0.824
2025-12-14,B0934569,SKU-0014,6,90.29,541.74,92.73,270.08,9.28,CA,FBA,Ads,0.851
2025-12-14,B0916675,SKU-0015,6,37.88,227.28,37.89,93.28,7.49,CA,FBM,Ads,0.766
2025-12-15,B0673178,SKU-0001,15,75.81,1137.15,139.27,457.44,27.73,DE,FBA,Ads,0.892
2025-12-15,B0494532,SKU-0002,8,21.3,170.4,30.06,70.0,15.73,DE,FBM,Ads,0.745
2025-12-15,B0466098,SKU-0003,6,18.13,108.78,15.29,46.68,9.49,DE,FBM,Ads,0.926
2025-12-15,B0287544,SKU-0004,6,102.03,612.18,79.91,271.84,10.32,UK,FBA,Ads,0.816
2025-12-15,B0444234,SKU-0005,18,82.47,1484.46,198.79,742.95,46.19,US,FBM,Organic,0.741
2025-12-15,B0474559,SKU-0006,14,95.42,1335.88,224.1,534.74,33.99,CA,FBM,Organic,0.77
2025-12-15,B0760123,SKU-0007,9,63.31,569.79,98.8,280.83,20.28,UK,FBA,Organic,0.949
2025-12-15,B0300550,SKU-0008,1,29.74,29.74,4.75,16.65,1.12,DE,FBA,Ads,0.762
2025-12-15,B0565132,SKU-0009,5,139.32,696.6,88.19,373.06,9.68,CA,FBM,Organic,0.951
2025-12-15,B0138771,SKU-0010,6,87.68,526.08,64.68,236.6,13.37,UK,FBA,Organic,0.725
2025-12-15,B0165870,SKU-0011,13,38.24,497.12,62.1,274.56,17.67,CA,FBM,Organic,0.779
2025-12-15,B0661462,SKU-0012,9,45.59,410.31,64.85,171.65,21.29,UK,FBA,Ads,0.952
2025-12-15,B0241131,SKU-0013,3,129.33,387.99,52.03,183.89,3.69,US,FBM,Ads,0.948
2025-12-15,B0934569,SKU-0014,13,96.19,1250.47,224.29,537.27,29.99,DE,FBM,Ads,0.951
2025-12-15,B0916675,SKU-0015,8,39.81,318.48,54.61,153.21,18.4,CA,FBM,Organic,0.74
2025-12-16,B0673178,SKU-0001,10,69.48,694.8,110.96,311.39,14.88,DE,FBA,Organic,0.741
2025-12-16,B0494532,SKU-0002,11,24.8,272.8,37.64,136.13,24.42,DE,FBM,Organic,0.916
2025-12-16,B0466098,SKU-0003,15,17.82,267.3,43.55,137.23,30.29,DE,FBM,Ads,0.787
2025-12-16,B0287544,SKU-0004,8,108.8,870.4,152.59,454.95,17.6,DE,FBA,Organic,0.944
2025-12-16,B0444234,SKU-0005,14,92.98,1301.72,159.29,582.08,23.7,DE,FBM,Ads,0.841
2025-12-16,B0474559,SKU-0006,13,89.45,1162.85,169.41,482.9,18.89,UK,FBA,Organic,0.784
2025-12-16,B0760123,SKU-0007,1,60.5,60.5,10.54,29.64,2.12,UK,FBM,Ads,0.811
2025-12-16,B0300550,SKU-0008,15,29.86,447.9,54.75,196.26,21.32,DE,FBM,Ads,0.77
2025-12-16,B0565132,SKU-0009,2,131.87,263.74,34.23,113.15,3.48,US,FBA,Ads,0.727
2025-12-16,B0138771,SKU-0010,9,76.36,687.24,97.19,363.05,14.01,UK,FBA,Ads,0.862
2025-12-16,B0165870,SKU-0011,5,39.98,199.9,30.31,86.02,6.11,US,FBM,Ads,0.81
2025-12-16,B0661462,SKU-0012,12,42.61,511.32,85.41,236.15,18.75,CA,FBM,Ads,0.745
2025-12-16,B0934569,SKU-0014,3,87.32,261.96,46.73,123.86,5.3,US,FBA,Organic,0.886
2025-12-16,B0916675,SKU-0015,10,38.58,385.8,65.08,187.75,23.81,CA,FBA,Ads,0.882
2025-12-17,B0673178,SKU-0001,8,76.3,610.4,100.14,295.05,12.05,CA,FBA,Ads,0.8
2025-12-17,B0494532,SKU-0002,9,24.8,223.2,33.4,114.35,16.03,DE,FBA,Organic,0.813
2025-12-17,B0466098,SKU-0003,9,16.53,148.77,22.02,64.24,14.18,CA,FBM,Ads,0.825
2025-12-17,B0474559,SKU-0006,10,96.78,967.8,135.16,451.92,11.11,CA,FBA,Organic,0.803
2025-12-17,B0760123,SKU-0007,8,59.77,478.16,85.78,230.68,17.95,US,FBM,Organic,0.94
2025-12-17,B0300550,SKU-0008,12,28.7,344.4,52.01,148.21,21.74,US,FBM,Ads,0.826
2025-12-17,B0565132,SKU-0009,7,128.08,896.56,113.61,426.77,16.94,US,FBA,Ads,0.929
2025-12-17,B0138771,SKU-0010,8,78.16,625.28,80.81,304.03,11.76,US,FBM,Organic,0.95
2025-12-17,B0165870,SKU-0011,15,35.8,537.0,79.07,238.09,30.89,DE,FBM,Organic,0.881
2025-12-17,B0661462,SKU-0012,2,43.37,86.74,14.04,41.56,2.48,US,FBM,Organic,0.758
2025-12-17,B0241131,SKU-0013,17,120.28,2044.76,255.87,1061.89,32.88,DE,FBA,Ads,0.884
2025-12-17,B0934569,SKU-0014,11,89.16,980.76,134.86,491.84,22.55,DE,FBA,Ads,0.78
2025-12-17,B0916675,SKU-0015,10,38.48,384.8,49.56,162.61,16.22,CA,FBM,Organic,0.934
2025-12-18,B0673178,SKU-0001,11,75.25,827.75,101.62,424.27,26.03,DE,FBA,Ads,0.906
2025-12-18,B0494532,SKU-0002,8,22.26,178.08,30.01,94.16,17.0,US,FBA,Ads,0.857
2025-12-18,B0466098,SKU-0003,2,17.75,35.5,5.16,19.29,3.27,CA,FBA,Organic,0.878
2025-12-18,B0287544,SKU-0004,2,118.69,237.38,34.89,98.68,2.74,CA,FBA,Ads,0.804
2025-12-18,B0444234,SKU-0005,8,83.49,667.92,85.18,276.01,17.98,CA,FBA,Ads,0.88
2025-12-18,B0474559,SKU-0006,13,92.37,1200.81,188.57,567.39,30.82,US,FBA,Organic,0.861
2025-12-18,B0760123,SKU-0007,13,71.3,926.9,155.75,477.89,16.82,US,FBM,Ads,0.82
2025-12-18,B0300550,SKU-0008,7,30.94,216.58,35.81,108.19,11.52,DE,FBM,Ads,0.814
2025-12-18,B0565132,SKU-0009,12,124.21,1490.52,237.96,693.92,21.34,CA,FBA,Ads,0.844
2025-12-18,B0138771,SKU-0010,6,82.61,495.66,75.29,263.72,7.52,UK,FBA,Ads,0.878
2025-12-18,B0165870,SKU-0011,3,36.38,109.14,13.26,59.45,5.67,CA,FBM,Organic,0.812
2025-12-18,B0661462,SKU-0012,7,44.23,309.61,41.23,155.2,10.04,UK,FBM,Ads,0.739
2025-12-18,B0241131,SKU-0013,10,113.14,1131.4,155.53,506.95,13.8,US,FBM,Ads,0.892
2025-12-18,B0934569,SKU-0014,9,92.6,833.4,114.71,383.82,10.86,US,FBM,Ads,0.906
2025-12-18,B0916675,SKU-0015,13,41.2,535.6,95.14,277.49,27.54,DE,FBA,Organic,0.937
2025-12-19,B0673178,SKU-0001,4,80.98,323.92,39.57,163.03,8.47,US,FBA,Organic,0.78
2025-12-19,B0494532,SKU-0002,6,23.51,141.06,18.47,64.99,12.26,US,FBA,Organic,0.774
2025-12-19,B0466098,SKU-0003,6,16.02,96.12,11.77,50.35,14.88,DE,FBA,Ads,0.819
2025-12-19,B0287544,SKU-0004,11,100.28,1103.08,195.89,507.89,16.34,CA,FBM,Organic,0.888
2025-12-19,B0444234,SKU-0005,10,89.22,892.2,137.3,466.43,16.35,CA,FBA,Ads,0.885
2025-12-19,B0474559,SKU-0006,8,93.92,751.36,99.47,311.42,9.94,US,FBA,Ads,0.802
2025-12-19,B0760123,SKU-0007,7,61.93,433.51,56.3,185.6,16.81,UK,FBM,Organic,0.914
2025-12-19,B0300550,SKU-0008,11,27.45,301.95,53.91,162.94,25.23,UK,FBA,Organic,0.805
2025-12-19,B0565132,SKU-0009,13,125.79,1635.27,267.37,800.77,19.45,CA,FBM,Organic,0.776
2025-12-19,B0138771,SKU-0010,7,83.6,585.2,94.2,267.76,10.42,UK,FBM,Ads,0.813
2025-12-19,B0165870,SKU-0011,2,34.14,68.28,9.45,35.45,3.09,US,FBA,Organic,0.739
2025-12-19,B0241131,SKU-0013,7,121.03,847.21,116.32,350.7,10.27,DE,FBA,Ads,0.929
2025-12-19,B0934569,SKU-0014,6,94.18,565.08,101.54,254.71,12.51,CA,FBM,Ads,0.847
2025-12-19,B0916675,SKU-0015,11,38.97,428.67,69.35,181.97,12.4,UK,FBM,Ads,0.932
2025-12-20,B0673178,SKU-0001,12,71.43,857.16,149.48,452.29,21.44,CA,FBM,Ads,0.797
2025-12-20,B0494532,SKU-0002,13,21.89,284.57,43.11,151.09,28.66,UK,FBM,Organic,0.792
2025-12-20,B0466098,SKU-0003,16,18.04,288.64,37.68,128.5,38.92,DE,FBA,Organic,0.782
2025-12-20,B0287544,SKU-0004,11,106.02,1166.22,152.17,552.04,23.08,US,FBA,Organic,0.854
2025-12-20,B0444234,SKU-0005,7,87.08,609.56,104.94,246.45,12.64,DE,FBM,Organic,0.766
2025-12-20,B0474559,SKU-0006,7,96.78,677.46,86.21,275.31,10.13,CA,FBM,Organic,0.775
2025-12-20,B0760123,SKU-0007,13,63.61,826.93,134.37,389.39,18.54,UK,FBA,Ads,0.892
2025-12-20,B0300550,SKU-0008,13,27.6,358.8,53.46,150.13,17.18,DE,FBA,Organic,0.876
2025-12-20,B0565132,SKU-0009,1,140.05,140.05,21.85,57.38,1.66,US,FBM,Organic,0.884
2025-12-20,B0138771,SKU-0010,6,82.59,495.54,76.5,247.97,9.87,DE,FBA,Ads,0.902
2025-12-20,B0165870,SKU-0011,6,36.24,217.44,31.94,103.13,12.48,US,FBM,Organic,0.772
2025-12-20,B0661462,SKU-0012,6,46.09,276.54,38.44,122.73,9.77,UK,FBA,Organic,0.735
2025-12-20,B0241131,SKU-0013,5,113.84,569.2,75.85,301.01,6.15,US,FBA,Organic,0.821
2025-12-20,B0934569,SKU-0014,12,93.37,1120.44,168.32,474.06,20.49,CA,FBA,Organic,0.947
2025-12-20,B0916675,SKU-0015,6,38.83,232.98,32.18,126.69,10.43,US,FBA,Organic,0.829
2025-12-21,B0673178,SKU-0001,12,72.14,865.68,137.34,386.49,18.85,US,FBA,Organic,0.868
2025-12-21,B0494532,SKU-0002,11,23.06,253.66,44.9,108.2,21.32,DE,FBA,Ads,0.758
2025-12-21,B0466098,SKU-0003,2,17.45,34.9,4.58,18.16,2.84,UK,FBM,Ads,0.87
2025-12-21,B0287544,SKU-0004,16,112.75,1804.0,284.6,770.84,29.93,US,FBA,Ads,0.877
2025-12-21,B0444234,SKU-0005,17,95.4,1621.8,196.73,705.13,33.66,US,FBA,Organic,0.927
2025-12-21,B0474559,SKU-0006,12,90.37,1084.44,148.8,542.33,19.85,UK,FBA,Organic,0.755
2025-12-21,B0760123,SKU-0007,12,71.61,859.32,112.31,446.92,24.45,CA,FBA,Organic,0.747
2025-12-21,B0300550,SKU-0008,12,27.85,334.2,47.16,170.84,16.69,UK,FBM,Ads,0.867
2025-12-21,B0565132,SKU-0009,4,127.55,510.2,65.51,253.38,8.09,US,FBA,Organic,0.955
2025-12-21,B0138771,SKU-0010,20,82.9,1658.0,209.91,840.22,51.81,UK,FBA,Ads,0.841
2025-12-21,B0165870,SKU-0011,13,38.78,504.14,63.46,209.4,17.01,DE,FBM,Organic,0.845
2025-12-21,B0661462,SKU-0012,17,48.04,816.68,108.48,330.44,29.65,UK,FBM,Organic,0.77
2025-12-21,B0241131,SKU-0013,3,132.18,396.54,56.54,190.11,5.39,UK,FBM,Ads,0.815
2025-12-21,B0934569,SKU-0014,9,92.95,836.55,141.19,356.37,15.27,DE,FBA,Ads,0.958
2025-12-22,B0673178,SKU-0001,10,76.82,768.2,121.24,338.48,15.88,US,FBM,Organic,0.863
2025-12-22,B0494532,SKU-0002,7,20.79,145.53,22.55,74.14,8.03,CA,FBA,Ads,0.953
2025-12-22,B0466098,SKU-0003,12,17.52,210.24,34.6,102.6,19.26,DE,FBM,Ads,0.819
2025-12-22,B0287544,SKU-0004,9,116.26,1046.34,182.97,427.29,19.21,US,FBM,Organic,0.836
2025-12-22,B0444234,SKU-0005,10,84.89,848.9,113.48,445.44,11.33,DE,FBM,Organic,0.733
2025-12-22,B0474559,SKU-0006,12,89.34,1072.08,180.83,584.67,19.98,US,FBA,Ads,0.726
2025-12-22,B0760123,SKU-0007,14,67.76,948.64,136.72,438.19,24.74,CA,FBM,Ads,0.748
2025-12-22,B0300550,SKU-0008,1,31.5,31.5,5.4,12.87,1.96,US,FBM,Organic,0.832
2025-12-22,B0565132,SKU-0009,13,128.09,1665.17,254.3,917.77,30.11,UK,FBA,Organic,0.785
2025-12-22,B0138771,SKU-0010,9,83.64,752.76,124.16,347.99,10.56,DE,FBA,Ads,0.739
2025-12-22,B0165870,SKU-0011,9,36.79,331.11,47.67,155.52,23.06,CA,FBA,Ads,0.833
2025-12-22,B0661462,SKU-0012,5,46.91,234.55,37.74,97.36,9.46,CA,FBA,Organic,0.738
2025-12-22,B0241131,SKU-0013,10,111.78,1117.8,163.93,603.34,24.17,US,FBA,Ads,0.775
2025-12-22,B0934569,SKU-0014,6,98.61,591.66,74.76,321.24,15.59,UK,FBM,Organic,0.767
2025-12-22,B0916675,SKU-0015,3,37.2,111.6,16.72,52.31,6.47,US,FBM,Organic,0.745
2025-12-23,B0673178,SKU-0001,11,74.33,817.63,112.89,409.32,15.7,US,FBA,Ads,0.94
2025-12-23,B0494532,SKU-0002,3,24.69,74.07,11.81,38.96,5.63,CA,FBA,Organic,0.841
2025-12-23,B0466098,SKU-0003,11,18.43,202.73,29.58,81.6,26.06,UK,FBA,Organic,0.892
2025-12-23,B0287544,SKU-0004,10,104.96,1049.6,182.08,570.16,24.47,DE,FBA,Ads,0.844
2025-12-23,B0444234,SKU-0005,5,83.56,417.8,72.55,175.44,6.1,UK,FBA,Organic,0.895
2025-12-23,B0474559,SKU-0006,17,87.78,1492.26,226.91,822.51,24.04,DE,FBA,Organic,0.89
2025-12-23,B0760123,SKU-0007,4,63.21,252.84,32.25,135.09,5.87,CA,FBA,Ads,0.811
2025-12-23,B0300550,SKU-0008,8,26.87,214.96,32.51,116.85,12.3,US,FBM,Organic,0.808
2025-12-23,B0565132,SKU-0009,13,130.93,1702.09,249.18,702.89,18.47,CA,FBA,Ads,0.828
2025-12-23,B0138771,SKU-0010,16,83.94,1343.04,211.46,675.6,41.26,CA,FBA,Ads,0.748
2025-12-23,B0165870,SKU-0011,9,37.28,335.52,52.08,159.99,14.99,US,FBA,Organic,0.832
2025-12-23,B0661462,SKU-0012,9,42.36,381.24,58.4,175.16,14.37,US,FBM,Organic,0.765
2025-12-23,B0241131,SKU-0013,21,132.92,2791.32,463.11,1516.28,38.63,DE,FBA,Ads,0.943
2025-12-23,B0934569,SKU-0014,4,95.0,380.0,52.45,189.77,5.75,CA,FBA,Organic,0.747
2025-12-23,B0916675,SKU-0015,13,42.66,554.58,93.09,247.4,22.68,CA,FBA,Ads,0.755
2025-12-24,B0673178,SKU-0001,11,79.34,872.74,106.17,447.85,26.16,DE,FBM,Ads,0.872
2025-12-24,B0494532,SKU-0002,8,23.48,187.84,28.56,79.41,13.61,US,FBA,Organic,0.771
2025-12-24,B0466098,SKU-0003,13,16.68,216.84,31.18,99.65,16.47,DE,FBM,Ads,0.747
2025-12-24,B0287544,SKU-0004,5,110.63,553.15,81.91,273.71,11.99,CA,FBA,Organic,0.776
2025-12-24,B0444234,SKU-0005,8,86.53,692.24,120.94,387.47,13.62,CA,FBM,Ads,0.822
2025-12-24,B0474559,SKU-0006,18,97.31,1751.58,308.54,835.91,21.84,UK,FBA,Organic,0.892
2025-12-24,B0760123,SKU-0007,4,67.53,270.12,38.04,139.8,7.55,CA,FBA,Organic,0.774
2025-12-24,B0300550,SKU-0008,8,31.07,248.56,33.38,102.11,17.55,DE,FBA,Ads,0.938
2025-12-24,B0565132,SKU-0009,13,141.94,1845.22,318.63,983.93,28.2,DE,FBA,Ads,0.752
2025-12-24,B0138771,SKU-0010,13,75.84,985.92,125.48,523.03,33.52,US,FBA,Organic,0.838
2025-12-24,B0165870,SKU-0011,6,35.37,212.22,35.33,106.59,13.99,US,FBA,Ads,0.826
2025-12-24,B0661462,SKU-0012,12,42.56,510.72,86.74,283.06,16.92,CA,FBA,Ads,0.915
2025-12-24,B0241131,SKU-0013,5,120.89,604.45,75.26,273.06,12.48,US,FBA,Organic,0.917
2025-12-24,B0934569,SKU-0014,5,92.88,464.4,67.55,211.29,10.0,US,FBM,Organic,0.816
2025-12-24,B0916675,SKU-0015,1,43.14,43.14,6.26,17.27,2.05,DE,FBM,Organic,0.72
2025-12-25,B0673178,SKU-0001,4,69.76,279.04,49.94,114.25,8.73,DE,FBA,Ads,0.896
2025-12-25,B0494532,SKU-0002,8,21.11,168.88,29.52,77.52,19.16,US,FBA,Ads,0.865
2025-12-25,B0287544,SKU-0004,9,103.71,933.39,167.98,511.15,13.82,DE,FBM,Organic,0.749
2025-12-25,B0444234,SKU-0005,25,85.64,2141.0,368.82,966.94,42.96,UK,FBA,Organic,0.93
2025-12-25,B0474559,SKU-0006,8,93.66,749.28,122.93,306.86,18.13,UK,FBM,Ads,0.8
2025-12-25,B0300550,SKU-0008,4,31.41,125.64,19.25,61.77,6.68,UK,FBM,Organic,0.9
2025-12-25,B0138771,SKU-0010,4,87.09,348.36,51.31,171.21,9.91,UK,FBM,Organic,0.853
2025-12-25,B0165870,SKU-0011,7,39.04,273.28,44.55,113.63,11.89,UK,FBA,Ads,0.949
2025-12-25,B0661462,SKU-0012,5,46.93,234.65,29.09,121.51,8.43,DE,FBA,Ads,0.884
2025-12-25,B0241131,SKU-0013,2,116.48,232.96,33.98,117.41,4.69,UK,FBM,Ads,0.767
2025-12-25,B0916675,SKU-0015,4,40.45,161.8,22.56,77.44,9.02,UK,FBA,Organic,0.847
2025-12-26,B0673178,SKU-0001,5,77.85,389.25,50.43,175.26,12.69,CA,FBM,Ads,0.822
2025-12-26,B0494532,SKU-0002,11,24.57,270.27,42.31,108.24,21.44,UK,FBM,Ads,0.76
2025-12-26,B0466098,SKU-0003,10,17.14,171.4,28.33,72.46,13.31,DE,FBA,Organic,0.811
2025-12-26,B0287544,SKU-0004,3,119.09,357.27,51.42,157.62,6.28,CA,FBM,Organic,0.805
2025-12-26,B0444234,SKU-0005,10,86.25,862.5,127.72,460.42,24.28,US,FBM,Organic,0.817
2025-12-26,B0474559,SKU-0006,7,102.09,714.63,127.37,381.61,17.98,DE,FBA,Organic,0.822
2025-12-26,B0760123,SKU-0007,22,66.34,1459.48,239.85,680.85,50.83,UK,FBA,Ads,0.783
2025-12-26,B0300550,SKU-0008,3,28.53,85.59,13.29,41.2,6.22,UK,FBA,Ads,0.795
2025-12-26,B0565132,SKU-0009,7,122.37,856.59,112.68,390.13,17.74,CA,FBM,Ads,0.915
2025-12-26,B0165870,SKU-0011,8,37.46,299.68,36.39,131.29,12.69,DE,FBM,Ads,0.779
2025-12-26,B0661462,SKU-0012,18,47.42,853.56,133.7,407.07,38.01,CA,FBA,Ads,0.789
2025-12-26,B0241131,SKU-0013,8,120.32,962.56,124.11,475.79,11.56,DE,FBA,Ads,0.73
2025-12-26,B0934569,SKU-0014,7,92.12,644.84,85.23,297.17,17.7,UK,FBM,Ads,0.91
2025-12-26,B0916675,SKU-0015,12,43.74,524.88,80.84,232.56,23.11,DE,FBM,Ads,0.776
2025-12-27,B0673178,SKU-0001,8,69.64,557.12,73.27,246.36,16.92,CA,FBM,Organic,0.878
2025-12-27,B0494532,SKU-0002,19,25.09,476.71,84.64,192.73,43.3,UK,FBA,Organic,0.95
2025-12-27,B0466098,SKU-0003,12,18.65,223.8,31.8,119.4,18.69,CA,FBM,Ads,0.799
2025-12-27,B0287544,SKU-0004,9,114.75,1032.75,165.8,575.87,23.13,US,FBM,Organic,0.935
2025-12-27,B0444234,SKU-0005,4,94.37,377.48,56.67,190.45,9.85,UK,FBM,Organic,0.725
2025-12-27,B0760123,SKU-0007,4,60.05,240.2,38.56,111.42,4.88,CA,FBA,Ads,0.74
2025-12-27,B0300550,SKU-0008,2,29.65,59.3,7.34,24.13,4.07,UK,FBA,Ads,0.884
2025-12-27,B0565132,SKU-0009,13,131.9,1714.7,213.36,692.96,32.33,UK,FBA,Organic,0.938
2025-12-27,B0138771,SKU-0010,14,82.06,1148.84,204.61,524.39,22.95,US,FBM,Organic,0.949
2025-12-27,B0165870,SKU-0011,3,40.48,121.44,19.2,51.52,5.04,US,FBM,Organic,0.897
2025-12-27,B0661462,SKU-0012,7,43.62,305.34,46.49,170.78,12.99,UK,FBM,Ads,0.89
2025-12-27,B0241131,SKU-0013,14,115.85,1621.9,245.19,881.63,30.6,UK,FBM,Organic,0.867
2025-12-27,B0934569,SKU-0014,3,101.65,304.95,53.93,150.93,5.19,DE,FBM,Ads,0.828
2025-12-27,B0916675,SKU-0015,9,42.53,382.77,64.01,172.07,22.71,UK,FBA,Ads,0.93
2025-12-28,B0673178,SKU-0001,12,79.0,948.0,153.63,400.36,16.13,UK,FBM,Ads,0.877
2025-12-28,B0494532,SKU-0002,13,23.71,308.23,41.79,157.93,28.54,US,FBM,Ads,0.834
2025-12-28,B0466098,SKU-0003,11,16.29,179.19,27.23,81.38,12.39,UK,FBA,Ads,0.849
2025-12-28,B0287544,SKU-0004,7,110.02,770.14,100.97,325.3,16.93,DE,FBM,Organic,0.799
2025-12-28,B0444234,SKU-0005,2,96.07,192.14,33.99,87.26,2.5,DE,FBM,Organic,0.761
2025-12-28,B0474559,SKU-0006,4,95.88,383.52,67.37,165.04,9.25,US,FBA,Ads,0.829
2025-12-28,B0760123,SKU-0007,5,63.22,316.1,45.25,146.99,8.97,DE,FBM,Organic,0.885
2025-12-28,B0300550,SKU-0008,3,27.0,81.0,11.07,43.17,6.45,UK,FBM,Ads,0.789
2025-12-28,B0565132,SKU-0009,11,142.24,1564.64,216.19,737.78,20.85,DE,FBM,Organic,0.813
2025-12-28,B0138771,SKU-0010,6,81.9,491.4,84.06,218.05,7.46,CA,FBA,Organic,0.899
2025-12-28,B0165870,SKU-0011,22,35.18,773.96,133.37,334.36,25.63,UK,FBM,Organic,0.898
2025-12-28,B0661462,SKU-0012,11,42.82,471.02,75.98,243.82,19.22,CA,FBA,Ads,0.738
2025-12-28,B0241131,SKU-0013,11,112.07,1232.77,177.54,529.77,18.83,CA,FBM,Organic,0.945
2025-12-28,B0934569,SKU-0014,11,99.66,1096.26,185.38,603.14,14.53,CA,FBA,Organic,0.93
2025-12-28,B0916675,SKU-0015,10,43.85,438.5,73.91,190.85,19.78,US,FBM,Ads,0.838
2025-12-29,B0673178,SKU-0001,7,74.02,518.14,67.84,272.69,16.88,DE,FBM,Organic,0.797
2025-12-29,B0494532,SKU-0002,10,21.45,214.5,32.84,86.57,21.09,US,FBM,Organic,0.921
2025-12-29,B0466098,SKU-0003,5,16.77,83.85,13.11,45.55,10.96,DE,FBA,Organic,0.881
2025-12-29,B0287544,SKU-0004,12,101.24,1214.88,168.4,633.39,29.18,UK,FBA,Organic,0.891
2025-12-29,B0444234,SKU-0005,29,84.18,2441.22,370.06,1236.63,52.09,DE,FBM,Ads,0.917
2025-12-29,B0474559,SKU-0006,4,85.43,341.72,60.92,181.2,8.36,DE,FBM,Organic,0.903
2025-12-29,B0760123,SKU-0007,15,71.27,1069.05,141.37,470.39,35.9,DE,FBM,Ads,0.928
2025-12-29,B0300550,SKU-0008,12,31.19,374.28,60.78,200.27,19.95,CA,FBM,Ads,0.725
2025-12-29,B0565132,SKU-0009,10,124.52,1245.2,170.84,681.2,13.93,CA,FBM,Ads,0.922
2025-12-29,B0138771,SKU-0010,5,88.68,443.4,59.09,196.08,8.8,CA,FBM,Organic,0.854
2025-12-29,B0165870,SKU-0011,9,34.52,310.68,53.04,134.17,16.74,DE,FBA,Organic,0.754
2025-12-29,B0661462,SKU-0012,2,46.42,92.84,14.16,42.15,4.31,UK,FBM,Organic,0.843
2025-12-29,B0241131,SKU-0013,13,123.79,1609.27,238.81,831.81,18.17,CA,FBA,Organic,0.735
2025-12-30,B0673178,SKU-0001,13,80.48,1046.24,127.44,500.43,18.73,CA,FBA,Ads,0.863
2025-12-30,B0494532,SKU-0002,15,22.23,333.45,51.53,138.38,27.18,US,FBA,Ads,0.855
2025-12-30,B0466098,SKU-0003,2,17.79,35.58,4.8,18.22,3.75,DE,FBM,Organic,0.735
2025-12-30,B0287544,SKU-0004,2,118.98,237.96,39.64,125.67,3.9,CA,FBA,Organic,0.928
2025-12-30,B0444234,SKU-0005,15,88.69,1330.35,228.19,556.94,35.1,US,FBM,Ads,0.95
2025-12-30,B0474559,SKU-0006,13,93.79,1219.27,178.03,583.0,33.04,DE,FBM,Organic,0.808
2025-12-30,B0760123,SKU-0007,12,66.23,794.76,107.26,351.21,16.1,DE,FBA,Ads,0.899
2025-12-30,B0565132,SKU-0009,1,129.42,129.42,16.54,72.12,1.41,CA,FBA,Ads,0.818
2025-12-30,B0138771,SKU-0010,6,88.53,531.18,88.52,257.04,13.27,DE,FBM,Organic,0.774
2025-12-30,B0165870,SKU-0011,4,35.33,141.32,18.52,59.37,4.61,DE,FBM,Ads,0.918
2025-12-30,B0661462,SKU-0012,6,45.25,271.5,41.26,126.64,8.31,DE,FBA,Ads,0.77
2025-12-30,B0241131,SKU-0013,13,112.16,1458.08,253.68,718.19,19.53,UK,FBA,Organic,0.807
2025-12-30,B0934569,SKU-0014,3,89.12,267.36,38.43,113.84,7.36,DE,FBA,Ads,0.735
2025-12-30,B0916675,SKU-0015,11,40.88,449.68,62.69,182.03,23.77,UK,FBA,Ads,0.762
2025-12-31,B0673178,SKU-0001,4,79.82,319.28,51.88,158.47,9.2,CA,FBA,Ads,0.8
2025-12-31,B0494532,SKU-0002,9,21.15,190.35,24.15,100.04,20.33,UK,FBA,Organic,0.782
2025-12-31,B0466098,SKU-0003,3,16.08,48.24,7.0,25.69,5.78,UK,FBA,Ads,0.792
2025-12-31,B0287544,SKU-0004,16,114.91,1838.56,278.21,885.68,31.3,DE,FBA,Organic,0.754
2025-12-31,B0444234,SKU-0005,17,91.92,1562.64,263.11,658.39,30.07,CA,FBM,Ads,0.743
2025-12-31,B0474559,SKU-0006,10,101.03,1010.3,164.44,404.53,15.02,DE,FBM,Organic,0.768
2025-12-31,B0760123,SKU-0007,8,69.28,554.24,94.06,304.81,20.16,US,FBA,Ads,0.891
2025-12-31,B0300550,SKU-0008,7,28.85,201.95,25.44,109.56,16.94,DE,FBM,Organic,0.84
2025-12-31,B0565132,SKU-0009,6,119.63,717.78,102.92,370.54,12.68,DE,FBA,Ads,0.878
2025-12-31,B0138771,SKU-0010,2,84.59,169.18,29.21,80.94,3.91,DE,FBA,Ads,0.763
2025-12-31,B0165870,SKU-0011,16,39.05,624.8,88.11,279.71,18.77,DE,FBM,Organic,0.881
2025-12-31,B0661462,SKU-0012,7,44.14,308.98,46.1,137.73,7.94,US,FBM,Ads,0.728
2025-12-31,B0241131,SKU-0013,6,113.36,680.16,91.38,326.01,10.17,CA,FBA,Organic,0.729
2025-12-31,B0934569,SKU-0014,8,89.27,714.16,108.04,303.6,13.79,CA,FBA,Ads,0.765
2025-12-31,B0916675,SKU-0015,17,39.03,663.51,95.23,296.74,43.37,US,FBM,Organic,0.79
2026-01-01,B0494532,SKU-0002,19,24.79,471.01,60.82,247.93,44.65,DE,FBA,Ads,0.834
2026-01-01,B0466098,SKU-0003,4,16.74,66.96,11.74,27.84,6.64,CA,FBM,Ads,0.773
2026-01-01,B0287544,SKU-0004,11,105.27,1157.97,204.09,592.77,15.41,DE,FBA,Ads,0.81
2026-01-01,B0444234,SKU-0005,6,84.58,507.48,79.28,215.61,11.99,UK,FBA,Ads,0.955
2026-01-01,B0474559,SKU-0006,8,87.05,696.4,87.18,320.57,17.47,CA,FBA,Ads,0.737
2026-01-01,B0760123,SKU-0007,2,64.92,129.84,19.47,64.5,5.02,US,FBA,Organic,0.918
2026-01-01,B0300550,SKU-0008,15,31.23,468.45,61.48,243.07,37.38,US,FBA,Ads,0.752
2026-01-01,B0565132,SKU-0009,13,118.36,1538.68,240.31,708.98,30.62,DE,FBA,Organic,0.773
2026-01-01,B0138771,SKU-0010,2,87.75,175.5,28.84,86.84,3.18,DE,FBA,Organic,0.774
2026-01-01,B0165870,SKU-0011,19,38.37,729.03,115.43,328.08,32.08,US,FBA,Ads,0.782
2026-01-01,B0661462,SKU-0012,11,43.49,478.39,76.32,221.12,17.12,DE,FBA,Organic,0.942
2026-01-01,B0241131,SKU-0013,2,118.23,236.46,28.95,123.82,3.01,UK,FBM,Ads,0.733
2026-01-01,B0934569,SKU-0014,9,86.99,782.91,103.69,389.89,23.31,DE,FBA,Ads,0.886
2026-01-01,B0916675,SKU-0015,13,40.47,526.11,64.65,221.48,32.39,UK,FBM,Ads,0.891
2026-01-02,B0673178,SKU-0001,8,81.33,650.64,85.11,355.71,9.67,CA,FBA,Organic,0.898
2026-01-02,B0494532,SKU-0002,13,23.84,309.92,39.72,124.6,15.28,CA,FBA,Ads,0.807
2026-01-02,B0466098,SKU-0003,12,15.78,189.36,26.6,82.79,18.23,US,FBM,Organic,0.763
2026-01-02,B0287544,SKU-0004,18,115.95,2087.1,300.97,941.09,29.72,UK,FBM,Ads,0.73
2026-01-02,B0444234,SKU-0005,1,91.04,91.04,12.65,41.0,1.95,US,FBM,Ads,0.799
2026-01-02,B0474559,SKU-0006,7,92.95,650.65,81.55,289.92,14.36,CA,FBA,Organic,0.733
2026-01-02,B0760123,SKU-0007,7,68.8,481.6,67.87,226.11,9.74,UK,FBM,Organic,0.866
2026-01-02,B0300550,SKU-0008,14,27.62,386.68,56.99,173.47,35.55,DE,FBA,Ads,0.785
2026-01-02,B0565132,SKU-0009,9,118.9,1070.1,146.95,489.62,20.62,CA,FBA,Ads,0.947
2026-01-02,B0138771,SKU-0010,7,77.69,543.83,93.21,241.22,9.41,US,FBM,Organic,0.752
2026-01-02,B0165870,SKU-0011,15,37.29,559.35,92.33,286.96,18.38,DE,FBM,Ads,0.836
2026-01-02,B0241131,SKU-0013,8,120.49,963.92,160.97,416.06,11.98,DE,FBA,Ads,0.846
2026-01-02,B0934569,SKU-0014,7,98.7,690.9,89.84,381.3,14.85,CA,FBA,Ads,0.882
2026-01-02,B0916675,SKU-0015,10,36.81,368.1,52.25,184.14,23.23,DE,FBA,Ads,0.813
2026-01-03,B0673178,SKU-0001,17,83.91,1426.47,237.42,666.45,39.67,CA,FBM,Organic,0.781
2026-01-03,B0494532,SKU-0002,15,21.66,324.9,43.07,146.85,33.34,US,FBA,Ads,0.878
2026-01-03,B0466098,SKU-0003,12,17.74,212.88,35.77,93.38,29.21,UK,FBM,Ads,0.846
2026-01-03,B0287544,SKU-0004,6,107.58,645.48,114.54,333.32,13.92,US,FBM,Ads,0.927
2026-01-03,B0444234,SKU-0005,10,80.55,805.5,128.91,395.47,23.13,UK,FBA,Ads,0.927
2026-01-03,B0474559,SKU-0006,12,89.09,1069.08,191.32,524.79,17.49,DE,FBA,Ads,0.92
2026-01-03,B0760123,SKU-0007,16,71.32,1141.12,173.84,523.73,33.09,DE,FBA,Organic,0.813
2026-01-03,B0300550,SKU-0008,5,31.23,156.15,21.82,71.57,10.67,UK,FBM,Organic,0.73
2026-01-03,B0565132,SKU-0009,13,134.81,1752.53,213.99,711.54,21.69,CA,FBA,Ads,0.907
2026-01-03,B0138771,SKU-0010,7,75.73,530.11,82.99,213.45,10.55,US,FBA,Ads,0.942
2026-01-03,B0165870,SKU-0011,9,38.97,350.73,59.14,142.88,23.03,DE,FBM,Ads,0.748
2026-01-03,B0241131,SKU-0013,11,122.24,1344.64,203.42,663.77,28.5,US,FBA,Ads,0.85
2026-01-03,B0934569,SKU-0014,3,91.43,274.29,48.98,130.08,7.35,DE,FBM,Organic,0.894
2026-01-03,B0916675,SKU-0015,5,37.66,188.3,26.1,77.15,7.97,US,FBA,Ads,0.767
2026-01-04,B0494532,SKU-0002,10,25.06,250.6,33.19,126.09,15.51,CA,FBM,Organic,0.781
2026-01-04,B0466098,SKU-0003,17,16.41,278.97,48.32,126.89,41.75,DE,FBA,Organic,0.806
2026-01-04,B0287544,SKU-0004,10,113.82,1138.2,149.93,523.69,11.51,DE,FBM,Ads,0.819
2026-01-04,B0444234,SKU-0005,7,89.05,623.35,88.01,336.13,17.47,UK,FBA,Ads,0.947
2026-01-04,B0474559,SKU-0006,8,91.69,733.52,123.47,349.43,13.81,DE,FBA,Organic,0.803
2026-01-04,B0760123,SKU-0007,5,66.52,332.6,49.84,171.12,10.71,DE,FBA,Ads,0.872
2026-01-04,B0300550,SKU-0008,11,27.64,304.04,43.78,128.09,12.18,US,FBM,Organic,0.919
2026-01-04,B0565132,SKU-0009,2,120.42,240.84,34.7,108.69,5.02,CA,FBM,Ads,0.792
2026-01-04,B0138771,SKU-0010,10,80.0,800.0,113.44,385.26,20.44,CA,FBM,Organic,0.782
2026-01-04,B0165870,SKU-0011,1,38.35,38.35,5.42,19.49,2.27,CA,FBM,Organic,0.752
2026-01-04,B0661462,SKU-0012,11,41.76,459.36,66.93,184.77,21.77,UK,FBM,Ads,0.737
2026-01-04,B0241131,SKU-0013,11,111.96,1231.56,178.87,493.07,24.91,US,FBM,Ads,0.799
2026-01-04,B0934569,SKU-0014,6,99.52,597.12,88.98,294.62,8.46,US,FBA,Ads,0.784
2026-01-04,B0916675,SKU-0015,17,43.13,733.21,106.65,375.12,38.18,DE,FBA,Ads,0.915
2026-01-05,B0673178,SKU-0001,9,75.46,679.14,89.63,333.33,13.86,US,FBM,Organic,0.721
2026-01-05,B0494532,SKU-0002,23,22.31,513.13,63.66,260.61,47.33,UK,FBM,Ads,0.884
2026-01-05,B0466098,SKU-0003,7,17.76,124.32,21.34,68.04,15.66,DE,FBM,Organic,0.792
2026-01-05,B0287544,SKU-0004,9,120.23,1082.07,152.24,592.13,15.07,DE,FBA,Organic,0.773
2026-01-05,B0444234,SKU-0005,6,96.65,579.9,73.32,277.9,12.4,US,FBA,Organic,0.924
2026-01-05,B0474559,SKU-0006,13,102.35,1330.55,166.39,674.57,14.83,US,FBA,Ads,0.722
2026-01-05,B0760123,SKU-0007,19,72.12,1370.28,230.03,632.72,37.09,US,FBM,Organic,0.807
2026-01-05,B0300550,SKU-0008,5,28.89,144.45,18.21,60.29,8.1,CA,FBA,Ads,0.932
2026-01-05,B0565132,SKU-0009,7,135.16,946.12,134.22,449.28,10.91,US,FBM,Ads,0.921
2026-01-05,B0138771,SKU-0010,18,87.17,1569.06,250.17,731.57,32.87,CA,FBM,Organic,0.757
2026-01-05,B0165870,SKU-0011,6,37.02,222.12,28.28,98.22,14.11,UK,FBA,Ads,0.824
2026-01-05,B0661462,SKU-0012,5,46.56,232.8,39.79,102.73,11.95,UK,FBA,Ads,0.797
2026-01-05,B0241131,SKU-0013,2,119.11,238.22,29.68,97.4,4.33,UK,FBA,Ads,0.757
2026-01-05,B0934569,SKU-0014,14,99.31,1390.34,208.45,600.6,26.02,CA,FBA,Ads,0.788
2026-01-05,B0916675,SKU-0015,6,37.29,223.74,34.17,124.03,11.29,CA,FBA,Ads,0.867
2026-01-06,B0673178,SKU-0001,3,82.13,246.39,39.0,108.92,7.58,UK,FBA,Organic,0.874
2026-01-06,B0494532,SKU-0002,16,21.82,349.12,56.41,179.62,25.25,US,FBA,Ads,0.881
2026-01-06,B0466098,SKU-0003,3,17.98,53.94,7.07,26.13,5.17,US,FBM,Ads,0.933
2026-01-06,B0287544,SKU-0004,11,111.12,1222.32,190.12,672.75,20.1,DE,FBM,Organic,0.823
2026-01-06,B0444234,SKU-0005,7,83.67,585.69,80.05,295.74,15.53,DE,FBA,Organic,0.854
2026-01-06,B0474559,SKU-0006,5,91.47,457.35,78.13,211.77,6.67,CA,FBA,Organic,0.901
2026-01-06,B0300550,SKU-0008,13,30.85,401.05,49.81,224.18,15.23,UK,FBA,Ads,0.95
2026-01-06,B0138771,SKU-0010,9,75.48,679.32,89.13,342.63,17.05,CA,FBM,Ads,0.954
2026-01-06,B0165870,SKU-0011,6,34.46,206.76,37.04,106.5,6.85,DE,FBM,Organic,0.952
2026-01-06,B0661462,SKU-0012,10,44.27,442.7,56.09,205.49,25.84,CA,FBM,Organic,0.875
2026-01-06,B0241131,SKU-0013,13,123.74,1608.62,268.25,719.58,22.05,UK,FBA,Organic,0.88
2026-01-06,B0934569,SKU-0014,10,94.6,946.0,131.59,420.2,25.95,CA,FBA,Ads,0.928
2026-01-06,B0916675,SKU-0015,14,38.95,545.3,76.1,281.09,23.95,CA,FBA,Organic,0.914
2026-01-07,B0673178,SKU-0001,7,83.5,584.5,79.39,254.22,15.41,DE,FBA,Ads,0.769
2026-01-07,B0494532,SKU-0002,6,22.36,134.16,22.71,58.68,8.87,US,FBM,Ads,0.804
2026-01-07,B0466098,SKU-0003,12,16.68,200.16,30.07,95.03,16.9,DE,FBM,Organic,0.749
2026-01-07,B0287544,SKU-0004,10,109.58,1095.8,155.07,462.36,24.75,US,FBM,Organic,0.94
2026-01-07,B0444234,SKU-0005,15,84.67,1270.05,226.35,683.13,19.52,DE,FBA,Organic,0.861
2026-01-07,B0474559,SKU-0006,6,90.96,545.76,75.34,226.93,8.06,US,FBM,Organic,0.785
2026-01-07,B0760123,SKU-0007,8,66.52,532.16,69.89,296.56,15.51,CA,FBM,Ads,0.776
2026-01-07,B0300550,SKU-0008,9,29.82,268.38,32.45,136.58,14.72,UK,FBA,Ads,0.849
2026-01-07,B0565132,SKU-0009,5,138.65,693.25,111.04,359.03,9.81,US,FBM,Organic,0.884
2026-01-07,B0138771,SKU-0010,13,87.04,1131.52,157.41,501.55,30.32,US,FBM,Organic,0.857
2026-01-07,B0165870,SKU-0011,5,38.76,193.8,29.74,91.79,5.96,US,FBM,Organic,0.72
2026-01-07,B0661462,SKU-0012,20,40.86,817.2,115.6,401.49,34.21,UK,FBM,Ads,0.786
2026-01-07,B0241131,SKU-0013,6,113.15,678.9,106.42,325.11,10.15,UK,FBA,Ads,0.799
2026-01-07,B0934569,SKU-0014,6,98.92,593.52,97.21,283.7,8.97,CA,FBA,Ads,0.878
2026-01-07,B0916675,SKU-0015,12,38.73,464.76,66.16,191.52,26.11,CA,FBA,Organic,0.9
2026-01-08,B0673178,SKU-0001,13,74.65,970.45,135.45,428.08,18.14,UK,FBM,Ads,0.778
2026-01-08,B0494532,SKU-0002,3,21.91,65.73,10.16,30.09,5.5,US,FBM,Ads,0.748
2026-01-08,B0466098,SKU-0003,10,18.48,184.8,32.5,76.39,25.05,US,FBA,Ads,0.845
2026-01-08,B0287544,SKU-0004,11,118.13,1299.43,173.06,678.63,19.43,DE,FBM,Ads,0.936
2026-01-08,B0444234,SKU-0005,4,93.03,372.12,46.27,186.21,5.17,CA,FBM,Organic,0.84
2026-01-08,B0474559,SKU-0006,10,95.57,955.7,128.69,395.24,18.18,CA,FBA,Ads,0.928
2026-01-08,B0760123,SKU-0007,15,70.68,1060.2,158.65,426.97,19.95,UK,FBM,Organic,0.884
2026-01-08,B0300550,SKU-0008,5,28.09,140.45,23.55,66.95,6.04,CA,FBA,Organic,0.801
2026-01-08,B0565132,SKU-0009,11,130.53,1435.83,189.58,667.79,16.26,DE,FBA,Organic,0.785
2026-01-08,B0138771,SKU-0010,13,74.59,969.67,133.0,420.48,29.96,UK,FBM,Ads,0.758
2026-01-08,B0165870,SKU-0011,17,38.13,648.21,114.47,312.73,44.06,US,FBM,Ads,0.798
2026-01-08,B0661462,SKU-0012,7,46.44,325.08,43.18,139.5,13.46,UK,FBA,Ads,0.91
2026-01-08,B0934569,SKU-0014,6,95.91,575.46,98.09,258.8,9.47,US,FBA,Organic,0.925
2026-01-08,B0916675,SKU-0015,8,41.47,331.76,48.48,133.17,18.72,DE,FBM,Ads,0.868
2026-01-09,B0673178,SKU-0001,5,74.97,374.85,60.74,201.92,12.79,DE,FBM,Ads,0.749
2026-01-09,B0494532,SKU-0002,14,24.35,340.9,44.33,149.33,32.85,UK,FBA,Organic,0.891
2026-01-09,B0466098,SKU-0003,4,18.22,72.88,9.79,31.24,4.99,DE,FBA,Ads,0.741
2026-01-09,B0287544,SKU-0004,9,105.46,949.14,152.28,409.35,21.71,CA,FBM,Organic,0.765
2026-01-09,B0444234,SKU-0005,13,83.06,1079.78,130.09,458.74,25.23,UK,FBM,Organic,0.792
2026-01-09,B0474559,SKU-0006,5,96.42,482.1,65.99,199.49,12.62,UK,FBA,Ads,0.909
2026-01-09,B0760123,SKU-0007,9,66.11,594.99,93.15,272.98,21.24,DE,FBA,Organic,0.938
2026-01-09,B0300550,SKU-0008,21,29.37,616.77,95.23,278.9,54.51,DE,FBM,Organic,0.727
2026-01-09,B0565132,SKU-0009,7,128.69,900.83,128.18,373.69,16.32,CA,FBM,Organic,0.849
2026-01-09,B0138771,SKU-0010,11,76.06,836.66,122.67,393.8,24.65,UK,FBM,Organic,0.759
2026-01-09,B0165870,SKU-0011,7,38.41,268.87,48.1,131.26,12.27,DE,FBM,Ads,0.764
2026-01-09,B0661462,SKU-0012,6,42.0,252.0,41.15,106.74,12.68,CA,FBM,Ads,0.944
2026-01-09,B0241131,SKU-0013,12,113.03,1356.36,173.39,618.8,17.8,CA,FBA,Organic,0.934
2026-01-09,B0934569,SKU-0014,3,100.76,302.28,47.39,160.37,6.22,CA,FBM,Ads,0.925
2026-01-09,B0916675,SKU-0015,9,44.39,399.51,69.06,165.12,12.0,US,FBA,Organic,0.871
2026-01-10,B0673178,SKU-0001,14,72.1,1009.4,174.37,531.59,18.11,US,FBA,Ads,0.729
2026-01-10,B0494532,SKU-0002,11,23.03,253.33,32.77,103.39,28.18,UK,FBM,Ads,0.924
2026-01-10,B0466098,SKU-0003,8,16.65,133.2,17.72,62.37,12.36,US,FBM,Ads,0.907
2026-01-10,B0444234,SKU-0005,15,96.62,1449.3,209.62,804.05,19.56,UK,FBA,Ads,0.817
2026-01-10,B0474559,SKU-0006,10,93.46,934.6,137.52,445.21,23.64,CA,FBA,Organic,0.931
2026-01-10,B0760123,SKU-0007,12,63.51,762.12,119.66,322.86,17.16,US,FBM,Ads,0.771
2026-01-10,B0300550,SKU-0008,11,28.91,318.01,40.37,128.84,19.7,US,FBA,Organic,0.757
2026-01-10,B0565132,SKU-0009,13,131.98,1715.74,278.17,736.77,31.62,UK,FBA,Organic,0.762
2026-01-10,B0661462,SKU-0012,18,44.27,796.86,133.1,375.92,22.25,UK,FBM,Organic,0.952
2026-01-10,B0241131,SKU-0013,3,132.87,398.61,67.76,207.15,3.84,CA,FBM,Organic,0.767
2026-01-10,B0934569,SKU-0014,2,102.35,204.7,31.67,95.81,4.56,DE,FBM,Ads,0.786
2026-01-10,B0916675,SKU-0015,8,37.01,296.08,47.85,125.63,13.78,DE,FBM,Organic,0.766
2026-01-11,B0673178,SKU-0001,23,81.09,1865.07,266.87,993.52,54.76,DE,FBM,Ads,0.901
2026-01-11,B0494532,SKU-0002,7,22.93,160.51,27.82,65.88,14.11,DE,FBM,Ads,0.938
2026-01-11,B0466098,SKU-0003,7,18.35,128.45,19.29,56.09,15.98,UK,FBM,Organic,0.926
2026-01-11,B0287544,SKU-0004,4,100.51,402.04,51.31,183.42,10.08,US,FBM,Ads,0.902
2026-01-11,B0444234,SKU-0005,7,88.79,621.53,97.08,302.02,9.6,US,FBM,Organic,0.767
2026-01-11,B0474559,SKU-0006,18,98.91,1780.38,302.17,867.24,27.69,UK,FBM,Ads,0.849
2026-01-11,B0760123,SKU-0007,8,60.47,483.76,72.08,245.18,14.66,UK,FBA,Organic,0.788
2026-01-11,B0300550,SKU-0008,3,29.67,89.01,12.02,37.81,4.95,US,FBA,Organic,0.864
2026-01-11,B0565132,SKU-0009,9,118.66,1067.94,192.13,513.38,17.65,CA,FBA,Ads,0.725
2026-01-11,B0138771,SKU-0010,8,87.68,701.44,97.0,331.48,17.46,US,FBA,Organic,0.931
2026-01-11,B0165870,SKU-0011,17,36.12,614.04,77.58,277.51,30.83,CA,FBM,Organic,0.796
2026-01-11,B0661462,SKU-0012,7,41.75,292.25,41.73,117.31,11.49,US,FBM,Organic,0.8
2026-01-11,B0241131,SKU-0013,17,116.49,1980.33,333.1,1007.41,44.03,US,FBM,Ads,0.864
2026-01-11,B0934569,SKU-0014,5,88.8,444.0,62.17,232.11,8.3,DE,FBA,Organic,0.834
2026-01-11,B0916675,SKU-0015,12,38.31,459.72,57.26,207.18,20.12,UK,FBM,Organic,0.826
2026-01-12,B0673178,SKU-0001,8,79.38,635.04,103.98,322.23,20.65,UK,FBA,Ads,0.895
2026-01-12,B0494532,SKU-0002,11,24.02,264.22,44.81,143.07,25.47,CA,FBM,Organic,0.75
2026-01-12,B0466098,SKU-0003,4,17.7,70.8,12.54,31.48,7.37,US,FBA,Ads,0.871
2026-01-12,B0287544,SKU-0004,11,114.0,1254.0,217.28,560.41,27.41,DE,FBA,Organic,0.784
2026-01-12,B0444234,SKU-0005,7,87.31,611.17,85.56,284.41,14.65,DE,FBM,Ads,0.749
2026-01-12,B0474559,SKU-0006,5,95.26,476.3,61.44,221.16,7.08,CA,FBM,Ads,0.89
2026-01-12,B0760123,SKU-0007,8,65.65,525.2,88.87,272.25,19.56,US,FBA,Ads,0.849
2026-01-12,B0300550,SKU-0008,24,28.37,680.88,122.37,357.27,55.15,DE,FBM,Organic,0.858
2026-01-12,B0565132,SKU-0009,10,128.33,1283.3,201.19,557.04,17.0,DE,FBM,Organic,0.893
2026-01-12,B0138771,SKU-0010,10,76.56,765.6,97.88,395.59,22.34,DE,FBA,Ads,0.917
2026-01-12,B0165870,SKU-0011,4,36.27,145.08,18.52,80.46,5.94,DE,FBA,Ads,0.869
2026-01-12,B0661462,SKU-0012,1,46.79,46.79,8.15,20.92,2.56,DE,FBA,Ads,0.803
2026-01-12,B0241131,SKU-0013,13,112.03,1456.39,210.43,732.09,27.2,DE,FBA,Organic,0.866
2026-01-12,B0934569,SKU-0014,18,92.56,1666.08,298.71,738.2,36.62,DE,FBM,Organic,0.89
2026-01-12,B0916675,SKU-0015,17,44.24,752.08,115.13,330.17,41.88,UK,FBA,Organic,0.745
2026-01-13,B0673178,SKU-0001,1,75.3,75.3,10.31,40.24,1.43,CA,FBM,Organic,0.723
2026-01-13,B0494532,SKU-0002,9,22.35,201.15,35.7,86.44,21.35,CA,FBM,Ads,0.947
2026-01-13,B0466098,SKU-0003,3,16.86,50.58,6.54,22.05,6.56,CA,FBM,Ads,0.924
2026-01-13,B0287544,SKU-0004,12,103.87,1246.44,222.48,543.67,18.46,CA,FBM,Ads,0.833
2026-01-13,B0444234,SKU-0005,7,84.89,594.23,72.99,327.25,8.52,US,FBA,Ads,0.75
2026-01-13,B0474559,SKU-0006,5,97.14,485.7,72.17,229.11,8.43,US,FBA,Organic,0.892
2026-01-13,B0760123,SKU-0007,10,61.12,611.2,108.29,257.81,24.18,US,FBM,Organic,0.918
2026-01-13,B0300550,SKU-0008,8,27.99,223.92,35.56,91.03,12.81,CA,FBA,Organic,0.949
2026-01-13,B0565132,SKU-0009,8,140.28,1122.24,159.53,503.29,16.43,DE,FBA,Organic,0.815
2026-01-13,B0138771,SKU-0010,8,84.19,673.52,94.47,370.0,17.91,CA,FBM,Ads,0.768
2026-01-13,B0165870,SKU-0011,3,40.92,122.76,19.31,57.82,3.7,CA,FBM,Ads,0.74
2026-01-13,B0661462,SKU-0012,9,43.69,393.21,64.12,205.36,20.23,DE,FBA,Organic,0.85
2026-01-13,B0241131,SKU-0013,13,120.53,1566.89,229.1,838.06,20.9,UK,FBA,Ads,0.748
2026-01-13,B0934569,SKU-0014,20,98.78,1975.6,342.9,1104.02,36.51,CA,FBA,Ads,0.824
2026-01-13,B0916675,SKU-0015,6,38.39,230.34,32.3,124.74,14.28,US,FBA,Ads,0.859
2026-01-14,B0673178,SKU-0001,3,81.85,245.55,31.11,121.93,7.39,UK,FBA,Ads,0.91
2026-01-14,B0494532,SKU-0002,3,23.44,70.32,12.17,33.72,3.79,CA,FBM,Organic,0.947
2026-01-14,B0466098,SKU-0003,7,15.71,109.97,17.18,45.09,11.23,US,FBA,Organic,0.951
2026-01-14,B0287544,SKU-0004,14,115.84,1621.76,209.24,669.77,21.97,UK,FBA,Ads,0.782
2026-01-14,B0444234,SKU-0005,7,87.16,610.12,76.6,305.72,10.36,UK,FBA,Organic,0.83
2026-01-14,B0474559,SKU-0006,19,86.98,1652.62,210.06,767.99,40.6,DE,FBM,Organic,0.731
2026-01-14,B0760123,SKU-0007,9,63.67,573.03,82.95,235.49,15.67,UK,FBM,Organic,0.76
2026-01-14,B0300550,SKU-0008,4,27.24,108.96,18.54,49.46,5.45,UK,FBA,Organic,0.844
2026-01-14,B0565132,SKU-0009,11,123.16,1354.76,237.49,555.71,25.78,DE,FBM,Ads,0.877
2026-01-14,B0138771,SKU-0010,14,83.37,1167.18,165.37,633.83,32.66,UK,FBA,Ads,0.824
2026-01-14,B0165870,SKU-0011,3,40.51,121.53,18.15,58.52,6.66,UK,FBM,Organic,0.871
2026-01-14,B0661462,SKU-0012,12,44.94,539.28,87.89,262.8,24.64,UK,FBA,Organic,0.829
2026-01-14,B0241131,SKU-0013,6,129.33,775.98,113.48,337.03,9.92,DE,FBA,Ads,0.797
2026-01-14,B0934569,SKU-0014,13,96.46,1253.98,159.63,562.43,21.36,CA,FBM,Organic,0.886
2026-01-14,B0916675,SKU-0015,13,42.26,549.38,90.16,302.98,28.05,DE,FBA,Organic,0.73
2026-01-15,B0494532,SKU-0002,18,21.66,389.88,70.01,184.25,35.76,DE,FBM,Organic,0.794
2026-01-15,B0466098,SKU-0003,20,15.65,313.0,51.37,160.61,48.96,DE,FBA,Ads,0.792
2026-01-15,B0287544,SKU-0004,10,114.55,1145.5,177.04,478.19,24.29,CA,FBA,Ads,0.905
2026-01-15,B0444234,SKU-0005,7,82.83,579.81,92.48,255.76,15.28,CA,FBM,Organic,0.758
2026-01-15,B0474559,SKU-0006,16,87.45,1399.2,175.22,708.04,35.8,CA,FBM,Ads,0.727
2026-01-15,B0760123,SKU-0007,7,70.81,495.67,76.08,217.2,11.91,US,FBM,Organic,0.818
2026-01-15,B0300550,SKU-0008,3,31.92,95.76,14.6,50.16,6.67,CA,FBA,Organic,0.761
2026-01-15,B0565132,SKU-0009,15,128.16,1922.4,301.93,877.54,29.66,US,FBM,Ads,0.858
2026-01-15,B0138771,SKU-0010,16,75.18,1202.88,178.71,616.72,33.15,UK,FBA,Ads,0.808
2026-01-15,B0165870,SKU-0011,9,35.84,322.56,55.52,140.1,16.16,US,FBM,Organic,0.872
2026-01-15,B0661462,SKU-0012,12,47.41,568.92,69.6,263.46,18.78,DE,FBM,Ads,0.734
2026-01-15,B0241131,SKU-0013,12,120.49,1445.88,201.83,690.98,20.94,UK,FBA,Ads,0.726
2026-01-15,B0934569,SKU-0014,12,97.72,1172.64,187.24,491.17,25.71,CA,FBM,Ads,0.721
2026-01-15,B0916675,SKU-0015,7,42.97,300.79,38.35,154.49,13.94,UK,FBA,Organic,0.8
2026-01-16,B0673178,SKU-0001,3,77.58,232.74,32.59,99.11,3.71,CA,FBA,Ads,0.953
2026-01-16,B0494532,SKU-0002,9,24.65,221.85,37.65,94.09,17.16,CA,FBA,Ads,0.857
2026-01-16,B0466098,SKU-0003,15,17.25,258.75,43.36,130.04,16.94,DE,FBA,Ads,0.956
2026-01-16,B0287544,SKU-0004,11,115.99,1275.89,215.48,610.55,27.37,DE,FBM,Organic,0.84
2026-01-16,B0474559,SKU-0006,6,99.34,596.04,87.67,321.12,11.91,DE,FBA,Ads,0.8
2026-01-16,B0760123,SKU-0007,7,62.35,436.45,70.49,221.31,16.46,UK,FBA,Organic,0.903
2026-01-16,B0300550,SKU-0008,12,29.72,356.64,47.06,187.09,15.71,UK,FBA,Organic,0.777
2026-01-16,B0565132,SKU-0009,11,132.12,1453.32,236.9,674.53,24.72,UK,FBA,Organic,0.9
2026-01-16,B0138771,SKU-0010,6,81.16,486.96,69.59,270.15,10.08,DE,FBA,Organic,0.869
2026-01-16,B0165870,SKU-0011,9,37.35,336.15,40.73,180.76,13.88,CA,FBM,Organic,0.811
2026-01-16,B0661462,SKU-0012,9,44.35,399.15,65.94,186.13,18.21,CA,FBA,Organic,0.868
2026-01-16,B0241131,SKU-0013,6,129.75,778.5,119.61,417.91,14.9,US,FBM,Ads,0.77
2026-01-16,B0934569,SKU-0014,6,90.9,545.4,69.87,279.57,13.93,UK,FBM,Organic,0.781
2026-01-16,B0916675,SKU-0015,12,43.51,522.12,71.51,255.55,14.03,CA,FBM,Ads,0.927
2026-01-17,B0673178,SKU-0001,10,72.47,724.7,123.31,389.93,20.87,UK,FBA,Organic,0.792
2026-01-17,B0494532,SKU-0002,6,21.93,131.58,19.09,66.05,14.79,DE,FBA,Organic,0.887
2026-01-17,B0466098,SKU-0003,16,16.31,260.96,39.73,137.74,38.96,US,FBA,Organic,0.941
2026-01-17,B0287544,SKU-0004,23,112.57,2589.11,345.51,1413.43,25.68,UK,FBA,Ads,0.813
2026-01-17,B0444234,SKU-0005,7,83.04,581.28,89.21,311.35,16.81,UK,FBM,Ads,0.946
2026-01-17,B0760123,SKU-0007,14,69.83,977.62,164.59,395.21,34.81,US,FBM,Ads,0.826
2026-01-17,B0300550,SKU-0008,18,27.27,490.86,76.17,245.08,41.35,US,FBM,Organic,0.801
2026-01-17,B0565132,SKU-0009,15,142.67,2140.05,316.1,883.57,17.01,UK,FBM,Organic,0.955
2026-01-17,B0138771,SKU-0010,3,82.71,248.13,34.46,118.91,4.34,CA,FBA,Organic,0.876
2026-01-17,B0165870,SKU-0011,10,36.68,366.8,46.5,182.73,18.0,US,FBA,Organic,0.926
2026-01-17,B0661462,SKU-0012,6,47.39,284.34,46.9,122.43,11.48,DE,FBM,Organic,0.884
2026-01-17,B0241131,SKU-0013,4,111.45,445.8,79.11,203.82,5.21,CA,FBM,Organic,0.805
2026-01-17,B0934569,SKU-0014,14,89.07,1246.98,224.39,571.98,33.94,UK,FBA,Ads,0.832
2026-01-17,B0916675,SKU-0015,17,42.52,722.84,87.55,342.55,19.94,DE,FBA,Ads,0.738
2026-01-18,B0673178,SKU-0001,6,71.63,429.78,64.3,225.86,10.32,US,FBA,Ads,0.867
2026-01-18,B0494532,SKU-0002,7,25.08,175.56,21.67,92.69,14.6,US,FBA,Organic,0.881
2026-01-18,B0466098,SKU-0003,11,16.14,177.54,29.81,79.48,25.82,CA,FBA,Ads,0.887
2026-01-18,B0287544,SKU-0004,14,119.63,1674.82,212.49,926.7,28.14,DE,FBA,Organic,0.882
2026-01-18,B0444234,SKU-0005,8,87.83,702.64,86.42,377.27,16.2,UK,FBM,Organic,0.817
2026-01-18,B0474559,SKU-0006,5,93.85,469.25,66.53,197.9,7.8,DE,FBM,Organic,0.779
2026-01-18,B0760123,SKU-0007,12,63.26,759.12,110.68,368.58,25.96,CA,FBA,Organic,0.889
2026-01-18,B0300550,SKU-0008,3,27.66,82.98,12.09,43.19,3.69,US,FBM,Ads,0.738
2026-01-18,B0565132,SKU-0009,5,127.91,639.55,97.74,335.02,6.03,US,FBA,Ads,0.839
2026-01-18,B0138771,SKU-0010,6,85.52,513.12,82.09,228.17,8.66,US,FBM,Ads,0.818
2026-01-18,B0165870,SKU-0011,12,40.39,484.68,64.91,271.4,20.19,CA,FBA,Ads,0.831
2026-01-18,B0661462,SKU-0012,7,43.21,302.47,43.33,154.91,10.34,UK,FBA,Organic,0.93
2026-01-18,B0241131,SKU-0013,15,113.13,1696.95,295.52,816.17,32.44,US,FBA,Ads,0.94
2026-01-18,B0934569,SKU-0014,8,100.09,800.72,130.95,432.24,20.15,US,FBM,Ads,0.858
2026-01-18,B0916675,SKU-0015,9,38.08,342.72,41.82,164.1,12.73,DE,FBM,Organic,0.739
2026-01-19,B0673178,SKU-0001,2,73.95,147.9,22.13,73.48,4.92,CA,FBA,Ads,0.776
2026-01-19,B0494532,SKU-0002,17,21.32,362.44,49.22,174.33,26.88,DE,FBM,Ads,0.752
2026-01-19,B0466098,SKU-0003,10,18.73,187.3,24.0,91.73,14.16,CA,FBM,Ads,0.853
2026-01-19,B0287544,SKU-0004,7,120.16,841.12,137.14,418.06,8.76,UK,FBA,Ads,0.894
2026-01-19,B0444234,SKU-0005,4,82.26,329.04,51.53,139.73,7.08,UK,FBA,Ads,0.948
2026-01-19,B0474559,SKU-0006,6,90.18,541.08,75.59,250.12,11.02,UK,FBA,Organic,0.859
2026-01-19,B0760123,SKU-0007,11,70.79,778.69,111.93,374.69,24.61,UK,FBA,Organic,0.935
2026-01-19,B0300550,SKU-0008,1,31.31,31.31,5.09,17.42,2.45,US,FBA,Ads,0.815
2026-01-19,B0565132,SKU-0009,11,128.57,1414.27,187.81,780.11,21.83,UK,FBM,Organic,0.927
2026-01-19,B0138771,SKU-0010,8,81.12,648.96,88.87,294.46,13.31,UK,FBA,Organic,0.867
2026-01-19,B0165870,SKU-0011,8,40.2,321.6,38.71,149.71,9.65,CA,FBA,Organic,0.731
2026-01-19,B0661462,SKU-0012,13,45.08,586.04,83.77,298.35,15.21,CA,FBM,Organic,0.807
2026-01-19,B0241131,SKU-0013,3,122.68,368.04,59.19,179.91,3.36,DE,FBA,Ads,0.732
2026-01-19,B0934569,SKU-0014,14,87.03,1218.42,162.67,534.43,27.88,CA,FBA,Ads,0.838
2026-01-19,B0916675,SKU-0015,13,37.48,487.24,74.86,213.33,22.9,CA,FBA,Organic,0.951
2026-01-20,B0673178,SKU-0001,13,69.66,905.58,135.35,379.48,32.6,UK,FBA,Organic,0.944
2026-01-20,B0494532,SKU-0002,8,23.43,187.44,30.51,104.42,9.74,US,FBA,Organic,0.818
2026-01-20,B0466098,SKU-0003,10,16.48,164.8,22.4,74.72,16.14,UK,FBA,Organic,0.931
2026-01-20,B0287544,SKU-0004,7,101.79,712.53,98.17,341.3,10.63,UK,FBM,Ads,0.827
2026-01-20,B0444234,SKU-0005,21,82.67,1736.07,219.26,859.48,35.16,UK,FBA,Organic,0.81
2026-01-20,B0474559,SKU-0006,5,97.62,488.1,66.04,252.26,8.65,DE,FBA,Organic,0.933
2026-01-20,B0760123,SKU-0007,12,65.53,786.36,141.15,402.01,25.4,US,FBA,Organic,0.809
2026-01-20,B0300550,SKU-0008,7,29.07,203.49,25.51,91.09,16.66,DE,FBA,Ads,0.915
2026-01-20,B0565132,SKU-0009,13,127.97,1663.61,202.26,861.14,22.41,UK,FBA,Ads,0.93
2026-01-20,B0138771,SKU-0010,20,79.87,1597.4,208.88,714.9,42.35,UK,FBA,Organic,0.764
2026-01-20,B0165870,SKU-0011,6,39.14,234.84,30.58,130.49,13.21,UK,FBM,Organic,0.945
2026-01-20,B0661462,SKU-0012,10,46.24,462.4,76.95,185.07,14.16,CA,FBM,Organic,0.954
2026-01-20,B0241131,SKU-0013,10,111.13,1111.3,135.71,495.76,11.38,DE,FBA,Organic,0.858
2026-01-20,B0934569,SKU-0014,6,102.86,617.16,85.5,337.1,14.25,UK,FBM,Organic,0.793
2026-01-20,B0916675,SKU-0015,13,39.92,518.96,83.46,255.3,15.36,CA,FBM,Ads,0.812
2026-01-21,B0673178,SKU-0001,2,80.82,161.64,23.78,85.09,3.77,US,FBA,Ads,0.917
2026-01-21,B0494532,SKU-0002,12,24.77,297.24,39.11,136.31,26.06,UK,FBM,Ads,0.859
2026-01-21,B0466098,SKU-0003,9,16.87,151.83,19.8,83.72,17.01,DE,FBA,Organic,0.896
2026-01-21,B0287544,SKU-0004,10,101.06,1010.6,153.34,539.56,14.35,US,FBM,Ads,0.952
2026-01-21,B0444234,SKU-0005,1,82.71,82.71,13.88,40.26,1.39,US,FBM,Organic,0.927
2026-01-21,B0474559,SKU-0006,13,100.54,1307.02,188.18,659.68,16.86,DE,FBM,Ads,0.783
2026-01-21,B0760123,SKU-0007,7,65.49,458.43,81.76,200.63,7.75,DE,FBM,Ads,0.91
2026-01-21,B0300550,SKU-0008,11,30.96,340.56,54.95,184.92,22.61,DE,FBM,Organic,0.772
2026-01-21,B0138771,SKU-0010,5,84.95,424.75,55.12,209.39,6.35,UK,FBM,Ads,0.736
2026-01-21,B0165870,SKU-0011,6,39.14,234.84,34.35,94.21,8.81,UK,FBA,Ads,0.816
2026-01-21,B0661462,SKU-0012,10,48.34,483.4,82.84,220.13,24.79,US,FBA,Organic,0.874
2026-01-21,B0241131,SKU-0013,9,126.08,1134.72,179.76,577.57,12.75,US,FBM,Ads,0.882
2026-01-21,B0934569,SKU-0014,12,101.25,1215.0,151.61,528.41,16.83,UK,FBA,Ads,0.856
2026-01-21,B0916675,SKU-0015,11,41.93,461.23,82.6,257.42,14.66,UK,FBM,Organic,0.901
2026-01-22,B0673178,SKU-0001,4,69.56,278.24,34.87,112.92,9.22,UK,FBM,Ads,0.761
2026-01-22,B0494532,SKU-0002,1,24.36,24.36,4.02,10.22,2.48,UK,FBA,Ads,0.811
2026-01-22,B0466098,SKU-0003,7,18.5,129.5,20.98,58.29,13.94,UK,FBM,Ads,0.953
2026-01-22,B0444234,SKU-0005,6,81.09,486.54,62.51,248.9,14.71,US,FBM,Ads,0.8
2026-01-22,B0474559,SKU-0006,9,97.94,881.46,120.12,428.6,13.23,DE,FBA,Ads,0.918
2026-01-22,B0760123,SKU-0007,3,60.49,181.47,29.67,93.11,4.18,UK,FBM,Organic,0.884
2026-01-22,B0300550,SKU-0008,16,30.46,487.36,85.52,232.86,33.69,CA,FBA,Ads,0.815
2026-01-22,B0565132,SKU-0009,8,140.67,1125.36,191.44,576.98,20.22,CA,FBA,Organic,0.776
2026-01-22,B0138771,SKU-0010,8,75.41,603.28,85.23,247.13,15.15,US,FBM,Ads,0.9
2026-01-22,B0165870,SKU-0011,8,38.24,305.92,52.74,146.58,11.54,CA,FBA,Organic,0.862
2026-01-22,B0661462,SKU-0012,12,42.02,504.24,88.05,254.51,13.38,CA,FBA,Ads,0.952
2026-01-22,B0241131,SKU-0013,14,111.41,1559.74,217.34,852.51,35.45,UK,FBA,Organic,0.819
2026-01-22,B0934569,SKU-0014,16,96.04,1536.64,251.43,802.57,38.15,DE,FBA,Ads,0.811
2026-01-22,B0916675,SKU-0015,10,44.06,440.6,63.97,197.38,13.49,UK,FBA,Ads,0.942
2026-01-23,B0673178,SKU-0001,13,79.31,1031.03,124.39,536.4,23.57,DE,FBM,Ads,0.895
2026-01-23,B0494532,SKU-0002,5,22.76,113.8,14.76,60.37,5.56,DE,FBA,Organic,0.732
2026-01-23,B0466098,SKU-0003,8,16.02,128.16,17.29,60.75,10.03,CA,FBM,Ads,0.777
2026-01-23,B0287544,SKU-0004,7,120.07,840.49,118.42,418.13,16.26,CA,FBA,Organic,0.766
2026-01-23,B0444234,SKU-0005,5,80.75,403.75,49.57,201.84,8.0,DE,FBA,Ads,0.917
2026-01-23,B0474559,SKU-0006,7,85.85,600.95,104.19,313.09,16.35,CA,FBM,Organic,0.734
2026-01-23,B0760123,SKU-0007,6,69.55,417.3,63.82,226.14,7.33,CA,FBM,Ads,0.783
2026-01-23,B0300550,SKU-0008,8,27.9,223.2,29.62,97.22,16.72,DE,FBA,Organic,0.805
2026-01-23,B0565132,SKU-0009,13,134.71,1751.23,252.08,750.7,26.47,DE,FBM,Ads,0.891
2026-01-23,B0138771,SKU-0010,6,85.54,513.24,73.27,208.79,9.75,CA,FBA,Ads,0.789
2026-01-23,B0165870,SKU-0011,4,36.07,144.28,24.71,59.79,8.64,CA,FBA,Organic,0.945
2026-01-23,B0661462,SKU-0012,4,40.91,163.64,21.33,77.08,7.67,CA,FBA,Ads,0.833
2026-01-23,B0241131,SKU-0013,13,121.14,1574.82,222.5,854.55,14.99,US,FBA,Organic,0.933
2026-01-23,B0934569,SKU-0014,14,92.98,1301.72,185.69,600.94,22.46,UK,FBM,Organic,0.898
2026-01-23,B0916675,SKU-0015,18,39.4,709.2,107.55,387.91,26.6,CA,FBM,Ads,0.727
2026-01-24,B0673178,SKU-0001,8,78.79,630.32,101.13,268.39,10.12,UK,FBM,Ads,0.727
2026-01-24,B0494532,SKU-0002,9,24.19,217.71,26.75,117.77,10.24,US,FBA,Organic,0.734
2026-01-24,B0466098,SKU-0003,6,17.53,105.18,14.77,46.02,14.04,CA,FBA,Organic,0.903
2026-01-24,B0287544,SKU-0004,6,110.65,663.9,102.37,314.91,12.47,DE,FBA,Ads,0.798
2026-01-24,B0444234,SKU-0005,9,83.66,752.94,131.9,357.63,13.97,CA,FBM,Organic,0.923
2026-01-24,B0474559,SKU-0006,13,99.99,1299.87,230.94,585.87,16.12,DE,FBM,Ads,0.823
2026-01-24,B0760123,SKU-0007,13,69.06,897.78,152.15,466.59,28.38,US,FBM,Organic,0.908
2026-01-24,B0300550,SKU-0008,12,30.9,370.8,48.03,148.59,21.6,CA,FBM,Ads,0.833
2026-01-24,B0565132,SKU-0009,2,141.93,283.86,45.93,121.46,3.53,US,FBA,Ads,0.815
2026-01-24,B0138771,SKU-0010,10,75.24,752.4,117.29,392.37,13.82,UK,FBA,Organic,0.833
2026-01-24,B0165870,SKU-0011,6,34.21,205.26,24.73,108.34,13.65,DE,FBM,Ads,0.721
2026-01-24,B0661462,SKU-0012,8,40.73,325.84,58.49,181.59,9.74,UK,FBM,Ads,0.73
2026-01-24,B0241131,SKU-0013,24,124.46,2987.04,471.27,1212.42,53.89,DE,FBA,Organic,0.804
2026-01-24,B0934569,SKU-0014,12,102.79,1233.48,160.83,576.28,13.38,DE,FBM,Organic,0.943
2026-01-24,B0916675,SKU-0015,2,44.26,88.52,12.43,44.95,3.27,US,FBM,Ads,0.835
2026-01-25,B0673178,SKU-0001,1,70.16,70.16,11.26,30.31,1.95,DE,FBM,Ads,0.797
2026-01-25,B0494532,SKU-0002,5,21.69,108.45,18.51,44.24,7.22,UK,FBM,Organic,0.804
2026-01-25,B0466098,SKU-0003,1,16.01,16.01,2.54,7.23,1.71,CA,FBM,Ads,0.863
2026-01-25,B0287544,SKU-0004,18,107.49,1934.82,294.46,791.78,45.73,DE,FBM,Organic,0.772
2026-01-25,B0444234,SKU-0005,12,91.34,1096.08,179.76,501.83,22.84,US,FBM,Ads,0.839
2026-01-25,B0474559,SKU-0006,16,90.21,1443.36,258.48,708.57,29.48,DE,FBA,Ads,0.958
2026-01-25,B0760123,SKU-0007,11,67.82,746.02,122.02,308.51,26.0,CA,FBA,Ads,0.726
2026-01-25,B0300550,SKU-0008,12,27.19,326.28,52.77,136.21,18.46,CA,FBA,Organic,0.759
2026-01-25,B0565132,SKU-0009,9,122.6,1103.4,187.73,489.65,14.95,UK,FBM,Organic,0.809
2026-01-25,B0138771,SKU-0010,12,77.58,930.96,124.72,475.29,15.69,US,FBA,Organic,0.774
2026-01-25,B0165870,SKU-0011,14,40.35,564.9,89.15,292.45,22.92,DE,FBA,Organic,0.765
2026-01-25,B0661462,SKU-0012,15,46.6,699.0,102.15,369.63,34.87,UK,FBM,Organic,0.832
2026-01-25,B0241131,SKU-0013,12,128.78,1545.36,262.2,764.01,16.53,DE,FBA,Ads,0.822
2026-01-25,B0934569,SKU-0014,7,98.99,692.93,113.38,286.23,14.69,CA,FBA,Organic,0.916
2026-01-25,B0916675,SKU-0015,6,39.15,234.9,31.0,115.02,14.98,UK,FBM,Ads,0.82
2026-01-26,B0673178,SKU-0001,10,75.93,759.3,95.41,338.34,20.33,CA,FBM,Ads,0.939
2026-01-26,B0494532,SKU-0002,10,23.27,232.7,36.23,117.77,24.85,US,FBA,Ads,0.955
2026-01-26,B0444234,SKU-0005,6,91.37,548.22,66.34,243.98,13.3,UK,FBM,Organic,0.904
2026-01-26,B0474559,SKU-0006,11,93.77,1031.47,180.73,508.5,14.33,UK,FBM,Organic,0.856
2026-01-26,B0760123,SKU-0007,16,62.63,1002.08,161.53,484.28,24.92,DE,FBA,Ads,0.755
2026-01-26,B0300550,SKU-0008,8,28.16,225.28,27.43,109.21,10.43,US,FBM,Ads,0.934
2026-01-26,B0565132,SKU-0009,13,127.19,1653.47,275.0,705.82,26.98,DE,FBA,Ads,0.731
2026-01-26,B0138771,SKU-0010,15,77.86,1167.9,179.17,524.66,34.56,DE,FBM,Organic,0.925
2026-01-26,B0661462,SKU-0012,14,43.89,614.46,98.74,302.92,22.14,CA,FBA,Ads,0.777
2026-01-26,B0241131,SKU-0013,15,117.36,1760.4,227.35,945.87,31.9,US,FBA,Organic,0.917
2026-01-26,B0934569,SKU-0014,6,100.9,605.4,80.71,335.4,11.32,DE,FBA,Ads,0.785
2026-01-26,B0916675,SKU-0015,8,42.08,336.64,51.35,156.9,14.04,US,FBA,Organic,0.851
2026-01-27,B0673178,SKU-0001,12,83.79,1005.48,158.42,481.49,16.38,UK,FBA,Ads,0.933
2026-01-27,B0494532,SKU-0002,13,22.06,286.78,50.29,151.59,28.79,UK,FBA,Ads,0.792
2026-01-27,B0466098,SKU-0003,11,18.29,201.19,28.6,80.97,19.97,CA,FBA,Organic,0.817
2026-01-27,B0287544,SKU-0004,18,105.38,1896.84,250.86,1022.95,26.85,CA,FBA,Ads,0.745
2026-01-27,B0444234,SKU-0005,8,87.23,697.84,114.53,297.56,9.67,CA,FBM,Organic,0.924
2026-01-27,B0474559,SKU-0006,10,94.55,945.5,161.14,406.47,15.73,UK,FBA,Ads,0.732
2026-01-27,B0300550,SKU-0008,9,27.58,248.22,30.87,103.25,13.08,US,FBA,Organic,0.78
2026-01-27,B0565132,SKU-0009,16,126.6,2025.6,275.15,963.29,32.48,CA,FBA,Ads,0.916
2026-01-27,B0138771,SKU-0010,7,84.14,588.98,93.61,286.39,11.7,UK,FBM,Ads,0.799
2026-01-27,B0661462,SKU-0012,12,44.11,529.32,80.99,237.97,27.08,UK,FBA,Ads,0.931
2026-01-27,B0241131,SKU-0013,5,129.71,648.55,88.45,316.38,8.4,DE,FBA,Organic,0.849
2026-01-27,B0934569,SKU-0014,17,88.79,1509.43,219.55,633.11,36.89,DE,FBA,Organic,0.796
2026-01-27,B0916675,SKU-0015,12,40.92,491.04,86.52,270.93,21.37,DE,FBM,Ads,0.763
2026-01-28,B0673178,SKU-0001,6,69.96,419.76,57.86,172.43,9.37,DE,FBM,Ads,0.809
2026-01-28,B0494532,SKU-0002,16,25.07,401.12,69.83,184.72,41.27,US,FBM,Organic,0.89
2026-01-28,B0466098,SKU-0003,12,17.63,211.56,31.32,98.5,20.55,DE,FBA,Ads,0.843
2026-01-28,B0287544,SKU-0004,4,108.45,433.8,60.12,186.26,7.23,UK,FBA,Ads,0.858
2026-01-28,B0444234,SKU-0005,8,92.87,742.96,130.49,413.41,12.44,UK,FBA,Organic,0.802
2026-01-28,B0474559,SKU-0006,8,91.82,734.56,95.81,361.83,11.88,CA,FBA,Organic,0.765
2026-01-28,B0760123,SKU-0007,10,69.66,696.6,121.03,352.0,18.7,CA,FBM,Ads,0.738
2026-01-28,B0300550,SKU-0008,11,29.02,319.22,52.98,164.67,14.81,UK,FBA,Organic,0.9
2026-01-28,B0565132,SKU-0009,3,142.64,427.92,51.54,221.82,6.02,UK,FBA,Ads,0.778
2026-01-28,B0138771,SKU-0010,11,85.43,939.73,135.18,398.03,15.04,CA,FBA,Ads,0.757
2026-01-28,B0165870,SKU-0011,7,34.29,240.03,36.73,100.79,16.97,DE,FBA,Organic,0.766
2026-01-28,B0661462,SKU-0012,6,46.92,281.52,48.77,149.82,7.61,UK,FBM,Organic,0.899
2026-01-28,B0241131,SKU-0013,12,128.63,1543.56,193.74,729.92,28.36,DE,FBM,Organic,0.803
2026-01-28,B0934569,SKU-0014,8,100.97,807.76,116.36,342.44,10.83,CA,FBM,Organic,0.91
2026-01-28,B0916675,SKU-0015,19,43.63,828.97,135.49,414.97,38.94,CA,FBM,Organic,0.897
2026-01-29,B0673178,SKU-0001,7,73.37,513.59,77.16,274.43,10.72,CA,FBM,Organic,0.95
2026-01-29,B0494532,SKU-0002,9,24.86,223.74,30.55,114.57,17.66,US,FBM,Ads,0.895
2026-01-29,B0466098,SKU-0003,14,17.58,246.12,33.23,112.22,22.3,CA,FBA,Organic,0.854
2026-01-29,B0287544,SKU-0004,2,111.47,222.94,38.98,96.01,4.36,UK,FBM,Organic,0.946
2026-01-29,B0444234,SKU-0005,10,89.62,896.2,150.08,364.31,13.22,US,FBM,Organic,0.892
2026-01-29,B0474559,SKU-0006,12,85.74,1028.88,170.7,484.63,29.9,CA,FBA,Ads,0.903
2026-01-29,B0760123,SKU-0007,16,61.92,990.72,177.5,411.2,18.3,UK,FBM,Ads,0.934
2026-01-29,B0300550,SKU-0008,2,27.71,55.42,9.29,23.81,3.27,UK,FBA,Organic,0.928
2026-01-29,B0138771,SKU-0010,7,80.46,563.22,81.71,231.47,8.68,UK,FBA,Organic,0.783
2026-01-29,B0165870,SKU-0011,1,40.71,40.71,6.81,20.85,1.26,US,FBA,Organic,0.741
2026-01-29,B0661462,SKU-0012,23,41.88,963.24,126.13,513.54,57.14,US,FBM,Organic,0.91
2026-01-29,B0241131,SKU-0013,10,122.36,1223.6,183.01,539.86,21.87,DE,FBM,Ads,0.784
2026-01-29,B0934569,SKU-0014,11,98.71,1085.81,130.86,541.91,28.49,CA,FBA,Organic,0.741
2026-01-29,B0916675,SKU-0015,7,37.38,261.66,41.66,139.75,9.87,CA,FBA,Ads,0.878
2026-01-30,B0494532,SKU-0002,12,21.14,253.68,36.09,108.19,30.56,CA,FBA,Ads,0.846
2026-01-30,B0466098,SKU-0003,12,16.11,193.32,29.57,79.58,27.11,UK,FBM,Organic,0.866
2026-01-30,B0287544,SKU-0004,17,119.51,2031.67,272.0,867.63,40.83,UK,FBM,Organic,0.806
2026-01-30,B0444234,SKU-0005,7,93.25,652.75,115.59,296.69,12.2,DE,FBM,Organic,0.789
2026-01-30,B0474559,SKU-0006,11,87.92,967.12,155.57,466.85,27.93,DE,FBM,Ads,0.834
2026-01-30,B0760123,SKU-0007,8,62.31,498.48,60.67,216.54,13.77,UK,FBA,Organic,0.844
2026-01-30,B0300550,SKU-0008,4,29.76,119.04,20.13,64.33,7.99,US,FBM,Organic,0.832
2026-01-30,B0138771,SKU-0010,4,81.67,326.68,44.41,166.85,8.33,DE,FBA,Ads,0.777
2026-01-30,B0165870,SKU-0011,4,35.08,140.32,23.4,77.76,4.65,DE,FBM,Ads,0.765
2026-01-30,B0661462,SKU-0012,9,48.38,435.42,77.69,197.31,17.95,US,FBM,Organic,0.843
2026-01-30,B0241131,SKU-0013,10,111.03,1110.3,182.33,517.15,20.62,DE,FBA,Organic,0.785
2026-01-30,B0934569,SKU-0014,3,93.99,281.97,34.32,133.64,6.28,UK,FBM,Organic,0.863
2026-01-30,B0916675,SKU-0015,13,42.31,550.03,67.74,225.79,19.0,CA,FBA,Ads,0.913
2026-01-31,B0673178,SKU-0001,11,70.58,776.38,93.54,414.71,25.07,US,FBM,Ads,0.849
2026-01-31,B0494532,SKU-0002,16,22.97,367.52,66.01,179.37,20.32,DE,FBA,Ads,0.751
2026-01-31,B0466098,SKU-0003,17,16.77,285.09,49.74,127.25,33.16,CA,FBM,Ads,0.902
2026-01-31,B0287544,SKU-0004,6,106.89,641.34,114.98,287.05,10.5,UK,FBM,Organic,0.727
2026-01-31,B0444234,SKU-0005,9,94.02,846.18,104.28,386.1,16.03,DE,FBM,Ads,0.836
2026-01-31,B0474559,SKU-0006,14,100.87,1412.18,170.33,707.8,17.4,CA,FBM,Ads,0.928
2026-01-31,B0760123,SKU-0007,10,65.55,655.5,107.73,347.31,22.62,UK,FBM,Ads,0.829
2026-01-31,B0300550,SKU-0008,17,27.58,468.86,56.96,243.92,27.37,CA,FBA,Organic,0.841
2026-01-31,B0565132,SKU-0009,21,142.38,2989.98,413.02,1646.39,50.88,US,FBA,Organic,0.79
2026-01-31,B0138771,SKU-0010,11,79.74,877.14,139.17,449.24,20.69,CA,FBM,Ads,0.938
2026-01-31,B0165870,SKU-0011,8,40.64,325.12,47.0,173.39,17.58,CA,FBM,Ads,0.862
2026-01-31,B0661462,SKU-0012,18,44.93,808.74,121.77,365.34,26.16,UK,FBA,Ads,0.922
2026-01-31,B0241131,SKU-0013,5,125.03,625.15,95.23,284.5,10.25,DE,FBA,Organic,0.826
2026-01-31,B0934569,SKU-0014,8,87.97,703.76,103.64,387.84,18.49,US,FBA,Organic,0.779
2026-01-31,B0916675,SKU-0015,8,39.54,316.32,41.6,156.97,12.35,UK,FBM,Organic,0.894
2026-02-01,B0673178,SKU-0001,14,79.78,1116.92,172.5,532.0,24.49,CA,FBM,Ads,0.782
2026-02-01,B0494532,SKU-0002,9,24.15,217.35,38.86,99.0,19.77,DE,FBA,Ads,0.813
2026-02-01,B0287544,SKU-0004,16,106.8,1708.8,303.84,744.25,28.33,CA,FBM,Organic,0.783
2026-02-01,B0444234,SKU-0005,9,87.26,785.34,140.59,424.71,15.45,UK,FBA,Ads,0.893
2026-02-01,B0474559,SKU-0006,9,88.43,795.87,142.1,369.36,10.81,CA,FBA,Ads,0.854
2026-02-01,B0760123,SKU-0007,7,60.11,420.77,56.6,223.56,10.03,CA,FBM,Organic,0.885
2026-02-01,B0300550,SKU-0008,17,27.95,475.15,81.1,195.0,41.79,CA,FBA,Ads,0.779
2026-02-01,B0565132,SKU-0009,13,128.19,1666.47,220.5,891.86,24.54,CA,FBM,Ads,0.891
2026-02-01,B0138771,SKU-0010,11,74.64,821.04,100.8,429.27,22.91,US,FBM,Ads,0.811
2026-02-01,B0165870,SKU-0011,14,37.21,520.94,80.27,253.99,21.47,DE,FBM,Organic,0.802
2026-02-01,B0661462,SKU-0012,9,42.8,385.2,59.98,154.95,21.65,CA,FBM,Organic,0.744
2026-02-01,B0241131,SKU-0013,14,115.36,1615.04,229.44,670.66,28.03,DE,FBA,Ads,0.73
2026-02-01,B0916675,SKU-0015,13,41.21,535.73,81.63,219.68,24.55,UK,FBA,Organic,0.814
2026-02-02,B0673178,SKU-0001,3,69.76,209.28,28.43,90.51,7.24,UK,FBM,Organic,0.865
2026-02-02,B0494532,SKU-0002,15,24.23,363.45,50.46,155.6,36.27,DE,FBM,Organic,0.814
2026-02-02,B0466098,SKU-0003,1,15.78,15.78,2.6,8.42,1.17,UK,FBA,Ads,0.855
2026-02-02,B0287544,SKU-0004,14,120.4,1685.6,283.64,815.72,21.19,US,FBA,Organic,0.776
2026-02-02,B0444234,SKU-0005,13,87.8,1141.4,161.41,472.88,14.92,DE,FBM,Organic,0.913
2026-02-02,B0474559,SKU-0006,13,90.74,1179.62,161.85,624.52,33.77,CA,FBA,Organic,0.779
2026-02-02,B0760123,SKU-0007,6,61.75,370.5,55.65,163.79,11.79,CA,FBA,Ads,0.825
2026-02-02,B0300550,SKU-0008,6,30.84,185.04,30.03,76.75,13.52,CA,FBM,Ads,0.858
2026-02-02,B0565132,SKU-0009,13,138.0,1794.0,245.13,737.16,20.25,DE,FBA,Organic,0.934
2026-02-02,B0138771,SKU-0010,5,81.11,405.55,69.69,205.91,5.84,US,FBA,Ads,0.87
2026-02-02,B0165870,SKU-0011,15,34.58,518.7,79.77,289.66,18.34,CA,FBM,Ads,0.894
2026-02-02,B0661462,SKU-0012,6,42.45,254.7,44.1,141.84,12.57,DE,FBA,Organic,0.895
2026-02-02,B0241131,SKU-0013,3,132.16,396.48,59.26,158.87,5.76,DE,FBM,Ads,0.74
2026-02-02,B0934569,SKU-0014,14,88.24,1235.36,153.63,540.27,36.25,DE,FBA,Ads,0.774
2026-02-02,B0916675,SKU-0015,12,40.61,487.32,84.92,270.2,19.52,UK,FBA,Ads,0.804
2026-02-03,B0673178,SKU-0001,20,80.15,1603.0,274.17,742.31,32.62,US,FBA,Organic,0.945
2026-02-03,B0494532,SKU-0002,12,20.85,250.2,39.0,117.58,16.38,DE,FBM,Organic,0.789
2026-02-03,B0466098,SKU-0003,13,17.03,221.39,34.78,104.6,16.05,DE,FBM,Organic,0.831
2026-02-03,B0287544,SKU-0004,22,109.47,2408.34,352.39,1023.67,47.53,DE,FBM,Ads,0.836
2026-02-03,B0444234,SKU-0005,9,97.06,873.54,145.65,354.36,14.71,UK,FBA,Organic,0.751
2026-02-03,B0474559,SKU-0006,7,90.85,635.95,97.47,276.01,16.5,CA,FBA,Ads,0.849
2026-02-03,B0760123,SKU-0007,8,70.56,564.48,80.99,257.21,17.44,CA,FBM,Ads,0.939
2026-02-03,B0300550,SKU-0008,4,31.03,124.12,19.9,56.21,6.13,DE,FBA,Ads,0.819
2026-02-03,B0565132,SKU-0009,10,126.72,1267.2,188.65,654.99,16.99,CA,FBA,Ads,0.87
2026-02-03,B0138771,SKU-0010,12,85.64,1027.68,152.22,475.63,16.49,CA,FBM,Ads,0.833
2026-02-03,B0165870,SKU-0011,10,39.71,397.1,61.61,219.86,15.99,US,FBM,Ads,0.928
2026-02-03,B0916675,SKU-0015,9,40.76,366.84,44.31,190.09,20.43,US,FBM,Organic,0.873
2026-02-04,B0673178,SKU-0001,10,78.67,786.7,118.45,396.02,22.04,UK,FBA,Organic,0.848
2026-02-04,B0494532,SKU-0002,12,24.44,293.28,49.97,161.11,22.47,UK,FBM,Organic,0.954
2026-02-04,B0466098,SKU-0003,2,16.57,33.14,4.37,16.43,2.91,UK,FBM,Organic,0.918
2026-02-04,B0287544,SKU-0004,11,110.15,1211.65,200.8,589.76,15.62,US,FBA,Organic,0.94
2026-02-04,B0444234,SKU-0005,10,91.02,910.2,145.29,476.43,20.29,UK,FBA,Ads,0.8
2026-02-04,B0474559,SKU-0006,16,99.39,1590.24,277.52,728.41,33.2,CA,FBM,Ads,0.77
2026-02-04,B0760123,SKU-0007,13,66.46,863.98,113.45,371.87,27.79,CA,FBM,Organic,0.823
2026-02-04,B0300550,SKU-0008,14,31.44,440.16,67.08,208.63,31.62,UK,FBA,Organic,0.947
2026-02-04,B0565132,SKU-0009,12,127.23,1526.76,188.71,657.72,20.2,US,FBA,Ads,0.772
2026-02-04,B0138771,SKU-0010,11,74.95,824.45,114.33,410.99,23.12,UK,FBA,Ads,0.948
2026-02-04,B0165870,SKU-0011,4,35.43,141.72,17.64,66.04,8.67,CA,FBM,Ads,0.869
2026-02-04,B0661462,SKU-0012,7,46.39,324.73,49.53,165.3,16.75,CA,FBA,Organic,0.915
2026-02-04,B0241131,SKU-0013,13,119.32,1551.16,206.23,766.0,19.96,UK,FBA,Organic,0.72
2026-02-04,B0934569,SKU-0014,14,102.56,1435.84,195.41,586.37,20.33,CA,FBA,Organic,0.877
2026-02-04,B0916675,SKU-0015,7,42.21,295.47,46.1,147.88,15.16,CA,FBA,Organic,0.949
2026-02-05,B0673178,SKU-0001,18,73.82,1328.76,169.85,739.47,26.02,US,FBM,Organic,0.902
2026-02-05,B0494532,SKU-0002,9,21.09,189.81,31.09,88.1,19.12,CA,FBA,Ads,0.729
2026-02-05,B0466098,SKU-0003,9,18.12,163.08,19.95,84.25,14.1,DE,FBM,Ads,0.817
2026-02-05,B0287544,SKU-0004,7,115.72,810.04,137.45,329.73,15.34,CA,FBM,Ads,0.788
2026-02-05,B0444234,SKU-0005,5,82.83,414.15,60.08,200.46,8.53,US,FBA,Ads,0.809
2026-02-05,B0474559,SKU-0006,11,91.36,1004.96,157.22,465.29,15.05,US,FBA,Organic,0.954
2026-02-05,B0760123,SKU-0007,13,66.3,861.9,125.1,357.78,22.74,CA,FBM,Organic,0.923
2026-02-05,B0300550,SKU-0008,2,30.33,60.66,9.59,24.76,2.31,CA,FBM,Organic,0.95
2026-02-05,B0565132,SKU-0009,12,133.16,1597.92,207.01,867.59,29.48,CA,FBA,Ads,0.954
2026-02-05,B0138771,SKU-0010,16,82.11,1313.76,161.8,612.15,33.87,US,FBM,Ads,0.745
2026-02-05,B0165870,SKU-0011,11,38.69,425.59,55.58,181.24,19.28,CA,FBM,Organic,0.779
2026-02-05,B0661462,SKU-0012,10,48.82,488.2,66.75,204.08,20.76,UK,FBM,Organic,0.745
2026-02-05,B0934569,SKU-0014,17,85.88,1459.96,192.17,675.03,33.75,UK,FBA,Organic,0.751
2026-02-05,B0916675,SKU-0015,11,36.93,406.23,57.82,183.82,23.34,US,FBA,Organic,0.901
2026-02-06,B0673178,SKU-0001,9,75.19,676.71,88.61,368.55,21.25,CA,FBA,Ads,0.867
2026-02-06,B0494532,SKU-0002,5,25.08,125.4,19.63,55.96,7.65,CA,FBM,Organic,0.917
2026-02-06,B0287544,SKU-0004,9,108.5,976.5,124.79,465.25,12.52,UK,FBM,Organic,0.854
2026-02-06,B0444234,SKU-0005,13,83.97,1091.61,183.11,448.64,26.38,CA,FBM,Ads,0.93
2026-02-06,B0474559,SKU-0006,5,85.38,426.9,64.92,212.87,8.78,CA,FBA,Organic,0.849
2026-02-06,B0760123,SKU-0007,9,59.69,537.21,89.9,287.46,15.01,DE,FBM,Organic,0.794
2026-02-06,B0565132,SKU-0009,10,126.85,1268.5,223.03,649.17,17.21,US,FBM,Organic,0.809
2026-02-06,B0138771,SKU-0010,7,85.08,595.56,99.96,283.65,13.53,CA,FBA,Ads,0.951
2026-02-06,B0165870,SKU-0011,17,38.34,651.78,102.13,363.74,34.3,US,FBM,Ads,0.889
2026-02-06,B0661462,SKU-0012,10,46.0,460.0,75.11,217.09,16.6,DE,FBM,Organic,0.848
2026-02-06,B0241131,SKU-0013,9,126.58,1139.22,168.08,469.25,11.86,UK,FBA,Organic,0.8
2026-02-06,B0934569,SKU-0014,9,93.03,837.27,114.97,456.11,19.59,CA,FBA,Ads,0.848
2026-02-06,B0916675,SKU-0015,11,41.84,460.24,75.82,196.51,22.68,CA,FBM,Organic,0.779
2026-02-07,B0673178,SKU-0001,14,72.27,1011.78,136.19,514.68,31.92,DE,FBA,Ads,0.76
2026-02-07,B0494532,SKU-0002,7,21.77,152.39,21.76,72.17,15.2,DE,FBM,Ads,0.95
2026-02-07,B0287544,SKU-0004,6,105.91,635.46,96.2,346.85,14.97,CA,FBA,Organic,0.866
2026-02-07,B0444234,SKU-0005,5,96.81,484.05,83.11,214.51,8.73,DE,FBA,Organic,0.946
2026-02-07,B0760123,SKU-0007,4,61.37,245.48,35.81,126.36,5.7,UK,FBM,Ads,0.891
2026-02-07,B0300550,SKU-0008,9,31.02,279.18,47.24,143.55,13.85,CA,FBM,Ads,0.789
2026-02-07,B0565132,SKU-0009,11,137.98,1517.78,234.97,770.13,15.66,UK,FBM,Organic,0.866
2026-02-07,B0138771,SKU-0010,16,75.64,1210.24,189.45,598.45,27.81,US,FBA,Organic,0.895
2026-02-07,B0165870,SKU-0011,9,37.49,337.41,57.16,146.19,17.14,DE,FBM,Ads,0.776
2026-02-07,B0241131,SKU-0013,17,121.33,2062.61,330.06,1086.8,29.46,CA,FBM,Ads,0.752
2026-02-07,B0934569,SKU-0014,19,98.28,1867.32,290.15,781.87,45.0,UK,FBA,Organic,0.958
2026-02-07,B0916675,SKU-0015,9,37.43,336.87,45.06,170.09,12.24,DE,FBA,Organic,0.842
2026-02-08,B0673178,SKU-0001,10,78.04,780.4,128.44,357.69,25.69,UK,FBM,Ads,0.908
2026-02-08,B0494532,SKU-0002,11,21.49,236.39,40.63,112.32,22.62,DE,FBM,Organic,0.89
2026-02-08,B0466098,SKU-0003,14,16.9,236.6,33.33,130.99,21.23,DE,FBA,Ads,0.832
2026-02-08,B0287544,SKU-0004,16,115.92,1854.72,298.0,918.58,20.61,CA,FBA,Organic,0.929
2026-02-08,B0444234,SKU-0005,15,80.67,1210.05,208.51,599.86,35.69,DE,FBA,Organic,0.95
2026-02-08,B0474559,SKU-0006,3,86.96,260.88,37.53,104.42,7.11,US,FBM,Ads,0.805
2026-02-08,B0760123,SKU-0007,4,66.3,265.2,31.92,115.34,6.13,US,FBM,Organic,0.911
2026-02-08,B0300550,SKU-0008,8,27.38,219.04,32.19,109.79,15.89,DE,FBA,Organic,0.925
2026-02-08,B0565132,SKU-0009,9,132.65,1193.85,189.46,613.37,10.14,DE,FBM,Organic,0.757
2026-02-08,B0138771,SKU-0010,11,78.18,859.98,111.06,416.35,18.72,US,FBA,Organic,0.933
2026-02-08,B0165870,SKU-0011,6,35.9,215.4,30.98,95.36,10.33,US,FBA,Organic,0.895
2026-02-08,B0661462,SKU-0012,1,40.63,40.63,6.23,18.71,2.13,CA,FBM,Organic,0.761
2026-02-08,B0241131,SKU-0013,11,133.21,1465.31,234.85,613.79,24.07,US,FBA,Organic,0.954
2026-02-08,B0934569,SKU-0014,9,96.64,869.76,135.66,426.43,10.37,US,FBA,Organic,0.855
2026-02-08,B0916675,SKU-0015,8,39.21,313.68,39.84,173.16,10.7,UK,FBA,Ads,0.867
2026-02-09,B0673178,SKU-0001,2,69.87,139.74,18.23,68.5,4.69,CA,FBM,Ads,0.819
2026-02-09,B0494532,SKU-0002,13,22.62,294.06,48.32,150.95,23.86,UK,FBA,Organic,0.947
2026-02-09,B0466098,SKU-0003,9,17.84,160.56,23.43,78.27,21.25,CA,FBM,Ads,0.754
2026-02-09,B0287544,SKU-0004,3,103.09,309.27,41.22,130.59,4.12,UK,FBA,Organic,0.736
2026-02-09,B0444234,SKU-0005,3,95.38,286.14,37.28,148.65,6.75,UK,FBM,Organic,0.831
2026-02-09,B0474559,SKU-0006,8,90.56,724.48,118.94,346.34,16.37,CA,FBA,Organic,0.811
2026-02-09,B0760123,SKU-0007,12,66.36,796.32,132.72,394.4,24.34,CA,FBM,Organic,0.951
2026-02-09,B0300550,SKU-0008,4,26.86,107.44,16.48,53.56,7.57,US,FBM,Organic,0.752
2026-02-09,B0565132,SKU-0009,9,137.4,1236.6,220.99,627.95,22.29,US,FBA,Ads,0.821
2026-02-09,B0138771,SKU-0010,17,83.24,1415.08,250.67,618.83,21.96,CA,FBM,Ads,0.747
2026-02-09,B0165870,SKU-0011,12,34.96,419.52,71.8,228.02,26.94,US,FBA,Organic,0.783
2026-02-09,B0934569,SKU-0014,3,86.19,258.57,43.04,137.63,3.64,UK,FBM,Ads,0.889
2026-02-09,B0916675,SKU-0015,12,36.74,440.88,61.96,216.92,16.24,CA,FBA,Ads,0.747
2026-02-10,B0673178,SKU-0001,11,82.79,910.69,136.78,417.38,17.96,UK,FBM,Ads,0.782
2026-02-10,B0494532,SKU-0002,6,24.09,144.54,25.88,77.28,11.86,US,FBA,Organic,0.945
2026-02-10,B0466098,SKU-0003,11,17.02,187.22,32.96,85.31,13.4,CA,FBM,Ads,0.86
2026-02-10,B0287544,SKU-0004,10,114.1,1141.0,196.29,535.2,21.04,UK,FBM,Organic,0.795
2026-02-10,B0444234,SKU-0005,10,94.87,948.7,161.71,392.53,19.94,CA,FBM,Organic,0.87
2026-02-10,B0474559,SKU-0006,11,89.83,988.13,141.3,466.23,24.33,DE,FBA,Organic,0.757
2026-02-10,B0760123,SKU-0007,3,70.73,212.19,32.86,94.05,4.27,CA,FBA,Ads,0.959
2026-02-10,B0300550,SKU-0008,10,27.67,276.7,49.7,119.82,12.77,UK,FBA,Ads,0.792
2026-02-10,B0565132,SKU-0009,5,118.69,593.45,85.5,320.27,10.27,UK,FBM,Ads,0.735
2026-02-10,B0138771,SKU-0010,7,82.89,580.23,87.46,313.96,14.74,UK,FBA,Ads,0.766
2026-02-10,B0165870,SKU-0011,21,40.52,850.92,139.52,440.34,38.06,UK,FBA,Organic,0.952
2026-02-10,B0661462,SKU-0012,12,48.62,583.44,84.46,297.86,24.88,US,FBA,Organic,0.836
2026-02-10,B0241131,SKU-0013,4,124.22,496.88,87.7,235.61,10.35,UK,FBA,Organic,0.958
2026-02-10,B0934569,SKU-0014,20,102.97,2059.4,286.92,1018.65,28.86,US,FBM,Organic,0.772
2026-02-10,B0916675,SKU-0015,9,38.93,350.37,44.69,179.15,19.09,DE,FBM,Organic,0.949
