customer_id,signup_date,source_channel,email_opt_in,loyalty_member
1,2026-01-08,Email,True,False
2,2025-09-22,Email,True,False
3,2025-07-06,Direct,False,True
4,2025-07-23,Paid Search,True,True
5,2025-02-26,Direct,True,False
6,2025-11-20,Paid Social,False,True
7,2025-02-14,Email,False,False
8,2025-03-31,Direct,False,False
9,2025-09-13,Paid Social,True,False
10,2025-09-30,Email,True,False
11,2025-07-22,Email,True,True
12,2025-07-14,Direct,False,False
13,2026-01-15,Organic Search,True,False
14,2026-02-03,Paid Search,False,True
15,2026-01-27,Paid Social,False,False
16,2025-01-30,Organic Search,True,False
17,2025-04-13,Paid Search,True,True
18,2025-02-07,Organic Search,True,False
19,2026-01-20,Email,True,True
20,2025-08-24,Paid Search,True,True
21,2025-03-18,Direct,True,True
22,2025-06-14,Paid Search,False,False
23,2025-04-03,Email,False,False
24,2025-09-15,Email,True,False
25,2025-05-03,Paid Social,True,False
26,2025-07-02,Organic Search,False,True
27,2025-06-11,Email,True,True
28,2025-01-05,Organic Search,True,True
29,2025-11-12,Paid Search,True,True
30,2025-05-07,Paid Social,False,True
31,2025-07-06,Paid Social,True,True
32,2025-05-16,Paid Social,False,False
33,2025-01-10,Direct,True,False
34,2025-02-12,Paid Social,True,False
35,2025-01-10,Email,True,False
36,2025-04-09,Paid Search,False,False
37,2025-11-24,Paid Social,True,False
38,2025-07-06,Paid Search,False,True
39,2025-10-03,Email,False,False
40,2026-01-16,Paid Social,False,False
41,2025-05-03,Organic Search,True,False
42,2026-01-09,Paid Social,True,False
43,2025-08-15,Paid Social,False,False
44,2025-08-23,Email,True,True
45,2025-10-23,Direct,True,True
46,2025-12-01,Email,True,False
47,2025-09-25,Paid Social,True,False
48,2025-01-02,Paid Social,True,True
49,2025-12-14,Email,False,False
50,2025-08-15,Organic Search,True,False
51,2025-07-04,Direct,False,False
52,2025-12-05,Paid Social,True,True
53,2025-09-21,Direct,True,True
54,2025-04-15,Paid Social,True,False
55,2025-05-23,Organic Search,True,False
56,2025-10-01,Organic Search,False,True
57,2026-01-10,Direct,True,False
58,2025-02-24,Email,True,True
59,2026-01-12,Paid Social,True,False
60,2026-01-16,Organic Search,False,False
61,2025-07-09,Email,True,False
62,2025-11-05,Paid Social,True,True
63,2025-10-31,Email,True,False
64,2025-02-12,Paid Social,True,False
65,2025-03-23,Direct,True,False
66,2025-07-26,Paid Search,True,True
67,2025-11-26,Direct,True,False
68,2025-07-18,Organic Search,True,False
69,2025-03-31,Paid Social,True,False
70,2025-03-26,Paid Search,True,False
71,2025-01-06,Email,True,False
72,2025-05-29,Email,True,False
73,2025-05-04,Paid Search,True,False
74,2025-03-05,Organic Search,True,False
75,2025-11-03,Organic Search,True,False
76,2025-12-12,Paid Social,False,False
77,2025-11-30,Paid Social,False,False
78,2026-01-05,Email,True,True
79,2025-09-12,Paid Search,True,False
80,2025-08-22,Paid Search,True,True
81,2025-05-03,Paid Search,False,False
82,2025-09-21,Paid Social,False,False
83,2025-06-11,Organic Search,True,False
84,2025-10-03,Direct,True,False
85,2025-03-20,Paid Social,True,True
86,2025-10-25,Organic Search,True,True
87,2025-06-29,Organic Search,True,False
88,2026-01-21,Email,True,False
89,2025-02-05,Paid Social,True,False
90,2025-09-27,Email,True,True
91,2025-01-03,Organic Search,False,False
92,2025-01-29,Organic Search,True,False
93,2025-02-15,Direct,False,False
94,2025-05-01,Organic Search,True,True
95,2025-09-24,Direct,False,False
96,2025-03-06,Direct,False,True
97,2026-01-19,Paid Social,True,True
98,2025-02-10,Email,False,True
99,2025-11-30,Paid Search,False,True
100,2025-09-29,Email,True,False
101,2025-09-19,Paid Social,True,False
102,2025-12-16,Email,False,True
103,2025-06-20,Organic Search,True,False
104,2025-11-03,Email,False,True
105,2026-01-12,Direct,True,False
106,2025-03-28,Paid Search,True,False
107,2025-05-07,Paid Social,True,False
108,2025-12-09,Direct,True,False
109,2025-06-06,Paid Search,True,False
110,2025-07-26,Organic Search,False,True
111,2025-06-01,Paid Search,False,False
112,2025-02-01,Paid Search,False,False
113,2025-09-07,Email,False,False
114,2025-05-25,Paid Social,False,False
115,2025-12-23,Organic Search,True,False
116,2025-11-23,Paid Social,True,False
117,2025-04-16,Organic Search,True,False
118,2025-12-26,Paid Social,True,False
119,2025-01-13,Organic Search,True,False
120,2025-09-18,Organic Search,True,False
121,2025-04-23,Paid Search,False,False
122,2025-05-31,Paid Search,True,False
123,2025-09-27,Paid Social,False,False
124,2025-09-15,Direct,True,True
125,2025-06-21,Direct,True,False
126,2025-07-04,Paid Social,True,True
127,2025-12-17,Paid Search,False,False
128,2025-11-07,Paid Social,True,False
129,2025-05-24,Organic Search,False,False
130,2025-05-27,Organic Search,True,True
131,2025-10-27,Paid Social,False,False
132,2025-05-03,Direct,True,False
133,2025-11-29,Email,True,False
134,2025-12-05,Paid Search,True,False
135,2025-05-13,Paid Social,True,False
136,2025-05-29,Paid Social,True,False
137,2025-06-22,Direct,True,False
138,2025-05-03,Direct,False,False
139,2025-01-26,Paid Search,True,False
140,2025-04-09,Paid Social,True,True
141,2025-12-20,Direct,False,False
142,2026-02-03,Paid Social,True,False
143,2025-06-29,Paid Social,False,False
144,2025-06-17,Direct,False,False
145,2025-09-20,Email,True,True
146,2025-03-04,Email,True,True
147,2025-06-16,Paid Search,True,False
148,2025-09-09,Paid Social,False,False
149,2026-01-08,Paid Social,True,True
150,2025-10-17,Paid Search,False,False
151,2025-11-19,Direct,False,True
152,2025-08-17,Paid Social,True,False
153,2025-12-21,Organic Search,False,True
154,2025-12-13,Paid Social,True,True
155,2025-12-23,Paid Search,False,False
156,2025-11-21,Paid Social,True,False
157,2025-08-10,Email,True,True
158,2025-11-04,Organic Search,True,True
159,2025-08-10,Paid Search,False,False
160,2025-04-20,Paid Search,False,False
161,2025-01-12,Organic Search,True,True
162,2025-04-29,Paid Search,True,False
163,2025-04-12,Organic Search,True,False
164,2025-06-30,Email,True,False
165,2025-05-19,Email,False,True
166,2025-06-12,Paid Search,False,True
167,2025-11-07,Paid Social,False,False
168,2025-07-11,Email,True,False
169,2025-09-08,Email,False,False
170,2025-06-02,Direct,False,False
171,2025-05-09,Paid Search,True,True
172,2025-10-12,Organic Search,False,False
173,2025-08-15,Paid Social,True,True
174,2025-11-05,Email,False,False
175,2026-01-02,Direct,True,True
176,2025-05-15,Paid Search,False,True
177,2025-09-28,Paid Social,True,False
178,2026-01-28,Direct,False,False
179,2025-10-13,Direct,True,False
180,2025-09-18,Direct,True,False
181,2025-03-22,Paid Social,False,False
182,2025-04-20,Organic Search,True,False
183,2025-04-11,Paid Social,False,False
184,2025-04-17,Paid Search,True,False
185,2025-05-16,Paid Search,True,True
186,2025-08-10,Direct,False,True
187,2025-05-26,Paid Social,False,False
188,2025-01-06,Paid Search,True,True
189,2025-07-01,Paid Social,False,True
190,2025-07-14,Organic Search,False,False
191,2025-11-03,Direct,True,True
192,2025-04-27,Direct,True,True
193,2025-09-21,Email,False,True
194,2025-07-13,Paid Social,True,True
195,2025-01-18,Direct,False,False
196,2025-02-27,Direct,False,False
197,2025-10-23,Organic Search,True,False
198,2025-08-26,Organic Search,True,False
199,2025-04-11,Paid Social,True,False
200,2025-12-28,Paid Social,True,False
201,2025-10-06,Organic Search,True,False
202,2025-07-02,Email,False,True
203,2026-01-27,Organic Search,True,True
204,2025-09-28,Organic Search,False,False
205,2025-12-29,Email,False,False
206,2025-01-14,Organic Search,True,False
207,2025-04-23,Organic Search,False,True
208,2025-07-27,Paid Search,True,False
209,2025-05-31,Paid Search,True,False
210,2025-04-17,Paid Search,True,False
211,2025-03-27,Organic Search,True,False
212,2025-11-03,Paid Search,True,True
213,2025-07-02,Email,False,False
214,2026-02-03,Paid Search,True,False
215,2025-04-27,Direct,False,False
216,2025-12-19,Paid Search,False,False
217,2025-04-27,Paid Search,False,False
218,2025-08-07,Organic Search,True,False
219,2025-10-20,Paid Search,True,False
220,2025-01-18,Paid Search,False,False
221,2026-01-19,Paid Social,True,False
222,2025-06-03,Paid Social,True,False
223,2025-01-28,Organic Search,False,False
224,2025-02-19,Direct,True,False
225,2025-02-24,Email,True,False
226,2025-02-04,Paid Social,False,True
227,2025-12-24,Organic Search,True,False
228,2025-07-10,Direct,True,False
229,2025-02-22,Paid Social,True,True
230,2026-01-17,Direct,False,True
231,2025-12-31,Paid Search,True,False
232,2025-04-11,Organic Search,True,False
233,2025-04-28,Direct,False,False
234,2025-07-20,Organic Search,True,False
235,2025-04-09,Paid Social,True,True
236,2025-04-07,Paid Social,True,True
237,2025-08-28,Paid Social,True,True
238,2025-03-08,Paid Social,True,False
239,2025-12-14,Organic Search,True,True
240,2025-03-21,Direct,True,False
241,2025-02-07,Paid Social,False,False
242,2026-01-04,Paid Social,True,False
243,2025-05-24,Organic Search,False,False
244,2025-10-14,Paid Social,True,True
245,2025-09-04,Organic Search,False,False
246,2025-05-11,Paid Social,True,False
247,2025-05-11,Email,True,False
248,2025-08-07,Organic Search,False,True
249,2025-07-14,Direct,True,False
250,2025-11-26,Paid Search,True,False
251,2025-06-05,Email,False,False
252,2025-09-22,Organic Search,True,False
253,2025-12-25,Email,False,False
254,2025-05-17,Email,False,False
255,2026-01-26,Paid Search,False,False
256,2025-11-16,Organic Search,True,True
257,2025-08-05,Direct,False,False
258,2026-01-19,Direct,True,False
259,2026-01-05,Paid Social,True,False
260,2025-05-12,Email,True,True
261,2025-10-07,Paid Social,False,False
262,2025-11-14,Email,True,True
263,2026-01-16,Email,False,True
264,2025-01-03,Paid Search,False,True
265,2025-06-07,Direct,False,False
266,2025-04-22,Paid Social,False,False
267,2025-08-01,Organic Search,False,False
268,2025-01-06,Direct,True,True
269,2025-02-03,Paid Search,True,False
270,2025-06-10,Paid Social,True,False
271,2025-12-05,Paid Search,True,False
272,2025-02-05,Email,True,False
273,2025-09-11,Email,True,True
274,2025-11-28,Direct,False,True
275,2025-01-06,Paid Social,True,False
276,2025-01-27,Paid Search,True,False
277,2025-11-01,Paid Social,False,False
278,2025-01-21,Paid Social,False,False
279,2025-06-26,Direct,True,False
280,2025-06-28,Email,False,False
281,2025-07-03,Email,False,True
282,2025-05-24,Email,True,True
283,2025-01-16,Organic Search,True,True
284,2025-10-11,Organic Search,True,False
285,2025-11-19,Direct,False,False
286,2025-05-30,Paid Social,True,True
287,2025-06-12,Paid Search,True,False
288,2025-10-19,Direct,True,False
289,2025-03-14,Direct,True,False
290,2025-09-16,Paid Social,False,False
291,2025-01-23,Direct,False,False
292,2025-12-01,Direct,True,True
293,2025-11-15,Paid Social,False,False
294,2026-01-21,Paid Search,False,True
295,2025-11-28,Email,True,True
296,2025-10-13,Direct,True,False
297,2025-05-15,Organic Search,False,False
298,2025-08-16,Paid Social,True,False
299,2025-02-11,Direct,True,False
300,2025-08-17,Direct,True,False
301,2025-02-14,Paid Search,True,False
302,2025-02-11,Email,True,True
303,2025-11-30,Email,True,False
304,2025-12-30,Paid Search,True,False
305,2025-07-04,Paid Social,False,False
306,2025-01-16,Paid Search,False,False
307,2026-01-23,Organic Search,False,True
308,2025-11-22,Paid Social,True,False
309,2025-12-30,Direct,True,False
310,2025-05-16,Email,False,False
311,2025-03-29,Paid Social,True,False
312,2025-08-03,Organic Search,True,False
313,2025-01-04,Direct,True,False
314,2025-08-20,Paid Search,False,True
315,2025-08-09,Paid Search,True,False
316,2025-11-08,Email,False,False
317,2025-06-23,Direct,True,False
318,2025-08-05,Paid Social,False,True
319,2025-03-11,Paid Search,True,True
320,2025-08-26,Paid Social,True,True
321,2025-08-22,Direct,True,False
322,2025-03-03,Paid Search,True,False
323,2025-08-26,Paid Social,False,False
324,2025-02-16,Organic Search,True,False
325,2025-08-23,Paid Search,True,False
326,2025-02-04,Paid Social,True,False
327,2025-12-13,Direct,True,True
328,2025-11-01,Paid Search,False,False
329,2025-10-13,Paid Search,True,True
330,2025-02-10,Paid Search,True,False
331,2025-10-01,Organic Search,True,True
332,2025-02-14,Paid Search,True,False
333,2026-02-02,Organic Search,False,False
334,2025-04-26,Paid Social,False,True
335,2025-02-05,Paid Search,True,True
336,2025-12-22,Direct,False,False
337,2025-07-22,Direct,False,True
338,2025-08-02,Paid Social,False,False
339,2025-10-14,Email,True,False
340,2025-09-04,Email,True,False
341,2025-11-20,Organic Search,True,False
342,2025-07-06,Direct,True,True
343,2025-12-07,Paid Search,False,False
344,2025-08-29,Organic Search,False,True
345,2025-06-06,Direct,True,True
346,2025-04-29,Organic Search,True,True
347,2025-05-10,Organic Search,False,True
348,2025-02-21,Email,False,False
349,2025-09-24,Paid Social,True,False
350,2026-01-11,Paid Social,True,False
351,2025-02-09,Email,False,False
352,2025-11-17,Email,True,False
353,2025-09-08,Direct,False,True
354,2025-08-07,Paid Search,False,True
355,2025-01-28,Paid Social,True,False
356,2025-10-24,Organic Search,True,False
357,2025-09-22,Paid Search,True,True
358,2025-06-27,Paid Social,True,False
359,2025-06-16,Organic Search,False,False
360,2025-12-04,Paid Search,True,False
361,2025-08-08,Email,False,False
362,2025-07-10,Organic Search,True,True
363,2025-02-25,Paid Social,False,True
364,2025-07-12,Organic Search,False,False
365,2025-03-28,Email,True,False
366,2025-10-07,Organic Search,False,False
367,2025-01-19,Paid Search,True,False
368,2025-04-19,Direct,True,True
369,2025-10-11,Paid Social,True,True
370,2025-12-29,Paid Search,True,False
371,2025-11-15,Direct,True,False
372,2025-08-29,Paid Social,True,False
373,2025-06-23,Email,True,True
374,2025-12-22,Paid Social,False,False
375,2025-05-18,Email,True,False
376,2025-06-22,Paid Search,False,False
377,2025-08-29,Paid Social,False,False
378,2025-02-12,Organic Search,True,True
379,2025-08-15,Paid Search,True,False
380,2026-01-26,Paid Social,True,True
381,2025-01-21,Organic Search,True,False
382,2026-01-25,Paid Search,True,True
383,2025-07-16,Paid Search,False,False
384,2026-01-22,Direct,True,False
385,2025-06-01,Organic Search,False,False
386,2025-12-12,Email,True,False
387,2025-05-22,Paid Search,False,True
388,2025-01-11,Direct,False,False
389,2025-02-20,Paid Search,True,False
390,2025-07-21,Paid Search,True,False
391,2025-07-22,Direct,True,True
392,2025-12-13,Email,True,True
393,2025-12-14,Direct,False,False
394,2025-06-15,Email,True,False
395,2025-08-09,Email,False,False
396,2025-03-28,Direct,True,False
397,2025-02-15,Organic Search,True,True
398,2025-02-01,Organic Search,True,True
399,2025-01-21,Paid Search,True,False
400,2025-10-11,Organic Search,True,False
401,2025-08-10,Paid Search,False,False
402,2025-09-12,Organic Search,False,False
403,2025-01-22,Email,True,False
404,2025-12-11,Email,True,False
405,2025-07-26,Direct,True,False
406,2025-02-21,Paid Social,True,False
407,2025-06-27,Direct,False,False
408,2026-01-29,Paid Search,False,False
409,2025-06-25,Paid Search,True,False
410,2026-01-05,Paid Social,False,False
411,2025-08-04,Organic Search,False,False
412,2025-10-03,Direct,False,False
413,2025-11-09,Email,True,False
414,2025-03-22,Paid Social,False,False
415,2025-06-20,Paid Search,False,False
416,2025-08-12,Organic Search,True,False
417,2025-12-30,Email,True,False
418,2025-07-25,Organic Search,False,False
419,2025-10-27,Paid Search,True,False
420,2025-01-27,Organic Search,False,False
421,2025-02-16,Direct,True,True
422,2025-03-10,Paid Social,False,False
423,2026-01-31,Organic Search,True,False
424,2025-08-07,Paid Social,True,False
425,2025-12-18,Paid Social,True,False
426,2025-04-11,Organic Search,False,False
427,2025-07-11,Organic Search,False,True
428,2025-02-08,Paid Search,True,True
429,2026-01-10,Organic Search,False,True
430,2025-02-13,Direct,True,False
431,2025-05-02,Paid Search,True,True
432,2025-03-24,Email,True,False
433,2026-02-03,Direct,True,False
434,2025-04-18,Organic Search,True,False
435,2025-07-18,Paid Search,True,True
436,2025-04-01,Paid Social,False,False
437,2025-10-23,Paid Social,False,True
438,2025-02-16,Paid Search,True,False
439,2025-07-04,Email,False,False
440,2025-10-11,Email,False,False
441,2025-05-30,Direct,True,False
442,2025-05-28,Paid Social,True,False
443,2025-02-07,Direct,True,False
444,2025-09-12,Paid Search,True,True
445,2025-04-18,Organic Search,True,True
446,2025-07-30,Email,False,False
447,2025-09-18,Organic Search,True,True
448,2025-11-10,Email,True,False
449,2025-05-11,Direct,True,False
450,2025-06-13,Paid Search,True,False
451,2025-10-25,Direct,True,False
452,2025-03-22,Direct,False,False
453,2025-04-22,Paid Search,False,True
454,2025-01-14,Email,False,False
455,2025-10-06,Email,False,False
456,2025-03-29,Organic Search,False,True
457,2025-07-18,Paid Social,True,False
458,2025-07-10,Paid Social,False,False
459,2025-03-02,Organic Search,True,False
460,2025-03-30,Paid Search,True,True
461,2025-04-21,Paid Social,False,False
462,2025-05-01,Email,False,False
463,2025-02-11,Email,True,True
464,2025-01-19,Paid Search,False,True
465,2025-01-09,Direct,True,False
466,2025-02-12,Organic Search,True,True
467,2026-01-04,Paid Social,True,True
468,2025-11-10,Paid Social,True,False
469,2025-01-23,Email,True,False
470,2025-01-04,Direct,True,False
471,2025-08-04,Paid Social,False,False
472,2025-10-14,Direct,True,False
473,2025-06-13,Paid Social,True,True
474,2025-05-13,Organic Search,True,True
475,2025-01-11,Direct,True,False
476,2025-09-03,Paid Social,True,False
477,2025-06-27,Email,True,False
478,2025-01-05,Paid Social,True,False
479,2025-06-21,Paid Social,False,False
480,2025-08-13,Direct,True,False
481,2025-02-14,Paid Search,False,False
482,2025-06-29,Email,True,False
483,2025-05-23,Direct,False,True
484,2025-11-04,Email,True,False
485,2025-08-14,Paid Social,True,False
486,2025-06-24,Paid Search,False,False
487,2025-04-23,Email,True,False
488,2025-07-12,Paid Search,True,False
489,2025-08-10,Email,False,False
490,2025-09-24,Paid Social,True,True
491,2026-01-28,Organic Search,True,False
492,2025-06-29,Email,False,False
493,2025-01-06,Direct,True,True
494,2025-12-01,Email,True,False
495,2025-10-22,Organic Search,False,False
496,2025-03-02,Organic Search,True,False
497,2025-05-02,Organic Search,False,False
498,2025-11-04,Direct,True,False
499,2025-10-16,Paid Social,True,False
500,2025-06-02,Paid Search,False,False
501,2025-09-02,Paid Social,False,True
502,2026-01-19,Direct,False,False
503,2025-02-26,Email,True,False
504,2025-01-15,Organic Search,True,False
505,2025-08-09,Paid Social,True,True
506,2025-09-24,Paid Search,False,True
507,2025-01-08,Email,True,False
508,2025-07-31,Paid Search,True,False
509,2025-09-09,Organic Search,False,False
510,2025-11-30,Paid Social,True,True
511,2025-10-24,Email,True,False
512,2025-05-30,Paid Social,False,False
513,2025-10-01,Organic Search,False,True
514,2025-09-14,Paid Social,True,False
515,2025-09-14,Paid Social,False,True
516,2025-04-27,Email,True,False
517,2025-11-13,Paid Social,True,True
518,2025-04-17,Paid Social,True,False
519,2025-09-12,Direct,False,True
520,2025-10-22,Direct,False,False
521,2025-05-08,Email,False,False
522,2025-07-04,Paid Social,True,True
523,2026-01-29,Organic Search,False,False
524,2025-07-24,Paid Social,False,False
525,2025-04-21,Organic Search,True,False
526,2025-05-28,Email,False,False
527,2025-05-18,Direct,False,False
528,2025-01-15,Paid Search,True,True
529,2026-01-16,Paid Social,True,False
530,2025-06-11,Email,False,False
531,2025-01-02,Direct,True,False
532,2025-06-30,Direct,True,False
533,2025-03-05,Email,False,False
534,2025-11-04,Direct,True,False
535,2025-12-03,Email,False,False
536,2025-03-15,Email,False,False
537,2025-03-03,Paid Social,False,False
538,2026-01-04,Email,True,False
539,2025-11-18,Direct,False,True
540,2025-03-30,Organic Search,True,False
541,2025-12-22,Direct,True,False
542,2025-11-01,Direct,True,False
543,2025-05-25,Paid Search,True,False
544,2026-01-06,Paid Search,False,False
545,2025-11-30,Direct,True,False
546,2026-01-30,Email,True,False
547,2025-09-18,Direct,True,False
548,2025-03-04,Paid Search,False,False
549,2025-08-20,Paid Search,False,True
550,2025-01-19,Email,False,False
551,2025-01-15,Paid Search,False,True
552,2025-06-10,Paid Search,False,True
553,2025-03-09,Organic Search,True,False
554,2025-07-09,Paid Search,False,False
555,2025-09-08,Direct,False,False
556,2025-11-21,Paid Search,True,True
557,2025-10-10,Email,False,False
558,2025-09-13,Direct,True,False
559,2026-01-14,Email,True,False
560,2025-01-15,Organic Search,True,False
561,2025-12-20,Paid Search,True,True
562,2025-12-28,Organic Search,True,True
563,2025-12-31,Direct,True,False
564,2025-10-12,Email,False,True
565,2025-04-27,Email,False,False
566,2025-07-06,Direct,True,True
567,2025-09-30,Direct,False,True
568,2025-06-28,Organic Search,True,False
569,2025-04-26,Paid Search,True,False
570,2025-02-05,Organic Search,True,True
571,2025-07-24,Paid Search,False,False
572,2025-01-17,Paid Search,True,False
573,2025-09-21,Organic Search,False,False
574,2025-11-15,Paid Social,True,True
575,2025-04-11,Paid Search,False,False
576,2025-04-18,Email,True,True
577,2025-12-23,Paid Search,False,False
578,2025-03-10,Paid Social,False,True
579,2025-07-08,Paid Search,True,False
580,2025-11-23,Email,False,False
581,2025-02-21,Direct,True,False
582,2025-05-01,Direct,True,False
583,2025-08-09,Organic Search,False,False
584,2025-02-10,Organic Search,True,False
585,2025-07-14,Paid Search,True,False
586,2025-08-04,Email,False,False
587,2025-04-22,Paid Search,False,False
588,2025-11-07,Organic Search,True,True
589,2025-12-30,Paid Social,True,False
590,2025-12-19,Paid Social,True,True
591,2025-04-08,Paid Social,True,True
592,2025-07-14,Paid Search,True,False
593,2025-03-21,Paid Search,True,True
594,2025-01-29,Paid Search,True,False
595,2025-07-04,Organic Search,False,True
596,2025-05-14,Email,False,True
597,2025-10-05,Organic Search,True,False
598,2025-05-02,Paid Social,True,False
599,2025-11-15,Direct,True,True
600,2025-11-13,Paid Search,True,False
601,2025-07-01,Organic Search,True,True
602,2025-10-17,Email,True,False
603,2025-12-29,Direct,False,False
604,2025-11-29,Email,True,True
605,2025-07-15,Organic Search,False,False
606,2025-11-27,Email,False,True
607,2025-06-08,Direct,True,False
608,2025-10-21,Paid Social,True,False
609,2025-03-03,Email,True,False
610,2025-02-27,Paid Search,False,True
611,2025-04-16,Organic Search,True,True
612,2025-05-30,Paid Social,True,False
613,2025-01-24,Organic Search,False,True
614,2025-09-13,Email,False,False
615,2026-01-27,Paid Search,True,False
616,2026-02-01,Paid Social,True,False
617,2025-08-26,Paid Social,True,True
618,2025-05-31,Paid Search,True,True
619,2025-06-11,Paid Search,True,True
620,2025-09-13,Paid Search,False,False
621,2025-03-19,Paid Social,True,False
622,2025-11-15,Paid Search,True,True
623,2025-07-10,Direct,True,False
624,2025-04-28,Paid Search,True,False
625,2025-09-05,Paid Search,True,True
626,2025-01-25,Organic Search,True,False
627,2025-02-20,Paid Search,True,False
628,2025-02-26,Paid Search,True,False
629,2025-02-07,Organic Search,True,False
630,2025-02-03,Direct,True,False
631,2025-03-27,Direct,False,True
632,2025-07-24,Direct,True,True
633,2025-11-02,Paid Search,False,True
634,2025-03-06,Email,True,False
635,2025-12-24,Paid Social,False,True
636,2025-07-22,Direct,False,False
637,2025-03-03,Direct,False,False
638,2025-10-05,Organic Search,True,True
639,2025-09-19,Organic Search,True,True
640,2025-07-19,Paid Search,True,False
641,2025-10-25,Paid Search,False,False
642,2025-02-14,Paid Social,False,True
643,2026-01-10,Paid Search,False,False
644,2025-02-20,Direct,True,False
645,2025-08-20,Paid Social,True,False
646,2025-08-24,Paid Search,False,False
647,2025-07-15,Direct,False,True
648,2025-06-09,Paid Social,True,False
649,2026-01-09,Organic Search,True,False
650,2025-01-06,Email,True,True
651,2025-07-09,Email,False,False
652,2025-02-06,Paid Search,True,False
653,2025-10-20,Direct,True,False
654,2025-05-06,Paid Social,False,False
655,2026-01-02,Email,False,False
656,2025-11-08,Paid Social,False,False
657,2025-12-08,Paid Search,True,False
658,2026-02-05,Paid Search,False,True
659,2025-01-30,Email,False,True
660,2025-03-04,Paid Search,True,False
661,2025-08-23,Email,False,False
662,2025-10-01,Organic Search,True,False
663,2025-06-15,Paid Social,False,False
664,2025-03-25,Paid Social,False,False
665,2025-11-20,Direct,True,False
666,2025-02-26,Email,False,False
667,2025-08-24,Organic Search,True,False
668,2025-09-18,Organic Search,True,False
669,2025-01-27,Organic Search,False,False
670,2025-05-16,Email,False,True
671,2025-05-06,Paid Social,True,False
672,2025-06-20,Paid Social,False,False
673,2025-01-20,Direct,False,False
674,2025-03-22,Paid Social,True,True
675,2025-10-08,Organic Search,True,True
676,2025-05-21,Direct,True,False
677,2025-11-27,Paid Search,True,False
678,2025-04-20,Email,True,False
679,2025-02-27,Organic Search,True,False
680,2025-09-02,Paid Social,True,True
681,2025-08-06,Direct,True,True
682,2025-12-11,Paid Search,True,False
683,2025-01-13,Organic Search,True,False
684,2025-01-04,Paid Social,True,False
685,2025-11-09,Direct,True,False
686,2025-01-23,Paid Search,True,True
687,2025-07-12,Direct,False,False
688,2025-07-04,Email,True,False
689,2025-05-23,Email,True,False
690,2025-07-02,Paid Social,True,False
691,2025-06-14,Email,True,False
692,2025-11-17,Paid Search,True,False
693,2025-01-08,Direct,True,True
694,2025-12-07,Email,True,True
695,2026-01-30,Direct,False,False
696,2025-09-20,Direct,True,False
697,2025-05-06,Organic Search,True,False
698,2025-07-03,Paid Search,True,True
699,2025-10-11,Organic Search,True,True
700,2025-04-14,Paid Search,True,False
701,2025-01-07,Paid Search,True,True
702,2025-09-27,Direct,False,False
703,2025-12-07,Email,True,True
704,2025-08-22,Direct,True,False
705,2025-08-14,Direct,True,False
706,2026-01-17,Organic Search,True,False
707,2025-11-18,Direct,True,False
708,2025-10-22,Organic Search,False,False
709,2025-10-21,Paid Search,True,False
710,2025-06-07,Organic Search,False,False
711,2025-12-12,Paid Social,True,False
712,2025-07-22,Paid Search,True,True
713,2026-01-14,Organic Search,False,False
714,2025-10-28,Organic Search,True,False
715,2026-01-25,Email,True,True
716,2025-12-07,Direct,True,True
717,2025-02-08,Organic Search,False,False
718,2025-06-20,Paid Social,False,True
719,2025-06-22,Organic Search,True,False
720,2025-12-27,Direct,True,False
721,2025-08-02,Paid Search,False,False
722,2025-10-10,Organic Search,True,False
723,2025-08-04,Email,True,False
724,2025-08-09,Direct,True,False
725,2025-02-03,Email,True,True
726,2025-11-24,Direct,True,False
727,2025-11-08,Direct,False,False
728,2025-04-02,Paid Search,True,False
729,2025-03-19,Paid Social,True,False
730,2025-04-18,Organic Search,True,False
731,2025-07-09,Paid Search,True,False
732,2025-04-08,Email,True,False
733,2025-08-26,Organic Search,True,False
734,2026-01-06,Direct,True,False
735,2025-01-06,Direct,True,False
736,2025-03-15,Paid Social,False,False
737,2025-08-17,Paid Social,True,False
738,2025-10-24,Paid Search,False,False
739,2025-07-05,Organic Search,False,True
740,2025-03-26,Paid Search,True,False
741,2025-06-04,Paid Social,True,False
742,2025-11-17,Email,False,False
743,2025-04-24,Paid Social,True,True
744,2025-01-27,Paid Social,True,False
745,2025-11-09,Organic Search,True,False
746,2025-09-15,Email,False,True
747,2025-07-01,Email,True,False
748,2025-05-11,Organic Search,True,True
749,2025-10-10,Email,False,False
750,2025-06-15,Email,True,False
751,2025-01-27,Email,True,False
752,2025-06-28,Direct,False,True
753,2025-03-05,Paid Search,True,True
754,2025-08-06,Direct,True,False
755,2025-04-24,Email,False,False
756,2025-02-16,Email,True,False
757,2025-05-13,Organic Search,False,False
758,2025-05-07,Paid Social,False,False
759,2026-01-26,Direct,True,False
760,2025-02-26,Paid Social,False,False
761,2025-02-04,Paid Social,True,False
762,2025-04-09,Paid Search,True,True
763,2025-08-21,Organic Search,True,True
764,2025-12-20,Email,True,False
765,2025-08-22,Organic Search,True,False
766,2026-01-18,Email,True,False
767,2025-07-10,Paid Search,False,False
768,2026-01-10,Email,False,False
769,2025-12-05,Paid Search,True,True
770,2025-08-30,Organic Search,True,True
771,2025-02-26,Direct,False,True
772,2025-03-16,Direct,True,False
773,2025-12-25,Direct,False,False
774,2025-09-24,Direct,True,False
775,2025-12-20,Organic Search,True,False
776,2025-02-27,Email,True,False
777,2025-07-19,Paid Social,False,False
778,2025-01-13,Paid Search,True,False
779,2025-09-14,Paid Social,False,False
780,2025-04-08,Organic Search,False,False
781,2025-09-01,Organic Search,True,False
782,2025-11-09,Paid Social,False,False
783,2025-01-17,Paid Search,True,True
784,2025-05-29,Paid Search,True,False
785,2026-01-26,Organic Search,False,False
786,2025-08-03,Direct,False,False
787,2025-01-22,Organic Search,False,True
788,2025-01-01,Paid Search,False,False
789,2025-07-30,Organic Search,True,False
790,2025-04-03,Organic Search,True,False
791,2025-07-03,Paid Search,True,False
792,2026-01-04,Direct,True,False
793,2025-11-07,Paid Social,True,False
794,2025-03-07,Paid Social,True,False
795,2025-05-16,Direct,True,False
796,2026-01-18,Direct,False,True
797,2025-09-01,Paid Social,True,True
798,2025-08-03,Paid Social,True,True
799,2025-01-13,Email,True,False
800,2025-06-22,Direct,True,False
801,2025-01-11,Email,False,False
802,2025-01-20,Email,False,True
803,2025-08-29,Direct,True,True
804,2025-10-14,Email,True,False
805,2025-03-03,Paid Social,False,False
806,2025-03-20,Paid Search,True,False
807,2025-03-27,Paid Social,True,False
808,2025-06-16,Email,True,False
809,2025-10-09,Paid Social,True,False
810,2025-04-14,Direct,True,False
811,2026-01-18,Organic Search,False,False
812,2025-04-27,Email,False,False
813,2025-12-16,Email,False,False
814,2025-04-22,Paid Social,True,True
815,2025-06-11,Direct,True,False
816,2025-08-30,Organic Search,True,False
817,2025-01-30,Paid Social,False,False
818,2025-05-18,Paid Social,False,False
819,2025-11-02,Organic Search,False,False
820,2025-03-25,Paid Social,False,True
821,2025-07-24,Paid Social,False,False
822,2025-03-02,Paid Search,False,False
823,2025-09-21,Organic Search,True,True
824,2025-02-13,Direct,True,False
825,2025-09-05,Direct,False,True
826,2025-03-22,Paid Social,False,True
827,2025-08-05,Organic Search,False,False
828,2025-02-24,Paid Social,True,False
829,2025-09-03,Direct,True,True
830,2025-10-05,Organic Search,False,False
831,2025-12-17,Paid Search,True,False
832,2025-02-22,Paid Search,True,False
833,2025-08-11,Organic Search,True,True
834,2025-10-15,Email,False,False
835,2025-06-30,Paid Search,True,False
836,2025-07-01,Email,True,False
837,2025-03-18,Email,True,True
838,2025-09-08,Organic Search,False,False
839,2025-05-19,Paid Search,True,False
840,2025-05-04,Direct,False,False
841,2025-09-12,Paid Social,True,False
842,2025-06-16,Organic Search,False,False
843,2025-01-14,Direct,True,False
844,2025-10-23,Paid Search,False,False
845,2025-05-25,Paid Search,True,False
846,2025-11-29,Direct,False,False
847,2025-12-07,Organic Search,True,False
848,2025-09-24,Paid Search,True,False
849,2025-01-13,Paid Social,True,False
850,2025-04-11,Paid Search,True,False
851,2025-08-13,Paid Social,False,False
852,2025-09-23,Organic Search,True,False
853,2025-03-27,Paid Social,True,True
854,2025-12-20,Paid Search,True,False
855,2025-06-22,Paid Search,False,False
856,2025-05-04,Email,False,False
857,2025-07-12,Direct,True,True
858,2025-12-20,Email,True,False
859,2026-01-12,Direct,False,False
860,2025-03-27,Organic Search,False,True
861,2025-05-26,Email,False,False
862,2025-12-21,Email,False,True
863,2025-01-21,Organic Search,False,False
864,2025-08-09,Paid Social,True,False
865,2025-09-27,Email,True,True
866,2025-05-24,Direct,True,False
867,2025-01-07,Paid Social,False,False
868,2025-07-12,Direct,False,False
869,2025-08-29,Email,False,False
870,2025-04-24,Paid Social,True,True
871,2025-06-14,Paid Social,True,True
872,2025-03-22,Direct,True,False
873,2025-12-07,Paid Search,True,False
874,2025-06-16,Paid Social,False,False
875,2025-03-02,Paid Search,True,False
876,2025-04-03,Paid Search,False,False
877,2025-05-30,Organic Search,True,True
878,2025-01-22,Email,True,False
879,2025-07-23,Paid Social,True,False
880,2025-10-27,Email,True,False
881,2025-10-25,Direct,False,False
882,2025-12-05,Paid Social,False,False
883,2025-01-17,Organic Search,False,True
884,2026-01-11,Direct,True,True
885,2025-08-05,Direct,True,False
886,2025-05-03,Paid Search,True,True
887,2025-12-02,Organic Search,True,True
888,2025-10-11,Direct,False,True
889,2025-03-20,Organic Search,True,False
890,2025-05-16,Direct,False,False
891,2025-07-26,Direct,False,False
892,2025-04-15,Organic Search,False,False
893,2025-04-10,Paid Search,True,False
894,2025-08-25,Organic Search,False,False
895,2025-07-22,Paid Social,True,False
896,2026-01-22,Email,True,False
897,2025-10-11,Paid Search,False,False
898,2025-04-05,Direct,False,False
899,2025-12-04,Paid Social,True,False
900,2025-08-31,Organic Search,True,True
901,2025-11-15,Email,True,False
902,2025-07-31,Paid Search,True,False
903,2025-10-18,Direct,False,True
904,2025-11-10,Email,True,False
905,2025-10-28,Direct,True,True
906,2026-01-20,Direct,True,True
907,2025-02-24,Organic Search,True,False
908,2025-11-26,Direct,True,False
909,2025-02-06,Paid Social,True,False
910,2025-01-26,Paid Social,True,False
911,2025-12-13,Email,True,True
912,2025-03-10,Email,True,False
913,2025-12-17,Organic Search,True,False
914,2025-04-22,Paid Social,True,True
915,2025-09-29,Direct,True,True
916,2026-02-03,Direct,True,False
917,2025-10-04,Organic Search,False,True
918,2025-01-01,Organic Search,False,True
919,2025-03-08,Email,True,True
920,2025-02-10,Email,True,True
921,2025-05-10,Paid Search,True,False
922,2025-07-05,Paid Search,True,False
923,2025-02-14,Paid Social,False,False
924,2025-10-07,Direct,True,False
925,2025-10-07,Direct,False,False
926,2025-06-19,Email,True,False
927,2025-08-06,Organic Search,True,True
928,2025-07-27,Paid Social,False,False
929,2025-04-30,Email,True,False
930,2025-01-07,Direct,False,False
931,2025-02-07,Direct,True,False
932,2025-07-29,Paid Social,True,False
933,2025-07-28,Direct,True,False
934,2026-01-04,Direct,True,False
935,2025-06-26,Email,True,True
936,2025-03-01,Organic Search,True,True
937,2025-05-24,Direct,True,True
938,2025-09-25,Paid Social,True,True
939,2025-09-15,Email,True,False
940,2025-01-23,Paid Social,True,False
941,2025-07-19,Paid Social,True,False
942,2025-04-10,Email,True,False
943,2025-09-04,Organic Search,False,False
944,2025-01-16,Paid Social,False,False
945,2025-04-30,Organic Search,True,False
946,2025-08-21,Email,False,True
947,2025-04-10,Organic Search,True,False
948,2025-07-05,Direct,False,True
949,2025-03-24,Paid Search,True,False
950,2025-08-16,Organic Search,True,True
951,2025-10-12,Email,False,False
952,2025-12-08,Direct,False,True
953,2026-01-03,Direct,True,False
954,2025-06-27,Organic Search,True,False
955,2025-11-24,Direct,False,True
956,2025-03-23,Paid Search,False,False
957,2025-12-11,Organic Search,True,False
958,2025-03-17,Paid Search,True,False
959,2025-10-22,Paid Search,True,False
960,2025-12-16,Paid Search,True,True
961,2025-11-22,Direct,False,True
962,2025-09-29,Email,True,False
963,2025-01-01,Email,False,False
964,2025-04-13,Email,True,False
965,2025-07-11,Paid Search,False,False
966,2025-03-20,Organic Search,True,False
967,2025-11-16,Direct,True,True
968,2025-01-13,Paid Social,True,False
969,2025-09-22,Paid Social,True,True
970,2026-01-21,Direct,True,False
971,2025-06-01,Organic Search,False,False
972,2025-08-07,Organic Search,True,False
973,2025-12-10,Organic Search,True,True
974,2025-02-23,Paid Search,False,False
975,2025-04-10,Paid Search,True,False
976,2025-07-03,Email,False,False
977,2025-10-31,Organic Search,True,False
978,2025-12-17,Direct,True,True
979,2025-12-17,Organic Search,True,False
980,2025-02-15,Paid Search,True,False
981,2025-10-21,Paid Social,True,False
982,2025-08-12,Organic Search,True,False
983,2025-08-18,Email,False,False
984,2025-10-23,Direct,False,False
985,2025-06-19,Paid Search,True,True
986,2025-02-01,Email,True,True
987,2025-10-30,Email,False,False
988,2025-05-12,Paid Search,True,True
989,2025-04-13,Organic Search,False,False
990,2025-08-24,Paid Social,True,False
991,2025-02-27,Organic Search,True,False
992,2025-02-16,Paid Search,True,True
993,2025-11-09,Paid Social,True,False
994,2025-08-23,Direct,True,False
995,2025-06-21,Direct,True,False
996,2025-12-21,Direct,False,False
997,2025-11-01,Paid Search,True,False
998,2025-11-04,Email,True,False
999,2025-03-13,Email,True,False
1000,2025-01-04,Organic Search,False,True
1001,2025-03-01,Direct,True,False
1002,2026-01-12,Direct,False,True
1003,2025-04-09,Direct,True,True
1004,2025-08-17,Organic Search,True,False
1005,2025-04-28,Organic Search,False,False
1006,2025-01-29,Paid Social,False,True
1007,2025-07-09,Email,True,False
1008,2025-05-02,Paid Social,True,False
1009,2025-10-08,Paid Social,True,True
1010,2025-05-26,Paid Social,True,False
1011,2025-08-06,Direct,False,False
1012,2025-09-11,Paid Search,True,False
1013,2025-05-30,Email,False,False
1014,2025-06-04,Paid Social,False,False
1015,2025-02-17,Organic Search,True,False
1016,2025-03-08,Organic Search,True,False
1017,2025-01-31,Direct,False,True
1018,2025-05-30,Organic Search,True,False
1019,2025-06-07,Organic Search,False,False
1020,2025-09-01,Direct,True,False
1021,2025-03-14,Organic Search,True,True
1022,2025-11-13,Paid Search,True,False
1023,2025-06-30,Direct,True,False
1024,2025-05-21,Organic Search,True,False
1025,2025-03-31,Paid Social,True,True
1026,2025-09-16,Organic Search,True,True
1027,2025-02-09,Organic Search,True,True
1028,2025-12-25,Direct,False,False
1029,2025-01-16,Organic Search,True,False
1030,2025-04-06,Direct,False,False
1031,2025-12-29,Email,True,True
1032,2026-01-05,Paid Social,True,False
1033,2025-02-06,Paid Search,True,False
1034,2025-08-03,Direct,True,False
1035,2025-07-04,Organic Search,False,False
1036,2025-10-23,Paid Social,True,False
1037,2025-06-01,Email,False,False
1038,2025-09-03,Paid Social,True,True
1039,2025-03-15,Paid Social,True,False
1040,2025-12-08,Organic Search,False,False
1041,2025-08-11,Paid Search,True,False
1042,2025-12-25,Paid Search,True,False
1043,2025-11-11,Email,True,False
1044,2026-01-08,Direct,False,False
1045,2025-04-02,Paid Search,False,False
1046,2025-08-13,Email,True,True
1047,2025-06-24,Paid Search,True,True
1048,2025-05-21,Email,False,False
1049,2025-04-22,Paid Social,True,False
1050,2025-11-30,Email,False,False
1051,2025-11-08,Paid Social,False,False
1052,2025-04-29,Direct,False,False
1053,2026-01-10,Email,False,False
1054,2025-08-03,Paid Social,True,False
1055,2026-01-29,Paid Search,False,True
1056,2025-06-07,Paid Social,True,True
1057,2026-01-24,Paid Search,True,False
1058,2025-04-04,Paid Social,False,False
1059,2025-07-31,Direct,True,False
1060,2025-10-15,Paid Search,True,False
1061,2025-05-01,Paid Search,False,True
1062,2026-01-19,Email,True,False
1063,2025-10-08,Paid Search,True,False
1064,2025-10-20,Email,True,False
1065,2025-05-31,Organic Search,True,False
1066,2025-05-05,Email,True,False
1067,2025-07-04,Paid Social,True,False
1068,2025-08-21,Organic Search,True,True
1069,2025-07-09,Paid Search,True,True
1070,2025-11-03,Paid Search,False,True
1071,2025-07-22,Direct,True,True
1072,2025-09-05,Organic Search,True,True
1073,2025-12-01,Email,True,False
1074,2025-07-16,Paid Search,True,False
1075,2025-03-04,Email,True,True
1076,2025-08-27,Direct,False,False
1077,2025-07-26,Organic Search,True,False
1078,2025-09-11,Organic Search,True,False
1079,2025-05-28,Email,True,False
1080,2025-09-11,Paid Search,True,False
1081,2025-10-24,Email,True,False
1082,2025-01-23,Paid Search,False,False
1083,2025-07-31,Paid Social,True,False
1084,2026-01-01,Paid Social,True,False
1085,2025-02-14,Paid Search,False,False
1086,2025-07-16,Direct,False,False
1087,2025-11-20,Direct,True,False
1088,2025-04-17,Organic Search,True,False
1089,2025-10-30,Email,True,True
1090,2025-02-03,Paid Social,True,False
1091,2025-06-18,Paid Social,True,False
1092,2025-10-20,Paid Social,True,True
1093,2025-10-27,Organic Search,True,True
1094,2025-03-22,Organic Search,True,False
1095,2025-07-30,Email,False,False
1096,2026-01-22,Organic Search,False,False
1097,2025-10-10,Direct,True,False
1098,2025-05-17,Direct,True,False
1099,2025-03-04,Paid Social,False,True
1100,2025-03-03,Paid Social,False,False
1101,2025-03-28,Email,True,False
1102,2025-02-10,Paid Social,True,False
1103,2025-05-01,Organic Search,False,False
1104,2025-01-20,Paid Search,True,False
1105,2025-11-22,Email,True,False
1106,2025-05-09,Organic Search,False,False
1107,2025-11-17,Direct,True,False
1108,2025-12-09,Organic Search,False,False
1109,2025-07-12,Organic Search,False,False
1110,2025-05-28,Organic Search,False,False
1111,2025-11-16,Paid Social,True,True
1112,2025-06-09,Paid Social,True,False
1113,2025-10-08,Paid Search,True,False
1114,2025-09-15,Paid Social,True,False
1115,2025-08-03,Organic Search,True,False
1116,2025-06-14,Paid Social,True,True
1117,2025-01-11,Paid Search,True,False
1118,2025-07-13,Organic Search,False,False
1119,2025-10-19,Paid Search,True,False
1120,2025-01-30,Paid Social,False,False
1121,2025-05-25,Paid Search,True,False
1122,2025-07-14,Paid Search,False,True
1123,2025-07-30,Paid Search,True,False
1124,2025-07-20,Paid Search,False,False
1125,2025-12-20,Paid Search,False,False
1126,2025-11-08,Organic Search,False,False
1127,2025-01-15,Paid Search,True,False
1128,2025-11-19,Paid Search,True,False
1129,2025-10-25,Organic Search,False,False
1130,2025-04-28,Paid Search,False,False
1131,2025-05-30,Paid Search,True,False
1132,2025-03-17,Organic Search,True,False
1133,2025-10-27,Direct,True,False
1134,2025-08-16,Organic Search,False,True
1135,2025-02-12,Paid Social,False,True
1136,2025-02-16,Paid Social,True,False
1137,2025-07-19,Email,True,True
1138,2025-11-09,Email,False,False
1139,2025-08-28,Organic Search,False,True
1140,2025-07-29,Paid Social,True,True
1141,2025-01-05,Paid Search,True,True
1142,2025-02-22,Organic Search,False,False
1143,2025-01-17,Paid Search,True,False
1144,2025-10-22,Paid Search,True,True
1145,2025-09-11,Email,False,False
1146,2025-01-19,Paid Search,False,False
1147,2025-04-03,Email,False,False
1148,2025-09-06,Organic Search,False,True
1149,2025-10-27,Direct,False,False
1150,2025-02-26,Paid Social,True,False
1151,2025-09-17,Direct,False,False
1152,2025-12-11,Email,False,False
1153,2025-01-08,Paid Social,False,True
1154,2025-06-17,Email,True,False
1155,2025-09-28,Organic Search,True,False
1156,2025-11-29,Direct,True,False
1157,2025-07-25,Direct,True,True
1158,2025-04-25,Organic Search,True,False
1159,2025-04-22,Direct,True,False
1160,2025-10-17,Email,True,True
1161,2025-11-19,Paid Social,True,False
1162,2025-07-23,Paid Search,False,True
1163,2025-04-04,Paid Search,False,False
1164,2025-10-15,Paid Search,True,True
1165,2026-01-04,Paid Social,True,True
1166,2025-08-25,Paid Search,False,False
1167,2026-01-22,Paid Social,True,False
1168,2025-02-08,Paid Search,True,False
1169,2025-09-25,Organic Search,True,False
1170,2025-12-07,Organic Search,True,False
1171,2026-02-05,Paid Social,True,False
1172,2025-11-03,Email,False,False
1173,2025-10-11,Paid Search,True,False
1174,2025-03-10,Organic Search,False,False
1175,2025-07-09,Email,True,False
1176,2025-04-03,Paid Search,True,False
1177,2025-03-01,Direct,True,True
1178,2025-08-30,Organic Search,False,True
1179,2025-06-01,Organic Search,True,False
1180,2025-08-12,Organic Search,True,True
1181,2025-12-02,Paid Search,True,False
1182,2025-05-05,Paid Search,True,False
1183,2025-09-14,Paid Search,True,False
1184,2025-03-22,Direct,True,True
1185,2025-05-29,Email,True,False
1186,2025-10-17,Email,True,False
1187,2025-05-28,Organic Search,True,False
1188,2025-09-06,Direct,True,False
1189,2025-04-01,Organic Search,False,True
1190,2025-09-09,Paid Search,False,False
1191,2025-11-04,Organic Search,False,True
1192,2026-01-23,Direct,False,False
1193,2025-11-16,Email,True,False
1194,2025-06-19,Organic Search,True,True
1195,2025-04-23,Paid Search,True,False
1196,2025-10-04,Direct,True,True
1197,2025-10-25,Paid Search,False,False
1198,2025-09-26,Direct,True,False
1199,2025-06-14,Direct,True,False
1200,2025-11-17,Paid Search,False,True
1201,2025-10-13,Paid Search,False,False
1202,2025-11-29,Paid Social,False,True
1203,2025-10-27,Direct,False,False
1204,2025-01-09,Organic Search,True,False
1205,2026-01-28,Paid Social,False,False
1206,2026-01-11,Email,True,True
1207,2025-11-08,Direct,True,False
1208,2025-06-11,Email,True,False
1209,2026-01-05,Direct,True,False
1210,2025-03-21,Paid Social,True,False
1211,2025-02-02,Paid Search,False,True
1212,2025-07-10,Paid Social,True,False
1213,2025-11-02,Paid Search,True,False
1214,2025-05-02,Email,True,False
1215,2025-11-09,Paid Search,False,False
1216,2025-07-16,Direct,False,False
1217,2025-09-03,Email,True,False
1218,2025-01-18,Organic Search,True,False
1219,2025-07-31,Paid Search,True,True
1220,2025-08-06,Email,True,True
1221,2025-05-18,Email,True,True
1222,2025-05-02,Organic Search,True,True
1223,2025-02-17,Organic Search,True,True
1224,2025-08-01,Email,True,True
1225,2025-12-13,Paid Social,True,False
1226,2025-12-16,Paid Social,False,False
1227,2025-02-01,Organic Search,True,False
1228,2025-12-11,Direct,False,False
1229,2025-07-17,Organic Search,False,False
1230,2025-02-03,Organic Search,False,True
1231,2026-01-09,Email,True,False
1232,2025-05-30,Direct,False,False
1233,2025-05-19,Email,True,False
1234,2025-06-08,Direct,False,False
1235,2025-11-24,Paid Social,True,True
1236,2025-05-05,Organic Search,True,False
1237,2026-01-12,Paid Search,False,False
1238,2025-01-08,Paid Social,True,True
1239,2025-10-17,Paid Search,True,False
1240,2025-06-23,Email,False,False
1241,2025-04-26,Paid Search,True,False
1242,2025-01-20,Organic Search,False,False
1243,2025-03-31,Paid Search,True,False
1244,2025-06-13,Organic Search,False,False
1245,2025-07-01,Paid Search,True,False
1246,2025-01-13,Paid Social,False,False
1247,2025-06-03,Paid Social,False,False
1248,2025-01-07,Paid Search,True,False
1249,2025-01-26,Email,True,False
1250,2025-02-19,Paid Search,True,True
1251,2025-10-03,Paid Social,True,False
1252,2025-07-04,Paid Search,False,False
1253,2025-07-30,Direct,True,False
1254,2025-05-08,Direct,True,False
1255,2025-10-08,Organic Search,True,False
1256,2025-10-30,Paid Social,False,True
1257,2026-01-12,Direct,True,True
1258,2025-02-10,Direct,True,False
1259,2025-07-03,Organic Search,False,True
1260,2025-08-20,Direct,False,False
1261,2025-08-06,Email,False,False
1262,2025-01-09,Paid Social,True,True
1263,2025-08-26,Direct,False,False
1264,2025-04-03,Email,True,False
1265,2025-07-13,Paid Social,True,False
1266,2025-03-03,Paid Search,False,False
1267,2025-10-12,Paid Search,True,True
1268,2025-09-04,Organic Search,True,False
1269,2025-07-02,Paid Social,True,False
1270,2025-03-14,Email,False,False
1271,2025-01-08,Direct,True,True
1272,2025-07-18,Email,True,False
1273,2025-03-31,Email,True,False
1274,2025-12-26,Organic Search,False,False
1275,2025-03-15,Email,True,False
1276,2025-12-09,Email,False,True
1277,2025-03-01,Organic Search,True,False
1278,2025-09-23,Paid Search,True,False
1279,2025-12-08,Organic Search,False,False
1280,2025-07-19,Organic Search,False,False
1281,2026-01-14,Organic Search,False,False
1282,2026-02-04,Paid Social,True,False
1283,2025-08-30,Direct,True,False
1284,2025-10-22,Organic Search,True,True
1285,2025-06-16,Paid Search,True,True
1286,2025-11-28,Paid Search,False,False
1287,2025-08-27,Organic Search,True,True
1288,2025-08-07,Organic Search,True,False
1289,2025-02-12,Organic Search,False,False
1290,2025-01-11,Paid Social,False,True
1291,2025-08-01,Email,False,False
1292,2025-07-02,Direct,True,False
1293,2025-09-17,Direct,True,True
1294,2025-07-12,Direct,False,True
1295,2025-05-17,Direct,True,True
1296,2026-01-03,Paid Social,True,False
1297,2025-05-02,Email,False,True
1298,2025-01-28,Direct,True,False
1299,2025-01-31,Direct,False,True
1300,2025-01-14,Paid Search,True,False
1301,2025-06-15,Paid Search,True,False
1302,2025-07-16,Email,True,True
1303,2026-01-15,Email,True,False
1304,2025-12-22,Organic Search,False,True
1305,2025-02-08,Paid Social,True,False
1306,2025-03-18,Paid Search,True,False
1307,2025-07-02,Email,False,True
1308,2025-07-05,Paid Social,True,False
1309,2025-08-23,Email,True,False
1310,2025-05-12,Email,True,True
1311,2025-07-14,Organic Search,False,True
1312,2025-05-21,Organic Search,True,False
1313,2025-01-01,Email,False,True
1314,2025-11-24,Paid Search,True,False
1315,2025-04-10,Paid Social,True,True
1316,2025-06-22,Paid Search,False,False
1317,2025-12-12,Email,True,False
1318,2025-10-09,Paid Search,True,True
1319,2025-08-17,Organic Search,False,True
1320,2025-01-14,Organic Search,False,True
1321,2025-11-26,Paid Search,False,False
1322,2026-01-03,Paid Social,True,True
1323,2025-02-05,Email,True,False
1324,2025-06-04,Email,False,True
1325,2025-01-08,Direct,True,True
1326,2025-04-01,Email,False,True
1327,2025-07-02,Direct,True,False
1328,2025-07-10,Paid Search,True,False
1329,2025-05-17,Email,False,False
1330,2025-11-02,Paid Social,True,True
1331,2025-04-30,Direct,True,False
1332,2026-01-15,Organic Search,False,True
1333,2026-01-28,Paid Search,True,False
1334,2025-08-28,Paid Social,True,False
1335,2026-01-09,Paid Search,True,True
1336,2025-09-30,Email,True,False
1337,2025-04-17,Direct,True,False
1338,2025-07-04,Paid Social,True,False
1339,2025-01-04,Email,True,False
1340,2026-01-19,Paid Social,True,True
1341,2025-03-18,Paid Search,True,False
1342,2025-06-27,Paid Social,False,False
1343,2025-11-04,Direct,True,False
1344,2025-09-14,Email,True,False
1345,2025-02-15,Paid Search,True,False
1346,2025-07-11,Email,True,False
1347,2025-02-16,Email,False,False
1348,2025-09-06,Direct,False,False
1349,2025-01-26,Organic Search,False,False
1350,2025-12-24,Paid Search,True,False
1351,2025-02-11,Paid Social,True,True
1352,2025-12-21,Organic Search,False,False
1353,2025-10-21,Email,False,False
1354,2025-06-22,Direct,False,False
1355,2025-06-27,Organic Search,False,False
1356,2025-01-17,Paid Social,True,False
1357,2025-10-12,Email,False,True
1358,2025-06-18,Email,True,True
1359,2026-02-02,Paid Search,True,False
1360,2025-01-14,Paid Social,False,True
1361,2025-10-26,Paid Social,False,False
1362,2026-01-13,Direct,True,False
1363,2025-07-29,Organic Search,False,False
1364,2025-12-25,Organic Search,False,True
1365,2025-10-23,Direct,True,False
1366,2025-03-28,Direct,True,False
1367,2025-08-16,Direct,True,True
1368,2025-11-19,Paid Social,True,True
1369,2026-01-10,Direct,True,True
1370,2025-02-03,Email,False,True
1371,2025-09-29,Paid Search,False,False
1372,2025-06-16,Organic Search,True,False
1373,2025-04-22,Paid Search,False,False
1374,2025-10-26,Paid Search,True,False
1375,2025-11-24,Paid Search,True,False
1376,2025-02-18,Organic Search,True,False
1377,2025-11-15,Direct,True,False
1378,2025-03-20,Paid Social,True,False
1379,2025-10-27,Direct,False,True
1380,2025-05-19,Email,True,True
1381,2025-07-22,Paid Social,False,False
1382,2025-08-08,Email,True,True
1383,2025-04-04,Organic Search,False,True
1384,2025-10-19,Direct,True,True
1385,2025-02-21,Direct,True,False
1386,2025-10-06,Organic Search,True,False
1387,2025-02-19,Paid Search,True,False
1388,2025-06-05,Email,False,True
1389,2025-03-12,Paid Search,False,False
1390,2025-10-12,Paid Search,True,True
1391,2025-11-12,Direct,True,False
1392,2025-12-07,Email,False,False
1393,2025-12-10,Direct,True,False
1394,2025-10-05,Paid Search,True,True
1395,2025-08-15,Paid Social,True,False
1396,2025-12-26,Paid Search,True,False
1397,2025-01-26,Paid Search,True,False
1398,2025-04-02,Paid Social,True,False
1399,2025-01-18,Direct,True,False
1400,2026-01-11,Email,True,False
1401,2025-08-23,Paid Social,True,False
1402,2025-04-12,Paid Search,False,False
1403,2025-04-13,Direct,True,False
1404,2025-07-20,Direct,True,False
1405,2025-09-15,Organic Search,True,False
1406,2025-04-06,Paid Social,True,False
1407,2025-08-09,Organic Search,True,False
1408,2025-10-07,Paid Social,False,False
1409,2025-12-07,Direct,True,False
1410,2025-06-13,Email,True,False
1411,2025-12-21,Direct,False,False
1412,2025-01-19,Organic Search,False,False
1413,2026-01-20,Organic Search,True,False
1414,2025-05-13,Email,False,False
1415,2025-11-25,Organic Search,False,False
1416,2026-01-21,Organic Search,False,False
1417,2025-06-14,Organic Search,True,False
1418,2026-01-14,Paid Social,True,False
1419,2025-11-03,Paid Search,True,False
1420,2025-12-31,Organic Search,False,False
1421,2025-11-30,Paid Search,False,True
1422,2025-12-23,Direct,True,False
1423,2025-04-30,Paid Social,False,False
1424,2025-12-07,Paid Social,False,False
1425,2025-05-28,Organic Search,False,False
1426,2025-09-20,Paid Search,True,False
1427,2025-12-24,Organic Search,False,False
1428,2025-09-25,Organic Search,True,True
1429,2026-02-04,Organic Search,True,False
1430,2025-01-25,Paid Social,True,False
1431,2025-02-13,Paid Search,False,False
1432,2025-02-03,Organic Search,True,False
1433,2025-04-14,Email,False,True
1434,2025-03-16,Paid Social,False,False
1435,2025-10-26,Direct,False,True
1436,2025-10-25,Paid Social,False,False
1437,2026-01-31,Direct,True,True
1438,2025-03-25,Organic Search,False,False
1439,2025-09-01,Paid Social,True,True
1440,2025-03-15,Direct,True,False
1441,2025-09-15,Direct,False,True
1442,2025-07-25,Paid Search,False,True
1443,2025-11-28,Email,True,False
1444,2025-06-24,Direct,False,False
1445,2025-07-12,Paid Search,False,False
1446,2025-06-12,Direct,False,False
1447,2025-07-13,Email,True,False
1448,2025-11-22,Organic Search,True,False
1449,2025-06-15,Organic Search,True,False
1450,2025-01-29,Organic Search,False,False
1451,2025-03-09,Direct,False,False
1452,2026-01-24,Direct,True,False
1453,2025-07-13,Organic Search,True,False
1454,2025-11-10,Organic Search,False,False
1455,2025-01-12,Paid Social,True,False
1456,2025-07-10,Email,True,False
1457,2025-04-15,Email,False,False
1458,2025-04-21,Paid Social,True,True
1459,2025-10-09,Paid Search,True,False
1460,2025-10-02,Organic Search,True,True
1461,2025-02-06,Paid Social,False,True
1462,2025-02-15,Paid Social,False,False
1463,2025-01-04,Organic Search,True,True
1464,2025-12-30,Paid Social,False,False
1465,2025-07-20,Paid Search,False,False
1466,2025-08-05,Direct,False,True
1467,2025-02-12,Direct,True,False
1468,2025-05-26,Email,True,False
1469,2025-01-03,Direct,True,False
1470,2026-01-14,Paid Social,True,True
1471,2025-01-14,Paid Social,False,False
1472,2025-06-22,Paid Search,False,True
1473,2025-02-20,Email,False,True
1474,2025-05-30,Email,True,True
1475,2025-11-13,Paid Search,True,False
1476,2025-01-07,Paid Social,False,True
1477,2025-05-07,Paid Social,False,False
1478,2025-09-20,Paid Social,False,False
1479,2025-01-29,Email,True,False
1480,2025-11-22,Organic Search,True,False
1481,2025-08-05,Paid Search,True,True
1482,2025-01-24,Email,False,False
1483,2025-12-09,Email,True,False
1484,2025-03-09,Paid Social,False,False
1485,2025-05-24,Email,True,False
1486,2025-02-02,Paid Search,True,False
1487,2025-01-15,Email,False,False
1488,2025-10-12,Paid Social,False,False
1489,2025-02-22,Organic Search,False,False
1490,2025-12-11,Paid Search,True,False
1491,2025-07-28,Paid Search,False,False
1492,2025-09-07,Email,True,True
1493,2025-01-07,Organic Search,True,False
1494,2026-01-27,Paid Social,False,True
1495,2025-11-29,Paid Social,False,False
1496,2025-09-24,Direct,False,True
1497,2025-09-25,Direct,True,False
1498,2025-05-01,Organic Search,False,True
1499,2025-03-30,Organic Search,False,True
1500,2025-03-13,Organic Search,True,False
1501,2025-03-14,Paid Search,False,False
1502,2025-11-14,Organic Search,False,True
1503,2025-07-30,Paid Search,True,True
1504,2025-10-08,Direct,True,False
1505,2025-08-25,Paid Search,False,False
1506,2025-01-30,Paid Search,False,False
1507,2025-04-29,Email,True,False
1508,2026-01-29,Direct,False,False
1509,2025-03-13,Organic Search,False,True
1510,2025-06-26,Organic Search,True,False
1511,2025-07-27,Email,False,True
1512,2025-03-04,Email,True,False
1513,2025-06-07,Direct,True,False
1514,2025-11-22,Paid Search,True,False
1515,2025-09-27,Organic Search,False,False
1516,2025-04-27,Direct,True,False
1517,2025-06-01,Direct,False,False
1518,2026-01-27,Organic Search,False,False
1519,2025-01-16,Paid Social,True,False
1520,2025-05-07,Email,True,True
1521,2025-09-02,Organic Search,True,False
1522,2025-08-09,Email,True,False
1523,2025-06-15,Organic Search,True,True
1524,2025-05-26,Paid Search,False,False
1525,2025-09-19,Email,True,False
1526,2025-12-18,Paid Social,False,True
1527,2025-11-12,Paid Social,False,False
1528,2025-11-04,Paid Search,False,False
1529,2025-06-11,Direct,False,True
1530,2025-06-29,Paid Search,True,False
1531,2025-11-25,Paid Social,True,False
1532,2025-05-11,Email,True,False
1533,2025-06-24,Paid Social,True,True
1534,2025-12-02,Organic Search,False,False
1535,2025-02-06,Organic Search,False,False
1536,2026-01-05,Direct,True,False
1537,2025-02-28,Email,True,False
1538,2025-07-28,Direct,True,False
1539,2025-10-26,Organic Search,False,False
1540,2025-01-03,Organic Search,True,False
1541,2025-05-05,Email,False,False
1542,2025-04-18,Paid Social,True,True
1543,2025-11-16,Email,True,True
1544,2025-01-04,Direct,True,False
1545,2025-09-30,Direct,True,False
1546,2025-01-31,Paid Social,False,False
1547,2025-04-24,Paid Search,True,False
1548,2025-11-30,Paid Search,True,False
1549,2025-08-02,Paid Search,True,True
1550,2025-04-25,Organic Search,True,False
1551,2025-12-10,Paid Search,False,False
1552,2025-12-19,Organic Search,True,True
1553,2025-09-29,Direct,False,True
1554,2025-03-07,Organic Search,True,True
1555,2025-03-01,Email,False,False
1556,2025-12-04,Email,False,True
1557,2025-05-29,Direct,True,False
1558,2025-01-02,Organic Search,True,False
1559,2026-01-04,Direct,True,False
1560,2025-02-09,Direct,False,False
1561,2025-02-11,Direct,True,True
1562,2025-12-12,Direct,True,True
1563,2025-03-13,Email,True,False
1564,2025-03-27,Direct,True,True
1565,2025-03-17,Email,False,False
1566,2025-06-02,Email,False,True
1567,2025-05-25,Paid Social,True,False
1568,2025-08-12,Organic Search,False,False
1569,2025-01-28,Direct,True,False
1570,2026-02-04,Paid Social,False,False
1571,2025-04-27,Paid Search,False,True
1572,2025-07-14,Paid Social,False,False
1573,2025-09-02,Paid Search,False,False
1574,2025-07-15,Email,False,False
1575,2025-08-06,Email,True,False
1576,2025-05-07,Direct,False,True
1577,2025-09-21,Paid Search,True,False
1578,2025-10-15,Paid Social,True,True
1579,2025-12-28,Paid Search,False,True
1580,2025-02-06,Organic Search,True,False
1581,2025-04-30,Direct,True,False
1582,2025-10-30,Email,False,False
1583,2025-08-10,Organic Search,False,False
1584,2025-08-17,Paid Search,True,False
1585,2025-09-30,Direct,True,False
1586,2025-12-31,Paid Search,True,False
1587,2026-01-04,Organic Search,False,False
1588,2025-03-20,Email,True,False
1589,2025-01-15,Organic Search,False,False
1590,2025-12-21,Direct,True,True
1591,2025-12-13,Direct,True,False
1592,2025-06-09,Paid Search,True,False
1593,2025-06-11,Paid Social,True,False
1594,2025-04-10,Paid Social,True,True
1595,2025-04-14,Email,False,True
1596,2025-05-15,Direct,False,False
1597,2025-05-18,Organic Search,False,True
1598,2025-05-22,Paid Search,False,False
1599,2025-03-11,Email,True,True
1600,2026-01-02,Email,True,True
1601,2025-03-22,Paid Social,True,False
1602,2025-09-06,Email,True,False
1603,2025-03-29,Paid Social,True,False
1604,2025-07-09,Paid Search,False,True
1605,2025-11-16,Direct,True,False
1606,2025-09-11,Email,True,False
1607,2025-09-25,Direct,False,False
1608,2025-11-06,Paid Social,True,False
1609,2025-07-23,Organic Search,True,True
1610,2025-09-02,Paid Social,True,False
1611,2025-01-10,Direct,False,False
1612,2025-05-31,Paid Search,False,False
1613,2025-05-09,Direct,False,False
1614,2025-06-15,Organic Search,False,True
1615,2026-01-18,Email,True,False
1616,2025-10-01,Paid Search,False,False
1617,2025-04-29,Organic Search,True,False
1618,2026-01-03,Paid Social,False,False
1619,2025-04-14,Paid Social,False,False
1620,2025-04-23,Email,False,False
1621,2025-02-01,Organic Search,True,False
1622,2025-09-22,Direct,True,False
1623,2025-08-04,Paid Search,True,False
1624,2025-10-18,Paid Search,True,False
1625,2025-07-05,Paid Search,False,True
1626,2025-07-30,Email,False,True
1627,2025-07-30,Organic Search,True,True
1628,2025-02-23,Paid Social,False,False
1629,2025-10-05,Direct,True,False
1630,2025-11-07,Paid Social,True,True
1631,2025-06-22,Organic Search,False,False
1632,2025-04-13,Direct,False,False
1633,2025-04-02,Paid Social,False,True
1634,2026-01-16,Paid Social,False,False
1635,2025-12-23,Direct,True,False
1636,2025-02-23,Direct,True,False
1637,2025-11-16,Direct,False,True
1638,2025-02-03,Paid Search,False,False
1639,2025-05-19,Direct,False,True
1640,2025-09-02,Paid Social,True,False
1641,2025-02-04,Paid Search,True,False
1642,2025-06-05,Email,False,False
1643,2025-07-30,Organic Search,True,True
1644,2026-01-05,Direct,False,True
1645,2025-11-05,Email,True,False
1646,2025-10-08,Direct,False,True
1647,2025-06-09,Organic Search,False,False
1648,2025-04-05,Direct,False,False
1649,2025-07-04,Paid Social,False,False
1650,2025-10-23,Organic Search,False,False
1651,2025-02-20,Organic Search,True,True
1652,2025-04-09,Direct,False,False
1653,2025-11-23,Email,False,False
1654,2026-02-05,Paid Social,True,False
1655,2025-09-25,Paid Social,False,True
1656,2026-01-24,Paid Search,True,False
1657,2025-12-27,Email,True,False
1658,2025-05-27,Paid Social,True,True
1659,2025-09-05,Email,False,False
1660,2025-03-08,Organic Search,True,False
1661,2025-01-22,Organic Search,True,False
1662,2025-04-24,Organic Search,False,False
1663,2025-04-12,Organic Search,False,False
1664,2025-01-12,Email,False,False
1665,2025-02-22,Paid Search,False,False
1666,2025-10-27,Organic Search,True,False
1667,2025-02-13,Email,False,False
1668,2025-10-27,Paid Search,True,False
1669,2025-05-21,Direct,False,True
1670,2025-08-28,Email,False,False
1671,2025-06-23,Organic Search,True,False
1672,2025-05-05,Email,True,False
1673,2025-11-17,Paid Social,False,False
1674,2025-04-12,Email,True,False
1675,2025-03-18,Paid Search,False,False
1676,2025-10-10,Organic Search,True,False
1677,2025-09-25,Paid Search,False,True
1678,2025-06-14,Organic Search,True,False
1679,2025-09-08,Organic Search,True,True
1680,2026-01-24,Paid Social,False,True
1681,2025-12-04,Paid Social,True,True
1682,2026-01-21,Email,True,False
1683,2025-06-02,Email,True,False
1684,2025-06-18,Email,False,False
1685,2025-10-16,Paid Search,True,False
1686,2025-04-07,Organic Search,True,False
1687,2025-01-31,Paid Search,False,True
1688,2025-10-13,Organic Search,True,False
1689,2025-07-31,Paid Search,False,False
1690,2025-01-27,Organic Search,True,False
1691,2025-11-09,Email,True,False
1692,2025-06-04,Paid Social,True,False
1693,2025-09-12,Paid Search,True,False
1694,2025-01-13,Paid Social,False,False
1695,2025-11-23,Paid Social,True,True
1696,2025-06-27,Direct,False,False
1697,2025-11-14,Email,False,True
1698,2025-03-17,Direct,True,True
1699,2025-06-23,Direct,False,False
1700,2025-06-16,Organic Search,True,True
1701,2025-08-18,Paid Social,True,False
1702,2025-11-05,Paid Search,True,True
1703,2025-08-15,Paid Search,False,False
1704,2025-02-20,Email,True,False
1705,2025-12-22,Email,False,False
1706,2025-10-12,Email,True,True
1707,2025-08-23,Organic Search,True,True
1708,2026-01-05,Paid Search,True,True
1709,2025-09-02,Organic Search,False,False
1710,2025-11-16,Direct,False,False
1711,2025-12-19,Direct,True,False
1712,2025-09-17,Organic Search,False,False
1713,2026-01-20,Paid Social,True,True
1714,2025-12-09,Paid Social,False,True
1715,2025-01-27,Paid Social,True,True
1716,2025-05-02,Paid Search,True,False
1717,2025-03-03,Email,True,False
1718,2025-05-23,Paid Search,True,False
1719,2025-02-15,Direct,False,False
1720,2026-01-13,Organic Search,True,False
1721,2025-06-28,Paid Search,False,False
1722,2025-09-08,Paid Social,True,True
1723,2025-06-12,Paid Social,True,False
1724,2025-08-14,Organic Search,False,False
1725,2025-02-08,Direct,False,False
1726,2025-11-23,Email,True,False
1727,2025-01-09,Paid Social,True,True
1728,2025-01-05,Paid Social,True,False
1729,2025-05-17,Direct,True,False
1730,2025-04-06,Direct,True,False
1731,2025-08-14,Paid Social,False,False
1732,2025-03-06,Paid Social,True,False
1733,2025-05-27,Organic Search,False,True
1734,2025-07-20,Email,True,False
1735,2025-01-18,Paid Social,True,True
1736,2025-02-02,Email,False,False
1737,2025-07-20,Direct,True,False
1738,2025-10-11,Paid Search,True,False
1739,2025-11-22,Direct,True,False
1740,2025-05-05,Organic Search,True,False
1741,2025-07-09,Email,True,False
1742,2025-02-07,Paid Search,True,False
1743,2025-05-15,Organic Search,False,True
1744,2025-02-26,Organic Search,False,False
1745,2025-03-27,Organic Search,True,False
1746,2026-01-14,Paid Social,False,False
1747,2025-11-25,Paid Social,True,True
1748,2025-11-02,Paid Social,True,False
1749,2026-02-04,Paid Social,True,True
1750,2026-01-29,Paid Search,True,True
1751,2025-06-30,Paid Search,False,True
1752,2025-10-07,Organic Search,True,False
1753,2025-07-07,Paid Social,True,False
1754,2025-05-07,Email,True,False
1755,2025-11-21,Organic Search,True,False
1756,2025-11-05,Organic Search,False,False
1757,2025-07-19,Paid Search,False,False
1758,2025-03-11,Direct,True,False
1759,2025-01-11,Email,False,False
1760,2026-01-03,Organic Search,True,False
1761,2025-04-04,Paid Social,True,False
1762,2025-02-27,Paid Search,True,False
1763,2025-12-09,Direct,False,True
1764,2025-01-27,Paid Search,False,True
1765,2025-11-21,Paid Social,True,False
1766,2025-05-27,Paid Search,True,True
1767,2025-04-20,Paid Search,False,True
1768,2026-02-04,Paid Search,False,False
1769,2025-08-28,Direct,True,True
1770,2025-02-22,Organic Search,True,False
1771,2025-05-14,Paid Search,True,False
1772,2025-12-03,Paid Search,False,False
1773,2025-08-09,Paid Social,True,True
1774,2025-11-09,Paid Social,False,False
1775,2025-05-28,Organic Search,True,False
1776,2025-04-11,Paid Social,True,False
1777,2025-03-24,Paid Search,False,False
1778,2025-03-27,Paid Search,True,False
1779,2025-06-26,Direct,True,True
1780,2025-04-30,Paid Social,True,False
1781,2025-05-11,Organic Search,True,False
1782,2025-05-24,Organic Search,True,False
1783,2025-08-11,Direct,False,True
1784,2025-05-17,Email,True,False
1785,2025-09-30,Email,False,True
1786,2026-01-03,Paid Social,False,True
1787,2025-12-21,Organic Search,False,True
1788,2025-01-10,Direct,True,False
1789,2025-05-04,Paid Social,True,False
1790,2026-01-14,Organic Search,False,False
1791,2025-06-28,Paid Search,True,False
1792,2025-11-22,Paid Search,False,False
1793,2025-08-31,Organic Search,True,False
1794,2025-10-07,Email,False,False
1795,2025-11-05,Paid Social,True,False
1796,2025-01-26,Email,False,False
1797,2026-01-30,Paid Search,False,False
1798,2025-08-26,Organic Search,False,False
1799,2025-10-16,Email,True,True
1800,2025-01-05,Organic Search,True,False
1801,2025-03-25,Organic Search,False,True
1802,2025-10-09,Email,True,False
1803,2025-12-12,Paid Search,True,True
1804,2026-01-24,Direct,True,True
1805,2025-08-04,Paid Social,False,False
1806,2025-02-23,Paid Search,True,True
1807,2025-04-25,Direct,False,False
1808,2025-03-13,Direct,True,False
1809,2026-01-02,Paid Search,True,False
1810,2025-05-05,Paid Search,True,False
1811,2025-02-15,Direct,True,True
1812,2025-10-14,Direct,False,False
1813,2025-07-03,Paid Social,False,False
1814,2025-04-10,Direct,True,True
1815,2025-01-14,Email,True,False
1816,2026-01-17,Direct,False,False
1817,2025-05-27,Paid Social,True,False
1818,2025-05-24,Email,True,False
1819,2025-05-28,Organic Search,True,False
1820,2026-01-04,Email,True,False
1821,2025-11-23,Email,False,False
1822,2025-06-15,Paid Social,False,False
1823,2025-09-05,Paid Search,True,True
1824,2025-06-13,Paid Search,True,False
1825,2025-10-19,Email,True,False
1826,2025-04-23,Organic Search,False,False
1827,2025-07-31,Paid Search,True,False
1828,2025-12-25,Paid Social,True,False
1829,2025-12-03,Direct,False,True
1830,2026-01-04,Email,False,False
1831,2025-05-03,Email,False,False
1832,2025-11-23,Organic Search,True,False
1833,2025-06-18,Email,False,True
1834,2025-07-19,Paid Social,True,False
1835,2026-01-28,Paid Search,False,True
1836,2026-01-14,Organic Search,True,True
1837,2025-09-03,Paid Search,False,False
1838,2026-02-05,Paid Search,False,True
1839,2025-08-31,Paid Search,False,True
1840,2025-08-09,Organic Search,True,False
1841,2025-01-02,Paid Social,False,False
1842,2026-01-13,Email,True,True
1843,2025-10-10,Organic Search,False,False
1844,2025-03-21,Email,False,False
1845,2025-09-08,Paid Social,True,False
1846,2025-06-22,Paid Search,False,False
1847,2025-04-03,Organic Search,True,True
1848,2025-07-28,Paid Search,True,False
1849,2026-01-22,Paid Search,True,True
1850,2025-03-31,Email,True,False
1851,2025-02-11,Email,True,False
1852,2026-01-27,Direct,True,True
1853,2025-01-31,Email,False,False
1854,2025-01-19,Organic Search,True,True
1855,2025-02-24,Email,False,True
1856,2025-04-20,Email,True,True
1857,2026-01-10,Paid Social,True,False
1858,2025-01-22,Paid Social,True,False
1859,2025-02-22,Direct,True,False
1860,2025-07-07,Organic Search,False,True
1861,2025-04-23,Organic Search,True,False
1862,2025-04-26,Email,True,False
1863,2026-01-31,Paid Search,False,False
1864,2025-12-29,Email,True,False
1865,2025-07-13,Direct,True,False
1866,2025-02-27,Email,False,False
1867,2025-06-01,Email,False,True
1868,2025-11-23,Email,False,True
1869,2025-10-07,Email,True,False
1870,2025-12-05,Direct,True,False
1871,2025-05-25,Email,True,True
1872,2025-12-27,Email,False,False
1873,2025-06-28,Paid Social,False,False
1874,2025-02-15,Organic Search,False,False
1875,2025-10-21,Direct,True,False
1876,2025-02-22,Email,True,False
1877,2025-05-15,Email,False,False
1878,2025-06-01,Direct,True,False
1879,2025-05-17,Paid Search,False,False
1880,2025-03-22,Organic Search,True,True
1881,2025-01-21,Organic Search,True,True
1882,2026-01-13,Paid Search,False,True
1883,2025-08-02,Paid Search,True,False
1884,2025-09-14,Organic Search,True,False
1885,2025-12-23,Organic Search,True,False
1886,2025-04-25,Paid Search,True,False
1887,2025-09-04,Paid Search,False,False
1888,2025-10-19,Organic Search,True,True
1889,2025-02-17,Direct,True,False
1890,2025-08-25,Organic Search,True,False
1891,2025-12-07,Paid Search,True,False
1892,2025-02-13,Organic Search,True,False
1893,2025-11-16,Direct,True,True
1894,2026-01-06,Email,True,False
1895,2025-07-24,Email,True,True
1896,2025-05-11,Email,False,True
1897,2025-10-17,Paid Search,True,True
1898,2025-01-14,Direct,False,False
1899,2025-10-11,Paid Search,True,True
1900,2025-07-08,Paid Search,False,False
1901,2025-11-04,Paid Social,True,True
1902,2025-03-06,Direct,True,False
1903,2025-06-17,Paid Search,False,True
1904,2025-12-31,Paid Search,False,False
1905,2025-05-23,Paid Social,False,False
1906,2025-06-28,Organic Search,False,False
1907,2025-01-01,Paid Search,False,False
1908,2025-03-21,Email,True,False
1909,2025-05-04,Paid Social,False,False
1910,2025-12-11,Paid Social,True,True
1911,2025-12-09,Email,True,False
1912,2025-11-11,Organic Search,True,True
1913,2025-07-20,Paid Search,True,False
1914,2025-10-19,Paid Search,False,False
1915,2025-11-22,Organic Search,False,True
1916,2025-12-19,Paid Social,True,False
1917,2026-01-02,Direct,False,True
1918,2025-06-27,Email,True,False
1919,2025-09-22,Email,False,False
1920,2025-02-12,Paid Social,True,False
1921,2025-01-21,Paid Search,False,False
1922,2025-05-08,Paid Social,False,True
1923,2025-06-24,Paid Search,True,False
1924,2025-08-04,Email,True,False
1925,2025-12-02,Email,False,False
1926,2026-01-31,Paid Search,True,True
1927,2025-09-28,Paid Search,True,False
1928,2025-07-22,Email,True,False
1929,2025-03-04,Paid Social,True,False
1930,2025-10-21,Paid Social,True,False
1931,2025-01-28,Paid Search,True,False
1932,2025-10-27,Paid Social,False,False
1933,2025-10-24,Paid Search,True,False
1934,2025-10-02,Paid Social,True,False
1935,2025-04-16,Organic Search,True,True
1936,2025-05-05,Paid Social,False,False
1937,2025-09-07,Organic Search,False,False
1938,2025-09-16,Direct,False,True
1939,2025-04-06,Direct,False,True
1940,2025-01-18,Paid Search,True,True
1941,2025-07-12,Paid Search,True,False
1942,2025-06-05,Direct,True,True
1943,2025-07-07,Paid Search,True,False
1944,2025-08-29,Email,True,False
1945,2025-10-18,Direct,False,False
1946,2025-08-12,Paid Social,False,False
1947,2025-04-19,Paid Search,False,False
1948,2025-09-12,Paid Search,False,False
1949,2025-01-22,Email,False,False
1950,2025-06-09,Paid Social,True,True
1951,2025-04-02,Direct,False,False
1952,2026-01-15,Paid Social,True,False
1953,2025-12-06,Direct,True,False
1954,2025-03-12,Email,False,False
1955,2025-05-10,Paid Social,True,True
1956,2025-09-02,Paid Search,True,False
1957,2025-06-30,Paid Social,False,True
1958,2025-07-03,Direct,True,False
1959,2025-06-30,Paid Search,False,False
1960,2025-08-09,Direct,False,True
1961,2025-12-30,Paid Social,True,False
1962,2025-12-28,Direct,False,True
1963,2026-01-29,Email,True,False
1964,2025-09-05,Direct,True,False
1965,2025-04-10,Paid Search,False,False
1966,2025-04-13,Organic Search,False,True
1967,2025-03-09,Email,True,False
1968,2025-08-12,Paid Search,True,True
1969,2025-10-17,Paid Search,False,False
1970,2025-08-14,Direct,False,False
1971,2025-02-05,Email,False,True
1972,2025-05-01,Paid Search,True,False
1973,2025-04-20,Paid Social,False,True
1974,2025-11-30,Paid Social,True,False
1975,2025-12-17,Direct,True,True
1976,2025-09-30,Email,False,False
1977,2025-03-11,Paid Social,True,True
1978,2025-09-30,Email,False,True
1979,2025-04-03,Email,False,False
1980,2025-05-17,Direct,True,True
1981,2025-09-21,Paid Search,False,False
1982,2025-04-18,Direct,True,False
1983,2025-06-15,Organic Search,False,True
1984,2025-12-06,Email,False,True
1985,2025-08-24,Email,True,False
1986,2025-02-27,Organic Search,True,True
1987,2025-09-19,Email,True,False
1988,2025-02-15,Email,True,False
1989,2025-11-06,Direct,False,False
1990,2025-11-19,Paid Search,True,False
1991,2026-01-22,Organic Search,True,False
1992,2025-11-03,Paid Search,True,False
1993,2025-07-31,Direct,True,False
1994,2025-04-23,Email,False,True
1995,2025-06-23,Organic Search,False,False
1996,2025-02-08,Direct,False,False
1997,2025-01-27,Direct,True,True
1998,2025-02-20,Paid Search,False,True
1999,2026-01-09,Organic Search,True,False
2000,2025-08-15,Email,False,False
2001,2025-07-12,Paid Social,True,False
2002,2025-01-27,Email,True,False
2003,2025-01-19,Email,False,False
2004,2025-01-05,Direct,True,False
2005,2025-04-12,Email,True,False
2006,2025-12-20,Paid Search,True,False
2007,2026-01-29,Paid Search,False,False
2008,2025-05-30,Organic Search,True,False
2009,2025-02-20,Direct,False,False
2010,2025-05-18,Organic Search,False,True
2011,2025-08-14,Organic Search,True,True
2012,2025-10-05,Organic Search,True,False
2013,2025-12-30,Direct,True,True
2014,2025-06-25,Paid Search,True,False
2015,2025-11-07,Direct,False,False
2016,2025-02-06,Organic Search,False,False
2017,2025-06-23,Paid Search,True,False
2018,2025-04-23,Direct,True,False
2019,2025-10-03,Direct,False,True
2020,2026-01-22,Organic Search,True,True
2021,2025-09-05,Paid Social,True,False
2022,2025-03-23,Paid Search,False,False
2023,2025-06-19,Paid Search,False,False
2024,2025-01-08,Direct,True,False
2025,2025-05-10,Paid Search,True,False
2026,2025-01-03,Paid Social,True,False
2027,2025-07-04,Email,True,False
2028,2025-07-13,Organic Search,True,False
2029,2025-07-23,Direct,False,False
2030,2025-06-05,Paid Social,True,False
2031,2025-08-07,Organic Search,True,False
2032,2025-08-03,Paid Search,True,False
2033,2026-01-13,Email,False,False
2034,2025-06-24,Direct,True,False
2035,2025-08-01,Paid Social,True,True
2036,2025-08-21,Organic Search,True,False
2037,2025-04-13,Paid Search,True,False
2038,2026-01-11,Direct,True,False
2039,2025-05-06,Organic Search,True,False
2040,2025-09-30,Paid Search,True,False
2041,2025-07-08,Paid Social,False,False
2042,2025-07-09,Paid Social,True,False
2043,2025-12-12,Paid Search,False,False
2044,2025-10-01,Email,False,True
2045,2026-01-23,Email,True,False
2046,2025-08-07,Organic Search,True,False
2047,2025-08-10,Organic Search,True,False
2048,2025-06-04,Paid Social,True,True
2049,2025-04-29,Organic Search,True,True
2050,2025-08-10,Paid Social,True,False
2051,2026-01-07,Paid Search,True,False
2052,2025-11-12,Paid Social,True,False
2053,2025-04-30,Email,True,True
2054,2025-05-09,Paid Social,True,True
2055,2026-01-11,Direct,True,False
2056,2025-01-06,Paid Search,False,False
2057,2025-11-13,Organic Search,False,True
2058,2025-12-10,Paid Social,True,False
2059,2025-03-05,Direct,True,False
2060,2025-04-13,Direct,False,False
2061,2025-11-23,Email,True,False
2062,2025-11-07,Organic Search,True,False
2063,2025-03-14,Paid Search,True,False
2064,2025-08-18,Direct,False,False
2065,2025-08-22,Paid Social,False,False
2066,2025-02-23,Organic Search,False,True
2067,2025-06-22,Organic Search,False,True
2068,2025-09-01,Organic Search,True,False
2069,2025-05-22,Paid Social,True,False
2070,2025-09-09,Paid Search,True,False
2071,2026-01-04,Email,True,True
2072,2025-03-05,Organic Search,True,True
2073,2025-05-26,Organic Search,False,False
2074,2026-01-01,Organic Search,True,False
2075,2025-01-17,Email,True,False
2076,2025-04-28,Paid Social,False,True
2077,2025-08-01,Email,True,False
2078,2025-03-22,Email,True,False
2079,2025-10-11,Email,True,False
2080,2025-02-12,Paid Social,True,True
2081,2025-02-18,Direct,True,True
2082,2025-07-10,Paid Social,True,False
2083,2025-01-27,Organic Search,True,False
2084,2025-06-21,Direct,False,False
2085,2025-10-24,Organic Search,True,False
2086,2026-01-19,Direct,True,True
2087,2026-01-20,Organic Search,False,True
2088,2025-12-03,Paid Search,False,False
2089,2025-11-01,Email,False,False
2090,2025-08-04,Paid Search,True,False
2091,2025-01-02,Paid Search,True,False
2092,2025-06-14,Paid Social,True,False
2093,2025-06-25,Paid Social,False,False
2094,2025-03-15,Direct,True,False
2095,2026-01-03,Paid Search,False,False
2096,2025-11-04,Organic Search,True,False
2097,2025-01-20,Paid Search,False,True
2098,2026-01-13,Organic Search,False,False
2099,2025-04-05,Direct,False,False
2100,2026-02-01,Organic Search,True,False
2101,2025-10-10,Direct,True,False
2102,2026-01-05,Paid Social,False,False
2103,2026-01-28,Organic Search,True,False
2104,2025-07-18,Paid Social,True,False
2105,2025-03-22,Direct,False,False
2106,2025-12-05,Direct,True,True
2107,2025-03-06,Email,False,False
2108,2025-03-06,Email,True,True
2109,2025-03-31,Email,True,False
2110,2025-01-22,Email,True,True
2111,2025-05-25,Direct,False,True
2112,2025-03-06,Organic Search,True,True
2113,2025-10-21,Email,False,False
2114,2025-01-13,Direct,True,False
2115,2026-01-21,Paid Search,True,False
2116,2025-05-30,Organic Search,True,False
2117,2025-04-06,Organic Search,True,True
2118,2025-09-28,Email,True,False
2119,2025-03-04,Email,False,True
2120,2025-10-20,Organic Search,True,True
2121,2025-03-03,Organic Search,True,False
2122,2026-01-06,Paid Search,True,False
2123,2025-08-22,Email,True,True
2124,2025-02-05,Paid Social,True,False
2125,2025-12-28,Organic Search,False,False
2126,2025-10-31,Paid Search,True,False
2127,2025-05-05,Direct,True,False
2128,2025-01-16,Organic Search,True,False
2129,2025-07-10,Paid Social,True,True
2130,2025-03-13,Direct,True,False
2131,2026-01-02,Email,True,False
2132,2025-06-22,Paid Search,True,False
2133,2025-03-27,Direct,True,False
2134,2025-03-11,Email,True,False
2135,2025-04-14,Direct,False,True
2136,2025-12-31,Organic Search,True,True
2137,2025-02-06,Paid Search,True,False
2138,2025-05-19,Paid Social,True,True
2139,2025-08-29,Paid Social,True,False
2140,2025-04-20,Email,False,False
2141,2025-10-20,Email,False,False
2142,2025-07-05,Direct,True,False
2143,2025-06-26,Organic Search,False,True
2144,2025-01-12,Direct,True,True
2145,2025-07-18,Paid Search,True,False
2146,2025-12-27,Direct,True,False
2147,2025-10-01,Direct,True,False
2148,2025-07-22,Organic Search,True,False
2149,2025-08-04,Email,True,False
2150,2025-12-31,Paid Search,True,True
2151,2025-04-23,Paid Search,False,True
2152,2025-08-27,Organic Search,True,True
2153,2025-10-25,Email,True,False
2154,2025-08-15,Direct,False,True
2155,2025-07-19,Paid Social,True,True
2156,2025-05-03,Email,True,False
2157,2025-09-25,Direct,False,True
2158,2026-01-11,Paid Social,True,False
2159,2025-01-08,Email,False,True
2160,2025-02-24,Paid Search,False,False
2161,2025-11-30,Paid Social,True,False
2162,2025-11-03,Direct,False,False
2163,2025-09-25,Paid Social,True,False
2164,2025-01-03,Email,False,False
2165,2025-08-28,Paid Search,True,False
2166,2025-09-19,Organic Search,True,True
2167,2025-04-26,Direct,False,True
2168,2025-03-26,Organic Search,False,False
2169,2025-11-29,Paid Search,True,True
2170,2025-07-06,Paid Social,True,False
2171,2025-07-10,Organic Search,False,False
2172,2025-02-14,Organic Search,True,True
2173,2026-01-21,Email,True,False
2174,2025-12-01,Direct,True,True
2175,2025-04-03,Email,True,False
2176,2026-01-08,Direct,False,True
2177,2025-11-26,Paid Search,True,False
2178,2025-08-08,Email,True,False
2179,2025-06-10,Paid Search,True,False
2180,2025-07-13,Paid Search,True,True
2181,2025-02-17,Paid Social,False,False
2182,2026-02-03,Paid Search,False,False
2183,2025-01-26,Email,True,True
2184,2026-01-23,Paid Search,True,False
2185,2025-04-30,Email,False,False
2186,2025-10-04,Paid Social,True,False
2187,2025-07-02,Paid Search,False,False
2188,2025-01-17,Paid Social,False,False
2189,2025-10-24,Email,True,False
2190,2025-07-29,Paid Search,True,False
2191,2025-07-17,Direct,False,False
2192,2025-04-22,Direct,False,True
2193,2025-07-24,Paid Social,True,False
2194,2025-03-31,Email,True,False
2195,2025-11-04,Email,True,False
2196,2025-04-18,Organic Search,True,False
2197,2025-04-01,Paid Search,False,False
2198,2025-03-05,Paid Search,True,False
2199,2025-12-03,Paid Social,True,False
2200,2025-03-22,Direct,False,True
2201,2026-01-11,Organic Search,False,False
2202,2026-01-30,Direct,True,False
2203,2025-01-21,Paid Social,False,False
2204,2026-01-29,Paid Social,False,False
2205,2025-06-19,Paid Social,True,False
2206,2025-11-08,Direct,False,False
2207,2026-02-03,Organic Search,False,False
2208,2025-02-08,Paid Search,True,False
2209,2025-06-30,Paid Social,True,True
2210,2025-07-25,Email,False,False
2211,2025-01-15,Paid Social,True,True
2212,2025-02-11,Direct,True,False
2213,2025-04-22,Paid Search,False,True
2214,2025-04-05,Direct,False,False
2215,2025-02-07,Email,True,False
2216,2025-04-15,Organic Search,False,True
2217,2025-09-08,Direct,True,False
2218,2025-07-04,Direct,True,False
2219,2025-12-11,Organic Search,True,False
2220,2025-05-14,Paid Social,False,False
2221,2025-01-04,Email,True,True
2222,2025-10-10,Email,False,True
2223,2025-04-28,Paid Social,True,False
2224,2025-04-10,Paid Search,True,True
2225,2025-09-25,Email,False,False
2226,2025-11-12,Organic Search,True,False
2227,2025-03-26,Paid Search,True,False
2228,2025-05-05,Paid Search,True,False
2229,2025-08-06,Paid Search,True,True
2230,2025-05-19,Direct,False,True
2231,2025-08-14,Paid Search,True,False
2232,2025-03-16,Email,False,False
2233,2025-01-08,Organic Search,True,True
2234,2025-08-02,Email,True,False
2235,2025-09-02,Paid Social,True,True
2236,2025-09-28,Organic Search,True,False
2237,2025-03-27,Organic Search,False,True
2238,2025-12-14,Paid Social,True,False
2239,2025-10-19,Email,False,False
2240,2025-07-20,Email,True,False
2241,2025-10-19,Paid Social,True,False
2242,2025-10-14,Email,True,False
2243,2025-07-10,Direct,True,True
2244,2025-06-19,Email,True,False
2245,2025-02-01,Paid Search,False,False
2246,2025-02-22,Paid Social,True,False
2247,2025-09-21,Email,False,True
2248,2025-02-16,Paid Search,False,False
2249,2025-09-26,Organic Search,True,True
2250,2025-10-24,Paid Search,True,False
2251,2025-08-04,Paid Search,False,False
2252,2025-11-26,Paid Search,False,False
2253,2025-07-21,Email,True,False
2254,2026-01-03,Paid Search,True,False
2255,2025-03-22,Paid Social,True,False
2256,2025-06-29,Email,True,False
2257,2025-01-13,Paid Social,True,False
2258,2025-07-11,Organic Search,False,False
2259,2025-11-12,Email,True,True
2260,2025-09-04,Email,False,True
2261,2025-01-05,Organic Search,False,True
2262,2025-02-09,Organic Search,True,False
2263,2025-01-28,Organic Search,True,True
2264,2025-07-30,Email,True,False
2265,2025-11-04,Paid Search,True,False
2266,2025-02-27,Organic Search,True,False
2267,2025-03-14,Paid Social,True,False
2268,2025-06-26,Paid Search,False,False
2269,2025-04-03,Paid Search,True,False
2270,2025-02-28,Organic Search,False,False
2271,2025-08-28,Paid Social,True,False
2272,2025-09-17,Organic Search,True,False
2273,2025-06-06,Paid Search,True,True
2274,2025-04-10,Paid Search,False,False
2275,2025-09-27,Paid Search,False,False
2276,2025-09-12,Paid Search,True,False
2277,2026-01-18,Paid Social,False,False
2278,2025-06-03,Organic Search,True,True
2279,2025-10-09,Paid Social,False,False
2280,2025-12-08,Paid Search,True,True
2281,2026-01-14,Direct,True,False
2282,2025-05-08,Direct,False,False
2283,2025-02-10,Paid Search,True,False
2284,2025-09-21,Direct,True,False
2285,2025-10-31,Paid Social,True,True
2286,2025-03-16,Paid Social,True,True
2287,2025-01-27,Email,True,True
2288,2025-06-21,Email,True,False
2289,2025-12-07,Direct,True,False
2290,2025-02-02,Organic Search,True,False
2291,2025-06-05,Organic Search,True,True
2292,2025-12-30,Email,True,False
2293,2025-02-11,Paid Search,True,True
2294,2025-06-30,Direct,False,False
2295,2025-10-17,Paid Social,True,False
2296,2025-09-27,Direct,True,False
2297,2025-07-30,Paid Search,False,False
2298,2025-09-25,Paid Search,True,False
2299,2025-12-06,Paid Search,True,False
2300,2025-04-10,Paid Search,True,False
2301,2025-03-29,Paid Social,True,False
2302,2025-10-16,Direct,True,False
2303,2025-01-25,Paid Social,True,True
2304,2025-08-10,Email,False,False
2305,2025-12-23,Paid Search,True,False
2306,2025-05-20,Email,False,False
2307,2025-03-07,Paid Social,True,False
2308,2025-09-12,Organic Search,True,True
2309,2025-11-04,Direct,True,False
2310,2025-11-07,Organic Search,True,True
2311,2025-10-29,Paid Search,True,False
2312,2025-05-28,Paid Search,True,True
2313,2025-11-05,Organic Search,False,True
2314,2025-11-24,Paid Search,True,False
2315,2025-01-02,Organic Search,True,False
2316,2025-07-22,Paid Search,True,False
2317,2025-01-23,Email,False,False
2318,2025-06-03,Email,True,True
2319,2025-05-06,Organic Search,True,False
2320,2025-11-20,Paid Search,True,False
2321,2025-06-22,Organic Search,False,False
2322,2025-04-18,Paid Social,True,True
2323,2025-10-25,Direct,True,True
2324,2025-12-18,Paid Social,False,True
2325,2025-11-28,Email,True,False
2326,2025-04-17,Paid Search,True,True
2327,2025-04-24,Email,False,False
2328,2025-11-21,Organic Search,False,True
2329,2025-03-10,Email,True,True
2330,2025-06-13,Email,True,False
2331,2025-11-19,Paid Search,True,False
2332,2026-01-06,Organic Search,True,False
2333,2025-01-05,Direct,False,False
2334,2025-04-27,Direct,True,False
2335,2025-07-31,Paid Social,True,False
2336,2025-11-28,Paid Search,True,False
2337,2025-08-07,Organic Search,True,False
2338,2025-12-10,Paid Social,True,False
2339,2025-10-17,Email,True,False
2340,2025-08-15,Direct,False,True
2341,2025-05-06,Paid Search,False,False
2342,2025-02-02,Paid Search,True,False
2343,2025-03-01,Paid Search,False,False
2344,2025-06-21,Paid Social,False,True
2345,2025-12-03,Paid Social,True,False
2346,2025-08-23,Paid Search,False,True
2347,2025-02-14,Paid Social,True,True
2348,2025-03-01,Paid Search,False,False
2349,2025-02-09,Organic Search,False,False
2350,2025-01-25,Paid Social,True,False
2351,2025-06-04,Organic Search,True,False
2352,2025-11-10,Email,True,True
2353,2025-06-18,Paid Social,False,True
2354,2025-12-14,Email,True,False
2355,2025-03-25,Email,True,True
2356,2025-09-05,Organic Search,True,False
2357,2025-03-09,Paid Social,True,True
2358,2025-12-21,Organic Search,True,False
2359,2025-03-02,Email,False,False
2360,2025-07-29,Direct,True,False
2361,2025-12-31,Paid Social,True,True
2362,2025-07-23,Email,False,False
2363,2025-02-12,Email,False,False
2364,2025-10-31,Organic Search,False,False
2365,2025-08-30,Paid Social,True,False
2366,2025-08-24,Direct,True,True
2367,2025-04-04,Paid Social,False,True
2368,2025-07-06,Paid Social,True,False
2369,2026-01-09,Paid Search,True,False
2370,2025-08-19,Direct,False,False
2371,2025-06-07,Paid Social,False,False
2372,2025-05-10,Direct,False,False
2373,2025-01-18,Email,True,True
2374,2025-10-24,Paid Search,True,True
2375,2025-08-06,Paid Social,True,False
2376,2025-04-13,Paid Social,False,False
2377,2025-10-19,Email,False,True
2378,2025-03-30,Direct,False,False
2379,2025-06-28,Paid Social,True,False
2380,2025-08-28,Paid Social,True,False
2381,2025-03-20,Direct,True,False
2382,2025-01-05,Paid Social,True,True
2383,2025-07-29,Direct,True,False
2384,2025-03-27,Paid Social,False,True
2385,2025-10-23,Paid Search,True,False
2386,2025-02-24,Paid Social,False,True
2387,2025-05-21,Paid Social,True,False
2388,2025-12-15,Paid Social,True,False
2389,2025-06-09,Paid Social,False,False
2390,2025-02-18,Paid Social,True,False
2391,2025-12-28,Direct,True,False
2392,2025-02-01,Organic Search,True,False
2393,2025-03-28,Organic Search,True,False
2394,2025-02-15,Organic Search,True,False
2395,2025-07-10,Email,False,False
2396,2025-02-28,Paid Search,False,False
2397,2025-09-04,Paid Social,True,True
2398,2025-10-18,Email,True,False
2399,2025-11-11,Paid Social,True,False
2400,2025-03-20,Direct,False,False
2401,2025-04-22,Paid Social,True,False
2402,2025-09-09,Direct,True,True
2403,2025-10-19,Paid Social,True,False
2404,2025-07-12,Organic Search,False,False
2405,2026-01-29,Paid Search,True,False
2406,2025-02-22,Email,False,False
2407,2025-10-07,Organic Search,False,True
2408,2025-12-17,Organic Search,False,False
2409,2025-05-21,Email,False,False
2410,2025-02-09,Direct,False,False
2411,2025-12-31,Direct,False,True
2412,2025-01-04,Paid Search,False,False
2413,2025-07-09,Email,True,False
2414,2025-12-21,Paid Search,True,False
2415,2025-05-17,Paid Search,True,False
2416,2025-04-12,Paid Social,True,True
2417,2025-10-10,Paid Search,True,False
2418,2025-08-17,Direct,True,True
2419,2025-12-21,Email,True,False
2420,2025-01-30,Direct,True,False
2421,2025-01-15,Email,False,False
2422,2025-09-19,Email,True,False
2423,2025-07-29,Paid Search,True,False
2424,2026-01-29,Paid Social,False,False
2425,2025-02-11,Email,False,False
2426,2025-08-23,Direct,False,False
2427,2025-12-03,Email,True,True
2428,2025-12-31,Paid Search,True,False
2429,2026-01-13,Direct,True,True
2430,2025-05-15,Email,False,True
2431,2025-04-14,Paid Search,True,True
2432,2025-07-25,Organic Search,True,False
2433,2025-08-14,Paid Social,True,False
2434,2025-03-13,Direct,True,True
2435,2025-07-11,Email,True,True
2436,2025-07-14,Direct,True,False
2437,2025-05-31,Organic Search,True,False
2438,2025-12-18,Paid Search,True,False
2439,2025-10-07,Organic Search,True,False
2440,2026-01-12,Email,True,False
2441,2025-06-15,Direct,False,False
2442,2025-10-03,Paid Social,False,False
2443,2025-04-03,Direct,True,False
2444,2025-07-21,Paid Social,True,False
2445,2025-04-29,Organic Search,False,False
2446,2025-04-03,Paid Search,True,False
2447,2025-10-19,Email,True,False
2448,2025-10-12,Direct,False,False
2449,2025-03-07,Direct,True,False
2450,2025-12-09,Paid Social,True,False
2451,2025-07-13,Paid Social,True,True
2452,2025-07-15,Direct,True,False
2453,2025-12-21,Email,True,False
2454,2025-07-22,Paid Search,True,True
2455,2025-01-27,Organic Search,True,False
2456,2025-09-21,Paid Social,True,False
2457,2025-08-16,Email,False,False
2458,2025-01-19,Paid Search,True,True
2459,2025-10-23,Organic Search,False,False
2460,2025-06-08,Email,True,False
2461,2025-08-12,Email,False,False
2462,2026-02-05,Email,False,False
2463,2025-10-21,Direct,False,False
2464,2025-05-22,Organic Search,False,True
2465,2026-01-24,Direct,True,True
2466,2025-07-27,Paid Search,True,True
2467,2025-08-09,Organic Search,True,False
2468,2025-09-17,Organic Search,True,True
2469,2025-06-13,Direct,True,False
2470,2025-10-12,Paid Search,False,False
2471,2026-01-26,Paid Search,True,False
2472,2025-07-24,Paid Social,False,False
2473,2025-05-19,Direct,True,False
2474,2025-01-02,Email,True,False
2475,2025-04-17,Organic Search,True,False
2476,2025-03-29,Organic Search,False,False
2477,2025-04-22,Paid Social,False,True
2478,2025-12-25,Paid Social,True,False
2479,2025-03-19,Paid Social,False,False
2480,2026-01-04,Organic Search,False,False
2481,2026-01-10,Organic Search,True,True
2482,2025-05-12,Organic Search,True,False
2483,2025-09-03,Paid Social,True,False
2484,2025-02-05,Organic Search,False,True
2485,2025-10-12,Organic Search,True,False
2486,2026-01-04,Paid Social,False,True
2487,2025-04-04,Direct,True,True
2488,2025-05-11,Paid Search,True,True
2489,2025-11-09,Paid Social,True,False
2490,2025-11-23,Paid Social,False,True
2491,2025-11-02,Direct,True,False
2492,2026-01-15,Email,True,False
2493,2025-12-06,Email,False,True
2494,2025-03-02,Paid Social,True,False
2495,2025-09-06,Direct,True,False
2496,2025-02-23,Email,True,True
2497,2025-11-10,Paid Social,True,False
2498,2025-04-07,Paid Search,True,False
2499,2025-05-20,Email,True,False
2500,2025-11-29,Paid Social,True,True
2501,2025-08-25,Paid Search,True,False
2502,2025-08-28,Paid Social,True,True
2503,2025-02-08,Paid Search,False,True
2504,2025-09-13,Paid Social,False,False
2505,2025-11-15,Paid Search,False,False
2506,2025-12-13,Paid Search,True,False
2507,2025-07-15,Email,True,False
2508,2025-10-01,Organic Search,True,False
2509,2025-03-22,Direct,True,False
2510,2025-07-31,Email,False,True
2511,2025-12-12,Direct,True,False
2512,2025-08-15,Organic Search,False,False
2513,2025-07-03,Email,True,False
2514,2025-10-26,Organic Search,True,False
2515,2025-03-20,Organic Search,False,True
2516,2025-10-11,Paid Search,False,False
2517,2025-04-23,Direct,False,True
2518,2025-04-23,Paid Search,False,False
2519,2025-06-07,Email,True,False
2520,2025-07-31,Paid Social,True,False
2521,2025-08-15,Direct,True,False
2522,2026-02-02,Direct,False,True
2523,2025-12-02,Paid Social,False,False
2524,2025-10-09,Paid Search,True,False
2525,2025-08-05,Organic Search,False,False
2526,2025-10-16,Paid Social,False,True
2527,2025-06-01,Paid Social,True,True
2528,2025-06-10,Paid Social,True,False
2529,2025-07-14,Organic Search,True,False
2530,2025-04-07,Direct,True,False
2531,2025-02-11,Direct,True,False
2532,2025-09-14,Organic Search,False,False
2533,2025-09-08,Paid Search,True,True
2534,2025-07-09,Email,False,False
2535,2025-05-31,Paid Search,True,False
2536,2025-02-01,Email,True,True
2537,2025-05-10,Email,False,False
2538,2025-09-10,Direct,True,False
2539,2025-07-16,Paid Social,False,False
2540,2025-01-13,Direct,True,False
2541,2025-05-23,Direct,True,False
2542,2026-02-03,Paid Search,False,False
2543,2025-01-04,Direct,False,False
2544,2025-10-11,Organic Search,True,False
2545,2025-09-16,Email,True,False
2546,2025-07-04,Direct,True,True
2547,2025-05-31,Organic Search,False,False
2548,2025-02-02,Organic Search,False,False
2549,2025-07-03,Paid Social,False,False
2550,2025-07-15,Paid Social,True,True
2551,2025-06-09,Email,True,False
2552,2025-11-25,Paid Social,True,True
2553,2025-02-26,Paid Social,False,False
2554,2026-01-17,Email,True,False
2555,2025-11-21,Paid Social,False,False
2556,2026-01-28,Direct,True,False
2557,2025-09-14,Direct,True,False
2558,2025-04-20,Paid Social,True,False
2559,2025-02-03,Paid Social,False,False
2560,2025-09-29,Email,False,True
2561,2025-01-11,Paid Social,True,True
2562,2025-05-17,Organic Search,True,False
2563,2025-01-04,Paid Search,False,True
2564,2026-01-15,Email,False,False
2565,2025-05-14,Organic Search,True,False
2566,2025-12-07,Organic Search,True,True
2567,2025-08-08,Email,True,False
2568,2025-02-06,Organic Search,False,False
2569,2025-12-21,Direct,True,False
2570,2025-09-12,Direct,True,True
2571,2025-03-30,Paid Search,True,False
2572,2025-08-17,Direct,True,False
2573,2025-10-14,Direct,True,True
2574,2025-04-18,Direct,True,True
2575,2025-02-16,Email,False,False
2576,2025-10-04,Organic Search,False,True
2577,2026-01-20,Email,True,False
2578,2025-09-17,Email,True,False
2579,2025-03-14,Organic Search,True,True
2580,2025-11-12,Paid Social,False,True
2581,2025-03-12,Direct,True,False
2582,2025-03-08,Paid Social,True,True
2583,2025-10-24,Email,False,True
2584,2025-12-20,Direct,True,False
2585,2025-04-16,Email,False,False
2586,2025-04-05,Paid Social,False,False
2587,2025-05-04,Organic Search,True,False
2588,2025-01-22,Paid Search,True,False
2589,2025-07-25,Paid Search,True,True
2590,2025-06-22,Organic Search,True,True
2591,2025-01-03,Email,False,False
2592,2025-11-29,Paid Search,True,False
2593,2025-11-10,Organic Search,True,True
2594,2025-07-14,Paid Social,True,False
2595,2025-07-24,Direct,True,False
2596,2025-05-24,Direct,False,False
2597,2025-02-02,Paid Search,False,False
2598,2025-07-01,Paid Social,True,False
2599,2025-03-02,Direct,False,True
2600,2025-04-28,Organic Search,False,True
2601,2025-10-21,Direct,True,False
2602,2025-09-30,Email,True,False
2603,2025-03-27,Direct,False,True
2604,2025-04-03,Email,True,False
2605,2025-11-24,Direct,True,False
2606,2025-02-23,Paid Social,True,False
2607,2025-07-21,Paid Social,True,False
2608,2025-03-09,Organic Search,True,False
2609,2026-01-25,Organic Search,True,False
2610,2025-05-08,Paid Search,False,False
2611,2025-11-27,Organic Search,True,False
2612,2025-08-25,Email,True,True
2613,2025-07-29,Email,True,False
2614,2026-01-19,Direct,True,False
2615,2025-12-07,Direct,True,False
2616,2025-10-26,Direct,True,False
2617,2025-06-06,Paid Social,True,False
2618,2025-11-02,Organic Search,False,False
2619,2025-03-14,Direct,True,True
2620,2025-12-12,Paid Search,True,True
2621,2026-01-31,Paid Search,False,True
2622,2025-04-01,Paid Social,True,False
2623,2025-08-21,Organic Search,False,False
2624,2025-05-21,Organic Search,True,False
2625,2025-11-09,Paid Search,True,False
2626,2025-03-18,Email,False,False
2627,2025-11-26,Paid Search,True,False
2628,2025-11-11,Email,True,True
2629,2025-01-04,Organic Search,False,True
2630,2025-07-14,Direct,False,False
2631,2025-02-04,Organic Search,False,False
2632,2025-01-15,Email,True,False
2633,2025-08-31,Organic Search,False,True
2634,2025-09-29,Paid Social,True,False
2635,2025-12-20,Organic Search,False,False
2636,2025-04-21,Paid Search,False,False
2637,2025-05-27,Paid Search,False,True
2638,2025-12-05,Organic Search,True,False
2639,2025-11-29,Organic Search,True,False
2640,2025-08-08,Paid Social,True,True
2641,2025-02-07,Email,True,False
2642,2025-01-11,Direct,False,False
2643,2026-02-05,Direct,True,False
2644,2025-08-28,Paid Search,True,False
2645,2025-12-06,Organic Search,False,True
2646,2025-09-16,Email,True,True
2647,2025-08-17,Paid Social,True,False
2648,2025-04-18,Direct,True,True
2649,2025-12-30,Paid Search,False,True
2650,2025-05-19,Email,True,False
2651,2025-05-15,Direct,False,False
2652,2025-07-24,Paid Search,True,True
2653,2026-01-22,Paid Social,True,False
2654,2025-06-19,Paid Search,False,False
2655,2025-02-02,Paid Social,False,False
2656,2025-04-22,Paid Social,False,False
2657,2025-01-17,Paid Social,False,False
2658,2025-08-15,Direct,True,False
2659,2025-11-15,Direct,False,True
2660,2025-01-29,Paid Search,True,False
2661,2025-10-02,Organic Search,True,False
2662,2025-12-17,Direct,True,False
2663,2025-11-30,Paid Search,False,False
2664,2026-01-09,Direct,True,True
2665,2026-01-02,Paid Search,False,False
2666,2025-05-26,Direct,True,False
2667,2026-01-21,Organic Search,False,False
2668,2025-08-10,Paid Search,False,True
2669,2025-06-02,Direct,True,False
2670,2025-03-14,Paid Search,False,False
2671,2025-11-12,Organic Search,True,False
2672,2025-09-12,Direct,True,True
2673,2025-10-08,Paid Social,False,True
2674,2025-07-19,Paid Social,True,False
2675,2025-10-24,Direct,False,False
2676,2025-03-23,Paid Social,False,False
2677,2025-02-21,Organic Search,True,False
2678,2025-12-22,Organic Search,False,True
2679,2025-10-06,Email,True,False
2680,2025-01-20,Paid Search,True,False
2681,2025-08-08,Paid Social,True,True
2682,2025-04-19,Paid Search,True,False
2683,2025-12-06,Direct,True,False
2684,2025-09-01,Organic Search,True,False
2685,2025-01-10,Paid Social,True,False
2686,2025-04-27,Email,False,True
2687,2025-05-13,Direct,True,True
2688,2025-06-20,Paid Social,True,False
2689,2025-12-07,Paid Social,False,False
2690,2025-10-10,Email,True,False
2691,2025-09-03,Organic Search,True,False
2692,2025-05-06,Paid Search,True,True
2693,2025-11-15,Email,False,False
2694,2025-10-05,Email,True,False
2695,2025-02-26,Email,True,False
2696,2026-01-27,Email,False,False
2697,2025-04-08,Direct,True,False
2698,2025-08-01,Organic Search,True,False
2699,2025-07-09,Organic Search,False,False
2700,2025-04-30,Paid Search,True,False
2701,2025-08-19,Paid Social,True,False
2702,2025-07-18,Paid Search,False,False
2703,2025-07-17,Organic Search,True,True
2704,2025-03-09,Direct,True,True
2705,2025-08-16,Email,True,False
2706,2025-12-07,Organic Search,True,True
2707,2025-05-05,Direct,True,False
2708,2025-05-23,Organic Search,False,False
2709,2026-01-22,Paid Social,True,False
2710,2026-01-31,Paid Search,False,True
2711,2026-01-04,Email,True,False
2712,2025-10-20,Organic Search,False,False
2713,2025-06-28,Paid Search,False,False
2714,2025-11-02,Organic Search,True,False
2715,2025-04-14,Direct,True,False
2716,2025-10-02,Organic Search,True,True
2717,2025-09-21,Direct,True,False
2718,2025-07-28,Paid Social,False,False
2719,2025-02-01,Organic Search,True,False
2720,2025-12-15,Direct,True,False
2721,2025-07-01,Email,True,False
2722,2025-06-08,Paid Search,True,False
2723,2025-08-16,Paid Search,True,False
2724,2025-07-20,Direct,True,False
2725,2025-12-01,Organic Search,True,False
2726,2025-02-03,Email,False,False
2727,2025-05-28,Direct,True,True
2728,2026-01-17,Email,False,False
2729,2025-01-13,Paid Search,False,False
2730,2025-04-30,Organic Search,True,True
2731,2025-11-21,Direct,True,True
2732,2025-09-08,Paid Social,True,False
2733,2025-09-07,Organic Search,True,False
2734,2025-09-19,Direct,False,False
2735,2025-06-03,Organic Search,False,True
2736,2026-01-01,Organic Search,False,True
2737,2025-03-31,Email,True,False
2738,2025-02-02,Paid Social,True,False
2739,2025-07-25,Organic Search,False,True
2740,2025-11-21,Paid Social,True,False
2741,2026-02-01,Paid Search,True,False
2742,2025-11-10,Paid Search,True,False
2743,2025-01-28,Direct,False,False
2744,2025-06-24,Direct,False,False
2745,2025-05-11,Organic Search,True,False
2746,2025-03-18,Email,False,False
2747,2026-01-24,Email,True,False
2748,2025-04-22,Organic Search,False,False
2749,2025-10-05,Paid Social,True,False
2750,2025-09-04,Paid Social,True,False
2751,2026-01-23,Paid Social,True,False
2752,2025-06-18,Direct,False,False
2753,2025-06-25,Paid Social,False,True
2754,2025-05-16,Paid Social,False,False
2755,2025-10-10,Paid Social,True,False
2756,2025-07-08,Email,False,False
2757,2026-01-07,Organic Search,True,False
2758,2025-01-18,Paid Social,False,False
2759,2025-03-18,Direct,True,False
2760,2025-02-03,Email,True,False
2761,2025-09-09,Paid Search,False,False
2762,2025-12-16,Direct,True,False
2763,2025-06-25,Email,False,True
2764,2025-01-22,Email,True,False
2765,2025-08-09,Email,False,False
2766,2026-01-13,Organic Search,False,False
2767,2025-06-24,Paid Search,True,False
2768,2025-05-11,Organic Search,True,False
2769,2025-03-02,Email,True,False
2770,2025-06-16,Direct,False,True
2771,2025-10-10,Organic Search,True,True
2772,2025-09-24,Paid Search,True,True
2773,2025-12-30,Paid Social,True,True
2774,2025-12-10,Email,False,False
2775,2025-06-22,Email,True,False
2776,2025-06-26,Paid Search,False,False
2777,2025-11-27,Paid Social,True,False
2778,2025-05-28,Direct,True,False
2779,2025-02-06,Paid Search,False,False
2780,2025-10-23,Email,True,False
2781,2025-02-06,Paid Social,False,False
2782,2025-03-02,Paid Search,False,True
2783,2025-01-21,Email,True,False
2784,2026-01-27,Direct,True,True
2785,2025-12-21,Paid Social,True,False
2786,2025-06-28,Paid Social,False,False
2787,2025-01-21,Organic Search,True,True
2788,2025-05-20,Organic Search,True,False
2789,2025-01-19,Paid Social,False,False
2790,2025-11-23,Direct,True,True
2791,2025-07-23,Direct,False,False
2792,2025-03-23,Email,False,True
2793,2025-05-10,Email,False,False
2794,2025-09-17,Organic Search,True,False
2795,2025-08-28,Organic Search,True,False
2796,2025-07-24,Direct,False,False
2797,2025-10-27,Paid Social,False,True
2798,2025-06-20,Paid Social,True,True
2799,2025-09-18,Paid Search,False,True
2800,2025-08-31,Organic Search,False,True
2801,2025-01-10,Direct,True,True
2802,2025-04-06,Paid Search,True,False
2803,2026-02-04,Paid Search,True,False
2804,2025-05-28,Organic Search,True,True
2805,2025-01-23,Paid Social,True,False
2806,2025-10-21,Paid Search,True,False
2807,2026-01-22,Organic Search,False,False
2808,2025-07-24,Paid Social,False,False
2809,2025-09-07,Email,True,True
2810,2025-11-01,Paid Social,True,True
2811,2025-11-02,Direct,False,False
2812,2025-04-05,Paid Social,False,False
2813,2026-01-06,Organic Search,False,True
2814,2025-08-06,Email,False,False
2815,2026-01-24,Paid Social,False,True
2816,2025-06-15,Email,True,False
2817,2025-01-30,Email,True,False
2818,2025-02-24,Organic Search,True,True
2819,2025-11-04,Paid Search,True,False
2820,2025-11-03,Paid Search,True,True
2821,2025-08-29,Direct,False,False
2822,2026-01-01,Paid Search,True,False
2823,2025-09-02,Email,False,True
2824,2025-06-19,Direct,True,True
2825,2025-04-06,Paid Social,True,True
2826,2025-08-18,Organic Search,True,False
2827,2025-12-18,Paid Social,False,False
2828,2025-09-09,Paid Search,False,False
2829,2025-10-02,Direct,False,True
2830,2025-05-09,Organic Search,True,False
2831,2025-01-29,Direct,True,False
2832,2025-07-09,Organic Search,True,False
2833,2025-03-29,Paid Social,True,False
2834,2025-02-09,Organic Search,False,False
2835,2025-08-31,Paid Social,False,False
2836,2026-01-18,Paid Social,True,True
2837,2025-03-24,Organic Search,True,True
2838,2025-04-12,Paid Social,True,False
2839,2025-01-24,Direct,True,True
2840,2025-08-15,Paid Search,False,True
2841,2025-01-18,Direct,False,False
2842,2025-05-23,Paid Search,True,True
2843,2025-12-03,Paid Search,True,True
2844,2025-07-31,Direct,True,False
2845,2025-01-31,Paid Social,True,False
2846,2026-01-24,Paid Search,True,False
2847,2026-02-01,Direct,True,False
2848,2025-06-24,Direct,True,False
2849,2025-06-30,Organic Search,True,False
2850,2026-01-09,Paid Social,False,False
2851,2025-03-03,Email,True,False
2852,2025-05-20,Direct,False,False
2853,2025-08-07,Organic Search,True,True
2854,2025-01-29,Organic Search,True,True
2855,2025-01-17,Organic Search,False,False
2856,2025-02-15,Organic Search,True,True
2857,2025-11-28,Direct,True,False
2858,2025-07-25,Organic Search,True,False
2859,2026-01-23,Email,True,False
2860,2025-06-26,Email,True,False
2861,2025-05-15,Organic Search,True,False
2862,2025-10-07,Direct,False,False
2863,2025-10-13,Direct,True,False
2864,2025-10-02,Direct,True,True
2865,2025-01-23,Paid Social,False,False
2866,2026-01-01,Direct,False,False
2867,2025-07-15,Paid Search,True,True
2868,2025-05-27,Paid Social,False,True
2869,2025-05-27,Email,False,False
2870,2025-09-02,Paid Search,True,True
2871,2025-09-05,Paid Search,True,False
2872,2025-06-07,Direct,True,False
2873,2025-10-15,Organic Search,False,False
2874,2026-01-27,Email,True,True
2875,2025-09-23,Paid Search,False,True
2876,2025-12-06,Email,False,False
2877,2025-02-13,Paid Search,False,True
2878,2026-01-01,Email,False,False
2879,2025-05-24,Email,False,False
2880,2025-03-05,Organic Search,True,False
2881,2025-03-19,Paid Search,True,False
2882,2025-05-10,Paid Social,False,True
2883,2025-09-30,Paid Search,False,False
2884,2025-06-01,Organic Search,True,False
2885,2025-03-26,Organic Search,False,False
2886,2025-11-04,Paid Search,False,True
2887,2025-12-22,Direct,False,True
2888,2025-04-23,Email,False,True
2889,2025-11-08,Paid Social,False,False
2890,2025-07-29,Email,False,True
2891,2025-04-17,Paid Search,False,False
2892,2025-04-10,Organic Search,True,False
2893,2025-04-29,Email,True,False
2894,2025-01-17,Paid Search,False,True
2895,2025-08-23,Paid Social,True,True
2896,2025-07-26,Organic Search,False,False
2897,2025-04-25,Email,False,False
2898,2025-02-19,Email,True,True
2899,2025-06-14,Direct,False,False
2900,2026-01-21,Paid Social,False,False
2901,2026-01-26,Email,True,False
2902,2025-11-26,Paid Social,True,False
2903,2025-01-17,Email,True,False
2904,2025-03-24,Paid Search,True,True
2905,2025-03-27,Email,True,False
2906,2025-11-21,Paid Search,False,False
2907,2025-07-01,Paid Search,True,False
2908,2025-08-23,Email,True,False
2909,2025-03-14,Email,True,True
2910,2025-07-24,Email,False,False
2911,2025-12-01,Paid Search,False,False
2912,2025-05-07,Direct,True,True
2913,2025-09-16,Organic Search,False,False
2914,2025-08-10,Paid Social,False,True
2915,2026-01-13,Organic Search,True,False
2916,2025-02-09,Email,False,False
2917,2025-08-16,Organic Search,False,False
2918,2025-01-11,Organic Search,False,True
2919,2025-07-23,Organic Search,True,False
2920,2025-04-20,Paid Search,True,True
2921,2025-08-25,Paid Search,False,False
2922,2025-07-10,Direct,True,False
2923,2025-08-16,Paid Social,False,True
2924,2025-10-27,Direct,True,False
2925,2025-10-21,Email,True,True
2926,2025-06-20,Paid Search,False,False
2927,2025-11-02,Organic Search,True,False
2928,2025-09-05,Organic Search,False,True
2929,2025-08-26,Paid Social,False,False
2930,2025-12-10,Organic Search,True,False
2931,2025-11-28,Direct,False,False
2932,2025-02-26,Paid Social,True,False
2933,2025-07-29,Organic Search,True,True
2934,2025-03-23,Organic Search,True,True
2935,2025-08-10,Organic Search,True,True
2936,2025-04-05,Paid Search,True,False
2937,2025-11-23,Direct,False,False
2938,2025-06-17,Direct,True,False
2939,2025-10-20,Organic Search,True,False
2940,2025-10-25,Email,True,True
2941,2025-02-13,Direct,True,True
2942,2025-03-29,Organic Search,True,False
2943,2025-07-07,Paid Social,True,True
2944,2025-03-20,Paid Social,False,False
2945,2026-01-14,Paid Search,True,False
2946,2025-12-06,Organic Search,True,False
2947,2025-08-23,Paid Search,False,False
2948,2025-05-03,Email,False,False
2949,2025-02-16,Paid Social,True,False
2950,2025-06-17,Organic Search,True,False
2951,2025-02-18,Paid Social,False,False
2952,2025-12-08,Organic Search,False,False
2953,2025-08-13,Paid Social,False,False
2954,2025-05-17,Direct,False,True
2955,2025-11-07,Paid Search,False,False
2956,2025-05-20,Organic Search,False,True
2957,2025-03-24,Direct,True,False
2958,2025-04-25,Paid Search,True,False
2959,2025-04-04,Paid Search,True,False
2960,2025-11-25,Organic Search,False,False
2961,2025-11-22,Email,False,False
2962,2025-05-18,Paid Social,True,False
2963,2026-01-19,Email,True,False
2964,2025-08-14,Paid Search,False,False
2965,2025-04-03,Email,False,False
2966,2025-02-14,Email,False,False
2967,2025-09-21,Paid Social,True,False
2968,2025-12-07,Email,True,False
2969,2025-06-30,Paid Search,False,True
2970,2025-04-08,Organic Search,True,False
2971,2025-05-03,Email,True,False
2972,2025-01-27,Paid Search,True,False
2973,2025-04-05,Direct,True,False
2974,2025-05-03,Organic Search,True,True
2975,2025-06-14,Paid Search,False,False
2976,2026-02-05,Organic Search,True,False
2977,2025-05-07,Paid Social,False,True
2978,2025-06-04,Organic Search,False,True
2979,2025-03-22,Organic Search,True,False
2980,2025-03-26,Paid Search,False,False
2981,2025-02-19,Direct,True,True
2982,2025-07-25,Paid Search,False,False
2983,2025-11-28,Organic Search,True,False
2984,2025-08-13,Paid Social,False,False
2985,2025-09-04,Organic Search,False,False
2986,2026-01-05,Direct,False,False
2987,2025-06-02,Organic Search,True,True
2988,2025-10-23,Organic Search,True,False
2989,2025-02-26,Paid Search,True,True
2990,2025-10-04,Email,True,False
2991,2025-01-15,Paid Search,True,False
2992,2026-01-14,Direct,True,False
2993,2025-06-06,Direct,True,True
2994,2025-07-02,Direct,False,False
2995,2025-04-28,Paid Social,False,False
2996,2025-08-15,Direct,True,False
2997,2025-03-15,Paid Social,True,False
2998,2025-12-17,Email,True,False
2999,2025-03-09,Organic Search,True,False
3000,2025-03-01,Organic Search,True,False
3001,2026-01-22,Direct,True,True
3002,2025-04-10,Email,False,False
3003,2025-09-22,Email,False,True
3004,2025-04-03,Paid Social,True,False
3005,2025-01-31,Email,True,False
3006,2025-06-11,Email,True,False
3007,2025-04-02,Paid Social,False,False
3008,2026-01-10,Organic Search,True,True
3009,2025-11-08,Direct,True,False
3010,2025-11-17,Organic Search,False,False
3011,2025-03-25,Paid Search,True,False
3012,2025-11-11,Paid Social,True,True
3013,2025-07-30,Email,False,True
3014,2025-10-31,Email,False,False
3015,2025-11-25,Email,False,False
3016,2025-10-06,Paid Social,False,True
3017,2025-05-26,Paid Search,True,True
3018,2025-11-02,Direct,True,True
3019,2025-01-01,Paid Search,False,True
3020,2026-01-30,Organic Search,True,False
3021,2025-08-08,Direct,True,True
3022,2025-10-21,Organic Search,True,False
3023,2025-07-08,Paid Search,False,False
3024,2025-03-03,Paid Social,False,False
3025,2025-05-13,Paid Social,False,False
3026,2025-11-25,Paid Social,False,True
3027,2025-02-04,Paid Social,True,False
3028,2026-01-27,Organic Search,True,False
3029,2025-04-21,Organic Search,True,False
3030,2025-10-12,Direct,True,False
3031,2025-08-28,Direct,True,False
3032,2025-05-13,Paid Social,True,True
3033,2025-03-08,Email,False,False
3034,2025-11-13,Organic Search,True,False
3035,2025-11-20,Organic Search,False,False
3036,2025-12-14,Email,False,True
3037,2025-06-20,Paid Social,True,False
3038,2025-06-25,Direct,True,True
3039,2025-06-04,Direct,True,False
3040,2026-02-05,Paid Search,True,True
3041,2025-07-26,Email,False,False
3042,2025-03-15,Direct,False,True
3043,2026-01-30,Direct,True,False
3044,2025-07-15,Organic Search,False,False
3045,2025-06-11,Organic Search,False,False
3046,2025-01-15,Direct,False,False
3047,2025-04-18,Organic Search,True,False
3048,2025-04-21,Direct,False,True
3049,2025-02-24,Paid Search,True,False
3050,2025-09-28,Paid Search,True,False
3051,2025-07-11,Email,True,True
3052,2025-05-26,Direct,False,False
3053,2025-06-27,Email,True,False
3054,2026-01-03,Organic Search,False,False
3055,2025-01-01,Paid Search,True,True
3056,2025-05-16,Paid Social,True,True
3057,2025-01-10,Direct,False,False
3058,2026-01-21,Direct,True,False
3059,2025-09-30,Direct,False,False
3060,2025-08-19,Email,True,True
3061,2025-01-05,Organic Search,False,False
3062,2025-09-07,Paid Social,True,False
3063,2025-10-25,Organic Search,False,True
3064,2025-04-02,Paid Social,True,False
3065,2025-04-15,Organic Search,False,False
3066,2025-08-29,Direct,True,True
3067,2025-11-14,Organic Search,True,False
3068,2025-12-19,Direct,True,True
3069,2025-03-15,Direct,True,False
3070,2025-04-03,Paid Social,False,True
3071,2025-08-25,Organic Search,True,False
3072,2025-12-21,Direct,False,True
3073,2025-08-06,Direct,True,False
3074,2025-12-26,Email,True,False
3075,2025-10-23,Organic Search,False,False
3076,2025-12-13,Paid Social,False,False
3077,2026-01-25,Organic Search,True,False
3078,2025-05-04,Direct,True,False
3079,2025-06-01,Paid Social,True,True
3080,2025-09-13,Paid Social,True,True
3081,2025-09-22,Paid Social,True,False
3082,2025-11-26,Direct,True,False
3083,2025-11-16,Paid Search,False,False
3084,2025-06-22,Organic Search,False,False
3085,2025-03-02,Paid Search,False,True
3086,2025-09-04,Direct,True,True
3087,2025-11-21,Paid Social,True,False
3088,2025-09-30,Paid Social,True,False
3089,2025-03-24,Organic Search,False,False
3090,2026-02-01,Paid Social,False,False
3091,2025-08-17,Paid Social,False,False
3092,2025-07-14,Email,True,False
3093,2025-12-24,Organic Search,False,False
3094,2025-04-25,Paid Social,True,False
3095,2025-02-08,Paid Search,True,False
3096,2025-08-07,Direct,False,False
3097,2025-05-17,Direct,False,False
3098,2025-06-02,Direct,True,False
3099,2025-01-27,Email,True,False
3100,2026-02-03,Organic Search,False,False
3101,2025-07-14,Email,True,True
3102,2025-01-08,Email,True,False
3103,2025-04-24,Paid Social,False,False
3104,2025-02-26,Direct,True,False
3105,2025-08-29,Paid Social,True,False
3106,2025-03-16,Organic Search,False,False
3107,2025-05-29,Paid Search,True,False
3108,2025-12-30,Direct,False,False
3109,2025-11-29,Organic Search,False,False
3110,2025-10-30,Paid Social,True,False
3111,2025-04-09,Direct,True,False
3112,2025-07-11,Paid Search,True,False
3113,2025-08-01,Paid Social,False,True
3114,2025-01-27,Email,False,False
3115,2025-05-05,Paid Social,False,True
3116,2025-05-03,Organic Search,True,False
3117,2025-11-26,Organic Search,True,False
3118,2025-01-03,Paid Search,True,False
3119,2025-09-26,Paid Social,True,False
3120,2025-03-08,Direct,True,False
3121,2025-11-13,Paid Social,False,False
3122,2025-02-25,Organic Search,True,False
3123,2025-03-16,Direct,False,False
3124,2026-02-01,Organic Search,True,False
3125,2025-08-11,Organic Search,True,False
3126,2025-11-28,Email,False,True
3127,2025-06-05,Paid Social,False,True
3128,2025-12-08,Direct,True,False
3129,2025-02-02,Paid Search,False,False
3130,2026-01-31,Organic Search,True,False
3131,2025-06-30,Paid Search,False,False
3132,2025-07-08,Paid Search,True,False
3133,2025-03-01,Direct,False,True
3134,2025-05-08,Paid Social,True,False
3135,2026-01-02,Paid Social,False,False
3136,2025-09-12,Direct,True,True
3137,2025-09-30,Organic Search,False,False
3138,2025-08-14,Paid Social,False,True
3139,2025-04-19,Paid Social,True,False
3140,2025-11-17,Paid Social,True,False
3141,2025-07-16,Email,True,False
3142,2025-06-17,Direct,True,False
3143,2025-02-11,Paid Social,False,True
3144,2025-09-25,Paid Social,True,True
3145,2025-05-23,Paid Search,True,True
3146,2026-01-01,Direct,True,False
3147,2025-01-19,Email,True,True
3148,2025-11-07,Paid Search,False,False
3149,2025-12-30,Paid Social,True,False
3150,2025-05-24,Direct,True,False
3151,2025-11-16,Email,True,False
3152,2025-09-28,Direct,True,False
3153,2025-02-27,Direct,False,True
3154,2026-01-20,Email,True,True
3155,2025-06-28,Paid Search,True,False
3156,2025-05-19,Paid Social,True,True
3157,2026-02-05,Email,True,True
3158,2025-10-30,Organic Search,True,True
3159,2025-10-08,Paid Social,True,False
3160,2025-06-30,Paid Social,True,False
3161,2025-09-11,Paid Social,False,False
3162,2025-09-20,Email,False,False
3163,2025-04-22,Paid Search,True,False
3164,2025-12-24,Direct,True,False
3165,2025-09-05,Email,True,True
3166,2025-07-04,Organic Search,True,False
3167,2025-09-17,Paid Social,True,False
3168,2025-01-02,Email,False,False
3169,2025-12-27,Email,False,False
3170,2025-03-20,Direct,False,False
3171,2025-04-06,Email,False,False
3172,2025-11-22,Paid Social,False,False
3173,2025-11-24,Paid Social,True,True
3174,2025-08-03,Direct,True,False
3175,2025-07-05,Direct,True,False
3176,2025-11-14,Paid Search,True,False
3177,2025-07-28,Direct,True,False
3178,2025-05-27,Direct,True,False
3179,2025-03-10,Paid Search,True,False
3180,2026-02-02,Paid Social,False,False
3181,2025-02-04,Paid Social,True,False
3182,2025-06-18,Organic Search,False,False
3183,2025-11-29,Direct,False,False
3184,2026-01-22,Paid Search,False,False
3185,2026-01-12,Organic Search,False,False
3186,2025-11-24,Paid Social,True,False
3187,2025-04-04,Organic Search,True,False
3188,2025-12-03,Paid Search,True,False
3189,2025-05-23,Paid Search,True,False
3190,2025-11-09,Email,False,False
3191,2025-02-10,Paid Social,True,False
3192,2026-02-01,Organic Search,False,False
3193,2025-07-29,Paid Search,True,False
3194,2025-05-17,Organic Search,True,False
3195,2025-11-27,Paid Social,True,False
3196,2025-08-30,Paid Social,False,False
3197,2025-05-16,Email,True,False
3198,2025-05-11,Paid Social,False,False
3199,2025-06-20,Direct,True,False
3200,2025-04-08,Direct,True,False
3201,2025-03-04,Organic Search,True,False
3202,2025-11-01,Organic Search,True,False
3203,2025-06-04,Direct,True,False
3204,2025-10-28,Paid Search,False,True
3205,2025-07-10,Direct,True,False
3206,2025-11-22,Paid Search,True,False
3207,2025-06-02,Paid Search,True,False
3208,2025-03-18,Direct,True,True
3209,2025-09-13,Organic Search,False,False
3210,2025-04-02,Email,True,False
3211,2025-07-10,Paid Search,True,False
3212,2025-10-05,Direct,False,True
3213,2025-01-08,Direct,False,False
3214,2025-11-03,Direct,True,False
3215,2025-10-10,Paid Search,True,False
3216,2025-06-15,Paid Social,False,True
3217,2025-12-02,Organic Search,True,False
3218,2026-01-27,Paid Search,True,False
3219,2025-08-21,Organic Search,True,False
3220,2025-09-15,Email,True,False
3221,2025-06-15,Paid Social,True,False
3222,2025-11-24,Organic Search,False,False
3223,2025-05-30,Organic Search,True,True
3224,2025-11-28,Paid Social,False,False
3225,2025-10-07,Organic Search,True,False
3226,2026-01-14,Organic Search,False,True
3227,2025-01-19,Paid Social,False,False
3228,2026-01-29,Email,True,False
3229,2025-12-06,Direct,False,False
3230,2025-12-28,Paid Social,True,True
3231,2025-05-08,Organic Search,True,False
3232,2025-09-27,Paid Search,True,True
3233,2025-10-27,Paid Social,True,False
3234,2025-08-12,Email,False,False
3235,2026-01-26,Email,True,False
3236,2025-12-07,Paid Search,True,False
3237,2026-01-02,Paid Search,False,False
3238,2026-01-11,Paid Social,True,False
3239,2025-09-21,Direct,True,False
3240,2025-07-15,Organic Search,False,False
3241,2025-05-06,Paid Search,True,True
3242,2025-06-05,Paid Social,True,True
3243,2025-10-31,Paid Search,True,True
3244,2025-04-16,Direct,True,True
3245,2025-12-15,Paid Search,False,False
3246,2025-04-02,Direct,True,True
3247,2025-01-05,Direct,False,False
3248,2025-12-21,Direct,True,False
3249,2025-08-28,Email,False,False
3250,2025-12-18,Paid Social,True,True
3251,2025-07-26,Paid Search,False,False
3252,2025-10-07,Paid Search,True,False
3253,2025-05-08,Organic Search,True,False
3254,2025-06-09,Paid Search,True,False
3255,2025-01-25,Email,False,False
3256,2025-07-20,Email,True,False
3257,2025-07-22,Paid Social,True,False
3258,2025-01-09,Direct,True,False
3259,2025-10-15,Paid Social,False,False
3260,2026-01-18,Organic Search,False,True
3261,2025-10-12,Organic Search,True,True
3262,2025-08-31,Direct,True,False
3263,2025-08-16,Paid Search,True,False
3264,2025-12-17,Paid Search,False,False
3265,2025-04-14,Paid Search,True,True
3266,2025-12-08,Paid Social,True,False
3267,2025-04-09,Direct,False,False
3268,2025-08-27,Email,False,False
3269,2025-11-13,Paid Search,True,False
3270,2025-09-05,Paid Social,True,False
3271,2025-10-24,Email,False,False
3272,2025-01-09,Paid Search,False,False
3273,2025-12-06,Direct,True,False
3274,2025-06-22,Paid Social,True,True
3275,2025-04-30,Paid Search,False,False
3276,2025-04-05,Paid Social,True,False
3277,2025-01-30,Paid Search,False,False
3278,2025-06-16,Email,True,True
3279,2025-07-28,Organic Search,False,True
3280,2025-12-05,Direct,True,False
3281,2025-04-20,Paid Search,True,True
3282,2025-04-09,Organic Search,False,False
3283,2026-01-21,Paid Social,False,False
3284,2025-10-11,Paid Search,True,False
3285,2025-01-24,Paid Search,False,False
3286,2025-09-18,Organic Search,False,True
3287,2025-01-16,Organic Search,True,False
3288,2025-01-15,Organic Search,False,False
3289,2026-02-03,Direct,False,False
3290,2025-04-04,Email,True,True
3291,2025-09-27,Direct,True,False
3292,2025-08-25,Organic Search,False,False
3293,2025-05-04,Paid Social,True,True
3294,2025-03-09,Organic Search,False,True
3295,2025-10-07,Paid Search,True,False
3296,2025-09-20,Direct,False,True
3297,2025-01-09,Email,True,False
3298,2026-01-19,Direct,True,False
3299,2025-09-26,Paid Social,True,False
3300,2025-06-21,Direct,True,False
3301,2025-09-20,Organic Search,True,False
3302,2025-04-25,Paid Social,False,True
3303,2025-11-07,Organic Search,False,False
3304,2025-01-16,Paid Social,False,False
3305,2025-04-16,Direct,True,False
3306,2025-03-20,Paid Social,False,False
3307,2025-06-09,Paid Social,False,False
3308,2026-01-23,Organic Search,True,True
3309,2025-10-08,Paid Search,True,False
3310,2025-04-17,Paid Social,False,True
3311,2025-05-19,Direct,False,True
3312,2025-07-05,Email,True,False
3313,2025-08-29,Direct,False,False
3314,2025-12-01,Paid Social,True,False
3315,2025-06-26,Direct,False,False
3316,2025-12-08,Paid Social,True,True
3317,2025-08-14,Email,True,False
3318,2025-11-10,Paid Social,False,True
3319,2025-12-10,Paid Social,False,True
3320,2025-06-28,Paid Search,True,False
3321,2025-12-11,Organic Search,True,True
3322,2025-07-09,Organic Search,False,True
3323,2025-11-15,Paid Social,False,False
3324,2025-07-28,Paid Social,False,False
3325,2025-10-30,Paid Social,True,False
3326,2025-03-25,Organic Search,True,False
3327,2025-02-15,Organic Search,False,True
3328,2026-02-01,Organic Search,False,False
3329,2025-05-27,Direct,True,False
3330,2025-08-19,Paid Social,True,True
3331,2025-01-03,Organic Search,False,False
3332,2025-05-08,Paid Search,True,False
3333,2025-05-07,Paid Search,True,False
3334,2025-05-04,Direct,True,False
3335,2025-02-08,Paid Search,True,False
3336,2025-09-16,Paid Search,True,False
3337,2025-10-29,Paid Search,True,False
3338,2025-11-29,Direct,False,False
3339,2025-09-08,Organic Search,False,False
3340,2025-05-07,Organic Search,True,False
3341,2025-03-03,Paid Search,True,False
3342,2025-12-19,Email,True,False
3343,2025-05-18,Direct,True,True
3344,2025-05-06,Direct,True,False
3345,2025-01-26,Organic Search,True,False
3346,2025-06-18,Paid Search,True,False
3347,2025-12-27,Email,False,False
3348,2025-10-14,Direct,False,False
3349,2025-07-25,Email,False,False
3350,2025-01-31,Paid Social,True,True
3351,2026-01-03,Paid Search,True,False
3352,2025-03-08,Paid Search,True,True
3353,2025-03-10,Organic Search,True,False
3354,2025-11-05,Email,True,False
3355,2025-01-02,Direct,True,False
3356,2025-11-17,Paid Search,True,True
3357,2025-08-10,Paid Search,True,False
3358,2026-02-01,Direct,True,True
3359,2025-02-14,Organic Search,False,False
3360,2025-08-08,Direct,False,False
3361,2025-06-01,Organic Search,False,False
3362,2025-02-11,Paid Social,False,False
3363,2025-08-07,Paid Search,True,False
3364,2025-09-23,Organic Search,False,False
3365,2025-09-04,Paid Search,True,True
3366,2025-10-07,Organic Search,True,True
3367,2025-09-10,Email,True,False
3368,2025-09-09,Paid Social,True,False
3369,2025-04-30,Email,False,True
3370,2025-11-09,Direct,False,False
3371,2025-04-18,Email,False,False
3372,2025-09-07,Direct,True,False
3373,2025-11-05,Direct,True,False
3374,2025-02-28,Organic Search,False,True
3375,2025-06-22,Paid Social,False,False
3376,2026-02-03,Email,True,False
3377,2025-01-05,Direct,True,False
3378,2025-10-28,Paid Search,False,False
3379,2026-01-22,Paid Social,False,False
3380,2025-01-24,Paid Search,False,False
3381,2025-04-18,Paid Search,False,True
3382,2026-01-05,Organic Search,False,True
3383,2025-01-04,Email,True,True
3384,2025-09-11,Organic Search,True,False
3385,2025-12-16,Email,False,False
3386,2025-06-25,Organic Search,False,False
3387,2025-02-21,Paid Search,False,True
3388,2025-07-21,Direct,True,False
3389,2025-08-14,Organic Search,True,False
3390,2025-08-04,Direct,True,True
3391,2025-04-01,Email,True,True
3392,2025-07-17,Paid Search,False,False
3393,2025-08-28,Direct,True,False
3394,2025-10-07,Direct,False,False
3395,2025-02-20,Email,True,False
3396,2025-03-30,Paid Social,True,False
3397,2025-03-24,Organic Search,False,False
3398,2025-02-10,Direct,False,True
3399,2025-10-15,Organic Search,False,False
3400,2026-01-18,Email,True,True
3401,2025-09-11,Organic Search,True,True
3402,2025-10-15,Email,True,False
3403,2026-01-14,Direct,False,False
3404,2025-11-24,Email,True,False
3405,2025-08-03,Organic Search,True,False
3406,2025-01-18,Paid Social,True,False
3407,2025-01-15,Email,True,True
3408,2025-09-08,Paid Search,False,True
3409,2025-04-26,Paid Social,True,False
3410,2025-04-19,Paid Search,False,False
3411,2025-12-22,Organic Search,False,False
3412,2025-04-27,Direct,True,True
3413,2025-02-13,Paid Social,False,True
3414,2025-02-21,Organic Search,True,True
3415,2025-11-09,Paid Search,True,True
3416,2025-12-07,Direct,False,True
3417,2025-05-19,Email,False,False
3418,2025-11-12,Email,True,False
3419,2025-01-02,Direct,True,True
3420,2025-06-08,Email,True,False
3421,2025-06-17,Paid Social,False,False
3422,2025-02-14,Paid Search,True,True
3423,2025-05-07,Paid Search,True,False
3424,2025-11-24,Paid Social,True,False
3425,2025-08-08,Paid Search,True,False
3426,2025-06-28,Email,True,False
3427,2025-11-04,Organic Search,True,False
3428,2025-08-09,Direct,True,True
3429,2025-02-07,Paid Search,True,True
3430,2025-03-15,Paid Social,False,False
3431,2025-02-28,Paid Search,False,False
3432,2025-05-30,Email,True,False
3433,2026-01-23,Organic Search,False,False
3434,2025-12-17,Email,False,True
3435,2025-07-28,Direct,True,True
3436,2025-05-23,Email,True,True
3437,2025-02-16,Paid Social,True,False
3438,2025-05-03,Paid Social,True,True
3439,2025-10-19,Paid Search,True,True
3440,2025-04-22,Paid Search,False,False
3441,2025-06-13,Paid Search,True,False
3442,2025-01-21,Organic Search,True,False
3443,2025-04-24,Direct,False,True
3444,2025-03-22,Direct,True,True
3445,2025-01-10,Email,True,False
3446,2025-08-13,Organic Search,False,False
3447,2025-10-03,Paid Search,False,True
3448,2025-08-03,Direct,True,True
3449,2026-01-09,Email,False,True
3450,2026-01-28,Paid Social,True,False
3451,2025-10-29,Paid Social,False,True
3452,2025-05-01,Paid Social,True,False
3453,2025-10-22,Paid Search,True,False
3454,2026-01-05,Organic Search,True,False
3455,2025-02-09,Direct,True,False
3456,2025-02-05,Paid Search,False,True
3457,2025-06-24,Direct,True,False
3458,2025-06-14,Email,True,False
3459,2025-12-19,Paid Search,True,False
3460,2025-04-14,Email,False,True
3461,2025-02-25,Organic Search,True,False
3462,2025-01-14,Paid Social,True,False
3463,2025-10-27,Email,False,False
3464,2026-01-24,Direct,True,False
3465,2025-10-05,Direct,True,False
3466,2025-05-09,Paid Social,True,False
3467,2025-03-11,Paid Social,False,True
3468,2025-04-10,Email,True,False
3469,2025-07-01,Email,True,True
3470,2026-01-21,Paid Search,False,True
3471,2026-01-25,Direct,True,False
3472,2025-09-20,Email,True,True
3473,2025-08-30,Email,False,False
3474,2025-12-04,Direct,True,True
3475,2025-09-26,Direct,True,True
3476,2025-05-13,Paid Social,False,False
3477,2025-07-26,Direct,True,False
3478,2025-05-31,Paid Search,False,False
3479,2025-10-23,Email,False,False
3480,2025-09-01,Direct,False,False
3481,2025-07-02,Email,False,True
3482,2025-10-03,Organic Search,True,False
3483,2025-12-24,Organic Search,False,True
3484,2025-05-13,Paid Social,True,False
3485,2025-09-26,Paid Social,True,False
3486,2026-02-03,Organic Search,True,False
3487,2025-06-07,Direct,False,False
3488,2026-01-13,Email,False,False
3489,2025-03-09,Direct,True,False
3490,2025-09-16,Direct,True,True
3491,2025-01-31,Email,False,False
3492,2025-11-01,Paid Search,False,False
3493,2025-03-12,Paid Search,False,False
3494,2025-03-02,Direct,True,False
3495,2025-11-06,Paid Search,False,True
3496,2025-03-03,Paid Social,True,False
3497,2025-05-31,Direct,True,False
3498,2025-04-06,Direct,True,True
3499,2026-01-17,Paid Social,False,False
3500,2025-01-23,Direct,True,False
3501,2026-01-14,Paid Search,False,False
3502,2025-02-11,Organic Search,False,True
3503,2025-09-05,Direct,True,False
3504,2025-04-15,Email,True,False
3505,2025-01-27,Paid Social,False,False
3506,2025-06-28,Direct,True,False
3507,2025-08-30,Direct,False,False
3508,2025-04-14,Paid Search,False,False
3509,2025-07-30,Direct,True,False
3510,2025-08-13,Direct,False,True
3511,2025-11-29,Paid Social,True,False
3512,2025-04-28,Organic Search,True,False
3513,2026-01-10,Direct,False,False
3514,2025-10-21,Direct,False,True
3515,2025-09-26,Organic Search,True,False
3516,2026-01-09,Organic Search,False,False
3517,2025-07-22,Paid Social,True,False
3518,2025-05-25,Email,False,True
3519,2025-03-13,Paid Search,True,False
3520,2025-06-22,Direct,True,True
3521,2025-02-12,Paid Social,True,False
3522,2025-07-26,Direct,True,False
3523,2025-09-26,Paid Search,True,False
3524,2025-05-07,Email,True,False
3525,2025-09-11,Paid Search,False,False
3526,2025-07-12,Direct,True,False
3527,2025-06-02,Email,True,True
3528,2025-09-22,Paid Search,True,False
3529,2025-04-14,Paid Search,False,False
3530,2025-07-28,Direct,False,False
3531,2025-06-27,Organic Search,False,True
3532,2026-02-04,Direct,True,True
3533,2025-06-13,Paid Search,False,True
3534,2025-10-25,Direct,True,True
3535,2025-05-18,Email,True,True
3536,2025-11-18,Paid Social,False,False
3537,2025-09-15,Organic Search,True,False
3538,2025-03-24,Direct,True,True
3539,2025-05-24,Email,True,False
3540,2025-06-13,Paid Search,True,False
3541,2025-08-08,Direct,False,True
3542,2025-08-12,Organic Search,False,True
3543,2025-05-20,Paid Search,True,True
3544,2025-01-27,Paid Search,True,False
3545,2025-02-14,Paid Search,False,False
3546,2025-04-14,Direct,True,True
3547,2025-07-13,Direct,True,False
3548,2025-05-01,Paid Search,False,False
3549,2026-01-17,Paid Search,False,False
3550,2025-12-15,Paid Search,True,False
3551,2025-12-23,Direct,True,False
3552,2025-03-21,Direct,True,False
3553,2025-12-17,Organic Search,True,False
3554,2025-07-30,Direct,False,False
3555,2025-01-10,Paid Search,True,False
3556,2026-02-04,Paid Search,True,True
3557,2025-02-05,Organic Search,False,True
3558,2025-12-09,Email,False,False
3559,2025-01-08,Paid Social,True,False
3560,2025-10-30,Email,False,False
3561,2025-04-10,Direct,True,True
3562,2025-11-12,Paid Social,True,True
3563,2025-06-19,Email,False,True
3564,2026-01-04,Paid Search,False,False
3565,2025-03-21,Paid Social,True,False
3566,2025-04-01,Paid Social,True,False
3567,2025-01-29,Direct,False,False
3568,2025-11-20,Organic Search,True,True
3569,2025-01-04,Organic Search,True,False
3570,2025-06-26,Paid Social,False,False
3571,2025-02-05,Organic Search,False,True
3572,2025-09-25,Paid Search,False,False
3573,2025-12-31,Paid Social,False,False
3574,2025-05-26,Organic Search,True,False
3575,2025-03-28,Paid Social,True,False
3576,2025-02-17,Direct,True,False
3577,2025-03-21,Paid Social,True,False
3578,2025-06-01,Organic Search,False,False
3579,2025-11-24,Paid Social,False,True
3580,2025-12-30,Paid Social,False,False
3581,2025-07-31,Direct,True,False
3582,2025-11-13,Organic Search,True,True
3583,2025-08-24,Direct,True,False
3584,2025-08-23,Email,False,False
3585,2025-01-30,Paid Social,True,True
3586,2025-04-08,Paid Search,True,False
3587,2025-03-17,Email,False,False
3588,2025-02-05,Paid Search,False,True
3589,2025-12-19,Email,True,True
3590,2025-04-04,Paid Search,False,False
3591,2025-11-05,Organic Search,True,False
3592,2025-07-28,Email,True,False
3593,2025-12-16,Paid Social,True,False
3594,2025-11-15,Email,False,False
3595,2025-11-06,Organic Search,False,False
3596,2025-03-12,Paid Search,False,False
3597,2025-07-13,Organic Search,True,False
3598,2025-05-16,Direct,True,False
3599,2025-03-18,Paid Search,True,False
3600,2026-01-27,Organic Search,True,False
3601,2025-03-25,Paid Social,False,False
3602,2025-06-11,Direct,True,False
3603,2025-12-21,Paid Search,False,True
3604,2025-04-11,Paid Search,False,True
3605,2025-04-17,Direct,True,True
3606,2025-01-03,Direct,True,True
3607,2025-10-09,Paid Search,True,False
3608,2025-10-24,Email,True,True
3609,2025-12-28,Email,False,False
3610,2025-08-14,Paid Social,True,False
3611,2025-09-11,Email,True,False
3612,2025-01-06,Paid Search,True,True
3613,2025-09-04,Paid Social,True,False
3614,2025-10-08,Organic Search,True,False
3615,2025-11-20,Organic Search,True,False
3616,2025-01-03,Email,True,False
3617,2025-12-09,Organic Search,False,False
3618,2025-03-21,Paid Social,False,True
3619,2025-09-20,Email,True,True
3620,2025-11-28,Paid Search,False,True
3621,2025-01-15,Email,False,False
3622,2026-01-15,Paid Social,True,False
3623,2025-06-06,Email,False,False
3624,2025-05-22,Paid Social,True,False
3625,2025-10-28,Email,False,False
3626,2025-12-15,Organic Search,True,True
3627,2025-07-02,Organic Search,True,False
3628,2025-05-04,Paid Search,True,False
3629,2025-10-21,Paid Social,True,True
3630,2026-01-17,Organic Search,False,False
3631,2025-07-01,Paid Social,False,False
3632,2025-02-10,Email,True,False
3633,2025-06-11,Paid Search,False,False
3634,2025-12-16,Direct,True,True
3635,2025-07-14,Organic Search,True,False
3636,2025-05-27,Email,False,False
3637,2025-06-07,Email,True,False
3638,2025-01-02,Email,True,True
3639,2026-01-16,Direct,False,True
3640,2026-02-04,Email,False,False
3641,2025-03-15,Paid Search,False,False
3642,2025-12-10,Paid Search,False,False
3643,2026-01-29,Email,True,False
3644,2025-12-28,Direct,True,False
3645,2025-11-12,Paid Search,False,False
3646,2025-12-02,Email,True,False
3647,2025-04-08,Direct,True,False
3648,2026-01-28,Paid Social,False,False
3649,2025-06-22,Organic Search,True,False
3650,2025-01-11,Paid Social,True,False
3651,2025-12-22,Paid Social,False,False
3652,2025-06-15,Direct,False,False
3653,2025-11-02,Organic Search,True,True
3654,2025-07-19,Paid Social,False,False
3655,2026-02-04,Paid Search,True,False
3656,2025-12-07,Paid Social,True,True
3657,2025-12-23,Email,False,False
3658,2025-02-25,Organic Search,False,False
3659,2025-09-08,Paid Social,True,False
3660,2025-04-10,Email,False,False
3661,2025-09-05,Organic Search,True,False
3662,2025-04-16,Paid Social,True,True
3663,2025-02-16,Direct,True,False
3664,2025-02-24,Organic Search,True,False
3665,2025-08-10,Paid Social,True,False
3666,2025-11-29,Organic Search,True,True
3667,2025-07-09,Organic Search,False,False
3668,2025-11-08,Paid Search,True,False
3669,2025-11-22,Paid Social,False,False
3670,2025-11-05,Paid Social,True,False
3671,2025-12-31,Paid Social,False,True
3672,2025-09-17,Organic Search,False,False
3673,2025-02-08,Direct,True,False
3674,2025-12-22,Paid Social,False,True
3675,2025-09-16,Organic Search,True,False
3676,2025-09-20,Organic Search,True,True
3677,2025-12-18,Direct,True,False
3678,2025-06-01,Organic Search,True,False
3679,2025-09-06,Organic Search,True,True
3680,2025-02-11,Direct,True,False
3681,2025-01-17,Direct,False,True
3682,2025-05-21,Paid Search,False,False
3683,2025-03-06,Paid Social,True,False
3684,2025-07-31,Paid Search,False,False
3685,2025-08-18,Paid Social,False,False
3686,2025-05-02,Paid Social,False,False
3687,2026-01-19,Paid Social,True,False
3688,2025-05-21,Paid Social,True,False
3689,2025-10-11,Email,True,False
3690,2026-01-08,Paid Social,True,True
3691,2025-11-03,Paid Search,True,False
3692,2025-09-19,Email,True,True
3693,2025-07-12,Email,True,False
3694,2026-01-02,Email,False,False
3695,2025-11-07,Email,True,True
3696,2025-03-23,Email,True,False
3697,2025-01-02,Paid Search,True,False
3698,2025-05-04,Paid Social,False,False
3699,2025-11-30,Email,False,False
3700,2025-02-06,Paid Search,False,False
3701,2025-07-03,Paid Search,False,False
3702,2025-07-22,Organic Search,False,False
3703,2025-04-19,Direct,True,False
3704,2025-03-28,Direct,True,False
3705,2025-03-09,Paid Search,True,False
3706,2025-11-07,Organic Search,False,False
3707,2025-12-29,Email,False,False
3708,2025-09-04,Paid Search,True,False
3709,2025-02-20,Email,True,False
3710,2025-04-22,Direct,True,False
3711,2025-03-26,Email,True,True
3712,2025-04-08,Organic Search,True,True
3713,2025-08-16,Paid Social,False,True
3714,2025-02-19,Email,False,False
3715,2025-06-02,Paid Search,True,False
3716,2025-03-12,Paid Social,False,False
3717,2025-10-14,Direct,True,False
3718,2025-01-18,Paid Social,True,False
3719,2025-02-15,Paid Search,False,True
3720,2025-10-18,Paid Social,True,False
3721,2025-06-09,Paid Social,False,False
3722,2025-09-16,Paid Search,False,False
3723,2025-11-24,Organic Search,False,False
3724,2025-04-30,Paid Social,False,True
3725,2025-03-20,Paid Search,False,False
3726,2025-08-20,Direct,True,True
3727,2025-10-19,Organic Search,True,False
3728,2025-04-18,Paid Search,True,False
3729,2025-11-10,Paid Search,True,False
3730,2026-01-22,Paid Search,False,True
3731,2025-01-07,Organic Search,True,False
3732,2025-06-11,Direct,True,False
3733,2025-02-10,Paid Social,True,False
3734,2025-10-04,Organic Search,True,False
3735,2025-10-29,Paid Social,True,True
3736,2025-05-01,Email,True,False
3737,2025-07-24,Organic Search,False,False
3738,2025-05-20,Organic Search,False,False
3739,2025-04-23,Email,True,False
3740,2025-11-12,Paid Social,True,False
3741,2025-01-19,Email,False,False
3742,2025-06-09,Direct,True,False
3743,2025-06-06,Direct,False,False
3744,2025-04-12,Email,True,True
3745,2025-06-01,Direct,True,False
3746,2025-11-26,Email,True,False
3747,2025-10-15,Direct,False,False
3748,2025-02-18,Paid Search,True,False
3749,2025-11-15,Email,True,False
3750,2025-07-22,Direct,True,False
3751,2026-01-04,Direct,False,False
3752,2025-01-12,Paid Search,False,False
3753,2025-11-20,Paid Social,True,True
3754,2026-01-22,Paid Social,True,True
3755,2025-08-06,Paid Social,True,False
3756,2025-07-18,Paid Social,True,True
3757,2025-06-11,Direct,True,False
3758,2025-03-18,Email,False,False
3759,2025-04-21,Organic Search,True,True
3760,2026-01-24,Direct,True,False
3761,2025-08-22,Paid Search,True,False
3762,2026-01-30,Paid Search,False,True
3763,2025-01-23,Email,True,False
3764,2025-12-01,Organic Search,False,False
3765,2025-08-15,Paid Search,True,False
3766,2025-03-20,Email,True,False
3767,2025-08-09,Email,False,True
3768,2025-08-28,Organic Search,True,False
3769,2025-04-27,Email,True,False
3770,2025-10-28,Email,True,False
3771,2025-03-09,Paid Social,True,False
3772,2025-02-02,Organic Search,True,True
3773,2025-08-16,Direct,False,True
3774,2025-01-18,Email,False,False
3775,2025-09-12,Paid Search,True,True
3776,2025-08-03,Paid Search,True,True
3777,2025-04-06,Paid Social,True,False
3778,2025-09-10,Email,True,False
3779,2025-03-22,Paid Social,False,False
3780,2025-06-16,Paid Social,True,True
3781,2025-01-20,Email,True,False
3782,2025-03-27,Paid Search,False,True
3783,2025-10-04,Paid Search,True,False
3784,2025-12-15,Paid Search,True,False
3785,2025-01-31,Email,False,False
3786,2025-01-11,Paid Social,True,True
3787,2025-02-03,Direct,True,False
3788,2025-03-24,Paid Search,True,False
3789,2026-01-24,Paid Search,True,True
3790,2025-12-05,Email,False,True
3791,2025-01-11,Organic Search,True,True
3792,2025-12-20,Email,False,False
3793,2025-07-31,Paid Search,True,True
3794,2025-09-07,Email,True,False
3795,2025-04-20,Organic Search,True,True
3796,2026-01-30,Paid Social,False,False
3797,2025-09-09,Direct,True,False
3798,2025-09-01,Direct,False,False
3799,2025-08-21,Paid Search,True,True
3800,2025-01-18,Paid Search,True,False
3801,2025-12-17,Email,False,False
3802,2025-12-07,Paid Search,False,True
3803,2025-12-12,Direct,False,False
3804,2025-06-02,Paid Search,False,True
3805,2025-06-24,Paid Search,True,False
3806,2025-05-02,Email,False,False
3807,2025-11-14,Email,True,False
3808,2025-08-03,Direct,False,False
3809,2026-01-14,Direct,True,False
3810,2025-06-26,Direct,False,False
3811,2025-11-30,Email,True,False
3812,2025-01-09,Email,True,False
3813,2025-04-23,Paid Social,False,True
3814,2025-09-10,Email,True,False
3815,2026-01-17,Paid Search,False,True
3816,2025-01-05,Direct,True,False
3817,2025-07-28,Email,True,False
3818,2025-09-06,Email,True,True
3819,2025-02-22,Organic Search,True,False
3820,2025-12-28,Direct,False,False
3821,2025-12-23,Email,True,False
3822,2025-11-20,Paid Search,True,False
3823,2025-04-15,Paid Social,False,False
3824,2025-09-14,Paid Search,True,False
3825,2025-05-04,Email,True,False
3826,2026-01-25,Paid Search,False,False
3827,2025-08-08,Paid Search,False,True
3828,2025-10-21,Paid Social,True,False
3829,2025-06-17,Direct,False,False
3830,2025-12-01,Paid Social,False,False
3831,2025-06-12,Direct,True,True
3832,2025-12-19,Paid Social,False,False
3833,2025-07-13,Organic Search,True,False
3834,2025-09-21,Paid Search,True,False
3835,2025-07-29,Email,True,True
3836,2025-12-27,Email,False,True
3837,2025-11-09,Organic Search,False,False
3838,2026-01-01,Paid Search,True,False
3839,2025-01-18,Organic Search,True,False
3840,2025-07-20,Organic Search,False,True
3841,2026-01-02,Organic Search,False,False
3842,2025-01-17,Paid Social,True,False
3843,2025-06-23,Paid Search,True,False
3844,2025-01-25,Email,False,False
3845,2025-02-18,Paid Social,False,False
3846,2025-02-11,Organic Search,False,True
3847,2025-04-29,Paid Search,True,False
3848,2025-09-24,Paid Social,True,False
3849,2025-03-21,Email,True,True
3850,2026-01-22,Direct,False,False
3851,2025-07-12,Organic Search,True,True
3852,2025-06-02,Direct,True,False
3853,2025-03-12,Paid Social,True,True
3854,2025-11-14,Organic Search,False,False
3855,2026-01-29,Paid Search,False,True
3856,2025-07-31,Organic Search,False,False
3857,2025-01-23,Paid Social,True,True
3858,2025-07-30,Email,True,False
3859,2025-04-01,Organic Search,True,False
3860,2025-04-03,Direct,True,False
3861,2025-06-23,Paid Search,True,False
3862,2025-06-06,Email,True,False
3863,2025-07-09,Email,False,False
3864,2025-03-13,Paid Search,False,True
3865,2025-12-13,Organic Search,True,True
3866,2025-10-20,Email,True,True
3867,2025-07-23,Paid Search,True,False
3868,2025-03-13,Direct,True,False
3869,2025-04-05,Direct,True,False
3870,2025-04-21,Email,False,True
3871,2025-02-22,Paid Social,True,False
3872,2026-02-05,Paid Search,False,False
3873,2025-12-08,Email,True,False
3874,2025-09-13,Email,True,False
3875,2025-05-11,Direct,False,False
3876,2026-01-09,Email,False,True
3877,2025-02-14,Paid Search,True,False
3878,2025-12-07,Organic Search,False,False
3879,2025-11-22,Direct,False,False
3880,2025-10-22,Direct,True,True
3881,2025-03-28,Paid Search,True,True
3882,2025-05-17,Paid Social,False,False
3883,2025-06-24,Email,True,False
3884,2026-02-05,Email,False,False
3885,2025-04-28,Organic Search,True,True
3886,2025-05-19,Organic Search,True,False
3887,2026-01-07,Paid Search,True,True
3888,2025-05-21,Email,False,False
3889,2025-10-26,Paid Search,True,True
3890,2025-08-25,Organic Search,False,False
3891,2025-01-21,Direct,True,False
3892,2025-11-19,Paid Social,False,False
3893,2025-12-27,Direct,False,False
3894,2025-03-09,Paid Social,True,True
3895,2025-05-26,Paid Social,False,False
3896,2025-12-27,Paid Search,True,False
3897,2025-12-08,Direct,True,True
3898,2026-01-14,Paid Search,True,False
3899,2025-02-20,Organic Search,True,False
3900,2025-07-22,Email,True,False
3901,2025-05-17,Paid Search,False,False
3902,2025-01-13,Direct,True,False
3903,2025-05-20,Organic Search,True,False
3904,2025-08-12,Paid Search,True,False
3905,2025-05-20,Email,True,False
3906,2025-06-10,Email,True,True
3907,2025-04-16,Email,True,True
3908,2025-05-15,Paid Search,True,False
3909,2025-06-08,Email,True,True
3910,2025-04-22,Organic Search,True,False
3911,2025-02-27,Paid Social,True,True
3912,2025-09-12,Paid Search,True,False
3913,2025-07-10,Paid Search,True,True
3914,2025-09-03,Paid Social,False,False
3915,2025-08-30,Paid Social,False,False
3916,2025-06-17,Direct,False,False
3917,2025-04-11,Direct,False,False
3918,2025-07-30,Organic Search,False,False
3919,2025-11-19,Paid Social,True,False
3920,2026-01-15,Direct,True,True
3921,2025-04-06,Organic Search,True,False
3922,2025-11-24,Paid Social,True,False
3923,2025-01-26,Email,False,False
3924,2025-05-05,Paid Search,True,False
3925,2025-11-10,Organic Search,True,False
3926,2025-09-06,Paid Social,False,False
3927,2025-08-17,Paid Social,True,False
3928,2026-01-10,Paid Social,True,False
3929,2025-09-11,Organic Search,True,False
3930,2025-10-22,Direct,True,False
3931,2025-10-05,Organic Search,True,True
3932,2025-07-03,Paid Search,True,False
3933,2025-05-17,Organic Search,False,False
3934,2025-11-22,Organic Search,True,False
3935,2025-04-03,Paid Search,True,True
3936,2025-04-07,Email,True,False
3937,2025-06-16,Direct,True,False
3938,2025-05-06,Paid Social,False,False
3939,2025-03-01,Paid Social,True,False
3940,2026-01-25,Paid Social,True,False
3941,2025-02-13,Organic Search,False,False
3942,2025-05-27,Email,True,False
3943,2025-10-24,Organic Search,False,False
3944,2025-01-19,Email,False,False
3945,2025-01-25,Email,False,True
3946,2025-09-25,Direct,True,False
3947,2025-04-15,Email,False,True
3948,2025-03-21,Direct,True,True
3949,2026-01-30,Paid Search,False,False
3950,2025-07-24,Direct,True,False
3951,2025-03-13,Paid Social,True,True
3952,2025-03-28,Paid Search,True,True
3953,2025-09-02,Paid Search,False,False
3954,2025-08-20,Paid Social,False,False
3955,2025-05-28,Organic Search,True,True
3956,2025-06-10,Paid Search,False,False
3957,2025-09-10,Email,False,False
3958,2025-07-06,Email,True,False
3959,2025-03-21,Direct,True,False
3960,2025-03-31,Paid Social,False,False
3961,2025-01-23,Organic Search,True,True
3962,2025-11-03,Direct,False,False
3963,2025-02-02,Direct,False,False
3964,2025-11-02,Organic Search,True,False
3965,2025-11-17,Paid Social,False,False
3966,2025-08-13,Email,True,False
3967,2025-08-08,Paid Search,True,True
3968,2025-06-28,Paid Social,True,False
3969,2025-12-12,Direct,True,False
3970,2025-09-02,Direct,True,False
3971,2025-01-01,Paid Social,False,True
3972,2026-01-18,Paid Social,True,False
3973,2025-03-24,Paid Search,True,False
3974,2026-01-22,Email,True,True
3975,2025-11-12,Paid Social,True,False
3976,2025-01-24,Direct,True,True
3977,2025-01-04,Paid Search,False,True
3978,2025-04-10,Paid Social,False,False
3979,2025-10-01,Organic Search,False,False
3980,2025-11-12,Paid Search,True,True
3981,2025-09-20,Organic Search,False,True
3982,2025-12-28,Direct,False,False
3983,2025-03-21,Direct,True,False
3984,2025-01-18,Paid Search,False,False
3985,2025-10-26,Direct,True,True
3986,2025-01-09,Email,True,True
3987,2025-05-27,Direct,False,False
3988,2025-04-17,Paid Search,True,True
3989,2025-04-05,Direct,False,True
3990,2025-09-19,Paid Search,False,False
3991,2026-01-02,Direct,True,False
3992,2025-12-17,Organic Search,True,False
3993,2025-12-15,Organic Search,True,False
3994,2025-08-28,Paid Social,True,False
3995,2025-02-20,Direct,False,True
3996,2026-01-07,Paid Social,True,False
3997,2025-03-05,Paid Social,False,False
3998,2025-08-24,Email,True,False
3999,2025-09-21,Paid Social,True,False
4000,2025-04-26,Paid Search,False,False
4001,2025-11-21,Email,True,False
4002,2025-09-30,Direct,True,False
4003,2025-12-19,Email,True,True
4004,2025-01-26,Paid Search,False,False
4005,2025-09-05,Organic Search,True,True
4006,2025-06-20,Paid Social,False,False
4007,2025-07-13,Paid Search,True,False
4008,2025-12-08,Email,True,False
4009,2025-05-29,Organic Search,True,False
4010,2025-02-14,Direct,True,True
4011,2026-01-18,Organic Search,True,True
4012,2026-01-18,Paid Social,False,False
4013,2026-01-19,Email,True,True
4014,2025-10-19,Paid Social,True,False
4015,2025-06-24,Organic Search,False,False
4016,2025-04-12,Organic Search,True,False
4017,2025-12-22,Organic Search,False,False
4018,2025-05-02,Direct,True,False
4019,2025-08-08,Paid Social,True,False
4020,2025-05-02,Email,False,False
4021,2025-11-02,Direct,True,False
4022,2025-10-19,Direct,True,False
4023,2025-09-14,Organic Search,True,False
4024,2025-08-31,Paid Social,False,True
4025,2025-05-08,Email,True,False
4026,2025-05-04,Paid Social,False,True
4027,2025-03-12,Paid Social,False,True
4028,2025-02-04,Email,True,False
4029,2025-02-04,Paid Search,False,False
4030,2026-01-30,Organic Search,False,True
4031,2025-07-10,Email,True,False
4032,2025-12-22,Direct,True,False
4033,2025-12-14,Direct,False,False
4034,2025-10-09,Paid Search,False,False
4035,2025-11-06,Email,True,False
4036,2025-03-05,Email,False,True
4037,2026-02-04,Direct,True,False
4038,2025-12-08,Paid Search,True,True
4039,2025-01-04,Organic Search,True,False
4040,2026-01-11,Direct,True,False
4041,2025-12-14,Email,True,False
4042,2025-01-22,Organic Search,True,False
4043,2025-02-15,Paid Search,True,True
4044,2025-06-24,Direct,False,False
4045,2025-02-03,Organic Search,True,False
4046,2025-04-24,Organic Search,True,True
4047,2025-11-29,Paid Social,True,True
4048,2025-05-22,Email,False,False
4049,2026-02-05,Paid Social,True,False
4050,2025-01-24,Direct,False,True
4051,2025-10-07,Paid Social,False,True
4052,2025-10-22,Organic Search,False,False
4053,2025-10-16,Organic Search,True,True
4054,2025-10-18,Paid Social,True,True
4055,2025-01-20,Paid Social,True,False
4056,2025-03-26,Organic Search,True,True
4057,2025-08-05,Direct,True,True
4058,2025-01-29,Email,True,False
4059,2025-08-06,Paid Search,True,True
4060,2025-11-08,Email,False,False
4061,2025-05-17,Organic Search,False,False
4062,2025-03-26,Email,True,True
4063,2025-05-24,Paid Search,True,False
4064,2025-11-22,Organic Search,False,True
4065,2025-10-06,Organic Search,False,True
4066,2025-04-21,Organic Search,False,False
4067,2025-02-27,Paid Social,True,False
4068,2025-01-23,Organic Search,True,False
4069,2025-11-22,Paid Search,False,False
4070,2025-01-06,Email,True,False
4071,2025-04-02,Organic Search,True,False
4072,2025-03-02,Direct,True,False
4073,2025-07-31,Paid Social,True,False
4074,2025-03-14,Direct,True,True
4075,2025-10-12,Email,True,False
4076,2025-09-08,Direct,True,True
4077,2025-06-28,Paid Social,False,True
4078,2025-03-26,Direct,False,True
4079,2025-09-10,Direct,True,False
4080,2025-12-03,Paid Search,True,False
4081,2025-05-09,Organic Search,False,False
4082,2025-07-10,Organic Search,False,True
4083,2026-01-25,Organic Search,True,False
4084,2025-01-28,Organic Search,False,False
4085,2025-09-04,Email,False,False
4086,2025-09-21,Organic Search,True,False
4087,2025-01-05,Direct,False,False
4088,2025-04-14,Organic Search,True,False
4089,2025-07-28,Email,True,False
4090,2025-12-07,Paid Search,True,False
4091,2026-01-07,Organic Search,True,True
4092,2025-08-03,Organic Search,True,False
4093,2025-02-04,Email,True,False
4094,2025-11-29,Direct,True,False
4095,2025-04-09,Email,True,False
4096,2025-02-21,Paid Social,True,True
4097,2025-08-06,Email,False,True
4098,2025-07-25,Paid Social,True,False
4099,2025-10-21,Paid Search,True,False
4100,2025-01-13,Organic Search,True,False
4101,2026-02-05,Organic Search,True,True
4102,2025-04-28,Direct,True,True
4103,2025-11-23,Paid Social,True,False
4104,2025-07-18,Paid Social,False,False
4105,2025-03-06,Direct,True,False
4106,2026-02-05,Direct,True,False
4107,2025-05-14,Organic Search,False,False
4108,2025-08-16,Organic Search,False,False
4109,2025-02-10,Direct,True,False
4110,2025-08-04,Paid Search,False,False
4111,2025-05-27,Paid Social,False,False
4112,2025-01-23,Direct,True,False
4113,2026-01-05,Paid Social,True,True
4114,2025-09-15,Paid Search,False,False
4115,2025-01-05,Direct,False,False
4116,2025-06-15,Organic Search,True,True
4117,2025-10-02,Paid Social,True,True
4118,2025-02-25,Organic Search,True,True
4119,2025-12-29,Direct,True,False
4120,2025-05-13,Paid Search,False,False
4121,2025-06-11,Organic Search,False,False
4122,2025-07-17,Organic Search,False,True
4123,2026-01-05,Email,True,False
4124,2025-09-23,Paid Social,False,False
4125,2026-01-24,Paid Search,False,False
4126,2026-01-07,Paid Search,False,True
4127,2025-10-20,Organic Search,True,False
4128,2025-05-15,Paid Search,False,False
4129,2025-09-16,Paid Social,False,False
4130,2025-09-05,Paid Search,True,False
4131,2025-11-08,Paid Social,True,True
4132,2025-09-05,Direct,True,False
4133,2026-01-25,Email,True,False
4134,2026-01-16,Organic Search,True,True
4135,2025-06-08,Paid Social,True,False
4136,2025-05-11,Paid Search,True,False
4137,2025-07-30,Paid Search,True,False
4138,2025-03-12,Direct,True,True
4139,2025-05-28,Organic Search,False,False
4140,2025-03-19,Paid Social,False,False
4141,2025-11-29,Email,True,False
4142,2025-12-11,Paid Social,True,True
4143,2025-01-20,Email,False,False
4144,2025-12-20,Direct,False,False
4145,2025-09-13,Email,True,True
4146,2025-06-15,Direct,True,False
4147,2025-08-07,Paid Search,True,True
4148,2025-03-06,Paid Social,True,False
4149,2025-03-14,Paid Search,True,False
4150,2025-09-15,Direct,True,False
4151,2025-10-03,Email,False,True
4152,2025-10-07,Paid Search,False,False
4153,2025-01-31,Paid Social,True,False
4154,2025-05-29,Paid Search,True,True
4155,2025-07-27,Email,False,True
4156,2025-07-03,Organic Search,False,False
4157,2025-04-12,Paid Search,False,False
4158,2025-05-22,Email,True,True
4159,2025-02-06,Paid Search,False,False
4160,2025-09-25,Paid Search,True,False
4161,2025-08-24,Organic Search,False,False
4162,2026-01-12,Paid Social,True,True
4163,2025-11-08,Direct,True,True
4164,2026-02-04,Paid Search,True,False
4165,2026-01-03,Paid Social,True,False
4166,2025-12-09,Email,True,True
4167,2025-11-06,Paid Social,True,True
4168,2025-02-04,Paid Social,True,True
4169,2025-12-22,Direct,True,False
4170,2025-11-12,Email,False,False
4171,2025-08-09,Paid Search,True,False
4172,2025-09-18,Paid Search,False,False
4173,2025-09-29,Paid Search,True,False
4174,2025-08-14,Paid Search,True,False
4175,2025-03-12,Organic Search,True,False
4176,2025-03-19,Direct,True,False
4177,2025-04-15,Paid Search,True,False
4178,2025-08-20,Organic Search,False,False
4179,2025-01-18,Paid Search,False,False
4180,2025-11-02,Organic Search,False,True
4181,2025-01-15,Direct,True,True
4182,2025-08-22,Paid Search,False,False
4183,2025-01-01,Email,True,False
4184,2026-01-25,Paid Search,True,False
4185,2025-09-14,Direct,False,False
4186,2025-11-05,Paid Search,True,True
4187,2025-10-30,Email,False,False
4188,2025-05-19,Paid Social,True,False
4189,2025-12-22,Email,False,False
4190,2025-12-10,Organic Search,True,False
4191,2025-11-24,Paid Search,True,True
4192,2025-01-31,Paid Social,True,True
4193,2025-05-18,Organic Search,False,True
4194,2025-10-24,Email,True,False
4195,2025-05-13,Direct,True,False
4196,2025-03-09,Direct,False,True
4197,2025-05-20,Paid Search,False,False
4198,2025-04-01,Direct,False,False
4199,2025-12-17,Email,True,False
4200,2025-04-24,Paid Social,True,False
4201,2025-06-22,Organic Search,True,False
4202,2025-01-08,Organic Search,True,False
4203,2025-07-29,Paid Search,False,False
4204,2025-10-27,Paid Search,True,True
4205,2025-02-12,Organic Search,True,False
4206,2025-03-26,Paid Social,True,True
4207,2025-01-04,Direct,True,False
4208,2025-07-22,Email,False,False
4209,2025-11-19,Direct,False,True
4210,2025-06-24,Organic Search,True,True
4211,2026-01-01,Organic Search,True,False
4212,2025-09-28,Organic Search,False,False
4213,2025-05-25,Organic Search,True,False
4214,2025-04-27,Paid Search,True,False
4215,2025-11-12,Direct,True,False
4216,2025-12-22,Organic Search,True,True
4217,2025-04-07,Paid Social,True,True
4218,2025-10-24,Paid Social,False,False
4219,2025-03-07,Direct,True,False
4220,2025-01-26,Direct,False,False
4221,2025-01-25,Direct,True,True
4222,2025-12-09,Paid Search,False,False
4223,2025-05-01,Paid Search,False,False
4224,2025-01-21,Paid Search,True,False
4225,2025-07-31,Organic Search,False,False
4226,2025-07-31,Paid Social,False,False
4227,2025-02-09,Email,False,False
4228,2026-01-21,Direct,True,False
4229,2026-01-15,Email,True,True
4230,2025-01-26,Email,True,True
4231,2025-10-04,Organic Search,True,False
4232,2025-01-02,Paid Search,False,True
4233,2025-08-28,Paid Search,False,False
4234,2025-03-16,Email,True,False
4235,2025-10-07,Organic Search,True,False
4236,2025-08-14,Paid Social,True,True
4237,2025-03-27,Email,False,False
4238,2025-08-05,Organic Search,True,False
4239,2025-01-04,Direct,True,False
4240,2025-03-22,Direct,True,False
4241,2025-03-23,Organic Search,True,False
4242,2025-02-24,Paid Social,True,True
4243,2025-08-02,Email,False,True
4244,2025-11-11,Organic Search,False,False
4245,2026-01-28,Direct,True,False
4246,2025-12-02,Direct,True,False
4247,2025-07-18,Direct,True,False
4248,2025-04-13,Organic Search,True,False
4249,2025-03-18,Paid Search,False,False
4250,2025-01-03,Direct,True,False
4251,2025-05-13,Email,False,False
4252,2025-08-13,Email,True,True
4253,2025-09-25,Paid Social,True,False
4254,2025-05-06,Paid Social,True,True
4255,2025-11-28,Organic Search,False,False
4256,2025-06-18,Paid Social,True,False
4257,2025-08-12,Direct,True,False
4258,2025-09-20,Direct,False,False
4259,2025-03-25,Email,True,False
4260,2025-03-17,Direct,False,False
4261,2025-09-08,Paid Social,False,True
4262,2025-07-29,Direct,False,True
4263,2025-06-26,Organic Search,True,False
4264,2025-04-04,Paid Social,False,True
4265,2026-01-15,Direct,True,False
4266,2025-11-23,Email,True,False
4267,2025-07-30,Organic Search,True,False
4268,2025-10-16,Direct,True,False
4269,2025-11-18,Paid Search,False,False
4270,2025-04-06,Organic Search,False,False
4271,2025-04-05,Email,True,False
4272,2026-01-08,Email,True,False
4273,2025-08-14,Paid Search,True,True
4274,2025-10-14,Organic Search,True,False
4275,2025-11-26,Direct,False,False
4276,2025-11-05,Organic Search,False,True
4277,2025-10-12,Paid Social,True,False
4278,2026-01-31,Direct,False,False
4279,2025-06-13,Paid Social,True,False
4280,2025-03-11,Direct,True,False
4281,2025-10-16,Paid Search,True,False
4282,2025-07-11,Paid Social,True,True
4283,2026-02-04,Email,True,False
4284,2025-09-01,Paid Search,True,False
4285,2025-10-27,Organic Search,True,True
4286,2025-08-28,Paid Social,False,False
4287,2025-02-02,Email,False,False
4288,2026-01-11,Organic Search,True,False
4289,2025-04-08,Paid Search,False,False
4290,2025-08-21,Paid Search,True,False
4291,2025-02-23,Direct,True,False
4292,2025-10-10,Paid Search,True,True
4293,2025-03-13,Paid Social,True,False
4294,2025-05-11,Direct,True,False
4295,2025-11-03,Paid Search,True,False
4296,2025-07-19,Direct,True,False
4297,2026-02-03,Paid Social,False,False
4298,2025-05-20,Email,False,False
4299,2025-04-27,Organic Search,False,False
4300,2026-01-29,Email,True,False
4301,2025-10-03,Paid Social,True,True
4302,2025-10-18,Direct,False,True
4303,2025-06-28,Direct,True,False
4304,2025-06-14,Paid Search,False,False
4305,2025-08-24,Paid Social,False,False
4306,2025-07-25,Direct,True,True
4307,2025-05-11,Organic Search,True,False
4308,2026-01-27,Email,True,False
4309,2025-07-05,Paid Search,True,False
4310,2025-05-08,Email,False,False
4311,2025-05-04,Direct,False,False
4312,2025-07-28,Organic Search,True,False
4313,2025-01-25,Direct,True,False
4314,2025-12-28,Email,False,False
4315,2025-02-09,Email,True,False
4316,2025-03-08,Organic Search,False,False
4317,2026-01-06,Paid Social,False,True
4318,2025-07-18,Paid Search,True,True
4319,2025-10-21,Direct,False,True
4320,2025-01-16,Organic Search,False,False
4321,2025-11-27,Organic Search,True,False
4322,2025-04-11,Paid Social,True,False
4323,2025-03-24,Paid Search,False,False
4324,2025-02-28,Paid Search,True,False
4325,2025-11-10,Organic Search,True,False
4326,2025-04-23,Email,True,False
4327,2025-10-23,Organic Search,True,False
4328,2025-06-05,Paid Social,True,False
4329,2025-09-05,Paid Social,False,True
4330,2025-09-05,Organic Search,False,True
4331,2025-07-30,Paid Social,True,True
4332,2025-08-22,Paid Search,True,False
4333,2025-05-21,Paid Search,False,False
4334,2025-08-23,Organic Search,False,False
4335,2025-10-02,Paid Social,False,False
4336,2025-02-21,Direct,True,True
4337,2025-06-09,Email,True,False
4338,2025-07-31,Organic Search,True,False
4339,2025-11-15,Email,True,True
4340,2025-04-20,Email,True,True
4341,2025-12-03,Organic Search,True,True
4342,2025-09-26,Email,False,False
4343,2025-07-03,Email,True,False
4344,2026-01-20,Organic Search,True,False
4345,2025-05-25,Paid Search,True,False
4346,2025-08-09,Direct,True,False
4347,2025-10-01,Paid Search,False,False
4348,2025-08-03,Email,True,True
4349,2025-04-26,Organic Search,True,False
4350,2025-09-30,Direct,True,True
4351,2026-01-18,Paid Social,False,False
4352,2025-02-14,Paid Social,True,True
4353,2025-02-20,Direct,True,False
4354,2025-05-15,Paid Search,True,False
4355,2025-12-12,Direct,False,False
4356,2025-07-04,Paid Search,True,False
4357,2025-09-19,Paid Search,False,True
4358,2025-06-12,Organic Search,False,False
4359,2025-09-25,Direct,True,False
4360,2025-02-16,Paid Search,False,True
4361,2026-01-28,Email,True,False
4362,2025-04-17,Email,True,False
4363,2025-11-04,Direct,False,False
4364,2025-10-17,Paid Search,True,False
4365,2025-06-05,Paid Social,False,True
4366,2025-09-01,Direct,True,False
4367,2025-01-29,Direct,True,False
4368,2025-12-03,Email,True,True
4369,2025-05-20,Paid Social,True,True
4370,2025-08-02,Organic Search,True,False
4371,2025-07-11,Email,True,False
4372,2025-09-06,Paid Search,True,False
4373,2025-03-15,Email,True,False
4374,2025-02-13,Paid Search,True,False
4375,2025-03-01,Organic Search,True,False
4376,2025-11-14,Paid Social,True,False
4377,2025-06-27,Paid Search,True,False
4378,2026-01-18,Paid Social,False,True
4379,2025-02-13,Organic Search,True,False
4380,2025-09-21,Paid Search,True,False
4381,2025-05-19,Paid Social,True,True
4382,2025-02-28,Organic Search,False,False
4383,2025-07-06,Direct,True,False
4384,2025-08-19,Paid Search,False,False
4385,2025-07-15,Paid Search,True,True
4386,2025-04-09,Paid Social,False,False
4387,2025-04-18,Organic Search,True,True
4388,2025-05-30,Paid Social,False,False
4389,2025-03-27,Organic Search,True,True
4390,2025-07-10,Email,True,False
4391,2025-08-15,Direct,False,True
4392,2025-04-02,Direct,True,True
4393,2025-11-14,Paid Social,True,False
4394,2025-02-05,Organic Search,False,False
4395,2025-01-31,Direct,True,True
4396,2026-02-01,Paid Social,False,True
4397,2025-05-06,Direct,True,False
4398,2025-07-02,Direct,False,False
4399,2025-03-11,Direct,False,False
4400,2025-09-10,Paid Social,False,False
4401,2025-09-11,Direct,False,False
4402,2025-10-03,Paid Search,True,True
4403,2025-05-15,Direct,True,False
4404,2025-06-13,Paid Search,True,False
4405,2025-07-31,Organic Search,False,False
4406,2025-02-01,Organic Search,True,False
4407,2025-08-04,Direct,True,False
4408,2025-02-12,Paid Search,True,False
4409,2026-01-04,Paid Social,False,False
4410,2025-07-01,Paid Social,True,False
4411,2026-01-09,Email,True,False
4412,2026-01-13,Paid Social,True,True
4413,2025-08-09,Paid Social,False,False
4414,2025-02-04,Paid Social,False,False
4415,2025-05-08,Organic Search,True,False
4416,2025-01-21,Paid Social,False,False
4417,2025-09-18,Paid Social,True,False
4418,2025-07-09,Paid Social,False,False
4419,2025-08-18,Direct,True,True
4420,2025-06-04,Organic Search,True,False
4421,2025-06-25,Organic Search,True,False
4422,2025-04-05,Email,False,False
4423,2025-01-16,Paid Social,True,False
4424,2025-03-13,Email,False,False
4425,2025-05-06,Paid Social,False,False
4426,2026-01-12,Paid Social,True,False
4427,2025-07-22,Paid Social,True,False
4428,2025-01-13,Email,False,False
4429,2025-02-16,Direct,False,False
4430,2025-01-20,Direct,False,False
4431,2025-06-17,Email,False,False
4432,2025-08-26,Paid Search,True,True
4433,2025-12-24,Paid Search,False,False
4434,2025-09-27,Paid Social,True,False
4435,2025-07-26,Email,True,False
4436,2025-11-04,Direct,True,True
4437,2025-05-20,Paid Search,False,False
4438,2026-01-22,Direct,False,False
4439,2026-01-08,Paid Social,True,True
4440,2025-11-20,Organic Search,False,True
4441,2025-07-24,Organic Search,True,False
4442,2025-02-19,Paid Social,True,False
4443,2025-07-28,Organic Search,False,True
4444,2025-02-16,Email,False,False
4445,2025-12-17,Organic Search,False,True
4446,2025-10-01,Paid Social,True,False
4447,2025-03-06,Paid Search,True,False
4448,2025-06-04,Email,True,False
4449,2025-08-23,Organic Search,False,False
4450,2025-09-13,Paid Social,True,False
4451,2025-12-30,Organic Search,False,True
4452,2025-05-07,Organic Search,True,False
4453,2025-03-16,Email,True,False
4454,2025-12-10,Paid Search,True,True
4455,2025-10-11,Paid Social,True,False
4456,2025-06-30,Organic Search,False,False
4457,2025-10-25,Paid Social,False,False
4458,2025-01-05,Email,False,True
4459,2025-10-19,Organic Search,False,False
4460,2025-02-17,Organic Search,True,False
4461,2025-05-25,Email,False,False
4462,2026-01-05,Organic Search,False,False
4463,2026-01-11,Email,True,False
4464,2025-06-29,Organic Search,True,False
4465,2025-03-11,Direct,False,False
4466,2025-06-27,Paid Search,False,True
4467,2025-12-19,Organic Search,True,False
4468,2025-08-14,Paid Search,True,False
4469,2025-08-10,Paid Search,True,False
4470,2025-12-08,Organic Search,True,False
4471,2025-09-22,Paid Social,True,False
4472,2025-05-12,Direct,True,False
4473,2025-04-12,Paid Search,False,False
4474,2025-11-23,Direct,False,False
4475,2025-06-11,Email,True,False
4476,2025-12-10,Organic Search,True,False
4477,2026-02-02,Paid Social,False,False
4478,2025-01-20,Email,True,False
4479,2025-05-03,Paid Search,True,False
4480,2025-05-05,Direct,True,False
4481,2025-06-04,Direct,False,False
4482,2025-04-05,Paid Search,False,False
4483,2025-06-11,Email,False,False
4484,2025-11-08,Paid Search,True,False
4485,2025-02-23,Organic Search,True,True
4486,2025-08-20,Email,True,False
4487,2025-07-29,Paid Social,True,False
4488,2025-03-19,Paid Social,False,False
4489,2025-05-26,Email,True,False
4490,2025-09-14,Email,True,False
4491,2025-12-09,Organic Search,True,False
4492,2025-12-28,Organic Search,True,False
4493,2025-12-14,Email,True,False
4494,2025-06-06,Paid Search,False,False
4495,2026-01-30,Organic Search,True,False
4496,2025-07-16,Email,False,True
4497,2025-11-04,Paid Social,False,False
4498,2025-10-07,Email,False,False
4499,2025-11-28,Paid Social,False,False
4500,2025-01-09,Direct,True,False
4501,2025-07-30,Email,False,True
4502,2025-11-15,Paid Social,True,True
4503,2025-07-14,Organic Search,True,False
4504,2025-04-26,Paid Social,False,False
4505,2025-08-22,Organic Search,False,False
4506,2025-06-17,Paid Search,False,True
4507,2025-04-11,Paid Search,True,True
4508,2025-10-31,Paid Social,True,False
4509,2025-10-31,Direct,True,False
4510,2025-11-29,Paid Search,True,True
4511,2025-08-07,Direct,False,True
4512,2026-01-29,Email,False,False
4513,2025-06-30,Paid Social,True,True
4514,2025-03-28,Direct,False,False
4515,2025-03-03,Direct,True,False
4516,2025-09-02,Paid Search,True,True
4517,2025-04-21,Paid Social,True,True
4518,2025-05-30,Paid Social,True,False
4519,2025-08-01,Paid Search,True,True
4520,2025-05-24,Paid Search,False,False
4521,2025-06-15,Paid Social,False,False
4522,2025-02-09,Paid Search,True,True
4523,2025-11-06,Paid Social,True,False
4524,2025-03-02,Organic Search,True,False
4525,2025-02-25,Paid Search,True,False
4526,2025-08-26,Paid Search,False,False
4527,2025-10-19,Email,False,False
4528,2025-03-30,Direct,False,True
4529,2025-12-08,Paid Social,True,False
4530,2025-06-12,Organic Search,True,False
4531,2025-11-10,Direct,True,False
4532,2025-05-24,Paid Social,True,True
4533,2025-09-02,Direct,False,True
4534,2025-05-03,Paid Social,True,False
4535,2025-11-10,Organic Search,False,False
4536,2025-05-05,Paid Search,True,True
4537,2025-06-01,Paid Search,True,False
4538,2025-01-08,Paid Search,False,False
4539,2025-04-02,Paid Social,True,False
4540,2025-06-29,Organic Search,False,False
4541,2025-08-19,Paid Search,True,False
4542,2025-03-10,Email,True,True
4543,2025-03-07,Organic Search,False,True
4544,2025-03-15,Email,False,False
4545,2025-08-08,Paid Social,False,False
4546,2025-05-28,Organic Search,False,False
4547,2025-01-09,Organic Search,True,True
4548,2026-01-03,Direct,True,True
4549,2025-12-10,Direct,True,False
4550,2025-08-02,Paid Social,True,False
4551,2026-02-03,Paid Search,True,False
4552,2025-09-13,Paid Search,False,False
4553,2025-07-31,Organic Search,False,True
4554,2025-05-22,Paid Search,True,False
4555,2025-06-03,Direct,True,False
4556,2025-02-17,Paid Search,True,False
4557,2025-08-16,Paid Social,True,True
4558,2025-10-26,Paid Search,False,False
4559,2025-08-07,Email,True,True
4560,2025-07-14,Organic Search,False,False
4561,2026-01-20,Direct,False,False
4562,2025-09-01,Organic Search,False,False
4563,2025-04-11,Paid Search,True,False
4564,2025-08-14,Paid Search,False,True
4565,2025-04-10,Email,True,False
4566,2025-01-12,Organic Search,False,False
4567,2025-09-03,Direct,True,True
4568,2025-01-27,Email,False,True
4569,2025-10-18,Email,True,True
4570,2025-06-26,Organic Search,False,False
4571,2025-11-25,Paid Social,False,True
4572,2026-01-21,Organic Search,False,False
4573,2025-02-26,Organic Search,False,False
4574,2025-10-23,Paid Social,False,False
4575,2025-06-29,Organic Search,False,False
4576,2025-12-28,Email,False,False
4577,2025-09-13,Paid Social,True,False
4578,2025-04-26,Email,False,False
4579,2025-05-01,Organic Search,False,False
4580,2025-07-14,Direct,True,False
4581,2025-04-02,Email,True,False
4582,2025-11-10,Paid Social,True,False
4583,2026-01-07,Paid Search,True,False
4584,2025-11-27,Email,True,True
4585,2025-02-25,Email,True,True
4586,2025-08-30,Direct,False,False
4587,2025-10-30,Organic Search,False,False
4588,2025-07-13,Email,True,False
4589,2025-04-19,Paid Search,False,False
4590,2025-07-09,Direct,False,True
4591,2025-11-03,Paid Social,False,True
4592,2025-04-07,Email,True,True
4593,2026-01-22,Email,True,False
4594,2025-07-24,Paid Search,True,False
4595,2025-05-03,Direct,True,False
4596,2025-03-21,Direct,True,False
4597,2025-11-18,Email,True,True
4598,2025-08-31,Direct,False,False
4599,2026-01-23,Paid Search,False,True
4600,2025-01-27,Paid Search,False,False
4601,2025-04-12,Organic Search,True,False
4602,2025-09-24,Direct,True,False
4603,2025-01-18,Direct,False,False
4604,2025-12-25,Organic Search,True,False
4605,2025-08-15,Paid Search,False,True
4606,2025-08-24,Paid Search,True,False
4607,2025-04-01,Paid Search,True,True
4608,2025-08-27,Organic Search,True,False
4609,2025-07-25,Paid Social,True,False
4610,2025-01-29,Direct,True,True
4611,2025-07-02,Direct,True,False
4612,2025-03-02,Paid Social,True,False
4613,2025-04-13,Paid Search,False,False
4614,2025-08-15,Organic Search,False,False
4615,2025-07-10,Email,True,False
4616,2025-10-19,Direct,True,False
4617,2025-02-18,Direct,True,True
4618,2025-12-28,Paid Search,True,False
4619,2025-08-11,Paid Social,True,False
4620,2025-11-26,Direct,False,False
4621,2025-09-09,Paid Social,False,False
4622,2025-10-09,Email,False,False
4623,2025-02-21,Email,True,False
4624,2025-02-09,Direct,False,False
4625,2025-12-28,Paid Search,True,False
4626,2025-05-03,Paid Search,False,False
4627,2025-09-25,Direct,False,False
4628,2025-01-16,Paid Search,True,True
4629,2025-11-23,Organic Search,True,False
4630,2025-10-01,Organic Search,True,False
4631,2025-03-10,Direct,True,False
4632,2025-07-12,Paid Search,False,True
4633,2025-03-08,Paid Social,False,False
4634,2025-06-06,Organic Search,True,False
4635,2025-10-09,Paid Search,True,False
4636,2025-06-06,Paid Social,True,True
4637,2025-06-16,Email,False,False
4638,2025-06-03,Email,False,False
4639,2025-06-15,Paid Search,True,True
4640,2025-04-17,Paid Search,False,False
4641,2026-01-19,Direct,False,False
4642,2025-08-06,Paid Search,True,False
4643,2025-06-12,Paid Social,False,False
4644,2025-06-29,Paid Social,False,False
4645,2025-10-31,Direct,True,False
4646,2025-06-13,Paid Search,True,False
4647,2025-11-13,Organic Search,False,False
4648,2025-10-28,Organic Search,False,True
4649,2025-03-29,Paid Social,True,True
4650,2025-05-07,Email,True,True
4651,2025-08-22,Direct,True,False
4652,2025-10-15,Direct,True,True
4653,2025-02-13,Direct,False,False
4654,2026-01-29,Direct,False,True
4655,2025-09-10,Paid Social,True,True
4656,2025-09-27,Organic Search,True,True
4657,2025-07-11,Direct,False,True
4658,2026-01-08,Email,False,False
4659,2025-02-04,Direct,True,False
4660,2026-01-13,Paid Social,False,True
4661,2026-02-01,Email,False,True
4662,2025-10-02,Direct,True,True
4663,2025-03-29,Direct,True,True
4664,2025-05-23,Organic Search,True,False
4665,2025-06-24,Paid Search,False,False
4666,2025-03-23,Paid Social,True,False
4667,2025-11-15,Email,False,False
4668,2025-12-03,Paid Social,True,False
4669,2025-08-30,Email,False,False
4670,2025-01-27,Direct,False,False
4671,2025-03-30,Organic Search,False,False
4672,2025-08-27,Organic Search,True,False
4673,2025-02-21,Paid Social,True,False
4674,2025-08-22,Paid Search,False,True
4675,2025-12-29,Direct,True,True
4676,2026-01-06,Organic Search,False,False
4677,2025-05-14,Paid Search,True,False
4678,2025-06-11,Email,True,True
4679,2025-02-21,Paid Search,True,True
4680,2025-10-04,Email,True,False
4681,2025-12-27,Email,True,False
4682,2025-09-26,Email,False,False
4683,2025-04-20,Email,True,False
4684,2025-12-19,Paid Social,False,False
4685,2025-02-09,Email,False,False
4686,2025-03-23,Paid Search,True,False
4687,2025-09-18,Paid Social,False,False
4688,2025-06-18,Organic Search,False,False
4689,2025-05-31,Paid Social,False,True
4690,2025-12-13,Paid Search,True,False
4691,2025-07-29,Direct,False,False
4692,2026-01-02,Email,True,False
4693,2025-10-05,Paid Social,True,False
4694,2025-11-08,Paid Search,False,False
4695,2025-11-30,Email,False,False
4696,2025-03-28,Organic Search,False,False
4697,2025-09-21,Paid Search,False,False
4698,2025-06-13,Organic Search,True,False
4699,2025-07-20,Direct,False,False
4700,2025-01-04,Paid Social,True,False
4701,2025-04-13,Direct,False,False
4702,2025-02-06,Direct,True,True
4703,2025-08-26,Direct,True,True
4704,2025-06-05,Organic Search,False,False
4705,2025-08-07,Organic Search,True,False
4706,2025-03-24,Paid Search,False,False
4707,2025-12-28,Paid Social,True,False
4708,2025-04-01,Organic Search,False,False
4709,2025-08-25,Direct,False,False
4710,2025-12-02,Direct,True,False
4711,2025-10-07,Paid Search,False,False
4712,2025-03-17,Paid Search,True,True
4713,2025-12-30,Organic Search,False,False
4714,2025-04-21,Email,False,True
4715,2025-08-20,Paid Search,True,False
4716,2025-03-07,Paid Social,True,False
4717,2025-01-13,Email,True,True
4718,2025-04-19,Paid Social,False,False
4719,2025-09-12,Direct,False,False
4720,2025-05-05,Paid Search,False,False
4721,2025-09-07,Email,True,True
4722,2026-01-10,Organic Search,False,False
4723,2025-06-02,Direct,True,False
4724,2025-12-24,Email,False,False
4725,2025-01-10,Email,False,False
4726,2025-10-04,Organic Search,False,False
4727,2025-05-18,Organic Search,True,False
4728,2025-12-01,Paid Social,True,False
4729,2025-04-16,Direct,True,False
4730,2025-02-11,Paid Search,True,False
4731,2025-11-24,Paid Search,True,False
4732,2025-10-22,Email,False,True
4733,2025-08-21,Direct,True,True
4734,2026-01-19,Paid Search,True,True
4735,2025-11-22,Organic Search,False,True
4736,2026-01-23,Paid Search,True,False
4737,2025-06-28,Paid Social,False,False
4738,2025-05-18,Direct,True,True
4739,2025-03-12,Organic Search,False,False
4740,2025-02-18,Paid Social,True,False
4741,2025-11-29,Paid Search,True,True
4742,2025-03-28,Organic Search,True,False
4743,2025-09-28,Direct,False,False
4744,2025-09-11,Paid Search,True,False
4745,2025-03-15,Organic Search,True,False
4746,2025-12-23,Organic Search,False,False
4747,2025-09-16,Organic Search,False,True
4748,2026-01-29,Email,False,True
4749,2026-01-10,Organic Search,False,True
4750,2025-11-06,Paid Social,True,True
4751,2025-05-01,Paid Search,True,True
4752,2026-01-01,Organic Search,False,True
4753,2025-12-06,Paid Search,False,False
4754,2025-11-25,Paid Search,True,False
4755,2025-07-20,Direct,False,False
4756,2025-05-30,Email,True,False
4757,2025-12-28,Direct,True,True
4758,2025-11-24,Direct,True,True
4759,2025-12-27,Direct,False,False
4760,2025-10-10,Paid Search,True,True
4761,2026-02-05,Paid Search,True,True
4762,2025-06-26,Paid Search,True,False
4763,2025-05-21,Paid Social,False,False
4764,2025-09-17,Email,False,True
4765,2025-04-17,Paid Search,True,False
4766,2025-01-17,Email,True,False
4767,2026-01-06,Organic Search,True,False
4768,2025-05-10,Direct,True,True
4769,2025-07-25,Organic Search,False,False
4770,2025-12-18,Paid Search,True,False
4771,2025-09-21,Organic Search,True,True
4772,2025-03-27,Paid Social,True,False
4773,2026-01-14,Organic Search,True,False
4774,2025-12-27,Direct,False,True
4775,2025-04-01,Direct,False,False
4776,2025-01-20,Organic Search,True,False
4777,2025-08-31,Paid Search,True,False
4778,2026-02-03,Organic Search,True,False
4779,2025-12-26,Organic Search,True,False
4780,2025-01-17,Paid Social,True,False
4781,2025-08-22,Paid Social,True,False
4782,2025-02-24,Email,True,False
4783,2025-02-11,Paid Social,True,False
4784,2025-07-18,Paid Social,True,False
4785,2025-12-15,Email,True,False
4786,2025-05-01,Paid Social,True,True
4787,2025-07-24,Email,True,False
4788,2025-08-01,Direct,True,False
4789,2025-09-01,Paid Social,True,False
4790,2025-06-05,Organic Search,True,False
4791,2025-07-08,Organic Search,False,False
4792,2025-02-22,Direct,True,True
4793,2025-03-19,Email,True,False
4794,2025-08-20,Paid Social,False,True
4795,2025-05-27,Paid Search,False,False
4796,2025-10-01,Paid Social,True,False
4797,2025-02-20,Paid Search,False,True
4798,2025-09-01,Paid Social,True,False
4799,2025-04-22,Paid Social,True,True
4800,2025-02-03,Organic Search,True,False
4801,2025-08-24,Paid Social,False,True
4802,2026-01-31,Direct,True,True
4803,2025-11-06,Organic Search,True,False
4804,2025-04-25,Paid Search,True,False
4805,2025-04-04,Paid Search,True,True
4806,2025-09-29,Direct,True,False
4807,2025-08-11,Direct,False,False
4808,2025-01-12,Paid Search,True,False
4809,2025-08-28,Email,False,False
4810,2025-02-17,Paid Social,False,False
4811,2026-02-04,Email,True,True
4812,2025-10-19,Direct,True,False
4813,2025-03-17,Direct,False,True
4814,2026-01-09,Paid Search,True,True
4815,2025-06-18,Direct,False,False
4816,2026-01-30,Paid Search,True,True
4817,2025-01-27,Paid Search,True,True
4818,2025-10-25,Organic Search,True,True
4819,2025-10-08,Paid Search,False,False
4820,2025-01-09,Direct,True,True
4821,2025-01-05,Organic Search,True,False
4822,2025-05-02,Organic Search,True,False
4823,2025-12-15,Paid Social,False,False
4824,2026-01-20,Email,True,False
4825,2025-10-08,Paid Social,False,True
4826,2026-01-11,Direct,False,False
4827,2025-08-04,Organic Search,True,False
4828,2025-04-08,Organic Search,True,False
4829,2025-10-18,Paid Social,False,False
4830,2025-04-26,Email,False,False
4831,2026-01-07,Paid Search,False,True
4832,2025-10-18,Paid Social,True,False
4833,2025-07-18,Email,False,False
4834,2025-11-30,Paid Social,False,False
4835,2025-06-17,Paid Search,False,False
4836,2025-07-07,Paid Social,True,True
4837,2025-05-14,Email,True,False
4838,2025-04-08,Email,True,True
4839,2025-04-03,Direct,True,True
4840,2025-10-27,Direct,True,False
4841,2025-12-22,Direct,True,False
4842,2025-10-27,Organic Search,True,True
4843,2025-03-13,Organic Search,False,True
4844,2025-07-29,Direct,False,False
4845,2025-04-02,Direct,True,True
4846,2025-03-17,Email,True,True
4847,2025-05-24,Paid Search,False,False
4848,2025-09-23,Email,True,False
4849,2025-09-27,Paid Social,False,False
4850,2025-03-04,Direct,True,False
4851,2025-05-23,Paid Search,True,False
4852,2025-05-25,Direct,False,False
4853,2025-09-05,Paid Search,False,False
4854,2025-12-19,Paid Search,True,False
4855,2025-04-03,Email,True,True
4856,2025-04-21,Organic Search,True,False
4857,2025-05-06,Email,False,False
4858,2025-10-31,Direct,True,True
4859,2025-09-22,Email,True,True
4860,2025-11-21,Email,False,False
4861,2025-07-27,Email,True,False
4862,2025-06-14,Direct,True,False
4863,2025-03-29,Organic Search,True,True
4864,2026-01-25,Paid Social,False,False
4865,2026-01-30,Paid Search,False,True
4866,2025-12-20,Email,False,True
4867,2025-08-30,Paid Search,True,False
4868,2025-09-30,Email,True,False
4869,2025-12-13,Organic Search,True,False
4870,2025-07-15,Email,False,False
4871,2025-07-01,Direct,False,False
4872,2026-01-05,Paid Search,True,False
4873,2025-03-01,Paid Social,True,False
4874,2026-01-11,Email,False,False
4875,2025-01-17,Paid Social,False,False
4876,2025-07-17,Paid Search,True,False
4877,2026-01-14,Email,True,True
4878,2025-06-03,Paid Search,True,True
4879,2025-05-29,Paid Search,False,False
4880,2025-12-18,Paid Search,True,False
4881,2026-01-29,Direct,True,False
4882,2025-07-11,Direct,False,False
4883,2025-10-01,Paid Search,True,True
4884,2026-01-01,Direct,True,False
4885,2025-04-25,Email,False,False
4886,2025-04-06,Paid Social,False,False
4887,2025-01-13,Direct,True,False
4888,2025-01-02,Organic Search,True,True
4889,2025-12-11,Direct,False,True
4890,2025-01-01,Organic Search,True,False
4891,2025-11-05,Email,False,False
4892,2025-03-29,Organic Search,False,False
4893,2025-05-10,Organic Search,False,False
4894,2025-10-30,Email,False,False
4895,2025-01-31,Organic Search,True,False
4896,2025-03-15,Organic Search,True,True
4897,2025-07-31,Direct,True,False
4898,2025-10-22,Paid Search,True,False
4899,2025-02-12,Direct,False,False
4900,2025-11-12,Direct,True,False
4901,2025-08-07,Paid Search,True,False
4902,2025-02-28,Direct,True,False
4903,2025-01-13,Direct,False,True
4904,2025-07-29,Email,False,False
4905,2025-12-02,Organic Search,True,False
4906,2025-08-27,Email,False,False
4907,2025-02-26,Paid Search,True,True
4908,2025-06-26,Email,True,False
4909,2025-06-29,Email,True,False
4910,2026-01-20,Email,False,False
4911,2025-05-15,Paid Search,True,True
4912,2025-08-12,Paid Search,True,True
4913,2025-12-21,Direct,False,True
4914,2025-12-04,Paid Social,True,False
4915,2025-06-09,Email,False,False
4916,2026-01-06,Paid Social,True,False
4917,2025-07-20,Organic Search,True,True
4918,2025-11-20,Paid Social,True,True
4919,2025-06-08,Email,True,True
4920,2025-11-05,Organic Search,False,False
4921,2025-09-23,Direct,True,True
4922,2025-05-09,Paid Search,True,False
4923,2025-09-07,Email,True,False
4924,2025-08-07,Organic Search,True,False
4925,2025-08-15,Email,True,False
4926,2025-08-24,Organic Search,True,False
4927,2026-02-03,Email,False,True
4928,2025-03-03,Paid Search,True,True
4929,2025-05-19,Paid Social,True,False
4930,2025-11-28,Organic Search,False,False
4931,2025-06-23,Paid Social,True,False
4932,2025-11-02,Paid Search,False,True
4933,2025-02-10,Paid Search,True,False
4934,2025-12-13,Paid Social,True,False
4935,2025-10-17,Paid Search,False,False
4936,2025-12-18,Direct,True,False
4937,2025-08-11,Paid Social,True,False
4938,2025-06-05,Organic Search,True,False
4939,2025-03-07,Email,True,True
4940,2025-01-29,Email,True,False
4941,2025-11-22,Direct,True,False
4942,2025-06-19,Direct,False,True
4943,2025-04-13,Paid Search,True,False
4944,2025-07-01,Direct,True,False
4945,2026-01-20,Direct,False,False
4946,2025-04-12,Direct,True,False
4947,2025-07-22,Direct,True,False
4948,2025-07-05,Email,False,False
4949,2025-08-29,Email,True,False
4950,2025-07-13,Direct,True,False
4951,2025-08-18,Paid Social,True,False
4952,2025-05-18,Email,True,False
4953,2025-12-05,Email,True,False
4954,2025-03-29,Organic Search,True,False
4955,2025-09-06,Organic Search,True,False
4956,2025-12-26,Paid Search,True,True
4957,2025-05-16,Direct,False,False
4958,2026-01-19,Email,True,False
4959,2025-05-17,Direct,True,True
4960,2025-09-23,Paid Social,True,False
4961,2026-01-19,Email,True,False
4962,2025-03-29,Organic Search,True,False
4963,2025-09-04,Organic Search,True,False
4964,2025-07-31,Email,False,False
4965,2025-03-04,Email,True,True
4966,2025-08-20,Direct,True,False
4967,2025-06-25,Organic Search,False,True
4968,2025-04-26,Paid Search,False,True
4969,2025-07-18,Paid Search,False,False
4970,2025-11-30,Direct,True,True
4971,2025-05-15,Direct,False,False
4972,2025-07-29,Paid Search,True,False
4973,2025-05-12,Direct,True,False
4974,2025-02-11,Paid Search,True,False
4975,2026-01-07,Paid Search,True,False
4976,2025-11-18,Paid Social,False,True
4977,2025-03-11,Email,False,False
4978,2025-04-14,Organic Search,True,False
4979,2026-01-20,Paid Social,True,True
4980,2025-04-25,Organic Search,True,False
4981,2025-08-02,Paid Search,True,False
4982,2025-03-03,Direct,True,False
4983,2025-01-23,Paid Social,True,True
4984,2025-04-12,Email,False,False
4985,2025-05-03,Paid Social,True,True
4986,2025-06-14,Direct,True,False
4987,2025-10-19,Paid Search,True,False
4988,2025-12-25,Paid Social,False,False
4989,2026-01-11,Email,True,True
4990,2025-08-18,Paid Search,True,False
4991,2025-09-16,Direct,False,False
4992,2025-07-24,Paid Social,True,True
4993,2025-08-08,Paid Search,True,False
4994,2025-10-27,Email,True,False
4995,2025-08-26,Direct,True,False
4996,2025-06-07,Email,False,True
4997,2025-04-03,Paid Search,True,False
4998,2025-07-12,Organic Search,True,True
4999,2025-04-10,Paid Social,False,False
5000,2026-01-02,Organic Search,True,False
5001,2025-02-02,Organic Search,False,False
5002,2025-07-10,Email,False,False
5003,2025-05-25,Email,True,False
5004,2025-04-30,Direct,False,False
5005,2025-02-06,Direct,True,True
5006,2025-05-06,Direct,False,False
5007,2025-06-04,Direct,True,True
5008,2025-08-14,Direct,False,False
5009,2025-04-09,Email,True,False
5010,2025-07-16,Paid Social,True,False
5011,2025-11-11,Organic Search,True,False
5012,2025-02-25,Direct,False,False
5013,2025-11-09,Paid Search,False,False
5014,2025-01-18,Paid Search,True,False
5015,2025-12-19,Direct,True,False
5016,2026-01-30,Organic Search,True,True
5017,2025-09-14,Email,True,False
5018,2025-02-18,Direct,False,False
5019,2025-12-11,Email,False,True
5020,2026-01-22,Paid Search,True,False
5021,2025-08-22,Email,True,False
5022,2025-02-27,Organic Search,True,True
5023,2025-01-17,Paid Social,True,True
5024,2025-05-12,Email,True,False
5025,2025-08-13,Direct,True,True
5026,2026-01-30,Paid Search,True,False
5027,2025-08-21,Paid Social,True,False
5028,2025-08-07,Organic Search,True,False
5029,2025-03-01,Paid Social,True,True
5030,2025-07-12,Paid Search,False,False
5031,2025-08-03,Organic Search,False,False
5032,2025-08-23,Paid Search,True,False
5033,2025-05-22,Paid Search,False,False
5034,2025-05-29,Organic Search,False,True
5035,2025-01-20,Paid Search,True,False
5036,2025-01-23,Organic Search,False,False
5037,2025-08-29,Organic Search,False,False
5038,2025-12-04,Email,True,True
5039,2025-03-18,Organic Search,True,False
5040,2025-11-19,Paid Social,False,True
5041,2025-02-26,Paid Search,False,False
5042,2025-12-15,Direct,False,False
5043,2025-06-09,Organic Search,True,True
5044,2025-04-09,Email,False,False
5045,2025-11-28,Direct,False,False
5046,2025-03-10,Paid Search,True,False
5047,2025-08-01,Organic Search,True,False
5048,2025-02-24,Email,True,True
5049,2025-03-08,Paid Social,True,True
5050,2025-04-10,Paid Search,False,False
5051,2025-11-22,Paid Social,True,False
5052,2025-07-20,Paid Search,False,False
5053,2025-06-18,Organic Search,True,True
5054,2025-08-28,Email,False,False
5055,2025-05-09,Paid Social,True,True
5056,2025-02-11,Paid Social,False,False
5057,2025-06-02,Direct,True,False
5058,2025-07-28,Email,False,False
5059,2025-09-10,Direct,True,False
5060,2025-01-20,Direct,True,False
5061,2025-01-24,Organic Search,False,False
5062,2025-03-02,Paid Search,True,False
5063,2025-09-23,Organic Search,True,False
5064,2025-07-27,Organic Search,True,True
5065,2025-09-27,Email,True,True
5066,2025-05-04,Email,False,False
5067,2025-09-14,Direct,False,True
5068,2025-01-31,Paid Search,True,False
5069,2025-08-01,Paid Social,True,True
5070,2025-10-27,Organic Search,False,False
5071,2026-01-04,Paid Search,True,False
5072,2025-08-02,Direct,False,False
5073,2025-10-31,Paid Search,True,True
5074,2025-11-19,Paid Search,False,False
5075,2025-03-02,Email,False,False
5076,2025-03-23,Paid Social,False,False
5077,2025-03-09,Paid Search,False,True
5078,2025-05-20,Organic Search,True,False
5079,2025-04-05,Organic Search,False,False
5080,2025-08-13,Paid Search,False,False
5081,2025-08-26,Email,True,False
5082,2025-08-23,Paid Social,True,True
5083,2026-01-27,Paid Social,False,False
5084,2025-04-23,Email,True,True
5085,2025-03-23,Organic Search,False,False
5086,2025-05-04,Email,True,False
5087,2025-11-06,Direct,False,True
5088,2025-10-31,Paid Social,False,False
5089,2025-11-20,Paid Social,True,False
5090,2025-09-02,Paid Social,True,False
5091,2025-05-12,Email,True,False
5092,2026-01-12,Paid Search,False,False
5093,2026-01-08,Email,True,False
5094,2025-10-17,Organic Search,True,False
5095,2025-02-19,Organic Search,True,False
5096,2025-03-01,Organic Search,True,False
5097,2025-04-09,Paid Social,False,False
5098,2025-12-08,Paid Search,True,False
5099,2025-05-08,Paid Search,True,False
5100,2026-01-02,Email,False,True
5101,2025-03-23,Paid Search,False,False
5102,2025-08-29,Paid Search,True,False
5103,2025-02-09,Email,True,False
5104,2025-09-06,Direct,False,False
5105,2025-12-15,Paid Search,True,False
5106,2025-04-11,Email,True,False
5107,2025-04-25,Paid Search,False,False
5108,2025-04-14,Paid Social,True,False
5109,2025-05-06,Email,True,True
5110,2025-11-18,Paid Social,True,True
5111,2026-01-29,Paid Search,False,False
5112,2025-05-10,Paid Social,False,False
5113,2025-10-23,Email,True,False
5114,2025-06-16,Paid Social,True,True
5115,2026-02-01,Paid Search,True,True
5116,2025-04-07,Email,True,False
5117,2025-08-08,Organic Search,False,False
5118,2025-05-13,Email,True,False
5119,2025-02-23,Direct,False,False
5120,2026-01-16,Paid Social,False,False
5121,2025-07-01,Paid Search,True,False
5122,2025-02-27,Organic Search,False,False
5123,2025-11-30,Direct,True,False
5124,2025-08-09,Organic Search,True,False
5125,2025-04-12,Direct,True,False
5126,2025-11-28,Email,True,True
5127,2025-08-19,Direct,True,False
5128,2025-06-22,Email,True,False
5129,2026-01-16,Email,True,True
5130,2025-08-10,Organic Search,False,False
5131,2025-12-30,Paid Search,True,False
5132,2025-10-12,Paid Social,True,False
5133,2025-08-23,Paid Search,False,False
5134,2025-05-28,Email,False,False
5135,2025-01-24,Paid Search,True,False
5136,2025-11-24,Email,False,False
5137,2025-09-23,Paid Search,True,True
5138,2026-01-21,Paid Search,False,False
5139,2026-01-14,Paid Social,True,False
5140,2025-04-02,Paid Social,True,True
5141,2025-07-28,Paid Social,True,False
5142,2025-04-30,Paid Search,False,False
5143,2025-09-06,Email,True,False
5144,2025-01-01,Paid Search,True,True
5145,2025-09-21,Direct,True,False
5146,2025-08-19,Paid Search,False,False
5147,2025-03-11,Organic Search,True,False
5148,2025-12-19,Direct,False,False
5149,2026-01-09,Direct,True,False
5150,2025-12-08,Direct,True,True
5151,2025-02-04,Direct,True,False
5152,2025-10-03,Organic Search,False,False
5153,2025-01-17,Direct,False,False
5154,2025-08-03,Paid Search,False,True
5155,2025-03-13,Direct,False,False
5156,2026-01-04,Email,False,False
5157,2025-09-02,Direct,True,False
5158,2025-04-15,Direct,True,False
5159,2025-08-19,Paid Social,False,True
5160,2025-08-20,Paid Social,True,False
5161,2025-04-01,Paid Search,True,False
5162,2026-02-03,Direct,True,True
5163,2025-05-20,Email,False,False
5164,2025-05-29,Direct,True,False
5165,2025-09-24,Organic Search,True,False
5166,2025-06-01,Organic Search,True,False
5167,2025-04-06,Direct,False,False
5168,2025-11-10,Email,False,True
5169,2025-12-18,Direct,False,False
5170,2025-11-13,Paid Social,True,False
5171,2025-10-06,Paid Search,True,False
5172,2025-04-03,Email,True,False
5173,2026-02-01,Direct,False,False
5174,2025-07-12,Paid Search,True,False
5175,2025-02-01,Paid Social,True,True
5176,2025-02-26,Direct,False,False
5177,2025-01-24,Email,True,False
5178,2026-01-29,Email,True,True
5179,2025-10-19,Paid Social,True,True
5180,2025-05-13,Paid Search,True,False
5181,2025-11-18,Organic Search,True,True
5182,2025-03-06,Paid Social,True,False
5183,2026-01-20,Paid Search,True,True
5184,2026-02-03,Email,True,False
5185,2025-03-17,Paid Search,False,False
5186,2025-07-06,Paid Social,True,False
5187,2026-01-04,Direct,True,True
5188,2025-09-11,Paid Search,False,False
5189,2025-03-12,Email,True,False
5190,2025-09-12,Organic Search,True,False
5191,2025-11-29,Organic Search,True,False
5192,2025-12-15,Direct,False,False
5193,2025-08-27,Organic Search,False,False
5194,2025-03-11,Paid Search,True,False
5195,2025-05-05,Email,True,False
5196,2025-08-09,Direct,True,False
5197,2025-04-27,Email,True,False
5198,2025-12-10,Paid Search,False,True
5199,2025-08-22,Email,True,False
5200,2025-10-04,Organic Search,True,False
5201,2025-03-25,Paid Search,True,True
5202,2025-12-21,Direct,True,False
5203,2025-06-17,Paid Social,True,False
5204,2025-07-22,Direct,True,False
5205,2025-05-26,Paid Social,False,True
5206,2025-11-27,Paid Search,True,False
5207,2025-01-09,Paid Search,True,False
5208,2025-06-12,Organic Search,True,False
5209,2026-01-06,Paid Social,True,False
5210,2025-11-18,Paid Search,False,False
5211,2026-01-22,Email,True,False
5212,2025-01-31,Organic Search,True,False
5213,2025-12-27,Paid Search,False,False
5214,2026-01-28,Email,True,False
5215,2025-05-21,Organic Search,True,False
5216,2025-12-09,Paid Social,True,False
5217,2025-12-12,Paid Search,True,False
5218,2025-10-23,Organic Search,False,False
5219,2025-01-30,Paid Social,False,True
5220,2025-07-18,Paid Social,True,True
5221,2025-10-18,Direct,False,True
5222,2025-09-30,Direct,False,False
5223,2026-01-31,Paid Search,True,False
5224,2025-04-06,Paid Social,False,False
5225,2025-04-18,Direct,False,False
5226,2025-02-26,Email,True,False
5227,2025-01-06,Email,False,False
5228,2025-01-22,Organic Search,False,False
5229,2025-02-05,Organic Search,True,False
5230,2025-04-13,Direct,False,False
5231,2025-07-12,Direct,True,True
5232,2025-06-01,Paid Social,False,False
5233,2025-03-14,Paid Social,True,True
5234,2025-04-24,Direct,True,True
5235,2026-01-27,Organic Search,True,False
5236,2025-09-11,Email,False,False
5237,2025-01-01,Organic Search,True,True
5238,2025-08-09,Paid Social,True,True
5239,2025-05-04,Email,True,False
5240,2025-09-04,Paid Search,True,False
5241,2025-03-20,Direct,True,True
5242,2025-07-24,Email,False,False
5243,2026-01-07,Paid Social,False,True
5244,2025-03-31,Organic Search,True,True
5245,2025-04-11,Paid Search,False,False
5246,2025-06-13,Email,True,False
5247,2025-05-02,Organic Search,True,False
5248,2025-05-17,Email,False,False
5249,2025-05-18,Direct,True,False
5250,2025-11-02,Direct,True,True
5251,2025-06-13,Direct,True,False
5252,2026-01-06,Email,True,False
5253,2025-02-04,Email,True,False
5254,2025-10-23,Paid Search,True,False
5255,2025-03-13,Paid Search,False,False
5256,2025-03-09,Paid Search,True,False
5257,2025-09-27,Email,True,True
5258,2025-11-27,Paid Social,False,False
5259,2026-01-16,Paid Search,False,False
5260,2025-07-28,Paid Search,True,False
5261,2025-12-05,Email,True,False
5262,2025-02-16,Paid Search,True,True
5263,2025-12-14,Organic Search,True,False
5264,2025-08-08,Paid Social,False,False
5265,2025-05-01,Paid Search,False,False
5266,2025-08-03,Paid Social,True,True
5267,2025-06-06,Direct,False,False
5268,2025-06-22,Email,False,False
5269,2025-03-14,Paid Search,False,False
5270,2025-09-25,Paid Social,True,False
5271,2025-01-19,Paid Search,True,False
5272,2025-04-30,Email,False,False
5273,2025-04-17,Organic Search,True,False
5274,2025-04-07,Direct,False,False
5275,2025-10-30,Direct,True,False
5276,2025-06-26,Paid Social,True,False
5277,2025-12-23,Organic Search,True,False
5278,2025-04-05,Paid Social,True,False
5279,2025-12-24,Direct,False,True
5280,2025-10-10,Paid Social,True,False
5281,2026-01-21,Organic Search,True,True
5282,2025-03-08,Organic Search,True,False
5283,2025-06-11,Direct,False,False
5284,2025-03-05,Organic Search,False,True
5285,2025-05-27,Direct,True,False
5286,2025-01-16,Direct,True,False
5287,2025-07-01,Direct,True,False
5288,2025-12-22,Organic Search,False,False
5289,2026-01-25,Paid Search,True,False
5290,2026-01-31,Paid Social,True,False
5291,2025-04-29,Direct,True,False
5292,2025-09-09,Email,True,False
5293,2025-05-20,Organic Search,True,False
5294,2025-03-28,Organic Search,True,True
5295,2026-01-06,Direct,True,True
5296,2025-01-04,Paid Search,True,False
5297,2025-11-28,Organic Search,True,False
5298,2025-01-26,Paid Search,True,False
5299,2025-08-08,Paid Search,True,True
5300,2025-11-06,Organic Search,True,False
5301,2025-04-13,Direct,False,False
5302,2025-12-31,Paid Social,True,False
5303,2025-03-19,Paid Search,False,False
5304,2025-09-01,Direct,True,False
5305,2025-10-11,Paid Social,False,False
5306,2025-02-13,Paid Search,True,False
5307,2025-02-01,Organic Search,True,False
5308,2025-01-21,Organic Search,True,False
5309,2026-01-09,Email,True,True
5310,2025-07-08,Paid Social,True,False
5311,2025-12-04,Organic Search,False,True
5312,2025-11-08,Paid Social,False,False
5313,2025-11-09,Paid Social,False,False
5314,2025-01-14,Paid Search,True,True
5315,2025-07-07,Organic Search,False,False
5316,2025-06-15,Direct,True,True
5317,2025-11-17,Organic Search,False,False
5318,2026-01-14,Direct,True,False
5319,2025-03-08,Paid Search,True,False
5320,2026-01-19,Direct,True,True
5321,2025-06-29,Direct,False,False
5322,2025-04-03,Paid Search,True,False
5323,2026-01-06,Direct,True,True
5324,2026-01-19,Direct,True,False
5325,2025-07-30,Organic Search,True,False
5326,2026-01-18,Direct,True,False
5327,2025-09-21,Organic Search,True,False
5328,2025-04-05,Email,False,False
5329,2025-01-03,Email,True,False
5330,2025-09-10,Direct,True,False
5331,2025-07-29,Email,False,False
5332,2025-06-18,Paid Search,True,False
5333,2025-08-13,Organic Search,False,False
5334,2025-12-13,Direct,True,False
5335,2025-11-04,Direct,True,False
5336,2025-06-25,Email,True,False
5337,2025-10-31,Email,True,False
5338,2025-07-03,Direct,False,False
5339,2025-11-16,Paid Search,False,False
5340,2025-12-31,Paid Social,False,False
5341,2025-01-22,Email,False,False
5342,2025-02-26,Email,True,False
5343,2025-05-22,Direct,False,False
5344,2025-08-05,Organic Search,True,True
5345,2025-06-27,Paid Search,True,False
5346,2025-03-24,Organic Search,False,True
5347,2025-03-24,Email,True,False
5348,2025-01-14,Paid Social,True,True
5349,2025-07-27,Paid Social,False,False
5350,2025-09-16,Direct,True,False
5351,2025-06-23,Organic Search,False,False
5352,2025-10-24,Direct,False,False
5353,2025-07-19,Paid Social,False,False
5354,2025-05-14,Direct,False,True
5355,2025-09-23,Email,False,False
5356,2025-06-14,Direct,True,True
5357,2025-10-17,Paid Search,False,False
5358,2025-05-11,Direct,False,False
5359,2026-01-31,Organic Search,True,True
5360,2025-12-24,Email,False,True
5361,2025-09-17,Paid Search,False,True
5362,2025-01-04,Paid Search,False,True
5363,2025-11-21,Email,True,True
5364,2025-06-28,Paid Search,False,True
5365,2025-05-11,Email,True,False
5366,2025-01-14,Organic Search,True,False
5367,2026-01-12,Organic Search,True,False
5368,2025-10-14,Email,True,False
5369,2025-09-02,Organic Search,False,False
5370,2025-02-21,Direct,False,False
5371,2025-07-12,Organic Search,False,False
5372,2025-09-16,Paid Social,False,False
5373,2025-02-06,Direct,True,False
5374,2025-03-23,Paid Social,True,False
5375,2025-08-05,Direct,False,True
5376,2025-04-21,Paid Social,True,False
5377,2025-02-07,Email,True,False
5378,2025-11-02,Email,True,False
5379,2025-02-03,Paid Social,True,False
5380,2025-10-16,Paid Search,True,False
5381,2025-11-29,Paid Social,True,False
5382,2025-03-25,Email,True,False
5383,2025-08-05,Email,True,True
5384,2026-01-16,Paid Search,True,False
5385,2025-12-09,Paid Social,True,False
5386,2025-07-31,Paid Social,True,False
5387,2025-08-28,Direct,False,False
5388,2026-01-23,Direct,True,False
5389,2025-07-17,Direct,True,False
5390,2025-02-12,Paid Search,True,False
5391,2025-09-11,Organic Search,False,False
5392,2026-02-04,Email,True,True
5393,2025-09-01,Paid Search,False,False
5394,2025-04-13,Organic Search,True,False
5395,2025-07-27,Organic Search,False,True
5396,2025-04-27,Organic Search,False,True
5397,2025-06-30,Paid Search,True,True
5398,2025-09-19,Paid Search,False,True
5399,2025-08-10,Email,False,False
5400,2025-03-12,Paid Social,False,False
5401,2025-01-15,Email,True,False
5402,2025-05-18,Direct,True,False
5403,2025-01-22,Paid Social,True,False
5404,2026-02-03,Email,False,False
5405,2025-02-21,Email,False,False
5406,2025-03-20,Email,True,False
5407,2025-11-29,Paid Search,True,False
5408,2025-01-11,Direct,True,True
5409,2025-10-19,Email,False,False
5410,2025-08-18,Direct,True,False
5411,2025-09-19,Email,True,False
5412,2025-05-27,Email,False,False
5413,2026-01-05,Direct,True,False
5414,2026-01-02,Direct,False,False
5415,2025-07-04,Direct,False,False
5416,2026-02-04,Email,True,False
5417,2025-01-14,Email,True,True
5418,2025-02-08,Organic Search,False,False
5419,2025-08-22,Paid Social,False,False
5420,2025-05-26,Paid Social,True,False
5421,2025-01-28,Paid Search,False,False
5422,2025-07-10,Organic Search,False,True
5423,2025-04-07,Email,False,False
5424,2025-04-16,Email,False,False
5425,2025-04-05,Paid Search,True,False
5426,2025-03-01,Paid Social,True,False
5427,2025-01-04,Email,False,False
5428,2025-09-20,Paid Social,False,True
5429,2025-09-01,Direct,True,False
5430,2025-06-11,Email,False,False
5431,2025-07-27,Organic Search,False,False
5432,2025-11-27,Organic Search,True,False
5433,2025-07-15,Direct,True,False
5434,2025-09-22,Paid Social,False,False
5435,2026-01-07,Organic Search,True,False
5436,2025-07-10,Paid Search,True,False
5437,2026-01-07,Direct,False,False
5438,2025-03-17,Paid Search,False,False
5439,2025-05-25,Organic Search,True,False
5440,2026-01-06,Paid Search,True,False
5441,2025-10-21,Paid Social,True,False
5442,2025-07-07,Organic Search,False,False
5443,2026-01-10,Direct,False,False
5444,2025-10-21,Paid Search,True,False
5445,2025-08-18,Paid Social,True,False
5446,2025-01-11,Organic Search,False,False
5447,2025-11-30,Direct,True,False
5448,2025-05-02,Paid Search,False,False
5449,2025-09-03,Direct,False,False
5450,2025-11-25,Organic Search,True,False
5451,2025-06-17,Organic Search,False,False
5452,2025-09-10,Paid Search,False,False
5453,2025-09-23,Direct,True,True
5454,2025-03-30,Email,True,False
5455,2025-06-17,Paid Social,False,False
5456,2025-11-20,Paid Social,False,False
5457,2025-06-04,Email,True,True
5458,2026-01-30,Direct,True,False
5459,2025-11-10,Direct,False,False
5460,2025-05-07,Paid Search,False,False
5461,2025-03-11,Email,False,False
5462,2025-06-16,Paid Search,True,True
5463,2025-06-25,Paid Social,False,False
5464,2025-07-17,Paid Social,False,True
5465,2026-01-16,Email,True,False
5466,2025-01-27,Direct,True,False
5467,2025-01-22,Organic Search,True,False
5468,2025-12-10,Paid Social,True,True
5469,2025-06-23,Paid Social,False,False
5470,2025-11-15,Paid Social,False,True
5471,2025-07-09,Email,False,True
5472,2025-06-08,Organic Search,False,False
5473,2026-01-21,Paid Search,True,False
5474,2025-04-25,Paid Search,True,True
5475,2025-07-26,Email,False,False
5476,2025-03-13,Direct,False,False
5477,2025-11-12,Direct,True,True
5478,2025-07-16,Email,False,False
5479,2025-02-15,Paid Social,True,True
5480,2025-10-12,Paid Search,True,False
5481,2025-09-15,Organic Search,True,False
5482,2025-09-14,Email,True,False
5483,2025-03-27,Paid Search,True,False
5484,2025-07-25,Direct,True,False
5485,2025-09-15,Direct,False,False
5486,2025-02-01,Email,False,False
5487,2025-10-10,Paid Social,True,False
5488,2025-02-18,Paid Social,False,True
5489,2025-08-31,Organic Search,True,True
5490,2025-08-19,Email,False,True
5491,2026-01-13,Email,False,False
5492,2025-02-28,Email,True,False
5493,2025-04-16,Paid Social,True,False
5494,2025-11-23,Direct,True,False
5495,2025-08-21,Email,True,False
5496,2025-02-25,Paid Search,True,False
5497,2026-01-12,Paid Social,False,False
5498,2025-09-13,Email,True,False
5499,2025-10-17,Direct,False,True
5500,2025-06-17,Paid Social,True,True
5501,2025-04-15,Paid Social,True,False
5502,2025-12-25,Paid Social,False,False
5503,2025-12-19,Organic Search,True,False
5504,2025-12-04,Paid Search,True,True
5505,2025-03-30,Paid Social,False,False
5506,2026-01-20,Email,True,False
5507,2025-04-29,Email,True,True
5508,2026-01-07,Paid Social,False,True
5509,2025-05-25,Organic Search,True,True
5510,2025-08-12,Organic Search,True,False
5511,2025-12-16,Direct,True,False
5512,2025-11-03,Paid Social,True,False
5513,2025-08-23,Direct,True,True
5514,2025-01-14,Organic Search,True,False
5515,2025-04-18,Direct,False,False
5516,2025-02-01,Paid Search,True,False
5517,2025-01-31,Paid Search,True,False
5518,2025-09-18,Email,False,False
5519,2025-09-11,Organic Search,True,False
5520,2025-03-01,Organic Search,True,False
5521,2025-12-07,Email,False,False
5522,2025-10-06,Email,False,False
5523,2025-07-14,Paid Search,True,False
5524,2025-04-28,Paid Social,True,False
5525,2025-11-21,Email,False,False
5526,2025-10-15,Direct,True,False
5527,2025-06-13,Email,True,False
5528,2025-04-29,Paid Social,True,False
5529,2025-04-11,Organic Search,True,False
5530,2025-12-27,Direct,True,False
5531,2025-05-27,Email,True,True
5532,2025-05-11,Paid Search,True,False
5533,2025-01-08,Paid Social,False,True
5534,2026-01-10,Email,True,False
5535,2025-03-16,Email,False,True
5536,2025-07-28,Direct,True,True
5537,2025-11-22,Paid Search,False,True
5538,2025-02-21,Paid Social,False,False
5539,2025-07-16,Organic Search,True,False
5540,2025-09-23,Organic Search,True,False
5541,2025-01-28,Email,False,True
5542,2025-09-29,Email,True,True
5543,2025-02-26,Organic Search,True,True
5544,2025-09-19,Email,True,True
5545,2025-08-15,Organic Search,True,True
5546,2025-04-14,Paid Search,True,False
5547,2026-01-20,Paid Search,False,False
5548,2025-11-10,Organic Search,True,True
5549,2025-09-21,Paid Search,True,False
5550,2025-02-11,Email,False,False
5551,2025-04-28,Organic Search,False,False
5552,2026-01-26,Email,True,False
5553,2025-04-06,Organic Search,True,False
5554,2025-08-27,Direct,True,False
5555,2025-07-20,Direct,True,False
5556,2025-11-13,Email,False,False
5557,2025-11-26,Email,False,False
5558,2025-07-20,Paid Search,True,True
5559,2025-12-05,Organic Search,True,False
5560,2025-08-24,Paid Social,True,False
5561,2025-03-21,Organic Search,False,False
5562,2025-03-23,Paid Social,True,False
5563,2025-02-21,Paid Social,True,True
5564,2025-09-11,Paid Search,False,False
5565,2025-02-26,Email,True,False
5566,2026-01-14,Direct,False,True
5567,2025-06-07,Paid Search,True,False
5568,2026-01-05,Paid Search,True,True
5569,2025-10-11,Direct,True,False
5570,2025-01-30,Paid Social,True,False
5571,2025-05-07,Email,True,False
5572,2025-04-24,Paid Social,True,False
5573,2025-08-01,Paid Social,True,True
5574,2025-08-16,Organic Search,True,False
5575,2025-01-27,Paid Search,True,False
5576,2025-09-25,Paid Social,False,False
5577,2025-09-04,Organic Search,True,True
5578,2025-01-10,Paid Search,False,False
5579,2025-02-08,Direct,False,True
5580,2025-10-31,Paid Search,True,False
5581,2025-04-02,Paid Social,False,False
5582,2025-06-09,Organic Search,True,False
5583,2025-12-20,Paid Social,True,True
5584,2025-07-21,Email,True,False
5585,2025-01-05,Direct,True,True
5586,2025-12-31,Email,False,False
5587,2025-06-22,Email,False,False
5588,2026-02-03,Paid Search,True,True
5589,2025-03-10,Paid Search,True,False
5590,2025-12-22,Paid Social,False,False
5591,2025-06-16,Organic Search,True,False
5592,2025-03-06,Direct,True,False
5593,2025-05-01,Email,False,False
5594,2025-03-18,Paid Search,True,True
5595,2025-03-26,Organic Search,True,True
5596,2026-01-31,Paid Search,True,False
5597,2025-04-11,Email,False,True
5598,2026-01-11,Paid Social,True,True
5599,2025-08-26,Paid Search,False,True
5600,2025-07-31,Paid Social,True,False
5601,2025-12-27,Email,False,True
5602,2025-03-28,Organic Search,False,False
5603,2025-09-30,Organic Search,True,False
5604,2025-07-12,Paid Social,False,False
5605,2025-03-18,Paid Social,False,True
5606,2025-09-02,Email,False,False
5607,2025-03-01,Paid Social,False,True
5608,2025-01-30,Direct,True,False
5609,2026-02-03,Paid Social,True,True
5610,2025-09-09,Organic Search,True,False
5611,2025-06-06,Paid Social,True,False
5612,2025-03-02,Direct,True,False
5613,2025-11-07,Paid Social,False,True
5614,2025-09-03,Email,False,False
5615,2025-07-03,Email,False,False
5616,2026-01-31,Organic Search,False,False
5617,2025-06-15,Direct,True,False
5618,2025-10-03,Email,True,False
5619,2025-04-06,Organic Search,True,False
5620,2025-04-12,Direct,True,False
5621,2026-02-03,Direct,True,False
5622,2025-01-10,Direct,True,False
5623,2025-05-10,Paid Search,True,True
5624,2025-07-11,Email,False,True
5625,2026-01-10,Paid Social,False,False
5626,2025-07-02,Organic Search,False,False
5627,2025-12-23,Email,True,False
5628,2025-09-23,Direct,True,True
5629,2025-09-09,Paid Search,False,False
5630,2025-12-24,Paid Search,False,False
5631,2025-09-03,Direct,True,False
5632,2025-11-18,Email,True,False
5633,2025-07-18,Direct,True,False
5634,2025-01-09,Organic Search,True,False
5635,2025-06-02,Organic Search,True,False
5636,2025-02-18,Paid Search,True,False
5637,2025-05-29,Email,True,False
5638,2026-01-06,Organic Search,True,False
5639,2025-03-14,Paid Social,True,True
5640,2026-01-26,Email,True,False
5641,2025-06-29,Direct,True,False
5642,2025-09-02,Paid Social,False,False
5643,2025-06-09,Paid Social,False,False
5644,2025-04-18,Direct,True,False
5645,2025-11-08,Email,False,False
5646,2025-06-08,Organic Search,False,True
5647,2025-09-15,Paid Social,True,True
5648,2025-07-19,Paid Search,True,False
5649,2025-12-12,Email,True,False
5650,2025-08-10,Paid Social,True,False
5651,2025-03-07,Paid Search,False,True
5652,2025-05-29,Direct,False,False
5653,2025-04-24,Email,False,False
5654,2025-08-13,Email,True,True
5655,2025-06-14,Organic Search,True,False
5656,2026-01-03,Paid Search,True,False
5657,2025-09-05,Paid Search,True,False
5658,2025-05-31,Direct,True,False
5659,2025-11-22,Organic Search,True,False
5660,2025-02-01,Paid Social,True,False
5661,2025-02-08,Direct,True,False
5662,2025-02-12,Paid Social,True,False
5663,2025-09-07,Email,True,True
5664,2025-02-07,Paid Search,True,False
5665,2025-03-10,Email,True,False
5666,2025-04-08,Paid Search,True,True
5667,2025-10-21,Email,True,False
5668,2025-12-17,Paid Social,False,False
5669,2025-02-06,Paid Search,False,False
5670,2026-01-18,Direct,True,False
5671,2025-11-20,Paid Search,False,False
5672,2026-01-28,Email,True,False
5673,2025-06-08,Paid Social,False,False
5674,2025-12-26,Email,True,False
5675,2025-06-22,Paid Search,False,True
5676,2026-01-14,Direct,True,False
5677,2025-08-08,Direct,True,False
5678,2026-01-15,Email,True,False
5679,2025-01-09,Direct,True,False
5680,2026-01-06,Email,False,False
5681,2025-04-24,Paid Search,False,False
5682,2025-04-06,Email,True,True
5683,2025-05-31,Direct,False,False
5684,2026-01-13,Email,True,True
5685,2025-10-31,Organic Search,True,False
5686,2025-03-10,Organic Search,True,False
5687,2025-07-12,Direct,True,True
5688,2025-09-27,Email,True,False
5689,2025-07-07,Paid Search,True,False
5690,2025-02-22,Email,False,False
5691,2025-10-25,Paid Search,True,True
5692,2025-12-10,Paid Search,True,False
5693,2025-11-12,Paid Social,False,False
5694,2025-07-05,Email,True,False
5695,2025-07-15,Paid Search,True,True
5696,2025-09-06,Paid Search,False,True
5697,2025-04-05,Direct,False,False
5698,2025-02-18,Paid Social,False,False
5699,2025-07-24,Paid Social,False,False
5700,2025-10-06,Organic Search,False,False
5701,2025-01-19,Paid Social,True,False
5702,2025-06-21,Direct,True,False
5703,2025-07-15,Paid Search,True,False
5704,2025-12-12,Paid Search,True,False
5705,2025-06-21,Paid Search,False,True
5706,2025-06-15,Paid Social,True,True
5707,2025-11-03,Direct,True,False
5708,2025-06-15,Paid Search,False,True
5709,2025-11-15,Paid Search,False,False
5710,2025-07-21,Paid Search,False,False
5711,2025-04-19,Email,True,False
5712,2025-12-12,Direct,False,True
5713,2025-07-23,Organic Search,False,False
5714,2025-10-19,Organic Search,False,False
5715,2026-01-16,Direct,True,False
5716,2026-01-01,Paid Social,True,False
5717,2025-05-17,Paid Search,True,False
5718,2025-03-22,Direct,False,False
5719,2025-01-22,Email,True,True
5720,2025-03-25,Organic Search,True,False
5721,2025-09-28,Paid Social,True,False
5722,2025-01-13,Paid Social,True,False
5723,2025-04-30,Paid Search,False,False
5724,2026-01-09,Organic Search,False,True
5725,2025-01-11,Email,True,False
5726,2025-09-05,Direct,False,False
5727,2025-06-24,Paid Search,False,False
5728,2025-10-27,Organic Search,True,True
5729,2025-04-30,Direct,True,False
5730,2025-02-21,Paid Search,True,False
5731,2025-06-04,Email,True,False
5732,2025-06-15,Paid Search,True,False
5733,2026-01-19,Direct,True,False
5734,2025-03-26,Direct,False,False
5735,2025-08-11,Email,True,False
5736,2025-04-18,Paid Search,True,False
5737,2025-07-05,Organic Search,True,False
5738,2025-06-20,Organic Search,True,True
5739,2025-07-13,Organic Search,False,False
5740,2025-09-30,Organic Search,True,False
5741,2025-07-02,Paid Social,True,False
5742,2025-10-19,Paid Social,True,False
5743,2025-03-27,Email,True,True
5744,2025-06-03,Direct,True,False
5745,2025-11-23,Paid Search,True,False
5746,2025-03-19,Organic Search,True,False
5747,2025-05-10,Paid Search,True,False
5748,2025-01-06,Organic Search,True,True
5749,2025-06-17,Paid Search,True,True
5750,2025-01-23,Organic Search,False,False
5751,2025-06-18,Paid Search,False,False
5752,2025-08-21,Paid Social,False,False
5753,2025-11-25,Paid Search,True,False
5754,2025-04-30,Paid Social,True,False
5755,2025-11-06,Direct,False,True
5756,2025-12-13,Organic Search,True,False
5757,2025-12-11,Email,True,False
5758,2025-12-07,Paid Social,True,False
5759,2026-01-31,Email,True,False
5760,2025-01-23,Paid Search,True,True
5761,2025-03-10,Paid Search,True,True
5762,2025-01-30,Email,True,False
5763,2025-11-25,Direct,False,False
5764,2025-09-16,Paid Search,False,False
5765,2025-06-11,Paid Search,True,False
5766,2025-12-04,Email,True,True
5767,2025-08-21,Organic Search,True,False
5768,2025-07-26,Email,True,True
5769,2025-01-18,Direct,True,False
5770,2025-03-28,Paid Search,True,False
5771,2025-06-01,Email,True,False
5772,2025-03-11,Email,False,False
5773,2025-05-11,Paid Social,False,False
5774,2025-10-31,Email,True,True
5775,2025-05-06,Email,True,False
5776,2025-12-24,Email,True,False
5777,2025-11-03,Paid Search,True,False
5778,2025-07-08,Paid Social,True,True
5779,2025-12-16,Direct,True,False
5780,2025-05-22,Direct,True,False
5781,2025-08-03,Paid Social,False,False
5782,2025-09-22,Email,True,False
5783,2025-10-16,Paid Search,False,False
5784,2025-06-22,Paid Search,True,False
5785,2025-07-08,Organic Search,True,False
5786,2025-09-22,Email,True,True
5787,2025-01-10,Organic Search,False,True
5788,2025-10-25,Email,True,False
5789,2025-02-09,Direct,True,False
5790,2025-06-27,Paid Search,False,False
5791,2025-07-29,Paid Social,False,False
5792,2025-09-28,Organic Search,True,False
5793,2025-12-11,Email,True,True
5794,2025-07-11,Organic Search,True,False
5795,2025-03-26,Email,False,True
5796,2025-03-29,Paid Social,False,False
5797,2025-07-28,Paid Social,True,True
5798,2025-10-05,Organic Search,True,False
5799,2025-01-05,Organic Search,False,False
5800,2025-11-19,Email,True,True
5801,2025-09-29,Paid Search,True,False
5802,2025-04-16,Email,True,False
5803,2025-11-26,Organic Search,True,True
5804,2025-09-03,Paid Search,True,False
5805,2025-06-02,Paid Search,True,True
5806,2025-06-17,Paid Social,True,False
5807,2025-11-27,Paid Social,False,True
5808,2025-06-02,Email,True,False
5809,2025-03-15,Direct,False,True
5810,2025-06-18,Direct,True,False
5811,2025-09-16,Email,False,False
5812,2025-10-16,Direct,True,False
5813,2025-12-04,Direct,True,False
5814,2025-10-06,Email,True,False
5815,2025-08-10,Direct,True,False
5816,2025-07-11,Paid Social,False,False
5817,2025-06-24,Organic Search,False,False
5818,2025-07-06,Paid Social,False,True
5819,2025-08-31,Direct,False,False
5820,2025-08-07,Paid Social,False,True
5821,2025-07-11,Paid Search,True,False
5822,2025-01-29,Direct,True,False
5823,2025-07-02,Paid Social,True,False
5824,2025-08-08,Paid Social,True,False
5825,2025-12-26,Organic Search,True,False
5826,2025-05-22,Direct,True,False
5827,2025-07-15,Email,False,False
5828,2025-12-27,Paid Social,False,False
5829,2025-11-03,Paid Search,True,False
5830,2025-01-25,Organic Search,False,False
5831,2025-11-12,Direct,False,False
5832,2025-12-25,Organic Search,True,False
5833,2025-05-18,Paid Search,True,False
5834,2025-07-20,Email,True,False
5835,2025-06-12,Organic Search,True,True
5836,2025-05-01,Paid Search,False,False
5837,2025-12-31,Organic Search,True,True
5838,2025-06-25,Paid Search,True,False
5839,2025-01-24,Paid Search,False,False
5840,2025-09-16,Email,True,True
5841,2025-03-19,Paid Social,True,False
5842,2025-10-30,Organic Search,True,True
5843,2025-05-11,Direct,False,True
5844,2025-12-27,Paid Search,True,True
5845,2025-08-13,Organic Search,True,False
5846,2025-07-27,Paid Social,True,False
5847,2025-04-24,Paid Search,True,False
5848,2025-03-29,Email,True,True
5849,2025-05-21,Paid Search,True,True
5850,2025-10-03,Email,True,False
5851,2025-06-14,Email,True,False
5852,2025-07-16,Organic Search,True,False
5853,2025-05-20,Paid Search,False,False
5854,2026-01-14,Paid Search,True,False
5855,2026-01-24,Direct,False,True
5856,2025-06-09,Organic Search,False,False
5857,2025-09-09,Paid Search,False,True
5858,2025-03-20,Email,True,False
5859,2025-07-10,Paid Social,True,False
5860,2025-07-02,Organic Search,False,False
5861,2025-10-18,Paid Search,True,False
5862,2025-03-01,Paid Social,True,True
5863,2026-01-21,Paid Social,False,False
5864,2025-12-25,Direct,False,True
5865,2025-07-28,Email,False,True
5866,2025-08-22,Organic Search,True,False
5867,2025-12-24,Paid Search,True,False
5868,2025-08-06,Organic Search,True,False
5869,2025-10-08,Paid Search,True,False
5870,2025-04-13,Paid Social,True,False
5871,2025-01-03,Email,True,False
5872,2025-07-08,Organic Search,False,False
5873,2025-08-07,Direct,True,False
5874,2025-07-19,Organic Search,False,False
5875,2025-02-15,Paid Search,False,False
5876,2025-11-21,Direct,True,False
5877,2025-09-06,Paid Search,False,False
5878,2025-10-31,Email,True,False
5879,2025-07-13,Direct,True,True
5880,2025-01-27,Email,True,False
5881,2025-06-16,Email,False,False
5882,2025-08-16,Organic Search,True,False
5883,2025-10-13,Paid Search,False,False
5884,2025-12-17,Paid Search,True,True
5885,2025-11-25,Email,False,False
5886,2025-07-03,Direct,True,False
5887,2025-08-11,Organic Search,True,True
5888,2025-04-23,Paid Social,True,False
5889,2025-03-25,Paid Social,True,False
5890,2025-03-02,Organic Search,True,False
5891,2025-06-14,Direct,True,False
5892,2025-10-21,Email,False,False
5893,2025-05-02,Paid Search,True,False
5894,2025-03-21,Email,False,False
5895,2025-07-02,Direct,True,True
5896,2025-12-18,Organic Search,True,False
5897,2026-01-16,Paid Social,False,True
5898,2025-10-23,Direct,False,False
5899,2025-08-13,Organic Search,True,True
5900,2025-06-06,Direct,False,False
5901,2025-08-28,Direct,False,False
5902,2025-01-07,Paid Social,False,True
5903,2025-01-17,Direct,True,False
5904,2026-01-23,Email,True,False
5905,2025-06-16,Paid Social,False,False
5906,2025-02-28,Direct,True,False
5907,2025-07-28,Organic Search,True,True
5908,2025-04-08,Paid Social,True,True
5909,2025-10-26,Paid Social,False,True
5910,2025-02-18,Paid Search,False,False
5911,2025-07-30,Email,False,False
5912,2025-07-06,Paid Search,False,False
5913,2025-07-30,Email,False,False
5914,2025-09-24,Paid Social,False,False
5915,2025-11-02,Organic Search,True,False
5916,2025-12-30,Paid Search,False,False
5917,2025-09-24,Paid Search,False,True
5918,2026-01-25,Email,True,False
5919,2025-07-09,Direct,True,True
5920,2025-03-09,Paid Search,False,False
5921,2025-09-29,Organic Search,True,True
5922,2025-07-16,Email,True,True
5923,2025-06-16,Direct,True,False
5924,2025-10-07,Organic Search,False,True
5925,2025-02-25,Direct,True,False
5926,2025-05-15,Paid Social,True,False
5927,2026-01-28,Organic Search,False,False
5928,2026-01-28,Direct,True,False
5929,2025-11-26,Email,True,False
5930,2025-03-01,Paid Search,False,True
5931,2025-07-03,Paid Social,False,False
5932,2025-06-13,Email,True,False
5933,2025-10-07,Email,False,True
5934,2025-07-23,Paid Social,True,True
5935,2025-03-20,Paid Social,True,False
5936,2026-01-05,Email,True,False
5937,2025-04-20,Paid Search,False,False
5938,2025-11-17,Organic Search,False,False
5939,2025-12-09,Organic Search,True,False
5940,2025-07-26,Organic Search,False,False
5941,2025-04-30,Paid Social,False,True
5942,2025-02-14,Direct,True,False
5943,2025-07-22,Paid Search,False,False
5944,2025-06-28,Paid Search,True,False
5945,2026-02-02,Paid Social,True,False
5946,2025-04-03,Organic Search,True,True
5947,2026-01-19,Paid Search,False,True
5948,2025-06-27,Paid Social,False,False
5949,2025-06-04,Paid Search,True,False
5950,2025-02-01,Direct,False,True
5951,2025-12-14,Organic Search,True,False
5952,2025-12-19,Paid Social,True,False
5953,2025-03-22,Direct,False,False
5954,2025-06-15,Email,False,True
5955,2025-05-16,Paid Search,True,True
5956,2026-02-05,Paid Social,True,False
5957,2025-07-08,Paid Search,True,False
5958,2025-03-21,Email,False,False
5959,2025-05-26,Organic Search,True,False
5960,2025-07-07,Paid Search,True,False
5961,2025-02-18,Direct,True,False
5962,2025-11-08,Direct,False,True
5963,2026-01-14,Organic Search,False,False
5964,2026-01-06,Paid Social,False,True
5965,2025-01-05,Email,False,False
5966,2025-10-06,Organic Search,True,False
5967,2025-03-25,Organic Search,True,False
5968,2025-02-03,Paid Social,True,True
5969,2025-11-02,Paid Social,False,False
5970,2025-01-07,Email,True,False
5971,2025-07-30,Paid Social,False,False
5972,2025-03-18,Email,False,False
5973,2026-01-31,Email,True,False
5974,2026-01-20,Paid Social,True,False
5975,2025-01-05,Paid Search,True,False
5976,2025-01-23,Organic Search,True,False
5977,2025-06-28,Paid Search,True,False
5978,2025-10-15,Direct,True,False
5979,2025-01-21,Paid Social,True,True
5980,2025-08-30,Direct,True,False
5981,2025-08-27,Paid Social,True,False
5982,2025-10-22,Paid Search,True,False
5983,2025-10-22,Paid Social,True,False
5984,2025-08-29,Organic Search,False,False
5985,2026-01-27,Organic Search,True,True
5986,2025-11-10,Email,True,False
5987,2025-05-25,Paid Search,False,False
5988,2025-09-16,Paid Search,True,True
5989,2025-12-27,Organic Search,False,False
5990,2025-03-19,Direct,True,True
5991,2025-12-29,Paid Social,False,False
5992,2025-04-26,Organic Search,True,False
5993,2025-02-20,Paid Social,False,True
5994,2025-06-05,Organic Search,True,True
5995,2026-01-02,Paid Social,True,False
5996,2025-05-04,Paid Social,True,False
5997,2026-01-04,Email,True,False
5998,2026-02-02,Email,True,False
5999,2025-01-26,Email,False,False
6000,2025-09-16,Paid Search,True,True
6001,2025-02-16,Paid Social,True,True
6002,2025-11-07,Email,False,False
6003,2025-05-10,Email,True,False
6004,2025-06-25,Direct,True,False
6005,2026-01-01,Organic Search,False,True
6006,2025-06-09,Organic Search,True,True
6007,2025-10-14,Email,True,True
6008,2025-08-13,Paid Social,False,False
6009,2026-01-01,Email,False,True
6010,2026-01-31,Paid Search,True,True
6011,2025-02-09,Paid Social,False,False
6012,2025-05-07,Organic Search,True,False
6013,2025-12-31,Organic Search,False,False
6014,2025-03-30,Email,False,True
6015,2025-03-01,Paid Social,False,False
6016,2026-02-04,Paid Search,True,False
6017,2025-09-12,Paid Search,False,False
6018,2025-05-13,Paid Social,True,False
6019,2025-11-10,Paid Social,False,False
6020,2025-07-24,Organic Search,True,False
6021,2025-12-03,Organic Search,True,False
6022,2025-01-05,Direct,True,True
6023,2025-12-13,Email,True,False
6024,2025-11-22,Email,True,False
6025,2025-09-07,Direct,False,False
6026,2025-05-22,Paid Search,True,False
6027,2025-03-22,Paid Social,False,False
6028,2025-10-25,Direct,True,False
6029,2025-02-06,Email,True,False
6030,2026-01-06,Organic Search,False,False
6031,2025-04-15,Paid Search,True,False
6032,2025-10-30,Paid Search,True,True
6033,2025-09-04,Paid Social,True,False
6034,2025-11-20,Organic Search,True,False
6035,2025-04-23,Paid Search,True,True
6036,2025-06-26,Email,False,True
6037,2025-11-26,Paid Social,False,False
6038,2025-12-21,Paid Search,True,True
6039,2025-02-16,Direct,True,False
6040,2026-01-10,Email,False,False
6041,2025-04-22,Organic Search,False,True
6042,2025-08-23,Direct,True,True
6043,2026-01-13,Direct,True,False
6044,2025-02-15,Organic Search,True,False
6045,2025-05-23,Organic Search,True,False
6046,2026-02-04,Direct,True,False
6047,2026-01-17,Organic Search,True,False
6048,2025-03-09,Organic Search,True,False
6049,2025-08-27,Paid Social,True,False
6050,2026-02-04,Direct,False,True
6051,2025-08-04,Paid Social,True,False
6052,2025-06-24,Paid Social,True,False
6053,2025-04-17,Paid Social,True,True
6054,2025-08-12,Paid Social,False,False
6055,2026-01-14,Email,False,False
6056,2025-01-03,Paid Social,False,False
6057,2025-03-16,Paid Search,True,True
6058,2025-08-21,Organic Search,False,False
6059,2025-10-14,Paid Social,True,False
6060,2025-10-10,Organic Search,False,True
6061,2025-05-01,Paid Social,True,False
6062,2025-10-09,Organic Search,False,False
6063,2025-12-18,Direct,False,False
6064,2025-06-21,Paid Social,True,False
6065,2025-05-17,Paid Social,True,False
6066,2025-08-05,Organic Search,False,False
6067,2025-09-11,Organic Search,True,True
6068,2025-09-30,Direct,True,False
6069,2025-10-04,Email,True,True
6070,2025-12-08,Email,True,False
6071,2025-07-25,Email,True,False
6072,2025-09-01,Paid Social,False,True
6073,2025-07-18,Direct,True,False
6074,2025-05-28,Organic Search,True,True
6075,2025-03-01,Organic Search,True,False
6076,2025-04-15,Paid Social,True,False
6077,2025-03-10,Direct,True,False
6078,2025-01-16,Direct,False,False
6079,2025-04-24,Organic Search,False,False
6080,2025-04-24,Paid Search,False,False
6081,2025-02-24,Organic Search,True,False
6082,2025-10-01,Organic Search,True,False
6083,2025-09-17,Paid Search,True,False
6084,2025-09-13,Organic Search,True,True
6085,2025-04-23,Organic Search,True,False
6086,2025-04-13,Organic Search,False,False
6087,2025-08-12,Paid Search,True,False
6088,2025-12-02,Email,True,True
6089,2025-01-30,Organic Search,False,False
6090,2025-09-13,Paid Search,True,False
6091,2025-03-30,Direct,False,False
6092,2026-01-23,Email,True,True
6093,2025-09-04,Direct,False,False
6094,2025-06-17,Paid Search,True,False
6095,2025-07-27,Organic Search,False,False
6096,2026-01-08,Organic Search,True,False
6097,2025-05-16,Paid Social,False,False
6098,2025-11-30,Email,False,False
6099,2026-01-29,Email,True,False
6100,2025-02-09,Email,True,False
6101,2025-10-19,Paid Social,True,True
6102,2025-07-21,Paid Search,False,True
6103,2025-05-03,Organic Search,True,True
6104,2025-09-02,Email,False,False
6105,2025-10-21,Email,False,False
6106,2025-04-07,Paid Social,False,False
6107,2025-08-10,Organic Search,True,True
6108,2025-07-09,Paid Social,False,False
6109,2025-09-23,Paid Social,True,True
6110,2025-11-06,Email,True,False
6111,2025-03-01,Paid Social,False,False
6112,2025-05-08,Paid Social,True,True
6113,2025-08-11,Direct,True,True
6114,2025-03-11,Paid Social,True,False
6115,2026-01-03,Paid Search,True,True
6116,2025-10-10,Paid Social,False,False
6117,2025-08-26,Email,False,True
6118,2025-01-02,Email,True,True
6119,2025-11-25,Paid Search,False,False
6120,2025-06-16,Paid Search,True,False
6121,2025-01-17,Paid Social,True,False
6122,2025-11-09,Organic Search,True,False
6123,2025-11-14,Organic Search,True,False
6124,2025-12-05,Organic Search,True,True
6125,2025-03-23,Organic Search,True,False
6126,2025-08-23,Organic Search,True,False
6127,2025-06-12,Organic Search,False,False
6128,2025-06-09,Direct,True,False
6129,2025-05-06,Direct,False,False
6130,2025-01-19,Email,False,False
6131,2025-07-30,Paid Social,True,True
6132,2025-03-12,Direct,True,False
6133,2025-11-12,Email,False,True
6134,2025-05-22,Paid Search,True,False
6135,2025-10-26,Paid Social,False,False
6136,2025-03-19,Paid Social,True,False
6137,2025-04-12,Paid Social,True,False
6138,2026-01-31,Email,False,False
6139,2025-01-25,Direct,True,False
6140,2025-03-07,Direct,False,True
6141,2025-12-06,Email,True,False
6142,2025-08-22,Paid Search,True,True
6143,2025-03-07,Organic Search,False,True
6144,2026-01-27,Organic Search,True,True
6145,2025-11-09,Direct,True,False
6146,2026-01-27,Direct,False,False
6147,2025-04-06,Direct,False,True
6148,2025-08-29,Direct,True,False
6149,2025-10-11,Email,True,False
6150,2025-03-30,Paid Social,True,False
6151,2026-01-29,Organic Search,True,False
6152,2025-01-16,Paid Search,True,True
6153,2025-06-18,Direct,True,False
6154,2026-01-13,Paid Search,True,False
6155,2025-11-03,Email,False,False
6156,2025-10-14,Paid Social,True,False
6157,2025-06-02,Paid Search,False,False
6158,2025-11-17,Paid Search,True,False
6159,2025-11-06,Organic Search,True,False
6160,2025-03-13,Direct,False,True
6161,2025-04-30,Paid Search,True,False
6162,2025-01-15,Email,True,True
6163,2025-04-14,Paid Search,True,False
6164,2025-03-31,Direct,True,False
6165,2025-08-08,Email,True,False
6166,2025-09-22,Paid Social,True,False
6167,2025-11-02,Email,True,False
6168,2025-12-15,Email,True,True
6169,2025-06-04,Organic Search,True,True
6170,2025-06-05,Organic Search,True,False
6171,2025-12-06,Email,True,False
6172,2025-06-23,Email,False,False
6173,2025-06-18,Paid Social,True,False
6174,2025-06-26,Direct,True,False
6175,2025-12-16,Email,False,False
6176,2025-03-27,Email,False,True
6177,2025-05-01,Organic Search,False,False
6178,2025-03-08,Paid Search,True,False
6179,2025-10-15,Direct,False,False
6180,2025-12-15,Paid Search,False,True
6181,2025-10-27,Email,False,False
6182,2025-12-12,Direct,False,False
6183,2025-11-03,Paid Search,False,True
6184,2025-08-19,Direct,True,True
6185,2025-10-18,Paid Social,True,False
6186,2025-02-28,Direct,True,False
6187,2025-07-29,Direct,True,True
6188,2025-02-11,Paid Search,True,False
6189,2025-10-26,Paid Social,True,False
6190,2025-07-31,Paid Social,True,True
6191,2025-08-23,Email,True,True
6192,2025-10-08,Paid Social,False,True
6193,2025-06-11,Direct,True,False
6194,2026-01-29,Email,True,False
6195,2025-07-16,Paid Search,False,False
6196,2025-07-20,Direct,False,False
6197,2025-01-18,Organic Search,True,True
6198,2025-11-23,Direct,True,True
6199,2025-04-12,Direct,False,False
6200,2025-12-26,Paid Search,True,False
6201,2025-08-21,Paid Social,False,False
6202,2025-12-11,Direct,True,False
6203,2026-01-21,Paid Social,True,False
6204,2025-12-16,Paid Search,True,False
6205,2025-02-09,Paid Social,False,False
6206,2025-08-16,Email,True,False
6207,2025-12-06,Paid Search,True,False
6208,2025-09-10,Paid Social,False,True
6209,2025-10-29,Email,True,False
6210,2025-08-10,Paid Social,False,True
6211,2025-02-16,Paid Social,True,False
6212,2025-01-01,Paid Search,True,False
6213,2025-09-08,Direct,True,False
6214,2025-12-31,Email,True,False
6215,2025-01-08,Paid Social,False,True
6216,2025-08-06,Paid Social,True,False
6217,2025-02-10,Direct,False,False
6218,2025-08-24,Direct,True,False
6219,2025-04-17,Paid Social,False,False
6220,2025-06-20,Organic Search,False,True
6221,2025-08-25,Organic Search,True,False
6222,2025-11-19,Email,True,False
6223,2025-05-05,Email,True,True
6224,2025-05-12,Paid Social,True,False
6225,2025-12-25,Paid Search,True,False
6226,2025-02-03,Direct,False,False
6227,2025-08-15,Paid Search,False,False
6228,2025-04-25,Email,True,False
6229,2025-10-12,Paid Search,False,True
6230,2025-06-26,Paid Social,True,False
6231,2025-11-02,Organic Search,False,True
6232,2025-05-03,Paid Social,False,True
6233,2025-01-29,Email,True,False
6234,2025-09-10,Organic Search,True,True
6235,2025-08-13,Direct,False,False
6236,2025-03-20,Direct,True,False
6237,2025-09-16,Paid Search,False,True
6238,2025-02-18,Organic Search,True,False
6239,2025-09-09,Paid Search,True,True
6240,2025-04-20,Organic Search,True,False
6241,2025-03-19,Direct,False,True
6242,2025-02-01,Paid Search,False,False
6243,2025-05-11,Paid Search,True,False
6244,2025-12-22,Email,True,False
6245,2025-05-19,Paid Social,True,False
6246,2025-05-16,Email,False,True
6247,2025-08-26,Paid Search,True,True
6248,2025-05-14,Organic Search,True,False
6249,2025-08-23,Direct,False,False
6250,2025-12-05,Email,False,False
6251,2025-12-27,Organic Search,True,False
6252,2026-01-23,Direct,True,False
6253,2025-11-04,Email,False,True
6254,2025-02-08,Paid Search,True,False
6255,2025-12-08,Paid Social,True,False
6256,2026-01-21,Paid Search,True,True
6257,2026-01-19,Paid Social,True,True
6258,2025-08-11,Email,True,False
6259,2025-01-22,Paid Search,False,True
6260,2025-11-12,Direct,False,False
6261,2025-12-17,Paid Social,True,True
6262,2025-05-18,Paid Social,False,False
6263,2025-05-05,Paid Social,True,True
6264,2025-01-01,Paid Social,False,True
6265,2025-01-25,Paid Social,False,False
6266,2025-03-07,Email,True,False
6267,2025-09-14,Paid Social,False,False
6268,2025-11-01,Paid Search,False,False
6269,2025-01-23,Email,True,False
6270,2025-08-07,Paid Social,False,True
6271,2025-05-31,Organic Search,True,False
6272,2026-02-05,Organic Search,True,True
6273,2025-12-29,Email,True,False
6274,2025-03-20,Paid Social,False,False
6275,2025-05-16,Email,True,False
6276,2026-01-24,Paid Social,False,False
6277,2025-04-29,Direct,False,True
6278,2025-01-27,Direct,True,False
6279,2025-08-29,Paid Search,False,False
6280,2025-01-26,Direct,False,False
6281,2025-04-14,Email,True,False
6282,2025-09-09,Email,True,True
6283,2025-07-12,Email,False,True
6284,2025-12-05,Email,True,True
6285,2025-12-22,Organic Search,True,False
6286,2025-11-30,Direct,False,False
6287,2025-01-16,Organic Search,True,False
6288,2025-03-10,Paid Social,True,True
6289,2025-10-18,Email,False,True
6290,2025-06-27,Direct,True,False
6291,2025-10-16,Paid Social,False,False
6292,2025-01-11,Paid Social,True,False
6293,2025-01-13,Paid Search,False,False
6294,2025-02-09,Paid Search,False,True
6295,2025-09-12,Direct,True,False
6296,2025-02-06,Email,True,False
6297,2025-06-23,Email,True,True
6298,2025-10-02,Organic Search,False,False
6299,2025-01-14,Paid Search,False,False
6300,2025-09-22,Email,True,False
6301,2025-07-03,Email,False,True
6302,2025-09-11,Email,True,False
6303,2025-12-26,Paid Search,False,False
6304,2025-12-21,Organic Search,True,False
6305,2025-09-12,Organic Search,False,False
6306,2025-11-05,Direct,False,False
6307,2025-04-12,Direct,True,False
6308,2025-07-22,Organic Search,True,True
6309,2025-03-05,Organic Search,True,False
6310,2025-02-13,Organic Search,True,False
6311,2025-04-26,Paid Search,False,False
6312,2025-01-09,Email,True,True
6313,2025-01-22,Paid Search,True,False
6314,2025-02-10,Organic Search,False,False
6315,2025-02-10,Direct,False,False
6316,2025-07-18,Organic Search,True,False
6317,2025-07-24,Organic Search,True,True
6318,2025-03-29,Email,True,True
6319,2025-08-17,Direct,False,False
6320,2025-01-21,Organic Search,False,True
6321,2025-02-16,Direct,False,False
6322,2025-04-14,Paid Social,True,False
6323,2025-05-27,Paid Social,False,False
6324,2025-03-04,Paid Social,False,False
6325,2025-07-04,Paid Social,False,False
6326,2025-01-08,Paid Search,False,False
6327,2025-08-18,Organic Search,True,False
6328,2025-07-24,Paid Social,True,False
6329,2025-08-11,Direct,True,True
6330,2026-01-09,Organic Search,False,False
6331,2026-01-03,Paid Search,True,True
6332,2025-01-31,Email,False,False
6333,2025-11-26,Direct,True,False
6334,2025-07-16,Paid Social,False,True
6335,2025-03-27,Paid Search,True,False
6336,2025-04-18,Paid Search,False,False
6337,2025-03-28,Organic Search,False,False
6338,2025-07-17,Paid Social,True,True
6339,2025-10-10,Organic Search,True,False
6340,2025-03-13,Direct,False,False
6341,2025-01-20,Organic Search,False,False
6342,2025-03-28,Organic Search,True,False
6343,2025-07-14,Email,True,True
6344,2025-02-12,Paid Search,False,True
6345,2025-05-31,Paid Search,True,False
6346,2025-05-02,Organic Search,False,False
6347,2025-08-24,Organic Search,False,False
6348,2025-06-23,Email,False,False
6349,2025-02-23,Direct,False,True
6350,2025-10-01,Paid Search,True,False
6351,2026-01-07,Paid Social,False,False
6352,2025-05-01,Email,True,False
6353,2025-10-16,Paid Social,False,False
6354,2025-11-23,Paid Social,False,True
6355,2025-11-01,Email,True,False
6356,2025-03-24,Paid Search,True,True
6357,2025-01-19,Organic Search,False,False
6358,2025-08-11,Paid Search,True,False
6359,2025-03-27,Direct,True,True
6360,2025-06-30,Organic Search,True,False
6361,2025-11-23,Paid Search,False,False
6362,2025-04-20,Paid Search,True,False
6363,2025-01-06,Email,False,False
6364,2025-07-18,Organic Search,False,False
6365,2025-09-26,Organic Search,False,False
6366,2025-06-28,Email,True,False
6367,2025-02-27,Organic Search,True,False
6368,2025-02-10,Email,True,False
6369,2025-12-13,Paid Social,True,False
6370,2025-10-17,Organic Search,True,False
6371,2025-03-15,Email,True,True
6372,2025-05-13,Paid Search,True,False
6373,2025-01-22,Organic Search,True,False
6374,2025-08-19,Organic Search,True,False
6375,2025-01-17,Paid Social,True,False
6376,2025-09-20,Organic Search,True,False
6377,2025-08-30,Organic Search,True,False
6378,2026-01-15,Direct,True,True
6379,2025-07-21,Direct,False,False
6380,2025-02-16,Email,True,False
6381,2025-11-22,Email,True,False
6382,2025-03-24,Paid Social,True,False
6383,2025-08-16,Email,False,True
6384,2025-03-04,Paid Search,True,False
6385,2025-03-17,Email,False,True
6386,2025-08-28,Organic Search,True,False
6387,2025-09-12,Paid Social,False,False
6388,2025-02-01,Organic Search,False,False
6389,2025-04-30,Paid Social,True,False
6390,2025-03-15,Paid Search,True,False
6391,2025-12-29,Direct,True,False
6392,2025-09-06,Email,True,False
6393,2025-08-30,Email,False,True
6394,2026-02-01,Email,False,False
6395,2025-07-21,Paid Social,False,False
6396,2025-07-13,Paid Social,False,False
6397,2025-12-26,Email,False,True
6398,2025-02-13,Email,True,False
6399,2025-06-07,Email,True,False
6400,2025-08-20,Direct,False,False
6401,2025-09-25,Paid Search,False,False
6402,2025-11-13,Organic Search,False,True
6403,2025-06-26,Organic Search,True,False
6404,2026-01-29,Paid Search,True,True
6405,2025-11-29,Direct,True,False
6406,2025-03-01,Organic Search,False,False
6407,2025-01-26,Direct,True,False
6408,2025-04-23,Email,True,False
6409,2025-12-24,Paid Search,True,False
6410,2025-12-19,Paid Social,True,False
6411,2025-10-25,Paid Social,False,True
6412,2025-03-10,Paid Search,True,False
6413,2025-11-02,Direct,False,False
6414,2025-08-07,Paid Search,True,False
6415,2025-11-29,Paid Search,True,True
6416,2025-11-11,Email,False,True
6417,2025-11-01,Email,False,False
6418,2025-07-11,Direct,True,True
6419,2025-04-04,Email,True,False
6420,2025-07-29,Direct,True,False
6421,2025-05-22,Direct,False,False
6422,2025-12-21,Email,True,False
6423,2025-03-11,Email,True,False
6424,2026-01-03,Organic Search,True,False
6425,2025-02-07,Direct,True,False
6426,2025-03-08,Email,True,False
6427,2025-10-01,Direct,True,True
6428,2025-05-26,Email,True,False
6429,2025-05-14,Direct,False,True
6430,2025-10-02,Direct,True,True
6431,2025-10-24,Paid Social,False,False
6432,2025-04-04,Organic Search,False,False
6433,2025-08-12,Paid Social,True,False
6434,2025-08-25,Paid Social,True,True
6435,2026-02-01,Paid Social,False,True
6436,2025-05-07,Organic Search,True,False
6437,2025-10-20,Direct,True,True
6438,2026-01-07,Paid Search,True,False
6439,2025-06-21,Paid Search,True,False
6440,2025-06-27,Organic Search,True,False
6441,2025-05-09,Direct,False,False
6442,2025-10-23,Email,False,False
6443,2025-05-23,Paid Search,False,False
6444,2025-04-20,Organic Search,True,True
6445,2025-05-25,Paid Search,True,True
6446,2025-05-21,Paid Search,False,False
6447,2025-07-30,Organic Search,True,True
6448,2025-01-21,Paid Search,True,True
6449,2025-08-23,Organic Search,True,False
6450,2025-01-31,Paid Search,False,False
6451,2025-07-24,Organic Search,True,False
6452,2026-01-06,Paid Social,True,False
6453,2025-09-10,Paid Social,True,False
6454,2025-04-30,Organic Search,True,False
6455,2025-05-16,Direct,True,False
6456,2025-12-13,Direct,True,False
6457,2025-02-22,Organic Search,False,False
6458,2025-02-04,Email,False,False
6459,2025-11-05,Paid Social,False,False
6460,2025-06-22,Paid Search,True,True
6461,2025-07-31,Paid Search,True,False
6462,2025-07-10,Paid Search,True,False
6463,2025-03-18,Paid Search,False,False
6464,2025-06-21,Email,True,True
6465,2025-08-19,Organic Search,True,False
6466,2025-12-06,Paid Search,True,True
6467,2025-10-04,Direct,False,False
6468,2025-06-16,Organic Search,True,True
6469,2025-07-07,Email,True,True
6470,2025-12-24,Paid Search,True,True
6471,2025-08-27,Paid Search,True,False
6472,2025-02-01,Email,True,False
6473,2026-01-13,Email,True,True
6474,2025-10-26,Direct,True,False
6475,2025-11-24,Paid Search,False,True
6476,2025-01-04,Paid Search,True,False
6477,2025-05-13,Organic Search,False,False
6478,2025-10-24,Email,True,False
6479,2025-10-11,Email,True,False
6480,2025-06-18,Organic Search,False,True
6481,2026-02-01,Email,True,False
6482,2025-02-18,Email,True,True
6483,2025-06-11,Organic Search,True,False
6484,2025-02-25,Direct,True,True
6485,2025-08-02,Paid Search,True,False
6486,2026-01-26,Email,False,False
6487,2025-07-19,Paid Social,False,True
6488,2026-01-11,Organic Search,False,True
6489,2025-09-20,Email,False,False
6490,2025-06-25,Direct,False,True
6491,2025-10-13,Paid Search,True,True
6492,2025-06-13,Paid Social,True,False
6493,2025-04-19,Email,False,False
6494,2025-02-09,Paid Search,True,False
6495,2025-03-15,Paid Search,False,False
6496,2025-11-03,Paid Search,True,False
6497,2025-07-05,Paid Search,True,False
6498,2025-06-08,Paid Social,False,True
6499,2025-11-21,Email,True,True
6500,2025-01-22,Organic Search,True,False
6501,2025-04-09,Paid Search,False,True
6502,2026-01-03,Direct,True,False
6503,2025-12-09,Email,False,True
6504,2025-03-23,Organic Search,True,False
6505,2025-09-06,Email,True,False
6506,2025-03-18,Paid Social,True,True
6507,2025-08-14,Paid Social,True,True
6508,2026-01-08,Email,False,False
6509,2025-12-28,Organic Search,True,True
6510,2025-12-18,Paid Social,True,True
6511,2025-07-12,Email,False,False
6512,2025-03-24,Organic Search,True,True
6513,2025-09-15,Organic Search,True,False
6514,2025-09-15,Paid Search,True,False
6515,2025-10-07,Paid Search,True,True
6516,2026-02-03,Direct,True,False
6517,2025-07-27,Paid Search,False,False
6518,2025-03-08,Email,True,False
6519,2025-04-18,Paid Social,False,False
6520,2025-03-14,Organic Search,True,False
6521,2025-11-07,Direct,False,False
6522,2025-11-15,Organic Search,True,True
6523,2025-11-28,Direct,True,True
6524,2025-05-22,Paid Social,False,False
6525,2025-05-03,Paid Search,False,True
6526,2025-04-06,Organic Search,False,False
6527,2025-11-24,Email,False,False
6528,2025-01-05,Direct,True,False
6529,2025-04-21,Paid Social,False,False
6530,2025-11-10,Organic Search,True,False
6531,2025-03-05,Organic Search,True,True
6532,2025-10-13,Paid Search,False,False
6533,2025-10-06,Direct,False,False
6534,2025-05-26,Direct,True,True
6535,2025-11-27,Paid Search,True,False
6536,2025-07-31,Paid Search,True,False
6537,2025-07-01,Email,False,False
6538,2025-04-01,Paid Social,False,False
6539,2025-12-03,Paid Search,False,True
6540,2025-01-30,Organic Search,True,False
6541,2025-09-21,Paid Search,True,False
6542,2025-12-14,Email,True,False
6543,2025-09-02,Paid Search,True,False
6544,2025-02-17,Email,True,True
6545,2025-04-12,Direct,False,True
6546,2025-05-21,Organic Search,True,True
6547,2025-02-24,Organic Search,False,False
6548,2025-06-06,Organic Search,True,False
6549,2025-06-01,Paid Search,True,False
6550,2025-08-06,Organic Search,False,True
6551,2026-01-17,Paid Social,False,True
6552,2026-02-04,Organic Search,True,False
6553,2025-10-10,Direct,True,False
6554,2025-02-09,Email,True,False
6555,2025-11-11,Organic Search,True,True
6556,2025-01-18,Paid Search,True,False
6557,2025-11-15,Email,True,False
6558,2025-04-01,Direct,True,False
6559,2025-11-03,Paid Search,True,True
6560,2025-02-21,Paid Search,False,False
6561,2025-04-02,Direct,True,False
6562,2025-02-01,Organic Search,False,True
6563,2025-03-01,Email,True,True
6564,2026-01-19,Organic Search,True,False
6565,2025-07-16,Paid Search,True,True
6566,2025-11-18,Email,False,False
6567,2025-06-07,Paid Social,True,False
6568,2026-01-24,Paid Social,True,True
6569,2025-08-07,Paid Social,True,False
6570,2025-04-23,Paid Search,True,False
6571,2025-01-09,Email,True,True
6572,2025-04-25,Paid Social,True,False
6573,2025-03-04,Paid Social,False,False
6574,2026-01-22,Paid Social,True,False
6575,2025-09-14,Paid Social,False,False
6576,2025-01-11,Direct,True,True
6577,2025-08-31,Direct,True,False
6578,2025-01-08,Paid Search,False,False
6579,2026-01-20,Organic Search,True,True
6580,2025-06-04,Paid Social,True,False
6581,2025-03-30,Email,True,False
6582,2025-04-24,Direct,False,False
6583,2025-05-28,Paid Search,True,True
6584,2025-04-18,Paid Search,True,False
6585,2025-02-02,Email,True,False
6586,2025-07-12,Paid Search,False,False
6587,2025-03-19,Paid Search,True,False
6588,2025-10-30,Direct,True,False
6589,2025-05-12,Email,True,False
6590,2025-06-22,Email,True,True
6591,2026-01-26,Email,True,False
6592,2025-06-19,Email,True,False
6593,2025-06-27,Direct,True,False
6594,2025-01-16,Direct,True,False
6595,2025-01-21,Organic Search,False,False
6596,2025-09-04,Organic Search,True,False
6597,2025-10-07,Organic Search,True,False
6598,2025-07-02,Email,False,False
6599,2025-09-23,Direct,False,True
6600,2025-04-26,Organic Search,True,False
6601,2025-05-28,Direct,False,False
6602,2025-08-26,Paid Search,True,True
6603,2025-07-08,Organic Search,False,False
6604,2025-03-01,Direct,True,True
6605,2025-11-30,Paid Search,True,True
6606,2025-06-05,Paid Search,True,False
6607,2025-11-12,Direct,False,False
6608,2025-12-26,Paid Social,True,True
6609,2025-12-16,Paid Social,False,True
6610,2025-06-02,Organic Search,True,True
6611,2025-03-26,Direct,True,False
6612,2025-07-31,Paid Search,True,True
6613,2025-07-26,Paid Social,True,True
6614,2025-03-28,Organic Search,True,True
6615,2025-01-07,Email,True,True
6616,2025-07-20,Paid Search,False,False
6617,2025-09-03,Organic Search,False,False
6618,2025-07-31,Direct,True,False
6619,2026-02-01,Paid Search,True,False
6620,2025-02-13,Direct,True,False
6621,2025-02-12,Paid Social,False,False
6622,2025-02-27,Paid Social,True,False
6623,2026-01-21,Direct,True,False
6624,2025-04-25,Direct,False,False
6625,2025-06-04,Organic Search,True,False
6626,2025-12-20,Direct,False,True
6627,2026-01-21,Organic Search,True,False
6628,2025-01-04,Organic Search,True,False
6629,2025-12-25,Organic Search,False,False
6630,2025-02-12,Paid Search,True,False
6631,2025-08-21,Paid Search,False,False
6632,2025-11-16,Organic Search,True,True
6633,2025-05-18,Direct,False,False
6634,2025-01-03,Paid Search,True,False
6635,2025-11-05,Paid Search,False,True
6636,2025-09-11,Direct,True,False
6637,2025-04-16,Paid Search,True,True
6638,2025-10-08,Email,True,False
6639,2025-02-14,Email,True,False
6640,2025-12-25,Direct,True,False
6641,2025-09-30,Paid Social,True,True
6642,2025-11-06,Direct,True,False
6643,2025-11-10,Organic Search,True,False
6644,2025-09-14,Email,True,True
6645,2026-01-05,Paid Search,True,False
6646,2025-03-04,Direct,True,False
6647,2025-01-24,Direct,False,False
6648,2025-04-20,Paid Social,True,False
6649,2025-03-06,Paid Social,True,False
6650,2025-02-19,Email,False,False
6651,2025-03-05,Paid Social,True,False
6652,2025-06-10,Organic Search,True,False
6653,2025-07-19,Email,False,False
6654,2025-01-02,Paid Search,False,False
6655,2025-01-10,Organic Search,True,True
6656,2025-06-05,Email,True,True
6657,2025-11-16,Paid Search,True,False
6658,2026-01-23,Direct,False,False
6659,2025-06-01,Direct,False,False
6660,2025-08-01,Email,False,True
6661,2026-01-21,Email,True,False
6662,2025-11-21,Email,True,False
6663,2025-01-16,Paid Search,True,True
6664,2025-07-22,Direct,False,False
6665,2025-08-10,Email,False,False
6666,2025-09-18,Direct,True,False
6667,2025-04-28,Organic Search,False,False
6668,2025-12-15,Paid Social,False,False
6669,2026-01-20,Organic Search,False,False
6670,2026-01-24,Organic Search,True,False
6671,2025-06-29,Paid Search,True,False
6672,2025-08-24,Paid Search,True,False
6673,2026-01-13,Organic Search,False,False
6674,2025-11-04,Paid Social,True,False
6675,2025-05-19,Direct,False,False
6676,2025-05-11,Paid Social,True,False
6677,2025-08-13,Email,True,False
6678,2025-12-08,Direct,False,True
6679,2026-01-15,Paid Search,True,False
6680,2025-07-13,Direct,True,False
6681,2025-10-14,Paid Social,True,False
6682,2025-12-19,Direct,False,True
6683,2025-08-27,Direct,False,False
6684,2025-10-15,Organic Search,True,True
6685,2025-08-21,Direct,True,False
6686,2025-02-26,Direct,True,False
6687,2025-11-04,Organic Search,True,True
6688,2025-10-04,Email,True,False
6689,2025-11-30,Direct,True,False
6690,2025-03-14,Organic Search,False,False
6691,2025-05-11,Email,True,False
6692,2026-02-05,Paid Search,True,False
6693,2025-02-08,Paid Social,False,True
6694,2025-12-12,Email,True,True
6695,2025-02-28,Paid Social,False,False
6696,2025-08-22,Organic Search,False,False
6697,2025-10-25,Paid Search,False,True
6698,2025-10-12,Paid Social,False,False
6699,2025-02-17,Organic Search,False,True
6700,2025-06-27,Paid Social,True,False
6701,2026-01-26,Direct,False,True
6702,2025-11-10,Organic Search,False,False
6703,2025-05-22,Paid Social,False,False
6704,2025-04-25,Paid Social,True,False
6705,2025-08-05,Paid Search,True,False
6706,2025-12-28,Direct,False,True
6707,2025-05-30,Direct,True,False
6708,2026-01-19,Organic Search,True,True
6709,2025-10-18,Organic Search,True,False
6710,2025-06-21,Organic Search,True,False
6711,2025-05-12,Paid Search,False,False
6712,2025-10-27,Paid Search,True,True
6713,2025-11-26,Organic Search,True,False
6714,2025-05-08,Direct,True,False
6715,2025-12-01,Email,True,False
6716,2025-02-05,Organic Search,True,True
6717,2025-01-14,Email,False,False
6718,2026-01-27,Email,False,False
6719,2026-01-10,Email,False,False
6720,2025-09-21,Paid Social,True,False
6721,2025-12-27,Paid Search,False,True
6722,2025-10-15,Direct,False,False
6723,2025-09-21,Paid Search,True,False
6724,2025-10-27,Organic Search,False,False
6725,2025-09-09,Paid Social,True,False
6726,2025-06-28,Organic Search,False,False
6727,2025-12-01,Paid Social,False,False
6728,2025-07-17,Email,True,True
6729,2025-07-13,Direct,False,False
6730,2025-02-03,Paid Social,False,True
6731,2025-11-09,Paid Social,True,False
6732,2025-03-29,Paid Search,True,False
6733,2025-05-31,Organic Search,True,False
6734,2025-05-12,Organic Search,False,False
6735,2026-01-10,Direct,True,False
6736,2025-05-16,Paid Search,True,False
6737,2025-07-19,Email,False,False
6738,2025-01-08,Organic Search,True,True
6739,2025-12-31,Direct,False,False
6740,2025-02-27,Organic Search,False,True
6741,2025-07-28,Paid Search,True,False
6742,2025-02-17,Direct,False,True
6743,2025-09-08,Organic Search,True,True
6744,2025-04-30,Email,False,False
6745,2025-07-14,Organic Search,True,False
6746,2025-10-12,Direct,True,False
6747,2025-03-22,Organic Search,False,False
6748,2025-12-05,Direct,False,False
6749,2025-11-30,Paid Search,False,False
6750,2025-10-03,Email,False,False
6751,2025-11-27,Email,True,False
6752,2025-10-15,Paid Social,True,False
6753,2025-06-01,Direct,True,False
6754,2025-02-16,Paid Search,True,False
6755,2025-10-22,Organic Search,True,False
6756,2025-02-05,Paid Social,False,False
6757,2025-08-03,Paid Social,True,False
6758,2025-08-11,Paid Social,True,True
6759,2025-11-20,Organic Search,True,False
6760,2025-01-29,Email,True,True
6761,2025-09-25,Direct,False,True
6762,2026-01-08,Organic Search,True,True
6763,2025-12-29,Paid Social,True,True
6764,2025-07-15,Paid Search,False,False
6765,2025-11-15,Paid Social,False,False
6766,2025-02-18,Paid Social,True,True
6767,2025-03-02,Direct,False,False
6768,2025-02-03,Email,True,True
6769,2026-01-29,Paid Search,True,False
6770,2025-04-04,Paid Social,True,False
6771,2025-02-26,Organic Search,True,False
6772,2025-11-15,Direct,True,True
6773,2025-01-11,Direct,True,True
6774,2025-07-18,Email,False,False
6775,2025-08-05,Email,True,False
6776,2025-02-10,Organic Search,True,False
6777,2025-03-25,Organic Search,False,True
6778,2025-10-02,Email,True,True
6779,2025-04-07,Paid Search,True,True
6780,2025-05-03,Direct,True,True
6781,2025-12-27,Direct,True,True
6782,2025-02-18,Email,False,False
6783,2025-08-22,Direct,True,True
6784,2025-02-22,Organic Search,False,False
6785,2025-04-07,Paid Search,False,False
6786,2025-09-03,Paid Search,False,True
6787,2025-11-27,Paid Social,True,False
6788,2025-03-17,Organic Search,False,False
6789,2025-08-23,Organic Search,True,False
6790,2025-01-19,Paid Search,False,True
6791,2025-09-22,Direct,True,True
6792,2025-05-22,Organic Search,False,False
6793,2025-02-18,Paid Search,True,True
6794,2026-01-09,Direct,False,True
6795,2026-02-01,Paid Social,True,False
6796,2025-09-27,Paid Search,True,True
6797,2025-12-05,Paid Social,True,True
6798,2025-02-17,Organic Search,True,False
6799,2026-01-23,Paid Search,False,True
6800,2025-09-12,Paid Search,True,False
6801,2025-05-05,Email,False,False
6802,2026-01-19,Direct,False,False
6803,2025-04-29,Direct,False,False
6804,2025-01-26,Paid Social,True,False
6805,2025-08-18,Email,False,False
6806,2025-07-10,Paid Search,True,True
6807,2025-06-02,Paid Social,True,True
6808,2026-02-05,Direct,False,True
6809,2025-06-17,Paid Social,False,False
6810,2025-04-12,Organic Search,False,False
6811,2025-02-02,Paid Social,False,False
6812,2025-09-14,Paid Social,True,False
6813,2025-11-05,Organic Search,True,False
6814,2025-04-26,Organic Search,True,False
6815,2025-05-10,Paid Search,True,False
6816,2025-12-13,Paid Search,True,False
6817,2025-12-28,Paid Social,True,False
6818,2025-10-14,Organic Search,False,False
6819,2025-02-09,Paid Social,False,False
6820,2026-01-31,Email,True,False
6821,2025-12-24,Paid Search,True,True
6822,2025-04-19,Paid Social,True,False
6823,2025-11-29,Organic Search,True,False
6824,2025-04-28,Paid Social,True,True
6825,2025-06-30,Paid Social,True,True
6826,2025-01-13,Paid Social,False,False
6827,2025-08-21,Paid Social,True,True
6828,2025-11-29,Paid Social,True,False
6829,2025-11-29,Direct,True,False
6830,2025-08-10,Paid Search,True,True
6831,2026-01-15,Paid Social,True,True
6832,2025-08-21,Email,True,True
6833,2025-06-23,Direct,False,False
6834,2025-10-06,Direct,True,False
6835,2025-08-13,Organic Search,True,True
6836,2025-10-08,Email,True,False
6837,2025-11-16,Organic Search,True,False
6838,2025-11-25,Organic Search,True,False
6839,2025-03-14,Direct,True,False
6840,2025-01-03,Direct,False,True
6841,2026-01-27,Organic Search,False,False
6842,2026-01-08,Organic Search,False,True
6843,2025-08-09,Paid Search,False,True
6844,2026-02-04,Organic Search,False,False
6845,2025-07-01,Paid Search,True,False
6846,2025-03-04,Paid Social,True,True
6847,2025-04-11,Email,True,False
6848,2025-05-12,Paid Search,False,True
6849,2025-03-31,Organic Search,True,False
6850,2025-05-05,Organic Search,True,False
6851,2025-01-17,Organic Search,False,True
6852,2025-06-14,Paid Search,True,False
6853,2025-01-27,Paid Search,True,True
6854,2025-12-09,Paid Search,True,False
6855,2025-03-14,Direct,True,False
6856,2025-06-30,Organic Search,True,False
6857,2025-02-25,Paid Social,False,True
6858,2026-01-03,Email,True,True
6859,2025-08-08,Paid Social,True,False
6860,2025-06-25,Organic Search,False,False
6861,2025-07-16,Email,True,True
6862,2025-08-29,Direct,False,False
6863,2025-11-02,Direct,True,False
6864,2025-12-04,Direct,False,True
6865,2025-06-29,Paid Search,False,True
6866,2025-11-09,Paid Social,True,False
6867,2025-06-16,Paid Social,True,False
6868,2025-06-18,Email,True,False
6869,2025-01-04,Paid Search,True,False
6870,2025-10-03,Paid Search,False,False
6871,2025-01-27,Direct,False,False
6872,2025-01-13,Paid Social,True,False
6873,2025-01-08,Direct,True,False
6874,2025-07-15,Paid Search,False,False
6875,2025-01-17,Email,True,False
6876,2025-02-13,Email,True,True
6877,2025-05-31,Email,True,True
6878,2025-02-27,Paid Social,True,False
6879,2025-05-28,Organic Search,True,False
6880,2025-07-29,Organic Search,True,False
6881,2025-01-16,Organic Search,True,False
6882,2025-06-09,Direct,True,False
6883,2025-08-12,Email,False,False
6884,2025-11-14,Paid Social,True,True
6885,2025-07-14,Paid Social,True,False
6886,2025-11-10,Organic Search,False,False
6887,2025-01-23,Paid Search,True,False
6888,2025-12-29,Email,True,False
6889,2025-06-29,Direct,True,False
6890,2026-01-07,Organic Search,True,False
6891,2025-08-15,Direct,True,True
6892,2025-01-06,Organic Search,True,True
6893,2025-05-30,Paid Social,True,True
6894,2025-12-31,Paid Social,True,False
6895,2025-07-03,Paid Search,False,False
6896,2025-08-31,Direct,False,True
6897,2025-03-22,Organic Search,False,False
6898,2025-09-03,Email,False,False
6899,2025-11-21,Paid Search,True,True
6900,2026-02-01,Email,False,True
6901,2025-09-01,Organic Search,True,True
6902,2025-11-12,Direct,True,True
6903,2025-04-09,Paid Search,True,False
6904,2025-07-07,Direct,True,False
6905,2025-11-26,Organic Search,False,True
6906,2025-05-17,Paid Search,True,False
6907,2025-03-25,Paid Search,False,False
6908,2025-02-07,Paid Search,False,True
6909,2025-11-18,Organic Search,True,False
6910,2026-01-12,Paid Search,False,False
6911,2025-11-23,Paid Social,True,False
6912,2025-06-03,Paid Social,True,False
6913,2025-05-20,Paid Social,True,True
6914,2026-01-05,Organic Search,True,False
6915,2025-05-21,Email,True,False
6916,2025-02-08,Direct,True,False
6917,2025-03-25,Email,True,False
6918,2025-05-07,Direct,True,False
6919,2025-12-25,Email,True,True
6920,2025-09-28,Paid Search,True,True
6921,2025-03-01,Direct,False,False
6922,2025-03-11,Paid Social,True,False
6923,2025-09-29,Paid Social,False,True
6924,2025-05-18,Email,False,False
6925,2025-05-13,Email,True,True
6926,2025-01-11,Organic Search,True,False
6927,2025-03-14,Paid Social,False,False
6928,2025-11-22,Email,False,False
6929,2025-07-16,Paid Search,True,True
6930,2025-02-14,Organic Search,True,False
6931,2026-01-30,Organic Search,True,False
6932,2025-01-23,Email,True,False
6933,2025-09-14,Direct,True,False
6934,2026-01-30,Organic Search,True,True
6935,2025-11-07,Direct,True,False
6936,2025-11-22,Paid Social,False,True
6937,2026-01-06,Paid Social,False,False
6938,2025-05-24,Paid Search,True,True
6939,2025-01-05,Email,True,False
6940,2025-03-02,Organic Search,True,True
6941,2025-09-27,Direct,True,False
6942,2025-04-22,Paid Social,False,False
6943,2025-04-01,Organic Search,False,False
6944,2025-11-08,Direct,True,False
6945,2025-02-09,Paid Search,False,False
6946,2025-09-03,Organic Search,True,False
6947,2025-10-12,Paid Search,False,False
6948,2025-05-08,Direct,False,False
6949,2025-09-07,Email,True,False
6950,2025-06-05,Email,False,False
6951,2025-10-28,Paid Social,True,False
6952,2025-12-17,Email,True,False
6953,2025-01-02,Paid Search,False,False
6954,2025-12-31,Email,True,False
6955,2025-03-03,Organic Search,True,False
6956,2025-04-25,Paid Search,False,True
6957,2025-06-03,Email,True,False
6958,2025-07-11,Email,False,False
6959,2025-10-06,Paid Search,True,True
6960,2025-11-08,Direct,True,False
6961,2026-01-28,Direct,True,False
6962,2025-12-25,Direct,False,False
6963,2025-06-09,Paid Search,True,False
6964,2025-02-28,Email,True,False
6965,2025-07-07,Direct,True,True
6966,2025-12-08,Direct,False,False
6967,2025-01-27,Email,True,False
6968,2025-05-18,Organic Search,True,False
6969,2025-06-05,Direct,True,True
6970,2025-03-30,Email,True,True
6971,2025-05-27,Paid Search,True,False
6972,2025-12-09,Direct,True,True
6973,2025-12-29,Paid Social,False,False
6974,2025-12-07,Email,False,False
6975,2025-03-23,Paid Search,True,False
6976,2025-02-23,Paid Social,True,False
6977,2025-10-17,Email,True,True
6978,2025-03-27,Paid Search,True,False
6979,2026-01-29,Organic Search,True,False
6980,2025-07-09,Direct,False,False
6981,2025-09-22,Paid Search,True,False
6982,2025-07-31,Paid Search,True,False
6983,2025-04-09,Direct,False,True
6984,2025-06-28,Paid Search,False,False
6985,2025-12-11,Paid Search,True,True
6986,2025-10-08,Organic Search,False,False
6987,2025-02-07,Direct,True,False
6988,2025-06-19,Organic Search,True,True
6989,2025-05-25,Direct,True,False
6990,2025-09-27,Email,True,False
6991,2025-09-20,Organic Search,True,False
6992,2025-06-25,Organic Search,True,True
6993,2025-09-24,Email,False,True
6994,2025-06-12,Organic Search,True,False
6995,2025-05-24,Organic Search,False,False
6996,2025-12-23,Email,False,False
6997,2025-07-23,Direct,True,False
6998,2025-03-05,Email,False,False
6999,2025-04-22,Email,True,False
7000,2025-02-18,Email,False,True
7001,2025-01-30,Organic Search,True,False
7002,2025-05-21,Organic Search,True,False
7003,2025-02-04,Organic Search,False,False
7004,2025-05-30,Direct,False,True
7005,2025-04-25,Organic Search,True,False
7006,2026-01-09,Paid Search,True,False
7007,2025-02-14,Organic Search,False,True
7008,2025-04-24,Direct,False,False
7009,2025-05-29,Organic Search,True,False
7010,2025-06-02,Paid Social,False,True
7011,2025-05-24,Direct,True,False
7012,2026-02-05,Email,False,True
7013,2025-12-09,Direct,False,False
7014,2025-03-05,Organic Search,True,True
7015,2025-08-11,Direct,False,False
7016,2025-08-08,Paid Search,False,False
7017,2025-08-02,Organic Search,True,False
7018,2025-11-07,Email,False,False
7019,2026-01-18,Email,True,True
7020,2025-05-17,Paid Search,False,False
7021,2025-03-05,Email,True,True
7022,2025-04-01,Direct,True,True
7023,2025-09-30,Email,True,False
7024,2025-09-15,Organic Search,False,True
7025,2026-01-04,Direct,True,False
7026,2025-11-05,Paid Search,False,True
7027,2025-11-11,Email,True,False
7028,2025-08-06,Paid Social,False,False
7029,2026-01-07,Organic Search,False,False
7030,2025-06-01,Direct,False,False
7031,2026-01-22,Paid Search,True,False
7032,2025-07-09,Email,False,True
7033,2025-10-22,Email,False,False
7034,2025-03-19,Direct,False,False
7035,2025-11-30,Direct,True,False
7036,2025-10-14,Paid Search,True,False
7037,2025-03-06,Paid Social,True,False
7038,2025-09-18,Paid Search,True,False
7039,2025-02-18,Direct,False,False
7040,2025-09-15,Organic Search,True,False
7041,2025-04-18,Paid Search,True,False
7042,2025-11-13,Paid Social,True,False
7043,2025-12-02,Paid Search,True,True
7044,2025-07-09,Paid Social,False,False
7045,2025-05-27,Direct,True,False
7046,2025-09-07,Organic Search,True,False
7047,2025-04-27,Direct,True,False
7048,2025-03-02,Direct,False,False
7049,2025-03-05,Email,True,False
7050,2025-06-20,Paid Search,True,False
7051,2025-08-17,Direct,False,False
7052,2025-06-01,Organic Search,True,False
7053,2025-07-11,Paid Social,True,False
7054,2025-10-01,Direct,True,True
7055,2025-06-08,Direct,False,False
7056,2025-11-08,Organic Search,True,False
7057,2025-04-08,Paid Search,False,False
7058,2025-10-23,Paid Social,False,True
7059,2025-05-05,Organic Search,True,True
7060,2025-12-12,Direct,True,False
7061,2025-12-02,Paid Social,False,False
7062,2025-03-11,Organic Search,False,False
7063,2025-07-22,Paid Search,True,False
7064,2025-10-13,Direct,False,True
7065,2026-01-31,Paid Search,True,True
7066,2025-11-12,Paid Search,False,True
7067,2025-01-22,Organic Search,True,False
7068,2025-05-17,Paid Search,False,True
7069,2025-12-01,Paid Search,True,True
7070,2025-04-22,Paid Social,False,False
7071,2025-07-24,Email,True,False
7072,2025-12-10,Organic Search,False,False
7073,2026-01-26,Paid Search,False,True
7074,2025-02-10,Paid Search,False,False
7075,2025-07-05,Organic Search,True,False
7076,2025-11-25,Direct,True,False
7077,2025-07-11,Organic Search,True,True
7078,2026-01-19,Paid Social,True,False
7079,2025-04-09,Paid Social,False,False
7080,2025-08-02,Direct,False,False
7081,2025-12-02,Email,True,True
7082,2026-01-04,Organic Search,True,False
7083,2025-12-12,Organic Search,False,True
7084,2025-01-20,Organic Search,False,True
7085,2025-02-17,Paid Social,True,False
7086,2025-06-30,Paid Search,True,False
7087,2025-06-24,Direct,True,True
7088,2025-10-22,Paid Social,False,False
7089,2025-10-24,Paid Search,False,True
7090,2025-11-06,Paid Search,True,False
7091,2025-01-01,Paid Social,False,True
7092,2025-06-17,Email,True,True
7093,2025-06-04,Paid Social,True,False
7094,2025-06-21,Organic Search,True,False
7095,2025-02-01,Paid Social,False,True
7096,2025-11-10,Paid Search,True,False
7097,2025-11-21,Email,True,False
7098,2025-09-05,Paid Social,False,True
7099,2025-05-27,Email,True,False
7100,2025-10-23,Paid Search,True,False
7101,2025-10-14,Direct,True,False
7102,2025-10-09,Direct,False,False
7103,2025-12-18,Paid Social,True,True
7104,2025-04-10,Organic Search,True,False
7105,2025-01-02,Email,False,False
7106,2025-02-10,Organic Search,False,False
7107,2025-04-05,Direct,True,False
7108,2025-05-15,Paid Search,True,False
7109,2025-03-01,Direct,True,False
7110,2025-06-13,Email,False,False
7111,2025-02-18,Organic Search,True,False
7112,2025-05-07,Direct,True,True
7113,2025-01-24,Paid Social,True,False
7114,2025-01-28,Organic Search,True,False
7115,2025-02-11,Organic Search,False,False
7116,2025-08-29,Email,False,False
7117,2026-01-20,Organic Search,False,True
7118,2025-03-13,Email,True,False
7119,2025-07-19,Paid Search,True,False
7120,2025-05-04,Email,True,False
7121,2025-09-09,Direct,False,True
7122,2025-03-24,Organic Search,True,False
7123,2025-04-30,Paid Search,False,True
7124,2025-08-02,Paid Search,True,False
7125,2025-12-29,Paid Social,True,True
7126,2025-06-19,Paid Social,True,False
7127,2025-09-05,Email,True,True
7128,2025-03-26,Email,True,False
7129,2025-11-25,Organic Search,True,True
7130,2026-01-30,Paid Search,False,False
7131,2025-06-03,Paid Social,True,False
7132,2025-04-21,Organic Search,True,True
7133,2025-04-08,Paid Social,False,False
7134,2025-10-12,Paid Social,True,False
7135,2025-07-02,Email,True,False
7136,2025-07-26,Email,True,False
7137,2025-01-04,Organic Search,False,True
7138,2025-05-04,Email,True,False
7139,2025-04-18,Direct,True,False
7140,2025-04-13,Organic Search,True,False
7141,2025-02-19,Email,False,False
7142,2025-06-30,Direct,False,False
7143,2025-06-23,Email,True,True
7144,2025-05-13,Organic Search,False,False
7145,2026-01-15,Organic Search,True,True
7146,2025-10-31,Organic Search,True,False
7147,2026-01-13,Paid Search,True,True
7148,2025-12-04,Paid Social,True,True
7149,2025-12-17,Direct,True,False
7150,2025-09-20,Paid Social,True,False
7151,2025-05-23,Paid Social,False,False
7152,2025-03-05,Paid Social,True,False
7153,2025-12-09,Email,True,True
7154,2025-02-18,Email,False,True
7155,2025-03-16,Direct,False,False
7156,2025-04-20,Organic Search,True,False
7157,2025-04-24,Organic Search,True,False
7158,2025-03-14,Paid Search,True,False
7159,2025-09-05,Paid Social,False,False
7160,2025-05-16,Email,True,False
7161,2025-12-22,Direct,False,True
7162,2025-11-17,Email,False,False
7163,2025-01-15,Email,False,False
7164,2026-01-26,Direct,True,False
7165,2025-01-07,Paid Search,True,True
7166,2025-05-22,Paid Search,True,False
7167,2025-01-31,Direct,True,False
7168,2026-01-09,Paid Search,True,False
7169,2026-01-08,Direct,True,True
7170,2026-01-13,Paid Social,True,True
7171,2026-01-15,Direct,True,False
7172,2025-07-03,Email,True,False
7173,2025-07-31,Paid Social,True,False
7174,2025-10-23,Organic Search,True,False
7175,2025-05-24,Direct,True,True
7176,2025-03-10,Paid Social,True,True
7177,2025-11-16,Email,False,True
7178,2025-09-01,Paid Search,True,False
7179,2025-02-23,Email,True,False
7180,2025-03-31,Paid Social,False,False
7181,2025-07-03,Paid Social,True,True
7182,2025-10-11,Paid Search,True,False
7183,2025-12-09,Organic Search,False,True
7184,2025-02-13,Organic Search,True,False
7185,2025-03-12,Direct,True,False
7186,2025-09-07,Paid Search,True,True
7187,2025-06-09,Email,False,False
7188,2026-01-29,Direct,True,True
7189,2025-05-06,Paid Social,True,True
7190,2025-04-02,Direct,False,True
7191,2025-01-23,Email,True,False
7192,2025-07-13,Paid Social,False,False
7193,2025-04-13,Paid Social,True,False
7194,2025-01-16,Direct,True,True
7195,2025-06-13,Paid Social,True,False
7196,2025-08-26,Direct,True,True
7197,2025-03-26,Organic Search,True,True
7198,2025-10-02,Email,False,True
7199,2025-04-12,Paid Search,False,False
7200,2025-03-27,Direct,True,False
7201,2025-01-27,Organic Search,True,False
7202,2026-01-25,Email,False,False
7203,2025-11-09,Paid Social,True,False
7204,2025-08-18,Paid Social,False,False
7205,2025-11-14,Paid Social,True,True
7206,2025-11-01,Email,True,False
7207,2025-07-27,Paid Social,True,False
7208,2025-12-16,Direct,True,False
7209,2025-09-22,Paid Search,False,False
7210,2025-01-13,Direct,True,False
7211,2025-06-27,Organic Search,True,True
7212,2025-12-23,Direct,True,False
7213,2026-01-11,Paid Search,True,False
7214,2025-09-06,Email,True,False
7215,2025-12-10,Paid Search,True,False
7216,2025-01-13,Organic Search,True,False
7217,2025-03-19,Paid Search,True,True
7218,2025-07-11,Paid Search,True,True
7219,2025-06-22,Direct,True,True
7220,2026-02-04,Organic Search,False,False
7221,2025-12-22,Paid Social,False,False
7222,2025-01-28,Paid Search,True,False
7223,2025-10-01,Organic Search,True,False
7224,2025-06-13,Paid Social,False,True
7225,2025-09-11,Direct,True,False
7226,2025-09-24,Direct,True,False
7227,2025-08-07,Paid Social,True,False
7228,2025-07-29,Paid Social,False,False
7229,2025-12-05,Paid Search,True,False
7230,2025-09-18,Organic Search,False,False
7231,2025-09-18,Organic Search,True,False
7232,2025-08-31,Direct,False,True
7233,2025-06-25,Organic Search,False,False
7234,2025-10-09,Direct,False,False
7235,2025-09-06,Direct,True,False
7236,2025-02-15,Organic Search,True,True
7237,2025-08-18,Paid Search,True,True
7238,2025-07-09,Paid Search,False,False
7239,2025-05-28,Organic Search,True,False
7240,2025-05-04,Organic Search,False,False
7241,2025-08-13,Paid Search,False,True
7242,2025-11-14,Paid Social,True,False
7243,2025-02-25,Organic Search,True,False
7244,2025-05-20,Organic Search,True,False
7245,2025-03-03,Paid Search,False,False
7246,2025-10-02,Email,True,True
7247,2025-10-23,Paid Social,False,False
7248,2025-11-08,Organic Search,False,False
7249,2025-06-10,Direct,True,False
7250,2026-01-04,Organic Search,False,False
7251,2025-04-05,Direct,True,True
7252,2025-03-08,Email,True,True
7253,2025-11-10,Organic Search,True,False
7254,2025-06-18,Email,True,False
7255,2025-08-07,Paid Search,True,True
7256,2025-08-24,Direct,True,True
7257,2025-08-11,Paid Social,False,False
7258,2025-03-04,Paid Social,False,False
7259,2025-04-28,Direct,True,False
7260,2025-08-30,Paid Search,True,False
7261,2025-12-24,Organic Search,False,True
7262,2026-01-07,Paid Search,True,False
7263,2025-04-03,Organic Search,True,False
7264,2026-01-30,Email,True,False
7265,2025-10-20,Paid Search,True,False
7266,2025-07-05,Organic Search,False,True
7267,2025-05-30,Paid Social,True,True
7268,2025-06-03,Paid Social,False,False
7269,2025-02-07,Direct,True,False
7270,2025-03-19,Paid Search,True,False
7271,2025-09-13,Organic Search,False,False
7272,2025-04-09,Paid Social,False,True
7273,2025-07-29,Organic Search,True,False
7274,2025-12-20,Direct,False,True
7275,2025-08-02,Email,False,False
7276,2025-12-11,Organic Search,False,False
7277,2025-01-11,Direct,False,False
7278,2025-10-24,Email,False,False
7279,2025-04-05,Organic Search,True,True
7280,2025-06-02,Paid Search,True,True
7281,2025-04-13,Paid Social,False,False
7282,2025-07-16,Direct,True,False
7283,2025-10-12,Organic Search,True,False
7284,2025-03-15,Paid Social,True,False
7285,2025-02-16,Email,True,True
7286,2025-08-31,Direct,False,False
7287,2025-01-02,Email,False,True
7288,2025-09-16,Email,False,False
7289,2025-01-25,Email,True,False
7290,2025-09-19,Paid Social,True,False
7291,2025-02-25,Email,True,False
7292,2025-03-11,Direct,False,False
7293,2025-04-25,Paid Social,True,False
7294,2025-11-01,Email,False,True
7295,2025-04-14,Paid Search,True,False
7296,2025-09-09,Paid Search,True,False
7297,2025-10-25,Paid Social,False,False
7298,2025-06-02,Email,False,False
7299,2025-08-10,Paid Social,True,True
7300,2025-09-21,Email,True,False
7301,2025-07-07,Organic Search,False,False
7302,2025-01-13,Direct,True,False
7303,2025-10-27,Paid Social,False,True
7304,2025-11-01,Paid Search,True,False
7305,2025-03-18,Email,False,False
7306,2025-04-03,Paid Search,False,True
7307,2025-12-22,Paid Search,True,False
7308,2026-02-01,Paid Search,True,False
7309,2025-06-07,Paid Search,False,False
7310,2025-06-10,Direct,False,False
7311,2025-12-31,Paid Social,True,False
7312,2025-12-20,Paid Social,False,False
7313,2025-02-25,Direct,False,False
7314,2025-02-07,Email,False,False
7315,2025-02-22,Organic Search,True,False
7316,2025-06-30,Paid Search,False,True
7317,2025-10-26,Direct,True,False
7318,2026-02-02,Paid Social,True,False
7319,2025-09-21,Organic Search,False,True
7320,2025-05-03,Paid Search,True,False
7321,2026-01-09,Email,True,False
7322,2025-01-03,Organic Search,False,True
7323,2025-08-15,Direct,True,True
7324,2026-01-23,Organic Search,True,True
7325,2025-09-13,Organic Search,True,True
7326,2025-07-11,Direct,True,False
7327,2025-02-16,Paid Search,False,False
7328,2025-06-09,Direct,True,False
7329,2025-03-17,Organic Search,True,False
7330,2025-12-06,Organic Search,True,False
7331,2026-01-22,Organic Search,True,True
7332,2025-05-04,Direct,False,False
7333,2025-08-25,Direct,True,False
7334,2025-09-17,Organic Search,False,False
7335,2026-02-03,Organic Search,False,False
7336,2025-12-20,Paid Social,True,True
7337,2025-10-31,Email,True,False
7338,2025-05-10,Organic Search,True,True
7339,2025-07-06,Paid Social,True,True
7340,2025-02-11,Organic Search,False,False
7341,2025-03-14,Paid Search,True,False
7342,2025-05-05,Paid Social,True,False
7343,2025-01-26,Organic Search,True,False
7344,2025-08-10,Paid Search,True,False
7345,2025-12-24,Email,False,True
7346,2025-04-12,Organic Search,False,False
7347,2025-11-03,Email,True,False
7348,2025-07-09,Organic Search,False,False
7349,2025-12-15,Direct,False,True
7350,2025-01-01,Direct,False,False
7351,2025-05-21,Paid Social,False,False
7352,2025-02-21,Paid Social,False,True
7353,2025-09-17,Paid Search,True,False
7354,2025-01-09,Paid Social,False,True
7355,2026-01-03,Paid Search,True,False
7356,2025-09-27,Paid Search,True,True
7357,2025-12-14,Direct,True,False
7358,2025-10-13,Paid Search,True,True
7359,2025-10-10,Organic Search,False,True
7360,2025-04-04,Email,True,False
7361,2025-07-19,Organic Search,False,False
7362,2025-04-09,Email,False,False
7363,2025-09-30,Organic Search,True,False
7364,2025-03-13,Email,True,False
7365,2025-01-04,Paid Social,True,True
7366,2025-08-15,Direct,False,False
7367,2025-05-08,Paid Search,False,False
7368,2025-08-09,Paid Search,True,True
7369,2025-05-01,Direct,False,True
7370,2025-07-21,Direct,False,False
7371,2025-07-19,Email,True,False
7372,2025-12-16,Email,True,False
7373,2025-10-13,Direct,True,True
7374,2025-08-22,Paid Search,True,False
7375,2025-01-08,Organic Search,False,True
7376,2025-06-03,Paid Social,True,True
7377,2025-02-16,Paid Social,True,False
7378,2025-07-25,Email,True,False
7379,2025-06-25,Direct,True,False
7380,2025-05-25,Paid Social,True,False
7381,2025-11-01,Organic Search,False,True
7382,2026-01-24,Email,False,False
7383,2025-08-29,Organic Search,False,False
7384,2025-05-12,Direct,False,False
7385,2025-08-31,Paid Search,True,False
7386,2025-07-18,Email,False,True
7387,2025-11-22,Paid Search,False,False
7388,2025-12-25,Organic Search,True,True
7389,2026-01-14,Organic Search,False,False
7390,2025-08-06,Direct,False,True
7391,2025-09-18,Paid Search,False,False
7392,2025-09-30,Direct,True,False
7393,2026-01-10,Organic Search,True,False
7394,2025-09-22,Paid Social,True,True
7395,2025-10-02,Paid Social,True,False
7396,2026-02-01,Paid Social,False,False
7397,2025-11-30,Email,False,False
7398,2025-09-03,Organic Search,False,False
7399,2025-12-15,Paid Social,False,False
7400,2025-01-03,Organic Search,True,False
7401,2025-08-01,Organic Search,True,False
7402,2025-09-09,Paid Search,False,True
7403,2025-07-07,Paid Search,True,False
7404,2025-09-08,Email,True,False
7405,2025-04-24,Email,False,False
7406,2026-01-19,Direct,False,True
7407,2025-06-26,Email,True,True
7408,2025-02-24,Email,True,False
7409,2025-07-15,Email,True,False
7410,2025-06-17,Organic Search,True,False
7411,2025-12-10,Direct,False,True
7412,2025-03-13,Organic Search,False,True
7413,2025-05-24,Direct,False,False
7414,2025-08-10,Direct,True,False
7415,2025-09-27,Direct,True,False
7416,2025-05-07,Paid Social,True,False
7417,2025-07-09,Email,False,False
7418,2025-03-26,Organic Search,False,False
7419,2025-11-10,Paid Search,True,True
7420,2025-05-06,Paid Search,False,True
7421,2025-11-24,Paid Search,True,False
7422,2025-04-22,Direct,False,True
7423,2025-03-22,Paid Social,True,False
7424,2026-01-03,Organic Search,True,False
7425,2025-04-24,Direct,True,False
7426,2025-03-15,Email,False,False
7427,2025-09-21,Email,True,False
7428,2025-05-10,Organic Search,False,False
7429,2025-03-18,Paid Social,True,False
7430,2025-10-03,Paid Social,False,False
7431,2025-12-09,Paid Social,True,False
7432,2025-06-23,Paid Social,True,False
7433,2025-09-28,Paid Social,False,False
7434,2025-05-09,Email,True,True
7435,2026-01-14,Organic Search,True,False
7436,2026-01-26,Paid Search,True,False
7437,2025-01-18,Direct,True,True
7438,2026-01-04,Paid Social,False,False
7439,2025-04-05,Organic Search,True,True
7440,2025-03-25,Email,True,False
7441,2025-09-02,Organic Search,True,False
7442,2025-07-11,Paid Social,True,False
7443,2025-09-02,Paid Search,False,True
7444,2025-09-05,Organic Search,True,True
7445,2025-06-23,Paid Search,True,True
7446,2025-01-18,Direct,False,False
7447,2025-09-12,Direct,True,False
7448,2026-01-09,Direct,False,False
7449,2025-02-15,Organic Search,True,False
7450,2025-07-25,Paid Social,True,True
7451,2025-11-28,Paid Social,True,False
7452,2025-01-17,Direct,True,True
7453,2025-05-18,Paid Search,False,True
7454,2025-08-06,Email,True,False
7455,2025-01-17,Direct,True,False
7456,2025-08-14,Organic Search,True,False
7457,2025-08-05,Paid Social,True,False
7458,2025-03-27,Email,True,True
7459,2025-03-25,Organic Search,True,True
7460,2025-03-03,Paid Search,False,False
7461,2025-08-18,Organic Search,True,False
7462,2025-10-05,Organic Search,False,False
7463,2025-09-20,Direct,False,False
7464,2026-01-02,Paid Social,True,False
7465,2026-01-29,Paid Social,True,True
7466,2025-06-24,Paid Social,False,True
7467,2025-02-05,Email,True,True
7468,2025-09-27,Paid Search,True,False
7469,2025-07-29,Organic Search,True,True
7470,2025-12-13,Paid Search,True,False
7471,2025-06-17,Direct,True,False
7472,2025-06-18,Direct,True,True
7473,2025-07-05,Paid Social,False,False
7474,2025-11-23,Paid Search,False,False
7475,2025-11-11,Paid Search,False,True
7476,2025-12-18,Paid Social,False,True
7477,2025-08-17,Direct,True,False
7478,2025-02-03,Email,False,False
7479,2025-01-30,Organic Search,True,False
7480,2025-05-28,Paid Social,False,False
7481,2025-11-23,Organic Search,True,False
7482,2025-11-09,Direct,False,False
7483,2025-12-14,Email,True,False
7484,2025-07-27,Paid Search,True,False
7485,2025-09-18,Organic Search,True,True
7486,2025-05-05,Paid Search,True,False
7487,2025-12-27,Paid Social,True,False
7488,2025-08-21,Email,True,False
7489,2025-07-22,Paid Search,True,True
7490,2025-11-14,Organic Search,False,False
7491,2026-01-29,Direct,True,True
7492,2025-10-30,Email,False,True
7493,2025-11-07,Direct,True,False
7494,2026-01-17,Paid Search,True,False
7495,2025-01-16,Paid Search,False,True
7496,2025-01-11,Organic Search,True,False
7497,2025-04-08,Paid Search,False,False
7498,2025-12-13,Paid Search,False,True
7499,2025-03-23,Paid Social,True,True
7500,2026-01-16,Paid Social,True,False
7501,2025-07-10,Paid Search,False,True
7502,2025-03-16,Paid Social,False,False
7503,2025-11-05,Paid Search,True,False
7504,2025-05-26,Paid Social,False,False
7505,2026-01-21,Direct,True,False
7506,2026-01-23,Email,True,False
7507,2025-05-26,Paid Social,False,False
7508,2026-01-02,Paid Search,False,False
7509,2025-01-29,Paid Social,True,True
7510,2025-12-10,Email,True,False
7511,2026-01-22,Direct,False,False
7512,2025-04-13,Email,True,False
7513,2025-01-03,Organic Search,True,False
7514,2025-12-22,Paid Search,True,True
7515,2025-06-05,Organic Search,True,True
7516,2026-01-17,Email,True,True
7517,2025-09-22,Organic Search,True,False
7518,2025-12-05,Paid Search,False,True
7519,2025-06-13,Paid Social,False,False
7520,2026-01-27,Paid Search,False,False
7521,2026-01-20,Email,True,True
7522,2025-12-07,Paid Social,False,False
7523,2025-11-14,Direct,True,False
7524,2025-03-22,Organic Search,True,False
7525,2026-01-02,Paid Search,False,False
7526,2025-10-13,Email,False,True
7527,2025-03-16,Organic Search,False,False
7528,2025-09-24,Paid Search,True,False
7529,2025-09-12,Paid Social,True,False
7530,2025-03-22,Paid Search,False,True
7531,2026-02-03,Organic Search,False,False
7532,2025-11-23,Organic Search,False,False
7533,2025-01-08,Email,False,False
7534,2025-10-17,Organic Search,False,False
7535,2025-04-18,Email,True,False
7536,2025-12-19,Organic Search,False,False
7537,2025-12-07,Organic Search,True,False
7538,2025-10-29,Paid Social,True,True
7539,2025-08-23,Paid Social,True,False
7540,2025-08-26,Email,True,False
7541,2025-05-08,Organic Search,False,True
7542,2025-08-06,Paid Social,True,False
7543,2025-03-21,Email,True,False
7544,2025-09-09,Paid Search,True,True
7545,2025-11-09,Paid Search,True,False
7546,2025-11-24,Organic Search,False,False
7547,2025-08-23,Paid Social,False,True
7548,2025-07-17,Email,True,False
7549,2025-12-16,Paid Social,False,False
7550,2025-01-07,Email,True,False
7551,2025-11-23,Paid Social,False,False
7552,2025-08-05,Paid Search,False,True
7553,2025-10-24,Direct,False,True
7554,2025-07-19,Paid Search,True,False
7555,2025-08-05,Paid Social,False,False
7556,2025-01-19,Direct,True,True
7557,2025-01-26,Direct,False,True
7558,2025-02-19,Direct,True,False
7559,2025-07-22,Email,True,False
7560,2025-06-20,Direct,False,True
7561,2025-02-25,Direct,True,False
7562,2025-01-21,Direct,True,True
7563,2025-07-20,Organic Search,False,False
7564,2025-10-21,Direct,True,False
7565,2025-12-17,Paid Social,True,True
7566,2025-10-09,Email,True,False
7567,2025-12-26,Paid Social,True,False
7568,2025-10-18,Organic Search,False,False
7569,2025-07-26,Email,True,False
7570,2025-10-03,Paid Search,False,False
7571,2025-07-22,Email,True,True
7572,2025-08-22,Paid Search,True,False
7573,2025-03-20,Direct,False,False
7574,2026-02-04,Paid Search,False,False
7575,2025-06-05,Paid Search,False,True
7576,2025-10-20,Paid Social,False,False
7577,2025-07-24,Email,True,False
7578,2025-09-28,Paid Search,True,False
7579,2025-09-07,Paid Search,True,False
7580,2025-11-11,Paid Search,True,False
7581,2025-02-01,Paid Social,True,False
7582,2025-04-22,Email,True,False
7583,2025-06-04,Direct,False,False
7584,2025-04-30,Paid Social,True,False
7585,2025-01-20,Direct,True,True
7586,2025-02-25,Direct,False,False
7587,2025-10-24,Paid Social,False,True
7588,2025-11-21,Paid Social,False,True
7589,2025-08-05,Organic Search,False,True
7590,2025-10-27,Organic Search,True,False
7591,2025-06-21,Paid Social,True,False
7592,2025-01-03,Email,True,False
7593,2025-11-20,Paid Search,True,False
7594,2025-12-19,Direct,True,False
7595,2025-10-01,Paid Search,False,False
7596,2025-07-23,Organic Search,True,False
7597,2025-10-18,Paid Search,False,False
7598,2025-07-16,Paid Social,True,False
7599,2025-06-10,Direct,True,True
7600,2025-09-10,Organic Search,True,True
7601,2025-01-15,Organic Search,True,True
7602,2025-07-19,Paid Search,True,False
7603,2026-01-23,Email,False,False
7604,2025-03-29,Paid Search,True,False
7605,2025-12-13,Paid Social,True,False
7606,2025-05-13,Paid Social,False,False
7607,2025-06-06,Paid Search,True,True
7608,2025-08-13,Paid Social,False,False
7609,2026-01-14,Paid Search,False,False
7610,2025-09-27,Email,True,False
7611,2025-12-02,Email,True,False
7612,2025-03-12,Direct,True,False
7613,2025-09-28,Paid Search,False,True
7614,2025-06-25,Organic Search,False,False
7615,2025-08-14,Paid Social,True,False
7616,2025-10-21,Direct,True,False
7617,2025-11-03,Paid Search,True,True
7618,2025-03-10,Paid Search,False,True
7619,2025-12-29,Email,True,False
7620,2025-01-14,Paid Social,True,False
7621,2025-03-17,Paid Search,True,True
7622,2025-11-06,Paid Social,False,False
7623,2025-02-16,Paid Search,False,False
7624,2025-12-15,Paid Search,True,True
7625,2025-02-28,Email,True,True
7626,2025-12-12,Direct,True,False
7627,2025-08-31,Email,True,False
7628,2026-01-26,Direct,True,False
7629,2025-04-27,Direct,True,False
7630,2025-06-22,Paid Social,True,True
7631,2025-06-08,Paid Social,False,False
7632,2025-02-27,Direct,False,True
7633,2025-08-30,Paid Search,True,False
7634,2025-02-26,Paid Social,False,False
7635,2025-01-25,Email,True,True
7636,2026-01-27,Organic Search,False,True
7637,2025-06-05,Organic Search,True,False
7638,2025-11-29,Direct,True,False
7639,2026-01-14,Email,False,False
7640,2026-01-21,Paid Search,False,True
7641,2025-10-22,Email,True,False
7642,2025-09-30,Paid Search,True,False
7643,2025-01-09,Paid Social,False,False
7644,2025-11-23,Direct,False,False
7645,2025-07-14,Email,True,True
7646,2025-03-07,Organic Search,False,False
7647,2025-01-16,Direct,True,False
7648,2026-01-10,Organic Search,True,True
7649,2025-09-17,Organic Search,True,True
7650,2025-01-06,Paid Social,True,True
7651,2026-01-11,Direct,False,True
7652,2025-04-10,Direct,False,False
7653,2026-01-25,Organic Search,False,False
7654,2025-03-06,Organic Search,True,False
7655,2025-11-16,Organic Search,True,False
7656,2025-12-03,Direct,True,False
7657,2025-05-10,Paid Search,True,False
7658,2025-10-31,Paid Search,True,False
7659,2025-03-11,Email,True,False
7660,2025-06-29,Paid Search,False,False
7661,2025-02-07,Email,False,False
7662,2025-12-18,Paid Social,True,False
7663,2025-08-16,Paid Social,False,True
7664,2025-01-30,Email,False,False
7665,2025-09-03,Paid Social,True,False
7666,2025-06-17,Organic Search,False,True
7667,2025-10-17,Paid Social,True,False
7668,2025-02-19,Direct,False,True
7669,2026-01-22,Email,True,True
7670,2025-11-06,Direct,False,False
7671,2025-10-05,Direct,False,True
7672,2025-08-16,Organic Search,True,False
7673,2025-03-25,Paid Search,True,False
7674,2025-09-13,Organic Search,True,False
7675,2025-12-02,Organic Search,False,False
7676,2025-05-08,Direct,False,False
7677,2025-05-26,Organic Search,False,True
7678,2025-07-29,Email,True,False
7679,2026-02-04,Paid Social,True,False
7680,2025-09-27,Email,True,True
7681,2025-04-03,Paid Social,False,False
7682,2025-01-29,Paid Search,True,False
7683,2025-02-06,Direct,True,False
7684,2025-09-07,Paid Search,False,False
7685,2025-12-02,Direct,True,False
7686,2025-07-06,Paid Search,False,False
7687,2025-07-26,Paid Social,False,False
7688,2025-01-02,Paid Social,False,False
7689,2026-01-11,Paid Social,True,False
7690,2026-01-16,Paid Social,False,True
7691,2025-08-18,Organic Search,False,True
7692,2025-05-08,Email,False,True
7693,2026-01-29,Paid Search,True,False
7694,2025-06-17,Direct,True,False
7695,2025-02-12,Direct,False,True
7696,2025-04-09,Email,False,False
7697,2025-03-13,Paid Social,True,False
7698,2025-03-21,Email,True,False
7699,2025-02-04,Email,True,False
7700,2025-09-06,Paid Search,False,False
7701,2025-10-10,Paid Search,False,True
7702,2025-11-04,Paid Search,True,False
7703,2025-07-20,Organic Search,True,True
7704,2025-07-04,Paid Social,False,False
7705,2025-02-06,Paid Social,True,False
7706,2025-10-12,Paid Search,True,False
7707,2025-08-09,Email,True,True
7708,2025-09-10,Email,True,True
7709,2025-06-20,Paid Search,False,True
7710,2025-09-09,Email,False,False
7711,2025-11-10,Organic Search,False,False
7712,2025-11-20,Paid Social,True,False
7713,2026-01-13,Email,False,False
7714,2026-01-30,Paid Search,True,True
7715,2025-05-23,Paid Search,True,False
7716,2025-11-26,Paid Social,False,False
7717,2025-03-29,Direct,True,False
7718,2025-02-23,Paid Social,True,False
7719,2025-06-10,Email,True,False
7720,2025-09-16,Email,False,False
7721,2025-03-16,Direct,True,False
7722,2025-10-05,Email,True,False
7723,2025-03-15,Organic Search,False,False
7724,2025-01-08,Direct,False,False
7725,2025-10-15,Direct,True,True
7726,2025-01-04,Paid Search,False,False
7727,2025-07-17,Email,True,False
7728,2025-12-31,Email,True,False
7729,2025-08-10,Paid Social,True,False
7730,2026-01-19,Paid Social,True,False
7731,2025-10-02,Paid Social,True,False
7732,2025-02-05,Email,True,False
7733,2025-05-01,Organic Search,True,False
7734,2025-02-24,Direct,True,False
7735,2025-08-25,Email,True,False
7736,2025-12-26,Direct,True,False
7737,2025-01-13,Direct,True,False
7738,2025-07-19,Paid Social,True,True
7739,2025-06-14,Direct,True,False
7740,2025-08-17,Organic Search,False,True
7741,2025-02-21,Direct,True,True
7742,2025-07-01,Paid Search,False,False
7743,2025-05-24,Paid Social,True,False
7744,2025-06-16,Organic Search,False,False
7745,2025-11-26,Organic Search,False,False
7746,2025-01-17,Email,True,False
7747,2025-09-05,Email,True,False
7748,2025-04-13,Paid Social,True,False
7749,2025-12-22,Email,True,True
7750,2025-12-10,Paid Search,True,False
7751,2025-04-26,Direct,True,False
7752,2025-01-09,Email,True,True
7753,2025-10-31,Email,False,False
7754,2026-01-25,Paid Search,False,False
7755,2025-01-20,Direct,True,True
7756,2025-10-13,Direct,True,False
7757,2025-11-14,Paid Social,False,True
7758,2026-02-05,Paid Search,False,True
7759,2025-07-13,Organic Search,False,False
7760,2025-10-02,Organic Search,True,False
7761,2025-05-01,Direct,False,False
7762,2025-01-17,Organic Search,False,False
7763,2025-11-12,Paid Social,False,False
7764,2025-09-08,Paid Search,True,False
7765,2025-10-08,Paid Social,False,False
7766,2025-10-03,Paid Search,False,False
7767,2025-03-20,Paid Social,False,True
7768,2025-07-13,Paid Social,True,False
7769,2025-03-14,Paid Social,False,False
7770,2025-10-27,Direct,False,False
7771,2026-02-01,Paid Social,False,False
7772,2025-03-31,Paid Social,False,True
7773,2025-01-24,Organic Search,True,False
7774,2025-12-28,Paid Search,True,False
7775,2025-09-24,Paid Social,True,False
7776,2025-09-30,Paid Social,True,True
7777,2025-03-28,Email,True,True
7778,2025-04-24,Direct,True,False
7779,2025-06-01,Paid Social,True,False
7780,2025-03-13,Paid Social,False,True
7781,2025-11-12,Paid Social,True,False
7782,2026-01-30,Paid Social,False,False
7783,2025-02-11,Organic Search,True,False
7784,2025-04-19,Paid Social,True,True
7785,2025-03-12,Paid Search,True,False
7786,2025-05-14,Paid Search,True,False
7787,2025-11-07,Organic Search,True,True
7788,2025-07-22,Email,True,False
7789,2025-04-18,Paid Social,True,False
7790,2025-01-10,Email,False,False
7791,2025-04-07,Organic Search,False,True
7792,2025-11-15,Email,True,False
7793,2025-12-28,Email,True,False
7794,2025-09-05,Paid Social,False,True
7795,2025-05-31,Organic Search,False,True
7796,2025-05-27,Direct,True,True
7797,2025-10-17,Paid Search,False,False
7798,2025-09-28,Email,True,True
7799,2025-08-24,Paid Social,False,True
7800,2026-01-04,Paid Social,False,False
7801,2025-08-23,Organic Search,True,False
7802,2025-03-29,Direct,False,True
7803,2025-01-26,Email,True,False
7804,2025-02-25,Paid Social,True,False
7805,2025-07-01,Organic Search,False,True
7806,2025-11-21,Email,False,False
7807,2026-01-08,Email,False,False
7808,2025-12-17,Email,False,False
7809,2025-11-23,Paid Search,False,False
7810,2025-10-13,Paid Social,True,False
7811,2025-03-23,Paid Search,True,False
7812,2025-02-09,Paid Social,True,True
7813,2025-11-27,Paid Search,False,True
7814,2025-06-07,Direct,True,False
7815,2025-08-23,Email,True,True
7816,2025-08-02,Organic Search,False,False
7817,2025-09-13,Paid Social,True,False
7818,2026-01-25,Organic Search,True,True
7819,2025-05-19,Paid Social,True,False
7820,2025-06-27,Email,False,True
7821,2025-08-15,Organic Search,True,True
7822,2025-10-28,Email,True,False
7823,2025-06-18,Paid Search,True,False
7824,2025-09-11,Paid Search,True,False
7825,2025-03-31,Direct,True,False
7826,2025-03-02,Paid Search,False,False
7827,2025-12-31,Paid Search,True,False
7828,2025-06-04,Organic Search,True,False
7829,2025-05-28,Paid Search,True,False
7830,2025-01-06,Email,False,False
7831,2025-10-20,Organic Search,False,False
7832,2025-01-26,Organic Search,False,False
7833,2025-12-13,Organic Search,True,False
7834,2025-12-05,Paid Search,True,False
7835,2025-08-30,Paid Search,True,False
7836,2025-11-25,Paid Search,True,True
7837,2025-02-27,Paid Social,True,False
7838,2025-04-25,Paid Search,True,False
7839,2025-04-29,Email,False,False
7840,2026-01-11,Direct,True,True
7841,2025-12-10,Direct,True,False
7842,2025-04-13,Organic Search,True,False
7843,2025-11-17,Direct,True,False
7844,2025-03-31,Email,True,False
7845,2025-01-17,Direct,False,False
7846,2025-12-01,Paid Social,False,False
7847,2025-01-18,Email,False,False
7848,2025-02-10,Paid Social,True,True
7849,2025-11-10,Email,True,False
7850,2025-09-16,Organic Search,True,False
7851,2025-05-24,Organic Search,False,False
7852,2025-03-24,Email,True,True
7853,2025-03-30,Paid Search,False,False
7854,2025-04-08,Organic Search,False,False
7855,2025-11-03,Direct,True,False
7856,2025-03-11,Paid Social,True,False
7857,2025-08-30,Paid Search,False,True
7858,2025-09-26,Paid Search,True,False
7859,2025-08-29,Direct,False,True
7860,2025-11-15,Paid Social,True,True
7861,2025-03-10,Paid Search,True,False
7862,2025-12-17,Paid Social,True,False
7863,2025-04-17,Email,False,True
7864,2025-07-18,Email,True,True
7865,2025-08-31,Email,False,True
7866,2025-06-29,Paid Search,True,False
7867,2025-10-08,Paid Social,True,True
7868,2025-02-08,Organic Search,True,True
7869,2025-04-21,Organic Search,False,False
7870,2025-10-08,Organic Search,False,False
7871,2025-02-28,Email,True,True
7872,2025-09-30,Paid Search,False,False
7873,2025-10-03,Paid Search,True,False
7874,2025-01-04,Paid Social,False,False
7875,2025-10-22,Organic Search,False,False
7876,2025-03-29,Direct,True,False
7877,2025-11-27,Email,True,False
7878,2025-07-13,Paid Search,False,False
7879,2025-06-09,Paid Search,False,False
7880,2025-01-16,Paid Search,True,False
7881,2025-05-12,Email,False,False
7882,2026-01-22,Paid Social,True,True
7883,2025-08-08,Email,False,False
7884,2025-06-17,Paid Social,True,True
7885,2025-06-26,Paid Social,True,False
7886,2025-10-27,Direct,True,False
7887,2025-06-01,Direct,True,True
7888,2025-05-16,Paid Search,False,False
7889,2025-07-27,Paid Social,False,False
7890,2025-10-20,Direct,True,False
7891,2025-03-29,Paid Search,True,False
7892,2025-05-24,Organic Search,True,False
7893,2025-12-27,Direct,True,True
7894,2025-02-25,Paid Social,False,False
7895,2025-01-13,Direct,True,False
7896,2025-02-24,Paid Social,True,False
7897,2025-01-08,Email,False,False
7898,2025-02-11,Paid Search,True,False
7899,2025-07-12,Direct,True,False
7900,2025-02-03,Organic Search,True,False
7901,2025-02-22,Paid Search,True,True
7902,2025-06-03,Paid Social,True,False
7903,2025-07-25,Direct,False,False
7904,2025-08-02,Email,False,False
7905,2025-11-13,Organic Search,True,False
7906,2025-03-26,Email,False,False
7907,2025-05-10,Direct,True,True
7908,2025-02-27,Organic Search,True,False
7909,2025-02-18,Direct,False,False
7910,2025-02-20,Email,True,False
7911,2025-05-27,Organic Search,False,True
7912,2025-04-11,Email,True,False
7913,2025-09-26,Direct,False,False
7914,2025-07-24,Paid Social,False,False
7915,2025-09-25,Organic Search,False,False
7916,2025-01-02,Direct,True,False
7917,2025-07-24,Direct,False,False
7918,2025-10-02,Organic Search,False,False
7919,2025-05-11,Paid Search,True,False
7920,2025-09-13,Direct,True,False
7921,2025-11-21,Organic Search,False,True
7922,2025-03-18,Organic Search,True,True
7923,2025-03-26,Direct,False,False
7924,2025-03-12,Organic Search,False,False
7925,2025-03-18,Paid Search,True,False
7926,2025-01-09,Organic Search,False,True
7927,2025-02-01,Paid Social,True,False
7928,2025-05-04,Paid Search,True,False
7929,2025-07-09,Organic Search,True,True
7930,2025-09-07,Paid Social,True,False
7931,2025-04-29,Direct,False,False
7932,2025-05-13,Email,True,False
7933,2025-01-16,Email,False,False
7934,2025-10-30,Direct,False,False
7935,2025-02-11,Direct,False,False
7936,2025-02-06,Organic Search,False,False
7937,2025-11-02,Organic Search,True,False
7938,2025-08-02,Paid Search,False,False
7939,2025-04-01,Email,False,False
7940,2025-05-29,Paid Social,True,False
7941,2025-08-26,Organic Search,True,False
7942,2025-06-30,Direct,False,False
7943,2025-05-12,Organic Search,False,False
7944,2025-11-05,Paid Search,False,True
7945,2025-07-07,Paid Search,False,False
7946,2025-02-12,Direct,False,False
7947,2025-05-26,Email,True,False
7948,2025-11-26,Direct,True,True
7949,2025-03-17,Email,True,True
7950,2026-01-06,Paid Social,False,False
7951,2025-11-28,Paid Social,False,True
7952,2025-05-16,Organic Search,True,False
7953,2025-06-19,Direct,True,False
7954,2025-04-28,Paid Search,False,False
7955,2025-04-25,Organic Search,True,False
7956,2025-10-11,Email,True,True
7957,2025-04-09,Direct,True,False
7958,2025-02-18,Direct,False,False
7959,2025-02-26,Organic Search,True,False
7960,2025-09-03,Direct,True,False
7961,2025-09-01,Organic Search,False,True
7962,2025-03-04,Paid Social,True,False
7963,2025-05-31,Paid Social,False,False
7964,2025-01-17,Direct,False,False
7965,2025-11-26,Email,True,False
7966,2025-11-30,Email,False,False
7967,2025-05-06,Paid Social,False,False
7968,2025-02-03,Email,False,False
7969,2025-02-11,Organic Search,True,False
7970,2025-05-06,Direct,False,False
7971,2025-12-24,Organic Search,True,True
7972,2025-05-05,Paid Search,True,False
7973,2025-11-26,Paid Search,False,False
7974,2025-10-28,Email,True,False
7975,2025-11-30,Organic Search,True,False
7976,2025-06-11,Direct,True,True
7977,2026-01-08,Organic Search,True,False
7978,2025-12-05,Email,False,False
7979,2026-01-03,Email,True,False
7980,2025-07-28,Direct,True,True
7981,2025-07-15,Paid Search,True,False
7982,2025-01-14,Organic Search,True,False
7983,2025-06-02,Paid Search,False,True
7984,2025-06-24,Paid Social,True,False
7985,2025-07-12,Direct,True,False
7986,2025-04-14,Paid Social,True,False
7987,2025-12-20,Direct,True,True
7988,2025-11-03,Email,False,False
7989,2025-06-10,Direct,True,False
7990,2025-02-10,Organic Search,True,True
7991,2026-01-07,Paid Social,True,True
7992,2025-12-15,Organic Search,True,False
7993,2025-04-27,Organic Search,False,False
7994,2025-06-21,Organic Search,False,False
7995,2025-05-04,Paid Search,False,False
7996,2025-07-20,Paid Search,True,False
7997,2025-12-10,Paid Search,True,False
7998,2026-01-14,Paid Search,False,False
7999,2026-02-03,Direct,False,False
8000,2025-03-28,Direct,True,True
8001,2025-11-15,Direct,True,True
8002,2025-09-24,Organic Search,False,False
8003,2025-04-30,Organic Search,True,False
8004,2025-12-02,Email,False,False
8005,2025-10-13,Paid Social,False,False
8006,2025-09-13,Direct,True,False
8007,2025-12-10,Paid Social,True,False
8008,2025-01-23,Direct,True,False
8009,2025-08-12,Direct,True,False
8010,2025-06-26,Paid Social,True,True
8011,2025-10-09,Paid Social,True,False
8012,2025-09-30,Paid Search,False,False
8013,2025-07-27,Paid Search,True,True
8014,2025-04-21,Paid Social,True,True
8015,2025-11-09,Direct,True,False
8016,2025-03-25,Paid Social,True,True
8017,2025-10-02,Organic Search,True,False
8018,2025-11-15,Paid Social,False,True
8019,2025-04-18,Direct,True,False
8020,2025-01-03,Email,True,True
8021,2025-02-02,Paid Search,True,True
8022,2025-01-16,Direct,False,False
8023,2025-08-13,Direct,False,False
8024,2025-04-26,Paid Search,False,False
8025,2025-01-05,Paid Search,True,False
8026,2025-05-07,Organic Search,False,True
8027,2025-02-23,Direct,False,False
8028,2025-11-15,Direct,False,False
8029,2026-01-31,Organic Search,False,False
8030,2025-05-07,Paid Search,False,True
8031,2025-05-10,Email,True,True
8032,2025-03-14,Organic Search,False,False
8033,2026-01-16,Email,True,False
8034,2025-10-22,Organic Search,True,False
8035,2025-04-12,Paid Social,True,False
8036,2026-01-20,Paid Search,True,False
8037,2025-01-01,Organic Search,True,True
8038,2026-01-15,Email,False,True
8039,2025-01-20,Paid Social,False,True
8040,2025-12-27,Direct,False,False
8041,2025-02-01,Email,True,True
8042,2025-03-04,Organic Search,True,False
8043,2025-06-10,Direct,False,False
8044,2025-08-04,Email,True,False
8045,2025-03-30,Organic Search,False,False
8046,2025-11-11,Paid Social,False,False
8047,2025-11-20,Direct,True,False
8048,2025-06-26,Paid Search,False,False
8049,2026-01-23,Direct,False,False
8050,2025-04-23,Direct,True,True
8051,2025-12-11,Paid Social,False,False
8052,2025-01-06,Email,False,True
8053,2025-08-15,Paid Search,True,False
8054,2025-10-11,Paid Social,False,False
8055,2025-07-29,Organic Search,True,False
8056,2025-02-14,Organic Search,True,False
8057,2025-02-02,Paid Social,False,False
8058,2025-12-08,Organic Search,False,False
8059,2025-06-22,Organic Search,False,False
8060,2025-09-29,Direct,True,True
8061,2025-09-20,Organic Search,False,False
8062,2025-05-25,Paid Search,True,False
8063,2025-10-29,Organic Search,True,True
8064,2025-07-02,Paid Search,False,True
8065,2025-07-26,Email,False,False
8066,2026-01-31,Paid Social,True,False
8067,2025-06-16,Organic Search,False,False
8068,2025-07-24,Direct,True,False
8069,2025-04-11,Paid Search,False,False
8070,2025-08-11,Paid Search,True,False
8071,2025-06-21,Direct,False,False
8072,2025-02-09,Organic Search,False,False
8073,2025-12-23,Organic Search,True,True
8074,2025-09-06,Paid Social,True,False
8075,2025-07-31,Direct,True,False
8076,2026-01-17,Direct,False,False
8077,2026-01-24,Organic Search,False,False
8078,2025-11-01,Paid Search,False,False
8079,2025-07-30,Paid Search,False,False
8080,2025-07-20,Paid Social,True,False
8081,2026-01-22,Paid Social,False,False
8082,2025-05-28,Paid Search,False,False
8083,2026-01-26,Paid Social,True,False
8084,2026-01-27,Email,True,False
8085,2025-08-12,Organic Search,True,False
8086,2025-01-29,Paid Search,False,False
8087,2026-02-03,Direct,True,False
8088,2025-06-20,Email,False,False
8089,2025-12-29,Paid Social,True,True
8090,2026-01-17,Paid Search,True,False
8091,2026-02-01,Paid Social,False,False
8092,2025-03-29,Direct,True,False
8093,2025-08-26,Organic Search,True,False
8094,2025-04-19,Email,True,False
8095,2025-07-20,Paid Search,True,True
8096,2025-05-06,Organic Search,False,False
8097,2025-04-28,Paid Search,False,False
8098,2025-02-10,Direct,True,False
8099,2025-04-11,Paid Search,False,False
8100,2026-01-22,Paid Search,True,False
8101,2026-01-02,Paid Search,True,False
8102,2025-01-28,Paid Social,True,False
8103,2025-01-06,Paid Search,True,False
8104,2025-07-21,Paid Social,False,False
8105,2026-01-23,Email,True,True
8106,2025-02-12,Email,False,True
8107,2025-05-19,Paid Social,True,True
8108,2025-04-17,Organic Search,True,False
8109,2025-11-17,Paid Search,False,False
8110,2025-06-28,Paid Social,True,False
8111,2025-02-03,Paid Search,False,False
8112,2025-08-13,Direct,False,False
8113,2025-12-08,Paid Search,False,False
8114,2025-09-19,Email,False,False
8115,2026-01-10,Organic Search,True,False
8116,2025-10-27,Paid Social,True,False
8117,2025-03-26,Email,False,False
8118,2025-07-05,Paid Social,False,True
8119,2025-12-08,Organic Search,True,False
8120,2025-02-16,Paid Social,False,False
8121,2025-03-31,Organic Search,False,True
8122,2025-08-25,Organic Search,False,False
8123,2025-10-21,Paid Social,True,False
8124,2025-01-02,Paid Search,False,False
8125,2025-10-20,Organic Search,False,True
8126,2025-04-06,Organic Search,True,False
8127,2025-03-24,Paid Social,True,False
8128,2025-07-05,Email,True,False
8129,2026-01-19,Email,True,False
8130,2025-01-02,Paid Social,True,True
8131,2025-01-12,Paid Social,True,True
8132,2025-12-22,Organic Search,True,True
8133,2025-03-20,Email,True,True
8134,2025-01-17,Email,False,False
8135,2026-01-18,Direct,False,True
8136,2025-04-24,Email,False,False
8137,2025-10-11,Paid Social,False,False
8138,2025-07-09,Paid Search,False,False
8139,2025-06-24,Direct,True,False
8140,2025-08-29,Paid Search,False,False
8141,2025-02-16,Paid Social,True,False
8142,2025-12-19,Direct,False,False
8143,2025-06-01,Paid Social,True,False
8144,2025-12-11,Email,False,False
8145,2025-04-17,Email,True,False
8146,2025-11-06,Email,True,False
8147,2025-12-24,Organic Search,False,True
8148,2025-11-16,Paid Search,True,False
8149,2025-12-08,Direct,True,False
8150,2025-02-20,Organic Search,True,False
8151,2025-06-25,Email,True,False
8152,2025-02-19,Organic Search,True,False
8153,2025-09-02,Organic Search,True,False
8154,2025-08-07,Email,False,False
8155,2025-01-24,Paid Social,True,False
8156,2025-10-18,Paid Social,False,True
8157,2025-11-27,Paid Social,False,False
8158,2025-08-01,Organic Search,True,False
8159,2025-08-20,Email,True,False
8160,2025-06-20,Email,True,False
8161,2025-07-09,Organic Search,True,False
8162,2025-04-22,Paid Social,True,False
8163,2025-10-08,Organic Search,False,True
8164,2025-05-23,Email,False,True
8165,2025-04-22,Direct,False,False
8166,2025-08-25,Direct,True,False
8167,2025-02-15,Paid Social,False,False
8168,2025-10-29,Paid Social,True,False
8169,2025-11-29,Paid Search,True,False
8170,2025-01-12,Direct,True,False
8171,2025-03-12,Direct,True,False
8172,2025-04-14,Organic Search,True,False
8173,2025-02-20,Paid Social,True,False
8174,2025-12-21,Direct,False,False
8175,2025-11-13,Organic Search,True,True
8176,2025-02-13,Email,False,False
8177,2025-01-23,Paid Search,False,False
8178,2025-09-28,Paid Search,False,False
8179,2025-11-11,Paid Search,True,False
8180,2025-07-19,Direct,True,True
8181,2025-01-04,Paid Search,True,False
8182,2025-04-25,Organic Search,True,False
8183,2025-05-06,Organic Search,False,False
8184,2025-08-26,Paid Search,True,False
8185,2025-12-16,Direct,True,False
8186,2025-04-21,Email,True,False
8187,2025-09-07,Organic Search,False,False
8188,2025-12-11,Organic Search,False,False
8189,2025-09-08,Email,True,False
8190,2025-01-29,Paid Search,False,False
8191,2025-06-26,Direct,True,False
8192,2025-09-10,Direct,False,True
8193,2025-09-18,Email,False,False
8194,2025-09-24,Paid Search,False,False
8195,2025-01-25,Email,True,False
8196,2025-03-14,Direct,False,True
8197,2025-08-30,Organic Search,True,False
8198,2025-07-09,Paid Search,False,False
8199,2025-08-24,Email,False,True
8200,2025-08-21,Organic Search,True,False
8201,2025-10-02,Email,True,False
8202,2025-08-01,Direct,True,True
8203,2025-04-04,Email,True,False
8204,2025-03-29,Paid Search,True,True
8205,2025-06-29,Organic Search,True,False
8206,2026-02-01,Paid Search,False,True
8207,2025-11-28,Email,True,True
8208,2025-01-30,Email,True,False
8209,2025-06-18,Direct,False,False
8210,2025-07-27,Direct,True,False
8211,2025-10-28,Direct,True,False
8212,2025-01-30,Email,True,False
8213,2025-09-21,Direct,True,False
8214,2025-01-24,Paid Social,False,False
8215,2025-06-15,Direct,False,False
8216,2025-07-26,Paid Search,True,False
8217,2025-08-08,Paid Search,True,True
8218,2025-05-17,Paid Social,True,False
8219,2025-05-25,Paid Search,True,True
8220,2025-06-19,Direct,False,False
8221,2025-01-31,Email,False,False
8222,2025-03-02,Email,True,False
8223,2025-02-26,Paid Search,True,True
8224,2025-01-30,Paid Social,True,False
8225,2026-01-20,Paid Social,True,True
8226,2025-04-10,Paid Search,False,False
8227,2025-09-20,Paid Social,True,False
8228,2025-09-29,Direct,True,False
8229,2025-11-25,Direct,False,False
8230,2025-01-16,Paid Search,True,True
8231,2026-01-27,Paid Search,False,False
8232,2025-06-10,Organic Search,True,False
8233,2026-01-06,Direct,True,True
8234,2025-09-18,Email,False,False
8235,2025-08-06,Paid Social,False,True
8236,2026-01-05,Organic Search,True,False
8237,2025-12-06,Direct,True,False
8238,2025-08-08,Direct,False,False
8239,2025-12-14,Paid Social,True,False
8240,2025-10-29,Paid Social,True,False
8241,2025-12-30,Email,False,False
8242,2025-06-25,Organic Search,True,False
8243,2025-07-30,Paid Social,False,False
8244,2025-08-21,Organic Search,False,False
8245,2025-05-19,Email,False,True
8246,2026-01-10,Organic Search,False,True
8247,2025-10-05,Paid Social,True,False
8248,2025-02-18,Direct,True,False
8249,2025-08-24,Email,True,False
8250,2025-11-25,Paid Search,True,False
8251,2025-01-24,Paid Search,False,False
8252,2025-07-23,Direct,True,False
8253,2025-05-20,Email,True,False
8254,2025-02-20,Paid Social,False,False
8255,2025-09-03,Organic Search,True,False
8256,2025-06-11,Direct,True,False
8257,2025-03-07,Email,False,True
8258,2025-03-26,Organic Search,False,False
8259,2025-01-14,Organic Search,False,False
8260,2025-01-19,Paid Search,False,False
8261,2025-05-18,Paid Social,True,True
8262,2026-01-21,Direct,True,False
8263,2026-01-02,Email,False,True
8264,2025-06-12,Paid Search,True,False
8265,2025-09-09,Paid Social,True,False
8266,2025-07-12,Paid Social,True,False
8267,2025-10-04,Organic Search,False,True
8268,2025-08-05,Direct,True,True
8269,2026-01-16,Paid Search,True,False
8270,2025-05-17,Paid Search,True,False
8271,2025-01-15,Paid Social,True,False
8272,2025-04-09,Organic Search,True,False
8273,2026-01-19,Direct,False,True
8274,2025-12-14,Email,False,False
8275,2025-02-14,Organic Search,False,False
8276,2025-08-08,Email,True,False
8277,2025-12-08,Paid Social,False,False
8278,2025-11-25,Paid Social,False,False
8279,2025-08-28,Email,False,False
8280,2025-09-26,Paid Search,True,False
8281,2025-09-08,Paid Search,True,True
8282,2026-01-15,Paid Social,True,True
8283,2025-04-05,Organic Search,False,True
8284,2025-02-20,Organic Search,True,False
8285,2025-08-20,Organic Search,True,True
8286,2025-03-06,Organic Search,True,False
8287,2025-03-29,Direct,True,False
8288,2025-03-04,Organic Search,False,False
8289,2026-01-19,Email,True,False
8290,2025-05-10,Email,False,False
8291,2025-11-08,Paid Social,True,False
8292,2025-07-09,Email,True,False
8293,2025-12-03,Paid Search,True,False
8294,2025-08-24,Direct,False,False
8295,2025-10-16,Direct,True,False
8296,2025-02-08,Email,True,False
8297,2025-11-10,Paid Social,True,True
8298,2025-03-30,Email,True,True
8299,2025-09-02,Organic Search,False,False
8300,2026-01-02,Email,True,False
8301,2025-11-07,Organic Search,True,True
8302,2025-07-20,Direct,True,False
8303,2025-02-10,Organic Search,True,False
8304,2025-10-04,Direct,False,False
8305,2025-11-22,Organic Search,True,False
8306,2025-04-26,Direct,False,False
8307,2025-08-06,Direct,True,True
8308,2025-01-04,Direct,True,True
8309,2025-11-02,Direct,True,False
8310,2025-05-14,Direct,True,False
8311,2026-01-27,Organic Search,False,False
8312,2026-01-20,Email,True,True
8313,2025-05-14,Organic Search,False,True
8314,2025-01-14,Organic Search,False,False
8315,2025-11-01,Paid Search,True,False
8316,2025-12-25,Organic Search,True,True
8317,2026-01-21,Email,False,False
8318,2025-02-22,Direct,False,False
8319,2026-01-20,Paid Search,False,False
8320,2026-01-07,Paid Social,True,False
8321,2025-05-10,Organic Search,True,False
8322,2025-11-10,Email,True,True
8323,2025-01-27,Paid Social,False,False
8324,2025-06-12,Organic Search,False,True
8325,2025-06-06,Organic Search,False,False
8326,2025-03-08,Paid Search,True,False
8327,2025-06-15,Email,False,True
8328,2025-09-06,Paid Social,True,False
8329,2025-11-17,Direct,True,False
8330,2025-01-06,Direct,True,False
8331,2025-12-09,Email,False,False
8332,2025-11-26,Organic Search,True,False
8333,2025-05-05,Paid Social,False,False
8334,2025-12-15,Paid Search,True,False
8335,2026-01-07,Paid Social,False,False
8336,2025-10-14,Paid Search,False,False
8337,2026-02-03,Paid Search,True,False
8338,2025-11-24,Paid Search,False,False
8339,2026-01-13,Organic Search,False,False
8340,2025-07-13,Organic Search,True,False
8341,2025-10-07,Organic Search,False,False
8342,2025-05-25,Organic Search,True,False
8343,2025-06-09,Email,True,False
8344,2025-10-13,Paid Search,True,True
8345,2025-03-27,Paid Social,True,False
8346,2025-08-07,Direct,True,True
8347,2025-09-28,Paid Social,False,False
8348,2025-01-27,Email,False,False
8349,2025-08-26,Paid Social,False,True
8350,2026-01-19,Paid Social,True,False
8351,2025-12-24,Direct,True,False
8352,2025-12-12,Paid Social,False,False
8353,2025-01-22,Paid Search,True,True
8354,2025-08-27,Organic Search,False,True
8355,2025-02-12,Paid Social,True,False
8356,2025-04-02,Organic Search,True,False
8357,2025-07-14,Paid Social,True,False
8358,2025-09-10,Email,False,False
8359,2025-02-05,Organic Search,True,False
8360,2025-08-29,Paid Social,False,True
8361,2025-05-03,Organic Search,False,False
8362,2025-11-22,Direct,False,True
8363,2025-08-22,Email,True,False
8364,2025-12-25,Direct,False,False
8365,2025-10-22,Paid Search,True,False
8366,2025-04-25,Email,True,False
8367,2025-07-31,Organic Search,True,True
8368,2025-05-27,Paid Social,True,False
8369,2026-01-23,Paid Social,False,False
8370,2025-03-11,Organic Search,True,True
8371,2025-05-13,Direct,True,False
8372,2025-08-03,Organic Search,True,False
8373,2025-03-29,Paid Search,True,True
8374,2025-10-22,Paid Search,False,False
8375,2025-02-10,Direct,True,False
8376,2025-09-28,Email,False,False
8377,2025-07-17,Paid Social,True,False
8378,2025-05-10,Direct,False,False
8379,2025-08-27,Paid Social,True,False
8380,2025-07-02,Paid Search,False,False
8381,2025-08-07,Paid Search,True,True
8382,2025-04-24,Email,True,False
8383,2026-02-04,Email,False,False
8384,2025-01-28,Direct,False,False
8385,2025-09-12,Organic Search,True,False
8386,2025-05-09,Paid Social,True,False
8387,2025-09-15,Paid Social,True,False
8388,2025-07-11,Email,False,True
8389,2025-08-21,Paid Social,True,True
8390,2025-11-29,Paid Social,True,False
8391,2025-05-03,Email,False,False
8392,2025-09-06,Organic Search,True,False
8393,2025-03-15,Paid Search,True,False
8394,2025-01-03,Paid Social,False,False
8395,2025-08-04,Email,True,False
8396,2025-06-18,Email,True,False
8397,2026-01-12,Direct,False,False
8398,2025-02-08,Email,True,False
8399,2025-11-17,Organic Search,False,False
8400,2025-01-15,Email,False,False
8401,2026-01-30,Direct,False,True
8402,2025-06-27,Paid Social,True,False
8403,2025-12-27,Email,True,False
8404,2025-11-08,Direct,True,False
8405,2025-12-27,Direct,True,False
8406,2025-11-02,Email,True,False
8407,2025-08-27,Direct,True,False
8408,2025-05-19,Email,True,False
8409,2026-01-11,Direct,True,False
8410,2025-04-02,Paid Search,True,False
8411,2025-11-28,Email,True,False
8412,2025-12-06,Paid Search,True,False
8413,2025-08-13,Direct,True,False
8414,2025-12-01,Direct,False,True
8415,2025-03-05,Paid Social,True,True
8416,2025-07-05,Paid Social,True,True
8417,2025-10-12,Email,False,True
8418,2025-03-22,Direct,True,True
8419,2025-09-27,Paid Social,True,True
8420,2025-01-17,Direct,True,True
8421,2025-09-18,Direct,False,True
8422,2026-01-26,Paid Social,True,False
8423,2025-09-04,Paid Social,True,False
8424,2025-09-25,Email,True,True
8425,2025-01-21,Paid Social,True,True
8426,2025-09-08,Paid Social,False,True
8427,2025-03-07,Paid Search,False,False
8428,2026-01-19,Paid Social,False,False
8429,2025-05-05,Direct,True,True
8430,2025-04-26,Paid Search,True,False
8431,2025-08-27,Paid Social,True,True
8432,2025-12-24,Paid Search,False,False
8433,2025-03-31,Organic Search,True,False
8434,2025-10-11,Paid Social,True,True
8435,2025-11-26,Paid Search,False,True
8436,2025-05-05,Paid Social,True,False
8437,2025-04-23,Organic Search,True,False
8438,2026-01-30,Email,True,False
8439,2025-01-29,Paid Search,False,True
8440,2025-09-27,Paid Social,True,False
8441,2025-06-28,Paid Search,True,False
8442,2025-04-10,Direct,False,True
8443,2025-10-25,Paid Social,True,False
8444,2025-12-04,Paid Search,False,False
8445,2025-01-11,Paid Social,True,True
8446,2025-10-12,Direct,True,False
8447,2025-09-02,Paid Social,False,False
8448,2025-08-24,Email,True,False
8449,2025-07-28,Direct,True,False
8450,2025-11-26,Paid Search,True,False
8451,2025-05-09,Email,True,False
8452,2025-01-14,Paid Search,True,False
8453,2025-12-28,Paid Search,True,False
8454,2025-08-05,Paid Social,True,False
8455,2025-10-29,Paid Social,False,False
8456,2025-12-27,Organic Search,True,False
8457,2025-05-22,Direct,False,False
8458,2025-06-24,Organic Search,False,False
8459,2025-08-18,Paid Social,True,False
8460,2025-07-29,Paid Search,True,False
8461,2025-07-06,Direct,False,True
8462,2025-11-08,Paid Search,False,True
8463,2025-04-14,Email,True,False
8464,2025-10-29,Direct,False,False
8465,2025-01-13,Organic Search,False,False
8466,2025-05-09,Paid Search,True,False
8467,2025-10-01,Direct,False,True
8468,2025-07-11,Paid Social,True,True
8469,2025-12-12,Direct,True,False
8470,2025-06-20,Email,False,False
8471,2025-01-18,Email,True,False
8472,2025-11-10,Direct,False,False
8473,2025-10-31,Direct,False,False
8474,2025-07-22,Paid Social,True,True
8475,2025-04-30,Paid Search,True,False
8476,2025-12-09,Organic Search,True,True
8477,2025-07-10,Direct,True,False
8478,2025-08-29,Paid Search,True,False
8479,2025-01-15,Direct,False,False
8480,2025-11-08,Email,False,True
8481,2025-04-18,Email,True,False
8482,2025-12-22,Direct,False,False
8483,2025-02-19,Email,False,False
8484,2025-08-16,Email,True,False
8485,2025-03-05,Email,True,False
8486,2025-07-18,Paid Search,False,False
8487,2025-05-24,Organic Search,True,False
8488,2025-12-26,Paid Social,True,True
8489,2025-06-09,Organic Search,False,False
8490,2025-07-21,Paid Social,True,True
8491,2025-08-01,Organic Search,True,False
8492,2026-01-06,Direct,True,False
8493,2025-09-06,Organic Search,False,False
8494,2025-11-24,Paid Social,True,False
8495,2025-05-01,Paid Social,True,False
8496,2025-10-12,Paid Social,False,False
8497,2025-09-09,Organic Search,True,False
8498,2025-08-07,Direct,False,False
8499,2025-10-13,Email,False,False
8500,2025-07-21,Paid Social,True,True
8501,2025-11-09,Direct,False,False
8502,2025-02-24,Organic Search,True,True
8503,2026-01-26,Organic Search,True,False
8504,2025-12-21,Paid Search,True,False
8505,2025-12-31,Email,False,False
8506,2025-09-20,Paid Social,True,False
8507,2025-12-13,Email,True,False
8508,2025-08-28,Paid Search,True,False
8509,2025-05-23,Organic Search,True,False
8510,2025-11-17,Organic Search,False,False
8511,2025-01-05,Organic Search,True,False
8512,2025-02-12,Paid Search,True,True
8513,2025-06-03,Email,False,False
8514,2025-06-28,Email,True,False
8515,2026-02-05,Paid Search,True,False
8516,2025-04-18,Organic Search,True,True
8517,2025-08-30,Email,True,False
8518,2025-12-15,Paid Search,True,False
8519,2025-04-26,Paid Search,True,True
8520,2025-11-15,Direct,True,False
8521,2025-03-04,Direct,False,True
8522,2025-09-16,Paid Social,True,False
8523,2025-10-11,Paid Search,False,False
8524,2025-08-24,Direct,True,True
8525,2025-07-29,Paid Search,False,False
8526,2025-08-14,Direct,True,False
8527,2026-01-17,Organic Search,True,True
8528,2025-08-01,Direct,True,False
8529,2025-09-15,Email,True,False
8530,2025-07-16,Email,True,False
8531,2025-11-25,Direct,True,False
8532,2025-09-15,Paid Social,True,False
8533,2025-12-17,Paid Social,True,False
8534,2026-01-20,Organic Search,True,False
8535,2025-05-08,Organic Search,False,False
8536,2025-11-19,Paid Social,False,False
8537,2025-03-21,Direct,False,False
8538,2025-11-06,Paid Social,False,False
8539,2025-04-29,Organic Search,True,False
8540,2026-02-01,Paid Social,True,False
8541,2025-01-20,Paid Social,True,False
8542,2025-09-07,Paid Search,False,False
8543,2025-08-31,Organic Search,False,False
8544,2025-01-20,Email,False,False
8545,2025-01-06,Organic Search,True,False
8546,2026-01-07,Direct,False,False
8547,2025-01-12,Direct,True,True
8548,2026-01-27,Direct,True,False
8549,2025-12-09,Direct,True,True
8550,2025-05-04,Paid Social,True,True
8551,2025-06-08,Email,True,False
8552,2025-08-03,Email,True,False
8553,2025-12-05,Direct,True,False
8554,2025-12-28,Organic Search,False,False
8555,2025-10-08,Direct,False,False
8556,2025-02-02,Direct,True,False
8557,2025-10-17,Email,True,True
8558,2025-04-17,Paid Search,True,False
8559,2025-04-11,Paid Search,True,True
8560,2025-07-10,Paid Search,True,False
8561,2025-10-19,Email,True,False
8562,2025-12-14,Paid Search,False,False
8563,2025-10-04,Paid Search,True,False
8564,2025-11-20,Paid Social,True,True
8565,2025-02-05,Organic Search,True,False
8566,2025-05-07,Direct,False,True
8567,2025-12-22,Organic Search,True,False
8568,2025-06-12,Paid Social,False,True
8569,2025-04-01,Direct,True,False
8570,2025-12-09,Direct,True,False
8571,2025-08-10,Organic Search,True,False
8572,2025-11-10,Paid Search,False,False
8573,2025-04-05,Organic Search,True,False
8574,2025-09-04,Paid Social,True,False
8575,2025-07-15,Paid Social,False,False
8576,2025-05-27,Paid Social,True,False
8577,2025-02-04,Email,True,False
8578,2025-03-20,Organic Search,False,False
8579,2025-11-20,Paid Social,True,False
8580,2025-12-22,Paid Social,True,True
8581,2025-12-18,Paid Search,False,False
8582,2025-06-06,Direct,True,True
8583,2026-01-28,Direct,True,False
8584,2025-01-29,Paid Social,True,False
8585,2025-10-11,Organic Search,True,True
8586,2025-10-09,Direct,False,False
8587,2025-11-18,Organic Search,True,False
8588,2025-07-15,Paid Social,True,False
8589,2025-07-16,Paid Social,True,False
8590,2026-01-12,Direct,False,False
8591,2025-09-18,Email,False,True
8592,2025-12-22,Paid Social,True,True
8593,2025-12-01,Email,True,True
8594,2025-10-01,Paid Search,True,False
8595,2025-02-25,Paid Social,True,True
8596,2025-08-16,Direct,True,False
8597,2025-10-24,Organic Search,True,True
8598,2025-07-25,Paid Search,True,False
8599,2025-12-11,Paid Social,True,False
8600,2025-06-24,Direct,True,True
8601,2025-05-09,Organic Search,True,False
8602,2025-10-02,Paid Search,False,False
8603,2025-08-19,Paid Search,False,False
8604,2025-04-13,Email,False,False
8605,2025-10-08,Paid Social,True,True
8606,2025-09-01,Direct,True,False
8607,2025-04-04,Direct,True,False
8608,2025-05-02,Email,True,False
8609,2025-10-02,Paid Search,True,False
8610,2025-11-30,Organic Search,True,True
8611,2025-07-30,Direct,False,False
8612,2025-12-10,Paid Social,False,False
8613,2025-01-10,Paid Social,True,False
8614,2025-08-28,Paid Social,True,True
8615,2025-07-04,Organic Search,True,False
8616,2025-12-21,Organic Search,False,False
8617,2025-07-17,Organic Search,True,False
8618,2025-08-13,Direct,False,False
8619,2025-10-14,Email,True,False
8620,2025-08-29,Email,False,True
8621,2025-06-24,Direct,True,False
8622,2025-11-25,Paid Search,True,False
8623,2025-06-12,Paid Search,True,True
8624,2025-07-17,Organic Search,True,True
8625,2026-01-25,Direct,True,True
8626,2025-02-26,Organic Search,False,False
8627,2025-05-17,Organic Search,True,False
8628,2025-09-10,Organic Search,False,False
8629,2025-03-30,Paid Search,True,False
8630,2025-12-17,Organic Search,False,False
8631,2025-09-30,Paid Search,True,False
8632,2025-06-23,Paid Social,False,False
8633,2025-11-05,Direct,False,True
8634,2025-04-23,Paid Social,True,False
8635,2025-08-17,Direct,True,False
8636,2025-03-20,Direct,False,False
8637,2025-11-10,Direct,False,False
8638,2025-02-09,Direct,False,False
8639,2025-12-07,Email,False,True
8640,2026-01-30,Organic Search,False,False
8641,2025-09-20,Paid Search,False,False
8642,2025-10-17,Email,True,True
8643,2025-03-20,Paid Search,False,True
8644,2025-07-31,Organic Search,True,True
8645,2025-02-15,Email,True,True
8646,2025-09-23,Paid Social,False,True
8647,2025-06-20,Paid Social,False,True
8648,2025-07-11,Email,True,False
8649,2025-04-26,Paid Search,False,False
8650,2025-04-15,Email,False,False
8651,2025-06-02,Paid Social,True,False
8652,2025-05-01,Paid Social,True,False
8653,2025-03-06,Paid Search,True,True
8654,2025-03-23,Paid Search,True,True
8655,2025-06-11,Organic Search,False,True
8656,2025-11-17,Email,True,True
8657,2025-09-01,Organic Search,True,True
8658,2025-09-01,Paid Social,False,True
8659,2025-10-17,Email,True,False
8660,2025-08-24,Paid Social,True,True
8661,2025-10-08,Paid Social,True,True
8662,2025-10-04,Organic Search,True,True
8663,2025-04-14,Paid Search,True,False
8664,2025-09-23,Organic Search,True,False
8665,2025-02-15,Paid Search,True,False
8666,2025-04-21,Paid Search,False,True
8667,2025-07-06,Paid Social,False,True
8668,2025-04-10,Paid Social,True,True
8669,2025-09-07,Email,True,False
8670,2025-05-12,Paid Social,True,False
8671,2025-10-03,Organic Search,False,False
8672,2025-09-03,Direct,False,False
8673,2025-01-25,Organic Search,True,False
8674,2025-07-17,Direct,True,False
8675,2025-12-17,Email,False,True
8676,2025-09-25,Organic Search,True,False
8677,2025-04-28,Direct,False,True
8678,2025-10-20,Organic Search,True,True
8679,2025-02-11,Paid Search,True,False
8680,2025-12-06,Paid Search,False,True
8681,2025-05-06,Email,True,False
8682,2025-02-26,Email,True,False
8683,2025-05-24,Direct,True,True
8684,2025-02-02,Direct,False,False
8685,2025-12-13,Organic Search,True,True
8686,2026-01-19,Organic Search,False,False
8687,2025-09-25,Email,False,True
8688,2025-01-13,Email,False,True
8689,2025-12-20,Direct,True,True
8690,2025-10-13,Direct,False,False
8691,2025-04-24,Paid Search,True,False
8692,2025-06-29,Paid Social,True,False
8693,2025-12-31,Email,True,False
8694,2025-05-17,Email,True,False
8695,2025-08-15,Paid Social,True,False
8696,2025-05-26,Direct,True,False
8697,2025-12-13,Paid Search,True,False
8698,2025-10-10,Email,False,False
8699,2025-10-09,Paid Social,True,False
8700,2025-06-30,Paid Social,False,False
8701,2025-07-28,Email,False,False
8702,2025-04-06,Direct,True,False
8703,2025-10-11,Organic Search,True,True
8704,2025-08-22,Paid Search,False,False
8705,2025-09-03,Organic Search,True,True
8706,2025-11-01,Email,True,False
8707,2025-12-12,Paid Search,False,False
8708,2025-02-21,Paid Search,True,False
8709,2025-09-09,Paid Search,True,False
8710,2025-01-14,Email,False,False
8711,2025-06-07,Organic Search,True,True
8712,2025-10-05,Paid Social,True,False
8713,2025-08-27,Paid Social,True,True
8714,2025-04-05,Email,True,True
8715,2025-01-30,Paid Search,True,True
8716,2025-01-18,Email,False,True
8717,2025-02-25,Paid Search,True,False
8718,2025-09-18,Organic Search,True,False
8719,2025-03-23,Email,False,False
8720,2025-11-28,Paid Social,True,False
8721,2025-12-19,Direct,True,True
8722,2025-07-20,Organic Search,True,False
8723,2026-01-31,Email,True,False
8724,2025-07-18,Organic Search,True,False
8725,2025-01-04,Paid Search,True,False
8726,2025-12-25,Organic Search,False,False
8727,2025-10-14,Paid Social,False,False
8728,2025-08-19,Organic Search,False,False
8729,2025-02-28,Paid Search,True,False
8730,2025-07-19,Paid Social,True,False
8731,2025-06-13,Email,True,False
8732,2025-07-11,Paid Search,False,True
8733,2025-08-25,Email,True,False
8734,2025-05-08,Paid Search,True,True
8735,2025-01-11,Organic Search,True,True
8736,2025-09-22,Paid Search,True,False
8737,2025-12-09,Organic Search,True,False
8738,2025-04-16,Paid Search,False,False
8739,2025-09-29,Direct,False,False
8740,2025-05-15,Direct,False,False
8741,2025-11-27,Direct,True,False
8742,2025-03-20,Paid Search,True,False
8743,2025-09-29,Email,True,False
8744,2025-05-25,Organic Search,False,False
8745,2025-05-11,Paid Social,True,True
8746,2025-05-16,Organic Search,True,True
8747,2025-12-31,Paid Social,False,False
8748,2026-01-06,Direct,False,True
8749,2025-10-01,Paid Social,True,True
8750,2025-08-20,Direct,True,False
8751,2025-03-27,Direct,True,True
8752,2025-06-06,Organic Search,False,False
8753,2025-05-20,Paid Search,True,False
8754,2025-11-04,Paid Search,True,False
8755,2026-01-16,Email,False,True
8756,2025-04-07,Paid Social,False,False
8757,2025-09-28,Direct,False,False
8758,2025-11-14,Paid Search,False,True
8759,2025-10-09,Email,True,False
8760,2026-01-05,Paid Search,False,True
8761,2025-10-26,Organic Search,True,False
8762,2025-06-16,Direct,True,False
8763,2025-11-11,Paid Social,True,False
8764,2025-01-06,Direct,True,False
8765,2025-02-28,Paid Social,False,True
8766,2025-03-31,Paid Social,True,False
8767,2025-10-21,Direct,False,False
8768,2025-02-06,Paid Search,False,True
8769,2025-04-04,Organic Search,True,False
8770,2025-10-26,Paid Search,False,False
8771,2025-04-19,Paid Social,True,False
8772,2025-03-05,Organic Search,False,False
8773,2025-09-27,Direct,False,False
8774,2026-01-12,Email,False,False
8775,2025-08-28,Paid Social,True,False
8776,2025-07-14,Organic Search,False,True
8777,2025-03-09,Direct,False,True
8778,2025-05-05,Paid Search,True,False
8779,2025-12-17,Paid Social,True,False
8780,2025-01-18,Paid Social,False,True
8781,2025-05-25,Paid Social,True,True
8782,2026-01-03,Organic Search,False,True
8783,2025-12-11,Organic Search,True,False
8784,2025-02-15,Email,False,False
8785,2025-03-21,Paid Search,True,False
8786,2025-07-22,Paid Social,True,False
8787,2025-02-17,Paid Search,False,False
8788,2025-08-03,Paid Search,True,False
8789,2025-09-23,Paid Social,True,True
8790,2025-08-30,Paid Search,False,True
8791,2026-02-01,Email,False,True
8792,2025-05-07,Organic Search,True,False
8793,2025-12-08,Paid Social,False,True
8794,2025-08-31,Paid Search,False,True
8795,2025-02-14,Email,True,True
8796,2025-03-25,Paid Search,True,False
8797,2025-09-24,Direct,True,False
8798,2025-01-23,Paid Search,False,True
8799,2025-02-11,Organic Search,True,False
8800,2025-01-09,Paid Search,True,False
8801,2025-09-23,Email,True,True
8802,2025-02-24,Email,False,False
8803,2025-09-11,Paid Search,True,False
8804,2025-09-06,Paid Social,True,False
8805,2025-08-21,Paid Search,True,False
8806,2026-01-31,Paid Search,True,False
8807,2025-05-01,Organic Search,True,False
8808,2025-06-29,Direct,False,False
8809,2025-03-20,Email,True,False
8810,2025-09-01,Email,True,False
8811,2025-02-26,Paid Search,True,False
8812,2025-03-23,Email,True,False
8813,2025-12-13,Organic Search,True,False
8814,2025-11-04,Organic Search,True,False
8815,2025-10-13,Organic Search,True,False
8816,2025-02-26,Paid Social,True,False
8817,2025-06-09,Organic Search,True,False
8818,2025-06-23,Organic Search,False,False
8819,2026-01-15,Organic Search,True,True
8820,2025-08-18,Paid Search,True,False
8821,2025-05-12,Paid Search,True,False
8822,2025-01-07,Paid Social,False,False
8823,2025-02-22,Organic Search,True,False
8824,2026-01-21,Paid Social,True,False
8825,2025-07-10,Direct,True,False
8826,2025-05-08,Paid Search,False,True
8827,2025-12-29,Organic Search,False,False
8828,2025-10-09,Email,True,False
8829,2025-12-04,Organic Search,False,False
8830,2025-01-21,Email,True,False
8831,2025-07-01,Paid Search,False,True
8832,2025-08-25,Email,False,False
8833,2025-10-07,Direct,False,False
8834,2025-07-25,Direct,True,False
8835,2025-07-08,Paid Social,False,False
8836,2025-04-29,Direct,True,True
8837,2026-01-12,Paid Search,True,False
8838,2025-09-21,Paid Social,True,False
8839,2025-03-12,Paid Social,True,False
8840,2025-06-17,Organic Search,True,True
8841,2025-11-05,Email,False,False
8842,2025-02-28,Email,False,True
8843,2025-01-21,Organic Search,False,False
8844,2025-03-26,Paid Search,True,False
8845,2026-01-23,Paid Social,False,False
8846,2025-06-29,Paid Search,True,False
8847,2025-12-28,Paid Search,True,False
8848,2025-12-09,Paid Social,True,True
8849,2025-03-05,Paid Search,False,False
8850,2026-01-04,Direct,True,False
8851,2025-02-14,Paid Social,True,False
8852,2025-02-08,Organic Search,False,True
8853,2025-08-28,Paid Search,True,False
8854,2026-01-02,Organic Search,False,True
8855,2025-12-22,Organic Search,True,False
8856,2025-04-30,Paid Search,False,False
8857,2025-10-18,Direct,False,False
8858,2025-09-27,Organic Search,False,False
8859,2025-06-18,Paid Social,False,False
8860,2025-06-14,Organic Search,False,False
8861,2025-10-07,Email,False,False
8862,2026-01-29,Paid Search,True,False
8863,2025-02-18,Direct,False,False
8864,2025-08-15,Direct,False,False
8865,2025-04-18,Paid Social,False,False
8866,2025-01-24,Email,True,False
8867,2025-06-22,Paid Search,False,True
8868,2025-02-15,Email,True,False
8869,2026-02-02,Paid Search,True,False
8870,2025-03-02,Email,False,False
8871,2025-03-27,Paid Search,False,False
8872,2025-08-03,Direct,True,False
8873,2025-09-02,Email,False,False
8874,2025-01-03,Organic Search,False,True
8875,2025-09-05,Email,True,False
8876,2025-09-26,Paid Search,False,False
8877,2025-06-15,Paid Social,True,False
8878,2025-11-08,Paid Search,False,False
8879,2025-06-08,Direct,True,False
8880,2025-09-22,Direct,True,False
8881,2025-10-26,Email,True,True
8882,2025-11-15,Paid Social,False,False
8883,2025-02-15,Email,False,False
8884,2026-02-03,Organic Search,False,False
8885,2025-03-08,Email,False,False
8886,2025-12-15,Email,True,True
8887,2025-09-23,Paid Search,True,True
8888,2025-05-29,Paid Social,False,False
8889,2025-11-08,Email,True,True
8890,2025-09-07,Organic Search,True,False
8891,2025-04-17,Paid Social,True,True
8892,2025-12-04,Email,True,False
8893,2025-09-27,Direct,True,False
8894,2025-03-23,Email,True,False
8895,2025-10-23,Paid Search,True,False
8896,2026-01-13,Email,False,True
8897,2025-09-21,Paid Social,False,True
8898,2025-03-26,Organic Search,True,False
8899,2025-09-29,Email,True,False
8900,2025-11-23,Email,False,False
8901,2025-05-15,Direct,False,False
8902,2025-08-15,Organic Search,False,False
8903,2025-03-05,Email,True,False
8904,2025-12-19,Organic Search,False,False
8905,2025-01-01,Email,True,False
8906,2025-05-17,Paid Search,True,False
8907,2025-12-17,Paid Social,True,False
8908,2025-12-01,Paid Search,True,False
8909,2025-06-09,Email,False,False
8910,2025-06-27,Organic Search,False,False
8911,2025-08-05,Organic Search,False,True
8912,2025-03-02,Paid Social,True,False
8913,2025-01-05,Email,True,False
8914,2025-02-28,Email,False,True
8915,2026-01-01,Paid Search,True,False
8916,2025-09-13,Direct,True,False
8917,2026-01-15,Paid Search,True,True
8918,2025-08-27,Paid Social,True,True
8919,2025-06-05,Organic Search,True,True
8920,2025-05-14,Direct,True,False
8921,2025-12-26,Email,True,False
8922,2025-04-30,Paid Search,False,False
8923,2025-02-27,Organic Search,True,False
8924,2025-08-10,Paid Social,True,False
8925,2025-04-29,Email,False,True
8926,2025-06-08,Organic Search,False,False
8927,2026-01-19,Direct,True,True
8928,2025-11-17,Email,True,False
8929,2025-03-26,Organic Search,False,False
8930,2025-04-06,Organic Search,True,False
8931,2025-12-01,Email,True,False
8932,2025-05-07,Email,True,False
8933,2025-08-16,Direct,True,False
8934,2026-01-19,Direct,True,True
8935,2025-01-10,Organic Search,True,False
8936,2025-06-21,Email,False,False
8937,2025-06-27,Direct,False,True
8938,2025-02-14,Direct,True,False
8939,2025-06-11,Organic Search,True,False
8940,2025-07-08,Email,False,False
8941,2025-08-17,Organic Search,True,True
8942,2025-05-31,Direct,False,False
8943,2025-04-20,Paid Search,False,False
8944,2025-12-06,Email,True,False
8945,2025-07-25,Paid Search,True,False
8946,2025-11-04,Paid Search,True,False
8947,2025-10-15,Paid Search,True,True
8948,2025-04-30,Email,False,True
8949,2025-10-09,Organic Search,False,False
8950,2025-08-10,Email,False,False
8951,2025-09-04,Organic Search,True,False
8952,2025-05-29,Email,False,False
8953,2025-03-11,Organic Search,False,False
8954,2025-01-09,Paid Search,True,False
8955,2025-08-23,Organic Search,False,False
8956,2026-01-20,Paid Social,False,False
8957,2025-03-01,Email,True,False
8958,2025-01-23,Paid Social,True,False
8959,2026-02-04,Direct,True,True
8960,2025-09-06,Paid Social,True,False
8961,2025-07-19,Paid Social,True,False
8962,2025-12-19,Paid Social,True,False
8963,2025-07-19,Organic Search,False,False
8964,2026-01-31,Paid Search,True,False
8965,2026-01-05,Direct,True,False
8966,2025-12-25,Organic Search,True,False
8967,2025-08-28,Paid Social,False,True
8968,2025-07-11,Email,False,False
8969,2025-10-17,Organic Search,True,False
8970,2025-08-18,Paid Search,True,False
8971,2025-10-29,Email,True,False
8972,2025-03-07,Direct,False,False
8973,2025-08-04,Paid Search,True,False
8974,2025-07-06,Email,False,False
8975,2025-04-23,Email,True,True
8976,2025-12-17,Paid Social,False,True
8977,2025-04-15,Direct,True,False
8978,2025-07-31,Organic Search,False,False
8979,2026-01-17,Email,True,False
8980,2026-01-21,Organic Search,True,False
8981,2025-05-31,Direct,True,False
8982,2025-04-19,Direct,False,True
8983,2025-12-21,Paid Social,True,False
8984,2025-02-25,Organic Search,False,False
8985,2025-04-20,Paid Search,True,True
8986,2025-08-28,Paid Social,False,False
8987,2025-01-23,Paid Social,False,False
8988,2025-01-19,Email,True,False
8989,2025-05-24,Paid Search,True,False
8990,2025-08-06,Direct,True,False
8991,2025-10-03,Organic Search,True,True
8992,2025-03-04,Direct,False,True
8993,2025-03-07,Paid Search,True,False
8994,2025-10-15,Direct,False,False
8995,2026-01-04,Organic Search,True,False
8996,2025-04-18,Email,True,False
8997,2025-02-20,Direct,False,True
8998,2025-03-01,Email,True,False
8999,2025-11-30,Paid Search,False,False
9000,2025-10-09,Paid Social,False,True
9001,2025-08-13,Organic Search,True,True
9002,2025-07-20,Direct,False,True
9003,2025-05-30,Direct,False,False
9004,2026-01-07,Paid Social,True,True
9005,2025-08-19,Email,True,True
9006,2026-01-04,Paid Social,True,False
9007,2025-04-18,Paid Social,True,False
9008,2025-10-22,Paid Social,False,False
9009,2025-10-09,Paid Social,False,False
9010,2025-02-01,Direct,True,False
9011,2025-10-08,Direct,False,False
9012,2025-08-14,Paid Social,False,True
9013,2025-01-25,Email,True,False
9014,2025-05-01,Email,True,True
9015,2025-02-10,Email,True,True
9016,2025-09-25,Organic Search,True,False
9017,2025-08-21,Direct,False,False
9018,2025-10-14,Paid Social,True,False
9019,2025-02-06,Email,True,False
9020,2026-01-26,Email,True,False
9021,2025-06-08,Direct,True,False
9022,2025-08-11,Paid Social,True,True
9023,2025-07-01,Direct,True,False
9024,2025-07-20,Organic Search,True,True
9025,2025-10-26,Email,True,False
9026,2025-05-02,Paid Social,False,False
9027,2025-10-01,Direct,False,True
9028,2025-10-26,Paid Social,False,False
9029,2025-06-17,Organic Search,False,False
9030,2025-11-23,Email,True,False
9031,2025-09-18,Direct,True,False
9032,2025-04-03,Email,False,False
9033,2025-06-12,Paid Search,True,False
9034,2026-01-29,Organic Search,False,False
9035,2025-04-12,Organic Search,False,False
9036,2025-09-13,Direct,True,False
9037,2026-01-08,Direct,True,True
9038,2025-06-15,Paid Search,True,False
9039,2025-09-23,Paid Search,True,False
9040,2025-09-02,Email,False,False
9041,2025-03-07,Paid Social,True,False
9042,2025-07-18,Paid Social,True,False
9043,2025-09-09,Paid Search,False,False
9044,2025-05-28,Email,False,False
9045,2025-11-25,Organic Search,True,True
9046,2025-04-12,Email,True,False
9047,2026-01-02,Email,True,False
9048,2025-09-28,Paid Social,True,False
9049,2026-01-04,Paid Search,True,True
9050,2026-01-11,Email,False,False
9051,2025-11-23,Direct,True,False
9052,2025-04-20,Paid Social,False,False
9053,2025-12-30,Paid Search,True,True
9054,2025-10-09,Paid Social,True,False
9055,2025-04-28,Email,True,True
9056,2025-07-08,Email,True,False
9057,2025-05-12,Email,True,True
9058,2025-12-04,Paid Social,True,True
9059,2025-05-03,Paid Search,True,False
9060,2025-09-28,Email,False,False
9061,2025-10-27,Organic Search,False,False
9062,2025-01-03,Paid Search,False,False
9063,2025-12-18,Organic Search,True,True
9064,2025-07-23,Organic Search,True,False
9065,2025-08-01,Paid Search,True,False
9066,2025-05-03,Paid Search,True,False
9067,2025-10-28,Paid Social,False,False
9068,2025-10-16,Paid Social,True,False
9069,2025-03-23,Paid Social,False,False
9070,2026-01-09,Direct,True,False
9071,2025-01-24,Paid Search,False,True
9072,2025-03-29,Email,True,False
9073,2025-03-15,Organic Search,True,True
9074,2025-09-10,Direct,True,False
9075,2025-08-18,Paid Search,True,False
9076,2025-12-06,Email,True,False
9077,2025-02-20,Paid Social,False,True
9078,2025-10-23,Direct,True,False
9079,2025-01-13,Paid Social,True,False
9080,2025-08-23,Paid Social,False,False
9081,2025-03-25,Paid Search,True,False
9082,2025-10-01,Direct,True,False
9083,2025-07-10,Direct,True,False
9084,2025-02-11,Email,True,False
9085,2025-03-18,Direct,True,False
9086,2025-12-09,Paid Search,False,False
9087,2025-11-19,Paid Search,True,True
9088,2025-04-27,Direct,True,False
9089,2025-02-28,Paid Search,True,False
9090,2025-10-18,Direct,False,True
9091,2025-11-09,Paid Search,True,False
9092,2025-07-07,Paid Social,True,False
9093,2025-01-07,Email,True,False
9094,2025-02-27,Email,True,True
9095,2025-11-02,Paid Social,False,False
9096,2025-04-16,Organic Search,True,False
9097,2025-07-25,Email,True,False
9098,2025-06-17,Organic Search,True,False
9099,2025-06-08,Paid Social,True,False
9100,2025-12-21,Organic Search,True,False
9101,2025-04-23,Paid Social,False,False
9102,2025-07-15,Organic Search,True,False
9103,2026-02-05,Email,False,True
9104,2025-08-06,Organic Search,True,False
9105,2025-02-08,Organic Search,False,False
9106,2025-06-26,Email,True,False
9107,2025-09-12,Paid Social,True,False
9108,2025-12-18,Paid Search,True,False
9109,2025-11-09,Email,False,True
9110,2025-07-06,Direct,False,False
9111,2025-07-16,Organic Search,True,True
9112,2025-10-11,Paid Search,True,False
9113,2025-10-24,Email,True,False
9114,2025-04-23,Email,True,False
9115,2025-03-04,Paid Social,True,False
9116,2025-10-27,Direct,True,False
9117,2025-01-20,Email,True,True
9118,2025-03-24,Paid Social,True,False
9119,2025-07-07,Organic Search,True,False
9120,2025-01-31,Paid Social,True,False
9121,2025-10-01,Direct,True,True
9122,2025-05-19,Paid Search,True,False
9123,2025-01-03,Organic Search,False,True
9124,2025-11-07,Organic Search,False,False
9125,2025-10-22,Paid Social,True,False
9126,2025-03-07,Organic Search,True,False
9127,2025-12-27,Organic Search,True,False
9128,2026-02-03,Paid Search,True,False
9129,2025-08-24,Direct,True,False
9130,2025-10-08,Email,True,False
9131,2025-07-30,Paid Search,False,True
9132,2025-05-11,Paid Social,False,False
9133,2025-01-22,Email,True,False
9134,2025-12-19,Paid Search,True,False
9135,2025-05-12,Organic Search,False,False
9136,2025-05-22,Organic Search,True,True
9137,2025-02-26,Email,False,True
9138,2025-04-28,Paid Search,True,True
9139,2025-12-14,Paid Social,False,False
9140,2025-06-27,Direct,True,False
9141,2025-04-13,Paid Search,True,False
9142,2025-11-04,Email,True,False
9143,2025-09-04,Paid Social,True,False
9144,2025-10-07,Email,True,True
9145,2026-01-01,Email,False,False
9146,2025-06-11,Paid Search,True,False
9147,2025-03-18,Direct,True,False
9148,2025-02-16,Organic Search,True,True
9149,2025-01-01,Paid Social,False,True
9150,2025-11-20,Paid Social,True,True
9151,2025-08-16,Paid Search,False,False
9152,2025-07-30,Direct,True,False
9153,2025-01-25,Paid Social,False,False
9154,2025-08-23,Paid Search,True,False
9155,2025-12-24,Direct,True,False
9156,2025-06-10,Direct,False,False
9157,2025-06-22,Paid Social,True,True
9158,2025-03-17,Direct,True,False
9159,2025-12-16,Email,False,False
9160,2025-07-03,Email,True,False
9161,2025-12-22,Paid Search,False,True
9162,2026-01-12,Email,False,False
9163,2025-12-29,Paid Social,True,False
9164,2025-01-17,Paid Search,True,False
9165,2025-10-08,Organic Search,False,True
9166,2025-04-12,Paid Search,False,False
9167,2025-04-17,Paid Social,True,False
9168,2025-09-15,Organic Search,False,False
9169,2026-01-26,Paid Social,False,False
9170,2025-05-21,Direct,False,False
9171,2025-12-06,Email,True,False
9172,2025-10-30,Paid Social,True,True
9173,2025-12-09,Paid Search,True,False
9174,2025-08-11,Email,True,False
9175,2025-04-18,Organic Search,False,False
9176,2025-12-23,Paid Social,False,False
9177,2025-03-03,Organic Search,True,False
9178,2025-06-14,Direct,False,True
9179,2025-09-23,Email,True,True
9180,2025-08-10,Paid Search,False,False
9181,2025-08-04,Email,True,False
9182,2025-03-08,Paid Search,True,False
9183,2025-07-09,Organic Search,True,False
9184,2025-07-22,Email,True,False
9185,2025-12-08,Email,False,False
9186,2025-05-20,Paid Search,False,False
9187,2025-06-25,Paid Social,False,False
9188,2025-05-29,Organic Search,True,False
9189,2025-02-07,Paid Social,True,False
9190,2025-04-06,Email,False,True
9191,2025-06-22,Paid Social,True,True
9192,2026-01-22,Paid Search,True,False
9193,2025-07-13,Paid Social,True,False
9194,2025-05-02,Paid Search,True,False
9195,2026-01-13,Paid Search,True,True
9196,2025-03-12,Paid Search,True,False
9197,2025-08-27,Paid Search,False,False
9198,2025-03-11,Direct,False,False
9199,2025-07-28,Email,True,False
9200,2025-04-07,Direct,False,False
9201,2025-08-16,Direct,True,False
9202,2026-01-15,Paid Search,False,False
9203,2025-01-25,Email,True,False
9204,2025-09-03,Email,True,False
9205,2025-05-16,Email,False,False
9206,2025-03-19,Email,True,False
9207,2025-11-26,Email,True,False
9208,2025-09-21,Paid Social,True,False
9209,2025-11-14,Paid Search,False,False
9210,2025-05-22,Email,True,False
9211,2025-05-30,Organic Search,True,True
9212,2025-07-16,Direct,True,False
9213,2025-10-21,Email,True,True
9214,2025-04-23,Organic Search,True,True
9215,2025-06-06,Organic Search,True,False
9216,2025-03-28,Paid Social,False,False
9217,2025-11-08,Paid Social,False,True
9218,2025-06-09,Paid Social,True,True
9219,2025-01-11,Paid Search,True,False
9220,2025-11-05,Direct,False,False
9221,2025-02-08,Paid Social,True,False
9222,2025-07-07,Email,True,False
9223,2025-10-28,Direct,True,False
9224,2025-06-14,Paid Search,False,False
9225,2025-01-15,Direct,True,False
9226,2025-07-13,Organic Search,True,True
9227,2025-08-04,Email,True,False
9228,2026-01-15,Email,True,False
9229,2025-03-31,Direct,True,False
9230,2025-07-20,Email,True,False
9231,2025-12-15,Paid Search,False,True
9232,2025-09-09,Email,True,False
9233,2025-06-06,Paid Search,True,True
9234,2025-07-31,Email,False,False
9235,2025-09-13,Paid Search,False,True
9236,2025-12-21,Direct,True,False
9237,2026-01-22,Direct,True,False
9238,2025-07-20,Email,True,False
9239,2025-11-22,Paid Search,True,False
9240,2025-03-12,Organic Search,True,False
9241,2025-11-20,Direct,False,False
9242,2025-09-03,Paid Social,False,False
9243,2025-08-06,Organic Search,True,False
9244,2025-10-07,Paid Social,False,False
9245,2025-12-15,Direct,False,True
9246,2025-07-13,Email,True,True
9247,2026-01-01,Direct,False,False
9248,2025-07-28,Paid Search,True,False
9249,2025-04-24,Paid Search,False,False
9250,2025-11-13,Paid Social,True,False
9251,2025-09-27,Email,False,False
9252,2025-06-21,Direct,False,False
9253,2025-04-12,Paid Search,False,True
9254,2025-10-17,Paid Social,True,True
9255,2025-12-05,Organic Search,True,False
9256,2025-06-01,Paid Search,True,False
9257,2025-06-10,Organic Search,True,False
9258,2025-04-10,Email,True,True
9259,2025-03-15,Paid Search,True,False
9260,2025-07-18,Direct,True,False
9261,2025-12-24,Paid Search,False,True
9262,2025-05-12,Email,True,False
9263,2025-07-21,Paid Social,True,False
9264,2025-07-02,Paid Social,False,True
9265,2025-01-28,Paid Social,True,False
9266,2025-05-03,Email,True,True
9267,2026-01-26,Direct,True,False
9268,2025-09-05,Paid Social,True,True
9269,2025-03-06,Direct,True,False
9270,2025-07-13,Paid Search,False,True
9271,2025-03-03,Email,False,True
9272,2026-01-09,Direct,False,True
9273,2025-07-01,Organic Search,False,False
9274,2025-09-23,Organic Search,True,False
9275,2025-08-17,Paid Search,True,False
9276,2025-08-13,Email,True,False
9277,2025-12-05,Email,False,False
9278,2025-01-31,Organic Search,True,True
9279,2025-01-28,Paid Social,True,True
9280,2025-05-16,Direct,True,True
9281,2025-12-16,Paid Search,True,False
9282,2025-05-20,Email,False,False
9283,2025-05-21,Paid Social,False,False
9284,2025-07-14,Email,False,True
9285,2025-04-26,Paid Search,True,False
9286,2025-05-10,Paid Social,True,False
9287,2025-12-17,Paid Social,True,False
9288,2025-12-07,Organic Search,False,False
9289,2025-03-20,Paid Social,True,False
9290,2026-02-02,Direct,True,False
9291,2025-10-24,Paid Search,True,False
9292,2025-10-07,Paid Social,False,False
9293,2025-04-17,Paid Search,False,False
9294,2025-01-19,Paid Social,False,False
9295,2025-03-22,Organic Search,False,False
9296,2026-01-10,Direct,True,False
9297,2025-12-07,Email,True,True
9298,2025-12-15,Paid Search,True,True
9299,2025-08-08,Email,True,False
9300,2026-01-05,Paid Search,False,False
9301,2025-09-14,Paid Social,True,False
9302,2025-10-11,Paid Social,True,False
9303,2025-09-07,Organic Search,True,False
9304,2025-05-14,Paid Search,True,True
9305,2025-11-05,Paid Social,False,True
9306,2025-07-29,Direct,False,False
9307,2025-09-06,Direct,True,True
9308,2025-01-19,Email,True,True
9309,2025-12-19,Organic Search,True,False
9310,2025-04-08,Paid Search,True,False
9311,2025-12-13,Email,False,False
9312,2025-03-25,Paid Social,False,True
9313,2025-09-10,Email,True,False
9314,2025-02-13,Paid Search,False,False
9315,2026-01-01,Paid Search,True,False
9316,2025-11-08,Organic Search,True,False
9317,2025-12-15,Paid Search,False,False
9318,2025-04-28,Paid Social,False,False
9319,2025-08-15,Direct,True,False
9320,2025-12-30,Direct,True,False
9321,2026-01-03,Paid Social,False,False
9322,2025-07-08,Paid Search,False,True
9323,2025-07-04,Organic Search,True,False
9324,2025-03-27,Direct,False,False
9325,2025-07-28,Organic Search,True,False
9326,2025-08-24,Paid Social,True,False
9327,2025-03-22,Paid Social,True,False
9328,2025-11-02,Direct,True,False
9329,2025-10-15,Paid Social,False,False
9330,2025-04-10,Paid Social,False,False
9331,2025-03-03,Organic Search,False,False
9332,2025-03-17,Direct,True,False
9333,2025-12-07,Direct,False,False
9334,2025-12-12,Paid Search,True,True
9335,2025-02-03,Direct,True,False
9336,2026-01-14,Paid Search,False,False
9337,2026-01-06,Email,False,False
9338,2025-08-20,Email,False,False
9339,2025-05-18,Organic Search,False,True
9340,2025-01-19,Paid Search,True,True
9341,2025-12-03,Paid Search,True,False
9342,2025-03-14,Direct,True,False
9343,2025-07-05,Direct,False,False
9344,2025-12-27,Paid Social,True,False
9345,2025-12-31,Email,True,False
9346,2025-07-17,Email,False,True
9347,2025-12-07,Organic Search,True,False
9348,2025-08-20,Email,True,False
9349,2025-07-07,Email,False,True
9350,2025-11-16,Paid Social,True,False
9351,2025-05-26,Email,True,True
9352,2025-08-23,Paid Social,True,False
9353,2025-09-09,Paid Social,True,False
9354,2025-05-26,Email,True,True
9355,2025-03-17,Paid Search,True,False
9356,2025-02-27,Email,True,False
9357,2025-06-10,Paid Social,False,True
9358,2026-02-02,Email,True,False
9359,2025-09-29,Paid Social,True,False
9360,2025-06-05,Organic Search,True,True
9361,2025-07-14,Organic Search,False,True
9362,2025-04-09,Organic Search,True,False
9363,2025-09-17,Organic Search,True,False
9364,2025-11-23,Paid Search,False,True
9365,2026-01-14,Organic Search,False,False
9366,2025-09-05,Organic Search,True,False
9367,2025-01-20,Paid Social,True,True
9368,2025-02-04,Paid Search,True,False
9369,2025-08-10,Organic Search,True,True
9370,2025-03-08,Paid Search,True,False
9371,2025-05-04,Paid Social,True,True
9372,2025-08-07,Paid Social,False,False
9373,2025-02-15,Paid Search,False,True
9374,2025-07-08,Paid Social,True,False
9375,2025-10-12,Paid Search,True,False
9376,2025-10-16,Direct,True,False
9377,2025-10-29,Paid Search,True,False
9378,2026-01-09,Organic Search,True,False
9379,2025-11-01,Paid Social,False,True
9380,2025-10-01,Direct,True,True
9381,2025-02-28,Paid Search,True,True
9382,2025-09-23,Direct,False,True
9383,2026-01-21,Direct,True,False
9384,2025-12-18,Direct,False,True
9385,2025-10-13,Paid Search,False,True
9386,2026-01-28,Direct,True,True
9387,2025-03-09,Organic Search,True,True
9388,2025-07-18,Organic Search,True,False
9389,2025-05-31,Direct,True,True
9390,2025-06-25,Paid Search,True,True
9391,2026-02-02,Paid Social,True,False
9392,2025-05-11,Email,False,False
9393,2025-11-20,Organic Search,False,False
9394,2025-09-18,Direct,True,False
9395,2025-03-28,Paid Search,True,False
9396,2025-11-30,Paid Social,False,False
9397,2025-03-26,Email,True,False
9398,2025-08-15,Organic Search,True,False
9399,2025-12-28,Direct,True,False
9400,2025-10-14,Organic Search,False,True
9401,2025-12-08,Direct,False,False
9402,2025-04-26,Email,False,False
9403,2025-10-31,Paid Social,True,False
9404,2025-10-17,Direct,True,True
9405,2025-04-22,Email,True,True
9406,2025-11-16,Direct,True,False
9407,2025-06-11,Email,True,False
9408,2025-07-23,Paid Search,False,True
9409,2025-10-26,Direct,True,True
9410,2025-11-03,Email,False,True
9411,2025-12-07,Paid Search,False,True
9412,2025-06-13,Email,True,True
9413,2025-06-05,Email,True,False
9414,2025-12-07,Direct,True,False
9415,2026-01-06,Paid Social,False,False
9416,2025-02-13,Email,False,False
9417,2025-01-03,Email,True,False
9418,2026-01-22,Paid Social,False,False
9419,2025-10-05,Organic Search,True,False
9420,2025-09-01,Organic Search,False,False
9421,2025-04-01,Paid Social,True,True
9422,2025-02-26,Email,False,False
9423,2026-01-11,Direct,True,False
9424,2025-05-02,Paid Social,False,False
9425,2025-02-11,Direct,True,False
9426,2025-10-11,Paid Search,False,True
9427,2025-06-13,Direct,False,True
9428,2025-05-23,Organic Search,False,False
9429,2025-01-19,Paid Search,True,False
9430,2025-05-18,Paid Social,True,False
9431,2025-05-25,Paid Social,True,False
9432,2025-10-24,Organic Search,True,True
9433,2025-02-13,Paid Social,True,False
9434,2025-02-25,Direct,True,False
9435,2026-01-24,Direct,False,False
9436,2025-05-12,Paid Social,False,False
9437,2025-05-16,Paid Search,True,True
9438,2025-10-26,Direct,True,False
9439,2025-01-05,Direct,False,False
9440,2025-01-30,Email,True,False
9441,2025-04-12,Paid Social,False,False
9442,2026-01-17,Organic Search,True,False
9443,2025-01-14,Email,False,False
9444,2025-12-09,Direct,True,False
9445,2026-01-10,Paid Social,False,False
9446,2025-09-04,Paid Social,False,False
9447,2025-03-02,Paid Social,False,False
9448,2026-01-06,Paid Search,True,False
9449,2025-10-31,Paid Social,True,False
9450,2025-03-25,Direct,False,False
9451,2025-11-23,Direct,False,True
9452,2025-01-27,Direct,True,False
9453,2025-09-20,Email,False,False
9454,2025-09-13,Email,False,True
9455,2025-04-11,Paid Social,False,False
9456,2025-12-16,Email,False,False
9457,2025-12-23,Direct,False,False
9458,2025-12-15,Paid Social,True,False
9459,2025-12-13,Email,False,False
9460,2025-09-19,Email,True,False
9461,2025-12-05,Paid Search,True,False
9462,2025-11-11,Paid Search,False,False
9463,2025-08-20,Direct,True,False
9464,2025-05-05,Email,True,False
9465,2025-02-13,Paid Social,True,False
9466,2026-01-29,Paid Search,True,True
9467,2025-04-02,Organic Search,True,False
9468,2025-02-06,Direct,True,True
9469,2025-09-16,Email,True,False
9470,2025-07-26,Organic Search,False,False
9471,2025-04-14,Organic Search,True,False
9472,2025-02-21,Email,False,False
9473,2025-01-06,Paid Social,False,True
9474,2025-03-02,Organic Search,True,False
9475,2025-04-09,Paid Social,True,True
9476,2025-05-12,Paid Social,True,False
9477,2025-09-06,Paid Search,True,False
9478,2026-01-08,Email,True,False
9479,2025-06-14,Direct,True,False
9480,2025-09-07,Paid Social,False,False
9481,2025-08-30,Paid Search,True,False
9482,2025-12-12,Email,False,False
9483,2025-07-31,Email,True,True
9484,2025-08-19,Email,True,False
9485,2025-02-22,Paid Search,False,False
9486,2025-04-20,Direct,True,False
9487,2025-03-10,Paid Social,True,False
9488,2025-12-09,Organic Search,True,False
9489,2025-02-13,Email,False,False
9490,2025-10-27,Paid Social,True,False
9491,2026-01-15,Direct,True,False
9492,2025-08-24,Paid Social,True,True
9493,2025-10-12,Organic Search,True,False
9494,2025-03-23,Direct,True,False
9495,2025-02-18,Direct,True,False
9496,2025-07-17,Organic Search,True,False
9497,2025-12-01,Email,False,False
9498,2025-10-23,Paid Social,True,False
9499,2025-07-16,Organic Search,False,True
9500,2025-01-25,Paid Social,False,False
9501,2025-11-21,Direct,False,True
9502,2025-07-11,Paid Social,True,False
9503,2025-05-02,Paid Search,True,True
9504,2025-12-26,Organic Search,False,True
9505,2025-12-09,Organic Search,False,False
9506,2025-02-25,Paid Search,False,True
9507,2025-03-27,Direct,False,False
9508,2026-02-01,Email,True,False
9509,2025-05-17,Organic Search,True,False
9510,2025-03-19,Direct,False,False
9511,2025-05-22,Organic Search,True,False
9512,2025-12-23,Email,False,False
9513,2025-09-06,Direct,False,False
9514,2025-11-13,Email,True,False
9515,2025-08-31,Paid Social,True,True
9516,2025-07-08,Paid Social,False,True
9517,2025-09-21,Paid Search,False,True
9518,2025-10-30,Email,False,False
9519,2025-10-28,Direct,True,False
9520,2026-02-01,Paid Search,True,False
9521,2026-01-29,Direct,False,False
9522,2025-07-01,Organic Search,True,False
9523,2025-02-08,Organic Search,True,True
9524,2025-02-25,Paid Search,False,False
9525,2025-09-29,Direct,True,False
9526,2026-01-31,Paid Search,True,False
9527,2025-03-15,Email,False,True
9528,2025-04-10,Paid Search,False,False
9529,2025-08-23,Organic Search,True,False
9530,2025-07-04,Email,False,False
9531,2025-03-10,Direct,True,False
9532,2025-07-07,Paid Search,True,True
9533,2025-10-27,Paid Social,True,False
9534,2025-05-04,Paid Social,True,False
9535,2025-05-27,Direct,False,False
9536,2025-07-03,Paid Search,False,False
9537,2025-12-14,Email,False,False
9538,2026-01-01,Direct,True,False
9539,2025-12-24,Paid Social,True,True
9540,2025-05-07,Paid Search,False,False
9541,2025-10-14,Organic Search,True,False
9542,2025-06-06,Paid Social,True,True
9543,2025-06-01,Paid Social,True,True
9544,2025-04-16,Paid Search,False,True
9545,2025-10-26,Email,True,False
9546,2025-04-06,Paid Search,True,False
9547,2025-03-15,Paid Social,True,False
9548,2025-05-17,Paid Social,False,False
9549,2025-10-29,Email,True,False
9550,2025-06-10,Paid Search,False,False
9551,2025-07-08,Organic Search,True,False
9552,2025-02-02,Paid Search,True,False
9553,2025-06-12,Organic Search,True,False
9554,2025-01-20,Paid Social,True,False
9555,2025-10-25,Paid Social,False,False
9556,2025-11-04,Organic Search,False,False
9557,2025-03-30,Email,True,False
9558,2025-03-28,Email,False,False
9559,2025-07-13,Direct,False,False
9560,2025-08-24,Paid Search,False,True
9561,2025-05-24,Paid Search,False,False
9562,2025-05-04,Paid Social,False,False
9563,2025-11-24,Paid Social,False,False
9564,2025-12-21,Paid Social,False,False
9565,2025-03-13,Email,True,True
9566,2025-01-14,Direct,True,False
9567,2025-07-04,Email,False,False
9568,2025-11-19,Direct,True,False
9569,2025-04-26,Paid Social,False,False
9570,2025-06-04,Email,True,True
9571,2025-04-23,Organic Search,False,False
9572,2025-02-08,Paid Search,True,False
9573,2025-07-19,Direct,True,False
9574,2025-03-18,Organic Search,False,False
9575,2025-10-17,Paid Social,False,True
9576,2025-11-13,Direct,True,False
9577,2026-01-24,Direct,True,True
9578,2025-10-03,Email,True,True
9579,2025-07-17,Paid Search,False,False
9580,2025-12-03,Paid Search,True,False
9581,2026-01-12,Paid Social,True,False
9582,2025-12-30,Paid Social,False,False
9583,2025-04-17,Email,True,True
9584,2025-10-02,Organic Search,True,False
9585,2026-01-03,Organic Search,False,False
9586,2025-12-27,Paid Search,True,True
9587,2025-01-14,Direct,False,False
9588,2025-06-20,Direct,False,False
9589,2025-03-17,Organic Search,True,False
9590,2025-06-02,Paid Social,True,True
9591,2025-11-27,Email,True,False
9592,2025-10-26,Organic Search,True,True
9593,2025-05-30,Paid Social,True,False
9594,2025-10-24,Organic Search,True,True
9595,2025-01-28,Email,True,False
9596,2025-02-20,Organic Search,True,False
9597,2025-11-07,Organic Search,True,False
9598,2025-12-03,Email,False,False
9599,2025-09-17,Paid Search,True,True
9600,2025-01-13,Organic Search,False,False
9601,2025-10-20,Email,True,False
9602,2025-01-05,Organic Search,True,True
9603,2025-06-24,Direct,False,True
9604,2025-02-06,Email,True,False
9605,2025-08-20,Organic Search,True,True
9606,2025-03-23,Paid Search,False,True
9607,2026-01-16,Paid Social,False,False
9608,2025-10-27,Paid Social,True,False
9609,2025-03-07,Organic Search,False,False
9610,2025-02-24,Organic Search,False,False
9611,2025-08-05,Email,True,True
9612,2026-01-15,Paid Search,False,False
9613,2026-01-22,Paid Social,True,False
9614,2025-02-15,Direct,True,False
9615,2025-11-22,Email,False,False
9616,2025-06-20,Direct,False,False
9617,2025-07-31,Direct,False,True
9618,2025-02-28,Paid Social,True,False
9619,2025-06-24,Email,True,False
9620,2025-01-28,Paid Search,False,False
9621,2025-09-01,Direct,True,False
9622,2025-08-17,Direct,False,True
9623,2025-03-26,Direct,True,True
9624,2025-09-11,Paid Social,True,False
9625,2025-05-29,Direct,True,True
9626,2026-01-26,Paid Search,False,False
9627,2025-05-17,Paid Social,True,False
9628,2026-01-11,Organic Search,True,False
9629,2025-07-26,Email,True,False
9630,2025-04-29,Organic Search,False,False
9631,2025-11-06,Organic Search,False,True
9632,2025-06-28,Organic Search,True,False
9633,2025-09-10,Paid Social,False,False
9634,2025-05-29,Organic Search,False,False
9635,2026-01-14,Paid Social,True,False
9636,2025-11-24,Paid Search,False,True
9637,2025-05-30,Email,True,False
9638,2025-05-16,Organic Search,False,True
9639,2025-07-28,Paid Search,False,False
9640,2025-10-02,Direct,False,True
9641,2025-04-25,Direct,False,False
9642,2025-07-28,Paid Search,True,True
9643,2025-09-19,Organic Search,True,False
9644,2025-12-06,Paid Social,True,False
9645,2025-10-22,Email,True,False
9646,2025-12-26,Paid Social,True,False
9647,2026-02-05,Email,True,False
9648,2025-03-04,Direct,True,False
9649,2025-02-26,Paid Search,True,False
9650,2026-01-05,Email,True,False
9651,2025-01-15,Direct,False,False
9652,2025-12-01,Direct,True,False
9653,2025-08-06,Email,True,True
9654,2025-12-09,Direct,True,False
9655,2025-10-08,Paid Search,False,True
9656,2026-01-20,Email,True,True
9657,2025-07-01,Paid Social,False,True
9658,2025-10-30,Organic Search,False,False
9659,2025-01-23,Direct,True,False
9660,2025-09-21,Paid Search,True,False
9661,2025-11-13,Direct,False,False
9662,2025-06-13,Direct,False,False
9663,2026-02-02,Paid Social,True,False
9664,2025-07-23,Paid Social,True,False
9665,2026-02-01,Paid Search,True,False
9666,2025-10-19,Email,True,True
9667,2026-01-20,Organic Search,False,True
9668,2025-09-09,Paid Search,True,False
9669,2025-11-18,Paid Social,True,False
9670,2025-02-06,Organic Search,False,False
9671,2025-06-30,Direct,True,False
9672,2025-06-05,Paid Search,True,False
9673,2025-08-30,Organic Search,False,False
9674,2025-12-02,Organic Search,False,False
9675,2026-01-05,Email,True,False
9676,2025-03-16,Organic Search,True,False
9677,2025-06-08,Organic Search,True,False
9678,2025-12-31,Organic Search,True,False
9679,2025-05-23,Organic Search,True,False
9680,2025-10-02,Email,False,False
9681,2025-03-02,Paid Search,True,False
9682,2026-01-27,Paid Social,True,True
9683,2026-01-06,Paid Search,False,False
9684,2025-06-26,Paid Social,True,True
9685,2025-08-25,Organic Search,True,True
9686,2025-05-24,Direct,True,False
9687,2025-04-27,Email,False,True
9688,2025-10-17,Email,True,True
9689,2025-02-26,Organic Search,False,False
9690,2025-08-30,Organic Search,False,False
9691,2025-11-24,Paid Social,True,False
9692,2025-11-29,Organic Search,True,False
9693,2025-09-17,Paid Social,True,False
9694,2025-08-31,Paid Search,False,True
9695,2025-04-30,Organic Search,True,False
9696,2025-10-12,Email,False,False
9697,2025-04-21,Direct,False,False
9698,2025-12-25,Paid Search,False,False
9699,2025-08-20,Paid Search,False,False
9700,2026-01-15,Paid Social,True,False
9701,2025-03-26,Direct,True,False
9702,2025-04-17,Paid Social,False,True
9703,2025-07-01,Paid Social,True,False
9704,2025-08-09,Paid Social,True,False
9705,2025-05-16,Paid Search,True,True
9706,2026-01-28,Organic Search,False,False
9707,2025-10-13,Organic Search,True,True
9708,2025-09-24,Organic Search,True,True
9709,2025-02-11,Direct,True,True
9710,2025-08-26,Email,False,False
9711,2025-07-21,Direct,False,False
9712,2025-01-29,Email,False,False
9713,2025-01-19,Direct,False,False
9714,2025-06-22,Paid Social,False,False
9715,2025-01-20,Paid Search,False,True
9716,2025-07-25,Email,True,False
9717,2025-11-18,Paid Search,True,False
9718,2025-01-03,Direct,False,False
9719,2025-05-15,Paid Social,True,False
9720,2025-06-11,Direct,False,False
9721,2025-02-16,Paid Social,True,False
9722,2025-06-14,Direct,True,True
9723,2025-06-21,Paid Social,True,True
9724,2025-10-16,Email,True,True
9725,2025-08-17,Organic Search,False,True
9726,2025-10-25,Paid Social,True,False
9727,2025-04-07,Paid Search,True,True
9728,2025-11-08,Paid Search,False,False
9729,2025-05-07,Paid Search,False,False
9730,2025-07-08,Email,True,False
9731,2025-03-12,Paid Social,False,False
9732,2025-10-31,Paid Search,True,True
9733,2025-03-19,Direct,False,False
9734,2025-10-14,Direct,True,False
9735,2025-05-02,Paid Search,True,False
9736,2025-09-05,Email,True,True
9737,2026-01-31,Email,True,False
9738,2025-09-28,Paid Social,False,True
9739,2025-01-03,Paid Search,True,True
9740,2025-07-30,Paid Search,True,True
9741,2025-12-27,Email,False,True
9742,2025-06-24,Direct,False,False
9743,2025-07-13,Direct,False,False
9744,2025-05-14,Email,True,False
9745,2025-01-23,Email,True,True
9746,2025-10-18,Paid Social,True,False
9747,2025-11-11,Organic Search,False,True
9748,2025-11-30,Email,False,True
9749,2026-01-14,Paid Social,False,False
9750,2025-07-17,Direct,True,False
9751,2025-12-14,Email,True,False
9752,2025-06-25,Email,True,False
9753,2026-02-01,Paid Social,True,True
9754,2025-09-04,Organic Search,False,False
9755,2025-10-02,Paid Search,True,False
9756,2025-08-07,Paid Search,False,False
9757,2025-07-17,Organic Search,False,False
9758,2025-09-22,Direct,False,False
9759,2025-09-25,Organic Search,True,True
9760,2025-04-18,Paid Search,False,False
9761,2025-06-13,Organic Search,True,True
9762,2025-04-23,Email,True,True
9763,2025-10-28,Email,True,True
9764,2025-08-14,Direct,True,True
9765,2025-01-05,Direct,False,False
9766,2026-01-14,Email,True,False
9767,2026-01-23,Paid Search,False,False
9768,2025-09-09,Paid Social,False,True
9769,2025-12-12,Email,True,False
9770,2025-12-31,Paid Search,True,True
9771,2025-07-11,Paid Search,True,True
9772,2025-04-22,Direct,False,False
9773,2026-01-02,Direct,True,False
9774,2025-08-25,Organic Search,True,False
9775,2025-12-23,Direct,True,False
9776,2025-05-09,Paid Social,False,False
9777,2025-08-20,Paid Social,False,False
9778,2026-01-30,Email,False,False
9779,2025-12-11,Paid Social,False,True
9780,2025-01-05,Paid Social,False,False
9781,2025-11-02,Email,False,False
9782,2026-01-15,Organic Search,False,False
9783,2025-05-09,Email,False,False
9784,2025-08-13,Direct,True,False
9785,2025-02-26,Organic Search,False,False
9786,2025-05-08,Paid Search,True,False
9787,2025-06-10,Paid Social,False,True
9788,2025-04-15,Direct,True,False
9789,2025-04-25,Paid Social,True,True
9790,2025-01-22,Paid Social,True,True
9791,2025-01-24,Paid Search,False,False
9792,2025-07-28,Paid Social,False,True
9793,2025-08-21,Direct,True,False
9794,2025-07-02,Direct,False,False
9795,2025-03-04,Direct,True,False
9796,2025-02-15,Paid Social,False,False
9797,2026-01-22,Paid Social,True,False
9798,2025-11-05,Paid Social,True,True
9799,2025-06-22,Paid Social,True,False
9800,2025-05-29,Organic Search,True,False
9801,2025-06-29,Direct,True,True
9802,2025-10-10,Paid Social,True,True
9803,2025-11-28,Paid Social,False,True
9804,2025-11-15,Email,True,False
9805,2025-05-26,Direct,True,True
9806,2025-05-18,Email,True,True
9807,2026-01-02,Organic Search,True,False
9808,2025-12-03,Direct,True,False
9809,2025-06-13,Email,True,False
9810,2025-08-19,Paid Search,True,False
9811,2025-10-04,Email,True,True
9812,2025-04-22,Paid Social,True,True
9813,2025-06-07,Organic Search,True,False
9814,2026-01-26,Paid Social,False,False
9815,2026-01-13,Email,False,True
9816,2025-01-02,Direct,False,False
9817,2026-01-01,Organic Search,True,True
9818,2025-01-23,Paid Search,True,False
9819,2025-03-11,Paid Social,True,False
9820,2026-01-18,Direct,True,True
9821,2025-09-27,Paid Search,True,True
9822,2025-04-20,Direct,False,True
9823,2025-07-18,Paid Search,False,False
9824,2025-12-02,Paid Search,False,True
9825,2025-01-11,Organic Search,False,False
9826,2025-03-28,Organic Search,True,False
9827,2026-01-27,Paid Search,True,True
9828,2025-07-31,Email,True,False
9829,2025-10-20,Paid Social,True,False
9830,2025-11-26,Organic Search,True,False
9831,2025-02-13,Paid Search,True,False
9832,2025-04-08,Direct,True,False
9833,2025-03-23,Paid Social,True,False
9834,2025-02-16,Email,True,True
9835,2025-11-12,Paid Social,True,False
9836,2025-04-20,Organic Search,False,True
9837,2025-01-13,Paid Social,True,False
9838,2025-04-27,Organic Search,True,False
9839,2025-09-08,Direct,True,False
9840,2025-12-16,Email,True,True
9841,2025-07-12,Paid Search,True,False
9842,2025-04-06,Paid Search,False,False
9843,2025-05-17,Email,True,False
9844,2025-10-19,Email,True,False
9845,2025-10-15,Direct,True,False
9846,2025-07-26,Paid Social,False,True
9847,2025-08-19,Direct,True,False
9848,2025-08-18,Paid Search,False,False
9849,2025-02-16,Email,True,False
9850,2025-06-05,Paid Search,True,False
9851,2025-07-23,Paid Social,True,False
9852,2025-04-14,Paid Search,True,False
9853,2025-10-26,Paid Social,True,False
9854,2025-06-09,Organic Search,True,False
9855,2025-12-16,Direct,True,False
9856,2025-04-11,Paid Search,True,False
9857,2025-02-11,Direct,True,False
9858,2025-12-31,Organic Search,True,False
9859,2025-09-10,Direct,True,True
9860,2025-12-27,Paid Search,True,False
9861,2026-02-02,Email,True,False
9862,2025-10-09,Direct,True,True
9863,2025-09-27,Organic Search,True,True
9864,2025-09-10,Direct,True,False
9865,2025-09-18,Paid Search,True,True
9866,2026-01-27,Organic Search,True,False
9867,2025-05-20,Paid Social,True,False
9868,2025-08-05,Email,False,True
9869,2025-04-18,Paid Search,False,False
9870,2025-01-15,Email,True,False
9871,2025-08-15,Paid Search,True,True
9872,2025-10-14,Organic Search,False,False
9873,2026-01-13,Direct,False,False
9874,2025-07-03,Paid Social,True,True
9875,2025-01-28,Paid Social,True,False
9876,2025-05-16,Paid Search,False,False
9877,2025-11-27,Email,True,True
9878,2025-01-25,Organic Search,False,False
9879,2025-05-04,Paid Social,False,False
9880,2026-01-02,Direct,False,False
9881,2025-07-12,Organic Search,False,True
9882,2025-07-22,Direct,False,False
9883,2025-05-06,Paid Social,False,False
9884,2025-07-22,Paid Social,True,False
9885,2025-05-01,Direct,True,False
9886,2025-12-05,Direct,False,False
9887,2025-04-24,Direct,False,False
9888,2025-01-07,Paid Search,True,False
9889,2025-05-20,Paid Social,True,False
9890,2025-06-28,Email,True,True
9891,2025-08-21,Paid Search,True,False
9892,2025-10-26,Organic Search,True,False
9893,2025-01-05,Direct,False,True
9894,2025-11-05,Direct,True,False
9895,2025-05-20,Paid Social,True,False
9896,2025-12-05,Organic Search,True,True
9897,2025-04-03,Direct,True,True
9898,2025-01-29,Paid Search,True,False
9899,2025-11-15,Paid Search,True,False
9900,2026-01-28,Paid Social,False,False
9901,2025-03-23,Paid Search,True,False
9902,2025-02-05,Direct,True,False
9903,2025-01-18,Email,True,True
9904,2025-09-24,Paid Social,False,True
9905,2025-06-08,Email,True,False
9906,2025-10-16,Paid Search,True,False
9907,2025-01-26,Organic Search,False,False
9908,2025-09-21,Paid Social,True,False
9909,2025-11-05,Email,False,False
9910,2025-02-28,Direct,True,True
9911,2026-02-04,Direct,False,True
9912,2025-07-18,Paid Social,True,False
9913,2026-01-02,Paid Search,True,False
9914,2025-02-18,Paid Search,True,False
9915,2026-01-19,Organic Search,False,False
9916,2025-07-19,Paid Social,True,False
9917,2026-01-09,Organic Search,True,False
9918,2025-06-13,Direct,True,True
9919,2026-01-12,Paid Social,False,True
9920,2025-12-07,Direct,True,False
9921,2025-09-29,Paid Social,False,False
9922,2025-04-30,Organic Search,False,True
9923,2025-04-23,Email,True,False
9924,2025-10-02,Paid Search,False,True
9925,2025-01-02,Email,True,False
9926,2025-09-19,Email,False,True
9927,2025-10-30,Email,True,True
9928,2025-12-09,Email,True,False
9929,2026-01-13,Paid Social,False,False
9930,2025-05-23,Paid Social,True,True
9931,2025-04-28,Email,False,False
9932,2025-02-15,Organic Search,True,True
9933,2025-06-15,Email,True,False
9934,2025-01-25,Paid Social,True,False
9935,2025-04-29,Paid Search,False,False
9936,2026-01-22,Organic Search,False,False
9937,2025-08-31,Direct,True,True
9938,2025-11-17,Paid Social,False,False
9939,2025-01-09,Paid Social,True,False
9940,2025-08-24,Paid Search,False,True
9941,2025-10-12,Paid Search,False,False
9942,2025-01-18,Direct,True,False
9943,2026-01-24,Organic Search,False,False
9944,2025-01-07,Email,True,False
9945,2025-07-08,Paid Social,False,False
9946,2025-01-12,Organic Search,True,False
9947,2025-12-27,Organic Search,False,False
9948,2025-05-02,Paid Social,True,False
9949,2025-02-18,Paid Search,True,False
9950,2025-07-14,Paid Social,False,True
9951,2026-01-05,Paid Social,True,True
9952,2025-05-31,Paid Search,True,False
9953,2025-08-15,Organic Search,False,False
9954,2025-06-03,Direct,False,False
9955,2026-01-08,Paid Social,True,False
9956,2025-06-05,Paid Search,True,False
9957,2025-07-24,Direct,False,False
9958,2025-11-01,Organic Search,True,True
9959,2025-07-25,Paid Search,False,False
9960,2025-07-24,Email,True,True
9961,2025-03-02,Paid Search,False,True
9962,2025-09-27,Paid Search,True,False
9963,2025-05-17,Organic Search,True,False
9964,2025-07-16,Email,False,False
9965,2025-11-22,Email,False,True
9966,2025-03-07,Paid Social,False,False
9967,2025-11-19,Paid Social,True,False
9968,2025-12-23,Email,True,False
9969,2025-12-22,Paid Search,True,True
9970,2025-05-06,Email,True,False
9971,2025-03-24,Direct,True,False
9972,2025-09-09,Paid Search,True,False
9973,2025-10-23,Paid Search,True,True
9974,2025-05-27,Organic Search,True,True
9975,2025-04-02,Paid Search,False,False
9976,2025-11-19,Email,True,False
9977,2025-12-13,Paid Social,False,False
9978,2025-01-21,Organic Search,True,False
9979,2026-01-05,Paid Search,False,False
9980,2025-07-13,Organic Search,True,False
9981,2025-02-03,Paid Search,False,False
9982,2025-01-26,Paid Search,True,False
9983,2025-02-20,Paid Social,True,True
9984,2025-10-29,Direct,True,True
9985,2025-11-14,Paid Social,True,False
9986,2025-03-03,Email,True,False
9987,2025-11-30,Direct,True,False
9988,2025-06-09,Paid Search,False,True
9989,2025-09-13,Direct,True,False
9990,2026-01-26,Paid Search,False,True
9991,2025-03-17,Organic Search,True,False
9992,2025-02-04,Organic Search,True,True
9993,2025-07-06,Paid Social,True,False
9994,2025-07-28,Email,False,False
9995,2025-10-10,Direct,True,False
9996,2025-08-02,Paid Social,False,True
9997,2025-10-14,Organic Search,False,True
9998,2025-09-02,Organic Search,True,True
9999,2025-01-16,Direct,False,False
10000,2025-05-30,Paid Social,False,True
10001,2025-07-28,Direct,True,False
10002,2026-01-06,Paid Social,False,False
10003,2025-11-15,Direct,True,False
10004,2025-10-07,Paid Search,False,True
10005,2025-11-06,Email,True,False
10006,2025-05-31,Paid Search,False,False
10007,2025-08-25,Direct,True,False
10008,2025-09-13,Direct,False,False
10009,2025-12-18,Paid Social,True,False
10010,2026-01-14,Paid Search,True,False
10011,2025-08-16,Paid Search,True,True
10012,2026-01-10,Paid Search,False,False
10013,2025-10-29,Direct,True,False
10014,2025-12-29,Paid Social,True,False
10015,2025-07-04,Direct,False,False
10016,2025-07-24,Paid Search,False,False
10017,2025-08-04,Email,False,False
10018,2025-02-23,Organic Search,True,False
10019,2025-02-18,Paid Social,True,False
10020,2025-05-21,Paid Social,True,False
10021,2025-09-30,Organic Search,True,False
10022,2025-04-16,Email,False,True
10023,2025-09-15,Paid Search,True,False
10024,2025-09-19,Organic Search,True,False
10025,2025-01-29,Organic Search,False,True
10026,2025-04-24,Paid Search,True,False
10027,2025-07-04,Direct,False,False
10028,2025-05-11,Paid Search,False,False
10029,2025-08-04,Email,True,False
10030,2025-09-23,Paid Search,True,False
10031,2025-12-13,Paid Search,True,False
10032,2026-01-08,Direct,True,False
10033,2026-01-20,Direct,True,False
10034,2025-11-01,Paid Search,True,False
10035,2025-02-09,Paid Social,False,False
10036,2025-10-07,Paid Social,True,False
10037,2025-02-23,Paid Social,True,False
10038,2025-12-12,Paid Search,True,True
10039,2025-06-27,Direct,False,False
10040,2025-12-07,Direct,True,False
10041,2025-10-04,Organic Search,True,False
10042,2025-04-18,Paid Social,True,False
10043,2025-06-30,Email,True,False
10044,2026-01-02,Paid Search,False,True
10045,2025-05-14,Email,True,False
10046,2025-01-19,Paid Search,True,True
10047,2025-05-24,Email,False,True
10048,2025-09-02,Email,False,True
10049,2025-02-21,Organic Search,True,True
10050,2025-08-01,Direct,False,False
10051,2025-09-17,Organic Search,False,False
10052,2025-12-17,Paid Search,True,True
10053,2025-05-30,Organic Search,True,True
10054,2025-04-23,Paid Social,False,False
10055,2025-08-11,Paid Social,True,False
10056,2025-09-08,Email,True,True
10057,2025-11-30,Organic Search,True,True
10058,2025-04-29,Organic Search,True,False
10059,2026-01-12,Direct,True,True
10060,2025-02-25,Direct,False,True
10061,2025-01-12,Email,True,False
10062,2025-01-20,Organic Search,False,True
10063,2026-01-12,Paid Search,True,True
10064,2025-11-18,Direct,True,True
10065,2025-03-04,Paid Social,False,False
10066,2025-08-11,Email,True,False
10067,2025-12-05,Organic Search,True,False
10068,2025-03-12,Email,False,False
10069,2025-12-08,Organic Search,True,True
10070,2025-01-30,Email,True,False
10071,2025-05-04,Paid Search,False,True
10072,2025-06-10,Direct,True,False
10073,2025-05-01,Email,False,True
10074,2025-06-23,Organic Search,False,True
10075,2025-12-24,Paid Search,True,True
10076,2025-11-10,Paid Social,True,False
10077,2025-08-01,Email,True,False
10078,2025-07-26,Direct,True,False
10079,2025-09-30,Direct,True,True
10080,2025-06-18,Paid Search,False,False
10081,2025-11-27,Organic Search,True,False
10082,2025-07-21,Direct,False,False
10083,2025-03-15,Paid Search,True,False
10084,2025-03-27,Paid Social,True,False
10085,2025-06-24,Paid Search,False,True
10086,2025-09-30,Direct,False,False
10087,2025-06-27,Direct,True,True
10088,2025-06-10,Paid Search,True,False
10089,2025-04-01,Paid Social,False,True
10090,2025-10-03,Organic Search,True,False
10091,2025-09-28,Direct,False,False
10092,2025-07-18,Paid Social,True,False
10093,2025-05-06,Paid Search,False,True
10094,2025-01-09,Direct,True,False
10095,2025-06-28,Paid Social,True,False
10096,2026-01-15,Direct,True,True
10097,2025-04-19,Email,False,False
10098,2026-01-03,Direct,False,False
10099,2025-09-09,Organic Search,False,True
10100,2025-08-05,Direct,True,False
10101,2025-01-07,Direct,True,True
10102,2025-03-02,Paid Social,True,False
10103,2025-02-21,Paid Social,True,False
10104,2025-04-15,Direct,False,False
10105,2026-01-11,Paid Search,True,False
10106,2025-05-01,Email,False,False
10107,2025-03-09,Paid Social,False,False
10108,2025-09-29,Direct,True,False
10109,2025-10-22,Organic Search,False,False
10110,2025-06-24,Direct,False,False
10111,2026-02-05,Paid Search,False,True
10112,2025-05-08,Email,True,False
10113,2025-07-03,Direct,True,False
10114,2026-01-24,Paid Social,False,False
10115,2025-12-07,Email,True,True
10116,2025-04-24,Organic Search,False,False
10117,2025-04-26,Organic Search,True,False
10118,2025-04-30,Paid Social,False,True
10119,2025-10-19,Organic Search,False,False
10120,2026-01-23,Paid Social,True,False
10121,2025-10-15,Organic Search,True,True
10122,2025-11-06,Organic Search,False,False
10123,2025-02-27,Email,True,False
10124,2025-08-27,Paid Search,True,True
10125,2025-01-23,Organic Search,True,False
10126,2025-10-18,Direct,True,True
10127,2025-06-26,Paid Social,True,False
10128,2025-02-03,Email,False,True
10129,2025-08-30,Email,True,True
10130,2025-09-02,Paid Social,True,False
10131,2025-05-22,Organic Search,True,False
10132,2025-12-10,Email,True,False
10133,2025-02-08,Direct,True,False
10134,2025-11-11,Organic Search,True,False
10135,2025-05-27,Organic Search,False,True
10136,2025-05-08,Direct,True,False
10137,2025-02-15,Organic Search,False,False
10138,2025-02-09,Email,True,False
10139,2025-05-08,Organic Search,True,False
10140,2025-02-19,Paid Social,False,True
10141,2025-09-17,Paid Social,False,False
10142,2025-05-02,Direct,False,True
10143,2025-09-28,Paid Social,False,False
10144,2025-04-05,Paid Search,True,False
10145,2025-12-07,Paid Social,False,False
10146,2025-01-09,Direct,True,False
10147,2025-05-04,Organic Search,True,False
10148,2025-01-07,Email,False,True
10149,2025-06-02,Paid Search,False,True
10150,2026-01-02,Email,True,True
10151,2026-02-02,Organic Search,True,True
10152,2025-11-10,Paid Search,False,False
10153,2025-07-15,Email,True,False
10154,2025-07-11,Organic Search,True,False
10155,2025-02-25,Organic Search,False,False
10156,2025-06-02,Organic Search,False,False
10157,2025-10-22,Paid Social,True,False
10158,2025-12-03,Paid Social,True,False
10159,2025-08-03,Direct,True,True
10160,2025-03-02,Paid Social,False,False
10161,2025-07-28,Paid Search,False,True
10162,2025-02-24,Organic Search,True,False
10163,2025-01-13,Direct,True,False
10164,2025-04-25,Direct,False,True
10165,2025-07-07,Organic Search,False,True
10166,2025-01-19,Direct,True,False
10167,2025-05-27,Direct,False,False
10168,2025-06-09,Paid Search,True,False
10169,2025-10-12,Organic Search,True,False
10170,2025-08-03,Direct,False,False
10171,2025-12-12,Direct,True,False
10172,2025-06-27,Paid Search,False,False
10173,2025-04-11,Paid Search,True,False
10174,2025-08-24,Paid Search,False,False
10175,2025-10-11,Organic Search,True,False
10176,2025-11-08,Direct,True,False
10177,2025-01-29,Email,True,False
10178,2025-04-06,Organic Search,False,True
10179,2025-07-15,Paid Search,False,False
10180,2025-04-10,Direct,False,False
10181,2025-11-24,Paid Social,True,False
10182,2025-10-17,Organic Search,True,True
10183,2025-03-29,Direct,True,False
10184,2025-05-04,Direct,True,False
10185,2025-05-31,Email,True,False
10186,2025-08-01,Paid Social,True,True
10187,2025-09-16,Email,True,False
10188,2025-06-06,Direct,True,True
10189,2025-05-14,Email,False,True
10190,2025-07-10,Organic Search,True,True
10191,2025-12-12,Paid Social,True,False
10192,2025-12-26,Paid Social,True,False
10193,2025-08-23,Email,True,False
10194,2025-10-15,Direct,True,False
10195,2025-12-27,Organic Search,True,False
10196,2025-09-15,Email,True,False
10197,2025-05-13,Direct,True,False
10198,2025-01-04,Direct,True,False
10199,2025-01-22,Paid Search,False,True
10200,2025-09-18,Organic Search,False,False
10201,2025-04-27,Paid Social,True,True
10202,2025-04-08,Direct,False,False
10203,2025-02-21,Paid Search,False,True
10204,2025-05-20,Paid Search,False,False
10205,2026-01-03,Paid Search,True,True
10206,2025-01-04,Email,True,False
10207,2025-07-16,Email,True,False
10208,2025-08-25,Email,True,False
10209,2025-11-26,Paid Social,False,False
10210,2025-01-08,Direct,True,True
10211,2025-10-08,Paid Search,False,False
10212,2025-10-23,Direct,True,False
10213,2025-05-21,Organic Search,True,False
10214,2025-10-29,Organic Search,False,True
10215,2025-11-18,Email,True,False
10216,2025-03-13,Email,True,False
10217,2025-06-14,Paid Search,False,False
10218,2026-01-16,Email,False,False
10219,2025-09-24,Paid Search,False,False
10220,2025-02-14,Paid Social,True,False
10221,2025-09-17,Direct,True,False
10222,2025-04-19,Organic Search,True,False
10223,2025-01-09,Organic Search,True,True
10224,2025-11-01,Paid Social,True,False
10225,2025-04-13,Direct,True,False
10226,2025-12-20,Paid Social,True,True
10227,2025-02-10,Organic Search,True,False
10228,2025-01-14,Paid Search,False,False
10229,2025-11-28,Organic Search,False,False
10230,2025-09-01,Paid Search,True,True
10231,2025-03-25,Direct,False,False
10232,2025-08-18,Email,False,False
10233,2025-12-24,Paid Search,False,True
10234,2025-08-02,Email,True,False
10235,2025-09-28,Email,True,False
10236,2025-04-24,Direct,False,False
10237,2025-07-12,Email,False,False
10238,2026-01-26,Email,True,False
10239,2025-12-17,Paid Social,False,True
10240,2025-05-13,Organic Search,False,True
10241,2025-10-15,Direct,False,False
10242,2025-04-13,Paid Search,True,False
10243,2026-01-13,Paid Social,False,False
10244,2025-02-06,Paid Social,True,False
10245,2025-03-24,Organic Search,True,True
10246,2025-10-31,Paid Social,True,False
10247,2025-04-27,Direct,True,True
10248,2025-11-28,Direct,True,True
10249,2025-04-05,Direct,False,False
10250,2025-03-01,Organic Search,True,False
10251,2025-10-16,Organic Search,True,False
10252,2025-10-05,Email,True,False
10253,2025-07-10,Email,False,False
10254,2025-06-22,Paid Social,False,True
10255,2025-02-20,Paid Social,True,False
10256,2025-06-26,Direct,True,True
10257,2025-08-21,Email,False,False
10258,2025-08-17,Paid Search,False,False
10259,2025-06-22,Email,True,True
10260,2026-02-05,Paid Social,True,False
10261,2025-07-09,Direct,True,True
10262,2025-05-30,Organic Search,False,False
10263,2025-09-10,Paid Search,False,False
10264,2025-11-09,Paid Search,False,False
10265,2025-10-27,Direct,True,False
10266,2025-05-04,Organic Search,True,True
10267,2025-11-04,Paid Social,False,False
10268,2026-01-29,Email,True,False
10269,2025-05-12,Paid Social,True,False
10270,2025-06-10,Paid Social,False,True
10271,2026-02-02,Organic Search,False,True
10272,2026-01-16,Paid Social,False,False
10273,2025-07-25,Organic Search,True,False
10274,2025-10-04,Paid Search,True,False
10275,2025-07-23,Email,False,True
10276,2025-12-19,Paid Search,False,False
10277,2025-10-22,Email,False,True
10278,2025-10-31,Email,False,False
10279,2025-01-22,Direct,True,False
10280,2025-11-07,Email,True,False
10281,2025-05-15,Direct,True,True
10282,2025-04-13,Paid Search,True,False
10283,2025-02-05,Organic Search,True,False
10284,2025-01-19,Organic Search,False,False
10285,2025-06-21,Paid Social,True,False
10286,2026-01-01,Paid Search,False,True
10287,2025-05-23,Direct,False,False
10288,2025-05-05,Direct,False,False
10289,2025-06-19,Direct,False,False
10290,2025-10-01,Direct,False,True
10291,2025-02-19,Organic Search,True,False
10292,2025-03-13,Direct,True,False
10293,2025-02-19,Paid Social,True,True
10294,2025-06-18,Paid Search,False,True
10295,2025-08-23,Direct,False,False
10296,2025-07-25,Direct,True,False
10297,2025-03-19,Direct,False,True
10298,2025-06-23,Direct,False,False
10299,2025-06-18,Organic Search,False,False
10300,2025-07-24,Paid Social,False,True
10301,2025-06-20,Direct,False,False
10302,2026-02-03,Paid Social,True,False
10303,2025-01-19,Email,True,False
10304,2025-11-06,Email,False,False
10305,2026-01-22,Organic Search,True,False
10306,2025-06-06,Direct,True,False
10307,2025-06-03,Organic Search,True,False
10308,2025-09-22,Organic Search,False,False
10309,2025-05-15,Organic Search,True,False
10310,2025-05-28,Email,False,True
10311,2025-09-09,Paid Search,True,False
10312,2025-05-18,Direct,True,False
10313,2026-01-10,Paid Search,True,False
10314,2025-01-09,Organic Search,True,False
10315,2025-10-25,Direct,False,True
10316,2026-01-29,Paid Search,True,False
10317,2025-06-09,Direct,False,True
10318,2026-01-01,Paid Search,False,False
10319,2025-07-04,Organic Search,False,True
10320,2025-09-07,Email,True,False
10321,2025-09-23,Paid Search,True,False
10322,2025-08-16,Organic Search,False,True
10323,2025-01-21,Paid Social,True,False
10324,2025-01-19,Paid Social,True,False
10325,2025-10-10,Organic Search,True,False
10326,2025-12-22,Paid Social,True,False
10327,2025-12-31,Direct,True,True
10328,2025-12-05,Direct,True,False
10329,2025-10-12,Email,True,False
10330,2025-02-26,Paid Social,True,True
10331,2026-02-05,Paid Social,True,True
10332,2025-10-03,Organic Search,True,False
10333,2025-02-26,Organic Search,True,False
10334,2025-08-30,Organic Search,False,False
10335,2026-01-06,Paid Search,True,True
10336,2026-01-01,Organic Search,True,False
10337,2025-10-22,Paid Search,True,False
10338,2025-07-02,Direct,True,False
10339,2025-03-12,Direct,True,True
10340,2025-07-18,Paid Social,True,False
10341,2025-05-12,Direct,False,True
10342,2025-05-27,Direct,True,True
10343,2025-02-25,Paid Search,True,True
10344,2025-10-17,Email,False,False
10345,2025-08-08,Paid Social,True,True
10346,2025-06-04,Organic Search,True,False
10347,2025-09-21,Paid Social,True,False
10348,2025-05-03,Paid Search,False,False
10349,2025-03-03,Direct,False,True
10350,2025-06-11,Email,False,False
10351,2025-03-23,Organic Search,True,False
10352,2025-01-10,Paid Search,True,False
10353,2025-11-14,Direct,True,True
10354,2025-07-28,Paid Search,True,True
10355,2025-11-12,Paid Search,True,True
10356,2025-11-14,Paid Search,False,True
10357,2025-10-15,Email,False,False
10358,2025-11-10,Organic Search,False,False
10359,2025-06-26,Email,False,True
10360,2025-07-07,Email,True,False
10361,2025-01-25,Email,False,False
10362,2025-04-16,Paid Social,False,False
10363,2025-02-08,Email,True,True
10364,2025-07-11,Paid Search,True,False
10365,2025-11-21,Paid Search,True,False
10366,2025-03-02,Paid Social,True,False
10367,2025-12-25,Email,False,False
10368,2025-02-13,Organic Search,False,False
10369,2025-04-19,Organic Search,False,False
10370,2025-08-04,Organic Search,True,False
10371,2025-03-06,Paid Search,False,True
10372,2025-06-25,Paid Social,True,False
10373,2025-03-01,Direct,True,False
10374,2025-11-16,Direct,True,False
10375,2026-01-01,Paid Search,True,True
10376,2025-01-08,Paid Search,False,False
10377,2025-10-25,Direct,False,False
10378,2026-01-07,Paid Search,True,False
10379,2025-12-28,Direct,True,False
10380,2025-10-21,Direct,True,False
10381,2025-06-03,Organic Search,True,False
10382,2025-05-01,Email,False,False
10383,2025-05-18,Direct,False,True
10384,2025-01-28,Email,False,True
10385,2025-10-08,Paid Social,False,True
10386,2025-07-07,Paid Search,True,False
10387,2025-10-24,Paid Social,True,False
10388,2025-12-11,Direct,True,True
10389,2025-02-21,Direct,True,True
10390,2025-11-29,Organic Search,True,False
10391,2025-08-18,Direct,False,False
10392,2025-11-29,Paid Social,True,False
10393,2025-08-29,Paid Social,False,False
10394,2025-08-21,Direct,True,False
10395,2025-06-21,Organic Search,False,False
10396,2025-09-03,Paid Social,True,False
10397,2025-08-17,Paid Social,True,False
10398,2025-02-17,Email,True,True
10399,2025-08-07,Paid Search,True,False
10400,2025-08-02,Direct,False,True
10401,2025-01-17,Paid Social,True,False
10402,2025-01-03,Direct,True,False
10403,2025-12-30,Paid Social,True,False
10404,2025-01-24,Paid Social,True,True
10405,2025-02-19,Organic Search,True,False
10406,2025-04-27,Email,False,False
10407,2025-12-01,Paid Search,True,False
10408,2025-07-06,Direct,False,False
10409,2025-01-18,Organic Search,True,False
10410,2025-05-27,Organic Search,False,True
10411,2025-10-16,Paid Search,True,True
10412,2025-02-27,Organic Search,True,False
10413,2025-08-31,Paid Search,True,True
10414,2025-11-29,Direct,False,False
10415,2025-04-28,Organic Search,False,True
10416,2025-03-28,Paid Social,True,False
10417,2025-03-20,Email,True,False
10418,2026-01-10,Email,True,False
10419,2025-08-26,Email,False,False
10420,2025-04-02,Organic Search,True,False
10421,2025-01-15,Paid Search,True,True
10422,2025-01-12,Paid Social,True,False
10423,2025-03-30,Email,True,False
10424,2025-12-31,Direct,False,False
10425,2025-10-18,Paid Search,False,False
10426,2025-07-22,Paid Social,True,True
10427,2025-10-24,Paid Search,True,False
10428,2025-06-09,Email,False,False
10429,2025-05-31,Organic Search,False,False
10430,2025-06-03,Organic Search,True,False
10431,2025-04-03,Email,True,False
10432,2025-03-10,Direct,False,False
10433,2025-09-11,Paid Social,False,True
10434,2025-12-27,Email,True,False
10435,2025-06-25,Organic Search,False,False
10436,2026-01-10,Direct,True,True
10437,2025-04-11,Paid Search,False,False
10438,2025-08-23,Paid Social,True,True
10439,2025-01-06,Direct,False,False
10440,2025-12-29,Paid Social,True,False
10441,2025-05-12,Organic Search,True,False
10442,2026-01-16,Direct,False,False
10443,2025-09-14,Direct,False,True
10444,2026-01-22,Paid Search,True,False
10445,2025-12-20,Paid Search,False,True
10446,2025-11-11,Direct,True,False
10447,2025-01-03,Paid Social,False,False
10448,2025-05-27,Email,True,True
10449,2025-01-08,Paid Social,False,True
10450,2025-07-23,Paid Social,False,False
10451,2025-12-05,Paid Search,False,True
10452,2025-05-09,Email,True,False
10453,2025-01-09,Paid Social,False,True
10454,2025-12-05,Paid Search,True,True
10455,2025-10-18,Direct,True,False
10456,2025-01-07,Paid Social,True,True
10457,2025-07-27,Organic Search,False,True
10458,2025-12-29,Email,False,False
10459,2025-10-15,Paid Social,True,False
10460,2025-04-08,Paid Search,True,False
10461,2025-09-14,Paid Search,False,True
10462,2025-08-04,Direct,True,False
10463,2025-05-22,Paid Search,True,False
10464,2025-03-29,Direct,False,True
10465,2025-02-27,Email,True,True
10466,2025-03-21,Organic Search,True,False
10467,2025-05-11,Direct,True,True
10468,2025-12-14,Email,False,False
10469,2025-12-13,Organic Search,True,False
10470,2025-05-15,Paid Social,True,False
10471,2025-02-23,Email,False,False
10472,2025-12-09,Paid Social,False,True
10473,2025-08-02,Organic Search,True,False
10474,2025-05-07,Paid Search,False,False
10475,2025-05-21,Organic Search,False,False
10476,2025-08-20,Paid Search,True,False
10477,2025-07-01,Organic Search,False,False
10478,2025-05-13,Email,False,False
10479,2025-03-27,Organic Search,True,False
10480,2025-06-21,Paid Search,True,True
10481,2025-02-03,Direct,True,True
10482,2025-10-07,Email,True,False
10483,2026-01-10,Paid Search,False,False
10484,2025-09-23,Direct,True,False
10485,2025-03-07,Organic Search,True,False
10486,2025-08-27,Paid Social,False,False
10487,2026-01-18,Direct,True,False
10488,2026-01-17,Paid Social,True,True
10489,2025-05-16,Organic Search,True,False
10490,2025-11-20,Paid Social,True,True
10491,2025-01-29,Organic Search,True,True
10492,2026-01-17,Email,False,True
10493,2025-12-21,Paid Social,False,False
10494,2026-01-03,Paid Search,True,False
10495,2025-03-24,Direct,True,False
10496,2026-01-31,Paid Social,True,False
10497,2025-04-06,Paid Social,True,False
10498,2025-09-18,Paid Social,False,False
10499,2025-07-19,Organic Search,True,False
10500,2025-08-14,Direct,False,False
10501,2025-01-26,Organic Search,False,True
10502,2025-01-16,Organic Search,True,True
10503,2025-10-06,Email,False,False
10504,2025-03-26,Paid Social,False,True
10505,2025-12-31,Paid Search,True,False
10506,2025-02-08,Paid Social,True,False
10507,2025-10-14,Organic Search,False,True
10508,2025-06-30,Direct,False,False
10509,2025-01-16,Direct,True,False
10510,2025-04-05,Paid Search,True,True
10511,2025-08-15,Direct,True,False
10512,2025-10-14,Organic Search,False,True
10513,2025-09-04,Organic Search,False,True
10514,2025-03-19,Direct,True,False
10515,2025-11-14,Paid Social,True,False
10516,2025-03-01,Paid Social,False,True
10517,2025-04-30,Organic Search,True,False
10518,2025-09-13,Organic Search,False,False
10519,2025-11-23,Direct,True,False
10520,2025-08-23,Email,True,True
10521,2025-01-01,Paid Search,False,False
10522,2025-07-11,Organic Search,False,False
10523,2025-07-12,Direct,False,True
10524,2026-01-07,Email,False,False
10525,2025-08-30,Organic Search,True,True
10526,2025-09-24,Direct,True,False
10527,2025-03-15,Direct,True,False
10528,2025-05-28,Organic Search,False,False
10529,2025-06-03,Direct,True,False
10530,2025-08-01,Paid Social,True,False
10531,2025-04-05,Paid Social,False,True
10532,2025-09-12,Direct,False,False
10533,2025-02-10,Paid Search,False,False
10534,2025-05-23,Organic Search,True,False
10535,2025-07-07,Organic Search,False,False
10536,2025-01-11,Direct,True,False
10537,2025-05-01,Email,True,False
10538,2025-03-11,Paid Search,True,False
10539,2025-03-19,Direct,True,True
10540,2025-11-23,Email,True,False
10541,2025-08-22,Direct,False,False
10542,2025-05-12,Email,True,True
10543,2025-06-04,Organic Search,True,True
10544,2025-11-22,Organic Search,True,True
10545,2025-06-21,Direct,True,False
10546,2025-09-23,Paid Social,True,False
10547,2025-09-24,Email,True,False
10548,2025-03-16,Email,True,False
10549,2025-07-21,Email,True,True
10550,2026-01-13,Email,True,True
10551,2025-09-05,Email,False,False
10552,2026-01-30,Paid Search,False,False
10553,2025-11-19,Email,True,False
10554,2025-04-11,Email,False,True
10555,2025-12-22,Email,False,True
10556,2025-12-27,Email,True,False
10557,2025-03-20,Direct,True,False
10558,2025-06-05,Paid Social,True,True
10559,2025-08-13,Paid Search,True,True
10560,2025-06-20,Email,True,False
10561,2025-04-15,Paid Social,True,False
10562,2025-12-17,Paid Social,False,True
10563,2025-08-08,Organic Search,False,False
10564,2025-10-14,Paid Social,False,False
10565,2026-01-07,Paid Social,False,False
10566,2025-04-29,Paid Social,True,False
10567,2025-07-17,Paid Social,False,False
10568,2025-02-27,Paid Social,False,False
10569,2025-06-17,Organic Search,True,False
10570,2025-02-10,Organic Search,True,True
10571,2025-11-19,Email,False,False
10572,2025-11-04,Organic Search,True,False
10573,2025-05-15,Direct,False,False
10574,2025-07-26,Direct,False,False
10575,2025-12-12,Paid Search,False,False
10576,2025-12-07,Paid Social,True,True
10577,2025-02-18,Organic Search,True,True
10578,2025-09-29,Email,False,False
10579,2025-08-14,Paid Search,False,False
10580,2025-10-11,Direct,True,False
10581,2025-12-22,Organic Search,False,False
10582,2025-09-12,Direct,True,False
10583,2025-01-24,Direct,True,True
10584,2026-01-30,Organic Search,True,False
10585,2025-07-11,Organic Search,True,True
10586,2025-12-22,Email,True,False
10587,2025-12-07,Paid Search,False,True
10588,2026-01-28,Email,True,False
10589,2025-04-08,Paid Search,True,False
10590,2025-02-01,Email,True,False
10591,2025-07-29,Paid Social,True,False
10592,2025-09-17,Paid Social,True,False
10593,2025-01-15,Paid Social,True,False
10594,2025-03-12,Paid Search,True,True
10595,2025-01-21,Email,True,False
10596,2025-12-17,Paid Social,True,False
10597,2025-08-31,Email,True,False
10598,2025-06-16,Paid Search,False,False
10599,2025-08-30,Paid Social,False,False
10600,2025-08-29,Organic Search,False,False
10601,2025-06-27,Paid Social,True,True
10602,2025-05-22,Direct,False,True
10603,2025-07-06,Direct,False,True
10604,2026-01-21,Paid Search,True,True
10605,2025-12-26,Direct,False,False
10606,2025-05-19,Organic Search,True,True
10607,2025-04-25,Email,True,False
10608,2026-01-10,Paid Social,False,False
10609,2026-01-14,Paid Social,True,False
10610,2025-09-05,Paid Social,False,False
10611,2025-02-01,Paid Search,False,False
10612,2025-09-29,Organic Search,False,False
10613,2025-09-03,Paid Social,True,False
10614,2025-04-29,Paid Social,True,False
10615,2025-12-14,Paid Social,True,True
10616,2025-10-21,Organic Search,True,False
10617,2026-01-01,Direct,True,False
10618,2025-03-18,Paid Search,False,True
10619,2025-11-12,Email,True,False
10620,2025-08-21,Paid Search,True,False
10621,2025-03-22,Paid Search,True,False
10622,2025-01-22,Paid Search,True,True
10623,2025-10-13,Paid Social,True,False
10624,2026-01-01,Organic Search,True,False
10625,2025-03-24,Paid Social,True,False
10626,2025-01-04,Paid Social,True,False
10627,2025-02-24,Email,False,True
10628,2025-03-27,Paid Search,True,True
10629,2025-10-04,Paid Social,True,False
10630,2025-04-26,Direct,False,False
10631,2025-05-25,Direct,False,True
10632,2025-01-02,Email,True,False
10633,2025-05-13,Organic Search,False,False
10634,2025-05-01,Paid Social,False,False
10635,2025-01-01,Direct,False,False
10636,2025-12-12,Direct,False,False
10637,2025-01-08,Organic Search,True,False
10638,2025-11-05,Paid Search,True,False
10639,2025-08-30,Organic Search,True,False
10640,2025-09-11,Paid Search,False,True
10641,2025-10-11,Direct,True,True
10642,2025-07-15,Organic Search,True,True
10643,2025-12-29,Direct,True,False
10644,2025-07-08,Direct,True,False
10645,2025-05-02,Organic Search,False,True
10646,2026-02-02,Direct,True,True
10647,2025-05-14,Organic Search,False,False
10648,2025-04-21,Direct,True,False
10649,2025-03-19,Organic Search,True,False
10650,2025-08-21,Organic Search,True,False
10651,2026-01-25,Organic Search,False,True
10652,2025-03-04,Direct,True,False
10653,2025-03-10,Paid Search,True,True
10654,2025-03-18,Organic Search,True,False
10655,2025-10-18,Paid Social,False,False
10656,2025-10-22,Direct,True,True
10657,2025-04-28,Email,False,True
10658,2025-02-06,Direct,False,False
10659,2025-06-01,Paid Search,True,False
10660,2025-03-17,Direct,False,False
10661,2025-12-18,Organic Search,True,False
10662,2025-08-09,Paid Social,True,True
10663,2025-09-03,Paid Search,True,False
10664,2025-05-05,Direct,True,False
10665,2025-09-30,Organic Search,True,False
10666,2025-05-18,Direct,False,True
10667,2025-10-14,Direct,False,False
10668,2025-08-02,Paid Search,True,True
10669,2026-01-28,Organic Search,False,True
10670,2025-10-10,Direct,False,False
10671,2025-03-25,Organic Search,True,True
10672,2025-11-05,Paid Search,True,True
10673,2025-05-12,Direct,True,True
10674,2025-10-19,Paid Search,True,False
10675,2025-03-09,Direct,True,False
10676,2025-02-23,Direct,True,False
10677,2025-12-18,Paid Search,False,True
10678,2025-11-18,Email,True,False
10679,2026-01-06,Direct,False,True
10680,2025-01-22,Paid Search,True,False
10681,2025-07-12,Paid Social,True,True
10682,2025-06-15,Organic Search,False,False
10683,2026-01-18,Paid Social,False,True
10684,2025-04-20,Organic Search,False,True
10685,2025-10-16,Paid Search,True,False
10686,2025-01-20,Email,True,False
10687,2025-01-13,Paid Search,False,True
10688,2025-08-18,Paid Search,True,False
10689,2025-03-19,Organic Search,True,False
10690,2025-06-28,Organic Search,False,False
10691,2026-01-09,Email,False,False
10692,2025-05-15,Organic Search,False,True
10693,2025-11-24,Direct,True,True
10694,2025-03-16,Organic Search,True,True
10695,2025-03-13,Paid Search,True,False
10696,2025-09-16,Paid Search,True,True
10697,2026-01-27,Email,False,False
10698,2025-07-13,Paid Search,False,True
10699,2025-09-11,Paid Social,False,False
10700,2025-03-29,Paid Search,True,False
10701,2025-06-22,Email,True,True
10702,2025-05-28,Direct,True,True
10703,2025-05-23,Email,True,False
10704,2025-09-12,Direct,True,False
10705,2025-01-09,Direct,True,False
10706,2025-10-15,Direct,False,False
10707,2026-01-09,Paid Search,True,False
10708,2025-10-08,Organic Search,True,True
10709,2025-09-30,Direct,True,False
10710,2025-12-25,Paid Search,True,False
10711,2025-07-29,Email,True,True
10712,2025-11-08,Paid Search,True,False
10713,2025-08-16,Email,True,False
10714,2025-10-17,Paid Social,True,False
10715,2025-07-17,Email,True,False
10716,2025-04-04,Paid Social,False,True
10717,2025-05-10,Paid Social,True,True
10718,2026-01-06,Paid Social,True,False
10719,2025-04-24,Organic Search,True,False
10720,2025-02-13,Email,False,False
10721,2025-12-27,Organic Search,True,True
10722,2025-10-21,Direct,False,False
10723,2025-11-21,Paid Search,False,False
10724,2025-02-07,Direct,True,False
10725,2025-07-13,Email,True,False
10726,2025-02-05,Email,False,False
10727,2025-08-01,Paid Search,False,False
10728,2025-11-26,Paid Social,False,True
10729,2025-04-01,Paid Social,True,False
10730,2025-10-06,Email,False,True
10731,2025-08-20,Paid Social,False,True
10732,2025-07-13,Paid Social,True,False
10733,2025-04-25,Email,True,True
10734,2025-08-14,Paid Search,True,False
10735,2025-10-05,Direct,True,False
10736,2025-04-06,Direct,False,False
10737,2026-01-12,Organic Search,True,False
10738,2025-03-08,Paid Social,True,False
10739,2025-04-16,Paid Social,True,False
10740,2026-01-11,Direct,True,False
10741,2025-04-11,Paid Social,True,False
10742,2026-02-03,Direct,True,False
10743,2025-02-09,Paid Search,False,False
10744,2025-01-31,Organic Search,False,False
10745,2026-01-21,Direct,True,True
10746,2025-04-10,Paid Search,True,False
10747,2025-07-22,Organic Search,True,True
10748,2025-12-04,Paid Social,True,True
10749,2025-07-19,Paid Search,False,True
10750,2025-11-03,Paid Social,True,False
10751,2025-10-11,Paid Search,False,True
10752,2025-07-15,Paid Social,True,True
10753,2025-12-23,Email,True,False
10754,2025-08-31,Organic Search,False,True
10755,2025-01-23,Paid Social,True,False
10756,2025-05-29,Email,False,False
10757,2025-07-19,Email,True,False
10758,2025-05-10,Organic Search,False,False
10759,2025-10-06,Paid Social,True,True
10760,2025-06-14,Paid Social,True,True
10761,2025-12-26,Organic Search,True,False
10762,2025-11-17,Organic Search,True,False
10763,2025-12-11,Direct,False,False
10764,2025-03-24,Paid Social,True,False
10765,2026-01-07,Direct,True,False
10766,2025-11-09,Email,True,False
10767,2025-06-21,Email,True,False
10768,2025-02-20,Organic Search,True,False
10769,2025-08-05,Organic Search,True,False
10770,2025-09-15,Paid Social,True,False
10771,2025-01-26,Organic Search,True,False
10772,2025-10-04,Email,False,False
10773,2025-01-25,Organic Search,True,False
10774,2025-08-04,Paid Social,True,False
10775,2025-11-16,Organic Search,False,False
10776,2025-05-14,Paid Search,False,False
10777,2025-07-16,Paid Social,True,True
10778,2026-02-04,Paid Social,True,True
10779,2026-01-27,Paid Social,False,False
10780,2025-11-19,Paid Social,True,False
10781,2025-01-31,Direct,False,False
10782,2025-01-27,Organic Search,True,False
10783,2025-02-10,Organic Search,False,False
10784,2026-01-23,Paid Social,True,False
10785,2025-08-16,Email,True,False
10786,2025-07-30,Direct,True,False
10787,2025-01-24,Email,False,False
10788,2025-02-17,Paid Social,False,False
10789,2025-06-20,Organic Search,True,False
10790,2025-02-17,Paid Social,False,False
10791,2025-02-06,Paid Social,True,True
10792,2025-08-16,Paid Social,True,True
10793,2025-04-12,Direct,True,False
10794,2025-12-13,Paid Social,True,False
10795,2025-09-10,Organic Search,False,False
10796,2025-11-28,Paid Social,True,False
10797,2026-01-15,Email,True,False
10798,2025-06-17,Direct,True,True
10799,2025-11-24,Paid Social,True,True
10800,2025-01-19,Paid Social,False,False
10801,2025-10-21,Organic Search,True,False
10802,2025-05-31,Direct,True,False
10803,2025-10-09,Email,False,False
10804,2025-07-03,Organic Search,True,True
10805,2025-04-07,Direct,False,False
10806,2025-07-06,Direct,True,False
10807,2025-06-17,Paid Social,True,True
10808,2025-07-18,Organic Search,True,True
10809,2025-08-06,Organic Search,False,True
10810,2025-03-17,Paid Social,True,False
10811,2026-01-21,Direct,False,False
10812,2025-11-19,Paid Search,False,True
10813,2025-10-30,Organic Search,True,False
10814,2025-12-10,Organic Search,True,False
10815,2025-10-11,Email,True,False
10816,2025-10-04,Paid Search,False,True
10817,2025-04-06,Direct,False,False
10818,2025-03-09,Paid Social,False,False
10819,2025-05-26,Direct,True,True
10820,2025-06-14,Paid Search,True,False
10821,2025-02-19,Paid Social,True,True
10822,2025-03-23,Email,True,True
10823,2025-02-14,Paid Social,True,False
10824,2026-01-05,Organic Search,True,False
10825,2025-03-20,Email,True,False
10826,2025-06-27,Organic Search,False,False
10827,2026-01-12,Paid Search,True,False
10828,2025-06-28,Organic Search,False,False
10829,2025-01-16,Paid Search,False,False
10830,2025-12-29,Email,False,False
10831,2025-03-07,Direct,True,False
10832,2025-05-20,Paid Search,True,True
10833,2025-05-29,Email,True,False
10834,2025-02-24,Email,False,False
10835,2025-04-20,Direct,True,False
10836,2025-04-20,Paid Social,False,True
10837,2025-05-21,Direct,False,False
10838,2026-01-05,Organic Search,True,False
10839,2025-04-10,Email,True,True
10840,2025-05-27,Organic Search,True,False
10841,2025-05-02,Email,True,False
10842,2026-02-02,Email,True,True
10843,2025-03-12,Organic Search,True,False
10844,2025-02-01,Email,True,False
10845,2026-01-29,Organic Search,True,True
10846,2025-05-15,Organic Search,False,True
10847,2025-12-08,Direct,False,False
10848,2025-01-03,Direct,False,True
10849,2025-09-30,Paid Social,False,False
10850,2025-01-24,Organic Search,True,True
10851,2025-08-05,Paid Search,True,False
10852,2025-01-25,Paid Search,True,False
10853,2026-01-04,Paid Search,False,False
10854,2025-12-01,Direct,True,False
10855,2025-05-08,Email,True,False
10856,2025-05-03,Paid Social,True,True
10857,2025-05-30,Paid Social,True,False
10858,2025-02-03,Direct,True,True
10859,2025-08-15,Email,True,True
10860,2025-07-23,Paid Search,True,False
10861,2025-10-25,Paid Search,False,False
10862,2026-01-02,Direct,True,True
10863,2025-03-12,Email,False,False
10864,2026-01-07,Organic Search,False,False
10865,2025-05-07,Paid Social,False,False
10866,2025-01-26,Email,True,True
10867,2025-05-02,Direct,False,True
10868,2025-01-30,Paid Social,True,False
10869,2025-09-12,Direct,True,False
10870,2025-10-15,Paid Search,True,False
10871,2025-02-09,Paid Search,False,True
10872,2025-04-20,Email,True,False
10873,2026-01-07,Paid Social,False,False
10874,2025-08-04,Organic Search,False,False
10875,2025-10-21,Email,False,True
10876,2025-02-11,Direct,True,True
10877,2025-11-16,Direct,True,False
10878,2025-11-16,Direct,True,False
10879,2025-12-19,Organic Search,True,False
10880,2025-02-13,Email,True,False
10881,2025-08-11,Organic Search,True,True
10882,2026-01-16,Email,True,True
10883,2025-05-13,Paid Social,True,False
10884,2025-09-01,Paid Social,True,False
10885,2025-12-12,Email,True,False
10886,2025-05-26,Organic Search,True,False
10887,2025-09-22,Paid Search,False,True
10888,2025-11-24,Direct,True,True
10889,2025-02-26,Direct,True,True
10890,2025-02-14,Paid Search,True,False
10891,2025-07-26,Organic Search,True,False
10892,2025-01-26,Organic Search,True,False
10893,2025-07-20,Paid Social,False,True
10894,2025-07-08,Paid Search,True,False
10895,2025-08-04,Direct,True,True
10896,2025-08-14,Paid Search,True,False
10897,2025-08-22,Direct,True,False
10898,2025-10-10,Organic Search,True,False
10899,2025-10-30,Email,False,False
10900,2025-03-19,Paid Search,False,True
10901,2025-06-13,Direct,True,True
10902,2025-05-17,Paid Search,True,False
10903,2025-04-18,Organic Search,False,True
10904,2026-02-04,Paid Search,False,False
10905,2025-05-08,Direct,True,True
10906,2025-02-20,Direct,False,True
10907,2026-01-27,Email,True,False
10908,2025-06-27,Paid Social,False,True
10909,2025-02-26,Paid Search,True,False
10910,2025-02-11,Paid Search,True,False
10911,2026-01-14,Email,True,False
10912,2025-12-31,Direct,True,False
10913,2025-05-21,Paid Social,False,True
10914,2025-08-06,Paid Social,True,True
10915,2025-06-06,Email,True,False
10916,2025-08-07,Organic Search,False,False
10917,2025-09-26,Organic Search,True,False
10918,2025-03-27,Direct,False,False
10919,2025-12-10,Direct,True,False
10920,2025-03-17,Direct,False,False
10921,2026-01-14,Organic Search,True,False
10922,2026-01-23,Paid Search,True,False
10923,2025-02-25,Direct,True,False
10924,2025-11-23,Paid Search,False,False
10925,2025-08-23,Paid Search,True,False
10926,2025-01-12,Paid Social,False,False
10927,2025-06-02,Paid Search,True,False
10928,2025-03-10,Direct,True,True
10929,2025-12-30,Direct,False,False
10930,2025-04-15,Organic Search,True,False
10931,2025-07-14,Organic Search,False,True
10932,2025-12-30,Organic Search,True,False
10933,2025-02-05,Paid Search,False,False
10934,2025-01-19,Organic Search,True,True
10935,2025-01-21,Email,True,False
10936,2025-04-12,Direct,False,False
10937,2025-10-01,Paid Search,True,True
10938,2025-11-30,Direct,True,False
10939,2025-12-28,Paid Search,True,False
10940,2025-10-02,Paid Social,True,False
10941,2025-08-28,Paid Social,False,False
10942,2025-09-13,Email,False,True
10943,2025-08-24,Direct,False,False
10944,2025-03-11,Email,True,False
10945,2025-01-08,Direct,False,True
10946,2025-10-22,Email,True,True
10947,2025-10-17,Email,True,True
10948,2025-12-06,Organic Search,True,False
10949,2025-06-19,Email,False,False
10950,2025-08-11,Paid Social,True,False
10951,2025-01-26,Organic Search,True,True
10952,2025-07-19,Organic Search,True,False
10953,2025-06-09,Direct,True,False
10954,2025-01-12,Organic Search,True,False
10955,2025-07-10,Organic Search,False,True
10956,2026-01-12,Paid Social,True,False
10957,2025-08-15,Email,True,False
10958,2025-12-22,Paid Social,True,False
10959,2025-08-13,Email,True,False
10960,2025-04-23,Paid Search,True,False
10961,2025-10-29,Paid Social,True,False
10962,2025-11-29,Paid Social,True,False
10963,2025-04-16,Paid Search,True,False
10964,2025-03-03,Paid Search,False,False
10965,2025-07-13,Paid Search,True,False
10966,2025-03-20,Email,True,True
10967,2025-06-06,Paid Search,False,True
10968,2025-12-18,Email,False,False
10969,2025-05-07,Direct,True,True
10970,2025-12-08,Paid Social,True,False
10971,2025-01-08,Organic Search,True,False
10972,2025-06-08,Paid Search,False,False
10973,2025-08-03,Email,False,False
10974,2025-05-18,Paid Social,False,False
10975,2025-10-26,Paid Search,False,False
10976,2025-07-01,Paid Social,False,False
10977,2025-09-11,Paid Search,True,True
10978,2025-09-16,Direct,True,True
10979,2025-03-19,Email,True,False
10980,2025-01-26,Organic Search,False,False
10981,2025-07-03,Paid Social,False,True
10982,2025-04-14,Organic Search,False,True
10983,2025-09-22,Paid Social,False,True
10984,2025-07-07,Direct,False,False
10985,2025-02-21,Paid Social,True,False
10986,2025-07-11,Organic Search,True,False
10987,2025-04-21,Paid Search,True,False
10988,2025-06-13,Direct,True,True
10989,2025-02-04,Paid Search,False,False
10990,2025-03-17,Direct,True,False
10991,2026-02-01,Organic Search,True,True
10992,2025-06-16,Direct,True,False
10993,2025-12-06,Organic Search,True,True
10994,2025-05-19,Organic Search,True,False
10995,2025-04-02,Email,False,False
10996,2025-10-16,Paid Social,True,False
10997,2025-09-30,Direct,True,False
10998,2025-12-19,Paid Social,True,False
10999,2025-10-18,Email,False,False
11000,2025-06-18,Paid Search,False,True
11001,2025-12-30,Paid Search,False,True
11002,2025-03-27,Paid Search,True,False
11003,2025-11-18,Email,False,True
11004,2025-09-30,Direct,True,True
11005,2025-08-06,Paid Social,True,False
11006,2025-01-11,Paid Social,True,False
11007,2026-02-04,Paid Social,True,False
11008,2025-01-01,Organic Search,False,False
11009,2025-03-16,Organic Search,False,False
11010,2025-03-04,Paid Search,True,False
11011,2025-11-10,Email,False,False
11012,2025-03-18,Email,True,False
11013,2025-10-25,Paid Search,True,False
11014,2025-09-05,Paid Social,False,False
11015,2025-05-11,Paid Search,False,False
11016,2025-05-20,Paid Search,True,False
11017,2025-05-16,Organic Search,True,False
11018,2025-01-21,Organic Search,True,True
11019,2025-12-21,Paid Social,True,False
11020,2025-07-07,Organic Search,True,False
11021,2025-08-24,Paid Social,True,False
11022,2026-01-09,Organic Search,True,False
11023,2025-07-19,Email,True,True
11024,2025-07-07,Paid Search,False,False
11025,2025-11-26,Email,True,False
11026,2025-03-13,Direct,False,False
11027,2025-12-10,Organic Search,True,False
11028,2025-01-27,Direct,True,True
11029,2025-11-19,Direct,True,False
11030,2025-08-19,Paid Social,False,False
11031,2025-10-11,Paid Social,True,False
11032,2025-05-15,Email,False,False
11033,2025-05-04,Direct,False,True
11034,2025-10-04,Organic Search,True,True
11035,2025-06-22,Direct,False,True
11036,2025-06-21,Paid Search,True,False
11037,2025-03-22,Organic Search,False,True
11038,2025-06-30,Paid Search,True,False
11039,2025-10-23,Organic Search,True,True
11040,2025-09-29,Direct,True,False
11041,2025-10-30,Direct,False,False
11042,2025-08-14,Paid Search,False,False
11043,2026-01-23,Organic Search,False,False
11044,2025-01-04,Email,True,False
11045,2025-02-19,Email,False,False
11046,2025-03-07,Email,True,False
11047,2025-03-06,Paid Social,True,False
11048,2025-11-09,Email,False,False
11049,2025-07-03,Organic Search,False,True
11050,2025-10-25,Organic Search,True,False
11051,2025-07-01,Organic Search,False,True
11052,2025-02-20,Organic Search,False,False
11053,2025-08-01,Paid Social,True,False
11054,2025-04-24,Paid Search,False,False
11055,2025-10-30,Email,True,True
11056,2026-01-21,Direct,False,False
11057,2025-08-18,Paid Search,True,False
11058,2025-08-03,Email,True,False
11059,2025-06-26,Paid Search,True,False
11060,2025-10-11,Organic Search,True,True
11061,2026-01-01,Paid Search,True,False
11062,2025-08-07,Paid Search,True,True
11063,2025-08-25,Email,False,True
11064,2025-03-04,Paid Search,True,False
11065,2025-07-17,Email,True,True
11066,2025-08-21,Paid Social,True,False
11067,2025-01-12,Email,True,False
11068,2025-05-15,Email,True,True
11069,2025-01-25,Direct,False,True
11070,2025-11-15,Paid Search,True,False
11071,2025-03-08,Email,False,False
11072,2026-01-21,Paid Social,True,False
11073,2025-07-30,Paid Search,True,False
11074,2025-01-09,Email,True,True
11075,2025-03-07,Paid Social,False,False
11076,2025-04-12,Paid Social,True,False
11077,2025-10-23,Email,True,True
11078,2025-06-09,Direct,True,False
11079,2026-01-06,Organic Search,False,True
11080,2025-07-21,Paid Search,False,False
11081,2026-01-31,Paid Search,True,False
11082,2025-01-02,Email,True,False
11083,2025-02-15,Paid Search,False,False
11084,2025-10-07,Direct,True,False
11085,2025-02-17,Paid Social,False,False
11086,2025-11-25,Email,False,False
11087,2025-08-27,Paid Social,False,False
11088,2025-07-03,Paid Search,False,False
11089,2025-10-10,Paid Search,True,False
11090,2025-10-24,Organic Search,True,True
11091,2025-11-06,Paid Social,False,False
11092,2025-01-28,Paid Search,True,False
11093,2025-08-04,Email,True,False
11094,2025-10-13,Direct,True,False
11095,2025-12-01,Direct,False,False
11096,2025-06-12,Paid Social,True,True
11097,2025-04-06,Direct,True,False
11098,2025-08-31,Organic Search,False,False
11099,2025-02-18,Email,True,True
11100,2025-10-18,Paid Social,True,False
11101,2025-04-09,Paid Search,False,False
11102,2025-10-19,Email,False,True
11103,2025-12-15,Email,True,False
11104,2025-11-22,Paid Search,True,False
11105,2025-05-04,Paid Search,True,False
11106,2025-07-08,Direct,False,False
11107,2025-06-11,Organic Search,False,True
11108,2025-03-23,Paid Search,False,False
11109,2025-12-08,Email,True,False
11110,2025-07-29,Organic Search,False,False
11111,2025-06-07,Organic Search,True,True
11112,2025-09-02,Direct,True,False
11113,2025-09-15,Paid Search,True,False
11114,2025-02-13,Email,True,False
11115,2025-07-20,Direct,False,True
11116,2025-12-19,Paid Social,True,False
11117,2025-04-11,Organic Search,True,False
11118,2025-02-28,Organic Search,True,False
11119,2025-09-13,Direct,True,True
11120,2025-06-27,Paid Social,True,False
11121,2025-05-21,Email,True,False
11122,2025-11-28,Paid Social,True,True
11123,2025-09-12,Paid Search,False,False
11124,2025-12-09,Paid Search,False,False
11125,2025-09-17,Email,True,False
11126,2025-10-16,Paid Social,True,False
11127,2025-09-22,Email,True,False
11128,2025-11-18,Paid Search,False,False
11129,2025-03-29,Paid Social,True,False
11130,2025-08-28,Direct,True,True
11131,2025-10-12,Direct,False,True
11132,2025-02-14,Paid Search,False,True
11133,2025-03-12,Email,True,False
11134,2025-12-20,Direct,True,True
11135,2025-06-27,Paid Social,False,False
11136,2025-09-18,Organic Search,True,False
11137,2025-08-13,Email,True,False
11138,2025-10-06,Direct,True,False
11139,2025-09-24,Email,True,False
11140,2025-04-20,Paid Social,False,False
11141,2025-03-08,Paid Search,False,False
11142,2025-05-21,Email,True,True
11143,2025-05-29,Direct,True,True
11144,2025-11-27,Direct,False,False
11145,2025-05-29,Organic Search,False,False
11146,2025-09-09,Paid Search,True,False
11147,2025-03-21,Direct,True,True
11148,2025-03-01,Organic Search,True,False
11149,2025-02-04,Organic Search,False,True
11150,2025-07-04,Direct,True,False
11151,2025-10-27,Paid Social,True,False
11152,2025-08-20,Paid Search,False,True
11153,2026-01-18,Organic Search,False,True
11154,2025-09-07,Paid Social,True,False
11155,2025-01-31,Paid Social,True,False
11156,2025-05-24,Direct,True,False
11157,2025-01-09,Organic Search,False,True
11158,2025-06-09,Email,True,False
11159,2025-12-11,Direct,True,False
11160,2025-09-28,Organic Search,True,False
11161,2025-06-09,Direct,False,False
11162,2025-09-19,Paid Search,False,False
11163,2026-01-13,Direct,True,True
11164,2025-06-15,Direct,True,False
11165,2025-01-23,Paid Search,False,True
11166,2026-01-27,Email,True,False
11167,2025-10-17,Paid Search,True,False
11168,2025-01-10,Paid Search,False,False
11169,2025-11-20,Email,True,False
11170,2026-01-04,Email,False,True
11171,2025-07-07,Organic Search,True,True
11172,2025-09-01,Paid Social,False,False
11173,2026-01-21,Email,False,False
11174,2025-06-07,Organic Search,False,False
11175,2025-03-28,Paid Search,False,True
11176,2026-01-14,Email,False,False
11177,2025-06-12,Direct,False,False
11178,2025-11-13,Paid Social,True,False
11179,2025-07-14,Paid Search,False,False
11180,2026-01-14,Paid Social,False,False
11181,2025-05-27,Email,True,False
11182,2025-11-23,Direct,True,False
11183,2025-12-20,Paid Social,True,True
11184,2025-01-02,Paid Social,True,False
11185,2025-01-02,Paid Social,True,False
11186,2025-08-13,Paid Search,False,True
11187,2025-01-05,Paid Search,True,False
11188,2025-05-05,Organic Search,True,True
11189,2025-11-28,Paid Search,True,True
11190,2025-09-29,Paid Search,True,False
11191,2025-01-14,Paid Social,True,False
11192,2025-06-05,Direct,True,False
11193,2026-01-31,Email,False,False
11194,2025-01-10,Paid Search,False,False
11195,2025-05-02,Direct,False,False
11196,2025-11-23,Organic Search,True,False
11197,2025-05-24,Direct,False,False
11198,2025-06-26,Direct,True,False
11199,2025-05-06,Paid Search,True,False
11200,2025-07-11,Paid Search,False,False
11201,2025-12-05,Paid Search,True,False
11202,2025-08-24,Paid Social,True,False
11203,2026-01-29,Paid Social,False,False
11204,2025-03-17,Email,False,True
11205,2025-08-25,Email,False,False
11206,2025-02-02,Paid Social,True,False
11207,2025-08-17,Direct,True,False
11208,2025-09-06,Email,True,False
11209,2025-07-12,Email,True,False
11210,2025-04-13,Organic Search,False,True
11211,2025-04-12,Direct,False,False
11212,2025-05-24,Email,True,False
11213,2025-08-28,Paid Social,True,True
11214,2025-10-01,Email,True,False
11215,2026-01-03,Organic Search,True,False
11216,2025-03-11,Direct,True,False
11217,2025-03-07,Direct,True,False
11218,2025-04-09,Paid Search,True,False
11219,2025-07-11,Email,False,False
11220,2025-12-09,Organic Search,False,False
11221,2025-10-26,Paid Social,False,False
11222,2025-07-13,Direct,True,False
11223,2025-04-06,Email,True,True
11224,2025-06-01,Paid Search,True,True
11225,2025-07-11,Direct,False,False
11226,2025-01-05,Email,True,False
11227,2025-03-07,Paid Search,False,True
11228,2025-10-14,Direct,True,False
11229,2025-08-09,Paid Search,True,True
11230,2025-02-12,Paid Social,True,True
11231,2025-04-22,Paid Search,False,False
11232,2025-03-09,Email,True,False
11233,2025-06-23,Organic Search,True,False
11234,2025-12-09,Paid Search,True,False
11235,2025-02-16,Direct,True,True
11236,2025-10-16,Direct,True,True
11237,2025-02-04,Organic Search,True,False
11238,2025-07-29,Organic Search,True,True
11239,2025-07-25,Email,False,False
11240,2025-06-27,Direct,True,False
11241,2025-01-10,Paid Search,True,False
11242,2025-09-24,Paid Search,True,False
11243,2025-08-14,Direct,False,False
11244,2025-08-16,Organic Search,False,False
11245,2025-03-10,Organic Search,False,True
11246,2025-03-23,Paid Search,True,False
11247,2025-01-03,Organic Search,True,True
11248,2025-03-19,Direct,True,True
11249,2025-07-08,Organic Search,True,True
11250,2025-10-16,Paid Search,False,False
11251,2025-02-21,Paid Search,True,True
11252,2025-12-28,Paid Social,True,True
11253,2025-10-12,Paid Search,True,True
11254,2025-07-26,Direct,True,False
11255,2025-07-11,Paid Search,True,False
11256,2025-12-02,Direct,False,False
11257,2025-02-07,Paid Social,True,False
11258,2025-10-25,Organic Search,True,False
11259,2025-11-20,Direct,True,True
11260,2025-10-06,Direct,False,False
11261,2025-12-09,Paid Search,True,False
11262,2025-07-21,Paid Social,False,False
11263,2025-12-28,Direct,True,True
11264,2025-05-28,Email,False,False
11265,2025-12-04,Paid Social,True,False
11266,2025-09-08,Organic Search,True,False
11267,2025-05-30,Paid Search,False,False
11268,2025-06-26,Direct,True,False
11269,2025-10-22,Email,False,False
11270,2025-02-20,Paid Search,True,False
11271,2025-12-22,Paid Search,True,False
11272,2025-02-21,Paid Search,True,False
11273,2025-02-03,Organic Search,True,False
11274,2025-11-27,Direct,True,True
11275,2025-09-15,Direct,True,False
11276,2025-10-31,Direct,False,False
11277,2025-09-26,Paid Search,True,False
11278,2025-12-12,Email,False,False
11279,2025-08-10,Direct,False,False
11280,2025-05-03,Organic Search,True,True
11281,2025-06-20,Paid Social,True,False
11282,2025-11-03,Paid Social,True,False
11283,2025-04-01,Email,False,False
11284,2025-10-12,Direct,True,False
11285,2026-02-03,Organic Search,False,False
11286,2025-03-31,Email,True,False
11287,2025-06-07,Email,False,False
11288,2025-03-03,Paid Social,True,True
11289,2025-09-28,Direct,True,False
11290,2026-01-25,Paid Social,True,False
11291,2026-01-07,Paid Search,True,True
11292,2026-01-08,Paid Social,True,False
11293,2025-09-05,Paid Search,False,False
11294,2025-04-24,Organic Search,True,True
11295,2025-05-03,Paid Social,True,False
11296,2025-10-28,Email,True,True
11297,2025-05-02,Organic Search,True,True
11298,2025-03-03,Direct,True,False
11299,2025-07-03,Organic Search,True,False
11300,2025-05-17,Email,True,True
11301,2026-01-18,Organic Search,False,False
11302,2025-03-11,Direct,False,False
11303,2026-01-06,Direct,True,False
11304,2025-03-03,Direct,False,False
11305,2025-06-28,Paid Social,False,True
11306,2025-08-16,Paid Social,True,False
11307,2025-04-06,Organic Search,True,False
11308,2025-12-21,Email,False,False
11309,2025-02-03,Email,True,False
11310,2025-02-14,Paid Social,False,False
11311,2025-08-16,Organic Search,True,False
11312,2025-08-01,Paid Search,True,False
11313,2026-02-03,Paid Social,False,False
11314,2025-10-18,Email,True,False
11315,2025-05-11,Direct,False,False
11316,2025-03-29,Organic Search,True,False
11317,2025-12-17,Paid Search,True,False
11318,2025-07-23,Direct,False,True
11319,2026-01-08,Direct,True,False
11320,2025-08-01,Paid Social,True,False
11321,2025-04-25,Direct,False,False
11322,2025-05-18,Paid Social,True,True
11323,2025-11-19,Paid Search,False,False
11324,2025-04-10,Paid Social,True,True
11325,2025-01-22,Direct,False,False
11326,2025-11-01,Email,False,False
11327,2025-02-25,Organic Search,True,True
11328,2025-03-12,Paid Search,True,False
11329,2025-08-11,Email,False,False
11330,2025-12-09,Direct,True,False
11331,2025-09-17,Email,False,True
11332,2025-07-21,Direct,True,True
11333,2025-06-12,Paid Search,True,False
11334,2025-10-21,Email,True,True
11335,2025-07-17,Organic Search,True,True
11336,2025-12-27,Direct,True,False
11337,2026-01-01,Organic Search,False,True
11338,2026-02-01,Organic Search,True,True
11339,2025-02-28,Email,False,False
11340,2025-07-12,Paid Social,False,False
11341,2025-01-19,Direct,False,False
11342,2025-07-25,Organic Search,False,False
11343,2025-07-06,Paid Social,True,False
11344,2025-11-24,Direct,True,False
11345,2025-06-20,Organic Search,True,False
11346,2025-03-18,Email,False,False
11347,2025-10-08,Organic Search,True,False
11348,2025-08-25,Email,True,False
11349,2025-04-23,Direct,False,False
11350,2025-06-06,Paid Social,False,False
11351,2025-01-31,Paid Search,True,False
11352,2025-06-10,Paid Search,False,False
11353,2025-02-24,Direct,True,False
11354,2025-03-30,Paid Social,True,False
11355,2025-11-08,Email,True,False
11356,2025-07-15,Email,True,False
11357,2025-11-18,Paid Search,True,False
11358,2025-04-28,Email,True,True
11359,2025-07-21,Organic Search,True,False
11360,2025-11-04,Organic Search,True,True
11361,2025-06-15,Email,True,False
11362,2025-11-25,Email,False,True
11363,2025-04-19,Organic Search,True,False
11364,2025-09-19,Direct,False,False
11365,2025-12-31,Paid Search,False,False
11366,2025-02-19,Paid Social,True,False
11367,2025-10-26,Direct,True,False
11368,2025-03-05,Paid Search,False,False
11369,2026-01-21,Direct,False,True
11370,2025-08-17,Direct,False,False
11371,2025-08-18,Paid Search,True,False
11372,2025-02-28,Email,True,False
11373,2025-10-04,Paid Search,True,False
11374,2025-10-26,Direct,True,False
11375,2025-06-25,Organic Search,False,False
11376,2025-12-17,Paid Search,False,False
11377,2025-04-16,Organic Search,True,False
11378,2025-01-20,Paid Social,True,True
11379,2026-02-02,Email,False,False
11380,2025-09-06,Paid Search,False,True
11381,2025-01-19,Paid Search,True,False
11382,2025-10-18,Organic Search,True,False
11383,2025-11-12,Email,True,True
11384,2025-07-28,Email,True,False
11385,2025-07-24,Organic Search,False,False
11386,2025-08-15,Paid Social,True,False
11387,2025-06-25,Organic Search,True,False
11388,2025-01-10,Paid Social,True,False
11389,2025-12-01,Paid Search,True,True
11390,2025-06-30,Paid Search,False,True
11391,2025-07-31,Organic Search,True,False
11392,2025-05-11,Paid Social,True,False
11393,2025-03-06,Email,False,True
11394,2025-11-02,Email,True,False
11395,2025-03-01,Email,False,False
11396,2025-04-23,Paid Search,True,False
11397,2026-02-04,Paid Social,True,False
11398,2026-01-25,Paid Social,True,False
11399,2025-03-25,Paid Search,True,True
11400,2026-02-04,Paid Social,True,False
11401,2025-12-07,Email,True,True
11402,2025-11-25,Direct,True,True
11403,2025-12-24,Direct,False,False
11404,2026-01-06,Organic Search,False,True
11405,2025-12-09,Email,True,False
11406,2025-11-18,Direct,True,True
11407,2026-01-23,Direct,True,False
11408,2025-05-20,Paid Search,True,False
11409,2025-01-06,Organic Search,True,True
11410,2025-03-31,Paid Search,True,False
11411,2025-06-23,Paid Social,True,False
11412,2025-10-11,Paid Search,True,False
11413,2025-09-13,Organic Search,True,False
11414,2025-05-06,Organic Search,False,False
11415,2025-11-14,Organic Search,True,False
11416,2025-03-18,Direct,False,False
11417,2025-02-19,Email,True,True
11418,2025-06-13,Email,True,False
11419,2025-12-25,Email,True,True
11420,2025-02-07,Paid Social,False,False
11421,2025-09-13,Paid Search,True,False
11422,2025-01-13,Organic Search,False,False
11423,2025-03-11,Paid Social,True,False
11424,2025-10-30,Paid Search,False,False
11425,2025-08-02,Direct,True,False
11426,2025-01-20,Organic Search,True,True
11427,2025-02-09,Email,True,True
11428,2025-07-05,Direct,False,True
11429,2025-05-15,Organic Search,False,False
11430,2025-01-11,Direct,True,False
11431,2025-08-13,Paid Search,False,False
11432,2025-08-15,Email,True,False
11433,2025-04-09,Direct,False,False
11434,2025-09-27,Paid Search,True,False
11435,2025-05-31,Paid Search,True,False
11436,2025-07-06,Paid Social,True,False
11437,2025-10-09,Paid Social,False,True
11438,2025-01-02,Direct,True,True
11439,2025-12-16,Organic Search,False,False
11440,2025-06-27,Paid Social,True,False
11441,2025-07-15,Direct,True,False
11442,2025-02-28,Paid Social,True,False
11443,2025-06-05,Organic Search,False,True
11444,2025-07-02,Email,False,False
11445,2025-07-21,Organic Search,False,False
11446,2026-01-01,Email,False,False
11447,2025-12-28,Direct,False,True
11448,2026-01-16,Email,True,False
11449,2025-08-08,Email,False,False
11450,2025-05-26,Direct,True,False
11451,2025-08-19,Paid Search,False,True
11452,2025-04-02,Direct,True,False
11453,2025-11-02,Paid Social,False,True
11454,2025-02-17,Direct,True,False
11455,2025-09-07,Paid Search,True,False
11456,2025-04-13,Organic Search,False,False
11457,2025-12-17,Paid Social,False,True
11458,2025-06-11,Paid Search,False,False
11459,2025-11-03,Paid Social,True,False
11460,2025-08-20,Organic Search,False,False
11461,2025-10-13,Organic Search,False,False
11462,2025-12-17,Paid Social,False,False
11463,2025-09-26,Paid Social,True,True
11464,2025-03-02,Direct,True,True
11465,2025-11-18,Paid Social,False,True
11466,2025-08-17,Paid Search,True,False
11467,2025-12-23,Paid Social,True,False
11468,2025-02-25,Organic Search,True,False
11469,2025-03-18,Organic Search,False,True
11470,2025-09-09,Paid Social,False,False
11471,2025-11-05,Organic Search,True,False
11472,2025-04-07,Email,True,False
11473,2025-11-08,Organic Search,False,True
11474,2026-02-02,Paid Search,False,False
11475,2025-03-12,Paid Social,True,False
11476,2025-09-09,Organic Search,True,False
11477,2025-05-27,Paid Search,True,False
11478,2026-01-12,Paid Search,True,False
11479,2025-07-24,Paid Social,True,False
11480,2025-09-20,Paid Search,False,False
11481,2025-01-01,Organic Search,False,False
11482,2025-05-15,Paid Social,True,True
11483,2025-09-04,Paid Social,True,False
11484,2025-10-10,Email,True,True
11485,2025-02-28,Email,False,False
11486,2025-01-22,Organic Search,True,False
11487,2025-09-12,Organic Search,True,False
11488,2026-01-18,Paid Social,True,True
11489,2026-01-27,Organic Search,True,False
11490,2025-01-02,Paid Search,True,True
11491,2025-10-22,Direct,True,False
11492,2026-01-03,Direct,True,False
11493,2025-07-15,Direct,True,True
11494,2025-11-28,Direct,False,False
11495,2025-08-23,Paid Search,False,False
11496,2025-09-23,Paid Search,True,False
11497,2025-09-29,Direct,False,False
11498,2025-08-08,Paid Social,True,False
11499,2026-01-11,Email,False,False
11500,2026-02-05,Paid Search,True,True
11501,2025-09-15,Organic Search,True,False
11502,2025-10-11,Email,False,False
11503,2025-06-11,Direct,True,False
11504,2025-07-19,Paid Search,True,False
11505,2025-12-23,Organic Search,False,False
11506,2025-05-23,Paid Search,False,False
11507,2025-04-07,Paid Social,True,False
11508,2025-04-03,Direct,True,True
11509,2025-08-20,Direct,False,True
11510,2026-01-01,Email,True,False
11511,2025-03-08,Paid Search,False,False
11512,2025-07-30,Direct,False,False
11513,2025-06-26,Organic Search,False,True
11514,2025-12-28,Email,True,False
11515,2025-09-24,Direct,True,False
11516,2025-06-18,Paid Search,True,True
11517,2025-03-22,Paid Search,True,False
11518,2025-10-17,Direct,False,True
11519,2025-04-05,Paid Social,False,False
11520,2025-02-23,Direct,True,False
11521,2025-07-23,Direct,False,True
11522,2025-08-03,Direct,False,False
11523,2025-05-08,Direct,False,True
11524,2025-01-14,Paid Social,True,False
11525,2025-06-12,Email,False,False
11526,2025-10-16,Direct,True,False
11527,2025-02-06,Email,True,False
11528,2025-06-14,Direct,True,False
11529,2025-01-25,Direct,False,False
11530,2025-04-24,Email,False,False
11531,2025-10-02,Paid Search,True,False
11532,2025-05-20,Paid Search,False,False
11533,2025-02-02,Paid Social,False,True
11534,2025-12-24,Paid Search,False,False
11535,2025-04-02,Direct,False,False
11536,2025-12-15,Email,False,False
11537,2025-12-26,Email,False,True
11538,2025-06-03,Paid Social,True,False
11539,2025-05-19,Organic Search,True,False
11540,2025-10-24,Paid Search,True,True
11541,2025-02-19,Paid Social,True,False
11542,2025-03-30,Paid Search,True,True
11543,2026-01-09,Paid Social,True,False
11544,2025-05-14,Paid Social,True,False
11545,2025-03-30,Direct,True,False
11546,2025-05-09,Organic Search,True,False
11547,2025-12-05,Email,True,False
11548,2025-03-04,Organic Search,True,False
11549,2025-03-28,Email,False,False
11550,2025-08-05,Organic Search,True,True
11551,2025-06-29,Direct,True,True
11552,2025-01-10,Paid Search,True,False
11553,2025-10-22,Email,False,False
11554,2025-10-21,Email,False,False
11555,2025-06-20,Organic Search,True,True
11556,2026-01-19,Email,False,True
11557,2025-01-25,Organic Search,True,True
11558,2025-12-31,Organic Search,False,False
11559,2025-03-31,Paid Search,True,False
11560,2025-01-30,Direct,False,False
11561,2025-05-24,Direct,True,True
11562,2025-04-11,Direct,False,False
11563,2025-09-07,Paid Search,True,False
11564,2025-02-07,Paid Search,False,False
11565,2025-04-16,Direct,False,False
11566,2025-09-07,Paid Search,False,False
11567,2025-10-16,Email,True,False
11568,2025-12-13,Paid Social,False,False
11569,2025-04-15,Paid Search,False,False
11570,2025-04-12,Organic Search,False,False
11571,2025-10-14,Organic Search,False,False
11572,2025-09-24,Direct,True,False
11573,2025-03-16,Direct,False,False
11574,2025-09-29,Email,False,True
11575,2025-03-15,Email,False,True
11576,2025-07-07,Paid Social,False,False
11577,2025-04-16,Paid Social,False,False
11578,2025-04-15,Organic Search,False,True
11579,2025-06-04,Paid Search,False,True
11580,2025-05-19,Paid Social,True,False
11581,2025-06-26,Paid Social,False,True
11582,2025-12-06,Email,True,True
11583,2025-02-07,Paid Social,True,True
11584,2026-01-06,Direct,False,False
11585,2025-03-18,Organic Search,True,True
11586,2025-04-23,Organic Search,True,False
11587,2025-01-18,Organic Search,False,False
11588,2025-10-15,Paid Search,True,False
11589,2025-10-06,Paid Social,False,False
11590,2025-08-06,Paid Social,True,False
11591,2025-09-13,Email,True,False
11592,2025-04-22,Paid Search,True,False
11593,2025-01-16,Email,True,False
11594,2025-03-05,Paid Social,True,False
11595,2025-11-10,Email,True,True
11596,2025-09-22,Paid Search,True,True
11597,2025-05-05,Paid Search,True,True
11598,2025-12-04,Paid Social,False,False
11599,2026-01-12,Paid Social,False,False
11600,2025-09-15,Email,True,False
11601,2025-10-05,Paid Search,True,True
11602,2025-02-07,Direct,True,False
11603,2025-03-24,Paid Search,True,False
11604,2025-12-29,Direct,True,False
11605,2025-07-14,Paid Search,True,True
11606,2025-01-27,Direct,True,False
11607,2025-08-29,Paid Search,False,False
11608,2026-01-28,Paid Social,False,True
11609,2026-01-02,Organic Search,True,False
11610,2025-09-24,Paid Social,True,False
11611,2025-07-10,Paid Search,False,False
11612,2025-12-10,Paid Search,True,False
11613,2025-03-30,Organic Search,False,False
11614,2025-08-02,Email,False,False
11615,2025-09-22,Email,True,False
11616,2025-06-07,Direct,False,False
11617,2025-11-19,Paid Search,True,False
11618,2025-04-22,Paid Search,True,False
11619,2025-08-21,Paid Social,True,False
11620,2025-04-21,Paid Social,False,False
11621,2025-10-30,Paid Social,True,False
11622,2025-05-17,Email,False,False
11623,2025-06-19,Paid Social,False,True
11624,2025-07-19,Direct,True,True
11625,2025-03-30,Organic Search,True,False
11626,2025-01-22,Paid Social,False,True
11627,2025-07-30,Organic Search,True,False
11628,2025-11-28,Email,True,False
11629,2025-06-10,Paid Search,True,False
11630,2026-01-18,Paid Social,True,False
11631,2025-09-03,Direct,True,False
11632,2025-06-19,Organic Search,False,False
11633,2025-08-02,Paid Social,True,False
11634,2025-01-14,Organic Search,True,True
11635,2025-09-17,Direct,False,False
11636,2025-10-29,Direct,False,True
11637,2025-08-04,Paid Social,True,False
11638,2025-06-21,Paid Social,True,True
11639,2025-10-07,Email,False,True
11640,2025-11-16,Email,False,True
11641,2026-01-20,Paid Search,False,False
11642,2026-01-18,Paid Social,False,True
11643,2025-08-02,Paid Social,False,False
11644,2025-07-11,Paid Social,False,False
11645,2025-01-16,Email,False,True
11646,2025-10-14,Direct,False,False
11647,2025-08-22,Direct,False,True
11648,2025-06-08,Paid Search,False,True
11649,2025-01-09,Paid Social,True,False
11650,2025-08-08,Paid Search,False,False
11651,2026-02-02,Paid Social,True,False
11652,2025-06-10,Organic Search,False,False
11653,2025-06-01,Organic Search,False,False
11654,2025-09-05,Direct,True,False
11655,2025-06-06,Paid Social,True,False
11656,2025-12-20,Organic Search,True,False
11657,2026-01-13,Email,False,False
11658,2025-09-18,Email,True,True
11659,2025-09-23,Paid Search,True,False
11660,2025-01-27,Paid Search,True,False
11661,2025-11-13,Paid Social,False,False
11662,2025-02-05,Direct,False,False
11663,2025-07-14,Email,False,False
11664,2025-05-15,Organic Search,False,False
11665,2025-11-30,Paid Search,False,False
11666,2025-11-30,Organic Search,True,False
11667,2025-04-10,Organic Search,False,True
11668,2025-11-10,Paid Social,True,True
11669,2025-03-09,Paid Social,False,False
11670,2025-04-17,Direct,False,False
11671,2025-07-01,Paid Search,True,False
11672,2025-02-15,Paid Social,True,False
11673,2025-07-05,Paid Social,True,False
11674,2025-11-28,Organic Search,True,False
11675,2025-01-08,Organic Search,False,False
11676,2025-11-14,Organic Search,False,False
11677,2025-05-25,Paid Search,False,True
11678,2025-08-08,Paid Social,True,False
11679,2025-05-20,Paid Social,False,True
11680,2025-07-01,Paid Social,True,False
11681,2025-08-15,Paid Search,False,False
11682,2025-02-12,Direct,True,False
11683,2026-01-10,Organic Search,False,False
11684,2025-11-04,Paid Social,True,False
11685,2025-06-21,Paid Social,False,True
11686,2025-12-03,Direct,True,True
11687,2025-12-24,Organic Search,True,True
11688,2025-01-26,Paid Social,True,False
11689,2025-01-16,Direct,True,False
11690,2025-09-13,Paid Search,True,False
11691,2025-09-11,Paid Social,True,False
11692,2025-05-13,Paid Search,False,False
11693,2025-07-31,Paid Search,False,False
11694,2025-08-21,Organic Search,True,False
11695,2025-04-10,Organic Search,True,False
11696,2025-10-28,Paid Social,False,False
11697,2025-08-08,Email,False,False
11698,2025-04-10,Email,False,False
11699,2025-07-08,Organic Search,True,False
11700,2026-01-25,Paid Search,False,True
11701,2025-11-12,Paid Social,True,True
11702,2025-09-02,Paid Social,True,True
11703,2025-08-16,Paid Search,True,False
11704,2025-08-07,Organic Search,True,False
11705,2025-04-14,Direct,False,False
11706,2025-04-26,Email,False,False
11707,2025-03-05,Direct,False,False
11708,2025-07-29,Paid Social,False,False
11709,2025-03-18,Organic Search,True,False
11710,2025-10-03,Organic Search,False,False
11711,2025-08-30,Paid Social,True,False
11712,2026-01-21,Paid Search,False,True
11713,2026-01-16,Paid Search,False,False
11714,2025-10-11,Email,False,False
11715,2025-05-06,Paid Social,True,False
11716,2025-05-08,Paid Social,True,False
11717,2025-11-24,Paid Social,True,True
11718,2025-11-20,Email,True,False
11719,2025-05-31,Email,False,True
11720,2025-03-13,Paid Social,True,False
11721,2025-05-04,Paid Social,False,True
11722,2025-08-06,Direct,False,True
11723,2025-03-06,Paid Search,True,True
11724,2025-06-30,Paid Search,True,False
11725,2025-06-10,Paid Search,True,False
11726,2025-12-06,Paid Social,True,True
11727,2025-12-04,Paid Search,True,False
11728,2025-12-27,Email,True,False
11729,2025-08-22,Direct,True,True
11730,2025-06-27,Direct,False,False
11731,2025-03-22,Paid Search,True,False
11732,2025-08-27,Paid Search,True,False
11733,2025-01-23,Paid Social,True,False
11734,2025-08-02,Direct,True,False
11735,2026-02-01,Paid Social,True,True
11736,2026-02-05,Organic Search,True,True
11737,2025-11-12,Email,False,False
11738,2026-01-11,Organic Search,False,True
11739,2025-11-13,Paid Social,False,False
11740,2025-11-07,Direct,True,False
11741,2025-08-03,Organic Search,True,True
11742,2026-01-21,Paid Social,True,False
11743,2025-08-25,Direct,True,True
11744,2025-07-19,Paid Social,True,False
11745,2025-03-01,Paid Social,True,True
11746,2025-07-15,Paid Search,False,True
11747,2025-04-21,Email,False,False
11748,2025-10-13,Direct,True,False
11749,2025-06-26,Paid Search,True,False
11750,2025-10-17,Organic Search,True,False
11751,2025-05-17,Organic Search,False,False
11752,2026-01-31,Email,True,False
11753,2025-02-27,Direct,True,True
11754,2025-08-20,Email,False,False
11755,2025-04-09,Paid Search,True,True
11756,2025-01-19,Email,False,False
11757,2025-03-09,Paid Social,False,False
11758,2025-05-17,Paid Search,True,False
11759,2025-12-23,Direct,False,False
11760,2025-11-27,Paid Search,True,False
11761,2025-01-21,Paid Social,False,True
11762,2025-01-26,Paid Social,True,True
11763,2025-11-09,Organic Search,True,True
11764,2025-07-29,Organic Search,True,True
11765,2025-11-10,Paid Search,False,True
11766,2025-05-13,Direct,False,False
11767,2025-06-17,Direct,True,True
11768,2025-06-02,Paid Search,False,False
11769,2025-05-01,Organic Search,True,False
11770,2025-09-28,Paid Social,True,False
11771,2025-05-22,Paid Search,True,True
11772,2025-07-15,Email,False,False
11773,2025-01-24,Paid Search,False,True
11774,2025-01-14,Paid Social,False,False
11775,2025-03-21,Direct,True,True
11776,2025-09-17,Organic Search,True,False
11777,2025-04-01,Paid Social,False,False
11778,2025-08-28,Paid Search,False,False
11779,2025-01-13,Paid Search,False,True
11780,2025-05-20,Email,True,False
11781,2025-07-24,Direct,False,True
11782,2025-04-02,Paid Search,True,False
11783,2025-09-25,Paid Search,True,False
11784,2025-11-16,Email,True,False
11785,2025-12-25,Organic Search,True,False
11786,2025-09-09,Paid Social,True,False
11787,2025-06-23,Organic Search,True,False
11788,2025-07-20,Paid Social,True,True
11789,2025-05-22,Paid Social,False,False
11790,2025-08-11,Paid Social,True,True
11791,2025-06-28,Email,True,False
11792,2025-01-30,Email,True,False
11793,2025-01-26,Direct,True,False
11794,2025-12-01,Email,False,False
11795,2025-07-11,Organic Search,True,False
11796,2025-05-31,Email,False,False
11797,2025-07-15,Paid Social,False,False
11798,2025-04-02,Organic Search,False,False
11799,2025-06-08,Paid Social,True,False
11800,2025-09-02,Organic Search,False,False
11801,2025-03-15,Email,True,False
11802,2025-11-13,Paid Social,True,False
11803,2025-04-02,Email,True,True
11804,2025-04-08,Paid Social,True,False
11805,2025-04-29,Paid Search,True,True
11806,2025-12-22,Email,False,False
11807,2025-05-06,Paid Search,True,False
11808,2025-03-11,Email,False,False
11809,2025-01-12,Paid Search,True,False
11810,2025-02-16,Organic Search,True,True
11811,2025-03-26,Email,False,False
11812,2025-03-08,Email,True,False
11813,2025-04-02,Direct,True,False
11814,2025-01-18,Email,False,False
11815,2025-10-04,Paid Search,True,False
11816,2025-08-16,Direct,True,False
11817,2025-07-08,Paid Social,True,False
11818,2025-11-09,Email,True,False
11819,2025-02-15,Paid Social,True,False
11820,2025-10-25,Email,True,True
11821,2025-04-21,Paid Social,True,False
11822,2025-08-22,Organic Search,True,False
11823,2025-09-22,Paid Search,False,True
11824,2025-10-20,Email,True,False
11825,2025-12-24,Email,True,False
11826,2026-01-17,Email,True,False
11827,2025-08-20,Paid Search,True,True
11828,2026-01-08,Email,True,False
11829,2025-10-13,Organic Search,True,False
11830,2025-09-07,Organic Search,True,False
11831,2025-09-25,Paid Social,True,True
11832,2025-05-03,Direct,True,False
11833,2025-12-12,Direct,True,False
11834,2025-01-22,Paid Search,True,False
11835,2025-08-05,Email,False,False
11836,2025-03-11,Direct,False,False
11837,2025-01-05,Direct,True,False
11838,2025-05-11,Email,False,False
11839,2025-11-26,Direct,True,False
11840,2025-08-07,Paid Social,False,True
11841,2025-10-09,Direct,True,False
11842,2026-01-04,Email,False,True
11843,2025-01-24,Email,False,False
11844,2025-02-19,Paid Social,False,False
11845,2025-06-07,Paid Social,True,False
11846,2025-08-28,Paid Search,True,False
11847,2025-07-16,Email,True,False
11848,2025-03-25,Organic Search,True,True
11849,2025-12-03,Email,True,False
11850,2025-03-07,Direct,True,False
11851,2025-05-16,Email,True,False
11852,2025-11-24,Direct,True,True
11853,2025-08-10,Paid Social,True,False
11854,2025-09-11,Paid Search,False,True
11855,2025-05-01,Organic Search,False,True
11856,2025-03-17,Direct,False,False
11857,2025-12-07,Direct,True,False
11858,2025-12-03,Direct,False,False
11859,2025-02-04,Direct,False,False
11860,2025-06-22,Paid Social,True,False
11861,2025-09-22,Direct,True,True
11862,2025-01-10,Paid Social,False,False
11863,2025-02-21,Email,True,False
11864,2025-04-28,Direct,True,False
11865,2025-12-07,Paid Social,True,False
11866,2025-03-07,Email,False,False
11867,2026-01-12,Email,False,True
11868,2025-02-07,Email,False,False
11869,2025-05-13,Organic Search,True,False
11870,2025-06-13,Paid Social,True,False
11871,2025-10-14,Paid Search,True,False
11872,2025-01-04,Organic Search,False,False
11873,2025-01-25,Paid Social,True,False
11874,2025-12-12,Email,True,True
11875,2025-09-18,Paid Search,False,False
11876,2025-12-09,Organic Search,False,False
11877,2025-06-28,Direct,False,True
11878,2025-04-18,Direct,True,False
11879,2025-03-12,Email,True,True
11880,2025-04-27,Organic Search,True,False
11881,2025-12-22,Paid Social,True,False
11882,2025-01-20,Direct,True,False
11883,2025-07-18,Organic Search,True,True
11884,2025-02-28,Direct,True,True
11885,2025-12-20,Paid Search,True,False
11886,2025-07-15,Direct,False,False
11887,2025-07-30,Paid Search,True,False
11888,2025-01-19,Direct,True,False
11889,2025-05-04,Email,False,False
11890,2025-05-25,Email,True,False
11891,2025-09-25,Paid Search,False,False
11892,2025-05-03,Direct,False,False
11893,2025-07-14,Direct,True,False
11894,2025-01-06,Organic Search,False,False
11895,2025-02-12,Paid Search,True,False
11896,2025-08-11,Organic Search,True,False
11897,2025-10-21,Paid Search,False,False
11898,2025-10-31,Organic Search,True,False
11899,2025-08-11,Email,True,False
11900,2025-12-26,Direct,False,True
11901,2025-08-23,Paid Social,False,False
11902,2026-01-01,Paid Search,False,True
11903,2025-09-19,Paid Search,False,False
11904,2025-01-17,Email,True,False
11905,2025-11-23,Organic Search,True,True
11906,2025-03-09,Direct,True,True
11907,2025-07-25,Direct,True,False
11908,2025-01-15,Direct,True,True
11909,2025-06-26,Direct,False,False
11910,2025-07-19,Email,True,True
11911,2025-03-09,Email,True,False
11912,2025-08-04,Email,True,False
11913,2025-10-05,Organic Search,False,True
11914,2025-04-24,Email,False,False
11915,2025-01-22,Paid Search,True,False
11916,2025-05-16,Email,True,False
11917,2025-02-27,Direct,False,True
11918,2025-06-04,Paid Search,True,False
11919,2025-05-29,Email,True,True
11920,2025-05-27,Email,False,False
11921,2025-07-20,Email,True,False
11922,2025-02-23,Paid Search,True,True
11923,2025-07-23,Direct,True,False
11924,2025-03-01,Organic Search,False,True
11925,2025-09-22,Direct,True,False
11926,2025-12-21,Direct,False,False
11927,2026-01-17,Organic Search,True,False
11928,2025-10-29,Direct,True,False
11929,2025-02-26,Direct,False,True
11930,2025-04-13,Paid Search,True,True
11931,2025-01-01,Organic Search,True,False
11932,2025-02-20,Organic Search,False,True
11933,2025-01-30,Paid Social,False,False
11934,2025-04-05,Paid Social,True,True
11935,2025-07-24,Paid Search,True,False
11936,2025-10-15,Paid Search,True,False
11937,2025-09-07,Paid Social,False,True
11938,2025-04-26,Direct,True,False
11939,2025-07-11,Email,False,False
11940,2025-05-02,Email,False,True
11941,2025-12-22,Email,True,False
11942,2026-01-23,Email,False,True
11943,2026-01-23,Email,True,False
11944,2025-05-19,Email,True,True
11945,2025-11-26,Paid Search,True,False
11946,2025-10-15,Email,True,False
11947,2025-06-21,Paid Social,True,False
11948,2025-12-28,Organic Search,True,False
11949,2025-07-22,Paid Search,True,True
11950,2025-02-24,Organic Search,True,False
11951,2025-09-27,Organic Search,False,False
11952,2026-01-08,Paid Search,True,False
11953,2025-11-24,Organic Search,True,False
11954,2025-07-06,Organic Search,False,False
11955,2025-01-21,Paid Social,False,True
11956,2025-01-26,Paid Social,True,False
11957,2025-11-26,Paid Search,True,True
11958,2025-11-12,Paid Social,False,True
11959,2025-02-17,Paid Social,False,True
11960,2025-03-23,Organic Search,False,True
11961,2025-12-02,Paid Social,True,False
11962,2026-01-06,Email,False,False
11963,2025-08-31,Paid Social,True,False
11964,2026-01-05,Organic Search,False,True
11965,2025-03-02,Organic Search,True,True
11966,2026-01-16,Email,False,True
11967,2025-11-27,Direct,True,False
11968,2025-12-04,Organic Search,True,False
11969,2025-11-21,Direct,True,False
11970,2025-08-25,Organic Search,True,False
11971,2025-01-21,Email,False,False
11972,2025-08-23,Paid Search,True,False
11973,2025-06-28,Organic Search,True,False
11974,2025-01-16,Organic Search,True,True
11975,2025-03-20,Direct,True,False
11976,2025-12-05,Paid Search,True,True
11977,2025-08-22,Direct,False,True
11978,2025-12-10,Direct,True,False
11979,2025-06-03,Direct,True,True
11980,2025-05-01,Paid Search,True,False
11981,2025-03-23,Paid Search,True,False
11982,2025-09-26,Email,True,False
11983,2025-12-08,Email,False,True
11984,2025-11-23,Email,True,True
11985,2025-04-07,Direct,False,False
11986,2025-07-13,Paid Social,True,False
11987,2025-09-21,Paid Search,False,False
11988,2026-01-17,Paid Search,True,False
11989,2025-12-23,Organic Search,True,False
11990,2025-08-10,Direct,False,False
11991,2025-04-30,Paid Search,False,False
11992,2025-07-31,Paid Search,True,False
11993,2025-08-16,Organic Search,True,True
11994,2025-08-29,Email,False,True
11995,2025-06-01,Paid Social,True,False
11996,2025-01-12,Email,True,False
11997,2025-06-25,Paid Social,True,False
11998,2026-01-29,Organic Search,False,False
11999,2025-05-31,Direct,True,False
12000,2025-03-12,Paid Social,True,True
12001,2025-07-15,Direct,True,False
12002,2025-11-03,Email,False,True
12003,2026-01-24,Paid Social,True,False
12004,2025-09-11,Paid Social,True,True
12005,2026-01-28,Organic Search,True,False
12006,2025-12-08,Email,True,False
12007,2025-12-25,Organic Search,True,True
12008,2026-01-23,Paid Social,True,True
12009,2026-01-15,Paid Search,False,True
12010,2025-07-20,Paid Search,True,False
12011,2025-03-03,Direct,True,True
12012,2025-04-06,Paid Search,False,False
12013,2025-07-29,Paid Search,True,False
12014,2025-11-21,Paid Social,False,True
12015,2025-10-31,Organic Search,True,True
12016,2025-11-25,Organic Search,True,False
12017,2025-07-07,Paid Social,False,False
12018,2025-08-03,Organic Search,False,False
12019,2025-12-24,Organic Search,False,False
12020,2025-05-04,Organic Search,False,True
12021,2025-08-15,Email,True,False
12022,2025-10-02,Email,False,False
12023,2025-03-18,Paid Social,False,False
12024,2025-02-23,Paid Search,True,False
12025,2025-10-26,Paid Search,False,False
12026,2025-04-09,Paid Social,True,True
12027,2025-06-28,Email,True,True
12028,2025-12-10,Organic Search,True,False
12029,2025-03-23,Paid Search,True,False
12030,2025-04-25,Paid Social,True,True
12031,2025-09-28,Direct,False,False
12032,2026-01-13,Email,False,False
12033,2025-03-11,Organic Search,False,True
12034,2025-03-15,Email,True,False
12035,2025-05-06,Email,False,False
12036,2025-12-30,Paid Social,True,False
12037,2025-12-02,Organic Search,False,True
12038,2025-04-09,Paid Social,False,False
12039,2025-05-17,Direct,True,False
12040,2025-04-17,Organic Search,True,False
12041,2025-04-22,Paid Social,True,False
12042,2025-01-24,Direct,True,False
12043,2025-01-05,Paid Social,True,True
12044,2025-06-13,Email,False,False
12045,2025-08-10,Organic Search,True,False
12046,2025-09-03,Direct,True,True
12047,2025-06-09,Direct,True,True
12048,2026-01-24,Email,True,False
12049,2025-01-14,Paid Social,True,True
12050,2025-05-25,Paid Search,True,True
12051,2025-03-12,Direct,True,False
12052,2025-09-12,Direct,False,False
12053,2025-10-10,Paid Social,False,True
12054,2025-03-20,Direct,False,True
12055,2025-11-24,Email,True,True
12056,2025-02-14,Organic Search,True,True
12057,2025-06-15,Email,False,True
12058,2025-09-26,Email,True,False
12059,2025-09-02,Email,True,False
12060,2025-08-16,Paid Search,True,False
12061,2025-04-22,Paid Search,False,False
12062,2025-12-16,Paid Social,False,False
12063,2025-12-29,Email,True,False
12064,2025-05-01,Email,True,False
12065,2025-08-30,Paid Social,True,False
12066,2025-01-05,Paid Search,True,False
12067,2025-07-10,Paid Search,True,True
12068,2025-08-18,Organic Search,True,False
12069,2025-08-08,Paid Social,True,False
12070,2025-10-22,Direct,True,False
12071,2025-01-19,Organic Search,False,False
12072,2025-02-05,Email,True,False
12073,2025-03-21,Direct,False,True
12074,2025-04-30,Email,True,False
12075,2025-08-04,Paid Search,True,False
12076,2025-04-27,Paid Social,True,True
12077,2025-11-28,Direct,False,False
12078,2025-11-12,Organic Search,False,False
12079,2025-09-10,Direct,True,True
12080,2025-05-23,Paid Search,True,False
12081,2025-12-11,Paid Social,True,False
12082,2025-02-10,Organic Search,True,False
12083,2025-02-27,Paid Search,False,False
12084,2026-01-06,Email,False,False
12085,2025-11-13,Paid Social,True,True
12086,2025-10-24,Paid Social,False,False
12087,2026-01-23,Paid Social,True,False
12088,2025-07-17,Paid Social,False,False
12089,2025-01-07,Paid Social,True,False
12090,2025-05-22,Direct,False,False
12091,2025-04-27,Paid Search,False,False
12092,2025-03-13,Paid Social,True,True
12093,2025-11-30,Paid Search,True,False
12094,2025-04-01,Direct,True,False
12095,2025-01-27,Email,False,False
12096,2025-10-10,Paid Social,False,False
12097,2025-02-04,Paid Social,False,False
12098,2025-01-04,Email,True,False
12099,2025-02-01,Paid Search,True,False
12100,2025-01-18,Paid Search,False,True
12101,2025-07-10,Paid Search,True,True
12102,2025-09-08,Organic Search,True,False
12103,2025-11-14,Email,True,False
12104,2025-09-27,Email,True,False
12105,2025-11-15,Organic Search,True,False
12106,2025-10-09,Direct,True,True
12107,2025-12-30,Direct,True,False
12108,2025-11-14,Paid Search,True,True
12109,2025-05-05,Organic Search,False,True
12110,2025-02-15,Email,True,False
12111,2025-11-07,Paid Search,True,False
12112,2025-02-12,Paid Search,True,False
12113,2026-02-01,Paid Search,False,False
12114,2025-07-27,Paid Search,True,False
12115,2026-01-31,Organic Search,False,False
12116,2025-05-27,Paid Social,False,True
12117,2025-06-23,Direct,True,True
12118,2025-01-09,Paid Social,True,False
12119,2025-10-13,Paid Social,False,True
12120,2025-03-11,Direct,True,True
12121,2025-06-27,Paid Social,True,False
12122,2025-04-01,Paid Social,True,False
12123,2025-02-28,Paid Social,False,True
12124,2025-05-11,Organic Search,True,False
12125,2025-07-25,Paid Search,False,False
12126,2025-08-01,Email,False,True
12127,2025-07-02,Paid Search,True,False
12128,2025-05-24,Paid Search,True,False
12129,2025-02-08,Paid Search,False,False
12130,2025-08-27,Email,False,True
12131,2025-10-15,Paid Search,True,False
12132,2025-06-24,Paid Social,False,True
12133,2025-05-29,Email,False,False
12134,2025-06-04,Email,True,True
12135,2025-05-19,Paid Social,False,True
12136,2025-02-23,Email,True,False
12137,2025-07-07,Paid Search,True,True
12138,2025-04-15,Paid Social,False,False
12139,2025-07-17,Organic Search,False,False
12140,2025-09-08,Email,False,False
12141,2025-05-09,Email,True,False
12142,2025-12-28,Organic Search,False,False
12143,2025-06-21,Email,False,False
12144,2025-05-29,Email,False,True
12145,2025-08-25,Organic Search,True,True
12146,2025-03-30,Organic Search,True,False
12147,2025-05-31,Email,False,False
12148,2025-05-04,Direct,True,False
12149,2025-07-21,Paid Social,False,False
12150,2025-08-10,Paid Search,True,True
12151,2025-05-11,Email,False,False
12152,2026-01-30,Direct,False,False
12153,2025-11-01,Direct,True,False
12154,2025-06-02,Paid Search,True,False
12155,2025-11-02,Paid Social,True,False
12156,2025-01-30,Direct,False,False
12157,2025-04-26,Organic Search,False,True
12158,2026-01-26,Email,True,False
12159,2026-01-18,Organic Search,False,True
12160,2026-01-15,Email,False,False
12161,2025-10-27,Direct,False,False
12162,2025-02-11,Direct,False,True
12163,2025-06-12,Paid Search,True,True
12164,2025-03-18,Paid Social,False,False
12165,2025-07-26,Organic Search,True,False
12166,2025-04-23,Paid Search,True,False
12167,2025-09-30,Paid Search,False,False
12168,2025-04-03,Organic Search,True,False
12169,2025-06-09,Direct,False,False
12170,2025-09-17,Email,True,True
12171,2025-08-06,Direct,True,False
12172,2025-12-10,Organic Search,True,True
12173,2025-08-17,Email,True,False
12174,2025-11-25,Organic Search,True,True
12175,2025-11-05,Paid Search,True,False
12176,2025-07-08,Paid Social,True,False
12177,2025-09-01,Email,False,False
12178,2025-05-19,Email,True,True
12179,2025-06-21,Direct,False,False
12180,2025-10-09,Direct,True,False
12181,2025-09-03,Paid Search,True,False
12182,2025-11-13,Organic Search,True,False
12183,2025-08-25,Direct,True,False
12184,2025-02-24,Organic Search,True,False
12185,2025-04-11,Paid Search,True,True
12186,2025-08-19,Paid Social,True,True
12187,2025-03-13,Paid Social,False,False
12188,2025-09-08,Paid Search,True,False
12189,2025-01-20,Organic Search,True,False
12190,2025-06-26,Organic Search,True,False
12191,2025-06-01,Direct,False,False
12192,2025-04-16,Paid Social,True,False
12193,2025-05-16,Direct,True,True
12194,2025-05-28,Email,True,False
12195,2025-03-08,Paid Social,False,True
12196,2025-07-02,Paid Search,False,False
12197,2025-09-16,Paid Search,True,False
12198,2025-11-13,Paid Social,False,True
12199,2025-09-02,Organic Search,True,False
12200,2025-07-07,Email,False,False
12201,2025-12-13,Organic Search,True,False
12202,2025-03-03,Paid Search,False,False
12203,2025-04-20,Paid Social,True,False
12204,2025-10-26,Direct,True,False
12205,2025-08-24,Email,True,True
12206,2025-12-06,Email,False,True
12207,2025-02-05,Organic Search,False,False
12208,2025-08-07,Paid Search,False,True
12209,2025-09-21,Organic Search,True,False
12210,2025-11-03,Organic Search,False,True
12211,2025-04-23,Paid Social,False,True
12212,2026-01-03,Email,True,False
12213,2025-08-06,Email,False,True
12214,2025-01-17,Email,True,False
12215,2025-12-31,Email,False,False
12216,2025-05-03,Organic Search,True,True
12217,2025-02-24,Direct,True,False
12218,2025-06-08,Email,False,True
12219,2025-12-21,Direct,True,False
12220,2025-08-15,Paid Social,True,False
12221,2025-10-01,Email,True,False
12222,2025-03-02,Paid Search,False,False
12223,2025-01-10,Email,False,True
12224,2025-04-21,Organic Search,False,True
12225,2025-12-29,Paid Social,True,False
12226,2025-09-27,Email,False,True
12227,2025-12-20,Paid Search,True,True
12228,2025-10-26,Direct,False,False
12229,2025-02-11,Email,True,False
12230,2025-02-17,Email,True,True
12231,2025-01-07,Direct,False,False
12232,2025-06-09,Email,True,True
12233,2026-01-02,Paid Social,True,True
12234,2025-06-22,Paid Search,True,False
12235,2025-07-16,Email,True,False
12236,2025-07-15,Email,False,False
12237,2025-04-18,Email,True,False
12238,2025-11-06,Email,True,False
12239,2025-10-26,Paid Search,False,True
12240,2025-11-08,Organic Search,True,False
12241,2025-05-12,Organic Search,True,False
12242,2025-07-08,Paid Social,False,False
12243,2025-11-08,Email,True,False
12244,2025-04-10,Paid Social,True,False
12245,2025-03-26,Email,True,True
12246,2025-03-26,Paid Search,True,False
12247,2025-12-30,Direct,False,True
12248,2025-07-04,Paid Search,True,True
12249,2025-11-20,Organic Search,False,False
12250,2025-12-05,Direct,True,False
12251,2025-09-01,Direct,True,True
12252,2025-10-15,Paid Social,True,False
12253,2025-04-20,Direct,True,False
12254,2025-01-12,Email,True,False
12255,2025-05-10,Paid Search,False,False
12256,2025-06-26,Direct,True,False
12257,2025-09-10,Email,True,False
12258,2025-11-02,Paid Social,False,False
12259,2025-02-01,Paid Search,True,False
12260,2025-09-11,Direct,True,False
12261,2025-10-02,Paid Social,True,False
12262,2026-01-27,Paid Social,True,False
12263,2025-10-09,Paid Search,True,False
12264,2025-10-20,Paid Social,False,True
12265,2025-01-06,Direct,True,False
12266,2025-04-04,Paid Social,True,False
12267,2025-07-02,Organic Search,False,False
12268,2025-06-27,Organic Search,True,False
12269,2025-03-28,Organic Search,False,False
12270,2025-12-31,Email,True,False
12271,2025-02-06,Paid Search,True,False
12272,2025-02-21,Email,True,False
12273,2025-10-22,Organic Search,True,True
12274,2025-10-13,Paid Search,False,True
12275,2025-11-23,Paid Social,False,False
12276,2025-01-25,Paid Search,False,False
12277,2025-12-06,Paid Social,True,True
12278,2025-09-24,Paid Search,True,True
12279,2025-02-24,Email,False,False
12280,2026-01-05,Organic Search,False,True
12281,2025-03-09,Direct,False,False
12282,2025-02-25,Organic Search,False,False
12283,2025-02-19,Direct,True,False
12284,2026-01-30,Direct,False,False
12285,2025-07-09,Direct,True,False
12286,2025-12-03,Organic Search,False,False
12287,2025-05-05,Email,True,False
12288,2025-01-31,Organic Search,False,False
12289,2025-12-26,Paid Social,True,False
12290,2025-01-02,Email,False,True
12291,2025-05-14,Organic Search,False,False
12292,2025-09-16,Email,True,False
12293,2025-09-06,Paid Search,True,False
12294,2025-04-05,Organic Search,False,False
12295,2025-11-02,Paid Social,False,True
12296,2025-08-22,Paid Social,True,False
12297,2025-06-11,Direct,False,False
12298,2025-06-08,Paid Search,True,False
12299,2025-08-31,Organic Search,False,False
12300,2025-04-17,Email,True,True
12301,2025-10-17,Direct,True,False
12302,2025-09-14,Paid Search,False,False
12303,2025-10-26,Paid Social,True,False
12304,2025-12-27,Organic Search,False,False
12305,2025-05-29,Direct,True,False
12306,2025-12-13,Paid Social,False,False
12307,2025-09-11,Email,False,False
12308,2025-02-07,Organic Search,True,False
12309,2025-02-24,Organic Search,True,True
12310,2025-11-27,Email,True,False
12311,2025-05-14,Paid Social,False,False
12312,2025-05-02,Email,False,False
12313,2025-08-25,Direct,True,False
12314,2025-06-28,Direct,False,False
12315,2026-01-08,Organic Search,True,True
12316,2025-03-21,Direct,True,False
12317,2025-02-01,Paid Social,True,False
12318,2025-07-17,Email,False,False
12319,2025-02-16,Direct,True,False
12320,2025-11-27,Email,False,False
12321,2025-02-15,Organic Search,True,False
12322,2025-02-06,Organic Search,False,False
12323,2025-01-12,Direct,False,False
12324,2025-02-09,Organic Search,True,True
12325,2025-03-08,Direct,True,False
12326,2025-05-06,Direct,False,False
12327,2025-10-05,Paid Search,True,False
12328,2025-10-15,Organic Search,True,True
12329,2025-12-04,Email,True,True
12330,2026-01-12,Email,False,False
12331,2025-02-26,Paid Social,False,False
12332,2025-02-27,Organic Search,True,False
12333,2025-11-10,Paid Social,False,False
12334,2025-07-18,Email,True,True
12335,2026-01-10,Direct,False,True
12336,2026-01-31,Paid Social,True,False
12337,2025-11-29,Email,True,True
12338,2025-06-23,Direct,False,False
12339,2025-11-20,Organic Search,True,True
12340,2025-07-06,Organic Search,True,False
12341,2025-07-26,Organic Search,True,False
12342,2025-06-28,Paid Social,False,False
12343,2025-11-30,Paid Search,True,False
12344,2025-08-11,Paid Social,True,False
12345,2025-03-03,Paid Social,False,True
12346,2025-05-16,Paid Social,True,False
12347,2025-12-09,Organic Search,True,False
12348,2025-03-31,Paid Social,True,False
12349,2025-02-02,Paid Search,False,True
12350,2025-04-23,Email,True,False
12351,2025-07-20,Paid Social,True,False
12352,2025-09-07,Organic Search,False,False
12353,2025-07-21,Email,False,False
12354,2025-02-12,Organic Search,True,False
12355,2025-06-14,Organic Search,False,True
12356,2026-01-19,Paid Search,True,False
12357,2025-02-18,Email,False,False
12358,2025-02-02,Organic Search,False,False
12359,2025-11-22,Direct,False,False
12360,2025-11-14,Direct,False,False
12361,2025-07-17,Paid Search,True,True
12362,2025-07-24,Organic Search,True,False
12363,2025-01-27,Direct,True,False
12364,2025-10-26,Paid Social,True,False
12365,2025-06-27,Paid Search,True,False
12366,2025-09-13,Organic Search,False,True
12367,2025-03-22,Email,True,False
12368,2025-11-03,Direct,True,True
12369,2025-07-11,Paid Search,True,False
12370,2025-12-21,Email,False,False
12371,2025-07-21,Paid Social,False,False
12372,2025-11-04,Organic Search,True,False
12373,2025-11-17,Paid Search,True,False
12374,2025-12-07,Organic Search,True,True
12375,2025-03-24,Paid Social,True,False
12376,2025-05-07,Organic Search,False,False
12377,2025-12-24,Direct,True,True
12378,2025-04-25,Paid Social,True,False
12379,2025-12-13,Direct,True,True
12380,2025-02-21,Paid Search,False,False
12381,2025-05-04,Email,True,True
12382,2025-04-02,Organic Search,False,False
12383,2025-01-17,Paid Social,True,False
12384,2025-11-19,Paid Search,True,False
12385,2025-02-15,Email,True,False
12386,2025-12-27,Paid Social,True,False
12387,2025-05-14,Email,False,False
12388,2025-08-05,Organic Search,True,True
12389,2026-01-08,Paid Social,False,False
12390,2025-10-30,Organic Search,True,False
12391,2025-12-06,Paid Social,False,False
12392,2025-03-01,Paid Social,True,False
12393,2025-10-04,Organic Search,False,True
12394,2025-10-28,Email,True,False
12395,2025-02-27,Paid Search,True,True
12396,2025-08-20,Email,False,False
12397,2025-01-25,Direct,True,False
12398,2025-12-12,Paid Search,False,False
12399,2025-10-22,Paid Search,True,False
12400,2025-10-13,Paid Social,True,False
12401,2025-09-08,Organic Search,False,True
12402,2025-05-31,Organic Search,True,False
12403,2025-11-01,Organic Search,True,True
12404,2025-06-10,Paid Search,True,False
12405,2025-11-01,Email,True,False
12406,2025-04-17,Direct,False,False
12407,2025-04-21,Paid Social,True,False
12408,2025-11-16,Direct,True,False
12409,2025-11-03,Organic Search,False,False
12410,2025-07-22,Paid Search,True,False
12411,2025-01-05,Paid Search,True,False
12412,2025-08-29,Organic Search,False,False
12413,2025-12-06,Paid Search,False,False
12414,2025-01-20,Organic Search,True,False
12415,2025-11-28,Direct,False,True
12416,2026-02-04,Paid Search,True,False
12417,2025-09-07,Organic Search,True,False
12418,2025-10-20,Organic Search,True,False
12419,2026-01-24,Paid Social,True,False
12420,2025-12-19,Email,True,False
12421,2025-07-02,Paid Social,True,True
12422,2025-05-09,Paid Social,True,False
12423,2025-11-02,Paid Search,False,False
12424,2025-04-01,Email,False,False
12425,2025-06-25,Email,True,False
12426,2025-11-08,Paid Social,False,False
12427,2025-01-18,Email,True,False
12428,2025-09-12,Organic Search,False,False
12429,2025-01-25,Email,True,False
12430,2025-01-25,Organic Search,False,False
12431,2025-01-19,Paid Search,False,False
12432,2025-10-15,Paid Social,True,True
12433,2025-03-08,Paid Search,True,True
12434,2025-10-17,Email,False,False
12435,2025-11-03,Direct,True,False
12436,2025-03-26,Paid Search,True,False
12437,2025-05-10,Direct,False,True
12438,2025-03-06,Email,False,False
12439,2025-01-05,Organic Search,False,False
12440,2025-03-29,Direct,True,True
12441,2025-05-22,Paid Search,True,False
12442,2025-02-13,Paid Social,False,False
12443,2026-01-14,Email,True,False
12444,2025-04-10,Paid Search,True,False
12445,2025-01-11,Email,False,False
12446,2025-03-12,Paid Search,True,True
12447,2025-04-23,Organic Search,True,True
12448,2025-07-26,Paid Search,True,False
12449,2026-01-03,Direct,True,False
12450,2025-06-10,Paid Search,True,False
12451,2025-03-27,Direct,True,True
12452,2025-12-21,Paid Search,True,False
12453,2025-02-07,Organic Search,True,False
12454,2025-11-02,Direct,False,True
12455,2025-11-01,Paid Social,False,False
12456,2025-12-19,Direct,True,False
12457,2025-06-05,Email,False,False
12458,2025-10-24,Organic Search,True,False
12459,2025-11-28,Paid Social,True,False
12460,2025-05-18,Paid Social,True,False
12461,2026-02-01,Organic Search,False,False
12462,2025-10-31,Email,True,False
12463,2025-10-09,Paid Search,True,False
12464,2025-01-19,Organic Search,True,False
12465,2025-05-11,Direct,True,False
12466,2025-07-30,Paid Social,True,False
12467,2025-07-02,Paid Social,False,True
12468,2025-08-16,Organic Search,True,True
12469,2025-12-06,Email,True,True
12470,2025-01-02,Organic Search,True,False
12471,2025-05-28,Email,True,False
12472,2025-05-21,Paid Search,False,False
12473,2026-01-27,Direct,False,True
12474,2025-11-22,Paid Social,True,False
12475,2025-05-12,Paid Search,False,False
12476,2025-04-17,Paid Search,False,False
12477,2025-03-11,Paid Social,False,False
12478,2025-08-19,Organic Search,False,True
12479,2025-05-27,Direct,True,False
12480,2025-12-12,Paid Search,True,False
12481,2025-05-13,Email,True,True
12482,2025-12-19,Organic Search,False,False
12483,2025-10-09,Direct,True,False
12484,2025-12-20,Paid Social,True,True
12485,2025-09-28,Paid Social,True,False
12486,2025-04-02,Direct,False,False
12487,2026-01-28,Organic Search,True,True
12488,2025-04-08,Email,False,False
12489,2025-07-13,Direct,False,True
12490,2025-01-20,Organic Search,False,False
12491,2025-12-15,Paid Search,False,False
12492,2025-04-10,Paid Search,False,False
12493,2025-04-17,Paid Social,True,True
12494,2025-06-20,Organic Search,True,True
12495,2025-06-22,Direct,True,False
12496,2025-11-21,Paid Search,True,True
12497,2025-07-21,Paid Social,False,True
12498,2025-07-24,Paid Social,False,False
12499,2025-05-18,Direct,True,False
12500,2025-08-03,Paid Search,False,False
12501,2025-03-01,Direct,False,False
12502,2025-01-16,Email,True,True
12503,2025-05-31,Email,True,True
12504,2025-04-26,Direct,True,False
12505,2025-11-27,Paid Search,False,False
12506,2025-06-13,Direct,True,True
12507,2025-09-28,Paid Social,False,False
12508,2025-02-26,Direct,True,False
12509,2025-04-08,Email,True,True
12510,2025-10-31,Email,True,False
12511,2025-03-13,Organic Search,False,True
12512,2025-06-18,Paid Search,False,False
12513,2025-10-27,Paid Search,True,False
12514,2025-05-23,Paid Search,False,False
12515,2025-09-17,Paid Social,True,False
12516,2025-07-14,Email,True,False
12517,2025-07-19,Organic Search,False,True
12518,2025-02-13,Paid Social,False,True
12519,2025-04-19,Paid Search,False,False
12520,2025-07-23,Paid Search,False,False
12521,2025-11-01,Paid Search,False,False
12522,2025-02-27,Direct,True,False
12523,2025-09-16,Direct,True,False
12524,2025-07-15,Direct,True,False
12525,2026-01-17,Email,False,False
12526,2025-05-21,Email,True,False
12527,2025-08-17,Organic Search,True,False
12528,2025-01-02,Paid Search,True,False
12529,2025-05-27,Direct,True,False
12530,2025-02-27,Email,True,True
12531,2025-09-10,Paid Search,False,True
12532,2025-09-21,Organic Search,False,False
12533,2025-06-12,Organic Search,True,False
12534,2025-10-16,Email,True,False
12535,2025-12-20,Direct,False,True
12536,2025-06-29,Direct,True,False
12537,2025-01-25,Paid Search,False,False
12538,2025-03-24,Organic Search,False,False
12539,2025-01-03,Email,False,False
12540,2025-10-05,Paid Social,True,True
12541,2025-09-23,Direct,True,False
12542,2025-01-19,Direct,True,False
12543,2025-02-12,Paid Social,False,False
12544,2025-07-01,Paid Search,False,False
12545,2026-01-08,Paid Search,True,False
12546,2025-06-13,Paid Search,True,False
12547,2025-03-18,Paid Social,True,False
12548,2025-02-01,Paid Search,True,False
12549,2025-08-31,Direct,True,True
12550,2025-09-10,Paid Social,True,False
12551,2025-03-23,Email,True,True
12552,2025-09-27,Direct,True,False
12553,2025-07-10,Email,False,False
12554,2025-04-01,Direct,False,False
12555,2025-06-20,Direct,True,False
12556,2025-03-29,Email,False,False
12557,2025-11-27,Direct,False,False
12558,2026-02-02,Email,False,False
12559,2025-02-06,Organic Search,False,True
12560,2025-12-11,Organic Search,True,False
12561,2025-08-06,Organic Search,True,False
12562,2025-06-08,Direct,True,False
12563,2025-04-11,Paid Search,True,True
12564,2025-12-04,Paid Search,True,False
12565,2026-01-22,Organic Search,False,True
12566,2025-10-26,Paid Search,True,False
12567,2025-06-01,Organic Search,True,False
12568,2025-07-28,Paid Social,True,True
12569,2025-02-21,Organic Search,True,False
12570,2025-04-28,Organic Search,True,True
12571,2025-06-04,Direct,True,False
12572,2025-06-02,Email,False,False
12573,2025-07-30,Paid Search,False,False
12574,2025-03-18,Paid Social,True,False
12575,2025-10-18,Organic Search,False,False
12576,2025-11-11,Organic Search,True,True
12577,2025-02-19,Paid Search,True,False
12578,2025-04-05,Paid Social,True,False
12579,2025-05-23,Paid Social,True,True
12580,2025-04-25,Organic Search,True,False
12581,2025-04-15,Paid Social,True,True
12582,2025-12-13,Paid Search,True,False
12583,2025-11-15,Organic Search,True,False
12584,2025-01-15,Email,False,False
12585,2025-12-19,Direct,False,True
12586,2025-10-14,Paid Social,False,False
12587,2025-02-26,Direct,True,False
12588,2025-02-14,Direct,False,False
12589,2025-04-18,Email,True,True
12590,2025-06-27,Paid Search,True,False
12591,2025-09-15,Email,True,False
12592,2025-09-24,Direct,True,False
12593,2026-02-05,Direct,True,False
12594,2025-12-13,Direct,True,False
12595,2025-08-30,Paid Social,True,True
12596,2025-09-27,Direct,False,True
12597,2025-03-07,Paid Social,False,True
12598,2025-09-19,Direct,False,True
12599,2025-07-25,Paid Social,True,False
12600,2025-03-31,Email,False,False
12601,2025-12-31,Paid Social,False,False
12602,2025-01-18,Paid Social,False,True
12603,2025-09-27,Paid Social,True,False
12604,2025-08-11,Direct,False,True
12605,2025-11-21,Paid Search,True,False
12606,2025-03-03,Organic Search,False,False
12607,2025-07-22,Email,False,False
12608,2025-10-03,Paid Social,False,False
12609,2025-04-14,Email,True,False
12610,2025-10-09,Paid Search,True,False
12611,2025-02-16,Paid Social,False,False
12612,2025-03-15,Direct,True,False
12613,2025-11-30,Email,False,False
12614,2025-04-17,Email,True,False
12615,2025-02-18,Paid Search,False,False
12616,2025-08-13,Paid Search,True,False
12617,2025-06-02,Paid Social,True,True
12618,2025-11-20,Email,True,False
12619,2025-06-05,Paid Social,True,False
12620,2025-08-03,Organic Search,True,False
12621,2025-12-05,Organic Search,True,False
12622,2025-04-10,Paid Search,False,True
12623,2025-06-22,Paid Search,True,True
12624,2025-01-07,Email,False,True
12625,2025-11-28,Paid Social,False,False
12626,2026-01-12,Direct,True,False
12627,2025-04-12,Email,False,False
12628,2026-01-06,Email,True,True
12629,2025-04-02,Organic Search,False,False
12630,2025-03-22,Paid Search,True,False
12631,2025-10-22,Email,True,True
12632,2025-01-18,Organic Search,False,False
12633,2025-06-13,Direct,False,True
12634,2025-05-23,Organic Search,True,True
12635,2025-06-26,Paid Social,True,False
12636,2025-04-24,Paid Search,False,False
12637,2025-09-12,Direct,True,False
12638,2026-01-31,Paid Social,True,False
12639,2025-04-07,Paid Search,False,False
12640,2025-02-17,Direct,False,False
12641,2025-04-03,Paid Social,True,False
12642,2025-06-15,Email,True,True
12643,2025-04-24,Paid Search,True,True
12644,2026-02-02,Organic Search,False,False
12645,2025-03-21,Organic Search,True,False
12646,2025-01-07,Organic Search,True,True
12647,2025-01-04,Organic Search,False,False
12648,2025-12-14,Direct,False,False
12649,2025-11-29,Organic Search,True,True
12650,2025-04-14,Direct,True,True
12651,2025-10-15,Paid Social,False,False
12652,2025-01-09,Organic Search,True,False
12653,2025-05-13,Paid Social,False,False
12654,2025-01-01,Direct,True,False
12655,2025-07-15,Email,True,False
12656,2025-08-30,Organic Search,False,False
12657,2025-05-16,Paid Search,True,False
12658,2025-10-17,Email,True,False
12659,2025-02-22,Paid Search,True,False
12660,2025-05-30,Email,True,False
12661,2025-05-09,Email,True,True
12662,2025-11-18,Organic Search,True,False
12663,2025-07-20,Direct,True,False
12664,2025-05-07,Paid Social,True,False
12665,2025-04-30,Organic Search,True,False
12666,2025-11-28,Direct,False,False
12667,2025-10-19,Paid Search,False,False
12668,2025-12-17,Organic Search,True,False
12669,2025-10-20,Direct,False,True
12670,2025-01-05,Organic Search,False,False
12671,2025-03-01,Paid Search,True,False
12672,2025-09-10,Paid Social,True,False
12673,2026-01-26,Paid Search,True,False
12674,2025-01-12,Email,True,False
12675,2025-09-10,Paid Search,True,True
12676,2025-10-04,Direct,True,True
12677,2025-11-27,Organic Search,True,True
12678,2025-08-05,Paid Social,True,True
12679,2025-12-07,Paid Social,False,False
12680,2025-11-30,Direct,False,False
12681,2025-01-19,Paid Social,True,True
12682,2025-02-17,Paid Search,True,False
12683,2025-03-07,Paid Social,True,False
12684,2025-04-09,Paid Social,False,False
12685,2025-11-29,Email,False,False
12686,2025-03-11,Paid Search,True,False
12687,2025-04-06,Email,False,True
12688,2025-08-24,Email,True,False
12689,2026-01-28,Paid Social,False,False
12690,2025-09-28,Organic Search,True,False
12691,2025-06-15,Email,True,False
12692,2025-10-16,Paid Search,True,False
12693,2025-11-03,Paid Search,True,False
12694,2025-08-18,Email,True,False
12695,2025-07-30,Email,True,False
12696,2025-06-26,Email,True,True
12697,2025-10-25,Paid Social,False,True
12698,2025-07-31,Email,True,True
12699,2026-01-22,Paid Search,True,False
12700,2025-04-29,Paid Search,False,False
12701,2025-01-12,Paid Social,True,True
12702,2025-05-28,Organic Search,False,False
12703,2025-07-25,Organic Search,False,False
12704,2025-10-25,Paid Social,True,False
12705,2025-08-04,Organic Search,True,True
12706,2025-02-12,Email,True,False
12707,2025-10-08,Organic Search,True,False
12708,2025-10-08,Paid Search,True,True
12709,2025-09-05,Paid Social,True,False
12710,2025-03-22,Paid Search,False,False
12711,2025-06-03,Paid Search,True,False
12712,2025-12-31,Organic Search,True,False
12713,2025-04-13,Direct,True,False
12714,2026-01-05,Direct,True,False
12715,2025-09-26,Email,True,False
12716,2025-10-20,Paid Social,False,False
12717,2025-08-15,Direct,True,True
12718,2025-01-15,Direct,True,False
12719,2025-02-25,Paid Search,True,True
12720,2025-08-14,Email,False,True
12721,2025-11-12,Direct,False,True
12722,2025-08-08,Paid Search,False,False
12723,2025-08-04,Direct,False,False
12724,2025-11-12,Organic Search,False,True
12725,2025-05-21,Organic Search,True,False
12726,2025-01-05,Organic Search,True,False
12727,2025-03-23,Paid Social,False,False
12728,2025-08-28,Direct,True,True
12729,2025-03-06,Paid Search,True,False
12730,2025-03-14,Paid Social,True,True
12731,2026-01-09,Direct,False,False
12732,2025-01-17,Email,False,True
12733,2025-08-22,Organic Search,True,True
12734,2025-10-09,Email,False,False
12735,2025-09-02,Paid Search,True,False
12736,2025-06-24,Paid Social,True,True
12737,2025-08-11,Email,True,False
12738,2025-11-30,Paid Search,True,True
12739,2025-10-20,Paid Search,True,False
12740,2025-03-09,Paid Social,False,True
12741,2025-03-07,Organic Search,True,False
12742,2025-11-02,Paid Search,False,False
12743,2025-12-11,Paid Search,True,True
12744,2025-09-06,Direct,False,False
12745,2025-07-24,Direct,True,False
12746,2026-01-30,Paid Social,False,False
12747,2025-03-09,Paid Social,True,True
12748,2025-01-24,Paid Social,True,False
12749,2025-06-18,Email,True,False
12750,2025-08-22,Paid Search,False,False
12751,2025-05-19,Email,True,False
12752,2025-06-28,Paid Social,True,False
12753,2025-03-12,Direct,True,False
12754,2025-04-19,Paid Social,True,False
12755,2025-01-28,Organic Search,False,True
12756,2025-12-09,Paid Social,True,True
12757,2025-11-26,Paid Social,True,True
12758,2025-01-23,Paid Social,True,False
12759,2025-02-10,Paid Search,True,False
12760,2025-02-05,Paid Social,True,False
12761,2025-02-13,Paid Search,False,True
12762,2025-02-06,Paid Search,True,False
12763,2025-12-15,Direct,True,True
12764,2025-04-28,Direct,True,False
12765,2025-08-21,Email,False,False
12766,2025-05-13,Email,True,False
12767,2025-06-25,Paid Social,True,False
12768,2025-01-26,Email,True,False
12769,2025-09-07,Email,True,False
12770,2025-08-18,Paid Search,True,False
12771,2025-05-03,Paid Social,True,False
12772,2025-12-19,Direct,True,True
12773,2026-02-03,Paid Search,True,False
12774,2025-02-15,Direct,False,False
12775,2026-01-06,Paid Search,True,False
12776,2025-05-18,Paid Search,True,False
12777,2025-09-25,Email,False,False
12778,2025-11-19,Paid Search,False,False
12779,2025-02-06,Organic Search,True,False
12780,2025-10-28,Paid Social,True,False
12781,2025-03-27,Organic Search,True,False
12782,2025-06-06,Paid Search,True,False
12783,2025-12-13,Paid Search,True,False
12784,2025-08-13,Direct,False,False
12785,2025-04-05,Direct,True,False
12786,2025-05-29,Email,False,False
12787,2025-09-25,Email,True,True
12788,2025-05-30,Paid Social,False,False
12789,2025-06-03,Direct,True,False
12790,2025-02-13,Email,True,False
12791,2025-09-18,Paid Search,False,False
12792,2025-12-17,Direct,False,False
12793,2025-10-04,Paid Social,True,False
12794,2025-06-09,Paid Social,True,False
12795,2025-01-12,Email,True,False
12796,2025-01-30,Direct,False,False
12797,2025-10-31,Direct,True,False
12798,2025-09-30,Email,True,True
12799,2025-02-14,Organic Search,False,False
12800,2025-03-29,Paid Social,True,False
12801,2025-07-05,Email,False,False
12802,2025-11-12,Email,False,False
12803,2025-09-29,Email,False,False
12804,2025-11-30,Paid Search,True,True
12805,2025-06-03,Email,False,True
12806,2025-04-11,Organic Search,False,True
12807,2025-07-27,Direct,False,True
12808,2025-08-28,Organic Search,True,False
12809,2025-04-13,Paid Social,True,False
12810,2025-07-19,Paid Social,True,True
12811,2025-03-16,Organic Search,True,True
12812,2025-01-04,Direct,False,False
12813,2025-03-20,Email,True,True
12814,2025-06-20,Paid Social,False,False
12815,2025-09-29,Direct,False,False
12816,2025-04-08,Paid Social,True,False
12817,2025-04-29,Organic Search,False,False
12818,2025-08-29,Direct,False,True
12819,2025-10-29,Email,False,False
12820,2025-02-16,Direct,True,True
12821,2025-02-07,Organic Search,True,False
12822,2025-01-10,Paid Search,True,False
12823,2025-02-03,Paid Search,True,True
12824,2025-08-02,Email,False,False
12825,2025-10-31,Organic Search,False,True
12826,2025-01-30,Direct,False,False
12827,2025-12-11,Email,True,False
12828,2025-10-24,Paid Social,True,True
12829,2025-01-10,Paid Search,False,False
12830,2025-10-02,Email,True,False
12831,2025-05-21,Organic Search,True,True
12832,2025-10-02,Paid Search,True,False
12833,2025-08-23,Organic Search,False,True
12834,2025-07-05,Email,True,False
12835,2025-06-23,Direct,False,True
12836,2025-03-09,Paid Search,True,False
12837,2025-02-15,Organic Search,True,False
12838,2025-04-22,Direct,True,False
12839,2026-01-04,Direct,False,False
12840,2025-05-07,Email,True,False
12841,2025-05-10,Organic Search,False,True
12842,2025-03-30,Paid Social,False,False
12843,2025-10-10,Paid Social,True,False
12844,2025-11-16,Paid Search,True,False
12845,2025-05-06,Email,True,False
12846,2025-11-07,Paid Social,True,True
12847,2025-02-27,Email,True,False
12848,2025-02-04,Paid Social,True,False
12849,2025-12-15,Direct,False,False
12850,2025-12-25,Direct,False,True
12851,2025-05-24,Organic Search,True,True
12852,2025-10-13,Email,True,True
12853,2025-04-12,Email,True,False
12854,2026-01-16,Email,True,True
12855,2026-01-10,Paid Search,True,False
12856,2025-12-27,Email,True,False
12857,2025-10-23,Direct,True,True
12858,2025-06-28,Paid Search,True,True
12859,2025-03-08,Paid Search,False,False
12860,2025-05-16,Organic Search,True,False
12861,2025-03-17,Paid Search,True,False
12862,2026-01-07,Paid Social,False,False
12863,2025-02-25,Paid Social,True,False
12864,2025-07-10,Email,True,False
12865,2025-08-03,Organic Search,False,False
12866,2025-08-12,Organic Search,False,False
12867,2026-01-16,Paid Search,True,False
12868,2025-06-24,Direct,True,False
12869,2025-05-10,Direct,False,False
12870,2025-01-01,Organic Search,False,False
12871,2025-11-05,Paid Search,True,False
12872,2025-05-02,Organic Search,True,True
12873,2025-03-16,Email,True,False
12874,2025-11-25,Paid Social,False,True
12875,2025-02-05,Paid Social,True,True
12876,2025-03-07,Paid Social,True,False
12877,2025-01-28,Paid Social,True,False
12878,2025-06-08,Paid Search,True,False
12879,2025-11-06,Paid Social,True,False
12880,2025-06-24,Paid Search,True,False
12881,2025-09-27,Organic Search,True,False
12882,2025-02-19,Paid Social,True,False
12883,2026-01-15,Organic Search,True,True
12884,2025-09-13,Paid Search,True,False
12885,2025-07-05,Organic Search,True,False
12886,2025-03-03,Email,True,False
12887,2025-12-01,Paid Search,True,False
12888,2025-07-23,Organic Search,True,False
12889,2025-04-29,Email,True,False
12890,2025-09-27,Organic Search,False,False
12891,2025-12-11,Paid Social,True,False
12892,2025-03-23,Paid Search,True,True
12893,2025-07-14,Direct,True,True
12894,2025-07-29,Direct,True,True
12895,2025-01-11,Paid Search,False,False
12896,2026-01-20,Direct,False,True
12897,2025-09-13,Direct,False,False
12898,2025-05-27,Paid Search,False,False
12899,2025-08-02,Organic Search,True,False
12900,2025-12-15,Email,True,True
12901,2025-08-22,Direct,True,True
12902,2025-02-13,Paid Social,False,False
12903,2026-01-31,Direct,True,False
12904,2025-08-06,Direct,False,False
12905,2025-11-24,Direct,True,False
12906,2025-02-21,Paid Search,False,True
12907,2025-09-02,Email,True,False
12908,2025-11-22,Paid Social,False,True
12909,2025-03-15,Organic Search,False,False
12910,2025-09-13,Paid Search,False,True
12911,2025-06-26,Organic Search,True,False
12912,2026-01-24,Direct,False,False
12913,2025-04-18,Paid Search,False,False
12914,2026-01-09,Paid Search,False,False
12915,2026-01-10,Direct,True,False
12916,2025-03-30,Paid Search,False,True
12917,2025-12-16,Paid Search,True,False
12918,2025-07-29,Direct,True,False
12919,2025-12-04,Paid Social,True,False
12920,2025-07-16,Organic Search,False,False
12921,2025-01-19,Direct,True,False
12922,2025-01-08,Paid Social,False,False
12923,2025-02-03,Paid Search,True,False
12924,2025-03-25,Email,False,True
12925,2025-08-09,Direct,False,True
12926,2026-01-30,Email,True,True
12927,2025-11-17,Paid Search,False,False
12928,2025-04-01,Paid Social,False,False
12929,2025-01-20,Paid Search,True,False
12930,2026-01-11,Email,True,True
12931,2025-04-16,Organic Search,False,False
12932,2025-12-20,Email,False,False
12933,2025-12-01,Direct,False,False
12934,2025-11-02,Direct,False,False
12935,2026-01-07,Organic Search,True,True
12936,2025-09-07,Paid Social,True,False
12937,2025-01-14,Email,True,True
12938,2025-03-27,Email,True,False
12939,2025-06-12,Paid Search,False,False
12940,2026-01-26,Organic Search,True,False
12941,2025-08-19,Organic Search,False,False
12942,2025-06-13,Paid Social,True,False
12943,2025-11-18,Email,True,True
12944,2025-06-23,Paid Social,False,True
12945,2025-08-13,Paid Social,False,False
12946,2025-12-22,Direct,False,False
12947,2025-03-20,Direct,True,False
12948,2025-04-21,Paid Search,True,False
12949,2025-11-30,Paid Social,False,False
12950,2025-03-25,Organic Search,False,False
12951,2025-12-15,Email,True,False
12952,2025-05-06,Paid Search,False,True
12953,2025-10-25,Organic Search,False,True
12954,2025-02-09,Paid Search,False,False
12955,2026-01-01,Direct,True,False
12956,2026-01-24,Direct,False,False
12957,2025-08-15,Email,False,True
12958,2026-01-27,Email,False,False
12959,2025-04-24,Direct,False,False
12960,2025-04-03,Organic Search,True,False
12961,2025-02-23,Paid Search,True,False
12962,2025-06-26,Direct,True,False
12963,2025-07-04,Paid Social,True,False
12964,2025-01-05,Direct,True,False
12965,2025-03-31,Paid Social,False,True
12966,2025-01-15,Organic Search,True,True
12967,2025-05-23,Paid Search,True,False
12968,2025-01-12,Direct,True,False
12969,2025-04-03,Paid Social,True,False
12970,2026-01-02,Paid Social,True,False
12971,2025-04-01,Paid Search,True,False
12972,2025-03-28,Paid Search,True,False
12973,2025-05-27,Paid Search,True,False
12974,2025-05-16,Email,True,False
12975,2025-10-18,Organic Search,False,False
12976,2025-09-04,Direct,False,True
12977,2025-02-19,Paid Social,False,True
12978,2026-02-01,Organic Search,True,False
12979,2025-12-20,Paid Search,True,False
12980,2025-08-31,Paid Search,True,False
12981,2025-08-01,Direct,True,False
12982,2025-04-22,Direct,True,False
12983,2025-03-14,Direct,True,False
12984,2025-07-15,Direct,True,True
12985,2025-03-31,Email,True,False
12986,2026-01-20,Direct,False,False
12987,2025-06-02,Direct,True,False
12988,2025-06-05,Direct,True,False
12989,2025-10-30,Paid Search,True,True
12990,2025-07-18,Paid Social,True,True
12991,2025-04-12,Paid Search,True,False
12992,2025-03-16,Email,False,False
12993,2025-11-21,Direct,True,False
12994,2025-03-20,Paid Search,False,False
12995,2025-10-01,Direct,True,False
12996,2025-11-09,Paid Search,False,False
12997,2025-12-27,Paid Social,True,True
12998,2025-05-07,Email,True,False
12999,2025-06-26,Organic Search,True,True
13000,2025-02-15,Paid Social,False,False
13001,2025-04-18,Email,True,False
13002,2026-01-28,Organic Search,False,False
13003,2025-12-08,Direct,True,False
13004,2025-01-27,Paid Social,True,False
13005,2025-01-15,Paid Search,True,False
13006,2025-12-27,Email,False,False
13007,2025-02-23,Paid Social,False,False
13008,2025-07-29,Organic Search,True,False
13009,2025-11-13,Paid Search,False,False
13010,2025-02-19,Direct,True,False
13011,2025-10-12,Paid Search,True,False
13012,2025-12-06,Paid Search,False,True
13013,2025-01-16,Email,True,False
13014,2025-11-20,Email,False,False
13015,2025-08-22,Organic Search,True,False
13016,2025-04-26,Email,True,False
13017,2025-06-20,Direct,False,True
13018,2025-12-18,Email,False,True
13019,2025-02-01,Direct,True,False
13020,2025-06-19,Paid Search,True,True
13021,2025-07-19,Direct,True,True
13022,2026-01-04,Paid Search,False,True
13023,2025-01-27,Paid Search,False,False
13024,2026-01-24,Direct,True,False
13025,2025-02-26,Paid Social,False,True
13026,2025-10-08,Paid Search,True,False
13027,2025-02-23,Paid Search,False,False
13028,2025-05-16,Email,False,False
13029,2026-01-11,Paid Social,True,False
13030,2025-07-28,Paid Search,False,True
13031,2025-10-26,Organic Search,True,True
13032,2025-02-26,Direct,True,True
13033,2025-01-16,Paid Search,False,False
13034,2025-10-11,Email,True,False
13035,2025-02-24,Organic Search,False,False
13036,2025-07-20,Email,False,True
13037,2025-08-17,Paid Search,True,True
13038,2025-04-24,Email,False,True
13039,2025-08-06,Paid Social,False,False
13040,2025-10-29,Paid Search,False,False
13041,2025-01-21,Email,False,True
13042,2025-02-28,Paid Search,False,True
13043,2025-03-04,Paid Search,True,False
13044,2025-07-08,Email,False,False
13045,2025-11-22,Paid Search,True,False
13046,2025-01-10,Direct,True,False
13047,2025-07-04,Paid Search,False,True
13048,2025-05-05,Paid Social,True,False
13049,2025-06-09,Paid Search,True,False
13050,2026-01-19,Paid Social,True,True
13051,2025-07-16,Paid Social,True,False
13052,2025-09-28,Email,True,True
13053,2026-01-20,Email,True,False
13054,2025-10-27,Email,True,False
13055,2025-02-02,Paid Search,True,False
13056,2025-09-26,Paid Social,True,True
13057,2025-12-02,Organic Search,False,True
13058,2025-11-25,Paid Search,True,False
13059,2025-07-23,Organic Search,True,True
13060,2025-04-18,Paid Search,True,False
13061,2025-01-12,Organic Search,True,False
13062,2025-09-22,Email,False,True
13063,2026-01-15,Paid Social,False,False
13064,2025-05-10,Organic Search,False,False
13065,2025-09-27,Organic Search,False,False
13066,2025-08-20,Direct,False,True
13067,2025-12-14,Organic Search,True,False
13068,2025-12-01,Direct,True,False
13069,2026-01-10,Paid Social,True,False
13070,2025-01-29,Paid Social,False,False
13071,2025-05-28,Paid Social,True,True
13072,2026-01-11,Direct,False,False
13073,2026-01-15,Paid Social,True,False
13074,2026-02-03,Email,False,True
13075,2025-12-07,Direct,False,False
13076,2025-06-27,Paid Search,False,False
13077,2025-04-10,Direct,True,True
13078,2025-12-17,Paid Search,False,True
13079,2025-11-16,Paid Social,True,True
13080,2025-10-13,Email,True,False
13081,2025-04-10,Paid Social,True,False
13082,2025-12-06,Paid Search,True,True
13083,2025-10-21,Paid Social,False,False
13084,2025-11-17,Paid Search,False,True
13085,2025-09-05,Organic Search,False,True
13086,2025-07-09,Paid Search,True,False
13087,2025-10-10,Paid Search,True,True
13088,2025-08-16,Email,True,True
13089,2026-01-01,Organic Search,False,False
13090,2025-03-07,Paid Search,True,True
13091,2025-03-14,Paid Search,True,True
13092,2025-09-23,Email,False,False
13093,2025-10-07,Paid Social,True,False
13094,2025-10-07,Paid Search,False,False
13095,2025-06-11,Organic Search,False,False
13096,2025-04-19,Email,True,False
13097,2025-05-29,Organic Search,True,False
13098,2026-01-29,Paid Social,True,False
13099,2025-11-04,Paid Search,False,True
13100,2025-10-24,Paid Social,False,True
13101,2025-07-02,Direct,True,True
13102,2025-07-28,Direct,True,False
13103,2026-01-13,Email,False,False
13104,2025-11-13,Paid Search,False,True
13105,2025-10-15,Paid Social,True,True
13106,2025-05-31,Organic Search,False,False
13107,2025-04-12,Email,True,True
13108,2025-01-17,Paid Search,False,False
13109,2025-09-10,Paid Social,True,False
13110,2025-10-29,Paid Social,True,True
13111,2025-03-03,Organic Search,False,False
13112,2025-09-18,Paid Social,True,False
13113,2025-12-14,Direct,True,False
13114,2026-01-10,Organic Search,False,True
13115,2025-05-09,Paid Search,False,False
13116,2025-11-05,Organic Search,False,False
13117,2025-09-20,Organic Search,True,True
13118,2025-10-04,Organic Search,False,False
13119,2025-01-05,Paid Search,False,False
13120,2025-11-22,Email,True,True
13121,2025-06-16,Paid Search,True,True
13122,2026-02-04,Email,True,True
13123,2025-04-02,Direct,True,False
13124,2025-08-24,Paid Social,False,True
13125,2025-11-04,Direct,False,False
13126,2025-07-31,Paid Search,True,False
13127,2025-01-08,Direct,True,False
13128,2025-03-20,Paid Social,True,False
13129,2025-04-22,Direct,True,True
13130,2025-02-06,Email,False,False
13131,2025-11-30,Paid Social,True,True
13132,2025-07-30,Paid Social,True,False
13133,2025-08-26,Email,False,False
13134,2026-02-02,Organic Search,True,False
13135,2025-11-26,Email,False,False
13136,2025-04-22,Direct,False,False
13137,2025-07-25,Paid Social,False,True
13138,2025-04-04,Direct,False,True
13139,2025-08-29,Direct,True,False
13140,2025-07-11,Paid Search,False,True
13141,2025-10-28,Direct,True,True
13142,2025-01-30,Paid Social,False,False
13143,2025-02-25,Organic Search,True,False
13144,2025-08-28,Direct,False,False
13145,2025-04-22,Paid Search,False,False
13146,2025-07-02,Paid Social,False,True
13147,2025-09-22,Paid Social,False,False
13148,2025-01-22,Paid Search,False,False
13149,2025-01-25,Paid Search,True,True
13150,2025-03-31,Organic Search,True,False
13151,2025-07-16,Organic Search,True,True
13152,2025-11-23,Direct,False,False
13153,2025-07-09,Organic Search,True,False
13154,2025-10-09,Paid Social,False,False
13155,2025-09-30,Paid Search,True,False
13156,2025-05-07,Paid Social,True,False
13157,2025-12-26,Paid Social,True,False
13158,2025-06-10,Paid Social,True,False
13159,2025-05-02,Paid Search,True,False
13160,2025-06-07,Email,False,False
13161,2025-01-16,Paid Social,True,False
13162,2025-09-13,Email,True,False
13163,2025-04-15,Email,True,True
13164,2025-05-22,Email,False,False
13165,2025-07-19,Email,True,False
13166,2025-03-05,Organic Search,False,False
13167,2025-04-16,Direct,False,False
13168,2025-10-05,Paid Social,True,True
13169,2025-11-02,Paid Social,True,False
13170,2026-01-22,Email,True,False
13171,2025-06-22,Paid Search,True,False
13172,2025-02-09,Paid Search,True,False
13173,2025-08-08,Organic Search,True,True
13174,2025-03-21,Paid Social,True,True
13175,2025-01-15,Paid Search,False,False
13176,2025-07-29,Email,True,True
13177,2025-04-19,Direct,True,False
13178,2025-06-28,Paid Search,True,False
13179,2025-12-20,Email,False,False
13180,2025-04-13,Email,True,False
13181,2025-08-29,Email,False,False
13182,2025-01-11,Direct,False,False
13183,2025-07-24,Direct,True,True
13184,2025-01-03,Organic Search,True,True
13185,2025-12-02,Paid Social,True,False
13186,2025-03-22,Direct,True,False
13187,2025-07-09,Organic Search,True,False
13188,2025-07-04,Paid Search,True,True
13189,2025-08-24,Paid Search,False,False
13190,2025-06-08,Paid Search,False,True
13191,2025-06-20,Direct,False,False
13192,2026-01-11,Organic Search,False,False
13193,2025-10-11,Paid Search,False,False
13194,2025-01-28,Paid Social,False,False
13195,2025-07-27,Email,True,False
13196,2025-11-08,Email,False,False
13197,2025-01-27,Organic Search,True,False
13198,2025-12-11,Organic Search,False,False
13199,2025-02-06,Paid Social,True,False
13200,2025-06-20,Paid Search,False,True
13201,2025-11-10,Organic Search,False,True
13202,2025-07-19,Direct,False,False
13203,2025-10-26,Organic Search,False,False
13204,2025-03-10,Email,False,False
13205,2025-09-13,Organic Search,True,False
13206,2025-12-06,Email,False,False
13207,2025-06-17,Paid Social,True,False
13208,2025-10-07,Email,False,False
13209,2025-05-27,Paid Social,False,False
13210,2025-05-18,Email,False,False
13211,2025-12-20,Organic Search,False,False
13212,2025-05-20,Direct,False,False
13213,2025-05-09,Paid Social,False,True
13214,2025-11-28,Paid Search,False,False
13215,2025-05-23,Email,False,False
13216,2025-09-01,Paid Search,False,True
13217,2025-10-13,Direct,True,False
13218,2025-09-23,Paid Search,True,False
13219,2025-07-25,Direct,True,False
13220,2025-01-25,Email,True,False
13221,2025-09-06,Email,False,False
13222,2025-06-19,Organic Search,True,False
13223,2025-05-13,Paid Search,True,False
13224,2025-04-16,Direct,True,False
13225,2025-06-03,Organic Search,True,False
13226,2025-05-09,Direct,False,False
13227,2025-01-21,Paid Search,True,True
13228,2025-02-01,Direct,False,True
13229,2025-01-28,Paid Search,False,False
13230,2025-09-22,Paid Search,True,False
13231,2025-10-09,Email,False,False
13232,2026-01-08,Paid Search,False,False
13233,2026-01-22,Organic Search,False,True
13234,2026-01-23,Direct,True,True
13235,2025-06-27,Direct,True,False
13236,2025-04-21,Organic Search,False,False
13237,2025-12-13,Organic Search,True,False
13238,2025-08-18,Email,True,True
13239,2025-02-19,Direct,False,False
13240,2025-01-26,Paid Social,True,False
13241,2025-09-08,Organic Search,True,False
13242,2025-07-14,Organic Search,True,False
13243,2025-03-18,Paid Social,True,False
13244,2025-04-19,Paid Social,True,True
13245,2025-08-22,Direct,False,False
13246,2025-08-14,Direct,True,False
13247,2026-01-24,Organic Search,True,False
13248,2025-10-11,Paid Search,True,False
13249,2025-11-06,Paid Social,True,False
13250,2025-10-19,Paid Social,True,True
13251,2025-10-18,Email,False,False
13252,2026-01-11,Organic Search,False,False
13253,2025-03-03,Paid Search,False,False
13254,2025-09-18,Direct,True,True
13255,2025-01-20,Paid Social,True,True
13256,2025-05-07,Email,True,False
13257,2025-08-04,Organic Search,True,False
13258,2025-08-27,Email,True,False
13259,2025-01-10,Organic Search,True,False
13260,2025-10-12,Email,True,False
13261,2025-01-06,Direct,True,True
13262,2026-02-05,Paid Social,True,False
13263,2025-03-13,Paid Search,True,False
13264,2025-09-18,Email,True,False
13265,2025-01-22,Email,True,False
13266,2025-06-12,Organic Search,True,False
13267,2025-04-04,Direct,True,False
13268,2025-01-15,Paid Search,True,True
13269,2025-12-29,Paid Social,True,False
13270,2025-01-06,Direct,False,False
13271,2026-01-25,Email,False,False
13272,2025-10-08,Organic Search,True,False
13273,2026-01-22,Direct,True,True
13274,2026-01-27,Paid Search,True,True
13275,2025-09-25,Direct,True,False
13276,2025-11-16,Organic Search,True,False
13277,2025-05-25,Paid Search,True,False
13278,2025-01-23,Paid Search,False,True
13279,2025-01-04,Paid Search,True,False
13280,2026-01-04,Email,True,True
13281,2025-02-12,Paid Social,True,True
13282,2026-01-22,Email,False,False
13283,2025-07-24,Paid Search,True,False
13284,2025-11-23,Organic Search,True,True
13285,2025-09-20,Direct,True,False
13286,2025-06-06,Email,True,False
13287,2025-02-02,Paid Social,False,False
13288,2025-05-25,Direct,True,False
13289,2025-03-10,Paid Search,True,True
13290,2025-12-15,Organic Search,False,False
13291,2025-02-01,Paid Search,False,False
13292,2025-07-20,Organic Search,True,True
13293,2025-10-21,Email,False,False
13294,2025-05-27,Direct,True,False
13295,2025-11-15,Organic Search,True,False
13296,2025-01-29,Paid Search,False,True
13297,2025-08-21,Direct,True,False
13298,2025-06-15,Paid Search,False,True
13299,2026-01-22,Direct,True,False
13300,2025-04-27,Organic Search,True,False
13301,2025-05-05,Paid Search,True,False
13302,2025-09-10,Direct,True,False
13303,2026-01-26,Paid Search,False,False
13304,2025-10-30,Organic Search,False,False
13305,2025-08-21,Direct,False,False
13306,2025-04-23,Direct,False,True
13307,2025-01-31,Paid Search,True,False
13308,2025-03-25,Organic Search,False,False
13309,2025-07-02,Email,True,True
13310,2026-01-17,Paid Search,True,False
13311,2026-01-14,Paid Search,False,True
13312,2025-12-03,Direct,False,False
13313,2025-03-11,Paid Search,False,True
13314,2025-06-02,Email,True,True
13315,2025-04-08,Direct,True,False
13316,2025-04-08,Paid Social,False,True
13317,2025-04-06,Organic Search,True,True
13318,2025-06-26,Organic Search,False,False
13319,2025-09-09,Direct,True,False
13320,2025-09-06,Paid Search,True,False
13321,2025-04-30,Direct,False,True
13322,2025-08-21,Paid Social,True,True
13323,2025-01-20,Direct,False,True
13324,2025-01-29,Direct,True,False
13325,2025-12-12,Paid Search,False,False
13326,2025-06-04,Paid Search,True,False
13327,2025-12-17,Organic Search,False,False
13328,2025-12-28,Direct,True,True
13329,2025-10-21,Paid Social,True,False
13330,2025-04-17,Paid Search,False,False
13331,2025-04-26,Email,True,False
13332,2025-03-30,Email,True,False
13333,2025-08-17,Email,False,False
13334,2025-04-23,Direct,True,True
13335,2026-01-07,Paid Search,False,False
13336,2026-01-12,Direct,True,False
13337,2025-06-12,Direct,True,False
13338,2026-01-08,Organic Search,True,False
13339,2026-01-11,Direct,True,True
13340,2025-02-05,Organic Search,True,False
13341,2025-07-18,Email,False,True
13342,2025-04-12,Direct,False,False
13343,2025-12-01,Email,False,False
13344,2025-05-17,Email,True,True
13345,2025-08-20,Paid Social,False,False
13346,2025-02-26,Paid Social,True,False
13347,2025-09-10,Direct,True,True
13348,2025-06-16,Organic Search,True,False
13349,2025-08-18,Organic Search,True,False
13350,2025-05-11,Organic Search,True,True
13351,2025-10-29,Paid Search,True,False
13352,2025-06-15,Paid Search,False,False
13353,2025-01-04,Email,False,False
13354,2025-02-23,Organic Search,True,False
13355,2025-10-06,Email,True,False
13356,2025-11-03,Email,True,True
13357,2025-05-22,Email,True,False
13358,2025-06-28,Email,False,False
13359,2025-06-01,Paid Social,False,False
13360,2026-01-08,Paid Social,True,False
13361,2025-04-01,Direct,False,False
13362,2025-10-17,Email,True,False
13363,2025-09-08,Email,True,False
13364,2025-08-21,Paid Search,True,False
13365,2025-11-09,Paid Search,True,True
13366,2025-02-18,Organic Search,True,True
13367,2025-01-16,Email,True,False
13368,2025-10-28,Organic Search,True,True
13369,2025-04-14,Organic Search,False,True
13370,2025-02-13,Direct,True,False
13371,2025-09-17,Organic Search,True,False
13372,2026-01-18,Paid Social,True,False
13373,2025-10-26,Email,False,False
13374,2025-05-14,Organic Search,True,False
13375,2025-11-29,Email,False,True
13376,2025-04-12,Direct,True,False
13377,2025-04-17,Paid Search,True,False
13378,2025-08-22,Email,True,False
13379,2025-04-17,Organic Search,True,False
13380,2025-07-30,Paid Social,False,False
13381,2025-10-11,Direct,True,False
13382,2025-07-18,Paid Social,True,False
13383,2025-06-21,Paid Search,True,True
13384,2025-09-07,Email,True,False
13385,2025-10-15,Organic Search,True,False
13386,2025-05-15,Organic Search,True,False
13387,2025-06-09,Email,True,False
13388,2026-01-03,Paid Social,False,False
13389,2025-06-27,Direct,True,False
13390,2025-09-19,Organic Search,True,False
13391,2025-05-14,Paid Search,False,False
13392,2025-07-08,Email,True,True
13393,2025-02-01,Organic Search,True,False
13394,2025-04-12,Email,False,False
13395,2025-05-12,Paid Search,False,False
13396,2026-01-16,Paid Search,True,False
13397,2025-09-14,Email,True,False
13398,2025-10-23,Email,True,False
13399,2025-11-27,Paid Social,True,True
13400,2025-04-26,Email,True,True
13401,2025-08-15,Organic Search,True,False
13402,2025-06-03,Organic Search,True,False
13403,2025-10-07,Paid Social,True,False
13404,2025-03-16,Direct,False,False
13405,2025-01-12,Organic Search,True,True
13406,2025-11-21,Paid Social,True,False
13407,2025-11-22,Paid Search,True,False
13408,2025-05-15,Paid Search,True,False
13409,2025-12-13,Paid Social,False,False
13410,2025-01-08,Paid Social,True,False
13411,2025-12-25,Paid Search,True,False
13412,2025-02-01,Paid Social,True,False
13413,2025-09-01,Direct,False,False
13414,2025-06-06,Paid Search,True,False
13415,2025-04-15,Paid Search,False,False
13416,2025-10-20,Direct,False,False
13417,2025-09-23,Direct,False,True
13418,2025-12-04,Direct,False,True
13419,2025-03-24,Email,False,False
13420,2025-04-03,Email,False,False
13421,2025-05-19,Paid Social,True,False
13422,2025-06-14,Paid Search,True,False
13423,2025-08-26,Email,True,False
13424,2025-10-24,Direct,True,False
13425,2025-01-23,Paid Social,True,False
13426,2025-03-13,Paid Search,True,True
13427,2025-04-04,Organic Search,True,False
13428,2026-01-28,Paid Search,True,False
13429,2025-11-06,Organic Search,True,False
13430,2026-01-07,Paid Social,True,False
13431,2025-05-17,Paid Search,True,True
13432,2025-10-22,Email,True,False
13433,2025-08-05,Direct,False,True
13434,2025-09-21,Direct,True,False
13435,2025-07-23,Email,True,True
13436,2025-03-21,Paid Search,True,False
13437,2025-04-22,Direct,False,True
13438,2025-11-25,Organic Search,True,False
13439,2025-06-03,Direct,False,False
13440,2025-09-16,Paid Social,True,False
13441,2025-09-08,Paid Search,False,False
13442,2026-01-30,Organic Search,True,False
13443,2025-09-25,Paid Social,True,True
13444,2025-03-24,Email,True,False
13445,2025-02-22,Direct,True,False
13446,2025-03-26,Direct,False,False
13447,2025-10-08,Paid Search,False,True
13448,2025-03-10,Organic Search,True,False
13449,2025-03-13,Organic Search,True,False
13450,2025-09-03,Paid Social,True,False
13451,2025-04-30,Paid Search,True,False
13452,2025-07-16,Paid Search,True,False
13453,2025-08-31,Email,False,False
13454,2025-12-12,Direct,False,False
13455,2025-07-01,Organic Search,True,False
13456,2025-01-03,Paid Search,True,False
13457,2025-09-12,Organic Search,False,False
13458,2025-08-20,Email,False,False
13459,2025-10-31,Organic Search,False,True
13460,2025-12-29,Paid Search,False,False
13461,2025-02-25,Direct,True,False
13462,2025-01-11,Paid Search,False,False
13463,2025-03-22,Email,True,True
13464,2025-08-31,Email,True,False
13465,2025-07-22,Email,True,True
13466,2025-12-27,Organic Search,True,False
13467,2025-02-04,Direct,False,False
13468,2025-09-13,Email,True,False
13469,2025-05-15,Direct,True,False
13470,2025-05-21,Paid Search,False,False
13471,2025-12-17,Paid Search,True,False
13472,2025-01-22,Paid Search,True,True
13473,2025-04-27,Direct,False,False
13474,2025-07-18,Direct,False,True
13475,2025-03-26,Direct,True,False
13476,2025-05-02,Paid Search,True,False
13477,2025-10-29,Organic Search,True,False
13478,2025-05-28,Email,True,True
13479,2025-03-19,Paid Social,False,False
13480,2025-02-23,Paid Search,True,False
13481,2026-01-24,Email,False,False
13482,2025-03-23,Direct,True,False
13483,2025-02-19,Paid Social,True,True
13484,2025-04-13,Email,True,False
13485,2025-05-02,Paid Social,True,False
13486,2025-02-19,Email,True,False
13487,2025-09-23,Organic Search,True,False
13488,2025-12-27,Direct,True,True
13489,2025-08-04,Paid Social,True,False
13490,2025-01-18,Direct,True,True
13491,2025-12-28,Email,True,False
13492,2025-08-12,Direct,False,False
13493,2025-09-15,Email,True,False
13494,2025-05-10,Paid Social,False,False
13495,2025-02-17,Organic Search,True,True
13496,2025-03-11,Organic Search,False,False
13497,2025-06-10,Direct,False,False
13498,2025-11-01,Email,True,False
13499,2025-12-17,Paid Search,True,False
13500,2025-03-19,Direct,False,False
13501,2026-01-24,Direct,True,False
13502,2025-11-12,Email,True,False
13503,2025-01-04,Direct,True,False
13504,2025-01-10,Paid Social,False,True
13505,2026-01-10,Direct,True,False
13506,2025-11-22,Organic Search,True,False
13507,2025-05-25,Paid Search,True,True
13508,2025-05-15,Direct,True,False
13509,2025-05-18,Direct,False,False
13510,2025-01-21,Email,True,True
13511,2025-10-09,Paid Search,True,False
13512,2025-06-01,Direct,True,False
13513,2025-02-24,Organic Search,True,False
13514,2025-10-18,Email,False,False
13515,2025-06-08,Direct,True,False
13516,2025-11-29,Paid Search,False,True
13517,2025-01-24,Direct,False,False
13518,2025-04-10,Email,True,False
13519,2025-02-17,Email,True,False
13520,2025-08-20,Paid Social,True,False
13521,2025-04-10,Email,True,False
13522,2025-06-25,Organic Search,False,True
13523,2025-05-29,Paid Social,True,False
13524,2025-09-21,Email,True,False
13525,2025-06-05,Paid Search,True,False
13526,2025-08-30,Paid Social,True,True
13527,2025-03-13,Direct,True,False
13528,2025-03-29,Organic Search,False,False
13529,2025-05-12,Direct,True,False
13530,2025-10-30,Paid Social,False,False
13531,2025-05-20,Direct,True,False
13532,2025-10-04,Paid Search,False,True
13533,2026-01-01,Direct,True,True
13534,2025-08-20,Email,True,False
13535,2025-08-14,Paid Social,False,False
13536,2025-10-22,Paid Search,False,True
13537,2025-05-16,Organic Search,False,True
13538,2026-01-15,Email,False,False
13539,2025-12-31,Email,True,False
13540,2025-02-11,Email,True,False
13541,2025-01-01,Direct,False,False
13542,2025-03-30,Email,True,False
13543,2025-08-02,Direct,True,False
13544,2025-12-24,Paid Search,True,True
13545,2025-10-15,Email,False,False
13546,2025-09-20,Organic Search,True,False
13547,2025-05-02,Direct,True,False
13548,2025-08-26,Organic Search,True,False
13549,2025-04-06,Paid Social,True,False
13550,2025-09-04,Paid Search,False,False
13551,2025-10-11,Paid Social,True,False
13552,2025-04-27,Direct,True,False
13553,2025-01-25,Email,False,False
13554,2025-01-20,Direct,True,False
13555,2025-11-26,Paid Social,False,True
13556,2025-12-30,Paid Search,True,False
13557,2025-08-18,Paid Social,True,True
13558,2025-02-20,Paid Search,True,True
13559,2025-04-18,Direct,False,False
13560,2025-01-28,Paid Search,True,True
13561,2025-03-02,Paid Search,False,False
13562,2025-06-06,Email,False,False
13563,2025-04-11,Email,True,False
13564,2025-07-21,Organic Search,False,False
13565,2025-11-01,Email,True,True
13566,2025-07-02,Paid Social,True,False
13567,2025-06-13,Direct,False,True
13568,2025-05-01,Direct,False,False
13569,2025-08-03,Paid Search,True,False
13570,2025-03-12,Direct,True,False
13571,2025-08-17,Paid Search,False,False
13572,2025-11-15,Paid Search,False,True
13573,2025-12-16,Email,True,True
13574,2025-11-20,Paid Search,False,False
13575,2025-10-07,Organic Search,False,False
13576,2025-07-27,Email,False,False
13577,2025-12-31,Organic Search,False,True
13578,2025-08-08,Organic Search,True,True
13579,2025-04-19,Paid Social,False,True
13580,2025-05-11,Organic Search,True,True
13581,2025-02-15,Paid Search,False,False
13582,2025-06-13,Email,False,False
13583,2025-12-11,Organic Search,False,False
13584,2025-05-30,Email,True,True
13585,2025-03-27,Paid Social,True,True
13586,2025-04-11,Paid Search,True,True
13587,2025-10-23,Email,True,False
13588,2025-02-08,Paid Social,True,False
13589,2025-07-21,Direct,False,False
13590,2025-05-29,Paid Social,False,True
13591,2025-05-20,Paid Social,False,True
13592,2025-08-02,Email,True,True
13593,2025-08-13,Organic Search,True,False
13594,2025-04-26,Organic Search,True,False
13595,2025-11-09,Organic Search,True,False
13596,2026-01-05,Paid Search,True,False
13597,2025-08-05,Paid Social,True,False
13598,2025-05-30,Organic Search,False,True
13599,2025-03-15,Email,False,False
13600,2025-07-18,Organic Search,True,True
13601,2025-12-08,Email,False,False
13602,2025-07-11,Paid Search,True,False
13603,2025-06-18,Organic Search,True,False
13604,2025-05-08,Direct,False,False
13605,2025-08-05,Paid Social,True,False
13606,2026-01-28,Paid Search,True,True
13607,2025-09-02,Paid Search,False,False
13608,2025-04-09,Paid Social,True,False
13609,2025-10-13,Paid Social,True,True
13610,2025-04-19,Email,True,False
13611,2025-03-01,Paid Social,False,False
13612,2025-12-19,Direct,True,False
13613,2025-05-16,Direct,True,True
13614,2025-07-08,Paid Social,False,True
13615,2025-01-01,Direct,True,True
13616,2025-11-13,Email,True,False
13617,2025-06-05,Paid Search,True,False
13618,2026-01-07,Paid Social,False,False
13619,2025-07-13,Paid Social,True,False
13620,2025-06-24,Organic Search,True,True
13621,2025-09-11,Direct,True,False
13622,2025-05-02,Paid Social,True,False
13623,2025-05-18,Organic Search,True,True
13624,2026-02-01,Paid Search,False,False
13625,2025-11-11,Direct,True,False
13626,2025-09-14,Email,True,False
13627,2025-06-01,Organic Search,False,True
13628,2025-04-14,Direct,False,False
13629,2025-01-21,Paid Search,False,True
13630,2025-02-08,Paid Search,False,False
13631,2026-01-04,Organic Search,True,True
13632,2025-10-12,Paid Search,False,True
13633,2025-02-02,Email,True,False
13634,2025-06-10,Paid Social,False,True
13635,2025-01-19,Paid Search,True,False
13636,2025-09-19,Paid Social,True,True
13637,2025-08-10,Paid Social,True,False
13638,2025-08-12,Paid Social,False,False
13639,2025-04-05,Direct,True,False
13640,2025-08-15,Email,True,False
13641,2025-07-11,Email,False,False
13642,2025-06-05,Direct,True,False
13643,2025-08-03,Organic Search,True,False
13644,2025-08-07,Direct,True,False
13645,2025-01-12,Paid Social,True,False
13646,2025-01-29,Organic Search,False,False
13647,2025-12-28,Organic Search,True,False
13648,2025-01-05,Email,True,False
13649,2025-09-26,Organic Search,True,False
13650,2025-04-30,Organic Search,False,False
13651,2025-03-17,Paid Search,True,False
13652,2025-11-27,Paid Social,True,False
13653,2025-07-15,Direct,False,False
13654,2025-08-19,Paid Search,True,False
13655,2025-11-30,Organic Search,True,False
13656,2025-03-23,Direct,True,True
13657,2025-05-31,Direct,False,False
13658,2025-04-06,Paid Search,False,False
13659,2025-01-01,Paid Search,False,False
13660,2025-08-15,Paid Social,True,False
13661,2025-01-31,Email,False,False
13662,2025-06-13,Email,True,False
13663,2025-01-17,Direct,True,False
13664,2025-04-12,Organic Search,True,False
13665,2025-03-17,Paid Search,True,False
13666,2025-12-08,Email,True,False
13667,2025-02-26,Email,False,False
13668,2025-02-26,Direct,True,False
13669,2026-01-25,Organic Search,False,False
13670,2025-12-06,Organic Search,True,True
13671,2025-12-14,Paid Social,False,True
13672,2025-02-09,Paid Search,True,False
13673,2025-10-23,Paid Search,True,False
13674,2025-10-12,Paid Social,True,False
13675,2025-07-29,Paid Search,True,False
13676,2025-06-05,Paid Search,True,False
13677,2025-02-27,Paid Social,True,False
13678,2025-11-24,Organic Search,True,False
13679,2025-03-27,Paid Social,False,False
13680,2026-01-11,Paid Social,True,False
13681,2025-01-20,Organic Search,True,False
13682,2025-09-04,Email,True,False
13683,2026-02-04,Organic Search,False,True
13684,2025-03-22,Direct,True,False
13685,2025-11-15,Paid Social,False,False
13686,2025-06-05,Organic Search,True,False
13687,2025-10-07,Paid Search,False,False
13688,2025-08-30,Direct,True,True
13689,2025-09-26,Organic Search,True,True
13690,2025-10-03,Email,False,False
13691,2025-12-31,Paid Search,True,False
13692,2026-02-02,Organic Search,False,False
13693,2025-10-06,Organic Search,False,True
13694,2025-11-26,Paid Social,False,False
13695,2025-01-10,Paid Search,True,False
13696,2025-07-09,Paid Social,False,True
13697,2025-02-15,Email,True,False
13698,2025-05-27,Organic Search,False,False
13699,2025-09-20,Direct,True,False
13700,2025-11-08,Direct,False,False
13701,2025-12-24,Paid Search,False,False
13702,2025-06-12,Email,True,True
13703,2025-07-25,Paid Search,True,False
13704,2026-01-07,Organic Search,True,False
13705,2025-06-30,Paid Social,True,False
13706,2025-11-20,Organic Search,True,False
13707,2025-03-15,Paid Social,True,False
13708,2025-03-02,Organic Search,True,True
13709,2025-11-15,Email,False,True
13710,2026-01-23,Paid Search,False,False
13711,2025-01-12,Email,True,False
13712,2025-12-05,Paid Social,True,True
13713,2025-05-26,Paid Search,True,False
13714,2025-09-13,Direct,True,True
13715,2025-08-14,Organic Search,True,False
13716,2025-07-12,Direct,True,False
13717,2025-03-05,Paid Search,False,False
13718,2026-01-21,Paid Search,False,True
13719,2025-09-19,Email,False,False
13720,2025-11-27,Email,True,False
13721,2026-01-07,Direct,True,True
13722,2025-02-24,Direct,True,False
13723,2025-07-11,Direct,True,False
13724,2025-02-24,Email,False,False
13725,2025-11-02,Paid Social,True,True
13726,2025-10-20,Paid Search,True,False
13727,2026-01-23,Direct,True,True
13728,2025-07-16,Paid Social,True,False
13729,2025-03-18,Email,True,False
13730,2025-05-19,Direct,False,False
13731,2025-06-13,Paid Social,False,False
13732,2025-03-18,Paid Social,False,False
13733,2025-09-16,Direct,True,False
13734,2025-08-22,Email,False,False
13735,2026-02-04,Paid Search,True,False
13736,2025-02-19,Organic Search,True,False
13737,2025-09-13,Paid Social,True,False
13738,2025-01-11,Paid Social,True,True
13739,2025-06-12,Direct,True,False
13740,2025-05-02,Paid Social,True,False
13741,2025-09-02,Organic Search,True,False
13742,2025-06-20,Direct,False,True
13743,2025-07-23,Email,True,False
13744,2026-01-16,Paid Search,True,False
13745,2025-10-16,Email,True,False
13746,2026-01-18,Paid Social,False,False
13747,2025-03-16,Paid Search,True,False
13748,2025-06-21,Paid Search,True,False
13749,2025-04-11,Organic Search,True,False
13750,2025-02-26,Organic Search,True,True
13751,2025-10-24,Paid Search,True,False
13752,2025-02-12,Organic Search,False,False
13753,2026-01-14,Email,True,False
13754,2025-02-22,Email,False,False
13755,2025-11-29,Paid Social,True,False
13756,2025-06-08,Organic Search,True,False
13757,2025-03-09,Organic Search,True,True
13758,2025-06-11,Direct,True,False
13759,2026-01-19,Paid Social,True,True
13760,2025-07-24,Paid Social,True,True
13761,2025-12-10,Paid Social,True,False
13762,2025-02-12,Email,True,True
13763,2025-08-11,Organic Search,True,False
13764,2025-06-08,Paid Search,False,True
13765,2025-06-14,Organic Search,True,True
13766,2025-10-16,Paid Search,False,False
13767,2025-02-25,Organic Search,False,True
13768,2025-03-16,Paid Social,False,True
13769,2025-01-16,Paid Social,False,True
13770,2025-07-01,Organic Search,True,False
13771,2025-05-04,Paid Search,True,False
13772,2025-10-16,Paid Social,True,True
13773,2025-02-24,Organic Search,False,False
13774,2025-10-14,Direct,True,False
13775,2025-05-12,Paid Search,True,False
13776,2025-06-06,Paid Search,True,False
13777,2025-12-31,Organic Search,False,True
13778,2025-02-20,Email,True,True
13779,2025-01-27,Paid Social,True,False
13780,2025-04-06,Organic Search,False,False
13781,2026-01-31,Paid Social,True,True
13782,2025-08-11,Paid Social,True,False
13783,2025-05-19,Organic Search,False,False
13784,2025-11-06,Direct,False,False
13785,2025-05-16,Paid Social,True,False
13786,2025-04-01,Email,True,True
13787,2026-01-16,Direct,True,False
13788,2025-09-18,Paid Search,True,False
13789,2026-01-26,Email,True,False
13790,2025-02-14,Organic Search,False,False
13791,2025-01-27,Organic Search,False,False
13792,2025-07-25,Direct,False,False
13793,2025-06-10,Paid Search,True,False
13794,2026-01-06,Organic Search,True,False
13795,2025-05-26,Email,True,False
13796,2025-09-09,Paid Search,True,True
13797,2025-08-29,Email,True,False
13798,2025-10-07,Paid Search,True,False
13799,2025-04-01,Direct,False,True
13800,2025-08-13,Direct,False,False
13801,2025-08-07,Paid Social,True,False
13802,2025-10-29,Paid Search,True,False
13803,2025-01-05,Email,True,False
13804,2025-05-05,Direct,False,False
13805,2025-03-10,Organic Search,False,False
13806,2025-01-05,Email,True,False
13807,2026-01-22,Paid Search,False,False
13808,2026-01-21,Paid Search,True,False
13809,2026-02-03,Paid Search,True,False
13810,2025-01-01,Direct,True,False
13811,2025-02-26,Direct,True,False
13812,2025-02-22,Paid Search,False,False
13813,2025-03-17,Paid Social,False,False
13814,2025-04-16,Organic Search,True,False
13815,2025-01-16,Organic Search,True,False
13816,2026-01-27,Email,True,False
13817,2025-03-15,Paid Social,True,False
13818,2025-10-11,Organic Search,True,False
13819,2025-03-19,Direct,True,True
13820,2025-01-07,Paid Social,False,False
13821,2025-12-17,Email,True,False
13822,2025-08-08,Paid Social,True,True
13823,2025-03-01,Organic Search,True,False
13824,2026-01-23,Email,False,True
13825,2025-06-14,Paid Social,True,False
13826,2025-11-29,Paid Social,True,False
13827,2025-12-10,Direct,False,True
13828,2025-10-23,Organic Search,True,True
13829,2025-01-02,Paid Search,True,False
13830,2025-07-23,Paid Search,True,True
13831,2025-05-11,Paid Social,False,False
13832,2025-07-07,Direct,False,False
13833,2025-07-08,Email,True,False
13834,2025-04-04,Email,False,False
13835,2025-12-28,Direct,True,True
13836,2025-03-25,Email,True,False
13837,2025-11-23,Paid Search,False,False
13838,2025-03-17,Email,True,False
13839,2025-03-05,Paid Social,False,True
13840,2025-05-19,Email,True,False
13841,2025-06-27,Paid Search,False,False
13842,2025-08-22,Paid Social,True,False
13843,2025-10-31,Organic Search,False,True
13844,2025-11-14,Paid Social,True,False
13845,2026-01-24,Paid Social,True,False
13846,2025-08-17,Email,False,True
13847,2025-02-27,Organic Search,True,True
13848,2025-06-04,Email,True,False
13849,2025-12-30,Direct,False,False
13850,2025-09-29,Direct,True,False
13851,2025-10-26,Paid Search,True,False
13852,2025-05-13,Email,False,False
13853,2025-07-28,Email,True,True
13854,2025-05-31,Paid Social,False,False
13855,2025-05-28,Organic Search,False,True
13856,2025-06-21,Direct,True,True
13857,2025-11-12,Organic Search,False,False
13858,2025-08-12,Organic Search,False,False
13859,2026-01-24,Email,True,False
13860,2025-03-06,Email,False,False
13861,2025-10-08,Email,True,False
13862,2025-09-11,Organic Search,True,False
13863,2025-09-25,Organic Search,True,False
13864,2025-01-02,Direct,True,True
13865,2025-01-28,Direct,False,False
13866,2025-12-09,Paid Social,False,True
13867,2025-01-31,Direct,True,True
13868,2026-01-09,Organic Search,True,False
13869,2025-01-14,Email,False,True
13870,2025-01-09,Paid Social,False,True
13871,2025-09-12,Paid Social,False,False
13872,2025-07-26,Organic Search,True,False
13873,2025-05-01,Email,False,False
13874,2026-02-03,Organic Search,True,False
13875,2025-01-17,Organic Search,False,False
13876,2025-10-22,Organic Search,True,True
13877,2025-08-19,Direct,False,False
13878,2025-02-23,Email,False,True
13879,2025-08-15,Email,False,True
13880,2025-10-31,Organic Search,True,True
13881,2025-05-31,Email,True,True
13882,2026-01-31,Paid Search,True,False
13883,2025-04-17,Direct,False,False
13884,2025-09-28,Paid Social,True,False
13885,2025-05-28,Email,True,False
13886,2026-02-03,Email,False,False
13887,2025-10-19,Organic Search,True,True
13888,2025-02-02,Direct,False,False
13889,2025-12-31,Email,True,False
13890,2025-10-29,Paid Social,True,False
13891,2025-06-27,Paid Search,True,True
13892,2025-04-19,Email,False,False
13893,2025-03-06,Paid Social,False,False
13894,2025-11-19,Email,False,False
13895,2025-05-04,Paid Search,False,False
13896,2025-04-03,Paid Social,False,False
13897,2025-10-22,Email,True,True
13898,2026-01-16,Direct,False,False
13899,2025-12-22,Direct,False,False
13900,2025-03-03,Paid Search,True,True
13901,2025-03-04,Paid Search,False,True
13902,2025-04-22,Email,False,False
13903,2025-10-17,Paid Search,False,False
13904,2025-01-12,Email,True,False
13905,2025-05-15,Paid Search,False,True
13906,2025-03-06,Paid Search,True,False
13907,2025-08-15,Direct,False,False
13908,2025-06-24,Organic Search,True,False
13909,2025-10-30,Email,False,False
13910,2025-11-20,Direct,False,False
13911,2025-10-25,Organic Search,False,True
13912,2025-09-28,Direct,False,False
13913,2025-01-05,Paid Social,False,False
13914,2025-03-06,Email,True,False
13915,2025-02-23,Email,True,False
13916,2025-09-13,Direct,True,False
13917,2025-04-08,Direct,False,True
13918,2025-03-23,Direct,False,False
13919,2025-06-09,Paid Social,True,False
13920,2025-03-17,Paid Search,False,False
13921,2025-11-05,Direct,False,False
13922,2025-02-01,Direct,True,True
13923,2025-09-11,Organic Search,False,False
13924,2025-04-09,Paid Social,True,False
13925,2025-04-14,Organic Search,True,False
13926,2025-06-02,Organic Search,False,False
13927,2025-09-22,Paid Search,True,False
13928,2026-01-26,Paid Search,True,False
13929,2025-09-07,Paid Search,False,True
13930,2025-04-27,Organic Search,True,False
13931,2025-11-01,Paid Social,False,False
13932,2025-02-12,Organic Search,False,False
13933,2025-02-20,Direct,True,False
13934,2025-04-04,Direct,False,False
13935,2025-06-15,Paid Search,True,False
13936,2025-03-09,Paid Search,True,False
13937,2025-12-22,Direct,True,False
13938,2025-04-12,Paid Search,True,True
13939,2025-04-04,Organic Search,True,True
13940,2025-12-25,Email,True,False
13941,2025-02-10,Paid Social,False,False
13942,2025-09-20,Email,False,False
13943,2025-05-03,Email,False,True
13944,2025-01-06,Paid Search,True,False
13945,2025-02-07,Organic Search,False,False
13946,2025-01-01,Email,True,False
13947,2025-02-27,Direct,False,True
13948,2026-01-04,Paid Search,False,False
13949,2025-08-06,Paid Social,False,True
13950,2025-09-02,Organic Search,True,False
13951,2025-11-15,Paid Search,False,False
13952,2025-08-12,Email,True,True
13953,2025-06-16,Email,True,False
13954,2025-06-08,Organic Search,True,False
13955,2025-05-11,Paid Social,True,True
13956,2025-02-22,Paid Search,False,False
13957,2025-07-27,Paid Social,True,False
13958,2025-04-21,Paid Social,True,True
13959,2025-03-04,Email,False,False
13960,2025-12-01,Email,False,False
13961,2025-08-04,Organic Search,True,False
13962,2025-12-18,Email,False,False
13963,2025-11-03,Paid Search,True,True
13964,2026-01-25,Paid Search,True,False
13965,2025-05-01,Organic Search,True,False
13966,2025-07-06,Paid Social,False,False
13967,2025-06-06,Paid Social,True,True
13968,2025-11-14,Paid Social,True,False
13969,2025-07-08,Direct,False,False
13970,2025-03-21,Direct,True,True
13971,2025-05-05,Organic Search,True,True
13972,2026-02-04,Organic Search,True,True
13973,2025-07-23,Paid Social,True,False
13974,2026-01-16,Direct,True,False
13975,2025-09-21,Email,True,False
13976,2025-02-16,Email,True,False
13977,2025-06-18,Email,True,True
13978,2025-09-25,Direct,False,False
13979,2025-02-17,Paid Search,False,True
13980,2025-11-24,Paid Search,True,False
13981,2026-01-05,Direct,False,False
13982,2025-07-10,Paid Search,True,False
13983,2026-01-14,Email,True,True
13984,2025-07-06,Organic Search,True,False
13985,2025-06-18,Organic Search,False,True
13986,2025-05-28,Organic Search,True,True
13987,2025-01-24,Paid Social,True,False
13988,2025-01-15,Direct,False,True
13989,2025-09-29,Direct,True,False
13990,2025-08-25,Direct,False,False
13991,2025-06-13,Paid Social,True,False
13992,2025-11-10,Organic Search,True,True
13993,2025-10-16,Email,True,True
13994,2025-09-09,Paid Search,False,False
13995,2025-03-08,Email,True,False
13996,2025-01-16,Paid Social,False,False
13997,2025-04-26,Email,True,True
13998,2025-01-12,Paid Search,True,False
13999,2025-03-08,Paid Search,True,False
14000,2025-05-17,Paid Search,False,False
14001,2025-10-26,Paid Search,True,True
14002,2026-01-06,Paid Social,False,True
14003,2025-09-07,Paid Social,False,False
14004,2025-05-14,Paid Social,False,False
14005,2025-12-19,Direct,True,True
14006,2025-04-18,Paid Social,True,False
14007,2025-04-05,Paid Search,False,True
14008,2026-01-05,Paid Social,True,True
14009,2025-01-16,Paid Social,True,True
14010,2025-07-20,Email,True,True
14011,2025-07-24,Organic Search,True,False
14012,2025-03-25,Paid Social,False,False
14013,2025-04-06,Direct,False,True
14014,2025-10-31,Paid Social,False,False
14015,2025-08-02,Paid Social,False,False
14016,2026-01-20,Email,False,False
14017,2025-07-18,Organic Search,False,True
14018,2025-12-06,Direct,False,True
14019,2025-12-28,Paid Social,False,False
14020,2025-05-02,Organic Search,True,False
14021,2025-12-07,Paid Social,True,True
14022,2025-05-06,Paid Search,True,False
14023,2025-12-12,Email,True,False
14024,2025-02-28,Paid Social,True,True
14025,2025-11-10,Email,False,True
14026,2025-12-30,Organic Search,True,False
14027,2025-01-25,Paid Social,False,True
14028,2026-01-12,Paid Social,True,False
14029,2025-07-31,Direct,True,False
14030,2025-06-09,Paid Search,False,False
14031,2025-04-18,Organic Search,False,True
14032,2025-07-03,Organic Search,False,False
14033,2025-06-08,Paid Social,True,True
14034,2025-01-09,Email,True,False
14035,2025-12-06,Organic Search,True,False
14036,2025-08-24,Email,True,True
14037,2025-07-03,Email,False,True
14038,2025-04-26,Paid Search,True,True
14039,2025-04-27,Direct,True,False
14040,2026-02-03,Organic Search,True,True
14041,2025-10-12,Direct,False,True
14042,2025-03-22,Organic Search,True,False
14043,2025-10-04,Paid Search,True,False
14044,2025-04-13,Direct,False,True
14045,2025-09-13,Paid Social,True,False
14046,2025-03-18,Paid Search,False,False
14047,2025-11-07,Paid Social,False,True
14048,2025-06-05,Organic Search,True,False
14049,2026-01-06,Paid Social,False,False
14050,2025-07-26,Direct,True,True
14051,2025-10-15,Direct,True,True
14052,2025-03-17,Paid Search,True,False
14053,2025-05-16,Direct,True,False
14054,2025-01-11,Paid Social,True,False
14055,2025-02-16,Email,True,False
14056,2025-07-23,Paid Search,True,False
14057,2025-07-25,Paid Social,False,False
14058,2025-06-10,Paid Social,True,False
14059,2025-09-26,Paid Social,True,False
14060,2025-10-13,Paid Social,True,True
14061,2025-09-26,Direct,False,True
14062,2025-12-29,Email,True,False
14063,2025-02-13,Paid Search,True,False
14064,2025-10-22,Direct,False,True
14065,2025-07-05,Email,True,False
14066,2025-05-25,Email,True,False
14067,2025-02-18,Paid Social,True,True
14068,2025-07-27,Organic Search,False,True
14069,2025-10-23,Direct,True,False
14070,2025-02-03,Paid Social,True,False
14071,2025-01-02,Email,True,True
14072,2025-07-12,Direct,False,True
14073,2026-01-22,Paid Search,True,False
14074,2025-09-22,Email,True,False
14075,2025-04-18,Email,True,False
14076,2025-08-01,Direct,True,True
14077,2025-03-10,Direct,False,True
14078,2025-03-29,Direct,True,False
14079,2026-01-23,Email,True,False
14080,2025-09-28,Direct,True,False
14081,2025-03-10,Organic Search,False,False
14082,2025-12-12,Paid Social,False,False
14083,2025-05-17,Email,False,False
14084,2025-09-17,Email,True,False
14085,2025-07-31,Paid Search,False,True
14086,2025-04-03,Email,True,False
14087,2025-02-13,Email,True,False
14088,2025-08-12,Organic Search,True,True
14089,2025-07-26,Organic Search,True,False
14090,2025-01-17,Direct,True,True
14091,2025-04-25,Email,True,False
14092,2025-10-09,Paid Social,True,False
14093,2025-03-30,Direct,True,False
14094,2025-08-17,Paid Social,False,False
14095,2025-05-06,Email,True,False
14096,2025-01-09,Direct,True,False
14097,2025-05-07,Email,True,False
14098,2026-01-18,Organic Search,True,False
14099,2025-05-23,Organic Search,True,True
14100,2025-11-07,Paid Social,True,True
14101,2025-02-16,Direct,False,True
14102,2025-03-05,Organic Search,True,False
14103,2025-11-16,Email,False,True
14104,2025-01-24,Email,True,False
14105,2025-07-08,Paid Search,True,False
14106,2025-08-07,Direct,False,True
14107,2025-02-03,Organic Search,False,False
14108,2025-11-22,Direct,False,False
14109,2025-10-31,Organic Search,True,False
14110,2025-06-23,Paid Social,True,False
14111,2025-09-27,Paid Search,False,False
14112,2025-12-22,Organic Search,True,True
14113,2025-07-22,Email,True,False
14114,2025-04-09,Paid Social,False,False
14115,2025-08-30,Paid Social,True,False
14116,2025-11-27,Organic Search,True,False
14117,2025-10-11,Organic Search,False,False
14118,2025-08-23,Organic Search,False,True
14119,2025-03-01,Organic Search,False,False
14120,2025-03-15,Paid Search,False,False
14121,2025-02-26,Paid Social,True,False
14122,2025-12-26,Paid Search,False,False
14123,2025-03-10,Direct,True,True
14124,2025-12-10,Paid Social,True,False
14125,2025-10-18,Direct,True,True
14126,2025-11-18,Organic Search,True,False
14127,2025-01-08,Organic Search,True,False
14128,2025-10-21,Organic Search,False,False
14129,2025-02-26,Email,False,False
14130,2025-06-02,Paid Social,True,True
14131,2025-06-22,Paid Search,False,False
14132,2025-01-26,Paid Search,False,False
14133,2026-01-07,Organic Search,True,False
14134,2025-08-15,Paid Search,True,False
14135,2025-09-20,Organic Search,True,False
14136,2025-10-12,Email,True,False
14137,2025-11-30,Paid Search,True,False
14138,2025-11-01,Organic Search,False,True
14139,2025-01-23,Direct,True,False
14140,2025-11-21,Direct,False,False
14141,2026-01-31,Organic Search,True,False
14142,2025-07-11,Direct,True,False
14143,2025-08-10,Email,True,True
14144,2025-01-09,Paid Search,True,False
14145,2025-08-05,Direct,False,False
14146,2025-05-30,Paid Social,True,False
14147,2025-06-30,Email,False,False
14148,2025-03-15,Direct,False,True
14149,2025-09-14,Email,True,False
14150,2025-03-11,Email,False,False
14151,2025-06-06,Paid Social,True,False
14152,2025-01-19,Paid Social,True,False
14153,2025-09-08,Paid Social,False,False
14154,2025-02-14,Organic Search,False,False
14155,2025-01-12,Direct,False,False
14156,2025-05-17,Paid Social,True,True
14157,2025-08-05,Paid Search,True,False
14158,2025-04-26,Direct,True,True
14159,2025-07-07,Paid Search,False,False
14160,2025-07-18,Paid Search,True,True
14161,2025-03-14,Paid Search,True,True
14162,2025-01-02,Organic Search,False,False
14163,2025-03-17,Email,True,True
14164,2025-03-21,Paid Social,False,False
14165,2026-01-19,Email,True,False
14166,2025-05-20,Paid Search,True,False
14167,2025-10-22,Paid Search,True,False
14168,2025-05-02,Paid Social,True,False
14169,2025-07-14,Direct,False,False
14170,2025-11-17,Organic Search,True,False
14171,2025-02-27,Direct,False,False
14172,2026-01-21,Paid Social,True,False
14173,2025-11-24,Email,False,False
14174,2025-09-15,Paid Search,True,False
14175,2025-12-08,Organic Search,True,True
14176,2025-05-22,Email,True,False
14177,2025-05-25,Organic Search,False,True
14178,2025-01-04,Direct,True,False
14179,2025-04-07,Paid Social,True,False
14180,2025-07-07,Direct,True,False
14181,2026-01-14,Paid Social,True,False
14182,2025-12-12,Paid Search,False,False
14183,2025-06-07,Direct,True,False
14184,2025-04-11,Paid Search,False,False
14185,2025-05-10,Paid Social,False,False
14186,2025-09-08,Paid Social,True,True
14187,2025-09-06,Organic Search,True,False
14188,2025-10-25,Organic Search,True,False
14189,2026-02-02,Email,True,False
14190,2025-03-03,Direct,True,False
14191,2025-08-15,Organic Search,True,True
14192,2025-02-01,Direct,True,False
14193,2025-04-28,Organic Search,True,False
14194,2025-07-30,Paid Social,True,True
14195,2025-03-01,Organic Search,False,False
14196,2025-03-24,Paid Search,True,False
14197,2025-02-20,Email,True,False
14198,2025-09-20,Email,False,False
14199,2025-11-05,Email,True,False
14200,2025-08-05,Paid Social,False,False
14201,2025-03-13,Email,False,False
14202,2026-01-13,Organic Search,False,False
14203,2025-02-03,Paid Search,True,False
14204,2025-07-29,Organic Search,True,True
14205,2025-07-20,Email,True,False
14206,2025-01-03,Email,False,False
14207,2025-05-14,Paid Search,True,False
14208,2025-04-26,Organic Search,False,False
14209,2025-04-13,Paid Social,True,False
14210,2025-11-03,Paid Social,True,False
14211,2025-09-02,Direct,True,False
14212,2026-02-03,Direct,True,False
14213,2025-09-18,Organic Search,True,False
14214,2025-05-10,Direct,True,True
14215,2025-07-08,Paid Social,True,False
14216,2025-09-02,Email,False,False
14217,2026-01-29,Email,False,False
14218,2025-09-09,Direct,False,True
14219,2025-03-02,Organic Search,True,False
14220,2025-05-24,Organic Search,True,False
14221,2025-04-10,Direct,False,True
14222,2025-08-13,Paid Social,False,False
14223,2025-11-21,Paid Search,True,False
14224,2025-11-11,Paid Social,True,True
14225,2025-11-03,Organic Search,False,False
14226,2025-02-09,Direct,True,False
14227,2025-07-20,Paid Social,True,True
14228,2025-02-14,Paid Search,False,True
14229,2025-03-11,Direct,True,False
14230,2026-01-29,Direct,True,True
14231,2025-07-30,Paid Search,True,True
14232,2025-01-20,Email,True,False
14233,2025-08-18,Direct,True,True
14234,2025-10-22,Direct,True,False
14235,2025-05-08,Direct,True,True
14236,2025-02-23,Organic Search,True,False
14237,2026-01-13,Direct,False,False
14238,2025-07-08,Direct,True,False
14239,2025-07-03,Email,True,False
14240,2025-01-15,Direct,False,True
14241,2025-06-01,Paid Social,True,False
14242,2026-01-28,Organic Search,False,False
14243,2025-07-09,Paid Social,False,False
14244,2025-06-05,Direct,True,False
14245,2025-12-18,Direct,True,True
14246,2025-02-22,Paid Search,True,False
14247,2026-01-10,Organic Search,True,False
14248,2025-07-30,Direct,False,False
14249,2025-01-21,Email,False,False
14250,2025-03-28,Direct,False,False
14251,2025-09-12,Paid Social,False,False
14252,2026-01-22,Direct,True,False
14253,2025-07-18,Organic Search,False,False
14254,2025-01-24,Email,False,False
14255,2025-10-15,Paid Social,True,False
14256,2025-04-03,Organic Search,True,False
14257,2025-07-07,Paid Search,False,False
14258,2025-02-05,Organic Search,True,False
14259,2025-01-12,Paid Search,False,True
14260,2025-03-22,Organic Search,True,False
14261,2025-08-07,Direct,True,True
14262,2025-10-03,Email,True,False
14263,2025-09-15,Direct,False,True
14264,2025-03-11,Direct,True,False
14265,2025-06-30,Email,True,False
14266,2025-12-24,Paid Social,False,True
14267,2025-03-11,Direct,True,False
14268,2025-03-03,Email,True,False
14269,2025-09-23,Organic Search,False,False
14270,2026-01-19,Paid Search,True,False
14271,2025-06-04,Organic Search,False,False
14272,2025-12-20,Direct,True,False
14273,2025-02-01,Paid Social,True,False
14274,2025-02-26,Paid Search,True,False
14275,2025-03-10,Direct,True,False
14276,2025-02-01,Direct,True,False
14277,2025-07-26,Organic Search,False,False
14278,2026-01-07,Direct,True,False
14279,2025-11-22,Direct,True,False
14280,2025-12-20,Email,False,False
14281,2025-08-08,Email,False,False
14282,2025-12-29,Paid Search,True,False
14283,2025-08-12,Direct,True,True
14284,2025-03-24,Paid Search,True,False
14285,2025-02-10,Organic Search,True,False
14286,2026-01-08,Paid Social,True,False
14287,2025-09-25,Email,True,True
14288,2025-01-22,Paid Social,True,False
14289,2025-09-06,Direct,True,False
14290,2026-01-02,Paid Search,True,False
14291,2025-12-08,Organic Search,True,False
14292,2026-01-30,Paid Search,True,False
14293,2025-03-20,Email,True,False
14294,2025-03-19,Organic Search,False,False
14295,2025-08-03,Direct,False,False
14296,2025-06-26,Email,False,False
14297,2025-06-14,Paid Search,False,False
14298,2026-02-01,Paid Social,True,False
14299,2025-10-03,Organic Search,False,True
14300,2025-09-13,Paid Social,False,False
14301,2025-11-14,Paid Social,False,False
14302,2026-01-24,Paid Social,True,False
14303,2025-11-08,Direct,True,False
14304,2025-08-25,Email,False,False
14305,2025-02-22,Paid Social,False,False
14306,2025-12-31,Email,False,True
14307,2025-03-18,Email,False,True
14308,2025-04-24,Email,False,False
14309,2025-03-01,Email,False,False
14310,2025-06-28,Paid Social,True,False
14311,2025-01-20,Organic Search,False,False
14312,2025-08-25,Organic Search,True,True
14313,2025-05-04,Direct,False,False
14314,2025-03-14,Direct,False,False
14315,2025-08-30,Organic Search,False,False
14316,2025-06-09,Organic Search,True,False
14317,2025-03-21,Paid Social,True,True
14318,2025-09-11,Paid Social,False,False
14319,2025-02-20,Direct,False,False
14320,2025-03-31,Paid Social,True,False
14321,2025-01-15,Paid Social,True,False
14322,2025-08-07,Email,True,False
14323,2025-02-23,Paid Social,True,False
14324,2025-02-28,Direct,True,False
14325,2026-01-30,Email,True,False
14326,2025-01-22,Paid Search,False,False
14327,2025-11-22,Email,True,True
14328,2025-04-09,Organic Search,False,True
14329,2025-04-08,Organic Search,True,False
14330,2025-11-22,Paid Search,False,True
14331,2025-04-28,Email,True,True
14332,2025-12-05,Email,True,False
14333,2025-10-10,Paid Search,False,False
14334,2026-01-20,Direct,True,True
14335,2025-09-27,Email,True,True
14336,2026-02-01,Paid Search,True,False
14337,2025-11-09,Paid Search,True,True
14338,2025-02-22,Email,True,False
14339,2025-02-15,Email,True,False
14340,2025-03-16,Email,True,False
14341,2025-01-01,Paid Search,True,False
14342,2025-11-14,Organic Search,False,False
14343,2025-11-21,Organic Search,False,True
14344,2026-01-17,Organic Search,True,False
14345,2025-03-27,Email,False,False
14346,2025-11-08,Email,False,True
14347,2025-05-25,Email,True,True
14348,2025-10-15,Direct,True,False
14349,2025-07-18,Organic Search,True,False
14350,2025-04-05,Paid Search,True,False
14351,2025-04-13,Paid Search,True,False
14352,2025-07-26,Organic Search,False,True
14353,2025-09-03,Direct,True,False
14354,2025-12-23,Paid Social,True,False
14355,2025-09-16,Direct,False,False
14356,2025-09-05,Email,False,True
14357,2025-03-10,Email,True,True
14358,2025-03-23,Direct,True,False
14359,2025-07-28,Paid Social,True,False
14360,2025-04-05,Paid Search,False,False
14361,2025-02-12,Paid Search,True,False
14362,2025-03-10,Email,True,False
14363,2025-03-11,Direct,False,False
14364,2025-07-25,Paid Search,True,False
14365,2025-01-06,Email,False,False
14366,2025-03-07,Direct,True,True
14367,2025-12-07,Email,True,False
14368,2025-08-09,Paid Social,True,False
14369,2026-01-02,Email,True,True
14370,2025-06-26,Paid Social,True,True
14371,2025-05-15,Direct,True,True
14372,2025-01-19,Paid Search,True,False
14373,2025-02-23,Paid Social,False,True
14374,2025-10-09,Paid Social,True,False
14375,2026-01-26,Organic Search,True,False
14376,2025-01-08,Organic Search,True,False
14377,2025-11-24,Email,False,False
14378,2025-07-31,Paid Social,False,False
14379,2025-05-24,Organic Search,False,False
14380,2025-08-03,Paid Search,True,True
14381,2025-12-24,Organic Search,True,False
14382,2025-04-09,Organic Search,True,False
14383,2025-01-08,Paid Social,False,False
14384,2025-06-13,Paid Social,False,True
14385,2025-03-11,Paid Social,False,False
14386,2025-06-09,Paid Search,False,False
14387,2025-11-29,Paid Social,False,True
14388,2025-09-22,Paid Search,False,False
14389,2025-04-02,Email,True,False
14390,2025-11-28,Organic Search,True,True
14391,2025-12-11,Email,False,True
14392,2025-08-13,Email,True,False
14393,2025-05-26,Email,True,False
14394,2026-01-05,Organic Search,True,False
14395,2025-07-07,Paid Social,True,False
14396,2025-08-08,Email,True,False
14397,2026-01-31,Paid Search,False,True
14398,2025-10-23,Email,False,False
14399,2025-10-20,Email,True,True
14400,2025-04-24,Organic Search,True,True
14401,2025-07-30,Paid Search,False,False
14402,2025-04-05,Organic Search,False,False
14403,2025-08-25,Direct,True,True
14404,2025-01-06,Organic Search,False,True
14405,2025-06-19,Paid Search,False,True
14406,2025-02-27,Email,True,True
14407,2025-11-30,Organic Search,True,False
14408,2025-04-20,Direct,True,True
14409,2025-01-11,Direct,True,True
14410,2025-03-09,Email,True,True
14411,2025-02-21,Paid Search,True,False
14412,2025-02-14,Paid Search,True,True
14413,2025-02-01,Paid Social,True,True
14414,2025-09-23,Direct,True,False
14415,2025-04-13,Paid Social,True,False
14416,2025-04-18,Paid Search,True,False
14417,2025-03-27,Email,False,False
14418,2025-04-24,Paid Search,False,False
14419,2025-05-01,Direct,True,False
14420,2025-08-20,Paid Social,False,False
14421,2025-11-15,Organic Search,True,False
14422,2025-09-17,Email,True,False
14423,2025-04-18,Paid Search,False,True
14424,2025-07-16,Organic Search,False,False
14425,2025-04-19,Paid Search,True,False
14426,2025-04-22,Paid Search,True,False
14427,2025-10-02,Paid Social,False,True
14428,2025-08-03,Direct,True,True
14429,2025-04-23,Paid Social,True,True
14430,2026-01-03,Organic Search,False,False
14431,2025-03-20,Direct,True,False
14432,2025-12-12,Paid Social,True,False
14433,2025-12-01,Paid Social,False,False
14434,2025-06-20,Paid Social,False,False
14435,2025-01-20,Paid Search,True,False
14436,2025-01-12,Email,False,True
14437,2025-01-07,Paid Social,False,False
14438,2025-01-18,Organic Search,True,False
14439,2025-04-17,Paid Social,True,False
14440,2025-03-15,Organic Search,True,False
14441,2025-09-09,Direct,True,False
14442,2025-01-06,Paid Social,True,False
14443,2025-02-16,Email,False,False
14444,2025-01-25,Email,True,False
14445,2025-11-14,Email,False,False
14446,2025-11-11,Direct,False,False
14447,2025-05-31,Paid Search,False,True
14448,2025-11-29,Paid Social,False,False
14449,2025-02-22,Email,True,True
14450,2025-11-29,Email,True,False
14451,2025-08-30,Paid Search,True,False
14452,2025-05-27,Paid Search,True,True
14453,2025-07-11,Direct,False,False
14454,2025-12-19,Paid Social,True,False
14455,2025-06-27,Paid Search,False,False
14456,2025-12-13,Paid Search,False,False
14457,2025-08-21,Direct,False,False
14458,2025-11-17,Email,False,False
14459,2025-01-24,Paid Search,True,True
14460,2025-03-07,Paid Social,True,False
14461,2025-04-02,Direct,True,False
14462,2025-12-01,Paid Social,True,False
14463,2025-07-12,Email,False,False
14464,2025-09-30,Email,True,False
14465,2025-12-28,Organic Search,False,False
14466,2025-07-06,Paid Social,False,False
14467,2026-01-28,Email,True,True
14468,2025-02-28,Email,True,False
14469,2025-10-21,Organic Search,True,False
14470,2025-12-27,Paid Search,False,False
14471,2025-06-05,Paid Search,True,False
14472,2025-04-16,Email,False,False
14473,2025-03-13,Organic Search,True,False
14474,2025-10-07,Organic Search,False,False
14475,2025-02-20,Direct,True,False
14476,2025-11-05,Organic Search,False,True
14477,2025-04-28,Organic Search,True,False
14478,2025-06-04,Organic Search,True,False
14479,2025-01-15,Direct,False,False
14480,2025-03-18,Email,True,False
14481,2025-09-19,Organic Search,True,False
14482,2025-03-22,Paid Social,True,False
14483,2025-10-15,Paid Social,False,True
14484,2025-06-20,Email,False,False
14485,2025-10-12,Organic Search,True,False
14486,2025-03-07,Direct,True,False
14487,2025-07-03,Email,True,False
14488,2025-05-23,Paid Search,False,False
14489,2025-02-16,Paid Search,True,False
14490,2025-12-12,Organic Search,False,True
14491,2026-01-02,Paid Search,True,False
14492,2025-03-28,Organic Search,True,True
14493,2025-08-11,Paid Social,False,False
14494,2025-01-14,Paid Search,True,False
14495,2025-12-02,Paid Search,True,False
14496,2025-03-04,Organic Search,True,False
14497,2026-01-13,Paid Search,False,False
14498,2025-04-23,Direct,True,True
14499,2025-04-25,Direct,True,False
14500,2025-09-10,Email,False,False
14501,2025-04-10,Organic Search,False,False
14502,2025-09-19,Paid Social,True,False
14503,2025-03-02,Paid Search,True,False
14504,2025-08-14,Paid Search,True,False
14505,2025-04-19,Organic Search,False,False
14506,2025-05-09,Paid Social,True,False
14507,2025-07-25,Email,True,False
14508,2025-02-15,Direct,True,False
14509,2025-10-18,Email,True,True
14510,2025-02-27,Paid Social,False,True
14511,2025-02-22,Email,False,True
14512,2025-06-06,Organic Search,True,False
14513,2025-09-09,Organic Search,False,False
14514,2026-01-28,Paid Social,False,False
14515,2025-06-14,Direct,False,False
14516,2025-05-28,Email,True,True
14517,2025-03-22,Paid Social,False,True
14518,2026-01-17,Paid Search,True,False
14519,2025-09-19,Organic Search,True,False
14520,2025-07-03,Email,True,False
14521,2025-06-07,Email,True,False
14522,2025-06-21,Direct,True,True
14523,2025-06-11,Direct,True,False
14524,2025-08-28,Organic Search,True,True
14525,2026-01-12,Email,True,False
14526,2025-09-11,Direct,True,False
14527,2025-04-19,Email,False,False
14528,2026-02-04,Paid Social,True,True
14529,2025-06-16,Organic Search,True,False
14530,2025-11-09,Paid Search,False,False
14531,2025-09-09,Email,True,True
14532,2025-03-23,Direct,False,True
14533,2025-10-06,Organic Search,True,False
14534,2025-06-07,Paid Social,False,False
14535,2025-02-05,Direct,False,False
14536,2025-05-03,Paid Social,False,True
14537,2025-02-04,Organic Search,False,True
14538,2025-07-13,Organic Search,False,True
14539,2025-12-22,Paid Social,True,True
14540,2025-12-04,Paid Social,True,True
14541,2025-11-13,Organic Search,True,False
14542,2025-08-10,Paid Search,True,False
14543,2025-10-25,Paid Social,False,False
14544,2025-02-13,Paid Social,False,False
14545,2025-11-03,Paid Search,True,False
14546,2025-05-06,Paid Social,True,True
14547,2025-04-30,Direct,False,False
14548,2025-11-24,Organic Search,True,False
14549,2025-10-15,Direct,False,True
14550,2026-01-22,Paid Social,True,False
14551,2025-10-13,Paid Social,True,False
14552,2025-01-06,Direct,False,True
14553,2025-12-25,Paid Search,True,True
14554,2025-10-29,Paid Social,True,False
14555,2025-09-14,Email,True,False
14556,2025-02-14,Organic Search,True,False
14557,2025-11-29,Direct,True,False
14558,2025-09-08,Organic Search,True,False
14559,2025-11-09,Organic Search,False,False
14560,2025-06-25,Paid Search,True,False
14561,2025-03-16,Paid Search,True,True
14562,2025-02-19,Direct,True,True
14563,2025-09-26,Paid Social,True,True
14564,2025-10-01,Direct,False,False
14565,2026-01-26,Direct,True,False
14566,2025-08-01,Direct,True,True
14567,2025-04-19,Email,False,False
14568,2025-06-14,Paid Social,True,False
14569,2025-04-19,Direct,True,False
14570,2025-06-08,Paid Search,False,True
14571,2025-04-20,Email,True,False
14572,2025-03-22,Paid Search,False,False
14573,2026-01-27,Direct,True,False
14574,2025-12-27,Paid Social,True,True
14575,2025-03-18,Organic Search,False,True
14576,2025-02-12,Organic Search,False,True
14577,2025-06-28,Paid Social,True,False
14578,2025-02-12,Email,False,False
14579,2025-03-04,Direct,True,True
14580,2025-01-22,Organic Search,True,False
14581,2025-11-20,Organic Search,True,False
14582,2025-02-27,Paid Search,True,False
14583,2025-10-02,Organic Search,True,False
14584,2025-05-29,Direct,True,True
14585,2025-10-21,Paid Search,True,True
14586,2026-01-03,Organic Search,False,False
14587,2025-11-11,Organic Search,False,True
14588,2025-08-04,Paid Search,False,False
14589,2025-10-23,Direct,False,True
14590,2025-06-28,Email,False,False
14591,2025-07-02,Paid Social,True,True
14592,2025-07-08,Paid Social,False,False
14593,2025-03-03,Email,True,True
14594,2025-04-22,Email,True,False
14595,2026-01-28,Email,False,False
14596,2025-02-09,Paid Search,True,False
14597,2025-12-21,Organic Search,False,False
14598,2025-07-25,Email,False,False
14599,2025-02-08,Direct,True,True
14600,2025-10-28,Organic Search,True,True
14601,2025-01-13,Email,False,True
14602,2025-01-06,Direct,True,False
14603,2025-10-21,Paid Social,False,False
14604,2026-01-17,Paid Social,True,True
14605,2025-12-02,Paid Search,True,True
14606,2025-02-03,Email,True,False
14607,2025-01-21,Direct,False,False
14608,2025-04-04,Organic Search,True,False
14609,2025-12-10,Paid Social,False,False
14610,2025-04-18,Direct,True,False
14611,2025-09-22,Direct,False,True
14612,2025-02-22,Organic Search,True,False
14613,2025-09-15,Direct,False,False
14614,2025-06-30,Paid Social,True,False
14615,2025-01-04,Direct,True,False
14616,2026-02-04,Paid Search,True,True
14617,2025-06-06,Email,False,False
14618,2025-06-25,Paid Search,False,True
14619,2025-09-11,Organic Search,True,False
14620,2025-02-23,Email,True,True
14621,2025-12-27,Email,True,True
14622,2025-12-22,Paid Social,False,False
14623,2025-07-31,Organic Search,True,False
14624,2025-10-16,Paid Social,False,False
14625,2025-12-28,Direct,False,True
14626,2025-12-30,Email,True,False
14627,2025-09-11,Paid Search,True,False
14628,2025-09-29,Email,True,False
14629,2025-11-09,Paid Search,True,True
14630,2025-12-27,Organic Search,True,False
14631,2025-06-03,Email,False,True
14632,2025-12-23,Organic Search,True,True
14633,2025-04-05,Direct,False,False
14634,2025-01-14,Email,False,True
14635,2025-01-26,Organic Search,True,False
14636,2025-01-08,Paid Social,False,False
14637,2025-01-23,Organic Search,False,False
14638,2025-06-13,Email,True,True
14639,2026-01-17,Organic Search,True,False
14640,2025-05-02,Email,False,True
14641,2025-07-18,Paid Social,False,False
14642,2025-08-25,Direct,True,False
14643,2025-05-04,Paid Social,True,True
14644,2025-07-25,Paid Social,True,False
14645,2025-01-23,Organic Search,False,False
14646,2025-11-08,Paid Search,True,False
14647,2025-11-08,Email,False,True
14648,2025-01-05,Organic Search,False,False
14649,2025-09-10,Paid Search,True,False
14650,2025-07-25,Direct,False,False
14651,2025-03-06,Paid Search,True,False
14652,2025-04-08,Organic Search,False,False
14653,2025-05-22,Paid Search,True,True
14654,2025-09-25,Paid Search,False,True
14655,2025-01-26,Email,False,True
14656,2025-04-18,Paid Search,True,False
14657,2025-07-12,Email,True,False
14658,2025-07-15,Email,True,False
14659,2025-12-31,Email,True,False
14660,2025-06-08,Paid Social,True,True
14661,2025-09-26,Organic Search,True,False
14662,2025-09-05,Email,False,False
14663,2025-04-13,Direct,True,False
14664,2026-01-03,Direct,True,False
14665,2025-07-25,Organic Search,True,True
14666,2025-09-30,Email,True,False
14667,2025-02-03,Organic Search,False,False
14668,2025-05-17,Direct,True,False
14669,2025-07-20,Email,True,True
14670,2026-01-13,Paid Search,False,True
14671,2025-01-25,Direct,True,True
14672,2025-09-20,Organic Search,False,False
14673,2025-01-09,Paid Search,True,False
14674,2025-08-19,Direct,True,False
14675,2025-12-08,Paid Search,False,False
14676,2025-08-04,Direct,True,False
14677,2025-07-25,Direct,True,True
14678,2025-09-18,Direct,True,True
14679,2025-06-14,Paid Search,False,False
14680,2026-01-07,Direct,True,False
14681,2025-07-08,Organic Search,False,False
14682,2025-12-26,Email,True,False
14683,2025-07-03,Paid Search,False,False
14684,2025-10-28,Direct,True,True
14685,2025-08-21,Direct,True,True
14686,2026-01-18,Paid Search,True,False
14687,2025-06-29,Email,True,False
14688,2025-08-02,Direct,False,False
14689,2025-05-27,Email,False,False
14690,2025-08-01,Paid Search,False,False
14691,2026-01-30,Paid Social,True,False
14692,2026-01-20,Paid Search,False,False
14693,2025-01-06,Paid Search,True,True
14694,2025-07-10,Direct,True,False
14695,2025-04-13,Email,True,False
14696,2025-10-03,Paid Social,False,False
14697,2025-11-16,Direct,True,False
14698,2025-01-20,Paid Social,True,True
14699,2025-05-08,Paid Social,True,True
14700,2025-10-21,Organic Search,False,False
14701,2025-05-09,Email,True,False
14702,2025-11-11,Direct,True,False
14703,2025-06-16,Email,True,False
14704,2025-09-02,Paid Social,True,False
14705,2025-03-28,Email,False,False
14706,2025-01-09,Paid Social,False,False
14707,2025-08-02,Organic Search,True,False
14708,2025-05-11,Email,True,False
14709,2025-06-10,Paid Social,True,True
14710,2025-10-11,Paid Search,False,False
14711,2025-06-22,Organic Search,True,False
14712,2025-04-26,Paid Search,True,False
14713,2025-10-25,Organic Search,True,False
14714,2025-06-02,Direct,True,True
14715,2026-01-03,Paid Search,True,True
14716,2025-09-16,Direct,False,False
14717,2026-01-11,Email,False,False
14718,2025-05-25,Email,True,True
14719,2025-04-03,Paid Social,False,False
14720,2025-11-08,Paid Search,True,False
14721,2025-05-15,Paid Social,True,False
14722,2025-06-11,Paid Social,False,False
14723,2025-09-14,Organic Search,True,False
14724,2025-01-30,Email,True,False
14725,2025-02-26,Paid Search,True,False
14726,2025-06-05,Email,True,False
14727,2025-06-18,Organic Search,False,False
14728,2025-11-03,Organic Search,True,False
14729,2025-06-24,Direct,True,False
14730,2025-11-23,Direct,True,False
14731,2025-07-01,Paid Search,False,True
14732,2025-07-13,Paid Search,True,True
14733,2025-01-20,Paid Social,True,False
14734,2025-06-24,Email,True,False
14735,2025-04-28,Direct,False,True
14736,2025-01-22,Paid Search,True,True
14737,2025-08-08,Direct,True,False
14738,2025-09-30,Paid Social,True,False
14739,2025-11-07,Organic Search,True,False
14740,2025-02-05,Paid Search,False,False
14741,2025-08-16,Direct,True,True
14742,2025-03-11,Email,True,False
14743,2025-08-24,Email,False,True
14744,2025-09-14,Paid Social,False,True
14745,2025-12-22,Organic Search,True,True
14746,2025-07-31,Organic Search,False,False
14747,2025-12-14,Paid Search,False,True
14748,2025-01-24,Direct,False,False
14749,2025-01-04,Email,True,True
14750,2025-05-21,Organic Search,True,False
14751,2025-04-19,Paid Social,True,True
14752,2025-11-26,Direct,True,False
14753,2025-09-06,Paid Search,True,False
14754,2025-07-01,Paid Search,True,False
14755,2025-01-12,Email,False,False
14756,2025-10-02,Paid Search,True,False
14757,2025-03-12,Organic Search,False,False
14758,2025-03-29,Direct,False,False
14759,2025-09-25,Paid Search,True,True
14760,2025-10-14,Email,False,False
14761,2025-01-30,Paid Social,True,False
14762,2025-02-12,Direct,False,False
14763,2025-10-23,Email,True,False
14764,2025-05-13,Paid Social,False,False
14765,2025-07-24,Email,True,False
14766,2025-12-29,Paid Search,True,True
14767,2025-03-05,Paid Search,False,False
14768,2025-05-21,Paid Social,True,False
14769,2025-02-24,Paid Search,True,False
14770,2025-04-24,Paid Social,True,False
14771,2026-02-02,Email,False,False
14772,2026-01-03,Direct,True,False
14773,2025-10-13,Paid Social,True,True
14774,2025-01-01,Paid Social,False,False
14775,2025-12-31,Direct,True,True
14776,2025-07-19,Paid Search,True,True
14777,2025-04-07,Organic Search,True,False
14778,2025-10-21,Paid Search,True,True
14779,2025-07-30,Direct,True,True
14780,2025-11-30,Paid Social,True,False
14781,2025-08-22,Organic Search,True,True
14782,2025-03-03,Paid Search,True,False
14783,2025-03-12,Organic Search,True,False
14784,2025-08-07,Organic Search,True,True
14785,2025-06-07,Paid Social,True,False
14786,2025-06-25,Paid Social,True,True
14787,2025-02-21,Paid Search,True,False
14788,2025-04-30,Paid Social,False,True
14789,2025-09-01,Direct,True,False
14790,2025-11-09,Paid Search,True,False
14791,2025-11-20,Direct,True,True
14792,2026-01-23,Paid Social,True,True
14793,2025-01-15,Organic Search,False,True
14794,2025-02-15,Paid Social,False,True
14795,2025-09-16,Email,True,False
14796,2025-01-12,Organic Search,True,False
14797,2026-01-13,Paid Search,False,True
14798,2025-10-14,Email,False,False
14799,2025-10-29,Email,True,True
14800,2025-12-10,Email,True,False
14801,2025-07-15,Paid Social,True,False
14802,2025-02-09,Paid Social,False,True
14803,2025-09-24,Paid Search,True,True
14804,2025-06-21,Organic Search,True,False
14805,2025-10-08,Paid Social,True,False
14806,2025-11-28,Organic Search,False,False
14807,2025-10-26,Paid Search,False,False
14808,2025-11-14,Organic Search,False,False
14809,2025-07-05,Paid Social,True,False
14810,2025-08-13,Paid Social,False,False
14811,2025-02-21,Paid Social,False,True
14812,2025-07-31,Email,True,False
14813,2025-01-17,Direct,True,False
14814,2025-07-08,Organic Search,False,False
14815,2025-03-30,Paid Social,True,False
14816,2025-10-12,Organic Search,True,False
14817,2026-01-12,Email,False,True
14818,2025-08-16,Paid Social,True,False
14819,2025-10-24,Paid Search,True,False
14820,2025-09-19,Paid Social,True,False
14821,2026-02-04,Email,False,False
14822,2025-12-10,Direct,True,False
14823,2025-07-17,Paid Search,True,False
14824,2025-10-28,Email,True,True
14825,2025-08-01,Organic Search,True,False
14826,2025-03-30,Email,True,False
14827,2025-03-09,Email,True,False
14828,2025-06-06,Paid Social,False,False
14829,2026-01-30,Paid Search,True,False
14830,2025-12-01,Email,True,True
14831,2025-01-20,Direct,True,False
14832,2025-11-26,Organic Search,False,False
14833,2025-05-03,Direct,True,True
14834,2025-07-17,Direct,True,False
14835,2025-02-24,Direct,True,False
14836,2025-07-15,Paid Search,True,False
14837,2025-02-14,Email,False,False
14838,2025-12-27,Paid Search,False,False
14839,2025-08-15,Direct,False,False
14840,2025-02-10,Paid Social,True,False
14841,2025-04-03,Paid Social,True,False
14842,2025-12-25,Organic Search,True,True
14843,2025-04-04,Organic Search,False,False
14844,2025-05-11,Paid Search,True,False
14845,2025-12-14,Direct,True,False
14846,2025-05-13,Paid Search,True,False
14847,2025-07-02,Direct,True,False
14848,2025-03-10,Direct,True,False
14849,2025-11-27,Paid Social,True,False
14850,2026-01-23,Direct,True,True
14851,2025-07-24,Organic Search,False,False
14852,2025-06-28,Email,True,True
14853,2025-08-24,Organic Search,True,False
14854,2025-11-30,Organic Search,False,True
14855,2025-08-24,Paid Social,False,False
14856,2025-03-26,Paid Search,False,False
14857,2025-05-20,Organic Search,True,False
14858,2025-01-02,Paid Social,False,False
14859,2025-08-31,Paid Search,False,False
14860,2025-03-08,Email,True,False
14861,2025-05-20,Direct,False,False
14862,2025-03-10,Email,False,False
14863,2025-12-22,Email,False,False
14864,2025-03-17,Organic Search,False,False
14865,2025-04-10,Organic Search,True,False
14866,2025-07-26,Paid Search,False,False
14867,2025-10-23,Email,False,True
14868,2025-09-30,Paid Search,True,False
14869,2025-12-23,Email,True,True
14870,2025-03-20,Organic Search,True,True
14871,2025-09-27,Organic Search,True,False
14872,2025-04-26,Organic Search,False,False
14873,2025-01-23,Paid Search,False,False
14874,2025-01-20,Email,False,False
14875,2026-01-22,Paid Search,False,False
14876,2025-08-10,Organic Search,True,False
14877,2026-01-22,Direct,True,True
14878,2026-02-05,Paid Search,True,False
14879,2025-04-19,Organic Search,True,True
14880,2025-07-15,Direct,True,False
14881,2025-05-26,Paid Social,False,False
14882,2025-08-12,Paid Search,True,False
14883,2025-09-02,Paid Search,True,False
14884,2025-07-26,Email,False,False
14885,2025-08-04,Email,False,False
14886,2025-10-27,Direct,False,False
14887,2025-07-06,Paid Search,True,True
14888,2025-05-10,Organic Search,True,False
14889,2025-11-10,Paid Search,True,False
14890,2025-10-09,Direct,True,False
14891,2025-09-07,Email,True,True
14892,2025-04-12,Paid Social,True,False
14893,2025-12-29,Paid Search,True,True
14894,2025-10-27,Direct,False,False
14895,2025-05-10,Organic Search,True,False
14896,2025-09-03,Paid Social,False,False
14897,2025-09-18,Paid Social,True,False
14898,2025-05-11,Email,True,False
14899,2026-01-10,Paid Search,False,True
14900,2025-09-12,Organic Search,False,True
14901,2025-07-09,Paid Social,False,False
14902,2025-10-19,Organic Search,False,False
14903,2025-05-31,Organic Search,False,False
14904,2025-03-19,Organic Search,True,True
14905,2026-01-13,Direct,False,False
14906,2025-12-03,Paid Search,True,False
14907,2025-09-03,Email,False,False
14908,2025-06-27,Direct,True,False
14909,2025-02-05,Direct,True,False
14910,2025-05-07,Direct,True,False
14911,2025-03-11,Direct,False,True
14912,2025-01-07,Email,True,False
14913,2026-01-24,Organic Search,True,True
14914,2025-07-03,Organic Search,False,True
14915,2025-03-14,Email,False,False
14916,2025-11-28,Organic Search,True,False
14917,2025-02-01,Direct,False,False
14918,2025-06-03,Paid Search,True,False
14919,2025-11-15,Paid Social,True,False
14920,2025-02-09,Email,True,True
14921,2025-12-04,Direct,True,False
14922,2025-06-03,Organic Search,True,False
14923,2025-11-27,Paid Search,False,True
14924,2025-03-13,Organic Search,True,False
14925,2025-02-19,Direct,True,False
14926,2025-11-29,Direct,False,False
14927,2025-09-08,Paid Social,True,True
14928,2026-01-28,Direct,True,False
14929,2025-04-10,Direct,True,False
14930,2025-12-15,Direct,True,False
14931,2025-10-31,Paid Search,True,False
14932,2025-05-01,Direct,True,False
14933,2025-03-31,Direct,True,False
14934,2025-02-14,Paid Search,False,True
14935,2025-04-20,Paid Search,True,False
14936,2025-04-28,Organic Search,True,True
14937,2025-10-14,Email,False,False
14938,2025-12-28,Paid Search,False,False
14939,2025-04-24,Email,False,True
14940,2025-10-19,Email,True,False
14941,2025-11-28,Paid Search,True,False
14942,2025-10-03,Paid Social,True,False
14943,2025-10-18,Paid Search,True,False
14944,2025-12-20,Paid Social,False,True
14945,2025-01-23,Organic Search,True,False
14946,2025-03-12,Organic Search,True,True
14947,2025-01-11,Organic Search,False,False
14948,2025-07-10,Paid Search,True,True
14949,2025-12-24,Email,True,False
14950,2025-01-07,Paid Social,True,False
14951,2025-07-02,Paid Social,True,False
14952,2025-06-22,Direct,True,False
14953,2025-08-01,Organic Search,True,False
14954,2025-11-05,Paid Search,True,False
14955,2025-10-01,Paid Search,True,False
14956,2025-05-24,Paid Social,False,False
14957,2025-01-29,Paid Social,True,True
14958,2025-12-14,Organic Search,True,True
14959,2025-10-16,Organic Search,False,True
14960,2025-03-05,Organic Search,True,False
14961,2025-08-23,Email,True,True
14962,2025-05-19,Paid Search,False,False
14963,2025-10-28,Paid Search,False,False
14964,2025-01-31,Email,False,False
14965,2025-12-09,Direct,True,False
14966,2025-12-04,Email,True,False
14967,2026-01-11,Email,False,False
14968,2025-01-05,Email,True,False
14969,2025-07-24,Paid Social,True,True
14970,2025-08-16,Email,False,False
14971,2025-05-27,Organic Search,True,False
14972,2025-11-17,Paid Social,True,False
14973,2026-01-30,Organic Search,True,True
14974,2025-06-28,Email,False,False
14975,2025-11-12,Organic Search,True,True
14976,2025-12-26,Paid Search,True,False
14977,2026-01-31,Direct,False,False
14978,2025-09-18,Paid Search,True,False
14979,2025-05-10,Direct,True,False
14980,2025-12-24,Organic Search,False,False
14981,2025-09-15,Direct,False,False
14982,2025-04-24,Direct,True,False
14983,2025-10-06,Paid Search,True,True
14984,2025-02-15,Paid Social,False,False
14985,2026-01-01,Direct,False,False
14986,2025-07-12,Direct,True,False
14987,2025-04-21,Paid Search,False,False
14988,2025-02-23,Organic Search,True,False
14989,2025-11-06,Paid Search,True,False
14990,2025-12-25,Email,True,False
14991,2025-07-21,Organic Search,False,True
14992,2025-03-21,Direct,True,True
14993,2025-03-23,Organic Search,True,False
14994,2025-06-19,Paid Search,False,False
14995,2025-08-24,Direct,False,False
14996,2025-05-24,Email,True,True
14997,2025-04-17,Email,True,False
14998,2025-05-06,Email,True,False
14999,2025-09-19,Paid Social,True,True
15000,2025-08-04,Direct,True,False
15001,2025-08-05,Direct,False,False
15002,2025-10-30,Organic Search,True,False
15003,2025-04-21,Email,False,False
15004,2025-07-26,Direct,False,True
15005,2025-02-22,Email,False,False
15006,2025-08-01,Direct,False,True
15007,2026-01-16,Paid Search,False,False
15008,2025-06-26,Direct,False,False
15009,2025-01-16,Paid Social,True,False
15010,2025-06-27,Email,False,False
15011,2025-06-15,Paid Search,False,False
15012,2025-04-05,Email,True,False
15013,2025-09-19,Paid Search,False,True
15014,2025-06-28,Organic Search,True,False
15015,2026-02-05,Paid Social,True,False
15016,2025-04-07,Paid Search,True,False
15017,2025-05-12,Paid Social,False,False
15018,2025-04-18,Email,False,False
15019,2025-11-08,Paid Social,False,True
15020,2025-09-29,Direct,False,True
15021,2025-07-29,Paid Social,False,False
15022,2025-03-30,Direct,False,False
15023,2025-09-06,Email,False,False
15024,2026-01-02,Organic Search,True,True
15025,2026-01-17,Organic Search,True,False
15026,2025-08-11,Direct,True,False
15027,2025-03-07,Paid Social,False,True
15028,2025-12-02,Email,False,False
15029,2025-12-04,Paid Search,True,False
15030,2025-01-07,Direct,False,False
15031,2026-01-07,Paid Social,False,False
15032,2026-01-27,Organic Search,True,False
15033,2025-05-22,Paid Social,False,False
15034,2025-08-18,Email,False,False
15035,2025-03-25,Email,True,True
15036,2025-08-14,Organic Search,True,False
15037,2025-09-15,Paid Social,True,False
15038,2025-05-11,Paid Search,True,False
15039,2025-09-28,Paid Social,True,True
15040,2025-03-14,Paid Social,False,False
15041,2025-03-01,Organic Search,True,True
15042,2025-02-07,Organic Search,False,False
15043,2025-01-19,Organic Search,False,True
15044,2025-06-21,Paid Social,True,False
15045,2025-09-21,Paid Social,True,False
15046,2026-01-21,Direct,True,False
15047,2025-08-24,Paid Search,True,False
15048,2025-03-25,Paid Search,False,False
15049,2026-01-17,Direct,False,True
15050,2025-05-06,Paid Social,False,False
15051,2025-06-02,Paid Search,True,False
15052,2025-06-27,Paid Social,True,False
15053,2025-08-06,Paid Social,True,False
15054,2025-11-07,Paid Social,True,False
15055,2025-09-23,Organic Search,True,False
15056,2025-07-29,Email,True,False
15057,2025-11-09,Email,True,False
15058,2025-10-20,Paid Social,True,False
15059,2025-04-23,Paid Search,True,False
15060,2025-01-18,Paid Search,False,False
15061,2026-01-22,Organic Search,False,False
15062,2025-09-19,Direct,False,False
15063,2025-04-15,Direct,False,False
15064,2025-09-15,Organic Search,True,False
15065,2025-09-04,Email,True,False
15066,2025-06-27,Paid Social,False,False
15067,2026-01-20,Paid Search,False,False
15068,2025-01-15,Organic Search,False,True
15069,2025-09-10,Paid Search,True,True
15070,2025-10-26,Paid Search,True,True
15071,2025-08-28,Email,True,True
15072,2025-08-02,Direct,True,False
15073,2026-01-20,Organic Search,True,True
15074,2025-06-10,Paid Social,True,False
15075,2025-12-12,Paid Social,True,False
15076,2026-01-12,Paid Social,False,False
15077,2025-04-23,Organic Search,False,True
15078,2025-06-07,Paid Search,True,True
15079,2025-04-16,Direct,True,True
15080,2025-02-22,Email,True,False
15081,2025-07-02,Paid Search,True,False
15082,2026-02-03,Paid Search,True,False
15083,2025-05-13,Direct,False,False
15084,2025-06-18,Paid Social,False,True
15085,2025-05-01,Paid Search,True,True
15086,2025-12-07,Direct,True,False
15087,2025-08-05,Paid Social,False,False
15088,2025-08-16,Paid Search,True,False
15089,2026-02-01,Direct,True,False
15090,2025-11-24,Organic Search,True,True
15091,2025-03-11,Paid Social,False,True
15092,2026-01-18,Organic Search,False,True
15093,2025-06-03,Email,True,False
15094,2025-08-30,Organic Search,True,False
15095,2025-12-27,Email,False,True
15096,2025-01-18,Paid Search,True,False
15097,2025-05-22,Paid Social,True,True
15098,2025-06-06,Email,False,False
15099,2026-01-22,Paid Social,True,False
15100,2025-12-21,Direct,False,True
15101,2025-03-21,Email,True,False
15102,2025-06-07,Organic Search,True,False
15103,2025-09-10,Direct,True,True
15104,2025-07-14,Direct,True,False
15105,2025-02-13,Paid Social,True,False
15106,2025-11-10,Paid Social,True,False
15107,2025-09-12,Organic Search,True,False
15108,2025-01-31,Paid Social,True,False
15109,2025-07-06,Direct,True,False
15110,2025-03-10,Email,True,False
15111,2025-08-12,Direct,False,True
15112,2025-04-24,Organic Search,True,False
15113,2025-03-04,Email,False,False
15114,2025-11-29,Direct,False,False
15115,2025-09-19,Organic Search,True,True
15116,2025-05-09,Organic Search,True,False
15117,2025-06-16,Email,True,False
15118,2025-04-22,Paid Search,True,False
15119,2025-04-18,Direct,True,False
15120,2025-09-28,Direct,True,False
15121,2025-05-18,Paid Search,True,False
15122,2026-01-14,Organic Search,True,False
15123,2025-12-09,Organic Search,False,False
15124,2025-10-13,Paid Social,True,True
15125,2025-08-03,Direct,False,False
15126,2025-06-06,Email,True,False
15127,2025-08-14,Paid Search,False,False
15128,2025-05-24,Paid Search,False,False
15129,2025-07-03,Organic Search,True,True
15130,2025-09-25,Email,False,True
15131,2025-08-15,Email,False,False
15132,2025-12-17,Organic Search,False,True
15133,2025-05-15,Email,False,False
15134,2025-12-26,Direct,True,False
15135,2026-01-11,Email,False,False
15136,2025-01-25,Organic Search,True,False
15137,2025-09-19,Paid Social,False,False
15138,2025-01-04,Organic Search,False,False
15139,2025-12-05,Email,False,False
15140,2025-01-07,Paid Social,True,True
15141,2025-04-14,Direct,False,False
15142,2025-04-12,Paid Social,True,True
15143,2025-03-11,Email,False,False
15144,2026-01-12,Email,False,True
15145,2025-01-23,Paid Search,False,False
15146,2025-09-09,Direct,True,False
15147,2025-05-30,Organic Search,True,True
15148,2025-03-21,Paid Search,False,True
15149,2025-08-28,Paid Social,True,False
15150,2025-04-05,Paid Search,True,True
15151,2025-08-11,Organic Search,True,True
15152,2025-09-11,Organic Search,True,True
15153,2025-03-02,Organic Search,True,True
15154,2025-09-06,Paid Search,True,True
15155,2025-05-28,Direct,True,True
15156,2025-11-27,Paid Search,True,False
15157,2025-04-16,Paid Social,True,False
15158,2025-12-25,Organic Search,True,False
15159,2025-02-17,Direct,False,False
15160,2025-08-27,Paid Social,False,False
15161,2025-08-29,Paid Social,True,True
15162,2025-02-18,Organic Search,True,True
15163,2025-06-25,Direct,True,False
15164,2025-09-06,Paid Search,True,False
15165,2026-01-07,Organic Search,True,False
15166,2026-01-03,Organic Search,False,True
15167,2025-02-22,Direct,True,True
15168,2025-11-11,Email,False,False
15169,2025-01-23,Paid Search,True,True
15170,2026-01-09,Organic Search,True,False
15171,2026-01-08,Paid Social,True,False
15172,2025-03-05,Email,True,True
15173,2025-09-20,Paid Search,True,False
15174,2025-11-09,Organic Search,True,False
15175,2025-01-23,Paid Search,False,False
15176,2025-11-28,Organic Search,False,False
15177,2025-08-22,Email,False,True
15178,2025-05-14,Paid Search,True,False
15179,2025-11-05,Email,False,False
15180,2025-07-28,Paid Search,True,False
15181,2026-01-22,Direct,False,False
15182,2026-01-24,Email,False,False
15183,2025-03-17,Paid Search,False,False
15184,2025-04-04,Paid Social,True,True
15185,2025-08-07,Email,False,False
15186,2025-05-09,Paid Social,False,False
15187,2025-08-25,Email,True,False
15188,2025-05-23,Paid Social,True,True
15189,2025-05-12,Email,True,False
15190,2026-01-04,Paid Social,False,False
15191,2025-01-26,Direct,True,False
15192,2025-01-24,Paid Search,True,False
15193,2025-09-01,Paid Social,True,False
15194,2025-12-22,Email,True,False
15195,2025-08-28,Paid Social,False,True
15196,2025-01-24,Organic Search,False,False
15197,2026-01-15,Paid Social,True,False
15198,2025-05-08,Paid Search,False,True
15199,2025-06-16,Paid Search,True,False
15200,2025-03-30,Organic Search,True,False
15201,2025-03-08,Paid Search,False,False
15202,2025-01-08,Paid Social,False,False
15203,2025-02-05,Direct,True,False
15204,2025-06-27,Direct,False,False
15205,2025-12-28,Organic Search,False,False
15206,2025-08-21,Paid Search,True,False
15207,2025-02-01,Direct,False,False
15208,2025-02-16,Email,True,False
15209,2025-02-15,Organic Search,False,False
15210,2025-02-02,Paid Search,True,False
15211,2025-04-16,Email,True,True
15212,2025-01-15,Email,True,True
15213,2025-11-13,Direct,True,False
15214,2025-03-12,Organic Search,True,False
15215,2025-02-28,Paid Search,False,False
15216,2025-03-07,Email,False,False
15217,2025-03-24,Paid Social,True,False
15218,2025-01-08,Direct,False,False
15219,2025-02-02,Organic Search,False,True
15220,2025-12-03,Paid Search,True,False
15221,2025-01-21,Organic Search,True,False
15222,2025-01-03,Direct,True,True
15223,2025-04-03,Organic Search,True,False
15224,2025-09-23,Organic Search,True,False
15225,2025-06-07,Paid Social,True,True
15226,2025-10-08,Paid Search,False,False
15227,2025-06-22,Direct,False,True
15228,2025-03-29,Organic Search,True,False
15229,2025-04-12,Email,True,False
15230,2025-11-12,Paid Search,False,True
15231,2025-07-05,Direct,False,False
15232,2026-01-08,Paid Search,False,False
15233,2025-09-02,Paid Search,False,False
15234,2025-11-08,Organic Search,False,False
15235,2025-12-31,Email,True,False
15236,2025-12-06,Email,True,False
15237,2025-03-01,Paid Search,True,False
15238,2025-12-24,Paid Social,False,False
15239,2025-01-02,Paid Search,True,False
15240,2026-01-17,Organic Search,True,True
15241,2025-01-31,Paid Search,True,False
15242,2025-07-03,Paid Search,True,True
15243,2026-01-20,Email,False,False
15244,2025-12-16,Paid Social,False,False
15245,2025-06-16,Organic Search,True,True
15246,2025-03-01,Email,True,False
15247,2025-03-24,Email,True,False
15248,2025-02-04,Paid Social,False,True
15249,2025-07-28,Email,False,False
15250,2025-06-05,Organic Search,False,False
15251,2025-01-04,Organic Search,False,False
15252,2026-01-30,Organic Search,True,True
15253,2025-08-29,Email,True,False
15254,2025-05-23,Email,False,True
15255,2025-03-25,Email,False,False
15256,2026-01-15,Paid Search,False,True
15257,2025-11-12,Direct,False,False
15258,2026-01-29,Paid Search,True,False
15259,2026-01-16,Email,True,True
15260,2025-06-28,Paid Social,True,False
15261,2025-07-11,Paid Social,False,False
15262,2025-05-20,Direct,True,True
15263,2025-04-25,Organic Search,True,False
15264,2025-07-01,Organic Search,True,False
15265,2026-02-03,Paid Social,False,False
15266,2025-11-02,Paid Search,True,False
15267,2025-10-03,Paid Social,False,False
15268,2025-03-26,Organic Search,True,True
15269,2025-05-15,Organic Search,True,False
15270,2025-09-17,Paid Search,True,False
15271,2025-03-01,Paid Search,False,True
15272,2026-01-02,Direct,True,False
15273,2025-05-31,Organic Search,True,True
15274,2025-04-17,Paid Search,True,False
15275,2025-12-04,Organic Search,False,True
15276,2025-04-07,Paid Search,True,False
15277,2025-08-11,Organic Search,True,False
15278,2025-06-21,Email,True,False
15279,2025-06-28,Direct,False,False
15280,2025-06-04,Organic Search,True,False
15281,2025-02-21,Paid Search,True,False
15282,2025-02-07,Organic Search,True,False
15283,2025-08-28,Direct,True,False
15284,2025-10-06,Paid Search,True,True
15285,2025-03-14,Paid Search,False,False
15286,2025-03-17,Email,True,True
15287,2025-03-19,Organic Search,True,True
15288,2025-10-16,Paid Search,True,False
15289,2025-09-15,Email,False,False
15290,2025-06-17,Direct,False,False
15291,2025-02-27,Organic Search,True,True
15292,2025-02-28,Email,True,True
15293,2025-06-21,Organic Search,False,False
15294,2025-01-25,Paid Search,True,False
15295,2025-03-16,Organic Search,False,False
15296,2025-01-14,Organic Search,False,False
15297,2025-09-26,Email,False,True
15298,2025-08-16,Paid Social,False,False
15299,2025-07-27,Organic Search,False,False
15300,2025-09-12,Email,True,False
15301,2026-01-04,Organic Search,False,False
15302,2025-02-06,Direct,False,False
15303,2025-05-11,Email,True,False
15304,2025-12-07,Paid Search,False,True
15305,2026-01-29,Organic Search,True,True
15306,2026-02-05,Paid Social,True,False
15307,2025-12-06,Paid Search,True,False
15308,2025-04-18,Email,True,True
15309,2025-06-06,Direct,False,False
15310,2025-10-08,Direct,True,True
15311,2025-09-14,Direct,True,False
15312,2025-09-04,Organic Search,False,False
15313,2025-03-10,Direct,True,False
15314,2025-07-10,Paid Social,True,True
15315,2025-06-29,Paid Social,False,True
15316,2025-04-07,Email,True,False
15317,2025-03-24,Paid Social,False,False
15318,2025-12-26,Organic Search,True,False
15319,2025-12-11,Organic Search,True,False
15320,2025-11-14,Email,False,True
15321,2025-10-20,Direct,True,False
15322,2025-12-13,Paid Search,False,False
15323,2025-07-21,Direct,False,True
15324,2025-02-22,Direct,False,False
15325,2025-08-26,Organic Search,False,False
15326,2025-07-22,Paid Social,True,False
15327,2025-12-03,Paid Social,True,False
15328,2026-01-05,Organic Search,False,False
15329,2025-08-07,Organic Search,True,True
15330,2025-05-27,Email,False,True
15331,2025-05-02,Email,True,True
15332,2025-06-25,Paid Social,False,False
15333,2025-09-10,Direct,False,False
15334,2025-07-27,Organic Search,False,False
15335,2025-06-05,Paid Search,True,False
15336,2025-09-24,Paid Social,True,True
15337,2025-05-22,Direct,False,False
15338,2026-01-15,Paid Social,True,False
15339,2025-09-28,Email,True,True
15340,2025-05-06,Organic Search,True,False
15341,2025-10-24,Organic Search,True,True
15342,2026-01-07,Paid Social,False,True
15343,2026-02-05,Paid Search,False,False
15344,2025-03-14,Paid Social,False,True
15345,2025-11-24,Direct,True,False
15346,2025-04-23,Email,True,False
15347,2025-06-11,Paid Search,False,False
15348,2025-11-23,Email,True,False
15349,2026-02-05,Organic Search,True,False
15350,2025-07-26,Direct,True,True
15351,2025-04-13,Paid Search,True,False
15352,2025-03-24,Paid Social,False,False
15353,2025-06-16,Direct,True,False
15354,2025-05-24,Paid Search,False,False
15355,2025-05-31,Email,False,False
15356,2025-04-13,Paid Search,True,False
15357,2025-09-15,Paid Social,False,False
15358,2025-05-06,Organic Search,True,False
15359,2026-01-12,Direct,False,False
15360,2025-08-24,Paid Social,False,True
15361,2025-11-02,Email,True,True
15362,2025-06-11,Paid Search,False,True
15363,2025-04-24,Paid Search,True,True
15364,2025-05-24,Paid Search,False,False
15365,2025-01-31,Paid Search,False,False
15366,2025-07-13,Paid Search,False,False
15367,2025-04-17,Direct,False,False
15368,2025-01-31,Paid Search,True,False
15369,2025-04-12,Paid Social,True,False
15370,2026-01-26,Organic Search,True,True
15371,2025-05-09,Email,True,True
15372,2026-01-22,Email,True,False
15373,2025-01-11,Organic Search,True,False
15374,2025-04-23,Organic Search,True,False
15375,2025-10-28,Paid Search,True,False
15376,2025-09-19,Paid Social,True,False
15377,2025-12-25,Email,True,False
15378,2025-04-28,Organic Search,False,False
15379,2025-07-08,Paid Search,False,False
15380,2025-06-04,Paid Social,True,False
15381,2026-01-30,Organic Search,True,False
15382,2025-08-14,Paid Social,True,False
15383,2025-12-31,Direct,False,False
15384,2025-05-24,Email,False,True
15385,2025-10-17,Paid Search,True,False
15386,2025-03-19,Email,True,False
15387,2025-10-14,Paid Search,False,False
15388,2025-02-04,Organic Search,False,False
15389,2025-06-26,Paid Social,False,True
15390,2025-08-01,Direct,True,False
15391,2026-01-16,Email,False,False
15392,2026-01-13,Direct,False,False
15393,2025-02-10,Direct,True,True
15394,2025-07-01,Organic Search,False,True
15395,2025-12-31,Paid Search,False,False
15396,2025-11-25,Paid Search,False,False
15397,2025-06-13,Paid Social,True,False
15398,2025-02-04,Organic Search,True,False
15399,2026-01-06,Direct,False,False
15400,2025-10-09,Direct,True,True
15401,2026-02-04,Email,True,True
15402,2025-05-04,Organic Search,True,False
15403,2025-09-21,Paid Social,False,False
15404,2026-01-01,Organic Search,False,False
15405,2025-07-19,Paid Search,False,True
15406,2025-10-31,Email,False,False
15407,2025-01-15,Paid Social,True,False
15408,2025-07-28,Organic Search,True,False
15409,2025-11-10,Paid Search,False,False
15410,2025-01-30,Direct,True,False
15411,2025-01-11,Direct,False,True
15412,2025-12-08,Direct,True,False
15413,2025-08-13,Paid Social,True,False
15414,2025-11-30,Paid Social,True,True
15415,2025-06-27,Organic Search,False,False
15416,2025-12-08,Paid Social,True,True
15417,2025-07-08,Organic Search,False,True
15418,2025-01-17,Organic Search,False,False
15419,2025-04-08,Organic Search,True,False
15420,2025-10-01,Email,True,False
15421,2025-11-11,Paid Search,True,True
15422,2025-10-21,Organic Search,False,False
15423,2025-04-24,Direct,True,False
15424,2025-09-23,Organic Search,False,False
15425,2025-11-05,Paid Social,False,False
15426,2025-03-05,Organic Search,False,True
15427,2025-12-02,Paid Social,False,False
15428,2025-06-08,Email,False,False
15429,2025-01-01,Paid Social,False,False
15430,2025-11-26,Paid Social,False,False
15431,2025-01-09,Paid Search,True,True
15432,2025-08-26,Organic Search,True,False
15433,2025-10-11,Email,False,False
15434,2025-05-10,Paid Social,False,False
15435,2025-04-17,Direct,True,False
15436,2025-08-21,Paid Social,False,False
15437,2026-01-26,Organic Search,False,False
15438,2025-04-19,Paid Social,False,True
15439,2025-01-07,Paid Social,True,False
15440,2025-03-06,Email,False,True
15441,2025-04-22,Email,True,False
15442,2025-02-04,Paid Social,False,False
15443,2025-08-03,Paid Social,False,True
15444,2026-01-18,Email,False,False
15445,2025-11-06,Paid Search,True,False
15446,2025-12-13,Direct,True,False
15447,2025-04-01,Email,True,True
15448,2025-12-28,Direct,False,True
15449,2025-08-20,Paid Social,True,True
15450,2025-08-07,Direct,True,False
15451,2025-04-23,Paid Social,False,False
15452,2025-12-17,Email,False,True
15453,2025-07-12,Organic Search,True,False
15454,2026-01-24,Paid Social,True,False
15455,2025-08-25,Direct,True,True
15456,2025-06-11,Direct,True,False
15457,2025-10-26,Organic Search,False,False
15458,2025-05-28,Paid Social,True,False
15459,2025-10-22,Paid Search,True,False
15460,2025-06-04,Email,False,False
15461,2025-12-03,Organic Search,True,False
15462,2025-03-20,Paid Search,True,True
15463,2025-02-14,Paid Search,True,False
15464,2025-08-31,Direct,True,False
15465,2025-03-07,Direct,True,False
15466,2025-03-26,Organic Search,True,False
15467,2025-10-26,Direct,True,False
15468,2025-12-09,Paid Search,False,False
15469,2025-11-26,Paid Social,False,False
15470,2025-02-13,Organic Search,True,True
15471,2026-01-16,Paid Search,False,False
15472,2026-01-14,Paid Social,False,True
15473,2025-05-14,Email,False,False
15474,2025-03-22,Paid Social,True,True
15475,2025-02-25,Paid Search,True,False
15476,2025-03-05,Organic Search,True,False
15477,2025-09-26,Email,False,False
15478,2025-10-23,Direct,False,False
15479,2025-11-18,Paid Social,True,False
15480,2025-01-08,Organic Search,True,False
15481,2026-01-16,Organic Search,False,False
15482,2025-02-20,Paid Search,False,False
15483,2025-01-01,Paid Search,False,True
15484,2025-03-15,Organic Search,True,False
15485,2025-04-05,Direct,True,False
15486,2025-08-03,Direct,True,False
15487,2025-01-05,Email,True,False
15488,2025-09-03,Email,True,False
15489,2025-12-31,Email,False,False
15490,2025-05-15,Paid Social,True,False
15491,2025-05-09,Email,True,False
15492,2025-11-06,Paid Social,True,True
15493,2025-08-01,Paid Search,True,False
15494,2025-02-26,Direct,False,False
15495,2025-02-17,Email,False,True
15496,2025-10-25,Paid Social,False,False
15497,2025-09-14,Email,True,False
15498,2025-08-05,Organic Search,False,True
15499,2025-02-27,Organic Search,True,False
15500,2025-09-20,Organic Search,False,True
15501,2025-03-29,Organic Search,False,True
15502,2025-04-30,Organic Search,False,False
15503,2025-02-07,Email,False,False
15504,2026-01-03,Email,True,False
15505,2025-09-09,Paid Search,True,False
15506,2025-07-06,Email,True,False
15507,2025-08-21,Paid Search,True,False
15508,2025-02-04,Direct,True,False
15509,2025-12-20,Direct,True,False
15510,2025-08-02,Organic Search,True,True
15511,2026-01-14,Paid Social,False,False
15512,2025-05-13,Direct,True,False
15513,2025-12-23,Direct,True,False
15514,2025-02-14,Organic Search,True,False
15515,2026-01-13,Direct,False,False
15516,2025-10-08,Paid Social,False,False
15517,2025-02-21,Direct,True,False
15518,2025-11-05,Paid Social,True,True
15519,2025-11-16,Email,True,False
15520,2025-08-02,Paid Social,False,False
15521,2025-01-13,Paid Social,True,False
15522,2025-12-21,Email,True,False
15523,2026-01-30,Organic Search,True,False
15524,2025-03-03,Direct,True,False
15525,2025-08-30,Email,True,False
15526,2025-08-18,Paid Social,True,False
15527,2025-06-20,Email,False,False
15528,2025-05-30,Organic Search,True,True
15529,2025-05-13,Organic Search,True,False
15530,2025-06-26,Direct,True,False
15531,2025-04-09,Paid Search,False,False
15532,2025-01-31,Paid Social,True,False
15533,2025-03-23,Direct,True,False
15534,2025-08-26,Paid Social,True,False
15535,2025-10-10,Email,False,True
15536,2025-12-30,Direct,True,False
15537,2025-03-16,Direct,True,False
15538,2025-10-10,Paid Search,True,False
15539,2025-11-21,Organic Search,True,True
15540,2025-01-19,Paid Social,False,False
15541,2025-11-02,Organic Search,True,True
15542,2025-07-23,Email,False,False
15543,2025-02-26,Paid Social,False,False
15544,2026-01-10,Direct,True,False
15545,2025-08-31,Paid Social,False,False
15546,2025-01-19,Email,True,True
15547,2025-06-07,Direct,False,False
15548,2025-03-01,Email,True,False
15549,2025-07-22,Organic Search,False,True
15550,2025-07-16,Direct,True,False
15551,2025-11-21,Direct,False,False
15552,2025-04-30,Direct,True,False
15553,2025-01-16,Paid Search,True,True
15554,2025-08-08,Organic Search,True,False
15555,2025-09-16,Email,True,False
15556,2025-06-14,Direct,True,True
15557,2025-01-26,Email,False,False
15558,2025-12-14,Paid Search,True,False
15559,2025-06-11,Paid Social,True,False
15560,2025-07-22,Paid Search,False,False
15561,2026-01-15,Paid Social,True,False
15562,2025-11-06,Paid Search,True,False
15563,2025-06-07,Paid Social,True,False
15564,2025-03-18,Email,False,True
15565,2025-09-22,Direct,True,True
15566,2025-10-08,Paid Social,True,False
15567,2025-01-27,Paid Social,False,False
15568,2025-07-27,Organic Search,True,False
15569,2026-02-05,Organic Search,False,False
15570,2025-04-03,Paid Social,True,False
15571,2025-06-10,Organic Search,False,True
15572,2025-11-13,Email,True,True
15573,2025-11-09,Paid Search,True,False
15574,2025-02-17,Email,True,False
15575,2025-10-06,Paid Social,True,True
15576,2025-10-05,Paid Social,False,False
15577,2025-09-12,Direct,True,False
15578,2025-10-10,Organic Search,True,False
15579,2025-02-20,Paid Social,True,True
15580,2025-05-28,Paid Search,True,True
15581,2025-04-24,Email,True,False
15582,2025-05-27,Organic Search,True,False
15583,2025-07-09,Paid Search,True,False
15584,2025-07-11,Email,True,True
15585,2025-10-28,Paid Social,False,False
15586,2025-12-22,Direct,True,False
15587,2025-08-31,Direct,False,False
15588,2025-04-07,Organic Search,True,True
15589,2025-03-29,Organic Search,True,False
15590,2025-08-17,Email,False,True
15591,2025-05-17,Email,False,True
15592,2025-03-19,Email,True,False
15593,2025-05-09,Direct,False,True
15594,2025-07-07,Paid Social,True,True
15595,2025-07-21,Organic Search,True,False
15596,2025-06-09,Paid Search,True,False
15597,2025-08-05,Organic Search,True,False
15598,2025-09-26,Direct,True,False
15599,2025-10-19,Direct,True,False
15600,2025-05-08,Paid Search,True,False
15601,2025-05-19,Organic Search,False,False
15602,2025-01-29,Organic Search,False,True
15603,2025-02-15,Direct,False,False
15604,2025-12-16,Direct,True,False
15605,2025-05-20,Paid Social,True,True
15606,2025-01-19,Paid Search,True,False
15607,2026-01-14,Direct,False,False
15608,2025-10-06,Paid Social,True,False
15609,2025-05-12,Email,True,False
15610,2025-12-03,Email,True,False
15611,2025-11-14,Organic Search,True,False
15612,2025-01-01,Direct,False,False
15613,2025-07-20,Direct,True,False
15614,2025-12-14,Email,False,True
15615,2025-07-02,Paid Social,False,True
15616,2025-12-07,Paid Search,True,True
15617,2025-07-13,Organic Search,True,False
15618,2025-04-11,Organic Search,False,True
15619,2026-01-06,Direct,True,True
15620,2025-02-08,Organic Search,True,True
15621,2026-01-21,Direct,False,False
15622,2025-09-05,Paid Social,True,False
15623,2025-10-06,Direct,False,True
15624,2025-11-28,Organic Search,True,False
15625,2025-08-06,Paid Social,True,False
15626,2026-01-04,Email,False,False
15627,2025-08-31,Paid Search,True,True
15628,2025-11-09,Direct,True,True
15629,2025-10-18,Direct,False,False
15630,2025-12-27,Paid Search,True,False
15631,2025-02-20,Direct,True,True
15632,2025-03-20,Paid Search,True,False
15633,2025-09-25,Paid Social,False,False
15634,2025-04-12,Paid Social,False,True
15635,2025-05-15,Email,False,True
15636,2025-09-08,Direct,False,True
15637,2026-01-26,Paid Search,False,True
15638,2025-12-07,Direct,True,False
15639,2025-04-14,Paid Social,True,False
15640,2025-03-05,Paid Social,True,False
15641,2026-01-08,Direct,False,False
15642,2026-01-28,Organic Search,True,False
15643,2025-01-25,Paid Social,False,False
15644,2025-01-30,Paid Search,True,True
15645,2025-07-11,Organic Search,False,False
15646,2025-02-26,Organic Search,True,False
15647,2025-11-03,Paid Social,True,True
15648,2025-06-09,Paid Social,True,True
15649,2025-10-23,Paid Social,True,True
15650,2025-12-09,Paid Search,True,False
15651,2026-01-17,Paid Search,False,True
15652,2025-07-09,Direct,True,False
15653,2026-01-17,Organic Search,False,False
15654,2025-11-07,Direct,True,True
15655,2025-11-24,Direct,True,False
15656,2025-05-13,Paid Social,True,False
15657,2025-01-18,Direct,True,False
15658,2025-05-09,Paid Search,False,True
15659,2026-01-28,Email,True,False
15660,2025-01-20,Paid Search,True,False
15661,2025-10-29,Email,True,True
15662,2025-09-06,Paid Social,False,False
15663,2025-12-08,Paid Social,True,True
15664,2025-12-10,Paid Social,True,False
15665,2025-04-13,Organic Search,True,False
15666,2025-06-27,Direct,True,True
15667,2025-08-17,Direct,True,False
15668,2025-04-09,Email,True,False
15669,2025-01-10,Paid Social,True,False
15670,2025-08-11,Paid Search,True,False
15671,2025-05-13,Organic Search,True,True
15672,2025-04-21,Paid Search,False,False
15673,2025-06-13,Direct,False,True
15674,2025-08-11,Direct,True,False
15675,2026-01-24,Paid Social,True,False
15676,2025-04-11,Email,True,True
15677,2025-04-27,Direct,False,False
15678,2025-10-17,Email,True,False
15679,2025-07-30,Organic Search,False,False
15680,2025-09-18,Paid Search,True,False
15681,2025-01-26,Paid Social,False,False
15682,2025-07-05,Direct,True,True
15683,2025-01-15,Email,False,True
15684,2025-09-20,Organic Search,True,True
15685,2025-04-04,Email,True,False
15686,2025-02-21,Paid Search,True,False
15687,2026-01-05,Organic Search,True,False
15688,2026-01-29,Organic Search,False,False
15689,2025-01-22,Paid Search,True,False
15690,2025-06-13,Direct,False,True
15691,2026-01-03,Paid Search,True,False
15692,2025-10-23,Organic Search,False,False
15693,2025-11-27,Paid Search,False,False
15694,2025-11-29,Paid Search,False,True
15695,2025-11-04,Organic Search,False,True
15696,2025-12-10,Direct,False,True
15697,2025-03-30,Paid Search,False,False
15698,2025-01-05,Direct,True,True
15699,2025-08-28,Direct,True,True
15700,2026-01-30,Paid Social,True,False
15701,2025-10-08,Paid Social,True,False
15702,2025-07-22,Paid Social,False,False
15703,2025-04-28,Organic Search,True,False
15704,2025-02-28,Paid Social,True,True
15705,2025-08-06,Direct,False,False
15706,2025-02-09,Direct,False,True
15707,2025-04-12,Email,False,False
15708,2025-12-03,Paid Search,False,False
15709,2025-03-10,Direct,True,False
15710,2025-01-25,Paid Social,False,False
15711,2025-05-26,Email,True,False
15712,2025-03-12,Email,True,True
15713,2025-06-07,Organic Search,False,False
15714,2025-03-04,Paid Search,True,False
15715,2025-06-12,Paid Search,True,True
15716,2025-04-05,Organic Search,False,False
15717,2025-09-10,Direct,True,False
15718,2025-03-18,Email,False,False
15719,2025-03-21,Direct,False,False
15720,2025-12-02,Paid Search,True,True
15721,2025-02-13,Paid Search,True,False
15722,2025-04-18,Paid Search,False,False
15723,2025-04-24,Email,False,False
15724,2025-05-19,Paid Search,True,False
15725,2025-09-12,Organic Search,True,False
15726,2025-02-06,Paid Social,False,False
15727,2025-05-15,Email,False,False
15728,2026-02-03,Email,True,True
15729,2026-01-27,Email,True,False
15730,2026-02-01,Email,True,False
15731,2025-09-07,Email,False,False
15732,2025-03-05,Paid Search,True,False
15733,2025-08-02,Direct,False,True
15734,2025-02-13,Email,True,False
15735,2025-04-05,Paid Social,False,True
15736,2025-07-20,Direct,True,False
15737,2025-07-20,Paid Search,True,False
15738,2026-01-22,Organic Search,True,False
15739,2025-10-11,Email,True,True
15740,2025-11-29,Email,True,False
15741,2025-06-19,Paid Social,True,True
15742,2025-02-25,Direct,True,False
15743,2025-09-10,Direct,True,True
15744,2025-09-13,Organic Search,False,False
15745,2025-06-19,Direct,True,False
15746,2025-02-12,Paid Search,False,True
15747,2025-02-17,Organic Search,False,True
15748,2025-10-28,Paid Social,True,False
15749,2025-01-27,Paid Social,False,False
15750,2025-06-29,Direct,True,False
15751,2025-08-09,Paid Social,True,False
15752,2025-11-30,Paid Search,True,False
15753,2025-11-25,Paid Search,True,False
15754,2025-11-28,Email,True,False
15755,2025-10-29,Organic Search,False,False
15756,2025-08-30,Organic Search,True,False
15757,2025-05-01,Organic Search,True,False
15758,2025-01-18,Paid Search,True,False
15759,2025-11-17,Email,True,True
15760,2025-12-21,Direct,True,True
15761,2025-12-16,Paid Social,True,False
15762,2025-09-23,Email,True,True
15763,2026-02-01,Paid Social,True,False
15764,2025-04-20,Organic Search,False,False
15765,2025-12-29,Paid Social,True,True
15766,2025-11-17,Direct,True,False
15767,2025-04-09,Email,True,False
15768,2025-09-04,Email,True,False
15769,2025-12-07,Organic Search,True,False
15770,2025-06-15,Organic Search,False,False
15771,2025-12-07,Paid Search,True,True
15772,2025-08-22,Direct,True,False
15773,2026-01-12,Direct,False,False
15774,2025-11-30,Direct,True,True
15775,2025-07-25,Paid Search,False,True
15776,2025-03-18,Paid Social,True,False
15777,2025-05-16,Organic Search,True,True
15778,2025-06-12,Paid Social,True,True
15779,2025-01-30,Paid Search,True,False
15780,2026-01-23,Organic Search,True,True
15781,2025-04-26,Direct,False,True
15782,2025-08-14,Paid Search,True,False
15783,2025-06-05,Paid Search,True,False
15784,2025-06-01,Direct,False,True
15785,2025-08-23,Organic Search,False,True
15786,2025-12-21,Paid Social,False,False
15787,2025-02-10,Organic Search,False,False
15788,2025-03-26,Paid Search,True,False
15789,2025-09-17,Direct,True,True
15790,2025-08-01,Email,True,True
15791,2025-01-02,Paid Search,False,True
15792,2025-05-01,Organic Search,True,False
15793,2025-03-23,Organic Search,True,False
15794,2025-01-31,Paid Search,True,False
15795,2025-05-24,Organic Search,True,False
15796,2025-02-21,Email,True,False
15797,2025-08-06,Paid Search,True,False
15798,2025-08-16,Paid Search,False,True
15799,2025-08-27,Email,True,False
15800,2025-06-21,Paid Social,False,True
15801,2025-09-13,Email,False,False
15802,2025-04-01,Paid Social,True,False
15803,2025-08-06,Direct,True,True
15804,2025-02-04,Direct,True,True
15805,2025-12-28,Email,False,False
15806,2025-04-14,Direct,True,False
15807,2025-09-30,Organic Search,True,False
15808,2025-05-16,Paid Social,False,False
15809,2025-05-18,Organic Search,False,False
15810,2025-02-22,Paid Social,True,False
15811,2025-12-24,Paid Social,False,True
15812,2025-07-14,Paid Social,True,True
15813,2025-12-05,Email,False,False
15814,2025-12-25,Paid Search,True,True
15815,2025-11-29,Paid Search,False,False
15816,2025-10-28,Paid Search,True,False
15817,2026-01-09,Email,False,True
15818,2025-12-23,Paid Social,True,False
15819,2025-11-09,Paid Search,False,False
15820,2025-05-13,Paid Search,True,False
15821,2025-10-31,Paid Social,True,False
15822,2025-05-27,Email,True,True
15823,2026-01-05,Direct,True,False
15824,2025-07-10,Paid Social,True,False
15825,2025-11-22,Paid Search,False,False
15826,2025-08-02,Organic Search,True,False
15827,2025-03-20,Direct,False,False
15828,2025-11-19,Organic Search,False,True
15829,2025-05-31,Organic Search,True,False
15830,2025-07-26,Paid Search,True,True
15831,2025-05-16,Organic Search,False,True
15832,2025-07-09,Paid Search,False,False
15833,2025-09-08,Paid Search,False,False
15834,2025-02-23,Paid Search,True,False
15835,2025-02-20,Email,False,True
15836,2025-06-19,Paid Social,False,False
15837,2026-01-02,Organic Search,True,False
15838,2025-11-14,Organic Search,True,False
15839,2025-06-23,Paid Search,True,False
15840,2025-12-02,Direct,True,False
15841,2025-12-29,Organic Search,True,False
15842,2025-03-01,Paid Social,False,True
15843,2025-10-11,Organic Search,True,False
15844,2026-02-03,Email,True,True
15845,2025-01-31,Organic Search,True,False
15846,2025-07-02,Paid Social,False,True
15847,2025-06-24,Paid Social,True,True
15848,2025-04-02,Direct,True,False
15849,2025-04-14,Direct,False,True
15850,2025-03-22,Organic Search,True,False
15851,2025-08-09,Direct,True,False
15852,2026-01-05,Paid Search,True,True
15853,2025-03-25,Email,True,True
15854,2025-04-03,Organic Search,False,True
15855,2025-02-11,Paid Social,False,True
15856,2025-06-23,Direct,True,True
15857,2025-07-29,Paid Social,False,False
15858,2025-09-19,Organic Search,True,True
15859,2025-08-04,Email,False,True
15860,2025-01-11,Paid Search,False,False
15861,2025-05-29,Email,False,False
15862,2025-09-03,Paid Social,True,False
15863,2025-08-09,Direct,False,False
15864,2025-04-26,Organic Search,True,False
15865,2025-01-01,Organic Search,False,False
15866,2025-11-28,Paid Search,False,True
15867,2025-10-26,Email,True,False
15868,2025-01-28,Email,True,False
15869,2025-08-22,Email,True,True
15870,2025-07-14,Paid Search,False,False
15871,2025-10-26,Organic Search,False,False
15872,2025-01-11,Organic Search,True,False
15873,2025-04-06,Organic Search,True,False
15874,2025-11-20,Organic Search,True,False
15875,2025-12-29,Paid Social,True,False
15876,2025-01-17,Paid Social,True,True
15877,2025-02-06,Email,True,False
15878,2025-11-23,Direct,True,False
15879,2025-10-29,Paid Search,True,False
15880,2025-11-08,Email,True,False
15881,2025-05-14,Email,True,False
15882,2025-08-09,Direct,True,True
15883,2025-12-29,Direct,True,False
15884,2025-01-12,Direct,False,False
15885,2025-12-08,Email,True,False
15886,2025-07-07,Paid Social,True,False
15887,2025-02-16,Direct,False,False
15888,2026-02-03,Paid Search,False,False
15889,2025-11-30,Direct,False,True
15890,2025-02-08,Paid Search,False,False
15891,2025-01-13,Direct,True,True
15892,2025-04-21,Paid Search,False,False
15893,2025-10-30,Direct,False,True
15894,2025-05-12,Paid Social,False,False
15895,2025-03-16,Email,True,False
15896,2025-10-25,Paid Search,True,False
15897,2025-09-09,Paid Social,True,False
15898,2025-01-05,Paid Search,False,True
15899,2025-07-21,Paid Search,False,False
15900,2025-10-26,Organic Search,True,False
15901,2025-12-07,Organic Search,False,True
15902,2025-12-31,Organic Search,True,False
15903,2025-03-06,Paid Social,True,False
15904,2025-05-05,Paid Search,False,True
15905,2025-09-21,Paid Search,True,True
15906,2025-08-06,Organic Search,True,False
15907,2025-08-03,Paid Search,True,True
15908,2025-09-02,Paid Search,False,True
15909,2025-03-06,Paid Search,True,False
15910,2025-04-22,Organic Search,True,False
15911,2025-04-04,Organic Search,False,False
15912,2025-12-21,Paid Search,False,False
15913,2025-11-25,Email,False,False
15914,2025-12-11,Direct,True,False
15915,2025-01-06,Paid Search,True,False
15916,2025-05-22,Direct,True,True
15917,2026-01-18,Email,True,False
15918,2025-09-06,Paid Search,True,False
15919,2025-09-13,Paid Search,False,False
15920,2025-11-20,Organic Search,False,False
15921,2025-09-29,Direct,False,True
15922,2025-04-17,Organic Search,True,True
15923,2025-01-21,Direct,False,False
15924,2025-02-15,Organic Search,False,False
15925,2025-05-06,Paid Social,True,False
15926,2025-12-23,Direct,True,False
15927,2026-01-19,Direct,True,False
15928,2025-02-01,Paid Search,True,False
15929,2025-08-05,Paid Search,False,False
15930,2025-06-13,Paid Social,False,True
15931,2025-10-08,Direct,False,False
15932,2025-10-02,Paid Search,False,True
15933,2025-02-16,Direct,True,False
15934,2025-07-29,Paid Search,True,False
15935,2025-02-11,Organic Search,False,False
15936,2025-09-18,Email,True,False
15937,2025-04-14,Paid Social,True,False
15938,2025-03-24,Email,False,False
15939,2025-12-28,Paid Social,True,False
15940,2025-05-02,Email,True,False
15941,2025-09-14,Paid Social,False,False
15942,2025-12-24,Paid Search,True,True
15943,2025-12-21,Paid Search,True,True
15944,2025-12-17,Paid Search,True,True
15945,2025-05-16,Paid Social,False,False
15946,2025-01-22,Organic Search,True,False
15947,2025-04-10,Direct,True,False
15948,2025-10-16,Paid Social,True,False
15949,2025-10-13,Paid Search,True,True
15950,2025-06-02,Organic Search,True,False
15951,2025-05-06,Paid Social,False,True
15952,2025-11-19,Email,True,True
15953,2025-05-26,Direct,True,False
15954,2025-01-16,Paid Social,True,False
15955,2025-03-23,Email,False,False
15956,2026-01-14,Paid Search,True,False
15957,2025-06-23,Organic Search,True,False
15958,2025-06-27,Organic Search,False,False
15959,2025-07-11,Paid Social,False,False
15960,2025-03-20,Paid Social,False,False
15961,2025-03-18,Direct,True,False
15962,2025-05-04,Paid Search,True,False
15963,2026-01-22,Paid Social,False,False
15964,2025-06-06,Paid Social,True,False
15965,2025-03-28,Paid Search,False,True
15966,2025-03-05,Paid Search,True,True
15967,2025-01-11,Paid Search,True,False
15968,2025-11-24,Direct,False,True
15969,2026-01-25,Paid Search,False,False
15970,2026-01-08,Organic Search,True,True
15971,2025-03-31,Paid Search,False,False
15972,2025-06-22,Paid Search,True,False
15973,2025-05-05,Paid Search,True,True
15974,2025-02-10,Paid Search,True,False
15975,2025-07-11,Email,True,False
15976,2025-07-14,Paid Search,True,False
15977,2026-01-12,Organic Search,False,False
15978,2025-11-04,Paid Search,False,False
15979,2025-07-31,Email,False,True
15980,2025-08-02,Organic Search,False,True
15981,2025-08-29,Paid Social,False,True
15982,2025-11-05,Direct,False,False
15983,2025-03-30,Direct,False,False
15984,2025-11-17,Organic Search,False,True
15985,2025-12-10,Direct,False,False
15986,2025-05-23,Paid Search,False,False
15987,2025-12-23,Paid Social,True,True
15988,2025-02-28,Paid Social,True,False
15989,2026-01-01,Organic Search,True,False
15990,2025-10-24,Email,True,False
15991,2025-08-13,Direct,True,False
15992,2025-03-17,Organic Search,True,False
15993,2025-02-14,Organic Search,True,False
15994,2025-02-10,Direct,True,False
15995,2025-12-14,Direct,False,True
15996,2025-03-22,Organic Search,True,False
15997,2025-01-15,Email,False,False
15998,2025-08-04,Email,False,False
15999,2025-06-21,Paid Search,True,False
16000,2025-05-04,Organic Search,False,False
16001,2025-07-02,Email,False,False
16002,2025-04-28,Email,True,False
16003,2025-07-24,Paid Search,False,False
16004,2026-01-11,Direct,False,False
16005,2025-08-05,Paid Social,False,False
16006,2025-03-15,Paid Search,True,False
16007,2025-11-08,Email,True,True
16008,2025-02-24,Organic Search,True,False
16009,2025-02-14,Paid Search,True,False
16010,2025-09-04,Email,False,True
16011,2025-03-23,Direct,False,False
16012,2025-01-19,Direct,False,False
16013,2025-11-21,Direct,True,True
16014,2025-04-17,Paid Social,True,False
16015,2025-01-01,Paid Social,True,True
16016,2025-03-15,Paid Social,False,False
16017,2026-01-23,Direct,True,False
16018,2025-07-30,Paid Search,False,False
16019,2025-10-30,Paid Search,False,True
16020,2026-01-25,Direct,True,False
16021,2025-03-09,Email,False,False
16022,2025-06-09,Direct,False,False
16023,2025-11-04,Email,True,False
16024,2025-08-24,Organic Search,True,False
16025,2025-01-09,Paid Search,False,True
16026,2025-06-18,Email,True,False
16027,2025-08-28,Paid Social,True,False
16028,2025-07-03,Direct,False,True
16029,2025-09-04,Organic Search,True,False
16030,2026-01-10,Paid Social,False,False
16031,2025-10-11,Email,True,False
16032,2026-01-15,Paid Search,True,False
16033,2025-04-19,Email,False,False
16034,2025-09-07,Direct,False,False
16035,2025-03-13,Direct,False,True
16036,2025-12-25,Paid Search,False,True
16037,2026-01-02,Paid Social,True,False
16038,2025-05-19,Paid Social,True,False
16039,2026-02-02,Direct,True,False
16040,2026-01-10,Organic Search,True,False
16041,2026-01-09,Organic Search,True,False
16042,2025-11-25,Email,False,False
16043,2025-09-06,Paid Social,True,False
16044,2025-11-01,Email,False,False
16045,2025-04-08,Email,True,False
16046,2026-01-03,Paid Search,True,False
16047,2025-02-07,Paid Social,True,True
16048,2025-11-03,Direct,False,True
16049,2025-04-17,Paid Search,True,True
16050,2025-12-04,Organic Search,True,False
16051,2025-09-20,Direct,True,False
16052,2025-09-16,Paid Search,False,False
16053,2025-10-02,Email,True,False
16054,2025-02-11,Direct,True,False
16055,2025-12-21,Direct,True,False
16056,2025-12-08,Organic Search,False,False
16057,2025-08-09,Paid Search,False,False
16058,2025-09-01,Email,True,True
16059,2025-11-09,Paid Search,False,False
16060,2026-01-06,Paid Social,False,False
16061,2025-11-09,Paid Social,True,False
16062,2025-11-28,Direct,False,False
16063,2025-10-19,Paid Search,True,True
16064,2025-07-02,Direct,False,False
16065,2025-02-28,Email,False,False
16066,2025-01-23,Direct,True,False
16067,2025-06-11,Paid Social,False,False
16068,2025-02-07,Organic Search,False,True
16069,2025-11-12,Paid Social,False,False
16070,2026-01-29,Email,False,False
16071,2025-10-11,Direct,True,False
16072,2026-01-22,Organic Search,True,False
16073,2026-01-03,Email,True,False
16074,2025-06-07,Organic Search,True,False
16075,2025-10-09,Paid Search,True,False
16076,2025-12-28,Email,True,False
16077,2026-01-06,Organic Search,False,True
16078,2025-03-28,Organic Search,True,False
16079,2025-04-23,Direct,False,False
16080,2025-03-12,Email,False,False
16081,2025-11-30,Organic Search,True,False
16082,2025-03-29,Email,True,True
16083,2025-06-11,Email,True,True
16084,2026-01-23,Direct,True,True
16085,2025-11-30,Paid Search,True,False
16086,2025-04-16,Email,False,True
16087,2025-03-06,Direct,True,False
16088,2025-08-02,Direct,True,False
16089,2025-09-08,Direct,True,False
16090,2025-10-18,Direct,True,False
16091,2025-09-21,Paid Social,False,False
16092,2025-03-04,Organic Search,False,False
16093,2025-12-07,Email,True,True
16094,2025-09-07,Email,False,False
16095,2026-01-12,Email,False,False
16096,2025-03-20,Email,False,False
16097,2025-02-09,Paid Search,True,False
16098,2025-03-03,Paid Search,True,False
16099,2025-06-10,Email,False,False
16100,2025-01-13,Organic Search,True,False
16101,2025-07-12,Direct,False,False
16102,2025-02-03,Organic Search,True,False
16103,2025-08-06,Paid Search,True,False
16104,2025-05-06,Direct,False,False
16105,2025-07-18,Paid Search,True,False
16106,2025-12-29,Paid Search,True,False
16107,2025-03-21,Paid Search,True,False
16108,2026-01-06,Email,False,False
16109,2025-03-04,Paid Search,False,False
16110,2025-05-10,Direct,False,False
16111,2025-10-28,Paid Social,True,False
16112,2025-10-15,Paid Social,True,True
16113,2025-09-18,Organic Search,False,False
16114,2025-02-11,Organic Search,True,True
16115,2025-05-23,Organic Search,False,True
16116,2025-01-14,Direct,False,False
16117,2025-09-15,Paid Social,False,False
16118,2025-10-31,Paid Social,True,False
16119,2025-06-18,Email,True,False
16120,2025-11-03,Direct,False,False
16121,2025-04-29,Paid Social,False,True
16122,2025-11-22,Paid Search,False,False
16123,2025-10-19,Email,True,False
16124,2025-01-13,Email,False,False
16125,2025-05-24,Organic Search,True,True
16126,2025-08-28,Paid Social,True,False
16127,2025-08-01,Paid Social,False,False
16128,2025-03-17,Paid Social,True,True
16129,2025-02-21,Paid Search,True,False
16130,2025-03-22,Organic Search,False,False
16131,2025-01-31,Paid Search,True,False
16132,2025-03-06,Direct,True,True
16133,2025-02-21,Paid Search,False,False
16134,2025-05-17,Organic Search,False,False
16135,2025-11-28,Email,False,False
16136,2025-06-12,Organic Search,True,True
16137,2025-10-11,Paid Search,False,False
16138,2025-10-04,Email,False,False
16139,2025-07-04,Email,True,False
16140,2025-07-27,Direct,False,True
16141,2025-05-19,Email,True,False
16142,2025-06-01,Direct,True,False
16143,2025-04-06,Direct,True,False
16144,2026-01-08,Email,False,False
16145,2025-12-23,Paid Social,True,False
16146,2025-12-07,Direct,False,True
16147,2026-01-25,Direct,False,True
16148,2025-09-10,Paid Social,True,True
16149,2025-04-09,Direct,True,False
16150,2025-03-02,Direct,True,False
16151,2025-01-28,Email,False,False
16152,2025-06-25,Paid Social,True,True
16153,2025-10-09,Organic Search,True,False
16154,2026-01-18,Paid Search,False,True
16155,2025-08-19,Paid Social,False,False
16156,2025-11-02,Email,True,True
16157,2025-10-22,Paid Search,False,True
16158,2025-01-08,Paid Social,True,False
16159,2025-08-18,Email,True,False
16160,2025-06-02,Organic Search,True,True
16161,2025-09-15,Paid Search,True,False
16162,2025-09-05,Direct,True,False
16163,2025-09-18,Paid Social,False,True
16164,2025-02-13,Organic Search,False,True
16165,2026-01-04,Paid Search,True,False
16166,2026-01-22,Paid Social,False,True
16167,2026-01-05,Paid Search,True,True
16168,2025-06-12,Paid Search,True,False
16169,2025-05-06,Organic Search,False,False
16170,2025-01-18,Organic Search,True,False
16171,2025-11-11,Direct,False,False
16172,2025-09-03,Email,True,False
16173,2025-01-25,Paid Search,True,False
16174,2025-10-22,Email,True,False
16175,2025-06-29,Paid Social,True,False
16176,2025-07-18,Email,True,False
16177,2025-01-30,Direct,True,False
16178,2025-11-03,Email,True,False
16179,2025-05-15,Direct,True,False
16180,2025-11-13,Paid Search,True,False
16181,2025-01-18,Paid Search,True,False
16182,2025-04-20,Paid Social,True,False
16183,2025-07-10,Direct,False,False
16184,2025-01-26,Paid Social,True,False
16185,2025-09-11,Paid Social,False,True
16186,2025-05-30,Direct,True,False
16187,2025-04-19,Paid Social,True,False
16188,2025-09-20,Organic Search,True,False
16189,2025-04-14,Email,True,False
16190,2025-04-08,Paid Social,False,False
16191,2025-06-12,Paid Search,True,False
16192,2025-03-31,Organic Search,True,False
16193,2025-09-22,Paid Social,True,False
16194,2025-07-30,Paid Search,True,False
16195,2025-07-05,Organic Search,False,True
16196,2025-08-25,Paid Search,True,False
16197,2025-10-04,Paid Search,True,False
16198,2025-04-29,Paid Search,False,False
16199,2026-01-21,Organic Search,True,False
16200,2025-05-02,Direct,False,False
16201,2025-12-05,Direct,False,False
16202,2025-01-09,Email,True,False
16203,2025-12-20,Paid Search,True,False
16204,2025-04-07,Direct,False,False
16205,2026-01-29,Organic Search,True,False
16206,2025-01-20,Direct,False,True
16207,2025-09-07,Organic Search,False,True
16208,2025-10-02,Organic Search,True,False
16209,2025-04-11,Paid Social,False,False
16210,2025-02-15,Paid Search,False,False
16211,2025-11-21,Direct,True,False
16212,2025-08-17,Paid Social,False,False
16213,2025-12-12,Organic Search,False,False
16214,2026-01-17,Paid Search,False,False
16215,2026-01-12,Organic Search,True,False
16216,2025-08-04,Organic Search,True,True
16217,2025-01-23,Direct,False,False
16218,2025-11-04,Paid Search,True,False
16219,2025-12-27,Organic Search,False,True
16220,2025-05-26,Paid Social,True,False
16221,2025-05-04,Email,False,False
16222,2025-05-05,Paid Social,True,False
16223,2025-05-22,Email,False,False
16224,2025-02-26,Email,True,False
16225,2025-12-19,Direct,False,False
16226,2025-05-30,Paid Social,False,False
16227,2025-05-17,Organic Search,False,True
16228,2025-04-18,Direct,True,False
16229,2025-09-15,Organic Search,False,True
16230,2025-02-22,Direct,True,False
16231,2025-07-18,Paid Search,True,False
16232,2025-07-10,Paid Search,True,False
16233,2025-09-16,Paid Search,False,False
16234,2025-05-12,Organic Search,False,False
16235,2025-12-01,Paid Social,True,True
16236,2025-01-27,Direct,True,False
16237,2025-03-14,Organic Search,True,False
16238,2025-02-07,Email,True,False
16239,2025-01-01,Paid Social,True,True
16240,2026-01-03,Email,False,False
16241,2025-12-11,Direct,True,False
16242,2025-04-08,Email,False,False
16243,2025-02-03,Direct,False,False
16244,2025-03-23,Paid Social,True,False
16245,2025-03-17,Paid Search,True,True
16246,2025-11-30,Paid Social,True,False
16247,2025-08-12,Paid Social,False,False
16248,2025-10-28,Paid Social,True,False
16249,2026-01-15,Paid Search,True,True
16250,2025-04-15,Direct,True,False
16251,2025-12-27,Direct,False,False
16252,2025-12-20,Direct,True,False
16253,2025-07-08,Organic Search,True,False
16254,2025-05-31,Organic Search,False,False
16255,2025-05-27,Email,True,True
16256,2025-06-16,Paid Social,True,False
16257,2025-04-21,Paid Search,True,False
16258,2025-06-07,Email,True,True
16259,2026-01-09,Direct,True,True
16260,2025-12-14,Direct,False,True
16261,2025-02-08,Organic Search,True,True
16262,2025-07-10,Paid Search,True,True
16263,2025-11-10,Organic Search,True,False
16264,2025-06-10,Paid Search,False,False
16265,2026-01-09,Email,False,False
16266,2025-10-22,Paid Search,True,False
16267,2025-04-13,Email,True,True
16268,2025-07-07,Email,False,False
16269,2025-07-25,Organic Search,False,True
16270,2025-02-22,Email,True,True
16271,2025-04-04,Paid Search,False,False
16272,2025-05-06,Email,True,True
16273,2025-04-25,Paid Search,True,False
16274,2025-01-25,Paid Social,False,False
16275,2025-12-26,Organic Search,False,False
16276,2026-01-17,Organic Search,True,False
16277,2025-06-28,Paid Social,False,True
16278,2025-08-14,Paid Search,True,False
16279,2025-05-02,Organic Search,True,False
16280,2025-10-16,Direct,True,False
16281,2025-08-14,Paid Social,True,False
16282,2025-12-29,Paid Search,True,False
16283,2025-10-13,Email,True,False
16284,2025-12-26,Organic Search,False,False
16285,2025-05-27,Paid Social,True,False
16286,2026-02-02,Direct,False,True
16287,2025-10-17,Organic Search,False,False
16288,2025-10-28,Organic Search,True,True
16289,2026-01-05,Direct,True,False
16290,2025-06-13,Paid Social,False,False
16291,2025-12-31,Email,True,True
16292,2025-12-12,Organic Search,False,False
16293,2025-04-05,Direct,False,False
16294,2025-08-08,Paid Search,True,True
16295,2025-04-24,Email,True,True
16296,2025-10-14,Paid Search,True,False
16297,2025-02-18,Organic Search,True,False
16298,2026-01-04,Email,False,False
16299,2025-06-14,Direct,True,False
16300,2025-03-13,Paid Social,False,True
16301,2025-09-17,Paid Search,True,False
16302,2025-05-17,Paid Social,True,False
16303,2025-11-27,Paid Search,True,False
16304,2025-07-24,Direct,True,False
16305,2025-06-26,Email,True,False
16306,2025-10-30,Direct,True,True
16307,2025-01-17,Paid Search,True,False
16308,2025-11-02,Direct,True,False
16309,2025-09-24,Paid Search,True,True
16310,2025-02-05,Paid Social,True,False
16311,2025-03-20,Paid Social,True,True
16312,2025-05-18,Paid Search,False,False
16313,2025-08-27,Paid Search,True,False
16314,2025-11-02,Paid Social,True,False
16315,2025-09-28,Paid Search,False,False
16316,2025-07-31,Organic Search,True,False
16317,2025-09-24,Paid Social,False,True
16318,2025-06-04,Paid Social,False,False
16319,2025-05-08,Paid Social,True,True
16320,2025-10-17,Paid Social,True,True
16321,2025-06-10,Direct,True,True
16322,2025-05-28,Paid Search,True,True
16323,2025-04-19,Email,True,False
16324,2025-01-18,Paid Search,True,False
16325,2025-05-29,Paid Social,True,False
16326,2025-05-11,Email,True,False
16327,2025-07-21,Paid Social,False,True
16328,2025-08-05,Direct,True,False
16329,2025-04-16,Paid Social,True,False
16330,2025-12-03,Email,True,False
16331,2025-10-29,Organic Search,True,False
16332,2025-11-27,Paid Social,True,False
16333,2025-12-15,Email,False,False
16334,2025-09-22,Organic Search,True,False
16335,2025-11-03,Paid Search,True,False
16336,2025-10-22,Paid Search,True,False
16337,2025-06-25,Direct,True,False
16338,2025-07-26,Direct,True,False
16339,2025-03-14,Paid Social,True,False
16340,2025-12-18,Paid Search,True,False
16341,2025-08-18,Paid Social,True,True
16342,2025-03-10,Paid Search,True,False
16343,2025-07-01,Paid Search,True,False
16344,2025-07-26,Organic Search,False,False
16345,2025-12-04,Email,True,False
16346,2025-10-26,Email,True,False
16347,2025-11-15,Direct,False,True
16348,2025-07-05,Organic Search,False,False
16349,2025-01-01,Organic Search,True,False
16350,2025-07-30,Paid Social,True,False
16351,2025-11-29,Direct,True,False
16352,2025-07-29,Paid Social,False,False
16353,2025-05-21,Email,True,True
16354,2025-03-22,Paid Search,True,False
16355,2025-09-02,Paid Social,True,True
16356,2025-11-11,Email,True,True
16357,2025-03-29,Paid Social,False,False
16358,2025-04-05,Paid Social,False,False
16359,2025-01-22,Paid Search,False,False
16360,2025-10-18,Paid Search,True,False
16361,2026-01-29,Organic Search,True,False
16362,2025-06-08,Organic Search,False,False
16363,2026-01-04,Paid Search,False,True
16364,2025-10-20,Direct,True,False
16365,2025-08-19,Paid Social,True,False
16366,2025-10-01,Paid Social,True,True
16367,2025-04-28,Direct,True,False
16368,2025-04-15,Paid Social,False,False
16369,2025-10-12,Paid Search,True,True
16370,2025-12-23,Organic Search,True,True
16371,2025-12-13,Direct,False,False
16372,2025-12-05,Paid Social,True,False
16373,2025-11-10,Organic Search,True,False
16374,2026-02-04,Direct,True,True
16375,2026-01-25,Organic Search,True,True
16376,2025-03-25,Paid Search,True,False
16377,2025-07-07,Email,True,False
16378,2025-06-16,Paid Social,True,False
16379,2025-01-31,Paid Search,False,True
16380,2025-06-26,Email,True,True
16381,2025-06-14,Paid Search,True,False
16382,2025-02-26,Paid Social,False,False
16383,2025-11-20,Email,False,False
16384,2025-11-06,Email,True,False
16385,2025-09-23,Direct,False,False
16386,2026-02-04,Organic Search,False,False
16387,2025-07-25,Direct,True,False
16388,2025-12-24,Paid Social,True,False
16389,2025-07-06,Email,False,False
16390,2026-01-31,Direct,True,False
16391,2025-07-27,Email,True,True
16392,2025-06-13,Organic Search,False,False
16393,2025-04-03,Paid Social,True,True
16394,2025-01-14,Paid Social,False,False
16395,2025-05-25,Paid Search,True,True
16396,2026-01-04,Email,True,True
16397,2025-11-05,Email,True,False
16398,2025-03-04,Email,True,False
16399,2025-08-09,Organic Search,False,False
16400,2025-09-27,Direct,True,True
16401,2025-03-28,Paid Social,True,True
16402,2025-12-21,Email,True,True
16403,2025-12-30,Direct,False,False
16404,2025-04-17,Direct,False,False
16405,2025-10-27,Direct,True,False
16406,2026-01-12,Direct,False,False
16407,2025-10-07,Direct,False,False
16408,2026-02-02,Paid Search,True,True
16409,2025-07-24,Email,False,False
16410,2025-02-01,Email,True,False
16411,2025-03-05,Organic Search,True,False
16412,2026-01-28,Organic Search,True,False
16413,2025-08-16,Paid Social,True,False
16414,2025-05-04,Direct,True,True
16415,2025-09-24,Paid Social,False,False
16416,2025-02-05,Paid Search,False,False
16417,2025-06-22,Direct,False,False
16418,2025-08-27,Paid Social,True,True
16419,2025-05-03,Paid Social,True,True
16420,2025-11-04,Organic Search,True,False
16421,2025-06-21,Organic Search,True,True
16422,2025-04-12,Direct,True,True
16423,2025-09-09,Direct,True,True
16424,2025-12-01,Organic Search,True,False
16425,2025-07-06,Email,True,False
16426,2025-10-27,Organic Search,True,False
16427,2025-09-21,Paid Search,False,True
16428,2025-12-20,Paid Search,True,False
16429,2026-01-18,Organic Search,False,False
16430,2025-07-21,Direct,True,False
16431,2025-05-04,Paid Search,True,True
16432,2025-12-03,Paid Social,False,False
16433,2025-11-07,Paid Social,True,True
16434,2025-06-08,Paid Social,True,True
16435,2026-01-31,Direct,False,False
16436,2025-01-29,Organic Search,True,False
16437,2025-10-15,Organic Search,False,True
16438,2025-12-17,Email,True,False
16439,2025-11-08,Organic Search,True,False
16440,2025-07-26,Paid Social,True,False
16441,2025-12-11,Email,False,True
16442,2026-02-02,Paid Social,True,True
16443,2025-08-20,Paid Social,True,True
16444,2025-09-19,Paid Search,False,False
16445,2025-02-10,Direct,False,False
16446,2025-12-14,Direct,False,False
16447,2025-11-04,Paid Social,True,False
16448,2025-05-26,Paid Social,True,True
16449,2025-06-03,Paid Social,True,False
16450,2025-02-18,Paid Social,True,False
16451,2025-06-29,Organic Search,False,True
16452,2025-05-06,Organic Search,False,True
16453,2025-06-06,Email,True,False
16454,2025-06-27,Paid Search,True,True
16455,2025-11-25,Direct,True,False
16456,2025-09-13,Paid Search,False,True
16457,2026-01-30,Email,True,True
16458,2025-05-26,Paid Search,True,False
16459,2025-01-09,Paid Social,True,False
16460,2025-05-03,Direct,True,False
16461,2025-10-29,Paid Social,False,False
16462,2025-05-05,Paid Social,False,False
16463,2025-05-04,Email,True,False
16464,2025-03-25,Email,True,True
16465,2025-07-25,Direct,False,True
16466,2025-05-07,Paid Search,True,True
16467,2025-05-30,Organic Search,True,False
16468,2025-01-25,Paid Search,True,False
16469,2025-03-27,Paid Search,True,False
16470,2026-01-30,Paid Social,True,False
16471,2025-09-20,Paid Social,False,False
16472,2026-01-16,Paid Search,True,False
16473,2025-04-11,Organic Search,True,False
16474,2026-01-11,Email,True,False
16475,2025-12-14,Paid Social,False,True
16476,2025-07-08,Organic Search,False,False
16477,2025-08-01,Paid Social,True,False
16478,2025-10-09,Paid Search,True,True
16479,2025-01-24,Paid Search,True,False
16480,2026-01-13,Paid Search,True,False
16481,2025-03-08,Organic Search,True,False
16482,2025-06-04,Direct,True,True
16483,2025-09-26,Paid Social,False,False
16484,2025-10-31,Paid Search,True,False
16485,2025-06-01,Direct,False,False
16486,2025-11-18,Paid Search,True,True
16487,2025-06-06,Paid Social,False,False
16488,2025-06-28,Paid Search,False,False
16489,2025-01-18,Direct,False,False
16490,2025-07-06,Organic Search,False,True
16491,2025-07-05,Direct,True,False
16492,2025-02-16,Direct,True,True
16493,2025-10-24,Email,False,False
16494,2025-03-27,Paid Search,True,True
16495,2025-09-20,Paid Search,True,True
16496,2025-01-18,Direct,False,True
16497,2025-07-14,Paid Social,True,False
16498,2025-01-08,Direct,True,False
16499,2025-03-09,Organic Search,True,False
16500,2025-12-21,Organic Search,True,False
16501,2025-01-16,Paid Search,False,True
16502,2025-05-14,Email,True,True
16503,2025-01-30,Email,True,False
16504,2025-10-25,Direct,True,False
16505,2026-01-21,Paid Social,False,False
16506,2025-09-09,Paid Social,True,False
16507,2025-08-14,Email,True,False
16508,2025-11-15,Paid Social,False,True
16509,2025-12-01,Paid Social,False,False
16510,2025-01-23,Organic Search,False,False
16511,2025-08-02,Organic Search,False,False
16512,2025-06-09,Paid Search,False,False
16513,2025-12-31,Organic Search,False,False
16514,2025-10-09,Paid Search,False,False
16515,2025-11-02,Direct,False,False
16516,2025-09-30,Paid Social,True,True
16517,2026-01-13,Organic Search,False,False
16518,2025-07-18,Paid Search,False,False
16519,2025-12-03,Email,True,False
16520,2025-12-28,Paid Search,True,False
16521,2025-09-28,Email,True,True
16522,2025-06-25,Paid Social,True,True
16523,2026-01-23,Email,False,False
16524,2025-12-26,Email,False,False
16525,2025-12-06,Organic Search,True,True
16526,2025-06-17,Paid Social,False,True
16527,2025-04-06,Paid Social,True,False
16528,2025-07-02,Email,False,True
16529,2025-02-05,Email,True,True
16530,2025-10-28,Paid Social,False,False
16531,2025-12-25,Organic Search,True,False
16532,2025-02-10,Paid Social,False,False
16533,2025-02-10,Organic Search,True,False
16534,2025-01-02,Email,True,True
16535,2025-04-19,Direct,False,False
16536,2025-09-27,Paid Search,True,False
16537,2025-12-20,Paid Social,True,False
16538,2025-08-30,Paid Social,True,False
16539,2025-12-06,Organic Search,True,False
16540,2025-06-13,Email,True,False
16541,2025-08-01,Paid Social,False,False
16542,2025-06-09,Paid Search,True,False
16543,2025-03-25,Paid Search,False,True
16544,2025-02-09,Paid Social,False,True
16545,2025-02-23,Organic Search,False,False
16546,2025-04-18,Paid Search,True,True
16547,2025-01-10,Email,False,True
16548,2026-01-08,Paid Social,True,True
16549,2025-03-20,Email,False,False
16550,2025-08-27,Direct,True,False
16551,2025-07-01,Paid Social,True,False
16552,2025-03-27,Organic Search,True,True
16553,2026-02-05,Email,True,False
16554,2025-10-02,Direct,True,True
16555,2026-01-21,Paid Social,True,False
16556,2025-02-20,Organic Search,True,False
16557,2025-03-05,Paid Social,True,False
16558,2025-01-28,Paid Search,True,True
16559,2026-01-16,Direct,True,False
16560,2025-03-30,Email,True,True
16561,2025-08-08,Organic Search,False,False
16562,2025-09-18,Organic Search,False,False
16563,2025-07-03,Paid Search,False,False
16564,2025-11-22,Paid Search,False,True
16565,2025-05-17,Direct,False,False
16566,2025-07-04,Paid Search,True,True
16567,2025-12-13,Paid Search,False,True
16568,2026-01-18,Email,False,False
16569,2026-02-03,Email,False,True
16570,2025-03-04,Organic Search,True,False
16571,2025-08-20,Organic Search,True,False
16572,2025-01-23,Paid Search,False,False
16573,2025-11-25,Paid Search,True,False
16574,2025-10-27,Email,True,True
16575,2025-10-14,Direct,True,False
16576,2025-07-15,Organic Search,False,False
16577,2025-04-21,Organic Search,True,True
16578,2025-01-22,Direct,True,False
16579,2025-07-16,Email,True,False
16580,2025-08-20,Email,False,False
16581,2025-08-26,Organic Search,True,False
16582,2025-07-22,Paid Search,True,False
16583,2025-04-15,Paid Search,False,True
16584,2025-02-26,Email,False,False
16585,2025-08-04,Direct,False,True
16586,2025-05-05,Paid Social,True,True
16587,2025-03-07,Paid Social,False,False
16588,2026-01-12,Paid Social,True,False
16589,2025-07-03,Organic Search,False,True
16590,2025-10-29,Email,False,False
16591,2025-06-10,Paid Social,True,False
16592,2025-05-01,Paid Social,False,False
16593,2025-05-20,Email,True,False
16594,2025-01-28,Direct,False,True
16595,2025-08-02,Paid Social,True,False
16596,2025-07-04,Direct,True,False
16597,2025-12-19,Paid Search,False,False
16598,2025-04-06,Paid Social,False,False
16599,2025-08-16,Paid Search,False,False
16600,2025-10-29,Direct,False,False
16601,2025-03-02,Direct,True,False
16602,2025-04-21,Organic Search,True,False
16603,2025-05-14,Organic Search,True,False
16604,2025-10-02,Paid Search,True,False
16605,2025-09-09,Direct,False,False
16606,2025-09-03,Paid Search,True,False
16607,2025-06-12,Email,True,False
16608,2025-11-28,Organic Search,True,False
16609,2026-01-03,Paid Search,True,False
16610,2025-06-14,Paid Social,True,False
16611,2025-06-17,Direct,False,False
16612,2026-02-04,Paid Search,True,False
16613,2026-01-21,Paid Social,True,True
16614,2025-12-08,Organic Search,False,False
16615,2025-11-18,Direct,True,False
16616,2025-03-20,Email,True,True
16617,2026-01-15,Paid Search,False,False
16618,2025-03-16,Direct,False,True
16619,2025-02-04,Email,True,False
16620,2025-11-17,Paid Search,True,False
16621,2025-07-01,Direct,True,False
16622,2025-05-17,Paid Social,True,False
16623,2025-08-11,Organic Search,True,False
16624,2025-09-08,Email,False,True
16625,2025-05-15,Paid Search,True,True
16626,2025-08-08,Paid Social,False,False
16627,2025-09-12,Email,True,False
16628,2025-01-17,Direct,False,False
16629,2025-11-01,Paid Social,True,True
16630,2025-07-07,Direct,False,False
16631,2025-02-17,Direct,True,False
16632,2025-01-22,Paid Social,True,False
16633,2025-12-03,Email,True,True
16634,2025-06-08,Email,False,False
16635,2025-12-03,Paid Social,True,False
16636,2025-10-12,Paid Social,True,True
16637,2025-06-18,Email,True,False
16638,2025-08-10,Paid Search,True,False
16639,2025-07-17,Email,True,False
16640,2025-01-29,Paid Search,True,False
16641,2026-01-06,Organic Search,False,False
16642,2026-01-25,Paid Social,True,False
16643,2025-07-09,Organic Search,False,False
16644,2025-09-10,Direct,True,False
16645,2025-04-10,Email,False,False
16646,2025-09-22,Email,True,False
16647,2025-05-01,Organic Search,False,True
16648,2026-01-12,Paid Social,False,True
16649,2026-01-04,Paid Search,True,False
16650,2025-03-06,Direct,True,False
16651,2025-10-19,Email,True,False
16652,2025-11-09,Paid Social,True,True
16653,2025-06-27,Organic Search,False,False
16654,2025-04-29,Paid Social,True,True
16655,2025-07-23,Paid Search,False,False
16656,2025-04-14,Paid Social,True,True
16657,2025-10-15,Paid Search,True,False
16658,2025-10-21,Paid Search,True,False
16659,2026-01-09,Direct,False,False
16660,2026-01-27,Direct,False,False
16661,2026-01-13,Email,False,False
16662,2025-05-31,Organic Search,False,True
16663,2025-11-19,Paid Search,False,False
16664,2026-02-02,Direct,True,False
16665,2025-12-20,Email,True,True
16666,2025-12-02,Direct,False,False
16667,2025-05-03,Paid Search,False,False
16668,2025-03-04,Paid Social,False,True
16669,2025-11-01,Organic Search,True,False
16670,2025-09-17,Organic Search,False,False
16671,2025-07-03,Paid Social,True,False
16672,2025-03-07,Paid Social,True,False
16673,2025-07-30,Email,False,False
16674,2025-01-30,Organic Search,False,True
16675,2025-12-17,Paid Search,True,True
16676,2025-02-12,Direct,False,True
16677,2025-05-08,Paid Search,True,True
16678,2025-07-23,Direct,False,False
16679,2025-06-04,Paid Search,False,False
16680,2025-08-26,Email,True,False
16681,2025-11-09,Email,False,True
16682,2025-09-28,Email,True,False
16683,2025-02-11,Paid Search,True,False
16684,2025-12-29,Paid Search,True,False
16685,2025-12-04,Email,False,False
16686,2025-01-31,Email,False,False
16687,2025-11-20,Paid Search,True,False
16688,2025-06-14,Organic Search,True,False
16689,2025-06-25,Email,False,False
16690,2025-04-28,Email,False,False
16691,2025-07-22,Email,False,False
16692,2025-11-09,Email,True,True
16693,2025-06-10,Paid Social,True,False
16694,2025-01-15,Email,True,False
16695,2025-08-30,Organic Search,True,True
16696,2026-01-16,Paid Social,False,False
16697,2025-07-27,Paid Social,False,True
16698,2025-11-11,Paid Social,True,False
16699,2025-01-01,Email,False,False
16700,2025-12-18,Paid Social,False,False
16701,2025-09-26,Paid Social,False,False
16702,2025-10-13,Organic Search,True,False
16703,2025-02-06,Organic Search,True,False
16704,2025-09-22,Organic Search,True,False
16705,2025-07-26,Paid Social,True,False
16706,2025-07-28,Paid Social,True,False
16707,2026-01-17,Paid Search,True,False
16708,2025-11-13,Direct,False,False
16709,2025-10-18,Paid Search,False,False
16710,2025-03-20,Email,True,False
16711,2025-02-03,Direct,False,True
16712,2025-07-12,Paid Search,False,False
16713,2025-02-28,Direct,True,False
16714,2025-11-03,Paid Search,True,False
16715,2026-01-04,Direct,False,False
16716,2025-08-04,Email,True,False
16717,2025-10-07,Email,False,False
16718,2025-02-08,Paid Social,False,True
16719,2026-01-28,Paid Social,True,False
16720,2025-10-24,Direct,True,False
16721,2025-04-25,Organic Search,True,False
16722,2025-06-11,Email,True,False
16723,2026-01-22,Direct,False,False
16724,2025-12-24,Paid Search,False,False
16725,2025-12-23,Email,True,False
16726,2025-09-27,Paid Search,True,False
16727,2025-09-27,Paid Search,False,False
16728,2025-12-25,Email,False,False
16729,2025-04-04,Direct,True,True
16730,2026-01-22,Organic Search,True,False
16731,2025-10-30,Paid Search,True,True
16732,2025-07-06,Paid Social,False,False
16733,2025-12-03,Email,False,False
16734,2025-07-15,Direct,False,False
16735,2025-10-27,Direct,False,False
16736,2025-05-16,Email,False,False
16737,2025-11-11,Email,False,False
16738,2025-05-06,Organic Search,True,False
16739,2025-11-03,Direct,True,False
16740,2025-05-17,Paid Search,True,False
16741,2025-08-11,Email,True,True
16742,2025-04-11,Paid Search,True,False
16743,2025-09-12,Email,True,False
16744,2025-11-18,Organic Search,True,False
16745,2025-03-01,Paid Social,False,False
16746,2025-05-09,Email,True,False
16747,2025-06-10,Paid Search,True,False
16748,2025-09-29,Paid Social,True,True
16749,2025-06-30,Paid Search,True,True
16750,2025-05-01,Paid Social,True,True
16751,2025-12-06,Paid Search,True,True
16752,2025-12-19,Email,False,False
16753,2025-08-12,Organic Search,False,False
16754,2025-12-19,Organic Search,True,False
16755,2025-12-29,Email,True,False
16756,2025-02-09,Organic Search,False,False
16757,2025-03-31,Paid Search,True,False
16758,2025-01-01,Direct,False,False
16759,2025-06-26,Paid Social,False,False
16760,2025-02-22,Direct,True,False
16761,2025-02-13,Paid Social,False,True
16762,2025-07-15,Paid Search,False,False
16763,2025-07-22,Organic Search,True,True
16764,2025-12-06,Direct,False,False
16765,2025-04-03,Paid Search,True,False
16766,2025-02-01,Direct,True,True
16767,2025-10-10,Email,False,False
16768,2025-02-11,Paid Social,False,False
16769,2025-06-10,Paid Social,True,False
16770,2025-12-22,Paid Search,False,True
16771,2026-01-07,Direct,True,False
16772,2026-01-28,Email,False,False
16773,2025-11-10,Paid Social,True,True
16774,2025-10-16,Paid Social,True,False
16775,2025-03-16,Paid Social,True,False
16776,2025-11-27,Paid Search,True,False
16777,2025-12-13,Organic Search,True,False
16778,2025-03-13,Paid Search,True,True
16779,2025-11-09,Direct,True,False
16780,2025-12-25,Paid Search,True,False
16781,2025-07-17,Email,True,False
16782,2025-08-04,Paid Social,False,False
16783,2025-03-16,Paid Search,True,False
16784,2025-01-01,Organic Search,False,True
16785,2025-03-10,Paid Social,True,False
16786,2025-10-28,Paid Search,True,False
16787,2025-03-14,Organic Search,False,False
16788,2026-02-01,Organic Search,True,False
16789,2025-10-25,Paid Social,True,False
16790,2025-09-03,Organic Search,False,False
16791,2025-04-18,Paid Social,True,True
16792,2025-09-08,Paid Social,True,True
16793,2025-01-18,Organic Search,True,False
16794,2025-10-19,Direct,False,False
16795,2025-07-20,Paid Social,True,True
16796,2025-10-17,Paid Social,False,False
16797,2025-10-11,Direct,True,True
16798,2025-06-28,Organic Search,True,True
16799,2025-01-24,Organic Search,False,False
16800,2025-08-10,Paid Social,False,True
16801,2025-10-12,Paid Social,True,False
16802,2025-02-18,Organic Search,False,True
16803,2026-01-24,Direct,True,False
16804,2026-01-13,Direct,True,True
16805,2025-11-16,Paid Social,True,False
16806,2025-07-14,Paid Search,False,True
16807,2025-03-19,Direct,False,False
16808,2025-01-19,Paid Search,False,False
16809,2025-12-04,Email,False,True
16810,2025-05-14,Organic Search,True,False
16811,2025-11-30,Paid Search,True,True
16812,2025-07-07,Organic Search,False,False
16813,2026-01-02,Email,True,False
16814,2025-11-17,Organic Search,True,False
16815,2025-08-14,Organic Search,True,False
16816,2025-12-22,Organic Search,True,False
16817,2025-08-04,Paid Search,False,False
16818,2025-12-18,Organic Search,False,False
16819,2025-05-29,Paid Search,True,False
16820,2025-04-05,Organic Search,True,True
16821,2025-04-01,Direct,True,False
16822,2025-09-05,Direct,False,False
16823,2025-02-27,Organic Search,True,False
16824,2025-07-07,Organic Search,True,False
16825,2025-05-08,Email,False,False
16826,2025-12-05,Email,False,False
16827,2025-02-15,Paid Search,True,True
16828,2025-11-09,Organic Search,True,False
16829,2025-12-30,Paid Social,True,True
16830,2025-11-21,Email,True,True
16831,2025-04-11,Paid Search,True,False
16832,2025-09-12,Paid Search,False,False
16833,2025-07-16,Organic Search,True,False
16834,2025-03-27,Email,False,False
16835,2025-06-28,Direct,False,True
16836,2025-11-26,Paid Social,True,False
16837,2025-06-16,Paid Social,True,False
16838,2025-02-26,Email,True,False
16839,2025-06-08,Paid Social,True,False
16840,2026-01-11,Paid Search,False,False
16841,2025-02-13,Email,False,False
16842,2025-02-06,Direct,False,True
16843,2025-11-13,Email,False,True
16844,2025-11-12,Paid Social,False,False
16845,2025-08-17,Organic Search,True,False
16846,2026-02-03,Paid Search,True,False
16847,2025-05-09,Paid Social,True,True
16848,2025-05-17,Paid Search,True,True
16849,2025-07-07,Email,True,True
16850,2025-05-16,Paid Search,True,False
16851,2025-03-14,Organic Search,True,False
16852,2025-11-18,Paid Search,True,False
16853,2025-11-07,Paid Social,False,False
16854,2025-06-30,Email,True,False
16855,2025-01-28,Paid Social,True,False
16856,2025-11-11,Paid Search,True,False
16857,2025-03-01,Paid Search,True,False
16858,2025-04-25,Direct,True,False
16859,2025-06-02,Organic Search,True,False
16860,2025-12-18,Email,True,False
16861,2025-06-18,Direct,True,False
16862,2025-02-27,Paid Search,True,False
16863,2025-07-07,Paid Search,False,False
16864,2025-08-29,Paid Search,False,True
16865,2025-04-16,Email,True,False
16866,2025-08-28,Paid Search,True,False
16867,2025-10-09,Paid Search,True,False
16868,2026-01-21,Paid Search,True,True
16869,2025-10-13,Direct,True,False
16870,2025-12-27,Paid Social,False,False
16871,2025-11-30,Email,True,False
16872,2025-04-27,Email,False,False
16873,2025-10-17,Email,True,False
16874,2025-07-23,Paid Social,True,False
16875,2025-01-30,Paid Social,False,True
16876,2025-01-10,Paid Social,True,False
16877,2025-02-22,Direct,False,False
16878,2025-03-11,Paid Search,True,False
16879,2025-10-09,Paid Search,True,False
16880,2025-06-26,Direct,True,False
16881,2025-10-16,Organic Search,True,False
16882,2025-10-31,Paid Search,True,True
16883,2025-09-25,Organic Search,False,False
16884,2026-01-14,Paid Social,True,False
16885,2025-12-12,Email,True,False
16886,2026-01-27,Paid Social,True,True
16887,2025-08-12,Organic Search,True,True
16888,2025-03-26,Paid Search,True,False
16889,2025-12-28,Paid Social,False,False
16890,2025-07-29,Email,False,False
16891,2025-04-18,Paid Social,False,False
16892,2025-03-05,Organic Search,True,False
16893,2025-10-12,Direct,True,False
16894,2025-01-17,Email,True,True
16895,2025-07-09,Email,True,False
16896,2025-02-03,Direct,False,True
16897,2025-05-07,Direct,True,False
16898,2025-01-29,Email,False,False
16899,2025-03-06,Paid Social,True,False
16900,2025-10-25,Direct,True,False
16901,2025-12-10,Paid Search,True,False
16902,2025-12-26,Email,True,False
16903,2025-06-24,Paid Search,True,True
16904,2025-11-04,Paid Search,True,False
16905,2025-04-18,Email,True,True
16906,2025-10-29,Paid Search,True,False
16907,2025-01-31,Direct,True,False
16908,2025-06-29,Paid Search,True,False
16909,2025-01-23,Paid Social,False,False
16910,2025-04-20,Organic Search,True,False
16911,2026-01-10,Direct,True,False
16912,2025-12-19,Email,True,False
16913,2025-01-24,Direct,True,False
16914,2025-06-18,Email,False,False
16915,2025-07-05,Paid Search,False,False
16916,2025-09-12,Direct,False,True
16917,2026-02-01,Email,False,True
16918,2025-03-12,Paid Search,False,False
16919,2025-12-12,Direct,False,True
16920,2025-05-12,Direct,True,False
16921,2025-07-03,Email,True,False
16922,2025-07-24,Organic Search,False,True
16923,2025-07-18,Organic Search,True,False
16924,2026-01-28,Paid Social,False,False
16925,2025-03-28,Email,True,True
16926,2025-01-07,Paid Search,False,False
16927,2025-03-25,Paid Social,True,True
16928,2025-12-09,Direct,True,False
16929,2025-11-13,Paid Search,True,False
16930,2025-07-06,Paid Social,True,False
16931,2025-03-03,Paid Social,False,False
16932,2025-05-05,Paid Search,True,False
16933,2025-04-06,Direct,True,True
16934,2025-04-12,Email,True,True
16935,2025-08-02,Paid Search,False,False
16936,2025-05-29,Email,True,False
16937,2025-03-06,Organic Search,True,False
16938,2025-12-04,Organic Search,True,False
16939,2025-06-03,Organic Search,False,False
16940,2025-07-10,Direct,True,False
16941,2025-06-10,Email,False,False
16942,2026-01-24,Paid Social,True,True
16943,2025-07-27,Paid Search,False,False
16944,2025-08-10,Organic Search,True,False
16945,2025-03-10,Direct,False,False
16946,2025-12-02,Paid Social,True,False
16947,2025-12-19,Paid Social,True,False
16948,2025-10-20,Organic Search,False,False
16949,2025-01-18,Email,True,False
16950,2025-10-15,Direct,True,False
16951,2025-07-06,Direct,True,True
16952,2025-01-16,Paid Search,False,False
16953,2025-12-19,Email,True,False
16954,2025-08-12,Email,True,False
16955,2025-05-23,Email,True,False
16956,2025-11-27,Direct,False,True
16957,2025-08-25,Email,True,False
16958,2025-12-06,Email,True,False
16959,2025-12-26,Email,True,False
16960,2025-05-08,Email,False,False
16961,2025-01-31,Direct,False,False
16962,2025-12-07,Direct,False,False
16963,2025-11-21,Organic Search,False,False
16964,2025-07-24,Direct,False,False
16965,2025-12-10,Direct,True,False
16966,2025-08-05,Paid Search,False,False
16967,2025-08-18,Organic Search,False,True
16968,2025-04-14,Email,True,True
16969,2025-05-11,Organic Search,False,False
16970,2025-10-19,Organic Search,True,False
16971,2025-03-29,Organic Search,False,False
16972,2025-04-20,Email,False,False
16973,2025-06-14,Email,True,False
16974,2025-04-18,Organic Search,True,False
16975,2025-06-28,Organic Search,False,False
16976,2025-10-20,Direct,True,True
16977,2025-03-12,Email,True,False
16978,2025-01-02,Direct,True,True
16979,2025-06-27,Organic Search,False,False
16980,2025-04-26,Paid Search,False,False
16981,2026-01-31,Direct,True,False
16982,2025-08-28,Paid Search,False,False
16983,2025-04-26,Email,False,False
16984,2025-07-02,Email,True,False
16985,2025-07-21,Paid Social,False,True
16986,2025-10-28,Paid Social,True,False
16987,2025-11-07,Paid Social,True,False
16988,2025-01-09,Direct,False,False
16989,2025-06-18,Paid Social,True,False
16990,2025-02-26,Email,False,False
16991,2026-01-20,Organic Search,True,False
16992,2025-03-28,Direct,True,False
16993,2025-03-24,Direct,True,False
16994,2025-01-11,Email,True,True
16995,2025-05-02,Organic Search,True,False
16996,2025-06-17,Paid Search,False,False
16997,2025-10-14,Email,True,True
16998,2025-10-14,Email,True,False
16999,2025-05-31,Organic Search,True,False
17000,2026-01-30,Organic Search,True,False
17001,2025-04-23,Paid Search,True,False
17002,2025-06-24,Paid Social,True,False
17003,2025-11-27,Paid Search,False,False
17004,2025-07-24,Organic Search,False,True
17005,2025-12-08,Email,False,False
17006,2025-08-20,Paid Search,False,False
17007,2025-12-02,Email,False,False
17008,2026-01-15,Paid Social,False,True
17009,2025-01-05,Paid Search,False,False
17010,2026-01-08,Email,True,False
17011,2026-01-23,Organic Search,False,False
17012,2025-09-18,Direct,True,False
17013,2026-01-28,Organic Search,True,False
17014,2026-01-29,Paid Search,False,False
17015,2025-12-01,Paid Social,True,False
17016,2025-09-30,Email,True,False
17017,2025-02-15,Direct,False,False
17018,2025-07-02,Paid Search,True,False
17019,2025-07-01,Email,False,False
17020,2025-08-27,Paid Social,False,True
17021,2025-02-01,Paid Search,False,True
17022,2025-02-18,Email,True,True
17023,2025-12-06,Direct,False,False
17024,2025-03-09,Organic Search,False,False
17025,2025-06-08,Paid Social,True,False
17026,2025-10-25,Email,False,True
17027,2025-07-08,Organic Search,True,False
17028,2025-01-08,Direct,True,True
17029,2025-06-15,Paid Search,True,True
17030,2025-04-18,Email,False,False
17031,2025-05-31,Paid Search,False,True
17032,2025-04-11,Email,False,False
17033,2025-01-31,Paid Social,True,True
17034,2025-07-29,Direct,True,False
17035,2026-01-06,Paid Search,True,False
17036,2026-01-01,Email,True,False
17037,2025-12-18,Paid Search,True,True
17038,2025-12-15,Email,False,False
17039,2026-01-26,Paid Search,True,False
17040,2025-10-19,Paid Search,True,False
17041,2026-01-16,Email,False,False
17042,2025-10-22,Paid Search,True,True
17043,2025-08-04,Paid Social,False,True
17044,2025-10-18,Organic Search,False,False
17045,2025-05-05,Organic Search,False,False
17046,2025-03-21,Direct,True,False
17047,2025-09-06,Organic Search,False,False
17048,2025-02-12,Paid Social,False,False
17049,2025-09-09,Organic Search,True,False
17050,2025-12-26,Organic Search,True,False
17051,2025-01-09,Organic Search,False,True
17052,2026-01-19,Direct,True,True
17053,2025-02-20,Email,True,False
17054,2025-06-19,Paid Social,True,True
17055,2025-01-28,Direct,True,False
17056,2025-12-24,Paid Social,True,False
17057,2025-02-26,Email,False,True
17058,2025-03-28,Paid Search,True,False
17059,2025-12-12,Email,False,False
17060,2025-10-05,Direct,False,False
17061,2025-12-21,Email,False,False
17062,2025-12-02,Paid Social,False,True
17063,2025-05-10,Organic Search,False,False
17064,2025-10-17,Email,True,False
17065,2025-04-12,Paid Search,True,False
17066,2026-01-05,Paid Search,True,False
17067,2025-08-09,Paid Social,False,True
17068,2026-02-03,Paid Search,False,False
17069,2025-02-05,Direct,True,False
17070,2025-08-16,Email,True,False
17071,2025-12-06,Direct,True,False
17072,2025-04-24,Organic Search,False,False
17073,2025-01-04,Email,True,True
17074,2025-06-11,Organic Search,True,False
17075,2025-10-15,Paid Search,True,True
17076,2025-04-30,Paid Search,False,False
17077,2025-10-11,Paid Social,True,False
17078,2025-11-07,Organic Search,False,False
17079,2025-06-17,Direct,False,False
17080,2025-02-16,Paid Social,True,False
17081,2025-08-26,Direct,True,True
17082,2025-10-26,Organic Search,True,False
17083,2025-08-11,Organic Search,False,False
17084,2025-02-19,Direct,True,False
17085,2025-09-26,Paid Social,True,False
17086,2025-11-23,Paid Social,False,False
17087,2025-07-28,Organic Search,False,False
17088,2025-11-03,Paid Social,False,False
17089,2025-07-31,Paid Search,True,True
17090,2026-01-17,Email,False,False
17091,2025-04-04,Direct,False,False
17092,2025-06-25,Direct,True,False
17093,2025-10-18,Direct,True,False
17094,2025-07-03,Organic Search,False,False
17095,2025-03-26,Paid Social,True,False
17096,2025-11-01,Paid Search,True,False
17097,2025-12-24,Organic Search,False,False
17098,2025-07-29,Paid Search,False,False
17099,2025-10-13,Paid Search,True,False
17100,2025-07-24,Organic Search,True,False
17101,2025-10-26,Paid Search,False,False
17102,2025-12-16,Email,True,True
17103,2025-04-11,Direct,False,False
17104,2025-12-01,Paid Search,False,False
17105,2025-03-04,Paid Search,True,False
17106,2025-04-20,Email,False,True
17107,2025-07-12,Organic Search,True,False
17108,2025-09-19,Paid Search,True,True
17109,2025-01-20,Organic Search,True,False
17110,2025-02-28,Direct,True,True
17111,2025-05-20,Email,True,False
17112,2026-01-09,Paid Search,False,False
17113,2025-08-18,Email,True,True
17114,2025-11-23,Direct,False,False
17115,2025-08-19,Organic Search,True,False
17116,2025-06-01,Organic Search,False,True
17117,2025-02-04,Paid Search,True,False
17118,2025-08-28,Organic Search,False,False
17119,2025-03-18,Paid Search,False,False
17120,2025-05-23,Paid Search,True,False
17121,2025-02-12,Organic Search,False,True
17122,2025-11-09,Direct,True,False
17123,2025-04-29,Organic Search,True,False
17124,2025-04-21,Paid Search,True,True
17125,2025-07-22,Email,True,False
17126,2025-12-23,Direct,True,True
17127,2025-10-01,Email,True,False
17128,2025-08-12,Paid Social,True,False
17129,2025-02-05,Paid Social,True,False
17130,2025-05-12,Paid Social,False,False
17131,2025-08-23,Paid Social,False,False
17132,2025-05-31,Paid Social,True,True
17133,2025-06-11,Paid Social,True,True
17134,2025-11-24,Email,True,False
17135,2025-04-21,Email,True,False
17136,2025-07-12,Organic Search,True,True
17137,2026-01-05,Organic Search,True,False
17138,2025-10-31,Direct,False,True
17139,2026-01-01,Direct,True,True
17140,2025-05-17,Paid Search,False,False
17141,2025-04-06,Direct,False,False
17142,2025-05-22,Paid Social,True,False
17143,2025-11-15,Organic Search,True,False
17144,2025-09-06,Email,False,False
17145,2025-06-10,Organic Search,False,False
17146,2025-02-17,Email,False,True
17147,2025-06-13,Paid Social,False,True
17148,2025-09-16,Direct,False,False
17149,2025-08-05,Email,False,False
17150,2025-05-11,Email,False,False
17151,2026-02-02,Paid Search,True,False
17152,2025-11-13,Direct,True,False
17153,2025-04-03,Direct,False,True
17154,2025-01-07,Organic Search,True,False
17155,2025-06-24,Organic Search,False,True
17156,2025-08-03,Organic Search,False,False
17157,2025-07-24,Paid Social,True,False
17158,2025-08-17,Paid Social,False,False
17159,2025-07-20,Email,True,False
17160,2025-06-21,Paid Social,False,False
17161,2025-04-06,Organic Search,True,False
17162,2025-06-16,Email,True,False
17163,2025-03-07,Email,False,False
17164,2025-03-18,Organic Search,True,False
17165,2025-10-22,Email,True,True
17166,2025-11-07,Email,False,False
17167,2025-10-10,Paid Social,False,False
17168,2025-02-06,Direct,False,False
17169,2025-06-20,Email,True,True
17170,2025-12-02,Email,True,False
17171,2025-02-24,Direct,True,False
17172,2025-07-26,Organic Search,True,False
17173,2025-10-05,Paid Search,False,True
17174,2025-04-10,Paid Search,False,True
17175,2025-07-20,Direct,True,False
17176,2025-10-10,Paid Search,False,False
17177,2025-12-13,Direct,False,False
17178,2025-04-20,Direct,False,True
17179,2025-09-07,Paid Social,True,False
17180,2025-10-11,Paid Social,True,False
17181,2025-12-26,Paid Social,True,False
17182,2025-03-02,Organic Search,True,False
17183,2025-08-18,Direct,False,False
17184,2025-08-04,Direct,False,True
17185,2025-03-30,Email,False,False
17186,2025-02-20,Paid Social,True,False
17187,2026-01-25,Organic Search,True,True
17188,2025-04-20,Paid Social,True,False
17189,2025-01-11,Paid Search,True,False
17190,2025-03-10,Paid Social,False,True
17191,2025-07-08,Paid Search,False,True
17192,2025-02-04,Organic Search,False,False
17193,2025-04-28,Email,True,False
17194,2025-04-22,Direct,True,False
17195,2025-12-20,Organic Search,True,True
17196,2025-01-15,Organic Search,True,True
17197,2025-10-20,Organic Search,True,False
17198,2025-05-11,Organic Search,False,False
17199,2025-01-18,Organic Search,True,False
17200,2025-12-15,Paid Search,True,False
17201,2025-01-26,Organic Search,True,False
17202,2025-06-20,Organic Search,False,False
17203,2025-08-13,Paid Social,True,False
17204,2025-06-13,Paid Social,False,True
17205,2025-07-01,Paid Social,True,False
17206,2025-07-02,Organic Search,False,False
17207,2025-01-23,Email,False,False
17208,2025-12-21,Paid Search,True,False
17209,2025-09-04,Paid Search,True,False
17210,2025-11-21,Direct,False,False
17211,2025-02-06,Paid Social,True,False
17212,2026-01-06,Organic Search,True,False
17213,2026-01-20,Paid Social,True,False
17214,2025-08-29,Organic Search,True,False
17215,2025-10-23,Organic Search,False,True
17216,2025-03-24,Organic Search,True,False
17217,2025-01-05,Paid Search,True,False
17218,2025-03-24,Organic Search,False,False
17219,2025-02-25,Paid Social,True,True
17220,2025-12-31,Paid Search,True,False
17221,2025-04-09,Paid Social,True,True
17222,2025-02-07,Email,False,False
17223,2025-08-28,Paid Search,True,False
17224,2025-01-19,Paid Search,False,False
17225,2025-03-22,Paid Social,False,False
17226,2025-09-19,Direct,False,False
17227,2025-01-04,Paid Social,True,False
17228,2025-03-09,Direct,True,True
17229,2025-03-24,Organic Search,False,False
17230,2025-10-21,Email,False,True
17231,2025-05-07,Direct,True,True
17232,2025-10-31,Paid Search,False,False
17233,2025-01-06,Email,False,True
17234,2025-12-07,Organic Search,False,False
17235,2025-11-16,Organic Search,True,False
17236,2025-04-26,Direct,False,False
17237,2025-04-27,Paid Search,False,False
17238,2025-06-12,Paid Search,False,False
17239,2025-02-24,Direct,True,False
17240,2025-03-13,Email,True,False
17241,2025-07-10,Paid Search,True,False
17242,2025-03-09,Email,True,False
17243,2025-07-18,Direct,True,False
17244,2025-08-12,Email,False,False
17245,2025-01-02,Email,True,False
17246,2025-04-16,Paid Search,False,False
17247,2025-04-10,Paid Search,False,False
17248,2025-05-22,Organic Search,True,False
17249,2025-03-18,Organic Search,True,True
17250,2025-08-30,Organic Search,False,False
17251,2025-04-22,Direct,True,False
17252,2025-05-22,Paid Social,True,False
17253,2025-03-15,Email,False,True
17254,2025-09-20,Email,True,False
17255,2025-01-08,Direct,True,False
17256,2025-09-23,Paid Social,True,False
17257,2025-09-11,Paid Search,True,False
17258,2025-03-14,Organic Search,True,False
17259,2025-05-25,Email,True,False
17260,2026-02-04,Direct,True,True
17261,2025-09-10,Direct,False,False
17262,2025-04-19,Paid Search,False,False
17263,2025-11-18,Email,True,True
17264,2025-09-19,Direct,True,False
17265,2025-02-07,Organic Search,False,False
17266,2025-01-20,Email,True,False
17267,2025-04-04,Paid Search,False,True
17268,2025-08-15,Direct,True,True
17269,2025-06-15,Paid Social,True,False
17270,2026-01-11,Paid Social,True,False
17271,2025-09-11,Paid Social,False,False
17272,2025-10-10,Paid Search,True,True
17273,2025-02-21,Paid Social,False,False
17274,2025-06-29,Organic Search,True,False
17275,2025-09-20,Organic Search,False,False
17276,2025-03-28,Direct,False,False
17277,2025-12-27,Organic Search,True,False
17278,2025-03-11,Paid Social,True,False
17279,2026-01-20,Paid Social,False,False
17280,2026-02-03,Paid Social,True,False
17281,2026-01-24,Email,True,False
17282,2025-07-01,Organic Search,True,True
17283,2025-07-14,Organic Search,False,False
17284,2025-06-19,Email,False,False
17285,2025-09-28,Organic Search,True,False
17286,2026-01-05,Organic Search,False,False
17287,2026-01-17,Direct,False,True
17288,2025-01-31,Direct,False,False
17289,2025-07-14,Organic Search,True,True
17290,2025-02-05,Organic Search,False,False
17291,2025-04-14,Direct,False,False
17292,2025-07-15,Email,False,True
17293,2025-05-01,Email,True,False
17294,2025-12-23,Email,True,False
17295,2025-08-25,Direct,False,False
17296,2025-10-12,Direct,True,False
17297,2025-07-07,Email,True,False
17298,2025-05-23,Email,True,False
17299,2025-01-07,Organic Search,True,False
17300,2025-10-22,Paid Social,True,False
17301,2025-12-26,Email,True,False
17302,2025-12-07,Direct,True,False
17303,2025-02-01,Paid Social,True,False
17304,2025-02-07,Direct,True,False
17305,2025-01-15,Organic Search,True,False
17306,2025-08-24,Paid Search,True,True
17307,2025-06-06,Email,True,True
17308,2025-07-22,Email,True,False
17309,2025-02-15,Direct,False,False
17310,2025-01-06,Organic Search,True,False
17311,2026-01-31,Direct,False,False
17312,2025-04-28,Paid Social,True,False
17313,2025-08-14,Email,False,False
17314,2025-06-17,Email,False,False
17315,2025-07-25,Email,True,False
17316,2025-07-21,Paid Social,True,False
17317,2025-08-11,Paid Search,True,False
17318,2025-07-30,Email,True,False
17319,2025-04-05,Email,False,False
17320,2025-05-20,Direct,True,False
17321,2025-01-01,Organic Search,False,False
17322,2026-01-02,Email,True,True
17323,2025-02-25,Organic Search,True,False
17324,2025-04-25,Email,True,False
17325,2025-11-08,Paid Search,False,False
17326,2025-01-01,Email,False,False
17327,2025-11-05,Email,False,False
17328,2025-11-14,Paid Social,False,True
17329,2025-02-17,Paid Search,True,False
17330,2025-10-09,Organic Search,False,False
17331,2025-04-19,Organic Search,True,False
17332,2025-12-04,Organic Search,True,False
17333,2025-06-16,Organic Search,True,True
17334,2025-07-26,Organic Search,False,False
17335,2025-10-12,Direct,True,True
17336,2025-07-04,Direct,True,False
17337,2026-01-03,Organic Search,False,False
17338,2025-06-10,Paid Social,True,False
17339,2025-07-03,Email,False,False
17340,2025-06-17,Organic Search,True,False
17341,2025-06-24,Organic Search,False,False
17342,2026-01-05,Direct,True,True
17343,2025-08-25,Direct,True,False
17344,2025-09-30,Paid Social,True,False
17345,2025-06-30,Email,True,False
17346,2025-03-01,Organic Search,False,False
17347,2025-04-08,Organic Search,True,False
17348,2026-01-19,Direct,False,False
17349,2025-04-26,Direct,False,False
17350,2025-01-10,Paid Social,False,False
17351,2025-05-25,Paid Search,True,False
17352,2025-06-17,Paid Social,True,False
17353,2025-10-28,Organic Search,False,True
17354,2025-07-13,Organic Search,True,True
17355,2025-04-19,Email,True,True
17356,2025-06-02,Paid Social,True,True
17357,2025-03-13,Paid Search,True,True
17358,2025-05-26,Email,False,False
17359,2025-04-26,Direct,True,False
17360,2025-09-29,Organic Search,False,True
17361,2025-04-16,Email,True,False
17362,2025-11-18,Paid Social,True,False
17363,2025-07-18,Paid Social,False,False
17364,2025-01-04,Direct,False,False
17365,2025-11-04,Paid Social,True,True
17366,2025-04-17,Email,True,False
17367,2025-04-03,Organic Search,True,False
17368,2025-03-15,Direct,False,False
17369,2025-05-04,Paid Social,True,True
17370,2025-09-16,Paid Search,True,False
17371,2025-09-29,Paid Social,True,True
17372,2025-12-15,Paid Search,True,False
17373,2025-01-26,Paid Social,False,False
17374,2025-04-10,Direct,True,False
17375,2025-10-22,Direct,True,False
17376,2025-10-20,Direct,True,True
17377,2025-09-27,Paid Search,True,False
17378,2025-04-04,Organic Search,False,False
17379,2025-11-02,Direct,True,False
17380,2026-01-21,Paid Search,True,False
17381,2025-05-09,Direct,True,False
17382,2025-10-17,Organic Search,False,True
17383,2025-08-19,Paid Social,False,False
17384,2025-02-25,Direct,False,False
17385,2026-01-09,Paid Social,True,False
17386,2025-10-13,Email,True,False
17387,2025-04-08,Paid Search,True,False
17388,2025-04-02,Paid Search,False,True
17389,2025-08-31,Paid Social,True,False
17390,2025-09-03,Email,False,False
17391,2026-01-29,Organic Search,True,False
17392,2025-11-20,Paid Social,True,True
17393,2025-09-28,Paid Search,True,True
17394,2025-11-06,Paid Social,True,False
17395,2025-02-20,Paid Search,True,True
17396,2025-03-19,Email,True,True
17397,2026-01-20,Paid Social,True,False
17398,2025-11-15,Email,False,True
17399,2025-01-27,Organic Search,True,False
17400,2026-01-25,Email,True,False
17401,2025-10-19,Paid Search,False,False
17402,2025-02-03,Direct,True,False
17403,2026-01-25,Organic Search,True,False
17404,2026-01-20,Organic Search,False,False
17405,2025-09-03,Email,False,False
17406,2025-10-18,Paid Social,True,False
17407,2025-09-22,Direct,False,False
17408,2025-03-24,Email,False,True
17409,2025-08-08,Direct,True,True
17410,2025-07-02,Email,False,False
17411,2025-07-08,Email,True,False
17412,2025-02-19,Organic Search,False,False
17413,2025-04-09,Organic Search,True,True
17414,2025-04-20,Paid Social,True,False
17415,2025-01-14,Paid Social,True,False
17416,2025-01-14,Paid Search,True,False
17417,2025-12-02,Email,True,True
17418,2025-05-20,Organic Search,True,False
17419,2025-03-04,Organic Search,False,False
17420,2025-07-18,Direct,True,False
17421,2025-01-19,Organic Search,True,True
17422,2025-04-03,Email,False,True
17423,2025-08-28,Direct,False,True
17424,2025-01-07,Paid Search,True,False
17425,2025-12-30,Email,False,False
17426,2025-11-09,Paid Search,False,False
17427,2026-01-02,Paid Search,True,False
17428,2025-08-26,Paid Search,False,False
17429,2026-01-30,Organic Search,True,False
17430,2025-03-10,Paid Social,False,False
17431,2025-11-18,Organic Search,True,False
17432,2025-07-17,Organic Search,True,False
17433,2025-05-11,Paid Social,True,False
17434,2025-05-22,Paid Social,False,True
17435,2025-09-03,Direct,True,False
17436,2025-08-02,Email,True,False
17437,2025-08-13,Email,False,False
17438,2025-02-24,Paid Social,False,False
17439,2025-09-16,Paid Social,False,True
17440,2025-04-26,Paid Social,True,False
17441,2026-01-08,Direct,False,False
17442,2025-01-27,Direct,True,False
17443,2025-03-29,Paid Search,True,False
17444,2025-02-14,Email,True,False
17445,2025-03-04,Paid Social,True,True
17446,2025-07-15,Paid Search,True,False
17447,2025-05-15,Direct,True,False
17448,2025-02-27,Paid Search,True,False
17449,2025-03-02,Paid Social,True,False
17450,2025-10-15,Paid Social,True,True
17451,2025-08-05,Paid Search,False,True
17452,2025-02-03,Email,True,True
17453,2025-01-13,Paid Social,False,False
17454,2025-01-01,Direct,True,False
17455,2025-03-28,Direct,True,True
17456,2025-05-28,Organic Search,False,False
17457,2025-12-17,Paid Search,False,False
17458,2025-04-06,Direct,False,True
17459,2025-12-10,Organic Search,True,True
17460,2025-10-29,Paid Social,False,False
17461,2025-09-22,Direct,True,False
17462,2025-10-31,Organic Search,True,True
17463,2025-04-27,Direct,True,True
17464,2025-11-26,Organic Search,True,False
17465,2025-05-14,Paid Search,False,False
17466,2025-12-24,Email,False,True
17467,2025-06-06,Paid Search,True,False
17468,2025-03-10,Organic Search,True,True
17469,2025-06-11,Direct,True,True
17470,2025-09-15,Paid Search,False,False
17471,2025-11-18,Direct,True,False
17472,2025-03-09,Paid Search,False,False
17473,2025-03-02,Email,True,False
17474,2025-08-24,Paid Social,False,True
17475,2025-06-23,Paid Social,False,False
17476,2025-04-05,Paid Social,True,True
17477,2025-05-17,Direct,True,False
17478,2025-12-02,Organic Search,True,True
17479,2025-03-21,Organic Search,True,False
17480,2025-11-19,Direct,True,False
17481,2025-05-20,Paid Search,False,False
17482,2025-05-13,Paid Social,False,False
17483,2026-01-10,Paid Social,False,False
17484,2025-04-03,Organic Search,False,False
17485,2026-01-18,Paid Search,True,True
17486,2025-04-24,Paid Search,False,True
17487,2025-01-02,Direct,True,False
17488,2025-07-27,Organic Search,False,False
17489,2025-12-31,Email,True,False
17490,2025-12-19,Paid Social,False,False
17491,2025-07-23,Direct,False,False
17492,2025-09-09,Email,True,False
17493,2025-09-27,Paid Social,True,False
17494,2025-03-23,Email,True,False
17495,2025-06-24,Paid Social,True,True
17496,2025-04-30,Paid Search,False,False
17497,2025-06-10,Email,False,False
17498,2025-12-25,Paid Search,True,False
17499,2025-08-21,Paid Search,True,False
17500,2025-08-23,Paid Search,False,False
17501,2025-10-15,Direct,False,True
17502,2025-02-11,Paid Search,True,True
17503,2025-02-15,Organic Search,True,False
17504,2025-07-19,Email,True,True
17505,2025-08-03,Paid Social,True,False
17506,2025-06-17,Organic Search,False,False
17507,2025-03-01,Organic Search,True,False
17508,2025-07-05,Paid Social,True,False
17509,2025-03-14,Paid Social,False,False
17510,2025-01-26,Paid Social,True,False
17511,2025-02-04,Direct,True,False
17512,2025-03-28,Email,False,False
17513,2025-07-29,Email,False,True
17514,2026-01-11,Paid Social,False,False
17515,2025-06-03,Paid Search,False,False
17516,2025-07-05,Organic Search,False,True
17517,2025-08-21,Paid Search,True,False
17518,2025-04-15,Email,True,True
17519,2025-02-12,Direct,True,False
17520,2025-09-30,Paid Social,False,True
17521,2025-01-27,Paid Search,True,False
17522,2025-06-02,Paid Search,False,False
17523,2025-01-09,Organic Search,True,False
17524,2025-11-13,Paid Social,True,False
17525,2025-09-09,Paid Search,False,False
17526,2025-03-21,Organic Search,False,True
17527,2025-10-18,Organic Search,True,False
17528,2025-12-13,Organic Search,True,False
17529,2026-01-13,Paid Social,True,True
17530,2025-06-13,Email,True,False
17531,2025-06-25,Email,False,False
17532,2025-01-03,Email,False,False
17533,2025-11-27,Paid Search,True,False
17534,2025-11-12,Email,True,True
17535,2025-08-19,Organic Search,False,False
17536,2025-11-08,Direct,True,True
17537,2025-02-25,Email,False,False
17538,2025-12-25,Organic Search,True,False
17539,2025-05-10,Direct,True,False
17540,2025-12-26,Direct,True,False
17541,2025-10-17,Direct,False,False
17542,2025-03-02,Email,False,False
17543,2025-02-23,Paid Social,True,True
17544,2025-06-27,Paid Search,True,False
17545,2025-11-19,Email,True,True
17546,2025-10-31,Email,True,False
17547,2025-10-30,Email,False,True
17548,2025-04-29,Organic Search,True,False
17549,2025-09-11,Paid Search,True,False
17550,2025-09-14,Paid Search,False,False
17551,2025-03-07,Organic Search,False,False
17552,2025-09-13,Direct,True,False
17553,2025-03-30,Paid Search,False,False
17554,2025-05-24,Direct,False,True
17555,2025-03-20,Paid Social,False,True
17556,2025-07-24,Direct,True,False
17557,2025-08-24,Paid Social,False,False
17558,2025-04-29,Email,True,False
17559,2025-01-21,Organic Search,True,False
17560,2026-01-06,Paid Search,False,False
17561,2025-04-23,Email,False,True
17562,2025-05-07,Paid Search,True,False
17563,2025-11-16,Paid Social,False,False
17564,2025-09-13,Paid Search,False,False
17565,2025-08-15,Organic Search,True,True
17566,2025-12-18,Email,True,False
17567,2025-02-07,Email,True,False
17568,2025-12-15,Direct,True,True
17569,2026-02-04,Organic Search,False,False
17570,2025-10-26,Organic Search,False,False
17571,2025-05-21,Paid Social,False,False
17572,2026-01-22,Email,True,False
17573,2025-05-22,Paid Social,True,False
17574,2025-06-23,Email,False,False
17575,2025-05-16,Paid Social,True,False
17576,2025-01-22,Paid Social,False,False
17577,2025-06-29,Direct,False,False
17578,2025-04-23,Organic Search,True,True
17579,2025-07-25,Direct,True,False
17580,2025-12-11,Direct,False,False
17581,2025-07-29,Direct,True,False
17582,2025-09-09,Paid Search,True,False
17583,2025-02-11,Paid Social,True,False
17584,2025-09-03,Paid Search,False,True
17585,2025-06-28,Email,True,False
17586,2025-09-03,Paid Search,True,False
17587,2025-06-23,Organic Search,True,False
17588,2025-04-07,Paid Search,True,True
17589,2025-05-13,Paid Search,True,False
17590,2026-01-21,Paid Social,True,True
17591,2025-06-15,Email,True,True
17592,2025-01-24,Paid Social,True,True
17593,2025-08-17,Organic Search,True,False
17594,2025-05-04,Organic Search,True,False
17595,2026-01-27,Paid Search,True,False
17596,2025-06-30,Paid Social,False,False
17597,2025-01-28,Organic Search,True,True
17598,2025-12-02,Paid Social,True,False
17599,2025-11-06,Direct,True,True
17600,2025-12-03,Direct,False,False
17601,2025-08-28,Direct,True,False
17602,2025-05-20,Direct,True,False
17603,2025-10-07,Organic Search,False,False
17604,2025-06-14,Organic Search,False,True
17605,2025-10-29,Paid Search,False,True
17606,2025-02-20,Direct,False,True
17607,2025-09-27,Email,False,False
17608,2025-12-12,Organic Search,False,False
17609,2025-09-02,Paid Search,True,False
17610,2026-02-04,Direct,False,False
17611,2025-08-14,Paid Search,True,False
17612,2025-06-17,Paid Social,True,False
17613,2025-03-11,Paid Search,False,True
17614,2025-03-30,Paid Social,True,True
17615,2025-02-08,Organic Search,False,False
17616,2025-11-06,Email,True,True
17617,2025-10-11,Paid Social,False,True
17618,2025-12-21,Organic Search,True,True
17619,2025-06-03,Paid Search,True,True
17620,2025-07-29,Direct,True,False
17621,2025-10-11,Direct,False,False
17622,2025-07-01,Direct,False,False
17623,2025-06-20,Paid Social,True,False
17624,2026-01-27,Paid Social,True,True
17625,2025-06-05,Email,True,False
17626,2025-08-11,Organic Search,False,True
17627,2025-12-02,Organic Search,True,True
17628,2025-11-08,Direct,False,False
17629,2025-04-08,Organic Search,True,True
17630,2025-04-06,Email,True,False
17631,2025-09-14,Organic Search,False,False
17632,2025-02-27,Direct,True,False
17633,2025-05-14,Paid Social,False,False
17634,2025-07-01,Email,True,False
17635,2025-05-30,Organic Search,True,False
17636,2025-06-25,Paid Social,True,False
17637,2025-05-08,Email,True,True
17638,2025-06-14,Paid Social,True,False
17639,2025-10-08,Paid Search,True,False
17640,2025-09-03,Direct,True,False
17641,2025-11-14,Paid Search,False,False
17642,2025-06-12,Direct,True,False
17643,2026-02-05,Paid Search,True,False
17644,2025-07-02,Paid Search,False,False
17645,2025-06-03,Paid Search,True,False
17646,2025-01-04,Email,True,False
17647,2025-05-21,Paid Social,True,False
17648,2025-09-29,Paid Social,False,False
17649,2025-10-08,Paid Search,True,True
17650,2025-09-13,Email,True,False
17651,2025-11-10,Paid Search,False,True
17652,2025-04-07,Direct,True,True
17653,2025-05-21,Email,False,False
17654,2025-05-04,Direct,False,True
17655,2025-10-25,Paid Social,True,False
17656,2025-08-05,Paid Search,False,True
17657,2025-03-08,Paid Search,True,False
17658,2026-01-07,Paid Social,True,True
17659,2025-02-25,Organic Search,False,False
17660,2025-12-05,Paid Social,True,False
17661,2025-10-11,Paid Search,True,True
17662,2026-01-01,Paid Social,True,True
17663,2025-08-21,Paid Search,True,False
17664,2025-06-07,Paid Search,True,True
17665,2025-04-12,Organic Search,True,True
17666,2025-11-23,Direct,True,True
17667,2025-10-30,Paid Social,False,False
17668,2025-10-02,Email,True,False
17669,2025-04-19,Email,False,True
17670,2025-10-22,Paid Search,True,True
17671,2025-01-09,Email,False,False
17672,2025-03-28,Direct,True,False
17673,2025-09-28,Paid Search,True,False
17674,2025-07-22,Email,True,True
17675,2025-09-13,Direct,False,True
17676,2025-10-23,Direct,False,False
17677,2025-03-03,Direct,True,False
17678,2025-07-03,Email,False,False
17679,2025-08-10,Organic Search,False,False
17680,2025-01-25,Paid Search,True,True
17681,2025-09-23,Direct,True,False
17682,2025-05-22,Paid Social,True,True
17683,2025-09-06,Paid Social,False,False
17684,2026-01-05,Paid Social,True,False
17685,2025-04-16,Paid Social,True,False
17686,2025-02-22,Email,True,False
17687,2025-04-24,Email,False,False
17688,2025-07-04,Paid Search,True,True
17689,2025-11-30,Email,True,False
17690,2025-04-06,Direct,True,False
17691,2025-09-16,Email,True,True
17692,2025-03-15,Paid Search,False,False
17693,2025-01-06,Email,True,True
17694,2025-09-11,Paid Social,False,False
17695,2025-10-29,Organic Search,True,False
17696,2025-11-04,Paid Search,True,False
17697,2025-05-26,Paid Search,False,False
17698,2025-11-25,Organic Search,True,False
17699,2025-01-18,Direct,True,False
17700,2025-10-10,Direct,True,False
17701,2025-05-21,Organic Search,False,False
17702,2025-03-31,Paid Social,False,True
17703,2025-02-04,Paid Search,True,False
17704,2025-03-30,Email,True,False
17705,2025-09-16,Paid Search,True,False
17706,2026-02-03,Paid Social,False,True
17707,2025-12-19,Paid Social,True,False
17708,2025-12-24,Paid Search,True,True
17709,2025-07-06,Paid Social,False,False
17710,2025-11-29,Email,True,False
17711,2025-10-15,Paid Search,True,True
17712,2025-11-25,Paid Search,False,False
17713,2025-12-12,Email,False,False
17714,2025-01-21,Paid Search,True,False
17715,2025-02-22,Direct,True,False
17716,2025-03-18,Paid Social,True,True
17717,2025-01-29,Email,True,False
17718,2025-01-25,Email,False,False
17719,2025-05-10,Paid Search,True,False
17720,2025-02-19,Email,False,True
17721,2025-03-28,Organic Search,True,False
17722,2025-10-12,Paid Search,True,False
17723,2025-09-23,Email,True,True
17724,2025-09-21,Paid Search,True,False
17725,2025-03-06,Paid Social,False,True
17726,2025-02-17,Direct,True,True
17727,2025-09-23,Paid Search,False,False
17728,2026-01-29,Organic Search,False,True
17729,2025-01-15,Organic Search,False,False
17730,2025-06-13,Paid Social,False,True
17731,2025-05-08,Email,True,False
17732,2025-11-14,Paid Search,True,False
17733,2025-02-03,Organic Search,True,False
17734,2025-07-16,Paid Search,True,False
17735,2025-07-04,Paid Social,True,True
17736,2025-06-14,Organic Search,True,False
17737,2025-04-23,Email,True,False
17738,2025-02-18,Organic Search,True,False
17739,2025-02-18,Direct,False,False
17740,2025-02-13,Organic Search,True,False
17741,2026-01-18,Email,False,False
17742,2025-09-12,Direct,True,False
17743,2025-02-01,Email,False,False
17744,2025-11-18,Paid Search,False,True
17745,2025-01-08,Organic Search,True,False
17746,2025-02-11,Email,True,False
17747,2026-01-10,Paid Social,True,False
17748,2025-01-15,Paid Search,True,False
17749,2025-08-14,Direct,True,False
17750,2025-01-14,Paid Search,True,False
17751,2025-07-07,Paid Search,True,False
17752,2025-03-24,Email,True,False
17753,2025-11-11,Organic Search,False,True
17754,2025-05-31,Organic Search,False,True
17755,2025-03-31,Paid Search,True,False
17756,2025-02-09,Paid Search,True,False
17757,2025-02-27,Organic Search,False,False
17758,2025-01-15,Paid Search,False,True
17759,2026-01-20,Paid Search,False,False
17760,2025-11-08,Organic Search,False,True
17761,2025-10-25,Organic Search,True,True
17762,2025-09-23,Paid Social,False,False
17763,2025-03-08,Direct,False,False
17764,2025-08-25,Organic Search,True,False
17765,2026-02-02,Organic Search,True,False
17766,2025-08-28,Direct,True,False
17767,2025-07-17,Paid Social,True,False
17768,2025-12-28,Paid Social,True,False
17769,2025-01-07,Paid Social,True,False
17770,2025-11-06,Direct,True,False
17771,2025-12-28,Organic Search,True,True
17772,2026-02-02,Paid Social,False,False
17773,2025-04-08,Paid Social,True,False
17774,2025-11-11,Direct,True,False
17775,2025-06-21,Paid Search,True,False
17776,2025-05-29,Direct,True,False
17777,2025-08-15,Direct,False,False
17778,2025-01-12,Direct,True,False
17779,2025-01-27,Direct,True,False
17780,2025-11-21,Paid Social,False,False
17781,2025-01-06,Organic Search,False,True
17782,2025-11-28,Paid Social,False,False
17783,2025-10-30,Email,True,False
17784,2026-01-11,Direct,True,False
17785,2025-02-15,Paid Social,True,False
17786,2025-05-04,Paid Search,True,False
17787,2025-04-10,Organic Search,True,False
17788,2025-12-30,Organic Search,True,False
17789,2025-05-06,Paid Social,True,False
17790,2025-01-19,Direct,True,False
17791,2025-07-26,Paid Social,False,False
17792,2026-01-07,Direct,False,False
17793,2026-01-08,Paid Social,False,True
17794,2025-06-14,Direct,True,False
17795,2025-05-07,Email,True,False
17796,2025-12-12,Email,True,False
17797,2025-12-25,Direct,True,False
17798,2025-07-05,Paid Search,False,False
17799,2025-02-03,Paid Search,False,False
17800,2025-07-18,Paid Search,True,False
17801,2025-03-12,Paid Social,True,False
17802,2025-08-01,Paid Social,True,False
17803,2025-07-02,Organic Search,True,False
17804,2026-01-06,Direct,True,False
17805,2026-01-07,Direct,True,True
17806,2025-08-09,Organic Search,True,False
17807,2025-07-17,Direct,True,False
17808,2026-01-25,Organic Search,False,True
17809,2025-10-23,Direct,True,False
17810,2025-03-12,Organic Search,False,True
17811,2025-11-03,Paid Search,True,False
17812,2025-09-26,Organic Search,True,False
17813,2025-10-28,Organic Search,False,True
17814,2025-06-06,Organic Search,True,False
17815,2025-02-28,Direct,False,False
17816,2025-11-26,Organic Search,True,False
17817,2025-01-29,Paid Search,True,False
17818,2025-01-15,Direct,False,True
17819,2025-12-06,Organic Search,False,False
17820,2026-01-09,Paid Search,False,False
17821,2025-07-03,Paid Search,False,False
17822,2025-01-25,Paid Search,False,False
17823,2025-06-17,Organic Search,True,False
17824,2025-08-27,Direct,False,True
17825,2025-12-16,Paid Social,False,True
17826,2025-05-07,Organic Search,True,False
17827,2025-07-18,Email,False,False
17828,2025-06-28,Paid Search,False,True
17829,2025-11-12,Email,True,False
17830,2025-06-21,Direct,True,True
17831,2025-04-19,Paid Search,False,False
17832,2025-10-28,Email,True,False
17833,2025-09-08,Paid Search,True,False
17834,2025-02-16,Paid Social,False,True
17835,2025-05-11,Organic Search,False,False
17836,2025-03-07,Paid Social,True,True
17837,2025-04-20,Organic Search,True,False
17838,2025-03-08,Paid Search,True,False
17839,2025-12-18,Direct,True,False
17840,2026-01-01,Paid Social,True,True
17841,2025-07-07,Paid Social,False,False
17842,2025-08-30,Organic Search,True,False
17843,2025-09-09,Paid Search,True,True
17844,2025-10-22,Paid Social,True,False
17845,2026-01-30,Paid Search,False,False
17846,2025-06-01,Direct,True,True
17847,2025-01-07,Email,True,True
17848,2026-02-05,Paid Social,False,False
17849,2025-11-25,Email,True,True
17850,2025-04-09,Organic Search,False,True
17851,2025-03-26,Email,True,False
17852,2025-12-22,Email,False,False
17853,2025-10-28,Paid Social,False,False
17854,2025-11-24,Organic Search,False,False
17855,2025-12-07,Paid Search,True,False
17856,2025-12-13,Organic Search,True,False
17857,2025-10-10,Paid Search,True,False
17858,2025-05-24,Email,True,False
17859,2025-02-21,Organic Search,False,False
17860,2025-07-23,Email,False,False
17861,2025-05-20,Email,True,False
17862,2025-03-12,Organic Search,False,False
17863,2025-10-20,Paid Search,True,True
17864,2025-08-02,Email,True,False
17865,2025-06-08,Organic Search,True,False
17866,2025-10-26,Paid Social,True,False
17867,2026-01-26,Email,True,True
17868,2026-01-25,Email,True,False
17869,2025-05-13,Paid Social,True,True
17870,2025-05-07,Paid Search,True,False
17871,2025-07-17,Paid Social,False,True
17872,2025-09-13,Organic Search,True,False
17873,2025-03-22,Email,False,False
17874,2026-01-03,Direct,False,True
17875,2025-06-12,Paid Social,True,False
17876,2026-02-04,Email,True,False
17877,2025-08-20,Direct,True,False
17878,2026-01-31,Direct,True,False
17879,2025-04-19,Direct,False,False
17880,2025-10-23,Organic Search,True,False
17881,2025-07-31,Direct,True,False
17882,2025-07-20,Paid Search,True,False
17883,2025-08-10,Paid Search,True,False
17884,2025-09-30,Email,True,False
17885,2025-03-28,Paid Social,False,False
17886,2025-01-15,Paid Search,False,False
17887,2025-09-20,Paid Social,True,False
17888,2025-11-22,Paid Social,True,False
17889,2025-07-09,Paid Search,False,True
17890,2025-07-29,Email,True,False
17891,2025-06-19,Paid Social,False,False
17892,2025-07-13,Direct,False,False
17893,2025-11-01,Email,False,False
17894,2025-03-11,Direct,False,False
17895,2025-09-23,Organic Search,True,False
17896,2025-11-10,Email,True,True
17897,2025-10-30,Direct,True,False
17898,2025-09-13,Email,False,False
17899,2025-09-20,Direct,True,False
17900,2025-05-04,Email,False,False
17901,2025-05-04,Direct,True,False
17902,2025-10-19,Email,False,True
17903,2026-01-26,Direct,False,False
17904,2025-02-21,Paid Search,True,False
17905,2026-02-05,Paid Search,True,True
17906,2025-04-07,Organic Search,False,True
17907,2025-06-08,Paid Search,True,True
17908,2025-05-26,Paid Search,True,False
17909,2025-11-08,Paid Search,False,False
17910,2025-02-06,Organic Search,False,False
17911,2025-08-23,Paid Search,False,False
17912,2025-10-13,Email,True,False
17913,2025-06-21,Paid Search,False,True
17914,2025-12-21,Direct,False,False
17915,2025-06-02,Organic Search,False,False
17916,2025-04-13,Email,True,False
17917,2025-01-14,Organic Search,True,False
17918,2025-11-19,Email,True,False
17919,2025-05-07,Paid Social,False,False
17920,2025-02-17,Paid Social,True,False
17921,2025-10-09,Organic Search,False,False
17922,2025-08-07,Paid Social,False,False
17923,2025-07-06,Paid Social,False,True
17924,2025-12-30,Paid Search,True,False
17925,2025-01-29,Organic Search,True,True
17926,2025-09-13,Paid Social,True,False
17927,2025-02-23,Email,True,False
17928,2025-06-30,Organic Search,False,True
17929,2025-01-17,Paid Social,True,False
17930,2025-07-04,Paid Social,True,False
17931,2025-06-15,Paid Search,False,False
17932,2025-12-28,Paid Social,False,False
17933,2025-11-14,Organic Search,False,False
17934,2025-07-21,Email,True,True
17935,2025-05-22,Direct,True,False
17936,2025-10-25,Email,False,False
17937,2025-07-25,Organic Search,False,False
17938,2025-10-26,Paid Search,True,True
17939,2025-05-10,Email,True,False
17940,2025-04-07,Organic Search,True,True
17941,2025-11-17,Paid Search,False,True
17942,2025-04-28,Organic Search,False,False
17943,2025-12-13,Direct,True,False
17944,2025-06-07,Email,True,False
17945,2025-01-11,Paid Social,True,False
17946,2025-08-25,Organic Search,True,False
17947,2025-11-10,Paid Search,False,False
17948,2025-05-13,Email,True,False
17949,2025-04-02,Paid Search,False,False
17950,2025-09-06,Paid Search,True,False
17951,2025-07-30,Paid Social,True,True
17952,2025-09-03,Email,False,False
17953,2025-05-21,Direct,True,True
17954,2026-01-28,Direct,False,False
17955,2025-12-03,Email,True,False
17956,2025-06-24,Organic Search,True,False
17957,2026-01-12,Direct,True,False
17958,2025-01-10,Email,True,False
17959,2025-03-01,Paid Search,True,False
17960,2025-08-23,Paid Social,False,False
17961,2025-03-03,Email,True,False
17962,2025-04-09,Paid Social,True,False
17963,2025-11-05,Organic Search,True,False
17964,2025-01-02,Paid Social,False,False
17965,2025-03-18,Paid Search,True,True
17966,2025-05-22,Direct,True,False
17967,2025-09-23,Paid Social,True,False
17968,2025-02-26,Paid Search,True,False
17969,2025-12-27,Email,False,False
17970,2025-04-14,Email,True,False
17971,2025-03-05,Paid Social,False,False
17972,2026-02-03,Organic Search,True,False
17973,2025-08-11,Paid Social,True,False
17974,2025-05-26,Email,False,False
17975,2025-07-02,Direct,True,False
17976,2025-06-16,Organic Search,True,False
17977,2025-12-21,Paid Search,True,False
17978,2025-10-09,Email,True,False
17979,2025-06-04,Paid Search,False,True
17980,2025-02-28,Direct,True,False
17981,2025-07-19,Email,True,True
17982,2025-05-08,Paid Social,True,True
17983,2025-07-15,Paid Social,True,False
17984,2025-10-19,Organic Search,True,False
17985,2026-01-11,Paid Social,False,False
17986,2025-09-01,Paid Search,True,False
17987,2025-12-11,Organic Search,False,False
17988,2025-01-26,Email,True,True
17989,2025-09-18,Email,True,True
17990,2025-02-21,Direct,True,True
17991,2025-06-20,Organic Search,True,True
17992,2026-01-25,Direct,True,False
17993,2025-07-26,Direct,True,False
17994,2026-01-03,Direct,False,False
17995,2025-04-03,Organic Search,False,False
17996,2025-07-29,Email,True,False
17997,2025-06-14,Organic Search,True,True
17998,2025-07-25,Paid Search,True,False
17999,2025-06-20,Email,True,False
18000,2025-03-10,Paid Social,True,False
