order_id,product_id,quantity,unit_price,line_revenue
200000,P0011,2,67.76,135.52
200001,P0022,2,63.05,126.1
200002,P0040,2,75.24,150.48
200002,P0023,2,65.31,130.62
200002,P0009,2,64.08,128.16
200003,P0039,2,78.64,157.28
200003,P0021,1,29.17,29.17
200004,P0029,1,50.87,50.87
200004,P0022,2,67.06,134.12
200004,P0015,1,54.78,54.78
200005,P0040,1,78.65,78.65
200006,P0025,2,34.54,69.08
200006,P0016,1,10.69,10.69
200006,P0019,2,55.93,111.86
200007,P0020,2,48.69,97.38
200007,P0022,1,64.78,64.78
200008,P0026,1,13.73,13.73
200008,P0004,2,26.42,52.84
200008,P0006,1,42.29,42.29
200009,P0013,1,55.8,55.8
200009,P0001,2,29.86,59.72
200010,P0013,2,55.22,110.44
200010,P0037,1,28.43,28.43
200011,P0030,2,74.9,149.8
200012,P0037,2,31.14,62.28
200012,P0009,1,64.08,64.08
200012,P0019,1,53.63,53.63
200013,P0014,1,71.54,71.54
200013,P0015,1,57.65,57.65
200013,P0030,1,67.19,67.19
200014,P0013,2,58.34,116.68
200014,P0037,1,29.45,29.45
200015,P0035,2,48.09,96.18
200015,P0017,2,10.38,20.76
200015,P0016,2,10.38,20.76
200016,P0020,2,49.82,99.64
200016,P0035,2,54.44,108.88
200016,P0017,1,8.74,8.74
200017,P0026,2,12.0,24.0
200018,P0029,1,51.66,51.66
200018,P0009,2,66.18,132.36
200019,P0024,2,43.42,86.84
200019,P0029,1,50.09,50.09
200019,P0003,1,50.71,50.71
200020,P0035,1,56.7,56.7
200021,P0016,2,9.61,19.22
200022,P0029,2,48.23,96.46
200023,P0034,2,43.93,87.86
200024,P0037,2,29.0,58.0
200024,P0014,1,70.75,70.75
200024,P0013,1,56.57,56.57
200025,P0013,1,58.02,58.02
200025,P0034,2,46.8,93.6
200026,P0011,1,70.59,70.59
200027,P0019,1,48.11,48.11
200028,P0033,1,17.51,17.51
200028,P0020,2,45.25,90.5
200029,P0034,1,46.75,46.75
200029,P0038,2,53.42,106.84
200030,P0006,1,48.53,48.53
200030,P0012,1,48.25,48.25
200030,P0007,1,23.31,23.31
200031,P0034,2,41.66,83.32
200031,P0039,1,71.61,71.61
200031,P0021,2,29.88,59.76
200032,P0019,2,48.57,97.14
200032,P0024,1,44.04,44.04
200033,P0037,1,29.77,29.77
200034,P0009,2,57.28,114.56
200035,P0005,1,48.21,48.21
200035,P0019,1,56.32,56.32
200036,P0009,2,59.44,118.88
200036,P0030,1,70.97,70.97
200037,P0001,2,28.8,57.6
200038,P0016,1,10.09,10.09
200038,P0031,1,22.34,22.34
200039,P0013,2,47.45,94.9
200040,P0005,2,40.43,80.86
200041,P0001,1,33.92,33.92
200042,P0011,2,71.67,143.34
200042,P0003,2,51.4,102.8
200042,P0005,2,41.29,82.58
200043,P0018,1,43.51,43.51
200044,P0028,1,18.31,18.31
200044,P0006,2,44.57,89.14
200045,P0033,1,19.2,19.2
200045,P0013,1,53.27,53.27
200046,P0040,2,66.51,133.02
200046,P0021,1,26.74,26.74
200046,P0010,1,69.09,69.09
200047,P0001,1,33.14,33.14
200047,P0026,2,13.51,27.02
200047,P0024,2,51.84,103.68
200048,P0027,2,33.06,66.12
200049,P0007,1,26.8,26.8
200049,P0018,2,47.98,95.96
200049,P0008,1,47.76,47.76
200050,P0011,2,83.33,166.66
200050,P0001,2,29.26,58.52
200050,P0037,1,32.8,32.8
200051,P0018,2,48.95,97.9
200051,P0003,1,49.01,49.01
200052,P0029,1,55.8,55.8
200052,P0014,2,70.32,140.64
200052,P0033,2,18.86,37.72
200053,P0016,1,10.64,10.64
200053,P0024,2,45.58,91.16
200054,P0033,2,19.05,38.1
200054,P0033,2,18.4,36.8
200054,P0036,1,24.62,24.62
200055,P0015,2,53.41,106.82
200055,P0022,2,56.16,112.32
200055,P0004,2,25.08,50.16
200056,P0013,2,50.46,100.92
200056,P0018,1,42.55,42.55
200056,P0028,2,20.07,40.14
200057,P0039,1,72.87,72.87
200057,P0019,2,55.13,110.26
200058,P0032,1,56.51,56.51
200058,P0005,1,40.15,40.15
200059,P0031,1,25.4,25.4
200060,P0010,2,62.65,125.3
200060,P0019,2,55.67,111.34
200060,P0013,1,49.33,49.33
200061,P0022,1,65.91,65.91
200061,P0009,1,60.26,60.26
200061,P0038,1,52.13,52.13
200062,P0031,1,26.22,26.22
200062,P0015,2,61.16,122.32
200062,P0028,2,19.98,39.96
200063,P0016,2,8.91,17.82
200063,P0027,1,34.6,34.6
200063,P0003,1,46.85,46.85
200064,P0008,1,52.46,52.46
200064,P0021,2,30.39,60.78
200064,P0020,2,47.61,95.22
200065,P0040,1,80.93,80.93
200065,P0030,2,72.74,145.48
200065,P0040,1,76.83,76.83
200066,P0020,2,47.94,95.88
200066,P0039,2,73.57,147.14
200066,P0013,2,51.91,103.82
200067,P0005,2,39.86,79.72
200067,P0013,1,48.16,48.16
200068,P0027,1,32.53,32.53
200069,P0039,2,79.87,159.74
200070,P0025,1,37.67,37.67
200071,P0027,2,30.93,61.86
200072,P0036,2,28.12,56.24
200072,P0013,1,56.88,56.88
200073,P0022,1,58.39,58.39
200073,P0004,1,25.43,25.43
200073,P0033,2,16.38,32.76
200074,P0010,2,65.23,130.46
200075,P0024,2,49.7,99.4
200075,P0030,1,79.05,79.05
200075,P0007,2,22.33,44.66
200076,P0035,1,47.1,47.1
200076,P0021,2,29.8,59.6
200077,P0008,2,49.26,98.52
200077,P0014,1,79.22,79.22
200077,P0033,2,18.24,36.48
200078,P0035,1,52.77,52.77
200078,P0002,2,44.74,89.48
200078,P0029,2,55.92,111.84
200079,P0026,1,12.26,12.26
200079,P0027,2,34.89,69.78
200080,P0031,1,22.72,22.72
200080,P0029,2,55.93,111.86
200081,P0015,1,51.78,51.78
200081,P0014,1,68.61,68.61
200081,P0018,2,44.79,89.58
200082,P0005,1,46.52,46.52
200082,P0034,1,43.54,43.54
200082,P0006,1,48.9,48.9
200083,P0027,2,33.79,67.58
200083,P0033,1,19.47,19.47
200084,P0040,2,76.44,152.88
200084,P0027,1,32.78,32.78
200085,P0005,2,41.96,83.92
200085,P0028,2,18.96,37.92
200085,P0027,2,34.83,69.66
200086,P0014,2,67.93,135.86
200086,P0037,2,29.63,59.26
200087,P0022,1,62.95,62.95
200087,P0023,1,66.81,66.81
200087,P0016,1,9.06,9.06
200088,P0025,2,37.81,75.62
200088,P0008,2,45.87,91.74
200089,P0002,2,45.39,90.78
200089,P0007,2,24.65,49.3
200089,P0033,1,18.21,18.21
200090,P0028,1,18.01,18.01
200090,P0023,2,65.27,130.54
200090,P0033,1,19.5,19.5
200091,P0037,1,32.34,32.34
200091,P0023,1,75.07,75.07
200091,P0012,2,46.55,93.1
200092,P0037,2,29.37,58.74
200093,P0036,1,26.75,26.75
200093,P0035,2,57.76,115.52
200094,P0022,2,63.21,126.42
200094,P0031,2,26.54,53.08
200095,P0033,1,19.53,19.53
200095,P0008,2,48.64,97.28
200096,P0034,2,39.43,78.86
200096,P0001,1,28.98,28.98
200097,P0036,2,27.16,54.32
200098,P0001,2,34.25,68.5
200098,P0019,1,48.55,48.55
200098,P0021,1,29.59,29.59
200099,P0013,2,54.79,109.58
200099,P0023,1,78.1,78.1
200099,P0005,2,40.02,80.04
200100,P0002,2,46.23,92.46
200101,P0031,1,22.57,22.57
200102,P0022,2,57.07,114.14
200103,P0016,2,10.34,20.68
200103,P0005,1,45.35,45.35
200104,P0038,2,52.57,105.14
200104,P0005,2,41.75,83.5
200105,P0039,1,73.66,73.66
200105,P0039,1,69.06,69.06
200106,P0003,1,48.42,48.42
200107,P0008,1,51.91,51.91
200107,P0032,2,58.16,116.32
200107,P0013,1,50.7,50.7
200108,P0007,1,26.77,26.77
200108,P0040,2,78.91,157.82
200109,P0025,2,33.53,67.06
200109,P0007,2,23.6,47.2
200109,P0020,2,47.12,94.24
200110,P0021,2,28.06,56.12
200110,P0022,1,59.24,59.24
200110,P0017,1,8.84,8.84
200111,P0027,2,31.18,62.36
200112,P0034,1,39.17,39.17
200112,P0011,2,71.57,143.14
200112,P0002,1,38.68,38.68
200113,P0014,1,76.68,76.68
200114,P0034,1,44.31,44.31
200115,P0016,1,10.52,10.52
200115,P0012,2,39.53,79.06
200116,P0022,1,57.05,57.05
200116,P0006,1,40.7,40.7
200116,P0022,2,60.1,120.2
200117,P0035,2,57.3,114.6
200117,P0002,2,38.32,76.64
200117,P0012,2,40.09,80.18
200118,P0029,2,56.62,113.24
200118,P0023,1,68.65,68.65
200118,P0035,2,49.4,98.8
200119,P0017,2,8.79,17.58
200119,P0002,2,43.87,87.74
200120,P0004,2,22.68,45.36
200120,P0024,1,46.35,46.35
200121,P0040,1,77.32,77.32
200122,P0010,2,68.58,137.16
200123,P0004,2,23.49,46.98
200124,P0018,2,42.58,85.16
200125,P0001,2,31.34,62.68
200125,P0032,1,54.49,54.49
200126,P0023,2,73.21,146.42
200126,P0022,1,65.37,65.37
200127,P0012,2,47.13,94.26
200127,P0007,2,25.85,51.7
200127,P0015,1,54.2,54.2
200128,P0005,2,46.12,92.24
200128,P0035,2,48.74,97.48
200128,P0022,1,58.01,58.01
200129,P0020,2,54.35,108.7
200129,P0024,2,48.89,97.78
200130,P0001,1,33.48,33.48
200130,P0015,1,61.84,61.84
200130,P0035,1,49.68,49.68
200131,P0040,1,77.18,77.18
200131,P0027,2,29.1,58.2
200131,P0008,2,45.68,91.36
200132,P0011,1,72.09,72.09
200132,P0038,1,54.48,54.48
200133,P0016,1,9.58,9.58
200134,P0023,1,71.44,71.44
200134,P0018,2,42.5,85.0
200135,P0036,1,25.1,25.1
200135,P0034,1,45.59,45.59
200135,P0013,1,57.68,57.68
200136,P0029,1,52.41,52.41
200137,P0021,1,30.35,30.35
200137,P0020,1,52.72,52.72
200138,P0032,2,55.62,111.24
200138,P0033,1,18.51,18.51
200139,P0006,2,42.41,84.82
200139,P0004,1,23.54,23.54
200139,P0024,1,45.82,45.82
200140,P0001,1,30.21,30.21
200140,P0024,1,43.63,43.63
200140,P0015,1,60.17,60.17
200141,P0022,2,55.31,110.62
200142,P0034,2,42.73,85.46
200143,P0021,1,27.37,27.37
200143,P0024,2,51.1,102.2
200143,P0026,1,13.66,13.66
200144,P0021,1,28.03,28.03
200145,P0017,2,8.66,17.32
200145,P0027,1,33.64,33.64
200146,P0010,1,71.41,71.41
200147,P0010,2,64.9,129.8
200147,P0025,2,40.26,80.52
200147,P0001,1,32.66,32.66
200148,P0002,2,43.17,86.34
200149,P0006,1,44.93,44.93
200149,P0024,2,48.4,96.8
200150,P0015,2,53.69,107.38
200150,P0037,2,29.8,59.6
200151,P0013,2,53.03,106.06
200151,P0005,2,46.11,92.22
200152,P0001,2,29.32,58.64
200152,P0031,1,22.77,22.77
200152,P0026,1,12.33,12.33
200153,P0031,1,23.59,23.59
200154,P0012,1,39.53,39.53
200154,P0012,1,46.82,46.82
200154,P0037,2,29.05,58.1
200155,P0012,1,46.68,46.68
200156,P0034,2,38.42,76.84
200156,P0020,1,52.62,52.62
200156,P0029,1,55.64,55.64
200157,P0039,2,79.22,158.44
200158,P0021,2,29.7,59.4
200158,P0013,2,54.63,109.26
200158,P0034,2,38.27,76.54
200159,P0032,1,54.88,54.88
200160,P0028,1,21.2,21.2
200160,P0021,2,26.49,52.98
200160,P0013,1,48.56,48.56
200161,P0009,2,64.99,129.98
200161,P0039,2,72.24,144.48
200162,P0017,1,10.25,10.25
200162,P0002,1,42.24,42.24
200162,P0023,2,72.45,144.9
200163,P0024,1,49.6,49.6
200164,P0010,2,63.07,126.14
200164,P0012,1,40.9,40.9
200164,P0032,1,63.57,63.57
200165,P0034,2,45.02,90.04
200166,P0030,1,75.07,75.07
200166,P0017,2,10.38,20.76
200166,P0016,1,10.46,10.46
200167,P0031,2,24.98,49.96
200167,P0015,2,61.12,122.24
200168,P0034,2,45.89,91.78
200168,P0001,2,33.02,66.04
200169,P0039,2,73.08,146.16
200169,P0039,2,72.11,144.22
200170,P0029,1,51.01,51.01
200170,P0040,2,71.5,143.0
200170,P0032,1,55.73,55.73
200171,P0011,1,79.71,79.71
200171,P0012,1,41.86,41.86
200172,P0030,1,73.53,73.53
200172,P0027,2,32.61,65.22
200172,P0002,1,41.13,41.13
200173,P0033,1,16.2,16.2
200173,P0021,2,26.19,52.38
200173,P0021,2,27.86,55.72
200174,P0040,1,67.62,67.62
200175,P0001,2,34.02,68.04
200175,P0029,1,56.72,56.72
200175,P0022,1,63.78,63.78
200176,P0013,1,55.86,55.86
200177,P0024,2,48.43,96.86
200178,P0032,2,61.16,122.32
200178,P0010,2,64.24,128.48
200178,P0013,1,56.35,56.35
200179,P0002,2,44.54,89.08
200179,P0026,2,11.52,23.04
200180,P0032,1,56.43,56.43
200180,P0005,1,46.14,46.14
200180,P0028,2,21.54,43.08
200181,P0030,2,74.27,148.54
200181,P0034,1,43.74,43.74
200182,P0018,2,50.53,101.06
200183,P0028,1,21.09,21.09
200183,P0035,1,53.97,53.97
200183,P0003,2,45.96,91.92
200184,P0008,2,47.42,94.84
200184,P0010,2,65.9,131.8
200185,P0009,1,58.95,58.95
200185,P0012,1,40.89,40.89
200185,P0027,2,34.74,69.48
200186,P0027,2,33.49,66.98
200186,P0031,1,25.44,25.44
200186,P0004,1,22.76,22.76
200187,P0008,2,54.48,108.96
200187,P0006,1,42.15,42.15
200187,P0022,2,67.59,135.18
200188,P0038,1,52.87,52.87
200189,P0014,2,77.34,154.68
200190,P0028,2,20.6,41.2
200190,P0009,2,66.3,132.6
200191,P0034,2,46.86,93.72
200191,P0009,1,59.16,59.16
200192,P0017,2,10.48,20.96
200193,P0021,2,26.07,52.14
200193,P0036,2,27.7,55.4
200194,P0037,2,32.58,65.16
200194,P0004,1,26.21,26.21
200195,P0032,1,55.8,55.8
200195,P0037,1,33.0,33.0
200195,P0013,2,50.46,100.92
200196,P0031,1,21.63,21.63
200196,P0023,1,66.77,66.77
200196,P0031,2,26.49,52.98
200197,P0027,1,29.31,29.31
200197,P0004,1,24.13,24.13
200197,P0001,1,33.79,33.79
200198,P0025,1,35.2,35.2
200198,P0038,2,59.21,118.42
200199,P0017,1,9.14,9.14
200199,P0004,1,24.82,24.82
200199,P0019,1,46.77,46.77
200200,P0012,1,42.58,42.58
200200,P0001,2,33.3,66.6
200201,P0001,1,33.17,33.17
200201,P0012,2,40.72,81.44
200201,P0010,1,61.98,61.98
200202,P0008,1,51.47,51.47
200203,P0012,1,41.76,41.76
200204,P0009,1,65.19,65.19
200204,P0010,2,61.0,122.0
200204,P0032,1,60.63,60.63
200205,P0039,1,70.22,70.22
200206,P0039,1,69.83,69.83
200206,P0004,2,25.3,50.6
200206,P0015,2,57.44,114.88
200207,P0005,2,48.54,97.08
200208,P0029,1,52.48,52.48
200208,P0040,2,79.04,158.08
200208,P0037,1,27.5,27.5
200209,P0022,2,55.99,111.98
200209,P0013,1,56.75,56.75
200209,P0033,2,17.82,35.64
200210,P0023,1,67.62,67.62
200210,P0033,1,18.41,18.41
200211,P0002,1,46.12,46.12
200212,P0001,1,29.14,29.14
200212,P0023,2,65.04,130.08
200212,P0009,1,65.67,65.67
200213,P0025,1,33.36,33.36
200213,P0015,1,54.93,54.93
200214,P0016,1,9.92,9.92
200215,P0034,2,38.79,77.58
200215,P0028,2,18.62,37.24
200216,P0004,1,24.58,24.58
200217,P0017,1,9.89,9.89
200217,P0009,1,60.48,60.48
200218,P0031,2,22.64,45.28
200219,P0026,2,12.41,24.82
200219,P0031,1,23.43,23.43
200220,P0016,1,9.08,9.08
200221,P0028,2,20.81,41.62
200221,P0015,1,51.01,51.01
200221,P0036,1,24.8,24.8
200222,P0031,1,22.04,22.04
200222,P0032,2,54.73,109.46
200222,P0018,2,45.48,90.96
200223,P0031,1,25.81,25.81
200223,P0038,2,56.87,113.74
200224,P0024,1,42.93,42.93
200225,P0009,1,60.63,60.63
200225,P0012,1,45.48,45.48
200225,P0025,1,38.01,38.01
200226,P0007,1,23.63,23.63
200226,P0026,2,11.59,23.18
200226,P0020,1,49.94,49.94
200227,P0006,2,41.2,82.4
200228,P0006,1,47.15,47.15
200229,P0029,2,57.45,114.9
200229,P0030,2,65.99,131.98
200229,P0018,2,41.81,83.62
200230,P0008,1,53.63,53.63
200230,P0002,1,45.75,45.75
200230,P0031,1,25.29,25.29
200231,P0036,1,24.95,24.95
200232,P0030,1,71.05,71.05
200232,P0040,2,68.09,136.18
200232,P0033,2,16.18,32.36
200233,P0037,1,31.98,31.98
200234,P0015,2,56.11,112.22
200235,P0019,2,55.85,111.7
200235,P0017,1,9.85,9.85
200235,P0001,2,33.4,66.8
200236,P0026,1,11.9,11.9
200236,P0024,1,49.99,49.99
200237,P0030,2,72.85,145.7
200238,P0036,2,27.25,54.5
200238,P0010,1,68.26,68.26
200239,P0040,2,71.69,143.38
200239,P0024,2,51.38,102.76
200239,P0009,2,62.32,124.64
200240,P0024,2,49.38,98.76
200241,P0006,1,48.78,48.78
200241,P0008,2,46.19,92.38
200241,P0013,1,56.43,56.43
200242,P0001,1,34.2,34.2
200243,P0004,1,23.92,23.92
200243,P0009,2,62.13,124.26
200244,P0030,1,69.91,69.91
200244,P0004,2,27.69,55.38
200245,P0003,1,55.36,55.36
200246,P0034,2,41.27,82.54
200246,P0013,2,55.6,111.2
200246,P0005,2,42.44,84.88
200247,P0008,1,47.73,47.73
200248,P0017,2,9.58,19.16
200248,P0020,2,50.16,100.32
200248,P0022,1,59.45,59.45
200249,P0001,2,32.45,64.9
200249,P0023,1,79.01,79.01
200250,P0040,2,75.09,150.18
200251,P0012,1,48.16,48.16
200252,P0017,2,9.71,19.42
200253,P0031,2,26.12,52.24
200254,P0029,2,55.32,110.64
200254,P0006,2,47.45,94.9
200255,P0021,1,27.07,27.07
200256,P0017,2,9.84,19.68
200256,P0013,2,48.35,96.7
200256,P0013,1,56.65,56.65
200257,P0008,1,53.57,53.57
200258,P0011,2,80.12,160.24
200259,P0036,2,23.87,47.74
200260,P0007,1,25.82,25.82
200260,P0013,2,53.36,106.72
200261,P0018,2,49.92,99.84
200261,P0019,1,53.77,53.77
200261,P0002,2,42.15,84.3
200262,P0040,2,80.11,160.22
200262,P0007,2,23.72,47.44
200262,P0023,2,67.49,134.98
200263,P0015,2,51.69,103.38
200263,P0011,2,69.67,139.34
200264,P0004,2,25.26,50.52
200264,P0016,2,10.21,20.42
200264,P0028,1,21.52,21.52
200265,P0003,1,50.88,50.88
200265,P0020,2,44.86,89.72
200266,P0035,1,57.68,57.68
200267,P0031,2,24.01,48.02
200268,P0030,2,66.3,132.6
200268,P0021,1,26.89,26.89
200268,P0030,2,71.55,143.1
200269,P0003,1,45.92,45.92
200270,P0008,1,50.12,50.12
200270,P0008,1,54.49,54.49
200271,P0031,1,24.17,24.17
200272,P0024,2,49.3,98.6
200272,P0007,2,23.62,47.24
200273,P0016,2,10.19,20.38
200273,P0014,1,66.57,66.57
200274,P0016,2,9.23,18.46
200275,P0028,1,19.17,19.17
200275,P0032,1,57.16,57.16
200276,P0017,1,10.47,10.47
200276,P0024,1,43.79,43.79
200276,P0002,2,46.63,93.26
200277,P0014,1,72.01,72.01
200278,P0023,2,69.35,138.7
200278,P0023,1,69.84,69.84
200278,P0001,1,30.99,30.99
200279,P0003,2,49.17,98.34
200279,P0029,2,51.33,102.66
200280,P0026,1,13.54,13.54
200280,P0010,1,68.4,68.4
200280,P0023,1,70.1,70.1
200281,P0020,2,44.7,89.4
200281,P0024,2,49.25,98.5
200281,P0003,1,50.61,50.61
200282,P0030,2,67.86,135.72
200282,P0012,2,39.82,79.64
200283,P0019,1,53.15,53.15
200283,P0019,2,49.26,98.52
200284,P0013,2,54.31,108.62
200284,P0005,2,45.07,90.14
200285,P0019,2,54.13,108.26
200285,P0015,1,55.14,55.14
200285,P0028,1,19.81,19.81
200286,P0007,2,24.36,48.72
200287,P0014,2,78.93,157.86
200287,P0008,2,49.48,98.96
200288,P0021,2,29.16,58.32
200289,P0006,2,47.63,95.26
200289,P0030,2,74.22,148.44
200289,P0040,1,78.67,78.67
200290,P0002,1,42.03,42.03
200291,P0009,1,59.8,59.8
200291,P0034,2,45.13,90.26
200291,P0014,2,71.62,143.24
200292,P0012,1,43.65,43.65
200293,P0013,2,51.36,102.72
200293,P0039,2,74.0,148.0
200294,P0018,2,45.72,91.44
200294,P0037,2,30.06,60.12
200295,P0033,2,18.79,37.58
200295,P0014,1,68.61,68.61
200295,P0029,1,49.32,49.32
200296,P0001,2,31.61,63.22
200297,P0021,1,29.89,29.89
200298,P0004,1,25.85,25.85
200298,P0037,1,32.01,32.01
200298,P0010,2,71.24,142.48
200299,P0037,2,29.53,59.06
200300,P0034,2,46.35,92.7
200301,P0022,1,65.92,65.92
200302,P0011,1,77.59,77.59
200302,P0027,2,33.88,67.76
200302,P0029,1,58.15,58.15
200303,P0019,2,49.41,98.82
200303,P0006,1,42.27,42.27
200303,P0037,1,29.85,29.85
200304,P0037,2,29.75,59.5
200304,P0011,2,75.17,150.34
200304,P0022,2,64.27,128.54
200305,P0036,2,23.5,47.0
200305,P0033,1,18.75,18.75
200306,P0038,2,58.65,117.3
200306,P0037,2,30.29,60.58
200306,P0010,1,67.16,67.16
200307,P0040,1,72.74,72.74
200308,P0011,2,71.35,142.7
200308,P0035,1,47.98,47.98
200309,P0023,2,73.23,146.46
200309,P0028,2,19.31,38.62
200310,P0021,2,28.24,56.48
200311,P0024,1,43.99,43.99
200311,P0025,1,37.85,37.85
200312,P0010,1,65.2,65.2
200313,P0024,1,51.98,51.98
200313,P0022,1,59.75,59.75
200314,P0036,2,25.98,51.96
200314,P0025,1,38.87,38.87
200314,P0028,1,18.33,18.33
200315,P0037,2,27.51,55.02
200315,P0020,1,52.3,52.3
200315,P0025,2,33.94,67.88
200316,P0023,2,72.08,144.16
200317,P0036,2,27.24,54.48
200317,P0033,2,16.39,32.78
200318,P0033,2,17.04,34.08
200319,P0038,2,59.33,118.66
200319,P0035,2,54.73,109.46
200319,P0027,2,31.02,62.04
200320,P0028,2,20.78,41.56
200320,P0008,2,49.04,98.08
200320,P0011,1,76.09,76.09
200321,P0008,2,54.12,108.24
200322,P0006,1,44.27,44.27
200323,P0002,2,43.77,87.54
200323,P0030,2,76.18,152.36
200324,P0001,2,34.06,68.12
200325,P0027,2,33.71,67.42
200325,P0004,1,27.78,27.78
200325,P0021,1,29.88,29.88
200326,P0033,2,19.36,38.72
200326,P0028,1,18.87,18.87
200326,P0033,2,15.94,31.88
200327,P0026,2,11.85,23.7
200328,P0006,2,46.29,92.58
200329,P0021,2,31.4,62.8
200330,P0033,2,18.72,37.44
200330,P0022,2,62.18,124.36
200330,P0001,1,33.66,33.66
200331,P0026,1,11.88,11.88
200331,P0013,2,53.46,106.92
200331,P0029,2,55.96,111.92
200332,P0033,1,16.78,16.78
200332,P0014,2,66.24,132.48
200332,P0022,1,57.18,57.18
200333,P0008,1,54.08,54.08
200333,P0009,1,54.88,54.88
200333,P0014,1,79.58,79.58
200334,P0005,1,48.42,48.42
200334,P0031,2,26.33,52.66
200334,P0004,1,25.07,25.07
200335,P0029,2,54.37,108.74
200336,P0005,2,44.14,88.28
200337,P0017,2,10.11,20.22
200337,P0002,2,40.51,81.02
200338,P0002,1,38.83,38.83
200338,P0002,1,40.84,40.84
200338,P0030,1,75.92,75.92
200339,P0040,1,76.96,76.96
200340,P0010,1,63.72,63.72
200340,P0001,2,30.16,60.32
200341,P0026,1,12.14,12.14
200342,P0004,2,23.93,47.86
200343,P0007,1,23.79,23.79
200343,P0038,1,49.49,49.49
200344,P0017,2,9.67,19.34
200345,P0003,1,53.95,53.95
200345,P0028,1,18.8,18.8
200346,P0028,1,17.81,17.81
200347,P0031,2,23.82,47.64
200347,P0034,1,43.63,43.63
200347,P0039,1,75.01,75.01
200348,P0038,1,53.73,53.73
200348,P0003,1,46.59,46.59
200349,P0016,1,9.6,9.6
200349,P0031,2,23.7,47.4
200350,P0003,2,49.79,99.58
200351,P0018,2,43.88,87.76
200352,P0021,1,27.86,27.86
200353,P0036,2,23.42,46.84
200353,P0006,1,47.37,47.37
200353,P0001,2,34.79,69.58
200354,P0031,2,22.08,44.16
200354,P0007,1,25.22,25.22
200355,P0005,1,41.9,41.9
200356,P0004,1,25.24,25.24
200357,P0011,1,70.87,70.87
200358,P0029,2,56.29,112.58
200359,P0004,1,23.33,23.33
200359,P0025,2,35.2,70.4
200360,P0018,1,42.22,42.22
200360,P0015,2,51.38,102.76
200360,P0036,1,24.28,24.28
200361,P0027,1,31.94,31.94
200361,P0016,1,9.51,9.51
200362,P0039,1,76.46,76.46
200362,P0025,2,34.95,69.9
200363,P0031,1,22.01,22.01
200363,P0020,2,44.23,88.46
200364,P0034,1,44.03,44.03
200365,P0007,1,25.14,25.14
200366,P0007,2,23.42,46.84
200366,P0011,1,82.08,82.08
200366,P0020,2,46.35,92.7
200367,P0021,1,30.71,30.71
200367,P0006,1,40.54,40.54
200367,P0003,2,49.36,98.72
200368,P0040,2,71.96,143.92
200369,P0035,1,57.55,57.55
200369,P0034,2,42.91,85.82
200370,P0008,1,50.59,50.59
200371,P0017,1,9.33,9.33
200371,P0006,2,45.96,91.92
200372,P0028,2,19.51,39.02
200372,P0030,1,71.98,71.98
200373,P0006,1,42.21,42.21
200374,P0006,1,45.44,45.44
200374,P0002,1,46.87,46.87
200375,P0008,2,55.07,110.14
200375,P0015,2,51.5,103.0
200376,P0038,2,57.28,114.56
200377,P0027,2,31.79,63.58
200377,P0009,1,66.91,66.91
200378,P0033,2,16.19,32.38
200378,P0034,1,45.84,45.84
200379,P0001,1,29.74,29.74
200379,P0005,1,43.13,43.13
200380,P0002,2,44.51,89.02
200381,P0019,1,52.09,52.09
200381,P0019,2,50.24,100.48
200381,P0003,1,48.92,48.92
200382,P0023,2,79.62,159.24
200382,P0040,1,74.21,74.21
200382,P0032,2,61.53,123.06
200383,P0033,2,18.24,36.48
200383,P0002,2,40.94,81.88
200384,P0017,1,10.1,10.1
200385,P0003,2,53.56,107.12
200385,P0031,1,23.21,23.21
200385,P0017,2,10.59,21.18
200386,P0024,1,42.72,42.72
200386,P0032,2,58.42,116.84
200387,P0032,2,63.48,126.96
200387,P0016,1,9.49,9.49
200387,P0023,1,66.17,66.17
200388,P0037,1,28.2,28.2
200388,P0023,2,74.54,149.08
200389,P0035,1,54.88,54.88
200390,P0022,2,67.57,135.14
200391,P0032,2,59.82,119.64
200392,P0008,1,45.1,45.1
200392,P0025,1,37.49,37.49
200393,P0037,1,27.35,27.35
200393,P0003,1,54.43,54.43
200393,P0014,1,71.72,71.72
200394,P0006,2,41.26,82.52
200395,P0033,1,19.2,19.2
200396,P0004,1,25.8,25.8
200396,P0032,1,56.55,56.55
200396,P0015,1,62.1,62.1
200397,P0038,2,54.99,109.98
200397,P0030,1,67.37,67.37
200397,P0010,2,61.05,122.1
200398,P0019,1,48.66,48.66
200398,P0037,1,32.86,32.86
200399,P0006,2,44.07,88.14
200399,P0012,1,46.23,46.23
200399,P0026,2,11.5,23.0
200400,P0010,2,71.64,143.28
200400,P0022,1,65.39,65.39
200400,P0038,2,52.84,105.68
200401,P0027,2,31.25,62.5
200401,P0014,2,70.52,141.04
200402,P0015,1,51.71,51.71
200403,P0017,2,8.83,17.66
200403,P0029,2,57.83,115.66
200404,P0019,1,47.94,47.94
200404,P0009,1,57.74,57.74
200405,P0037,2,29.2,58.4
200405,P0020,2,52.47,104.94
200405,P0021,2,28.55,57.1
200406,P0040,1,77.63,77.63
200406,P0002,2,39.16,78.32
200406,P0040,1,66.4,66.4
200407,P0021,1,29.7,29.7
200407,P0037,1,27.48,27.48
200408,P0024,2,48.31,96.62
200408,P0010,2,68.1,136.2
200408,P0034,1,40.29,40.29
200409,P0002,2,38.27,76.54
200409,P0015,2,51.68,103.36
200410,P0017,2,8.66,17.32
200410,P0023,2,73.06,146.12
200410,P0037,2,28.63,57.26
200411,P0017,2,8.72,17.44
200411,P0039,1,68.69,68.69
200411,P0032,2,58.75,117.5
200412,P0006,1,48.04,48.04
200412,P0023,1,65.16,65.16
200413,P0008,2,54.28,108.56
200413,P0009,2,60.02,120.04
200414,P0018,2,49.57,99.14
200414,P0021,2,27.0,54.0
200414,P0023,2,70.25,140.5
200415,P0003,2,47.76,95.52
200416,P0019,2,56.68,113.36
200417,P0034,1,45.4,45.4
200417,P0009,2,66.06,132.12
200418,P0031,2,22.67,45.34
200419,P0033,1,18.42,18.42
200419,P0039,1,74.98,74.98
200419,P0014,1,66.49,66.49
200420,P0010,2,63.35,126.7
200420,P0038,1,56.41,56.41
200420,P0037,1,32.9,32.9
200421,P0036,2,27.51,55.02
200421,P0032,2,63.34,126.68
200422,P0034,2,43.9,87.8
200422,P0020,2,45.46,90.92
200422,P0025,1,39.15,39.15
200423,P0010,1,66.74,66.74
200423,P0023,1,65.41,65.41
200423,P0004,1,25.16,25.16
200424,P0032,1,52.75,52.75
200424,P0002,2,46.74,93.48
200424,P0022,1,56.65,56.65
200425,P0021,2,30.23,60.46
200425,P0007,2,25.74,51.48
200426,P0008,1,45.48,45.48
200427,P0008,1,52.26,52.26
200428,P0008,2,50.53,101.06
200428,P0039,1,75.42,75.42
200429,P0030,1,71.43,71.43
200430,P0038,1,51.61,51.61
200430,P0003,1,48.71,48.71
200431,P0039,2,66.5,133.0
200431,P0006,1,47.73,47.73
200431,P0005,1,47.8,47.8
200432,P0026,2,12.09,24.18
200432,P0019,1,46.45,46.45
200433,P0012,2,43.72,87.44
200434,P0008,2,49.43,98.86
200434,P0021,1,27.69,27.69
200435,P0029,1,52.99,52.99
200436,P0040,1,73.49,73.49
200436,P0005,2,44.32,88.64
200437,P0036,2,25.19,50.38
200437,P0030,1,72.32,72.32
200437,P0010,1,69.55,69.55
200438,P0014,2,75.63,151.26
200439,P0016,2,9.99,19.98
200439,P0008,1,50.56,50.56
200439,P0021,1,28.16,28.16
200440,P0004,1,23.85,23.85
200441,P0037,2,30.33,60.66
200441,P0006,2,40.78,81.56
200442,P0029,1,55.54,55.54
200442,P0011,1,79.76,79.76
200443,P0019,1,51.0,51.0
200444,P0030,1,70.37,70.37
200444,P0031,1,23.15,23.15
200445,P0036,2,25.34,50.68
200445,P0037,1,31.17,31.17
200445,P0012,2,41.72,83.44
200446,P0022,2,57.84,115.68
200446,P0019,1,52.76,52.76
200447,P0015,1,52.3,52.3
200447,P0032,1,63.96,63.96
200447,P0027,2,29.18,58.36
200448,P0023,1,69.76,69.76
200448,P0029,2,57.85,115.7
200449,P0011,2,80.42,160.84
200449,P0015,2,60.49,120.98
200449,P0026,2,13.43,26.86
200450,P0025,1,35.81,35.81
200451,P0005,2,43.01,86.02
200451,P0007,1,26.3,26.3
200452,P0024,2,51.41,102.82
200452,P0028,1,18.55,18.55
200453,P0035,1,57.54,57.54
200453,P0003,1,54.46,54.46
200453,P0014,1,76.88,76.88
200454,P0021,2,28.82,57.64
200455,P0036,2,23.96,47.92
200456,P0001,1,35.33,35.33
200457,P0008,1,50.59,50.59
200457,P0018,2,44.82,89.64
200458,P0019,1,49.29,49.29
200459,P0038,1,56.24,56.24
200459,P0034,2,38.85,77.7
200459,P0015,1,59.92,59.92
200460,P0035,2,49.25,98.5
200460,P0022,2,55.44,110.88
200461,P0025,1,36.48,36.48
200461,P0032,1,61.56,61.56
200462,P0007,1,23.3,23.3
200463,P0028,2,17.79,35.58
200463,P0035,2,50.85,101.7
200464,P0004,1,23.22,23.22
200464,P0003,1,51.44,51.44
200465,P0023,2,68.5,137.0
200465,P0005,2,46.66,93.32
200466,P0017,2,9.01,18.02
200467,P0009,2,58.75,117.5
200467,P0005,2,43.59,87.18
200467,P0034,2,40.55,81.1
200468,P0020,1,53.76,53.76
200468,P0034,2,40.87,81.74
200468,P0013,2,50.53,101.06
200469,P0024,2,50.17,100.34
200470,P0036,1,25.12,25.12
200471,P0034,1,41.94,41.94
200472,P0009,2,66.3,132.6
200473,P0032,1,55.3,55.3
200473,P0015,1,59.53,59.53
200473,P0014,1,77.38,77.38
200474,P0014,1,74.56,74.56
200475,P0005,1,46.88,46.88
200476,P0023,2,71.75,143.5
200476,P0001,1,29.64,29.64
200476,P0006,1,48.01,48.01
200477,P0027,2,33.39,66.78
200478,P0021,2,28.59,57.18
200479,P0018,2,48.87,97.74
200479,P0026,1,12.49,12.49
200480,P0016,1,10.47,10.47
200481,P0012,2,46.41,92.82
200481,P0025,1,34.2,34.2
200481,P0013,1,52.7,52.7
200482,P0038,2,50.57,101.14
200482,P0018,1,44.61,44.61
200482,P0038,1,48.73,48.73
200483,P0009,2,65.87,131.74
200483,P0008,1,47.15,47.15
200483,P0012,2,42.0,84.0
200484,P0026,1,13.85,13.85
200485,P0002,1,40.9,40.9
200485,P0016,2,10.01,20.02
200485,P0021,2,26.4,52.8
200486,P0009,2,54.82,109.64
200487,P0005,2,39.83,79.66
200487,P0031,1,21.96,21.96
200488,P0011,1,81.28,81.28
200489,P0025,2,35.45,70.9
200490,P0024,2,50.92,101.84
200490,P0001,1,35.22,35.22
200490,P0004,2,23.12,46.24
200491,P0018,2,50.07,100.14
200491,P0028,1,18.42,18.42
200492,P0030,1,77.47,77.47
200492,P0012,1,46.2,46.2
200493,P0014,1,78.28,78.28
200493,P0022,1,61.81,61.81
200493,P0026,1,13.72,13.72
200494,P0040,2,79.5,159.0
200494,P0019,2,53.4,106.8
200495,P0038,1,50.12,50.12
200495,P0011,2,67.97,135.94
200496,P0032,2,54.27,108.54
200496,P0038,1,58.51,58.51
200497,P0008,1,54.51,54.51
200498,P0001,2,29.17,58.34
200498,P0019,2,56.36,112.72
200498,P0005,1,45.79,45.79
200499,P0015,1,59.69,59.69
200499,P0019,2,51.36,102.72
200499,P0004,2,23.07,46.14
200500,P0032,2,59.37,118.74
200500,P0015,1,55.2,55.2
200501,P0019,1,52.99,52.99
200502,P0014,1,68.78,68.78
200502,P0037,1,30.52,30.52
200503,P0040,1,67.61,67.61
200503,P0026,1,13.58,13.58
200504,P0006,2,47.98,95.96
200505,P0024,2,42.95,85.9
200506,P0013,1,48.27,48.27
200507,P0023,1,79.46,79.46
200507,P0021,1,26.28,26.28
200507,P0012,1,45.57,45.57
200508,P0009,1,55.71,55.71
200509,P0023,1,71.67,71.67
200509,P0017,2,10.09,20.18
200509,P0021,2,26.24,52.48
200510,P0023,1,71.37,71.37
200510,P0035,1,50.21,50.21
200511,P0035,2,57.14,114.28
200511,P0026,2,13.99,27.98
200511,P0030,1,67.24,67.24
200512,P0034,2,43.37,86.74
200512,P0038,1,57.44,57.44
200512,P0012,2,42.16,84.32
200513,P0039,2,70.49,140.98
200513,P0032,1,52.49,52.49
200513,P0005,1,41.97,41.97
200514,P0004,1,26.78,26.78
200514,P0025,2,35.9,71.8
200515,P0037,1,28.08,28.08
200516,P0014,2,77.8,155.6
200517,P0027,2,34.54,69.08
200517,P0031,1,25.11,25.11
200518,P0029,1,56.68,56.68
200518,P0014,2,74.84,149.68
200518,P0035,2,49.44,98.88
200519,P0018,2,45.99,91.98
200519,P0019,2,51.7,103.4
200519,P0004,1,27.0,27.0
200520,P0026,2,11.78,23.56
200520,P0022,1,57.63,57.63
200520,P0011,2,73.56,147.12
200521,P0023,1,73.52,73.52
200522,P0010,1,68.65,68.65
200522,P0032,1,63.97,63.97
200523,P0033,1,16.52,16.52
200523,P0024,1,45.35,45.35
200523,P0036,2,24.52,49.04
200524,P0017,2,10.52,21.04
200524,P0022,2,57.74,115.48
200524,P0013,2,49.19,98.38
200525,P0027,2,32.13,64.26
200526,P0038,2,48.52,97.04
200526,P0036,1,27.04,27.04
200526,P0020,2,44.34,88.68
200527,P0028,2,17.75,35.5
200527,P0021,2,27.59,55.18
200528,P0002,1,39.54,39.54
200529,P0035,2,55.6,111.2
200529,P0016,1,10.51,10.51
200530,P0015,2,53.73,107.46
200530,P0036,2,24.11,48.22
200530,P0014,2,76.0,152.0
200531,P0039,1,75.67,75.67
200532,P0035,1,51.05,51.05
200532,P0013,1,50.15,50.15
200533,P0014,2,70.73,141.46
200534,P0034,2,45.34,90.68
200534,P0017,2,9.86,19.72
200534,P0036,1,23.69,23.69
200535,P0030,2,72.03,144.06
200535,P0019,1,55.33,55.33
200536,P0022,1,55.79,55.79
200536,P0010,2,69.06,138.12
200537,P0005,2,40.36,80.72
200537,P0040,1,79.79,79.79
200537,P0020,2,47.9,95.8
200538,P0011,1,77.07,77.07
200538,P0015,2,56.7,113.4
200539,P0017,1,8.78,8.78
200539,P0021,2,29.5,59.0
200539,P0034,1,41.67,41.67
200540,P0002,1,39.86,39.86
200540,P0034,1,45.44,45.44
200540,P0003,1,48.65,48.65
200541,P0015,2,55.95,111.9
200541,P0037,1,29.61,29.61
200542,P0037,1,29.4,29.4
200542,P0017,2,9.07,18.14
200542,P0020,2,54.23,108.46
200543,P0020,2,50.63,101.26
200544,P0024,1,51.4,51.4
200544,P0011,2,73.12,146.24
200544,P0011,1,83.32,83.32
200545,P0035,1,48.49,48.49
200546,P0004,1,25.35,25.35
200546,P0013,1,49.41,49.41
200547,P0019,1,51.86,51.86
200547,P0031,1,22.49,22.49
200547,P0022,1,64.63,64.63
200548,P0030,1,67.6,67.6
200548,P0010,2,71.72,143.44
200549,P0036,2,26.28,52.56
200549,P0019,1,52.05,52.05
200550,P0031,2,25.11,50.22
200551,P0029,2,52.95,105.9
200551,P0029,1,51.49,51.49
200551,P0009,1,67.14,67.14
200552,P0015,2,51.63,103.26
200552,P0025,2,38.85,77.7
200553,P0004,2,23.69,47.38
200554,P0009,2,56.83,113.66
200554,P0002,1,38.39,38.39
200554,P0033,1,19.3,19.3
200555,P0033,2,17.93,35.86
200555,P0031,1,25.09,25.09
200555,P0025,2,38.86,77.72
200556,P0008,2,45.24,90.48
200556,P0005,2,40.85,81.7
200557,P0009,2,61.7,123.4
200558,P0002,1,38.85,38.85
200558,P0014,2,79.85,159.7
200558,P0033,1,17.1,17.1
200559,P0031,1,22.67,22.67
200559,P0020,1,53.73,53.73
200559,P0009,2,65.44,130.88
200560,P0027,1,30.65,30.65
200560,P0036,1,27.34,27.34
200561,P0004,1,25.63,25.63
200562,P0012,1,44.27,44.27
200563,P0007,1,26.39,26.39
200564,P0022,2,60.35,120.7
200564,P0013,1,49.79,49.79
200565,P0039,1,77.85,77.85
200566,P0016,2,10.32,20.64
200566,P0031,1,22.53,22.53
200567,P0022,2,64.39,128.78
200567,P0035,1,54.12,54.12
200567,P0040,1,81.63,81.63
200568,P0018,2,44.4,88.8
200568,P0037,2,29.11,58.22
200568,P0031,1,21.61,21.61
200569,P0008,2,54.91,109.82
200569,P0015,1,55.29,55.29
200570,P0025,2,39.8,79.6
200570,P0015,1,52.47,52.47
200570,P0010,2,60.01,120.02
200571,P0005,2,41.7,83.4
200571,P0034,1,44.61,44.61
200572,P0026,2,13.12,26.24
200572,P0027,1,32.96,32.96
200573,P0023,1,77.88,77.88
200573,P0040,1,70.85,70.85
200574,P0035,2,57.21,114.42
200574,P0031,1,24.7,24.7
200574,P0004,1,26.77,26.77
200575,P0021,1,27.05,27.05
200576,P0039,1,66.12,66.12
200576,P0003,1,54.87,54.87
200576,P0011,2,74.74,149.48
200577,P0011,2,78.23,156.46
200578,P0022,2,66.04,132.08
200578,P0011,2,75.92,151.84
200578,P0015,1,51.58,51.58
200579,P0028,1,21.53,21.53
200579,P0001,1,29.9,29.9
200579,P0008,1,49.85,49.85
200580,P0038,2,49.98,99.96
200580,P0021,2,29.66,59.32
200581,P0020,1,53.65,53.65
200582,P0024,1,50.14,50.14
200582,P0011,1,83.0,83.0
200583,P0021,2,28.82,57.64
200583,P0018,1,42.6,42.6
200583,P0025,2,40.09,80.18
200584,P0040,2,75.9,151.8
200584,P0031,1,22.04,22.04
200585,P0038,2,54.36,108.72
200586,P0039,2,69.05,138.1
200586,P0036,2,26.24,52.48
200587,P0003,1,49.54,49.54
200587,P0035,1,54.28,54.28
200588,P0039,2,68.58,137.16
200588,P0012,1,40.63,40.63
200588,P0029,2,50.53,101.06
200589,P0001,1,30.16,30.16
200589,P0040,2,74.6,149.2
200590,P0018,1,47.78,47.78
200590,P0018,2,49.97,99.94
200590,P0024,2,49.25,98.5
200591,P0009,2,61.63,123.26
200591,P0003,1,51.16,51.16
200591,P0020,2,48.12,96.24
200592,P0008,2,54.78,109.56
200592,P0037,2,30.71,61.42
200593,P0039,1,76.26,76.26
200593,P0035,2,49.91,99.82
200594,P0018,2,47.46,94.92
200594,P0025,1,39.03,39.03
200595,P0034,2,43.35,86.7
200595,P0001,2,30.16,60.32
200595,P0010,2,70.47,140.94
200596,P0040,1,80.76,80.76
200596,P0012,1,46.76,46.76
200596,P0008,2,48.95,97.9
200597,P0024,2,43.12,86.24
200597,P0009,2,58.65,117.3
200598,P0020,2,48.14,96.28
200598,P0012,2,44.85,89.7
200599,P0037,1,31.67,31.67
200600,P0037,2,27.6,55.2
200601,P0038,1,58.5,58.5
200601,P0030,1,66.86,66.86
200602,P0013,2,57.55,115.1
200602,P0029,2,56.53,113.06
200602,P0010,2,65.74,131.48
200603,P0010,1,61.99,61.99
200603,P0035,2,54.34,108.68
200604,P0036,1,22.91,22.91
200604,P0035,1,50.51,50.51
200605,P0027,1,31.02,31.02
200605,P0018,2,44.79,89.58
200606,P0009,1,57.39,57.39
200606,P0015,1,52.46,52.46
200607,P0004,2,23.21,46.42
200607,P0009,1,61.93,61.93
200607,P0021,1,29.26,29.26
200608,P0037,2,31.22,62.44
200608,P0038,2,57.65,115.3
200608,P0032,2,59.11,118.22
200609,P0035,2,51.44,102.88
200609,P0021,1,27.7,27.7
200609,P0022,1,57.54,57.54
200610,P0026,1,14.03,14.03
200610,P0035,1,51.78,51.78
200610,P0020,1,47.03,47.03
200611,P0004,1,26.41,26.41
200612,P0026,1,12.28,12.28
200612,P0019,2,56.38,112.76
200613,P0002,2,46.63,93.26
200613,P0040,2,81.45,162.9
200614,P0010,2,63.76,127.52
200614,P0016,2,10.3,20.6
200614,P0040,1,68.68,68.68
200615,P0034,1,44.87,44.87
200615,P0027,2,34.48,68.96
200616,P0001,2,29.42,58.84
200616,P0022,2,60.56,121.12
200616,P0039,2,79.79,159.58
200617,P0039,1,70.97,70.97
200618,P0008,2,53.11,106.22
200618,P0013,2,47.72,95.44
200618,P0019,1,46.25,46.25
200619,P0013,1,54.44,54.44
200620,P0021,2,27.35,54.7
200620,P0009,2,61.68,123.36
200620,P0020,2,46.23,92.46
200621,P0039,1,73.23,73.23
200621,P0017,1,9.3,9.3
200621,P0015,2,56.57,113.14
200622,P0019,1,52.18,52.18
200622,P0005,1,44.93,44.93
200622,P0008,2,52.76,105.52
200623,P0016,2,9.28,18.56
200623,P0035,2,55.82,111.64
200623,P0012,1,39.91,39.91
200624,P0002,2,44.77,89.54
200624,P0035,2,54.9,109.8
200624,P0023,2,74.96,149.92
200625,P0015,1,54.87,54.87
200626,P0022,1,63.63,63.63
200626,P0008,2,46.49,92.98
200626,P0027,2,33.69,67.38
200627,P0035,1,51.69,51.69
200628,P0017,1,9.2,9.2
200628,P0005,1,41.64,41.64
200628,P0025,2,36.63,73.26
200629,P0031,2,21.74,43.48
200629,P0013,1,49.84,49.84
200629,P0027,1,32.62,32.62
200630,P0037,1,30.5,30.5
200630,P0001,2,35.42,70.84
200631,P0012,1,45.7,45.7
200631,P0023,1,79.71,79.71
200632,P0029,2,53.61,107.22
200633,P0014,2,70.5,141.0
200634,P0010,2,62.89,125.78
200634,P0014,2,74.84,149.68
200635,P0032,1,56.98,56.98
200635,P0024,1,50.16,50.16
200635,P0013,2,51.04,102.08
200636,P0030,2,72.7,145.4
200636,P0024,1,49.64,49.64
200636,P0012,2,47.81,95.62
200637,P0011,1,80.22,80.22
200637,P0004,1,24.34,24.34
200637,P0030,2,76.09,152.18
200638,P0015,1,50.69,50.69
200638,P0006,2,41.24,82.48
200638,P0010,1,67.3,67.3
200639,P0037,2,27.69,55.38
200639,P0029,1,48.1,48.1
200640,P0015,2,52.68,105.36
200640,P0012,2,45.94,91.88
200641,P0008,2,54.26,108.52
200642,P0037,2,33.16,66.32
200643,P0021,1,29.44,29.44
200644,P0035,2,50.35,100.7
200644,P0038,2,54.86,109.72
200644,P0013,2,49.75,99.5
200645,P0037,2,29.19,58.38
200645,P0012,2,43.66,87.32
200645,P0036,1,25.97,25.97
200646,P0004,2,23.54,47.08
200646,P0029,1,57.68,57.68
200647,P0033,1,17.83,17.83
200648,P0028,2,21.5,43.0
200649,P0033,1,17.31,17.31
200649,P0026,1,11.51,11.51
200649,P0025,2,35.08,70.16
200650,P0023,2,69.02,138.04
200651,P0024,1,42.92,42.92
200651,P0002,2,45.43,90.86
200651,P0033,1,17.34,17.34
200652,P0039,1,68.21,68.21
200652,P0017,1,9.08,9.08
200652,P0023,1,73.32,73.32
200653,P0039,1,70.26,70.26
200653,P0034,1,40.02,40.02
200653,P0040,1,67.34,67.34
200654,P0015,1,56.93,56.93
200654,P0038,1,56.47,56.47
200654,P0015,2,50.97,101.94
200655,P0003,2,54.29,108.58
200655,P0001,1,29.6,29.6
200655,P0028,2,21.54,43.08
200656,P0032,2,55.82,111.64
200656,P0040,1,70.13,70.13
200656,P0015,2,60.32,120.64
200657,P0035,2,57.71,115.42
200658,P0001,1,30.38,30.38
200659,P0012,2,48.06,96.12
200659,P0001,1,31.2,31.2
200659,P0023,2,64.8,129.6
200660,P0022,2,67.57,135.14
200660,P0021,2,27.4,54.8
200660,P0025,1,39.9,39.9
200661,P0016,2,9.34,18.68
200661,P0009,1,65.63,65.63
200662,P0026,2,14.05,28.1
200663,P0016,1,9.09,9.09
200664,P0036,1,24.38,24.38
200664,P0020,2,49.98,99.96
200665,P0020,2,54.21,108.42
200665,P0032,2,61.63,123.26
200665,P0032,1,58.93,58.93
200666,P0027,2,34.0,68.0
200667,P0027,2,32.37,64.74
200667,P0017,1,10.1,10.1
200668,P0026,2,12.24,24.48
200668,P0011,1,73.2,73.2
200669,P0016,1,10.28,10.28
200669,P0026,2,13.9,27.8
200670,P0008,1,46.39,46.39
200670,P0033,2,16.8,33.6
200671,P0005,2,48.01,96.02
200671,P0008,2,53.42,106.84
200671,P0004,1,24.5,24.5
200672,P0031,1,23.25,23.25
200672,P0033,2,18.88,37.76
200673,P0039,1,77.51,77.51
200674,P0009,1,62.64,62.64
200674,P0027,2,32.23,64.46
200674,P0025,1,40.39,40.39
200675,P0024,2,46.25,92.5
200675,P0027,1,30.81,30.81
200675,P0040,2,70.14,140.28
200676,P0015,2,58.22,116.44
200677,P0015,2,62.22,124.44
200677,P0028,2,18.91,37.82
200677,P0019,2,54.9,109.8
200678,P0014,1,81.26,81.26
200678,P0040,2,74.58,149.16
200678,P0006,2,48.17,96.34
200679,P0002,1,39.28,39.28
200680,P0001,1,30.69,30.69
200681,P0017,2,9.59,19.18
200681,P0018,2,45.42,90.84
200681,P0016,2,9.41,18.82
200682,P0019,1,50.29,50.29
200682,P0002,2,41.71,83.42
200682,P0029,2,58.32,116.64
200683,P0040,1,73.92,73.92
200684,P0033,2,18.47,36.94
200685,P0015,2,58.66,117.32
200686,P0015,1,53.28,53.28
200687,P0031,2,21.77,43.54
200687,P0034,1,38.12,38.12
200687,P0033,1,17.67,17.67
200688,P0009,2,60.8,121.6
200689,P0021,1,26.23,26.23
200689,P0037,2,33.46,66.92
200690,P0013,1,50.11,50.11
200691,P0025,1,34.17,34.17
200691,P0012,1,40.9,40.9
200691,P0009,1,62.14,62.14
200692,P0032,2,54.89,109.78
200693,P0021,2,28.16,56.32
200693,P0007,2,21.92,43.84
200693,P0003,1,49.92,49.92
200694,P0018,2,44.77,89.54
200694,P0001,2,32.76,65.52
200694,P0040,1,75.13,75.13
200695,P0014,1,79.46,79.46
200695,P0007,2,23.88,47.76
200695,P0020,1,53.35,53.35
200696,P0030,2,78.34,156.68
200697,P0040,2,78.47,156.94
200698,P0040,1,74.53,74.53
200699,P0013,2,55.7,111.4
200700,P0019,2,52.02,104.04
200700,P0010,1,69.43,69.43
200701,P0017,2,9.53,19.06
200702,P0024,2,50.93,101.86
200702,P0010,1,66.78,66.78
200702,P0013,2,54.97,109.94
200703,P0023,1,74.09,74.09
200703,P0024,2,47.25,94.5
200704,P0040,1,74.29,74.29
200705,P0036,2,25.53,51.06
200705,P0017,1,9.13,9.13
200706,P0012,1,43.17,43.17
200706,P0024,1,43.23,43.23
200706,P0004,1,26.46,26.46
200707,P0015,1,54.55,54.55
200707,P0040,2,77.79,155.58
200708,P0007,2,23.19,46.38
200708,P0016,2,9.26,18.52
200708,P0001,1,31.28,31.28
200709,P0003,2,51.34,102.68
200710,P0039,1,70.55,70.55
200711,P0026,2,12.3,24.6
200711,P0029,1,55.8,55.8
200711,P0038,1,49.68,49.68
200712,P0038,1,52.07,52.07
200712,P0029,1,49.65,49.65
200713,P0035,1,47.8,47.8
200713,P0024,2,49.32,98.64
200713,P0013,1,53.38,53.38
200714,P0016,2,8.88,17.76
200714,P0010,2,71.37,142.74
200714,P0011,2,78.94,157.88
200715,P0006,1,46.99,46.99
200716,P0025,1,38.81,38.81
200716,P0026,2,13.97,27.94
200717,P0004,1,26.95,26.95
200717,P0006,1,47.02,47.02
200717,P0034,2,46.81,93.62
200718,P0022,2,57.24,114.48
200719,P0025,2,37.77,75.54
200719,P0013,2,54.09,108.18
200720,P0003,1,54.96,54.96
200721,P0010,2,59.18,118.36
200721,P0036,1,24.96,24.96
200722,P0037,1,33.43,33.43
200722,P0026,1,12.92,12.92
200723,P0028,1,17.76,17.76
200724,P0011,1,71.94,71.94
200724,P0013,2,49.15,98.3
200725,P0035,2,51.66,103.32
200726,P0015,2,53.15,106.3
200726,P0038,1,50.71,50.71
200727,P0021,2,26.5,53.0
200727,P0016,2,9.95,19.9
200728,P0022,1,63.46,63.46
200728,P0007,2,22.84,45.68
200728,P0010,1,70.49,70.49
200729,P0007,2,23.87,47.74
200729,P0002,1,39.09,39.09
200730,P0032,1,54.27,54.27
200730,P0009,2,59.13,118.26
200730,P0034,2,39.19,78.38
200731,P0019,1,55.15,55.15
200732,P0028,2,20.71,41.42
200732,P0029,1,48.35,48.35
200732,P0015,1,53.04,53.04
200733,P0013,1,57.52,57.52
200733,P0035,2,47.02,94.04
200733,P0012,1,44.32,44.32
200734,P0024,2,49.53,99.06
200734,P0026,2,13.26,26.52
200734,P0008,1,49.79,49.79
200735,P0024,1,49.9,49.9
200736,P0004,1,27.69,27.69
200736,P0039,2,74.16,148.32
200737,P0028,1,17.9,17.9
200737,P0018,1,41.79,41.79
200738,P0039,2,73.83,147.66
200738,P0024,2,45.16,90.32
200739,P0006,1,44.71,44.71
200739,P0007,1,21.88,21.88
200740,P0025,1,40.59,40.59
200740,P0014,2,66.12,132.24
200740,P0015,1,59.29,59.29
200741,P0002,1,41.06,41.06
200741,P0036,1,27.28,27.28
200742,P0018,2,49.05,98.1
200743,P0010,1,62.78,62.78
200744,P0025,2,36.29,72.58
200744,P0039,1,69.47,69.47
200745,P0015,1,61.99,61.99
200745,P0017,1,10.34,10.34
200745,P0008,1,49.49,49.49
200746,P0030,1,78.77,78.77
200746,P0012,1,45.12,45.12
200747,P0014,1,76.84,76.84
200747,P0005,2,43.79,87.58
200747,P0001,1,29.14,29.14
200748,P0003,1,54.21,54.21
200748,P0003,2,49.07,98.14
200749,P0036,1,26.71,26.71
200750,P0012,1,47.54,47.54
200750,P0024,1,48.71,48.71
200751,P0019,2,56.56,113.12
200751,P0023,1,73.3,73.3
200751,P0028,2,21.4,42.8
200752,P0029,1,50.81,50.81
200752,P0009,1,62.87,62.87
200753,P0007,2,23.86,47.72
200754,P0034,1,46.01,46.01
200754,P0023,2,65.72,131.44
200754,P0034,2,45.14,90.28
200755,P0030,1,76.85,76.85
200756,P0010,1,68.62,68.62
200756,P0024,1,50.39,50.39
200756,P0029,1,52.89,52.89
200757,P0002,2,45.66,91.32
200758,P0031,1,25.03,25.03
200759,P0025,2,34.44,68.88
200760,P0024,2,43.21,86.42
200760,P0034,2,44.91,89.82
200761,P0002,1,44.95,44.95
200761,P0006,1,42.0,42.0
200761,P0008,1,45.49,45.49
200762,P0008,2,48.33,96.66
200762,P0039,1,67.54,67.54
200763,P0008,1,50.16,50.16
200763,P0001,1,34.97,34.97
200764,P0025,1,37.76,37.76
200764,P0028,2,20.24,40.48
200765,P0030,2,78.63,157.26
200766,P0011,1,78.1,78.1
200766,P0026,2,12.54,25.08
200766,P0030,2,71.79,143.58
200767,P0004,1,27.32,27.32
200767,P0017,2,9.93,19.86
200768,P0008,2,45.92,91.84
200768,P0035,1,47.93,47.93
200768,P0012,2,41.93,83.86
200769,P0021,1,28.71,28.71
200769,P0005,2,42.44,84.88
200769,P0002,1,43.07,43.07
200770,P0009,2,67.15,134.3
200770,P0006,2,46.98,93.96
200771,P0012,2,39.98,79.96
200771,P0034,2,39.66,79.32
200772,P0001,1,33.47,33.47
200772,P0019,1,50.08,50.08
200772,P0040,2,66.94,133.88
200773,P0007,1,24.33,24.33
200773,P0017,2,9.13,18.26
200773,P0025,2,37.98,75.96
200774,P0022,2,61.42,122.84
200774,P0015,2,53.99,107.98
200774,P0016,2,10.02,20.04
200775,P0005,2,45.42,90.84
200775,P0032,2,60.57,121.14
200775,P0014,2,75.03,150.06
200776,P0020,2,54.26,108.52
200776,P0008,1,48.2,48.2
200777,P0018,1,46.9,46.9
200777,P0001,1,29.49,29.49
200778,P0020,2,50.91,101.82
200778,P0010,1,62.2,62.2
200779,P0030,2,70.64,141.28
200780,P0030,1,78.55,78.55
200781,P0008,2,47.56,95.12
200781,P0024,2,46.76,93.52
200781,P0038,1,54.78,54.78
200782,P0037,2,28.27,56.54
200782,P0029,1,54.72,54.72
200782,P0033,2,19.5,39.0
200783,P0011,2,77.66,155.32
200783,P0001,1,30.38,30.38
200783,P0005,1,42.91,42.91
200784,P0002,2,45.32,90.64
200784,P0017,2,9.64,19.28
200784,P0005,2,48.13,96.26
200785,P0018,1,45.16,45.16
200785,P0039,2,79.41,158.82
200785,P0028,1,17.68,17.68
200786,P0003,1,52.17,52.17
200786,P0033,1,19.36,19.36
200787,P0013,1,57.69,57.69
200788,P0040,2,72.48,144.96
200788,P0028,2,18.55,37.1
200789,P0040,2,67.41,134.82
200790,P0023,1,75.21,75.21
200790,P0011,1,74.6,74.6
200791,P0018,1,44.13,44.13
200791,P0021,2,26.95,53.9
200792,P0004,1,24.65,24.65
200793,P0020,1,49.92,49.92
200793,P0004,2,25.21,50.42
200793,P0008,2,45.57,91.14
200794,P0034,1,40.16,40.16
200794,P0038,2,54.12,108.24
200795,P0002,1,43.46,43.46
200795,P0013,2,48.73,97.46
200796,P0002,2,43.25,86.5
200797,P0030,2,67.6,135.2
200797,P0021,2,27.35,54.7
200798,P0018,1,47.34,47.34
200798,P0033,1,16.58,16.58
200799,P0031,1,24.66,24.66
200799,P0005,1,43.86,43.86
200799,P0006,1,41.03,41.03
200800,P0018,1,45.75,45.75
200800,P0033,1,18.32,18.32
200800,P0020,1,46.14,46.14
200801,P0023,2,75.8,151.6
200801,P0020,2,45.33,90.66
200802,P0039,1,72.5,72.5
200803,P0026,2,12.55,25.1
200803,P0029,1,48.63,48.63
200803,P0033,1,19.17,19.17
200804,P0002,2,42.01,84.02
200805,P0016,2,10.65,21.3
200805,P0017,1,9.27,9.27
200806,P0039,1,68.84,68.84
200807,P0004,2,24.74,49.48
200808,P0008,2,45.73,91.46
200808,P0011,2,82.4,164.8
200808,P0009,1,63.11,63.11
200809,P0031,1,22.27,22.27
200810,P0034,2,38.67,77.34
200810,P0023,2,76.76,153.52
200811,P0012,2,46.73,93.46
200811,P0039,2,70.47,140.94
200812,P0001,2,32.16,64.32
200812,P0010,2,71.1,142.2
200813,P0008,2,54.67,109.34
200814,P0015,1,54.34,54.34
200814,P0035,1,47.85,47.85
200814,P0011,1,72.3,72.3
200815,P0017,1,8.87,8.87
200816,P0021,1,31.07,31.07
200816,P0031,2,23.69,47.38
200817,P0014,1,81.18,81.18
200817,P0003,1,47.3,47.3
200817,P0016,2,8.85,17.7
200818,P0023,2,71.77,143.54
200819,P0007,2,26.08,52.16
200819,P0012,1,45.71,45.71
200820,P0039,1,70.03,70.03
200820,P0012,2,44.88,89.76
200820,P0017,1,9.28,9.28
200821,P0005,2,48.78,97.56
200821,P0036,2,24.15,48.3
200822,P0006,1,44.88,44.88
200822,P0025,1,40.29,40.29
200822,P0017,1,10.5,10.5
200823,P0005,2,44.16,88.32
200823,P0016,2,9.5,19.0
200824,P0017,2,8.84,17.68
200824,P0006,1,43.67,43.67
200824,P0023,2,64.91,129.82
200825,P0032,2,61.25,122.5
200825,P0005,1,48.3,48.3
200825,P0027,1,30.04,30.04
200826,P0026,1,13.06,13.06
200826,P0026,2,13.39,26.78
200827,P0025,1,40.5,40.5
200827,P0017,1,9.44,9.44
200827,P0036,2,26.07,52.14
200828,P0001,1,35.43,35.43
200828,P0015,2,52.86,105.72
200828,P0027,1,34.84,34.84
200829,P0038,1,49.68,49.68
200829,P0040,1,78.6,78.6
200829,P0009,2,63.43,126.86
200830,P0029,2,50.37,100.74
200831,P0004,2,27.06,54.12
200832,P0009,1,63.73,63.73
200832,P0018,2,44.01,88.02
200832,P0005,2,44.08,88.16
200833,P0026,1,11.94,11.94
200833,P0025,2,37.78,75.56
200833,P0006,1,40.9,40.9
200834,P0037,1,29.82,29.82
200834,P0031,2,24.65,49.3
200835,P0031,2,21.6,43.2
200836,P0034,2,43.64,87.28
200836,P0011,2,73.45,146.9
200837,P0015,2,52.73,105.46
200838,P0024,1,48.04,48.04
200839,P0040,1,72.39,72.39
200839,P0037,2,28.9,57.8
200839,P0031,1,26.56,26.56
200840,P0029,1,47.49,47.49
200840,P0007,1,23.56,23.56
200841,P0001,2,32.08,64.16
200841,P0032,1,59.89,59.89
200842,P0029,1,53.28,53.28
200842,P0029,2,47.52,95.04
200843,P0004,1,24.63,24.63
200844,P0018,2,43.17,86.34
200844,P0028,1,19.26,19.26
200845,P0006,1,44.73,44.73
200845,P0026,2,11.78,23.56
200846,P0011,2,73.55,147.1
200846,P0010,1,59.09,59.09
200847,P0013,1,57.42,57.42
200847,P0005,1,46.65,46.65
200848,P0004,2,27.46,54.92
200848,P0028,2,17.72,35.44
200849,P0028,1,18.79,18.79
200849,P0002,2,41.43,82.86
200849,P0001,2,30.73,61.46
200850,P0014,2,72.31,144.62
200850,P0025,1,34.32,34.32
200850,P0025,1,33.93,33.93
200851,P0021,2,29.29,58.58
200851,P0017,2,9.38,18.76
200852,P0021,2,25.79,51.58
200852,P0010,2,64.79,129.58
200852,P0001,1,31.81,31.81
200853,P0013,1,52.29,52.29
200854,P0004,1,26.87,26.87
200854,P0002,1,42.34,42.34
200855,P0025,2,34.48,68.96
200856,P0006,2,48.14,96.28
200856,P0011,2,67.67,135.34
200856,P0037,1,27.65,27.65
200857,P0011,2,69.15,138.3
200857,P0010,1,71.86,71.86
200858,P0009,2,59.72,119.44
200858,P0036,2,27.59,55.18
200859,P0032,1,60.96,60.96
200859,P0010,2,62.9,125.8
200859,P0025,2,35.87,71.74
200860,P0001,1,31.75,31.75
200860,P0039,1,69.14,69.14
200860,P0038,1,49.0,49.0
200861,P0003,2,46.68,93.36
200861,P0029,2,55.52,111.04
200862,P0011,2,75.37,150.74
200863,P0037,2,28.26,56.52
200863,P0023,1,74.9,74.9
200863,P0025,2,36.72,73.44
200864,P0040,1,73.27,73.27
200865,P0004,2,27.69,55.38
200865,P0027,1,29.31,29.31
200865,P0029,1,53.92,53.92
200866,P0039,1,74.98,74.98
200866,P0002,2,46.16,92.32
200867,P0023,2,76.62,153.24
200867,P0003,2,53.72,107.44
200867,P0014,1,72.16,72.16
200868,P0019,1,52.63,52.63
200868,P0006,1,41.03,41.03
200869,P0018,1,49.88,49.88
200870,P0025,2,36.09,72.18
200870,P0040,2,72.77,145.54
200870,P0017,1,10.5,10.5
200871,P0018,1,46.49,46.49
200872,P0022,2,60.99,121.98
200873,P0010,2,63.6,127.2
200873,P0005,1,40.57,40.57
200874,P0022,1,67.39,67.39
200875,P0003,2,53.91,107.82
200876,P0005,2,42.11,84.22
200876,P0006,1,41.65,41.65
200877,P0039,1,68.52,68.52
200877,P0010,2,70.43,140.86
200878,P0014,2,73.57,147.14
200878,P0021,2,31.41,62.82
200879,P0023,2,79.37,158.74
200879,P0007,2,22.32,44.64
200879,P0025,2,34.72,69.44
200880,P0011,1,72.74,72.74
200880,P0028,1,21.25,21.25
200880,P0017,1,10.42,10.42
200881,P0029,2,50.79,101.58
200881,P0022,1,64.93,64.93
200881,P0009,1,65.54,65.54
200882,P0013,1,49.55,49.55
200882,P0001,1,31.03,31.03
200883,P0020,1,49.54,49.54
200884,P0002,2,43.75,87.5
200884,P0022,1,67.07,67.07
200885,P0013,1,48.74,48.74
200885,P0032,1,57.18,57.18
200886,P0018,2,42.8,85.6
200886,P0036,1,25.89,25.89
200887,P0030,1,73.99,73.99
200887,P0025,1,39.26,39.26
200887,P0008,1,48.37,48.37
200888,P0012,1,48.31,48.31
200888,P0009,2,58.17,116.34
200888,P0009,1,66.16,66.16
200889,P0002,1,42.59,42.59
200890,P0013,1,58.46,58.46
200890,P0003,2,46.2,92.4
200891,P0026,1,11.5,11.5
200892,P0030,2,70.49,140.98
200892,P0024,1,49.6,49.6
200893,P0031,2,22.79,45.58
200893,P0040,1,75.02,75.02
200894,P0024,2,45.69,91.38
200894,P0033,2,17.12,34.24
200895,P0017,1,9.73,9.73
200895,P0019,2,52.03,104.06
200896,P0003,1,46.94,46.94
200897,P0033,2,16.44,32.88
200897,P0013,2,56.22,112.44
200897,P0036,1,22.98,22.98
200898,P0033,1,19.16,19.16
200898,P0030,2,66.02,132.04
200899,P0012,2,40.78,81.56
200899,P0001,1,28.88,28.88
200899,P0005,1,42.99,42.99
200900,P0029,2,49.89,99.78
200900,P0029,1,51.0,51.0
200900,P0023,1,68.52,68.52
200901,P0014,1,66.23,66.23
200901,P0010,1,70.69,70.69
200901,P0031,2,23.12,46.24
200902,P0011,2,75.49,150.98
200902,P0013,1,56.2,56.2
200903,P0032,2,63.62,127.24
200903,P0018,2,42.96,85.92
200904,P0005,2,42.53,85.06
200904,P0016,2,9.91,19.82
200904,P0031,2,24.68,49.36
200905,P0024,2,50.8,101.6
200905,P0018,1,46.08,46.08
200906,P0038,1,55.0,55.0
200907,P0031,2,22.09,44.18
200907,P0009,2,57.92,115.84
200908,P0014,1,78.02,78.02
200909,P0016,1,9.4,9.4
200909,P0040,1,71.82,71.82
200909,P0034,2,42.31,84.62
200910,P0008,1,54.99,54.99
200910,P0014,2,80.46,160.92
200911,P0034,2,38.33,76.66
200911,P0023,1,68.8,68.8
200912,P0025,2,33.91,67.82
200912,P0030,2,69.3,138.6
200913,P0014,2,70.43,140.86
200913,P0036,1,26.05,26.05
200914,P0015,2,60.39,120.78
200915,P0012,2,48.26,96.52
200915,P0013,1,57.17,57.17
200915,P0024,1,46.18,46.18
200916,P0025,2,40.03,80.06
200916,P0026,1,13.78,13.78
200917,P0020,2,51.56,103.12
200918,P0019,1,51.87,51.87
200918,P0036,1,22.84,22.84
200919,P0013,1,55.72,55.72
200919,P0014,1,78.47,78.47
200919,P0037,2,29.1,58.2
200920,P0003,2,54.01,108.02
200920,P0024,2,43.4,86.8
200920,P0031,2,22.08,44.16
200921,P0032,2,60.05,120.1
200922,P0024,1,44.52,44.52
200922,P0009,1,62.61,62.61
200923,P0008,2,50.24,100.48
200923,P0009,2,66.77,133.54
200923,P0008,1,51.36,51.36
200924,P0033,2,17.31,34.62
200924,P0010,1,62.13,62.13
200924,P0009,2,65.67,131.34
200925,P0033,1,17.05,17.05
200926,P0033,2,17.19,34.38
200926,P0026,1,11.6,11.6
200927,P0027,1,31.14,31.14
200927,P0007,1,26.63,26.63
200928,P0004,2,24.35,48.7
200928,P0034,1,41.93,41.93
200929,P0005,1,48.96,48.96
200930,P0037,1,28.8,28.8
200930,P0040,1,77.65,77.65
200931,P0029,1,48.21,48.21
200931,P0029,2,56.4,112.8
200931,P0001,2,29.86,59.72
200932,P0035,1,51.26,51.26
200933,P0037,1,32.36,32.36
200933,P0012,2,48.24,96.48
200934,P0037,1,27.91,27.91
200934,P0037,1,31.57,31.57
200935,P0018,1,42.2,42.2
200936,P0025,1,37.36,37.36
200936,P0032,1,53.97,53.97
200937,P0025,2,33.43,66.86
200938,P0036,2,27.77,55.54
200939,P0032,1,61.82,61.82
200939,P0035,2,55.33,110.66
200940,P0021,1,29.43,29.43
200941,P0004,1,23.99,23.99
200941,P0025,1,35.26,35.26
200941,P0001,1,33.06,33.06
200942,P0032,2,55.91,111.82
200943,P0010,2,67.87,135.74
200943,P0039,1,65.44,65.44
200944,P0036,2,25.74,51.48
200944,P0026,1,11.62,11.62
200945,P0026,1,12.14,12.14
200945,P0032,1,60.91,60.91
200945,P0019,2,46.42,92.84
200946,P0016,1,10.63,10.63
200946,P0030,2,68.72,137.44
200946,P0036,2,25.06,50.12
200947,P0011,2,83.06,166.12
200947,P0026,1,12.85,12.85
200947,P0035,2,54.03,108.06
200948,P0006,1,41.29,41.29
200948,P0034,2,40.39,80.78
200948,P0003,2,49.08,98.16
200949,P0011,2,78.23,156.46
200949,P0022,2,55.76,111.52
200950,P0035,2,50.02,100.04
200950,P0023,1,65.03,65.03
200950,P0037,1,31.6,31.6
200951,P0014,2,68.63,137.26
200951,P0010,2,59.16,118.32
200952,P0006,1,46.73,46.73
200953,P0028,2,19.78,39.56
200954,P0015,1,55.29,55.29
200954,P0013,1,49.07,49.07
200955,P0002,2,44.81,89.62
200956,P0040,2,78.44,156.88
200957,P0036,2,24.74,49.48
200958,P0029,1,56.9,56.9
200958,P0035,1,47.37,47.37
200958,P0019,2,49.64,99.28
200959,P0025,2,37.17,74.34
200960,P0036,1,22.97,22.97
200960,P0034,2,42.46,84.92
200961,P0007,1,22.07,22.07
200962,P0017,2,9.98,19.96
200962,P0008,2,45.47,90.94
200963,P0030,1,70.88,70.88
200963,P0027,2,32.51,65.02
200963,P0023,2,77.03,154.06
200964,P0037,1,29.45,29.45
200964,P0025,1,35.25,35.25
200965,P0030,1,78.64,78.64
200965,P0028,1,18.27,18.27
200965,P0017,2,10.2,20.4
200966,P0012,2,48.12,96.24
200966,P0024,2,45.64,91.28
200966,P0009,1,66.38,66.38
200967,P0023,2,78.5,157.0
200967,P0015,1,51.49,51.49
200967,P0026,1,13.83,13.83
200968,P0004,1,26.75,26.75
200968,P0015,2,60.57,121.14
200968,P0011,2,72.07,144.14
200969,P0028,2,19.35,38.7
200969,P0040,2,76.4,152.8
200970,P0011,1,82.65,82.65
200971,P0010,1,68.78,68.78
200971,P0033,2,19.06,38.12
200971,P0003,1,49.9,49.9
200972,P0039,2,74.8,149.6
200973,P0021,2,26.46,52.92
200973,P0032,2,60.85,121.7
200974,P0026,1,13.43,13.43
200974,P0025,2,34.33,68.66
200975,P0018,2,43.23,86.46
200975,P0021,2,27.89,55.78
200975,P0012,1,43.81,43.81
200976,P0027,1,30.43,30.43
200976,P0009,2,59.68,119.36
200977,P0033,1,17.11,17.11
200978,P0012,2,46.36,92.72
200978,P0020,1,52.69,52.69
200978,P0025,2,36.67,73.34
200979,P0020,2,52.53,105.06
200980,P0039,1,79.79,79.79
200980,P0040,1,78.12,78.12
200981,P0013,2,50.73,101.46
200981,P0029,1,47.39,47.39
200982,P0015,2,51.05,102.1
200982,P0039,1,70.51,70.51
200983,P0021,2,29.42,58.84
200983,P0033,1,17.33,17.33
200983,P0035,1,49.68,49.68
200984,P0028,1,18.33,18.33
200985,P0023,1,76.73,76.73
200985,P0025,1,34.52,34.52
200985,P0023,2,70.72,141.44
200986,P0018,2,50.71,101.42
200986,P0011,1,69.84,69.84
200986,P0017,2,8.85,17.7
200987,P0036,1,25.18,25.18
200987,P0026,1,13.9,13.9
200987,P0030,1,66.21,66.21
200988,P0040,2,74.61,149.22
200989,P0008,1,50.54,50.54
200989,P0023,2,77.45,154.9
200989,P0015,2,52.79,105.58
200990,P0002,2,41.4,82.8
200991,P0011,1,78.69,78.69
200991,P0033,1,16.27,16.27
200991,P0001,1,34.74,34.74
200992,P0032,2,57.42,114.84
200992,P0009,2,58.53,117.06
200992,P0034,2,43.58,87.16
200993,P0019,1,48.62,48.62
200994,P0039,2,75.48,150.96
200994,P0034,1,41.37,41.37
200994,P0033,2,18.54,37.08
200995,P0013,1,49.65,49.65
200995,P0029,2,54.14,108.28
200996,P0034,1,42.16,42.16
200996,P0012,2,39.71,79.42
200996,P0028,1,18.43,18.43
200997,P0002,1,42.42,42.42
200998,P0014,1,74.45,74.45
200998,P0014,1,72.32,72.32
200999,P0027,1,35.01,35.01
201000,P0010,1,59.71,59.71
201000,P0022,1,62.37,62.37
201000,P0038,1,57.64,57.64
201001,P0040,1,78.89,78.89
201001,P0014,2,78.51,157.02
201002,P0020,2,50.06,100.12
201002,P0012,2,43.11,86.22
201003,P0001,2,33.69,67.38
201003,P0038,1,53.13,53.13
201004,P0029,2,51.8,103.6
201004,P0029,2,55.39,110.78
201004,P0021,2,30.85,61.7
201005,P0011,2,77.16,154.32
201006,P0001,1,33.28,33.28
201006,P0002,1,39.43,39.43
201006,P0025,1,36.13,36.13
201007,P0009,2,60.3,120.6
201007,P0034,1,42.36,42.36
201008,P0020,2,51.76,103.52
201008,P0006,1,45.33,45.33
201009,P0009,2,64.9,129.8
201010,P0012,1,40.75,40.75
201010,P0024,1,47.47,47.47
201011,P0024,2,43.31,86.62
201012,P0014,1,68.53,68.53
201012,P0036,2,23.47,46.94
201013,P0031,1,23.57,23.57
201013,P0014,1,72.77,72.77
201013,P0004,2,25.38,50.76
201014,P0039,1,71.09,71.09
201015,P0009,1,67.14,67.14
201015,P0013,1,56.61,56.61
201015,P0001,2,32.35,64.7
201016,P0001,1,29.49,29.49
201016,P0015,2,60.24,120.48
201016,P0026,1,11.51,11.51
201017,P0004,2,26.24,52.48
201017,P0036,1,25.1,25.1
201018,P0001,1,31.85,31.85
201018,P0040,2,68.01,136.02
201018,P0010,2,62.16,124.32
201019,P0008,1,53.38,53.38
201020,P0012,2,41.32,82.64
201020,P0012,2,39.91,79.82
201021,P0018,1,45.12,45.12
201021,P0026,2,12.35,24.7
201021,P0021,1,26.95,26.95
201022,P0017,2,10.31,20.62
201023,P0034,1,40.83,40.83
201024,P0007,1,24.81,24.81
201024,P0021,2,28.95,57.9
201024,P0009,2,60.13,120.26
201025,P0025,2,37.69,75.38
201026,P0020,1,49.85,49.85
201026,P0038,1,57.98,57.98
201026,P0014,2,78.55,157.1
201027,P0010,2,69.76,139.52
201027,P0010,2,61.49,122.98
201027,P0023,2,75.43,150.86
201028,P0004,2,27.75,55.5
201028,P0003,2,52.32,104.64
201029,P0011,2,82.2,164.4
201030,P0028,1,19.73,19.73
201031,P0040,1,74.33,74.33
201031,P0026,2,12.9,25.8
201032,P0003,1,53.52,53.52
201032,P0035,1,51.05,51.05
201033,P0022,2,62.51,125.02
201034,P0035,2,53.29,106.58
201034,P0016,1,9.32,9.32
201034,P0019,1,53.78,53.78
201035,P0011,1,76.88,76.88
201035,P0009,2,63.84,127.68
201035,P0040,1,78.13,78.13
201036,P0004,1,27.55,27.55
201036,P0012,1,44.46,44.46
201037,P0027,2,31.37,62.74
201037,P0001,2,30.36,60.72
201038,P0018,1,49.32,49.32
201039,P0005,1,48.28,48.28
201039,P0012,1,39.28,39.28
201040,P0014,2,80.32,160.64
201040,P0016,2,9.74,19.48
201041,P0021,1,26.53,26.53
201041,P0028,2,18.29,36.58
201042,P0015,2,58.03,116.06
201043,P0009,1,66.23,66.23
201043,P0009,1,63.11,63.11
201044,P0004,1,23.39,23.39
201044,P0010,1,67.88,67.88
201044,P0019,1,48.18,48.18
201045,P0004,1,23.73,23.73
201045,P0024,1,45.8,45.8
201045,P0026,2,11.76,23.52
201046,P0022,2,58.08,116.16
201046,P0019,1,50.75,50.75
201046,P0031,2,23.35,46.7
201047,P0007,1,25.92,25.92
201047,P0007,2,25.92,51.84
201047,P0016,1,10.2,10.2
201048,P0024,2,44.79,89.58
201048,P0009,1,62.34,62.34
201049,P0032,2,57.14,114.28
201050,P0010,2,66.3,132.6
201050,P0006,2,47.81,95.62
201051,P0012,2,39.76,79.52
201051,P0029,2,55.68,111.36
201051,P0034,2,42.96,85.92
201052,P0038,1,53.38,53.38
201052,P0021,2,28.42,56.84
201052,P0002,2,42.81,85.62
201053,P0022,1,65.86,65.86
201053,P0039,1,68.8,68.8
201054,P0035,2,53.03,106.06
201055,P0034,1,38.96,38.96
201055,P0023,1,77.99,77.99
201055,P0040,2,74.12,148.24
201056,P0013,1,57.7,57.7
201056,P0003,1,46.24,46.24
201056,P0013,2,54.35,108.7
201057,P0030,1,77.19,77.19
201057,P0022,1,59.85,59.85
201058,P0015,1,54.77,54.77
201058,P0026,2,12.19,24.38
201058,P0040,2,81.24,162.48
201059,P0006,1,41.45,41.45
201060,P0004,1,23.21,23.21
201060,P0003,2,53.48,106.96
201061,P0038,2,54.95,109.9
201062,P0026,1,12.7,12.7
201063,P0030,1,67.48,67.48
201064,P0005,1,44.91,44.91
201064,P0030,2,66.16,132.32
201064,P0029,2,56.26,112.52
201065,P0027,1,34.8,34.8
201065,P0025,1,34.32,34.32
201066,P0008,2,54.87,109.74
201066,P0029,1,47.45,47.45
201067,P0023,2,77.91,155.82
201067,P0038,1,53.79,53.79
201068,P0011,1,82.89,82.89
201069,P0017,2,9.41,18.82
201069,P0012,2,40.98,81.96
201069,P0008,1,49.8,49.8
201070,P0006,2,46.72,93.44
201070,P0019,1,47.12,47.12
201070,P0002,2,45.31,90.62
201071,P0021,1,28.89,28.89
201071,P0028,2,18.7,37.4
201072,P0036,1,25.67,25.67
201072,P0036,2,26.05,52.1
201072,P0025,2,37.99,75.98
201073,P0004,1,24.71,24.71
201073,P0017,2,10.38,20.76
201074,P0009,2,58.54,117.08
201074,P0003,2,46.61,93.22
201075,P0038,1,52.14,52.14
201075,P0023,2,74.76,149.52
201076,P0038,2,53.17,106.34
201076,P0029,1,56.14,56.14
201076,P0032,2,61.03,122.06
201077,P0014,1,66.29,66.29
201078,P0035,2,49.08,98.16
201079,P0022,1,57.76,57.76
201079,P0002,2,41.36,82.72
201080,P0002,2,39.3,78.6
201081,P0018,1,45.96,45.96
201082,P0022,1,64.6,64.6
201083,P0022,1,62.01,62.01
201084,P0034,1,40.71,40.71
201084,P0036,2,26.07,52.14
201085,P0021,2,27.08,54.16
201085,P0013,2,54.31,108.62
201085,P0035,2,51.88,103.76
201086,P0036,2,26.11,52.22
201087,P0004,2,23.55,47.1
201087,P0015,1,60.56,60.56
201088,P0038,1,53.19,53.19
201088,P0015,2,58.28,116.56
201089,P0032,2,64.2,128.4
201089,P0014,1,75.95,75.95
201090,P0024,1,48.96,48.96
201090,P0028,2,20.8,41.6
201091,P0011,2,79.49,158.98
201091,P0023,1,72.2,72.2
201092,P0040,2,71.5,143.0
201092,P0012,2,40.12,80.24
201093,P0019,1,53.11,53.11
201093,P0005,1,48.89,48.89
201094,P0010,2,59.15,118.3
201095,P0018,2,49.83,99.66
201096,P0037,2,29.48,58.96
201097,P0025,2,33.72,67.44
201097,P0039,1,72.73,72.73
201098,P0031,1,23.17,23.17
201098,P0034,2,40.53,81.06
201099,P0002,1,39.08,39.08
201100,P0025,2,36.41,72.82
201100,P0005,1,42.13,42.13
201100,P0017,2,10.49,20.98
201101,P0023,1,74.99,74.99
201101,P0035,2,51.8,103.6
201101,P0035,2,49.12,98.24
201102,P0012,2,47.17,94.34
201102,P0017,2,10.27,20.54
201103,P0023,1,74.09,74.09
201103,P0036,2,24.18,48.36
201103,P0026,2,13.92,27.84
201104,P0020,1,45.09,45.09
201104,P0004,1,26.24,26.24
201104,P0022,2,62.18,124.36
201105,P0004,2,26.27,52.54
201106,P0023,2,71.11,142.22
201106,P0033,2,19.06,38.12
201107,P0027,1,34.85,34.85
201108,P0016,1,10.63,10.63
201108,P0018,2,47.49,94.98
201109,P0014,1,68.07,68.07
201109,P0036,2,27.07,54.14
201109,P0007,1,24.3,24.3
201110,P0028,2,19.55,39.1
201110,P0009,2,60.58,121.16
201111,P0023,2,68.27,136.54
201111,P0004,1,25.1,25.1
201111,P0014,1,72.37,72.37
201112,P0001,2,32.37,64.74
201113,P0003,2,50.43,100.86
201113,P0001,2,34.36,68.72
201114,P0029,1,50.78,50.78
201114,P0003,2,49.79,99.58
201114,P0003,2,54.54,109.08
201115,P0005,2,40.49,80.98
201115,P0023,2,79.31,158.62
201115,P0022,2,67.02,134.04
201116,P0013,1,49.38,49.38
201116,P0010,2,67.67,135.34
201116,P0009,2,58.72,117.44
201117,P0026,1,12.73,12.73
201117,P0025,1,37.01,37.01
201117,P0019,1,55.27,55.27
201118,P0014,1,81.34,81.34
201118,P0004,1,25.32,25.32
201118,P0022,1,65.93,65.93
201119,P0001,1,34.53,34.53
201120,P0020,1,47.2,47.2
201120,P0015,1,54.24,54.24
201120,P0017,2,9.26,18.52
201121,P0020,2,51.62,103.24
201121,P0035,1,51.42,51.42
201121,P0008,1,53.95,53.95
201122,P0030,2,68.12,136.24
201122,P0032,1,53.77,53.77
201122,P0039,1,77.36,77.36
201123,P0006,1,44.92,44.92
201124,P0002,2,39.9,79.8
201125,P0013,2,57.7,115.4
201125,P0018,1,43.22,43.22
201126,P0024,2,46.64,93.28
201127,P0010,1,60.99,60.99
201127,P0019,1,55.78,55.78
201127,P0021,2,29.68,59.36
201128,P0034,2,46.7,93.4
201128,P0033,2,19.03,38.06
201128,P0032,1,54.47,54.47
201129,P0014,1,68.23,68.23
201129,P0013,1,49.15,49.15
201129,P0038,2,58.67,117.34
201130,P0034,1,41.98,41.98
201130,P0028,1,20.62,20.62
201130,P0019,1,53.01,53.01
201131,P0009,2,57.43,114.86
201131,P0015,2,55.14,110.28
201132,P0033,2,16.34,32.68
201132,P0013,1,48.08,48.08
201133,P0010,1,70.74,70.74
201134,P0038,2,56.76,113.52
201134,P0031,2,26.25,52.5
201135,P0031,2,21.72,43.44
201135,P0001,1,34.15,34.15
201135,P0002,2,45.98,91.96
201136,P0037,2,32.25,64.5
201137,P0020,1,45.79,45.79
201137,P0030,2,72.26,144.52
201137,P0029,1,54.75,54.75
201138,P0036,2,24.61,49.22
201139,P0014,2,76.0,152.0
201140,P0031,2,23.48,46.96
201140,P0016,2,8.99,17.98
201140,P0040,2,73.83,147.66
201141,P0002,2,43.78,87.56
201142,P0035,2,48.62,97.24
201142,P0021,2,30.79,61.58
201142,P0009,1,64.18,64.18
201143,P0030,1,68.39,68.39
201143,P0025,1,38.54,38.54
201143,P0017,2,9.39,18.78
201144,P0026,2,12.71,25.42
201144,P0001,1,29.52,29.52
201144,P0024,2,44.85,89.7
201145,P0023,2,71.37,142.74
201145,P0034,1,42.3,42.3
201145,P0026,1,13.01,13.01
201146,P0007,1,26.37,26.37
201146,P0027,1,28.93,28.93
201146,P0026,2,13.97,27.94
201147,P0028,1,20.44,20.44
201147,P0008,2,55.03,110.06
201147,P0028,2,20.18,40.36
201148,P0007,2,22.24,44.48
201148,P0019,1,54.04,54.04
201149,P0027,2,31.9,63.8
201150,P0015,2,57.4,114.8
201151,P0026,2,13.25,26.5
201151,P0018,1,48.45,48.45
201152,P0004,2,23.65,47.3
201153,P0027,1,30.33,30.33
201153,P0002,2,39.14,78.28
201154,P0023,2,65.76,131.52
201155,P0030,2,76.01,152.02
201155,P0019,1,50.32,50.32
201156,P0035,2,47.23,94.46
201157,P0026,1,13.29,13.29
201158,P0028,1,21.34,21.34
201159,P0019,2,54.25,108.5
201159,P0031,1,24.31,24.31
201160,P0030,2,67.62,135.24
201160,P0019,1,51.2,51.2
201161,P0002,2,44.05,88.1
201161,P0017,2,9.56,19.12
201161,P0035,2,57.15,114.3
201162,P0005,1,45.98,45.98
201162,P0008,1,50.44,50.44
201162,P0004,1,23.7,23.7
201163,P0013,1,52.05,52.05
201163,P0003,1,49.59,49.59
201163,P0007,2,23.81,47.62
201164,P0019,2,53.54,107.08
201164,P0004,2,26.35,52.7
201165,P0040,2,71.0,142.0
201165,P0015,2,57.22,114.44
201166,P0016,2,10.76,21.52
201167,P0009,2,63.22,126.44
201167,P0026,1,11.67,11.67
201168,P0026,2,11.47,22.94
201168,P0003,2,51.3,102.6
201168,P0014,1,79.11,79.11
201169,P0011,1,71.24,71.24
201169,P0024,1,46.53,46.53
201169,P0002,2,45.71,91.42
201170,P0032,1,55.73,55.73
201170,P0004,1,26.32,26.32
201171,P0013,2,50.8,101.6
201172,P0030,1,75.63,75.63
201172,P0020,2,49.22,98.44
201172,P0003,2,54.69,109.38
201173,P0010,1,68.4,68.4
201173,P0013,1,48.28,48.28
201173,P0034,2,43.89,87.78
201174,P0015,1,59.09,59.09
201174,P0007,2,21.92,43.84
201175,P0030,1,75.65,75.65
201175,P0018,2,47.01,94.02
201175,P0033,1,16.64,16.64
201176,P0011,1,79.65,79.65
201176,P0008,2,46.27,92.54
201177,P0008,2,53.28,106.56
201178,P0013,2,49.28,98.56
201178,P0030,2,77.24,154.48
201179,P0016,2,9.33,18.66
201179,P0005,2,40.26,80.52
201179,P0031,1,25.73,25.73
201180,P0026,2,11.77,23.54
201180,P0001,2,29.62,59.24
201180,P0003,2,50.69,101.38
201181,P0039,2,76.14,152.28
201181,P0022,1,55.81,55.81
201181,P0032,2,57.58,115.16
201182,P0021,2,28.2,56.4
201183,P0010,2,68.59,137.18
201183,P0019,1,54.57,54.57
201183,P0036,2,26.22,52.44
201184,P0029,2,53.53,107.06
201184,P0034,1,42.24,42.24
201184,P0024,2,49.19,98.38
201185,P0018,1,42.3,42.3
201186,P0037,1,29.28,29.28
201187,P0008,2,50.14,100.28
201188,P0022,1,62.32,62.32
201189,P0001,1,28.84,28.84
201190,P0015,1,57.36,57.36
201190,P0021,2,30.48,60.96
201191,P0025,1,33.52,33.52
201191,P0014,2,77.41,154.82
201192,P0029,1,54.95,54.95
201192,P0006,1,44.01,44.01
201192,P0011,1,79.78,79.78
201193,P0030,2,75.95,151.9
201194,P0015,1,59.9,59.9
201195,P0026,2,13.08,26.16
201195,P0011,1,80.09,80.09
201195,P0008,1,52.89,52.89
201196,P0001,1,30.05,30.05
201197,P0029,2,49.26,98.52
201197,P0030,1,70.53,70.53
201198,P0034,1,44.88,44.88
201198,P0014,1,77.66,77.66
201198,P0032,2,53.55,107.1
201199,P0028,2,17.7,35.4
201200,P0011,2,73.43,146.86
201200,P0016,1,10.17,10.17
201200,P0031,1,23.85,23.85
201201,P0016,1,9.39,9.39
201201,P0034,1,43.57,43.57
201202,P0015,2,52.06,104.12
201202,P0026,2,11.58,23.16
201203,P0024,1,48.58,48.58
201203,P0008,1,54.96,54.96
201203,P0022,1,56.45,56.45
201204,P0040,2,72.81,145.62
201204,P0013,1,48.79,48.79
201204,P0006,2,49.28,98.56
201205,P0037,1,33.05,33.05
201205,P0004,1,22.7,22.7
201206,P0006,2,42.91,85.82
201206,P0037,1,28.6,28.6
201207,P0032,1,61.34,61.34
201208,P0016,1,10.24,10.24
201208,P0030,2,69.46,138.92
201208,P0017,2,9.14,18.28
201209,P0017,2,10.27,20.54
201210,P0018,1,49.96,49.96
201210,P0031,1,26.21,26.21
201211,P0018,2,44.18,88.36
201212,P0035,1,54.89,54.89
201212,P0034,1,45.89,45.89
201212,P0001,1,34.85,34.85
201213,P0011,2,79.85,159.7
201213,P0003,1,47.86,47.86
201214,P0029,2,48.34,96.68
201215,P0036,1,24.05,24.05
201215,P0026,2,12.09,24.18
201215,P0005,1,47.74,47.74
201216,P0033,1,18.49,18.49
201217,P0031,2,25.39,50.78
201217,P0017,1,9.12,9.12
201218,P0008,2,48.91,97.82
201218,P0032,1,59.71,59.71
201218,P0024,1,43.93,43.93
201219,P0018,1,51.35,51.35
201219,P0007,2,23.9,47.8
201219,P0022,1,61.81,61.81
201220,P0011,2,82.35,164.7
201221,P0037,2,33.54,67.08
201221,P0017,2,10.01,20.02
201222,P0027,1,34.96,34.96
201223,P0035,1,53.63,53.63
201223,P0004,1,26.56,26.56
201224,P0040,2,73.78,147.56
201225,P0006,1,43.86,43.86
201226,P0005,1,45.96,45.96
201226,P0001,2,34.14,68.28
201226,P0009,1,55.98,55.98
201227,P0034,2,41.75,83.5
201228,P0006,1,48.14,48.14
201228,P0040,2,70.18,140.36
201229,P0024,2,48.34,96.68
201230,P0009,1,58.62,58.62
201230,P0004,2,23.02,46.04
201231,P0034,1,40.03,40.03
201231,P0008,2,46.09,92.18
201232,P0030,1,70.43,70.43
201232,P0020,1,52.41,52.41
201232,P0026,2,13.85,27.7
201233,P0008,2,49.6,99.2
201233,P0024,1,44.81,44.81
201234,P0029,1,58.11,58.11
201234,P0008,2,49.58,99.16
201235,P0014,1,81.06,81.06
201236,P0015,1,61.0,61.0
201237,P0037,1,27.84,27.84
201238,P0013,1,58.08,58.08
201239,P0008,1,49.09,49.09
201239,P0007,1,24.52,24.52
201240,P0035,2,48.46,96.92
201240,P0024,1,43.39,43.39
201240,P0014,1,74.1,74.1
201241,P0019,1,55.25,55.25
201241,P0012,1,45.57,45.57
201241,P0023,1,78.91,78.91
201242,P0021,2,27.08,54.16
201243,P0008,1,51.75,51.75
201243,P0025,2,39.52,79.04
201243,P0013,1,53.63,53.63
201244,P0033,1,18.11,18.11
201244,P0015,2,52.73,105.46
201245,P0014,1,77.05,77.05
201246,P0021,2,26.45,52.9
201246,P0035,1,55.27,55.27
201247,P0001,1,29.59,29.59
201247,P0018,1,46.49,46.49
201248,P0034,2,46.91,93.82
201248,P0028,2,17.82,35.64
201249,P0006,2,48.59,97.18
201249,P0040,1,73.13,73.13
201249,P0026,2,11.78,23.56
201250,P0009,1,61.74,61.74
201250,P0027,1,34.84,34.84
201251,P0024,1,44.93,44.93
201251,P0013,1,56.5,56.5
201252,P0002,1,43.89,43.89
201252,P0031,1,23.17,23.17
201252,P0008,1,48.56,48.56
201253,P0006,1,45.06,45.06
201254,P0035,2,48.65,97.3
201254,P0038,2,56.95,113.9
201255,P0019,2,53.07,106.14
201255,P0009,1,65.26,65.26
201256,P0017,2,10.32,20.64
201256,P0013,1,57.26,57.26
201256,P0008,2,47.47,94.94
201257,P0007,2,25.65,51.3
201257,P0021,1,25.94,25.94
201258,P0024,1,50.76,50.76
201258,P0015,1,62.31,62.31
201259,P0007,2,25.06,50.12
201259,P0037,1,28.92,28.92
201260,P0023,1,76.83,76.83
201260,P0023,1,75.53,75.53
201260,P0017,2,9.07,18.14
201261,P0040,1,73.54,73.54
201262,P0024,2,48.37,96.74
201263,P0014,1,71.97,71.97
201264,P0040,1,78.9,78.9
201264,P0016,1,8.99,8.99
201265,P0010,2,59.91,119.82
201266,P0029,1,56.63,56.63
201266,P0008,2,54.22,108.44
201267,P0016,1,9.77,9.77
201267,P0029,2,48.94,97.88
201268,P0031,2,22.0,44.0
201268,P0022,2,62.87,125.74
201268,P0005,2,40.32,80.64
201269,P0011,2,82.54,165.08
201269,P0021,2,27.49,54.98
201269,P0038,1,49.17,49.17
201270,P0019,2,50.97,101.94
201270,P0029,1,54.96,54.96
201271,P0038,2,55.79,111.58
201271,P0027,2,32.94,65.88
201271,P0012,2,40.3,80.6
201272,P0031,2,23.85,47.7
201272,P0016,2,9.36,18.72
201272,P0020,1,50.12,50.12
201273,P0001,2,34.24,68.48
201274,P0012,1,46.17,46.17
201275,P0013,1,54.43,54.43
201276,P0003,2,51.87,103.74
201277,P0027,2,30.95,61.9
201278,P0025,1,39.02,39.02
201279,P0031,1,24.53,24.53
201280,P0032,2,59.62,119.24
201281,P0004,1,23.74,23.74
201281,P0033,2,19.33,38.66
201282,P0019,2,49.21,98.42
201283,P0034,2,43.27,86.54
201283,P0024,1,49.3,49.3
201283,P0016,1,9.78,9.78
201284,P0010,2,68.21,136.42
201284,P0019,1,50.53,50.53
201285,P0022,1,57.94,57.94
201285,P0032,1,53.39,53.39
201285,P0025,2,38.9,77.8
201286,P0022,2,59.29,118.58
201286,P0014,1,76.44,76.44
201287,P0013,2,56.0,112.0
201287,P0036,1,25.71,25.71
201287,P0038,1,57.55,57.55
201288,P0013,1,52.45,52.45
201289,P0034,2,43.87,87.74
201290,P0013,2,47.83,95.66
201290,P0020,1,50.92,50.92
201291,P0032,2,61.26,122.52
201292,P0004,2,25.9,51.8
201293,P0037,1,29.97,29.97
201294,P0002,1,40.68,40.68
201294,P0002,2,39.76,79.52
201294,P0026,1,13.21,13.21
201295,P0020,2,54.32,108.64
201295,P0011,2,69.93,139.86
201295,P0038,2,54.27,108.54
201296,P0033,2,18.25,36.5
201296,P0020,1,45.34,45.34
201296,P0020,1,51.04,51.04
201297,P0005,1,47.77,47.77
201297,P0025,2,36.52,73.04
201298,P0017,1,10.42,10.42
201299,P0033,2,16.04,32.08
201300,P0038,2,52.36,104.72
201300,P0002,1,44.0,44.0
201300,P0014,2,75.05,150.1
201301,P0002,1,42.69,42.69
201302,P0020,1,53.09,53.09
201302,P0031,2,22.58,45.16
201303,P0030,2,78.95,157.9
201303,P0013,1,52.43,52.43
201303,P0040,2,79.8,159.6
201304,P0012,1,41.31,41.31
201304,P0025,2,39.55,79.1
201305,P0027,2,34.62,69.24
201306,P0031,2,22.36,44.72
201306,P0003,1,52.42,52.42
201307,P0021,2,30.89,61.78
201307,P0036,2,27.35,54.7
201307,P0032,2,55.52,111.04
201308,P0002,2,44.29,88.58
201309,P0017,2,9.12,18.24
201309,P0036,2,25.14,50.28
201310,P0018,1,49.77,49.77
201311,P0028,2,18.54,37.08
201311,P0002,1,45.27,45.27
201312,P0011,2,73.24,146.48
201312,P0012,1,44.75,44.75
201313,P0006,2,47.12,94.24
201314,P0015,2,54.69,109.38
201314,P0040,2,73.11,146.22
201314,P0012,2,45.49,90.98
201315,P0017,1,10.18,10.18
201315,P0017,2,10.56,21.12
201316,P0004,2,24.18,48.36
201316,P0016,2,8.84,17.68
201317,P0025,2,40.25,80.5
201318,P0017,1,10.58,10.58
201318,P0033,2,17.92,35.84
201318,P0011,2,77.97,155.94
201319,P0025,1,38.54,38.54
201320,P0027,1,29.7,29.7
201321,P0001,1,34.06,34.06
201321,P0017,1,9.97,9.97
201321,P0014,1,67.9,67.9
201322,P0027,2,28.66,57.32
201322,P0003,1,54.4,54.4
201323,P0030,1,68.95,68.95
201323,P0034,2,43.52,87.04
201324,P0020,2,53.9,107.8
201324,P0022,2,59.51,119.02
201324,P0026,2,12.48,24.96
201325,P0039,1,79.47,79.47
201325,P0001,1,29.4,29.4
201326,P0016,1,10.72,10.72
201326,P0011,1,70.49,70.49
201327,P0003,2,46.23,92.46
201328,P0035,2,51.88,103.76
201329,P0035,2,56.89,113.78
201330,P0001,1,31.21,31.21
201330,P0016,1,8.98,8.98
201330,P0019,2,47.55,95.1
201331,P0011,2,72.13,144.26
201331,P0009,1,56.41,56.41
201332,P0032,2,60.79,121.58
201332,P0034,1,41.61,41.61
201332,P0017,1,10.2,10.2
201333,P0014,1,77.04,77.04
201333,P0005,2,44.56,89.12
201333,P0003,1,45.52,45.52
201334,P0025,1,34.31,34.31
201334,P0037,1,33.49,33.49
201335,P0006,1,40.87,40.87
201335,P0016,2,10.1,20.2
201336,P0003,1,54.44,54.44
201336,P0013,2,50.66,101.32
201336,P0013,1,56.4,56.4
201337,P0008,2,45.23,90.46
201337,P0006,2,45.99,91.98
201338,P0023,1,67.92,67.92
201338,P0018,1,48.99,48.99
201338,P0005,2,44.43,88.86
201339,P0019,2,54.56,109.12
201339,P0011,1,79.48,79.48
201339,P0002,1,40.29,40.29
201340,P0025,2,37.04,74.08
201340,P0012,2,40.8,81.6
201341,P0036,2,26.4,52.8
201341,P0025,1,35.01,35.01
201341,P0017,1,9.14,9.14
201342,P0020,1,44.52,44.52
201342,P0032,2,53.66,107.32
201342,P0019,2,48.62,97.24
201343,P0034,2,39.88,79.76
201344,P0004,1,27.03,27.03
201344,P0034,2,43.98,87.96
201345,P0016,1,9.56,9.56
201346,P0007,1,26.1,26.1
201346,P0039,1,80.08,80.08
201347,P0039,1,71.96,71.96
201348,P0013,2,57.13,114.26
201348,P0017,2,9.83,19.66
201348,P0038,2,59.29,118.58
201349,P0028,2,19.78,39.56
201350,P0025,1,37.9,37.9
201351,P0034,1,39.67,39.67
201352,P0001,2,35.48,70.96
201352,P0014,1,72.3,72.3
201353,P0019,1,47.26,47.26
201353,P0022,1,61.53,61.53
201354,P0002,1,44.98,44.98
201354,P0018,1,46.89,46.89
201355,P0003,2,49.43,98.86
201356,P0040,1,68.92,68.92
201356,P0004,2,26.28,52.56
201356,P0007,1,23.05,23.05
201357,P0016,1,9.26,9.26
201357,P0035,2,51.22,102.44
201358,P0022,2,67.85,135.7
201358,P0002,2,41.62,83.24
201359,P0028,1,19.33,19.33
201359,P0025,2,39.6,79.2
201359,P0002,1,46.72,46.72
201360,P0014,2,79.08,158.16
201360,P0030,2,76.33,152.66
201361,P0007,1,23.36,23.36
201361,P0005,2,44.42,88.84
201362,P0037,2,30.89,61.78
201362,P0013,1,52.75,52.75
201362,P0020,2,49.87,99.74
201363,P0026,2,12.37,24.74
201364,P0027,2,34.33,68.66
201364,P0009,1,61.7,61.7
201364,P0010,2,67.62,135.24
201365,P0030,1,68.48,68.48
201365,P0040,2,75.8,151.6
201366,P0017,1,9.54,9.54
201366,P0008,2,46.87,93.74
201367,P0003,2,54.88,109.76
201368,P0001,1,31.39,31.39
201368,P0014,1,68.95,68.95
201368,P0017,1,9.39,9.39
201369,P0024,2,46.03,92.06
201369,P0021,2,28.55,57.1
201370,P0027,2,32.47,64.94
201370,P0028,2,17.54,35.08
201371,P0036,2,24.72,49.44
201372,P0040,2,73.91,147.82
201372,P0026,1,11.48,11.48
201373,P0001,2,30.97,61.94
201373,P0006,2,44.74,89.48
201374,P0003,2,47.61,95.22
201374,P0003,2,51.31,102.62
201375,P0009,1,63.74,63.74
201375,P0029,2,49.26,98.52
201375,P0023,1,74.9,74.9
201376,P0012,1,43.15,43.15
201376,P0009,2,64.59,129.18
201376,P0003,2,55.34,110.68
201377,P0005,2,46.54,93.08
201378,P0032,2,57.59,115.18
201378,P0031,2,24.19,48.38
201378,P0035,1,48.84,48.84
201379,P0023,1,77.79,77.79
201379,P0025,2,36.76,73.52
201379,P0012,2,46.47,92.94
201380,P0005,1,47.15,47.15
201381,P0039,1,75.78,75.78
201381,P0011,2,72.64,145.28
201382,P0040,1,70.98,70.98
201382,P0029,1,54.68,54.68
201383,P0023,1,67.22,67.22
201383,P0020,1,51.79,51.79
201384,P0014,2,79.42,158.84
201384,P0019,2,48.05,96.1
201385,P0021,1,30.11,30.11
201385,P0033,2,18.37,36.74
201385,P0038,1,55.99,55.99
201386,P0009,1,66.6,66.6
201387,P0023,2,74.99,149.98
201387,P0017,1,10.09,10.09
201388,P0031,1,23.3,23.3
201388,P0040,1,77.92,77.92
201389,P0016,1,10.35,10.35
201390,P0033,2,16.92,33.84
201390,P0014,2,70.51,141.02
201390,P0020,1,50.31,50.31
201391,P0007,2,24.73,49.46
201391,P0011,1,73.87,73.87
201392,P0019,1,47.37,47.37
201393,P0015,2,57.67,115.34
201393,P0008,1,46.35,46.35
201393,P0035,2,54.41,108.82
201394,P0017,2,9.21,18.42
201394,P0033,2,17.47,34.94
201394,P0029,1,52.62,52.62
201395,P0022,1,62.45,62.45
201395,P0035,1,52.61,52.61
201396,P0029,1,47.96,47.96
201396,P0031,1,26.59,26.59
201397,P0008,1,51.84,51.84
201398,P0040,2,72.02,144.04
201398,P0005,1,42.31,42.31
201399,P0039,2,71.62,143.24
201400,P0030,1,76.26,76.26
201400,P0022,1,55.53,55.53
201401,P0010,1,59.4,59.4
201401,P0035,2,49.12,98.24
201401,P0025,2,36.54,73.08
201402,P0025,1,37.78,37.78
201402,P0017,1,10.22,10.22
201402,P0022,1,62.93,62.93
201403,P0020,1,48.39,48.39
201403,P0026,2,11.49,22.98
201404,P0029,1,48.84,48.84
201404,P0006,2,42.61,85.22
201404,P0033,1,19.22,19.22
201405,P0005,2,45.53,91.06
201406,P0032,2,56.61,113.22
201406,P0021,2,29.69,59.38
201407,P0007,2,22.29,44.58
201407,P0017,2,10.08,20.16
201407,P0015,2,60.63,121.26
201408,P0017,1,9.36,9.36
201409,P0023,2,66.89,133.78
201409,P0025,1,39.68,39.68
201410,P0015,2,56.81,113.62
201411,P0035,1,57.91,57.91
201412,P0025,2,34.47,68.94
201413,P0038,1,51.42,51.42
201414,P0001,2,34.79,69.58
201414,P0008,2,47.0,94.0
201415,P0003,2,48.81,97.62
201416,P0012,2,41.82,83.64
201416,P0009,1,57.93,57.93
201417,P0030,2,78.71,157.42
201418,P0023,1,68.35,68.35
201418,P0019,2,51.14,102.28
201418,P0020,1,46.8,46.8
201419,P0004,2,25.25,50.5
201419,P0032,2,61.26,122.52
201419,P0035,2,55.76,111.52
201420,P0023,1,74.31,74.31
201420,P0014,2,75.49,150.98
201421,P0037,1,30.55,30.55
201422,P0002,1,40.54,40.54
201422,P0017,2,9.93,19.86
201422,P0006,2,47.77,95.54
201423,P0037,2,32.67,65.34
201423,P0002,2,46.92,93.84
201424,P0026,2,14.1,28.2
201424,P0017,2,10.22,20.44
201425,P0007,1,23.92,23.92
201425,P0002,2,44.22,88.44
201425,P0029,1,50.52,50.52
201426,P0007,2,26.69,53.38
201426,P0036,1,23.93,23.93
201427,P0022,2,66.45,132.9
201428,P0004,2,27.12,54.24
201429,P0030,2,77.32,154.64
201429,P0036,1,23.99,23.99
201430,P0016,1,10.62,10.62
201430,P0002,2,40.1,80.2
201431,P0030,1,69.09,69.09
201432,P0024,1,50.42,50.42
201433,P0024,2,44.32,88.64
201434,P0016,1,9.55,9.55
201434,P0040,2,67.62,135.24
201434,P0004,1,26.62,26.62
201435,P0002,1,44.72,44.72
201436,P0010,2,65.4,130.8
201437,P0039,1,76.95,76.95
201437,P0029,2,51.04,102.08
201437,P0016,1,10.82,10.82
201438,P0032,1,56.73,56.73
201438,P0020,1,52.75,52.75
201438,P0016,2,10.15,20.3
201439,P0034,1,42.04,42.04
201439,P0005,2,46.1,92.2
201439,P0040,2,66.44,132.88
201440,P0024,1,43.38,43.38
201440,P0004,1,27.04,27.04
201441,P0028,2,17.58,35.16
201441,P0004,1,25.22,25.22
201441,P0038,2,51.77,103.54
201442,P0021,2,26.11,52.22
201442,P0016,1,10.32,10.32
201442,P0020,2,46.92,93.84
201443,P0035,1,55.29,55.29
201444,P0016,2,10.15,20.3
201444,P0015,2,51.67,103.34
201444,P0035,1,51.75,51.75
201445,P0027,1,28.95,28.95
201446,P0006,1,42.63,42.63
201446,P0008,2,55.05,110.1
201447,P0007,1,23.42,23.42
201448,P0024,1,47.12,47.12
201448,P0040,1,75.12,75.12
201449,P0029,2,51.11,102.22
201450,P0019,2,49.16,98.32
201451,P0037,2,28.21,56.42
201451,P0030,2,68.21,136.42
201451,P0006,2,41.21,82.42
201452,P0002,2,41.64,83.28
201452,P0013,1,54.52,54.52
201453,P0003,2,47.98,95.96
201454,P0027,2,32.07,64.14
201454,P0021,2,30.17,60.34
201455,P0022,2,63.63,127.26
201456,P0012,1,48.27,48.27
201456,P0005,2,45.16,90.32
201457,P0009,2,56.95,113.9
201457,P0008,1,47.38,47.38
201457,P0036,2,27.87,55.74
201458,P0001,1,33.6,33.6
201458,P0011,1,71.66,71.66
201459,P0027,2,33.35,66.7
201459,P0012,1,43.57,43.57
201460,P0011,2,73.58,147.16
201460,P0004,1,23.44,23.44
201460,P0031,2,24.89,49.78
201461,P0019,1,47.38,47.38
201461,P0030,1,79.89,79.89
201461,P0030,2,69.99,139.98
201462,P0026,1,14.05,14.05
201462,P0015,1,62.2,62.2
201463,P0018,1,47.75,47.75
201463,P0003,1,50.44,50.44
201463,P0009,2,58.81,117.62
201464,P0018,2,47.99,95.98
201464,P0029,1,48.0,48.0
201465,P0032,2,60.8,121.6
201465,P0038,2,48.43,96.86
201466,P0019,1,55.88,55.88
201467,P0024,2,43.58,87.16
201468,P0025,1,33.9,33.9
201469,P0027,1,29.85,29.85
201470,P0026,1,13.52,13.52
201471,P0004,1,23.65,23.65
201471,P0002,1,43.27,43.27
201471,P0028,2,17.83,35.66
201472,P0033,2,16.98,33.96
201472,P0017,2,10.46,20.92
201472,P0018,1,45.33,45.33
201473,P0030,1,70.78,70.78
201473,P0040,1,80.78,80.78
201474,P0024,2,51.27,102.54
201475,P0028,1,20.17,20.17
201475,P0005,2,45.93,91.86
201475,P0034,2,46.72,93.44
201476,P0036,2,24.19,48.38
201477,P0033,1,18.13,18.13
201477,P0006,1,48.23,48.23
201477,P0016,2,9.04,18.08
201478,P0040,1,67.65,67.65
201478,P0002,2,46.54,93.08
201478,P0028,2,21.2,42.4
201479,P0009,1,60.59,60.59
201479,P0018,1,50.93,50.93
201479,P0010,1,71.85,71.85
201480,P0008,2,48.75,97.5
201481,P0033,2,17.86,35.72
201482,P0014,2,78.27,156.54
201483,P0013,2,55.81,111.62
201483,P0016,2,10.76,21.52
201484,P0019,1,50.8,50.8
201485,P0035,1,50.08,50.08
201485,P0002,2,41.05,82.1
201485,P0023,1,71.88,71.88
201486,P0008,1,53.11,53.11
201487,P0019,2,50.14,100.28
201488,P0025,2,38.92,77.84
201488,P0035,2,49.09,98.18
201488,P0036,2,26.69,53.38
201489,P0007,2,24.65,49.3
201489,P0025,1,33.4,33.4
201489,P0021,1,26.21,26.21
201490,P0008,2,51.09,102.18
201491,P0040,2,78.69,157.38
201491,P0022,1,58.39,58.39
201491,P0019,2,51.66,103.32
201492,P0013,1,54.38,54.38
201492,P0010,1,68.52,68.52
201493,P0014,1,71.09,71.09
201493,P0039,2,74.0,148.0
201493,P0022,2,61.97,123.94
201494,P0016,1,9.33,9.33
201495,P0032,2,61.19,122.38
201495,P0038,2,57.83,115.66
201495,P0003,1,54.14,54.14
201496,P0023,2,72.96,145.92
201497,P0019,2,48.59,97.18
201497,P0026,1,12.34,12.34
201498,P0018,1,46.65,46.65
201498,P0008,1,52.52,52.52
201499,P0019,1,52.0,52.0
201499,P0005,2,41.63,83.26
201500,P0017,2,10.22,20.44
201501,P0006,1,46.66,46.66
201501,P0023,2,72.44,144.88
201501,P0007,1,24.82,24.82
201502,P0032,1,52.46,52.46
201502,P0028,1,20.9,20.9
201502,P0033,2,18.44,36.88
201503,P0016,2,9.91,19.82
201503,P0015,1,59.08,59.08
201504,P0003,2,51.35,102.7
201505,P0019,1,56.41,56.41
201505,P0030,1,71.6,71.6
201505,P0014,1,70.67,70.67
201506,P0032,1,62.77,62.77
201506,P0029,2,57.57,115.14
201506,P0006,1,43.63,43.63
201507,P0038,2,56.2,112.4
201507,P0038,2,52.53,105.06
201508,P0010,2,59.13,118.26
201508,P0007,2,26.59,53.18
201508,P0040,2,78.13,156.26
201509,P0005,2,42.93,85.86
201509,P0028,1,21.51,21.51
201510,P0007,2,24.25,48.5
201511,P0008,2,53.99,107.98
201511,P0006,1,40.94,40.94
201512,P0038,1,54.26,54.26
201513,P0022,1,61.73,61.73
201514,P0025,2,34.24,68.48
201515,P0030,2,72.18,144.36
201515,P0006,1,45.13,45.13
201516,P0031,1,25.42,25.42
201517,P0029,2,51.3,102.6
201517,P0009,1,57.79,57.79
201517,P0019,1,56.04,56.04
201518,P0006,1,48.12,48.12
201518,P0006,1,48.58,48.58
201519,P0038,1,59.02,59.02
201520,P0016,1,10.44,10.44
201521,P0028,2,19.28,38.56
201521,P0030,2,68.7,137.4
201522,P0013,1,50.7,50.7
201523,P0038,1,50.04,50.04
201523,P0007,2,24.37,48.74
201524,P0032,1,62.23,62.23
201524,P0032,1,62.9,62.9
201525,P0011,1,81.49,81.49
201525,P0017,2,10.28,20.56
201525,P0006,1,47.99,47.99
201526,P0030,1,72.38,72.38
201526,P0034,1,45.42,45.42
201527,P0025,1,33.13,33.13
201528,P0039,2,78.79,157.58
201528,P0022,2,55.36,110.72
201529,P0038,1,57.58,57.58
201530,P0008,2,50.4,100.8
201530,P0016,1,9.59,9.59
201530,P0039,1,72.89,72.89
201531,P0020,1,48.56,48.56
201531,P0040,1,76.06,76.06
201531,P0012,1,42.73,42.73
201532,P0038,2,50.8,101.6
201532,P0031,2,24.23,48.46
201532,P0018,1,43.79,43.79
201533,P0001,1,29.27,29.27
201534,P0034,1,46.37,46.37
201535,P0016,2,9.74,19.48
201535,P0026,2,11.91,23.82
201535,P0013,2,52.62,105.24
201536,P0021,2,31.35,62.7
201536,P0008,1,50.07,50.07
201537,P0014,1,79.19,79.19
201537,P0033,1,16.67,16.67
201537,P0017,1,9.13,9.13
201538,P0017,1,10.29,10.29
201538,P0037,2,28.04,56.08
201538,P0003,2,51.0,102.0
201539,P0010,1,71.47,71.47
201540,P0012,2,41.97,83.94
201541,P0008,2,47.41,94.82
201541,P0016,2,10.76,21.52
201542,P0032,1,60.19,60.19
201542,P0004,1,23.84,23.84
201542,P0023,2,65.72,131.44
201543,P0029,2,48.38,96.76
201543,P0017,1,9.46,9.46
201543,P0033,1,17.11,17.11
201544,P0008,2,47.48,94.96
201544,P0039,2,66.0,132.0
201544,P0026,2,11.68,23.36
201545,P0031,2,24.44,48.88
201545,P0020,2,49.86,99.72
201545,P0038,2,48.72,97.44
201546,P0017,1,10.44,10.44
201546,P0035,2,50.38,100.76
201547,P0032,2,56.67,113.34
201547,P0030,2,70.13,140.26
201547,P0029,2,47.62,95.24
201548,P0026,2,13.17,26.34
201548,P0020,2,50.04,100.08
201549,P0009,1,55.0,55.0
201549,P0039,2,67.62,135.24
201550,P0029,1,55.37,55.37
201551,P0038,1,49.38,49.38
201552,P0025,1,35.05,35.05
201553,P0025,2,36.21,72.42
201553,P0030,1,75.17,75.17
201554,P0005,2,43.9,87.8
201555,P0029,1,54.99,54.99
201556,P0002,2,44.51,89.02
201556,P0036,1,27.07,27.07
201557,P0027,2,34.51,69.02
201558,P0014,2,68.54,137.08
201558,P0001,2,30.88,61.76
201558,P0028,2,20.75,41.5
201559,P0016,1,10.59,10.59
201559,P0031,1,21.62,21.62
201559,P0037,2,30.97,61.94
201560,P0026,1,12.1,12.1
201561,P0023,1,75.91,75.91
201562,P0024,1,49.06,49.06
201563,P0023,1,66.02,66.02
201563,P0010,2,69.31,138.62
201563,P0030,2,72.69,145.38
201564,P0026,1,13.33,13.33
201565,P0033,1,19.22,19.22
201565,P0010,2,62.53,125.06
201565,P0024,1,50.53,50.53
201566,P0030,1,68.69,68.69
201567,P0010,2,69.88,139.76
201567,P0013,2,54.46,108.92
201568,P0006,2,44.3,88.6
201569,P0026,1,11.94,11.94
201569,P0008,1,55.04,55.04
201570,P0025,1,39.48,39.48
201571,P0002,2,40.82,81.64
201571,P0009,1,65.24,65.24
201572,P0033,1,18.32,18.32
201572,P0036,2,26.71,53.42
201573,P0040,2,67.94,135.88
201574,P0006,2,41.15,82.3
201575,P0026,2,13.78,27.56
201575,P0036,2,23.44,46.88
201576,P0032,1,58.38,58.38
201576,P0017,1,8.79,8.79
201576,P0002,1,41.13,41.13
201577,P0005,2,47.54,95.08
201577,P0020,2,47.15,94.3
201577,P0011,1,77.99,77.99
201578,P0006,1,44.37,44.37
201578,P0007,1,23.72,23.72
201579,P0024,1,43.93,43.93
201579,P0032,2,56.39,112.78
201579,P0008,1,53.01,53.01
201580,P0022,1,65.87,65.87
201580,P0026,2,13.86,27.72
201581,P0005,1,44.67,44.67
201582,P0030,2,70.34,140.68
201582,P0018,1,44.57,44.57
201583,P0035,1,53.45,53.45
201583,P0023,2,77.13,154.26
201584,P0020,1,49.08,49.08
201584,P0040,2,76.07,152.14
201584,P0010,2,62.35,124.7
201585,P0024,1,43.05,43.05
201585,P0035,2,56.03,112.06
201585,P0033,1,16.84,16.84
201586,P0001,2,30.59,61.18
201586,P0016,2,10.74,21.48
201587,P0025,1,37.72,37.72
201587,P0009,1,64.39,64.39
201587,P0023,2,75.66,151.32
201588,P0007,2,25.43,50.86
201589,P0033,2,18.25,36.5
201589,P0037,1,28.61,28.61
201590,P0030,2,78.26,156.52
201590,P0034,2,38.79,77.58
201591,P0018,2,48.72,97.44
201592,P0040,1,76.78,76.78
201593,P0014,2,75.56,151.12
201594,P0012,2,46.73,93.46
201594,P0034,2,38.55,77.1
201595,P0030,2,75.55,151.1
201596,P0020,2,53.24,106.48
201596,P0015,1,61.55,61.55
201597,P0030,2,67.84,135.68
201598,P0025,2,38.82,77.64
201598,P0001,1,33.09,33.09
201598,P0019,1,46.42,46.42
201599,P0015,2,51.57,103.14
201600,P0006,1,42.78,42.78
201600,P0029,1,53.48,53.48
201601,P0021,2,30.11,60.22
201602,P0035,1,57.52,57.52
201602,P0004,1,27.62,27.62
201602,P0024,1,45.23,45.23
201603,P0013,2,51.02,102.04
201604,P0012,2,44.11,88.22
201604,P0006,2,40.52,81.04
201605,P0014,2,69.86,139.72
201606,P0001,1,34.0,34.0
201606,P0031,2,25.06,50.12
201606,P0018,1,44.64,44.64
201607,P0018,2,46.31,92.62
201608,P0021,1,30.65,30.65
201608,P0038,2,51.46,102.92
201608,P0027,2,32.13,64.26
201609,P0019,1,46.72,46.72
201609,P0032,2,57.65,115.3
201609,P0033,2,17.06,34.12
201610,P0024,1,42.52,42.52
201610,P0022,1,61.7,61.7
201611,P0034,1,43.6,43.6
201612,P0027,2,34.04,68.08
201612,P0032,1,61.62,61.62
201613,P0025,1,38.98,38.98
201614,P0032,1,61.54,61.54
201614,P0028,1,20.37,20.37
201615,P0013,2,58.24,116.48
201615,P0009,2,57.35,114.7
201615,P0001,1,32.75,32.75
201616,P0029,1,56.33,56.33
201617,P0005,2,40.88,81.76
201617,P0015,2,58.89,117.78
201618,P0032,2,56.43,112.86
201618,P0031,1,25.95,25.95
201619,P0027,1,33.71,33.71
201620,P0023,1,75.06,75.06
201620,P0031,2,25.75,51.5
201620,P0012,1,43.48,43.48
201621,P0007,1,24.48,24.48
201622,P0009,2,63.47,126.94
201623,P0029,2,54.93,109.86
201624,P0020,2,45.45,90.9
201624,P0030,1,72.68,72.68
201624,P0015,1,57.93,57.93
201625,P0025,2,36.62,73.24
201625,P0029,2,57.13,114.26
201625,P0012,2,39.45,78.9
201626,P0036,2,24.9,49.8
201626,P0034,1,41.34,41.34
201626,P0006,2,46.24,92.48
201627,P0001,1,34.46,34.46
201627,P0019,1,52.64,52.64
201627,P0013,1,57.41,57.41
201628,P0010,2,61.36,122.72
201628,P0006,2,46.62,93.24
201629,P0011,2,70.56,141.12
201629,P0002,2,42.99,85.98
201629,P0025,1,37.99,37.99
201630,P0026,2,13.11,26.22
201631,P0022,1,64.2,64.2
201631,P0003,1,47.81,47.81
201632,P0031,1,24.08,24.08
201632,P0001,2,33.2,66.4
201633,P0036,2,24.42,48.84
201633,P0005,2,43.91,87.82
201634,P0020,1,46.82,46.82
201635,P0013,1,56.73,56.73
201635,P0038,1,52.36,52.36
201636,P0027,2,31.77,63.54
201636,P0015,1,56.6,56.6
201636,P0017,1,10.38,10.38
201637,P0027,2,33.27,66.54
201638,P0028,2,21.4,42.8
201638,P0031,1,23.01,23.01
201639,P0035,1,52.73,52.73
201639,P0013,2,50.11,100.22
201640,P0012,1,47.66,47.66
201640,P0032,2,56.47,112.94
201641,P0019,1,54.37,54.37
201642,P0015,1,51.73,51.73
201643,P0010,1,59.03,59.03
201643,P0039,2,76.87,153.74
201643,P0019,1,49.7,49.7
201644,P0039,1,75.47,75.47
201645,P0028,2,19.66,39.32
201645,P0024,1,47.44,47.44
201646,P0024,2,47.11,94.22
201646,P0010,2,65.71,131.42
201646,P0014,2,66.53,133.06
201647,P0030,1,75.06,75.06
201647,P0018,1,45.9,45.9
201647,P0031,2,24.05,48.1
201648,P0037,1,30.85,30.85
201649,P0015,1,58.73,58.73
201649,P0035,1,50.51,50.51
201650,P0023,2,68.4,136.8
201651,P0012,2,44.21,88.42
201652,P0031,1,22.64,22.64
201652,P0008,2,48.12,96.24
201653,P0015,1,51.1,51.1
201653,P0033,1,19.17,19.17
201653,P0009,2,66.3,132.6
201654,P0021,2,29.01,58.02
201655,P0001,1,28.95,28.95
201655,P0018,1,45.53,45.53
201655,P0035,1,53.79,53.79
201656,P0014,1,73.57,73.57
201656,P0008,2,46.46,92.92
201657,P0013,2,47.75,95.5
201658,P0024,2,42.28,84.56
201658,P0020,2,54.3,108.6
201658,P0013,2,48.49,96.98
201659,P0036,1,26.54,26.54
201659,P0005,2,46.49,92.98
201660,P0040,1,71.53,71.53
201661,P0006,2,44.34,88.68
201661,P0032,1,60.59,60.59
201662,P0037,1,32.92,32.92
201662,P0031,1,24.53,24.53
201663,P0021,2,31.32,62.64
201663,P0010,2,59.04,118.08
201664,P0032,1,56.28,56.28
201665,P0028,2,19.02,38.04
201665,P0001,2,33.01,66.02
201666,P0022,2,62.28,124.56
201667,P0027,2,29.82,59.64
201667,P0025,1,34.71,34.71
201668,P0001,2,29.17,58.34
201668,P0012,2,47.0,94.0
201668,P0016,2,10.54,21.08
201669,P0033,1,18.17,18.17
201670,P0013,2,55.36,110.72
201671,P0027,2,32.35,64.7
201671,P0028,2,19.82,39.64
201672,P0022,2,62.72,125.44
201673,P0035,2,50.01,100.02
201673,P0017,1,10.32,10.32
201673,P0006,1,48.17,48.17
201674,P0025,1,40.42,40.42
201674,P0034,1,39.69,39.69
201674,P0003,1,53.21,53.21
201675,P0003,2,51.42,102.84
201675,P0001,2,32.82,65.64
201676,P0037,1,33.01,33.01
201676,P0015,2,50.99,101.98
201677,P0010,2,71.52,143.04
201677,P0004,1,23.34,23.34
201677,P0033,1,19.11,19.11
201678,P0007,2,26.61,53.22
201678,P0031,1,25.09,25.09
201678,P0001,2,34.82,69.64
201679,P0013,2,55.93,111.86
201679,P0004,1,23.86,23.86
201679,P0019,1,51.33,51.33
201680,P0008,1,50.94,50.94
201680,P0031,1,24.99,24.99
201680,P0004,1,22.69,22.69
201681,P0015,1,59.8,59.8
201682,P0003,1,48.26,48.26
201682,P0006,1,41.16,41.16
201682,P0019,2,48.89,97.78
201683,P0019,1,49.43,49.43
201683,P0001,1,32.8,32.8
201684,P0018,2,44.69,89.38
201685,P0006,2,44.34,88.68
201685,P0028,2,18.56,37.12
201686,P0025,2,38.94,77.88
201686,P0039,1,77.45,77.45
201686,P0020,1,52.62,52.62
201687,P0032,1,61.22,61.22
201688,P0020,1,53.17,53.17
201688,P0023,1,71.73,71.73
201688,P0008,1,50.85,50.85
201689,P0017,2,9.52,19.04
201689,P0009,2,55.39,110.78
201690,P0022,1,64.46,64.46
201691,P0035,2,56.57,113.14
201691,P0006,2,47.01,94.02
201692,P0030,1,68.91,68.91
201693,P0009,1,67.33,67.33
201693,P0029,1,55.68,55.68
201694,P0030,1,79.63,79.63
201694,P0006,1,42.6,42.6
201694,P0004,2,27.86,55.72
201695,P0014,2,68.76,137.52
201696,P0021,2,25.94,51.88
201696,P0021,2,30.09,60.18
201696,P0027,2,33.65,67.3
201697,P0037,2,32.23,64.46
201697,P0007,1,25.79,25.79
201697,P0039,1,75.21,75.21
201698,P0004,2,22.93,45.86
201698,P0006,1,40.82,40.82
201699,P0038,1,50.8,50.8
201699,P0031,1,26.16,26.16
201699,P0036,2,23.04,46.08
201700,P0021,2,30.98,61.96
201700,P0028,1,18.02,18.02
201701,P0032,1,62.97,62.97
201701,P0020,1,46.6,46.6
201702,P0039,2,78.32,156.64
201702,P0014,2,74.34,148.68
201703,P0031,2,23.1,46.2
201704,P0001,1,35.36,35.36
201704,P0014,2,72.08,144.16
201704,P0028,1,20.14,20.14
201705,P0003,2,47.53,95.06
201706,P0023,2,69.45,138.9
201706,P0019,2,50.48,100.96
201706,P0003,2,54.36,108.72
201707,P0021,1,27.44,27.44
201708,P0038,2,56.43,112.86
201709,P0021,2,26.51,53.02
201709,P0020,1,50.35,50.35
201710,P0005,1,48.65,48.65
201710,P0030,1,77.16,77.16
201710,P0010,1,63.73,63.73
201711,P0038,1,54.97,54.97
201712,P0031,1,23.69,23.69
201712,P0027,1,32.01,32.01
201713,P0039,1,76.95,76.95
201714,P0014,2,66.79,133.58
201715,P0010,2,64.51,129.02
201715,P0027,2,28.46,56.92
201715,P0025,1,36.23,36.23
201716,P0012,1,43.66,43.66
201716,P0028,2,18.26,36.52
201716,P0004,2,22.82,45.64
201717,P0017,1,8.94,8.94
201717,P0020,1,48.04,48.04
201717,P0028,1,18.92,18.92
201718,P0017,1,9.1,9.1
201719,P0019,1,52.49,52.49
201720,P0030,2,68.21,136.42
201720,P0007,1,24.08,24.08
201721,P0002,2,45.2,90.4
201721,P0036,1,23.72,23.72
201721,P0033,1,16.69,16.69
201722,P0018,1,48.04,48.04
201722,P0006,1,49.43,49.43
201723,P0004,2,25.06,50.12
201724,P0001,1,33.97,33.97
201725,P0023,1,68.74,68.74
201725,P0024,2,51.78,103.56
201726,P0005,2,47.21,94.42
201726,P0028,1,17.97,17.97
201727,P0023,2,69.86,139.72
201728,P0040,1,80.11,80.11
201728,P0008,2,49.19,98.38
201728,P0008,1,53.29,53.29
201729,P0039,1,76.15,76.15
201729,P0006,1,48.61,48.61
201729,P0013,1,55.94,55.94
201730,P0020,2,52.9,105.8
201730,P0025,1,36.83,36.83
201730,P0004,1,27.5,27.5
201731,P0040,1,67.76,67.76
201731,P0027,2,31.62,63.24
201732,P0029,2,58.16,116.32
201732,P0002,2,45.73,91.46
201732,P0037,1,33.49,33.49
201733,P0012,1,39.92,39.92
201733,P0005,1,47.41,47.41
201734,P0001,2,33.8,67.6
201734,P0002,1,46.12,46.12
201734,P0029,1,56.58,56.58
201735,P0026,2,11.88,23.76
201735,P0036,1,23.43,23.43
201736,P0005,1,46.2,46.2
201736,P0022,2,55.48,110.96
201736,P0003,2,47.43,94.86
201737,P0006,1,41.95,41.95
201737,P0021,1,25.94,25.94
201737,P0024,1,46.31,46.31
201738,P0037,1,30.11,30.11
201738,P0040,2,78.16,156.32
201739,P0025,2,38.46,76.92
201739,P0029,1,51.8,51.8
201739,P0017,1,8.97,8.97
201740,P0014,2,67.21,134.42
201740,P0004,1,24.22,24.22
201740,P0038,1,51.83,51.83
201741,P0011,2,75.08,150.16
201742,P0026,1,11.78,11.78
201743,P0006,2,47.0,94.0
201743,P0032,2,53.33,106.66
201743,P0022,1,62.49,62.49
201744,P0036,2,23.55,47.1
201744,P0010,1,70.86,70.86
201744,P0032,1,59.47,59.47
201745,P0037,1,32.48,32.48
201746,P0018,2,46.37,92.74
201746,P0007,1,25.22,25.22
201746,P0022,2,58.78,117.56
201747,P0006,1,45.75,45.75
201747,P0023,1,73.02,73.02
201747,P0004,2,24.04,48.08
201748,P0030,1,78.95,78.95
201749,P0021,1,28.01,28.01
201749,P0031,2,25.13,50.26
201750,P0015,1,61.74,61.74
201750,P0015,2,54.8,109.6
201750,P0003,1,50.84,50.84
201751,P0037,2,32.16,64.32
201752,P0038,1,53.16,53.16
201752,P0034,1,46.77,46.77
201752,P0033,1,19.41,19.41
201753,P0007,2,24.24,48.48
201753,P0040,1,75.29,75.29
201754,P0039,1,79.86,79.86
201754,P0010,1,59.75,59.75
201754,P0017,2,10.29,20.58
201755,P0030,2,78.9,157.8
201755,P0013,2,48.64,97.28
201755,P0009,1,60.0,60.0
201756,P0030,1,75.76,75.76
201757,P0016,1,9.01,9.01
201758,P0034,1,45.78,45.78
201759,P0004,1,25.7,25.7
201759,P0019,2,49.3,98.6
201760,P0036,2,23.47,46.94
201760,P0014,1,70.13,70.13
201760,P0028,1,20.25,20.25
201761,P0003,2,50.71,101.42
201762,P0022,1,58.15,58.15
201763,P0025,2,39.91,79.82
201763,P0020,1,44.9,44.9
201764,P0022,2,64.99,129.98
201764,P0025,1,33.25,33.25
201765,P0019,1,53.45,53.45
201765,P0010,2,70.95,141.9
201765,P0033,2,16.57,33.14
201766,P0015,2,50.79,101.58
201767,P0030,2,74.19,148.38
201768,P0006,1,46.93,46.93
201768,P0017,2,8.96,17.92
201769,P0035,1,55.91,55.91
201769,P0006,2,49.62,99.24
201770,P0011,2,78.71,157.42
201771,P0038,2,51.58,103.16
201771,P0029,1,53.39,53.39
201771,P0015,1,61.35,61.35
201772,P0034,2,43.07,86.14
201772,P0037,2,29.39,58.78
201772,P0036,2,24.4,48.8
201773,P0032,2,53.15,106.3
201774,P0029,1,57.54,57.54
201775,P0006,2,49.37,98.74
201776,P0020,1,51.02,51.02
201776,P0018,1,44.73,44.73
201777,P0008,2,54.72,109.44
201778,P0002,1,39.6,39.6
201778,P0036,1,28.1,28.1
201778,P0037,2,27.3,54.6
201779,P0014,1,77.2,77.2
201779,P0014,2,71.08,142.16
201780,P0040,1,75.43,75.43
201780,P0012,2,45.7,91.4
201780,P0014,1,67.58,67.58
201781,P0002,1,43.81,43.81
201782,P0008,2,47.36,94.72
201783,P0017,2,10.0,20.0
201783,P0038,1,48.45,48.45
201783,P0015,2,51.53,103.06
201784,P0022,1,59.88,59.88
201784,P0034,1,40.26,40.26
201784,P0014,1,76.32,76.32
201785,P0033,2,16.57,33.14
201786,P0010,1,62.94,62.94
201787,P0030,1,73.34,73.34
201788,P0007,2,24.4,48.8
201788,P0007,1,23.09,23.09
201788,P0033,1,19.26,19.26
201789,P0002,1,41.38,41.38
201790,P0025,1,38.16,38.16
201790,P0029,1,56.64,56.64
201791,P0030,1,73.72,73.72
201791,P0004,1,27.32,27.32
201792,P0039,2,73.92,147.84
201792,P0039,2,76.37,152.74
201792,P0023,1,70.83,70.83
201793,P0035,2,53.73,107.46
201793,P0022,1,55.75,55.75
201794,P0005,1,43.41,43.41
201795,P0021,1,28.98,28.98
201796,P0016,1,10.55,10.55
201796,P0028,1,19.75,19.75
201797,P0036,2,27.71,55.42
201798,P0013,2,49.07,98.14
201798,P0021,1,27.55,27.55
201798,P0005,2,47.01,94.02
201799,P0011,2,67.69,135.38
201799,P0028,2,18.65,37.3
201799,P0028,2,20.52,41.04
201800,P0030,1,73.92,73.92
201801,P0032,2,54.5,109.0
201801,P0011,1,78.26,78.26
201802,P0021,1,25.84,25.84
201802,P0016,2,9.39,18.78
201802,P0038,2,52.64,105.28
201803,P0006,2,40.88,81.76
201804,P0035,2,52.63,105.26
201804,P0012,1,40.66,40.66
201804,P0021,1,30.26,30.26
201805,P0030,1,65.42,65.42
201805,P0008,1,50.28,50.28
201806,P0026,2,13.1,26.2
201806,P0029,2,47.71,95.42
201806,P0028,2,20.97,41.94
201807,P0013,2,50.53,101.06
201807,P0014,1,80.54,80.54
201808,P0037,1,29.34,29.34
201809,P0028,2,18.87,37.74
201810,P0032,2,63.62,127.24
201810,P0009,1,65.99,65.99
201810,P0007,1,23.4,23.4
201811,P0028,2,19.0,38.0
201811,P0020,2,49.59,99.18
201812,P0014,2,75.54,151.08
201813,P0017,2,9.66,19.32
201813,P0012,1,44.13,44.13
201813,P0018,1,51.02,51.02
201814,P0014,1,73.81,73.81
201814,P0026,1,12.15,12.15
201815,P0015,2,53.99,107.98
201815,P0026,2,13.97,27.94
201815,P0004,2,26.31,52.62
201816,P0021,1,26.83,26.83
201817,P0028,2,18.68,37.36
201818,P0026,1,12.63,12.63
201818,P0036,1,26.85,26.85
201818,P0021,2,29.84,59.68
201819,P0017,1,8.63,8.63
201820,P0022,2,62.55,125.1
201820,P0036,2,28.03,56.06
201820,P0011,1,75.14,75.14
201821,P0017,2,9.58,19.16
201821,P0004,1,25.84,25.84
201821,P0021,1,28.3,28.3
201822,P0028,2,17.65,35.3
201823,P0022,2,64.03,128.06
201824,P0024,1,49.97,49.97
201824,P0008,2,47.61,95.22
201824,P0038,1,54.4,54.4
201825,P0023,2,73.11,146.22
201826,P0020,2,48.41,96.82
201826,P0002,2,46.69,93.38
201826,P0025,1,35.7,35.7
201827,P0015,1,59.15,59.15
201828,P0033,1,18.82,18.82
201829,P0025,2,39.06,78.12
201829,P0005,2,43.41,86.82
201829,P0023,1,79.55,79.55
201830,P0001,1,30.61,30.61
201830,P0002,1,44.09,44.09
201830,P0012,2,42.9,85.8
201831,P0015,1,61.4,61.4
201831,P0030,1,71.37,71.37
201832,P0032,1,56.29,56.29
201833,P0004,1,24.73,24.73
201834,P0038,1,57.42,57.42
201834,P0015,1,60.85,60.85
201834,P0026,2,13.05,26.1
201835,P0026,1,12.37,12.37
201835,P0035,1,49.08,49.08
201836,P0039,2,66.52,133.04
201836,P0017,2,9.27,18.54
201836,P0040,2,66.91,133.82
201837,P0016,1,9.63,9.63
201837,P0031,2,24.44,48.88
201837,P0014,2,69.14,138.28
201838,P0009,1,57.6,57.6
201838,P0004,2,25.23,50.46
201839,P0010,2,59.75,119.5
201839,P0039,2,66.89,133.78
201839,P0001,2,34.27,68.54
201840,P0018,2,42.68,85.36
201841,P0018,1,44.01,44.01
201842,P0039,2,74.9,149.8
201843,P0011,2,72.04,144.08
201843,P0022,2,57.01,114.02
201844,P0032,1,57.0,57.0
201845,P0039,1,74.71,74.71
201846,P0006,2,47.35,94.7
201846,P0029,1,48.39,48.39
201846,P0013,1,57.8,57.8
201847,P0027,1,31.56,31.56
201848,P0003,1,48.54,48.54
201848,P0035,2,47.61,95.22
201849,P0010,2,64.23,128.46
201849,P0005,2,48.61,97.22
201850,P0036,2,23.43,46.86
201850,P0018,1,43.6,43.6
201850,P0001,2,30.62,61.24
201851,P0038,1,55.86,55.86
201851,P0003,1,53.3,53.3
201852,P0017,1,10.27,10.27
201853,P0024,2,46.83,93.66
201853,P0017,1,9.59,9.59
201853,P0030,2,69.47,138.94
201854,P0022,1,62.59,62.59
201855,P0017,2,10.6,21.2
201855,P0018,1,45.84,45.84
201856,P0036,1,24.04,24.04
201857,P0019,1,46.58,46.58
201857,P0013,1,51.52,51.52
201857,P0011,1,73.86,73.86
201858,P0031,2,24.86,49.72
201859,P0036,2,26.41,52.82
201860,P0017,1,8.79,8.79
201860,P0035,1,49.75,49.75
201860,P0020,1,52.93,52.93
201861,P0006,2,48.81,97.62
201861,P0003,2,45.41,90.82
201862,P0035,2,56.49,112.98
201862,P0034,1,41.45,41.45
201863,P0030,1,79.46,79.46
201863,P0007,1,23.1,23.1
201864,P0040,1,76.05,76.05
201865,P0022,1,56.06,56.06
201865,P0021,1,31.01,31.01
201866,P0024,2,48.47,96.94
201866,P0019,2,48.66,97.32
201866,P0040,2,71.63,143.26
201867,P0008,1,51.67,51.67
201868,P0023,1,71.39,71.39
201869,P0035,2,57.36,114.72
201870,P0015,2,52.67,105.34
201871,P0013,1,50.93,50.93
201872,P0005,1,46.74,46.74
201872,P0013,2,56.75,113.5
201872,P0021,2,28.42,56.84
201873,P0029,2,55.99,111.98
201874,P0014,1,81.27,81.27
201875,P0038,2,58.27,116.54
201876,P0033,2,17.15,34.3
201876,P0018,1,51.21,51.21
201876,P0030,1,76.53,76.53
201877,P0013,2,55.76,111.52
201878,P0040,1,68.53,68.53
201879,P0020,2,47.39,94.78
201880,P0004,1,23.63,23.63
201880,P0016,2,8.92,17.84
201880,P0024,1,45.17,45.17
201881,P0001,2,29.42,58.84
201882,P0033,2,16.77,33.54
201882,P0005,1,44.15,44.15
201882,P0021,1,27.15,27.15
201883,P0028,1,20.93,20.93
201883,P0022,1,55.65,55.65
201884,P0025,2,38.05,76.1
201884,P0019,1,55.91,55.91
201884,P0008,2,51.81,103.62
201885,P0020,2,49.89,99.78
201886,P0017,1,10.22,10.22
201886,P0002,1,43.28,43.28
201887,P0012,2,41.5,83.0
201888,P0023,2,78.94,157.88
201888,P0016,1,10.32,10.32
201888,P0011,1,82.15,82.15
201889,P0030,1,71.45,71.45
201889,P0008,1,54.78,54.78
201890,P0022,2,57.78,115.56
201890,P0002,1,45.29,45.29
201891,P0040,2,76.16,152.32
201892,P0033,2,16.53,33.06
201893,P0018,2,48.55,97.1
201894,P0039,2,78.67,157.34
201894,P0019,2,46.47,92.94
201894,P0003,1,48.64,48.64
201895,P0021,2,31.72,63.44
201896,P0035,1,52.97,52.97
201897,P0012,2,40.14,80.28
201897,P0040,2,79.39,158.78
201897,P0007,2,22.62,45.24
201898,P0004,1,26.17,26.17
201898,P0013,1,55.75,55.75
201899,P0004,1,23.86,23.86
201900,P0015,1,61.94,61.94
201901,P0024,2,43.14,86.28
201901,P0003,2,53.7,107.4
201901,P0033,2,16.64,33.28
201902,P0019,2,55.79,111.58
201903,P0033,2,18.03,36.06
201904,P0008,1,46.95,46.95
201904,P0030,1,79.08,79.08
201905,P0028,2,18.49,36.98
201905,P0011,1,81.3,81.3
201906,P0028,2,18.91,37.82
201907,P0016,1,10.46,10.46
201907,P0036,2,24.21,48.42
201908,P0029,2,48.99,97.98
201909,P0032,1,54.93,54.93
201910,P0012,2,44.8,89.6
201910,P0028,1,20.24,20.24
201911,P0025,1,35.75,35.75
201912,P0032,2,63.4,126.8
201912,P0002,2,40.29,80.58
201912,P0008,2,54.1,108.2
201913,P0027,1,29.56,29.56
201914,P0022,2,65.86,131.72
201914,P0031,1,22.21,22.21
201914,P0006,1,48.45,48.45
201915,P0024,1,48.0,48.0
201915,P0023,1,72.6,72.6
201915,P0015,1,61.48,61.48
201916,P0004,2,25.87,51.74
201916,P0008,1,53.71,53.71
201917,P0015,1,52.94,52.94
201917,P0019,1,46.59,46.59
201917,P0023,1,67.87,67.87
201918,P0021,2,31.54,63.08
201918,P0032,2,54.21,108.42
201919,P0033,2,16.32,32.64
201919,P0013,1,53.0,53.0
201920,P0013,2,53.36,106.72
201920,P0020,1,52.65,52.65
201921,P0012,1,47.68,47.68
201922,P0007,1,25.47,25.47
201923,P0020,1,46.2,46.2
201923,P0026,1,12.81,12.81
201924,P0013,1,54.85,54.85
201924,P0035,1,57.68,57.68
201924,P0024,1,48.21,48.21
201925,P0036,1,27.69,27.69
201925,P0013,1,53.09,53.09
201926,P0027,2,34.97,69.94
201927,P0005,2,41.34,82.68
201927,P0014,1,72.25,72.25
201928,P0037,1,28.86,28.86
201929,P0018,1,44.8,44.8
201930,P0018,1,44.05,44.05
201930,P0036,2,26.71,53.42
201931,P0002,2,43.02,86.04
201931,P0011,2,72.57,145.14
201931,P0008,2,47.39,94.78
201932,P0015,2,61.96,123.92
201933,P0039,2,71.35,142.7
201933,P0009,1,65.65,65.65
201934,P0034,2,43.08,86.16
201934,P0020,1,48.4,48.4
201935,P0010,2,63.78,127.56
201935,P0029,1,55.88,55.88
201936,P0001,2,31.83,63.66
201936,P0001,1,32.9,32.9
201937,P0029,2,48.49,96.98
201937,P0022,1,61.86,61.86
201937,P0033,2,18.3,36.6
201938,P0007,1,23.2,23.2
201938,P0008,2,54.85,109.7
201938,P0015,1,53.99,53.99
201939,P0032,1,62.58,62.58
201939,P0017,1,10.45,10.45
201939,P0022,2,55.31,110.62
201940,P0039,1,73.86,73.86
201940,P0010,2,64.23,128.46
201941,P0039,2,77.5,155.0
201942,P0024,1,49.9,49.9
201942,P0033,1,17.73,17.73
201943,P0030,1,68.05,68.05
201944,P0009,2,64.03,128.06
201945,P0019,1,50.35,50.35
201946,P0036,1,28.08,28.08
201946,P0001,2,30.28,60.56
201946,P0026,2,12.92,25.84
201947,P0038,1,53.54,53.54
201947,P0015,2,61.32,122.64
201947,P0023,1,77.23,77.23
201948,P0037,1,32.29,32.29
201949,P0029,1,50.58,50.58
201950,P0009,1,55.37,55.37
201950,P0007,1,26.54,26.54
201951,P0030,2,75.67,151.34
201952,P0020,2,53.35,106.7
201952,P0022,1,55.46,55.46
201952,P0029,2,53.21,106.42
201953,P0015,2,62.05,124.1
201953,P0022,1,59.97,59.97
201954,P0025,1,35.38,35.38
201954,P0007,2,23.68,47.36
201955,P0027,1,29.34,29.34
201956,P0036,2,25.87,51.74
201957,P0029,1,47.66,47.66
201957,P0001,1,30.79,30.79
201957,P0002,1,41.63,41.63
201958,P0009,1,56.14,56.14
201959,P0033,2,16.47,32.94
201960,P0033,2,18.02,36.04
201961,P0024,2,51.45,102.9
201961,P0026,1,11.62,11.62
201961,P0037,1,28.26,28.26
201962,P0032,2,54.13,108.26
201962,P0026,1,13.94,13.94
201962,P0032,2,56.0,112.0
201963,P0034,2,40.55,81.1
201963,P0035,2,56.08,112.16
201964,P0039,2,68.5,137.0
201964,P0032,2,58.86,117.72
201964,P0010,2,69.72,139.44
201965,P0022,1,60.95,60.95
201965,P0028,2,21.5,43.0
201966,P0034,1,45.55,45.55
201966,P0008,2,46.76,93.52
201966,P0035,1,47.93,47.93
201967,P0025,2,35.38,70.76
201967,P0012,1,43.66,43.66
201967,P0023,1,67.12,67.12
201968,P0007,2,26.72,53.44
201969,P0024,1,45.38,45.38
201969,P0020,2,48.17,96.34
201970,P0008,2,53.3,106.6
201970,P0020,1,47.06,47.06
201970,P0006,2,49.5,99.0
201971,P0022,1,62.96,62.96
201971,P0031,2,22.9,45.8
201972,P0012,1,42.76,42.76
201973,P0003,1,46.17,46.17
201973,P0034,2,45.85,91.7
201974,P0025,2,33.1,66.2
201974,P0023,1,74.92,74.92
201974,P0030,1,71.64,71.64
201975,P0033,1,18.45,18.45
201975,P0022,1,63.99,63.99
201975,P0010,2,67.37,134.74
201976,P0028,1,21.34,21.34
201977,P0035,1,57.74,57.74
201977,P0016,1,10.73,10.73
201977,P0022,2,56.1,112.2
201978,P0020,2,46.08,92.16
201978,P0038,1,55.27,55.27
201979,P0010,2,63.49,126.98
201980,P0018,2,45.87,91.74
201980,P0028,2,20.57,41.14
201981,P0035,1,50.53,50.53
201981,P0015,1,55.96,55.96
201981,P0039,1,71.95,71.95
201982,P0014,2,79.1,158.2
201983,P0038,1,51.88,51.88
201984,P0009,2,60.07,120.14
201984,P0023,2,64.83,129.66
201984,P0026,1,11.6,11.6
201985,P0035,2,50.17,100.34
201986,P0008,1,48.56,48.56
201986,P0007,1,24.75,24.75
201987,P0001,1,32.94,32.94
201988,P0019,2,56.72,113.44
201988,P0012,1,45.62,45.62
201989,P0016,2,10.33,20.66
201989,P0009,2,64.19,128.38
201990,P0009,1,64.91,64.91
201990,P0014,1,66.29,66.29
201990,P0009,2,66.84,133.68
201991,P0029,2,58.13,116.26
201991,P0013,2,58.16,116.32
201992,P0023,1,76.57,76.57
201992,P0012,2,43.23,86.46
201993,P0034,2,41.11,82.22
201993,P0015,2,56.64,113.28
201994,P0010,1,71.13,71.13
201994,P0026,1,12.18,12.18
201995,P0005,2,46.31,92.62
201995,P0030,1,71.31,71.31
201995,P0039,2,71.5,143.0
201996,P0021,2,27.82,55.64
201996,P0035,2,52.72,105.44
201997,P0025,2,34.45,68.9
201997,P0016,2,10.14,20.28
201997,P0017,2,9.0,18.0
201998,P0007,2,22.28,44.56
201998,P0040,2,80.13,160.26
201999,P0038,1,58.57,58.57
201999,P0003,1,47.24,47.24
202000,P0030,2,73.84,147.68
202000,P0009,1,65.45,65.45
202000,P0033,1,18.58,18.58
202001,P0024,1,42.91,42.91
202001,P0037,1,30.63,30.63
202001,P0006,1,46.95,46.95
202002,P0035,1,52.63,52.63
202002,P0035,1,53.54,53.54
202002,P0025,2,38.7,77.4
202003,P0016,2,9.55,19.1
202003,P0024,1,46.95,46.95
202003,P0023,2,65.96,131.92
202004,P0008,2,48.59,97.18
202004,P0015,1,61.5,61.5
202005,P0037,2,30.86,61.72
202005,P0040,1,69.88,69.88
202005,P0028,1,18.47,18.47
202006,P0039,2,71.77,143.54
202007,P0035,1,55.42,55.42
202007,P0022,1,59.83,59.83
202008,P0012,1,44.59,44.59
202009,P0006,2,45.84,91.68
202010,P0030,2,72.03,144.06
202010,P0014,1,67.13,67.13
202011,P0006,1,43.97,43.97
202011,P0033,2,19.02,38.04
202011,P0015,1,58.83,58.83
202012,P0008,2,55.07,110.14
202012,P0009,1,58.14,58.14
202012,P0019,1,47.94,47.94
202013,P0040,1,72.94,72.94
202013,P0019,2,46.36,92.72
202014,P0033,2,18.9,37.8
202015,P0003,1,54.57,54.57
202015,P0034,1,39.29,39.29
202015,P0019,1,52.74,52.74
202016,P0032,2,61.8,123.6
202016,P0011,2,77.66,155.32
202017,P0011,1,70.06,70.06
202018,P0005,2,42.08,84.16
202018,P0012,2,40.35,80.7
202019,P0031,1,22.27,22.27
202019,P0018,1,51.35,51.35
202019,P0010,1,66.08,66.08
202020,P0025,2,33.74,67.48
202021,P0015,1,54.15,54.15
202021,P0021,2,27.3,54.6
202021,P0019,2,56.47,112.94
202022,P0014,1,74.08,74.08
202022,P0012,2,44.56,89.12
202023,P0038,1,55.15,55.15
202023,P0025,2,36.77,73.54
202023,P0038,1,51.56,51.56
202024,P0015,2,57.11,114.22
202024,P0036,1,25.52,25.52
202024,P0003,2,55.1,110.2
202025,P0012,2,45.45,90.9
202026,P0007,2,25.78,51.56
202027,P0018,2,44.9,89.8
202028,P0025,1,35.86,35.86
202028,P0039,2,72.82,145.64
202029,P0006,1,43.67,43.67
202030,P0009,1,61.41,61.41
202031,P0011,1,72.9,72.9
202031,P0003,1,47.8,47.8
202031,P0030,1,72.69,72.69
202032,P0025,2,35.73,71.46
202032,P0013,1,53.46,53.46
202033,P0008,2,46.27,92.54
202033,P0024,1,49.64,49.64
202033,P0004,2,27.48,54.96
202034,P0014,1,76.7,76.7
202034,P0026,2,12.64,25.28
202035,P0017,2,10.36,20.72
202035,P0005,2,48.31,96.62
202035,P0027,2,30.25,60.5
202036,P0024,2,45.77,91.54
202037,P0006,1,46.35,46.35
202037,P0040,2,71.78,143.56
202037,P0038,2,56.48,112.96
202038,P0022,2,67.45,134.9
202039,P0029,2,58.34,116.68
202039,P0014,2,73.38,146.76
202040,P0031,2,21.71,43.42
202041,P0039,1,66.66,66.66
202042,P0005,2,39.99,79.98
202042,P0018,2,49.72,99.44
202042,P0014,2,78.41,156.82
202043,P0013,2,49.93,99.86
202043,P0039,1,71.72,71.72
202044,P0008,2,53.44,106.88
202044,P0030,2,73.83,147.66
202044,P0036,2,24.43,48.86
202045,P0025,2,33.18,66.36
202045,P0010,2,60.87,121.74
202045,P0034,2,42.05,84.1
202046,P0029,1,57.16,57.16
202046,P0031,2,22.79,45.58
202046,P0035,1,52.08,52.08
202047,P0014,2,68.18,136.36
202047,P0020,2,53.48,106.96
202048,P0034,1,41.75,41.75
202048,P0004,1,24.83,24.83
202048,P0036,1,23.38,23.38
202049,P0001,2,30.63,61.26
202050,P0034,2,40.61,81.22
202050,P0036,1,25.68,25.68
202051,P0040,2,81.24,162.48
202052,P0028,2,18.38,36.76
202052,P0012,1,41.51,41.51
202053,P0007,2,26.05,52.1
202053,P0038,2,54.52,109.04
202053,P0028,2,19.0,38.0
202054,P0017,1,10.0,10.0
202055,P0029,1,50.24,50.24
202055,P0028,2,20.6,41.2
202055,P0035,1,53.69,53.69
202056,P0009,1,61.75,61.75
202056,P0002,1,44.75,44.75
202056,P0021,1,29.44,29.44
202057,P0009,2,56.27,112.54
202058,P0007,2,26.1,52.2
202058,P0037,1,33.26,33.26
202058,P0027,1,32.67,32.67
202059,P0028,1,19.65,19.65
202059,P0006,1,44.86,44.86
202059,P0016,1,10.56,10.56
202060,P0020,1,44.46,44.46
202060,P0027,1,34.01,34.01
202060,P0023,2,73.3,146.6
202061,P0035,2,54.32,108.64
202061,P0004,1,23.08,23.08
202061,P0001,2,31.69,63.38
202062,P0013,1,49.84,49.84
202063,P0024,1,42.65,42.65
202063,P0024,1,50.75,50.75
202064,P0011,2,74.61,149.22
202065,P0008,2,54.2,108.4
202065,P0024,2,44.53,89.06
202065,P0038,2,51.58,103.16
202066,P0008,2,47.28,94.56
202066,P0021,2,27.61,55.22
202067,P0015,1,53.53,53.53
202067,P0024,2,42.76,85.52
202068,P0016,2,9.45,18.9
202068,P0008,1,50.32,50.32
202068,P0021,2,31.71,63.42
202069,P0009,1,55.61,55.61
202069,P0035,1,51.16,51.16
202070,P0035,1,48.96,48.96
202070,P0012,1,48.03,48.03
202071,P0007,2,25.79,51.58
202072,P0016,1,9.6,9.6
202072,P0023,1,66.48,66.48
202072,P0039,1,65.79,65.79
202073,P0005,1,43.02,43.02
202073,P0032,2,63.04,126.08
202074,P0021,2,31.58,63.16
202074,P0010,1,62.73,62.73
202074,P0020,2,48.1,96.2
202075,P0038,1,56.45,56.45
202075,P0015,2,62.02,124.04
202076,P0017,1,8.9,8.9
202076,P0018,2,49.52,99.04
202077,P0025,1,38.1,38.1
202077,P0012,2,39.3,78.6
202078,P0030,1,68.13,68.13
202078,P0009,1,55.7,55.7
202078,P0027,2,31.93,63.86
202079,P0004,2,23.35,46.7
202079,P0016,1,10.5,10.5
202080,P0012,2,39.49,78.98
202080,P0037,2,32.11,64.22
202081,P0010,2,68.45,136.9
202082,P0015,2,54.32,108.64
202082,P0031,1,23.1,23.1
202083,P0036,2,27.53,55.06
202083,P0034,1,40.51,40.51
202084,P0037,1,31.1,31.1
202084,P0007,2,26.49,52.98
202085,P0028,1,19.47,19.47
202086,P0032,2,55.1,110.2
202087,P0033,1,19.07,19.07
202087,P0001,1,33.13,33.13
202087,P0003,1,55.49,55.49
202088,P0002,1,45.03,45.03
202088,P0031,2,23.93,47.86
202088,P0040,1,75.1,75.1
202089,P0011,2,77.06,154.12
202090,P0028,2,19.57,39.14
202090,P0013,1,57.81,57.81
202090,P0009,2,63.58,127.16
202091,P0014,1,79.11,79.11
202091,P0004,2,26.9,53.8
202091,P0037,1,29.08,29.08
202092,P0032,2,57.72,115.44
202092,P0039,2,71.57,143.14
202093,P0017,1,9.66,9.66
202094,P0009,1,65.17,65.17
202094,P0015,1,58.84,58.84
202095,P0001,2,32.87,65.74
202096,P0039,2,72.85,145.7
202096,P0022,1,59.62,59.62
202096,P0007,1,26.21,26.21
202097,P0010,2,59.87,119.74
202097,P0004,1,24.5,24.5
202098,P0028,2,20.04,40.08
202098,P0027,1,29.14,29.14
202099,P0030,2,77.64,155.28
202099,P0025,2,34.64,69.28
202100,P0037,1,33.6,33.6
202101,P0033,1,17.72,17.72
202101,P0019,1,52.06,52.06
202102,P0037,2,27.47,54.94
202102,P0040,2,80.97,161.94
202102,P0005,2,40.41,80.82
202103,P0035,2,54.35,108.7
202104,P0001,2,31.85,63.7
202104,P0017,1,8.95,8.95
202104,P0009,1,58.0,58.0
202105,P0018,1,46.85,46.85
202105,P0015,2,51.31,102.62
202105,P0037,1,28.67,28.67
202106,P0023,2,68.48,136.96
202106,P0002,1,39.15,39.15
202107,P0015,1,54.13,54.13
202107,P0025,1,37.08,37.08
202107,P0028,2,18.96,37.92
202108,P0016,2,9.33,18.66
202108,P0014,1,77.39,77.39
202108,P0022,2,56.02,112.04
202109,P0016,1,10.15,10.15
202110,P0007,2,23.08,46.16
202110,P0030,2,79.72,159.44
202111,P0024,2,47.64,95.28
202112,P0026,2,12.63,25.26
202112,P0039,1,79.08,79.08
202112,P0025,1,38.96,38.96
202113,P0027,1,29.22,29.22
202113,P0022,1,59.77,59.77
202114,P0008,2,49.24,98.48
202114,P0032,2,57.79,115.58
202114,P0021,1,28.78,28.78
202115,P0006,1,48.0,48.0
202116,P0038,2,53.69,107.38
202116,P0032,1,53.53,53.53
202116,P0001,2,30.74,61.48
202117,P0035,1,57.43,57.43
202117,P0004,2,27.8,55.6
202118,P0039,2,70.63,141.26
202118,P0010,2,62.15,124.3
202118,P0035,1,47.65,47.65
202119,P0021,1,25.85,25.85
202119,P0024,2,49.69,99.38
202119,P0015,1,53.52,53.52
202120,P0011,1,75.11,75.11
202120,P0040,1,68.91,68.91
202120,P0037,2,30.12,60.24
202121,P0015,2,61.71,123.42
202122,P0027,1,34.4,34.4
202122,P0020,1,51.72,51.72
202122,P0023,1,69.48,69.48
202123,P0032,1,59.93,59.93
202123,P0030,2,78.1,156.2
202123,P0024,1,42.32,42.32
202124,P0027,1,30.37,30.37
202124,P0006,1,46.29,46.29
202124,P0006,2,41.42,82.84
202125,P0030,2,79.0,158.0
202126,P0029,1,52.21,52.21
202126,P0013,1,51.86,51.86
202126,P0039,2,74.74,149.48
202127,P0021,1,29.53,29.53
202127,P0009,2,58.08,116.16
202127,P0005,1,45.1,45.1
202128,P0011,2,82.96,165.92
202128,P0028,1,19.93,19.93
202129,P0005,1,42.73,42.73
202129,P0030,1,70.99,70.99
202129,P0011,2,68.94,137.88
202130,P0039,1,70.94,70.94
202130,P0018,2,49.91,99.82
202130,P0010,2,60.62,121.24
202131,P0030,2,69.14,138.28
202131,P0015,1,56.42,56.42
202131,P0014,1,75.43,75.43
202132,P0032,2,59.24,118.48
202133,P0026,1,11.48,11.48
202133,P0001,1,34.72,34.72
202134,P0027,1,29.33,29.33
202134,P0016,1,9.04,9.04
202134,P0012,2,40.11,80.22
202135,P0013,1,50.3,50.3
202136,P0037,1,28.41,28.41
202137,P0019,1,46.88,46.88
202137,P0029,1,48.0,48.0
202138,P0006,2,42.92,85.84
202139,P0025,2,40.22,80.44
202140,P0039,1,66.04,66.04
202141,P0011,1,78.13,78.13
202141,P0020,1,50.35,50.35
202142,P0012,1,45.61,45.61
202142,P0036,2,26.56,53.12
202143,P0001,1,31.95,31.95
202143,P0022,1,56.72,56.72
202144,P0010,1,70.92,70.92
202145,P0030,2,73.9,147.8
202145,P0012,2,42.2,84.4
202145,P0037,2,32.38,64.76
202146,P0030,2,77.59,155.18
202147,P0009,2,55.95,111.9
202148,P0025,1,38.32,38.32
202148,P0007,2,24.34,48.68
202149,P0031,1,26.0,26.0
202149,P0032,2,58.16,116.32
202150,P0023,1,68.79,68.79
202150,P0002,2,44.95,89.9
202150,P0015,1,55.74,55.74
202151,P0034,2,40.41,80.82
202152,P0008,2,48.02,96.04
202152,P0013,1,53.84,53.84
202152,P0010,2,63.14,126.28
202153,P0033,2,19.45,38.9
202153,P0019,1,47.34,47.34
202154,P0031,2,23.61,47.22
202154,P0038,2,48.91,97.82
202154,P0006,1,46.55,46.55
202155,P0009,1,54.89,54.89
202155,P0003,2,51.71,103.42
202156,P0008,1,50.26,50.26
202156,P0033,1,18.84,18.84
202156,P0025,1,38.27,38.27
202157,P0034,2,40.36,80.72
202157,P0006,2,43.08,86.16
202157,P0035,2,48.23,96.46
202158,P0028,1,19.42,19.42
202158,P0008,1,54.55,54.55
202159,P0005,2,48.16,96.32
202160,P0039,1,68.96,68.96
202160,P0008,2,50.8,101.6
202161,P0023,1,78.28,78.28
202162,P0034,2,43.94,87.88
202162,P0018,2,42.23,84.46
202162,P0033,1,18.91,18.91
202163,P0019,2,51.6,103.2
202163,P0017,1,9.85,9.85
202163,P0017,1,9.44,9.44
202164,P0036,1,25.77,25.77
202164,P0003,2,45.56,91.12
202164,P0005,1,42.36,42.36
202165,P0006,2,41.49,82.98
202165,P0010,2,70.93,141.86
202166,P0039,1,68.62,68.62
202167,P0010,2,65.48,130.96
202168,P0036,1,27.83,27.83
202168,P0027,1,29.73,29.73
202169,P0022,2,58.65,117.3
202169,P0006,1,49.43,49.43
202169,P0011,1,69.0,69.0
202170,P0019,2,51.11,102.22
202170,P0011,2,77.26,154.52
202170,P0016,2,10.13,20.26
202171,P0006,2,41.48,82.96
202171,P0012,1,47.63,47.63
202172,P0001,1,34.52,34.52
202172,P0003,1,50.9,50.9
202172,P0025,2,35.85,71.7
202173,P0040,1,74.84,74.84
202173,P0011,2,74.97,149.94
202173,P0002,2,41.92,83.84
202174,P0015,2,55.39,110.78
202174,P0015,2,60.47,120.94
202175,P0026,1,11.79,11.79
202176,P0024,1,45.37,45.37
202177,P0038,2,57.11,114.22
202178,P0035,2,55.38,110.76
202178,P0002,2,41.23,82.46
202179,P0011,2,71.64,143.28
202179,P0038,2,51.91,103.82
202180,P0037,1,27.71,27.71
202180,P0033,1,17.76,17.76
202180,P0040,1,77.89,77.89
202181,P0033,1,18.1,18.1
202181,P0007,2,23.05,46.1
202182,P0003,1,54.72,54.72
202182,P0021,1,27.68,27.68
202183,P0014,1,71.6,71.6
202184,P0002,1,38.33,38.33
202185,P0026,2,13.16,26.32
202185,P0025,1,38.67,38.67
202185,P0013,2,50.81,101.62
202186,P0018,1,48.24,48.24
202187,P0022,1,63.08,63.08
202187,P0011,2,75.18,150.36
202188,P0020,1,52.27,52.27
202188,P0015,2,57.34,114.68
202189,P0018,1,42.94,42.94
202189,P0033,1,18.38,18.38
202189,P0012,2,39.46,78.92
202190,P0011,2,72.08,144.16
202190,P0018,2,45.49,90.98
202190,P0026,2,13.03,26.06
202191,P0028,2,19.74,39.48
202192,P0038,1,48.64,48.64
202192,P0017,2,9.58,19.16
202192,P0024,1,45.99,45.99
202193,P0001,1,33.96,33.96
202193,P0036,2,26.06,52.12
202194,P0027,2,30.6,61.2
202195,P0010,2,71.38,142.76
202195,P0023,2,78.47,156.94
202196,P0040,2,74.38,148.76
202196,P0028,1,18.99,18.99
202197,P0039,2,72.0,144.0
202197,P0023,2,70.65,141.3
202198,P0012,1,46.61,46.61
202199,P0031,2,25.66,51.32
202199,P0025,1,35.29,35.29
202200,P0014,2,66.81,133.62
202201,P0014,1,69.68,69.68
202202,P0015,2,51.57,103.14
202202,P0012,1,42.13,42.13
202202,P0001,2,32.33,64.66
202203,P0001,1,33.25,33.25
202203,P0018,1,49.08,49.08
202204,P0037,2,30.38,60.76
202204,P0007,1,26.53,26.53
202204,P0033,1,16.89,16.89
202205,P0023,2,66.75,133.5
202205,P0008,1,50.7,50.7
202205,P0011,1,69.64,69.64
202206,P0019,2,54.49,108.98
202206,P0001,1,34.18,34.18
202207,P0004,1,24.89,24.89
202207,P0006,2,42.69,85.38
202207,P0018,1,44.43,44.43
202208,P0003,2,45.32,90.64
202208,P0035,2,49.92,99.84
202208,P0009,2,56.12,112.24
202209,P0036,1,27.71,27.71
202209,P0040,2,78.06,156.12
202209,P0003,1,48.38,48.38
202210,P0006,1,42.81,42.81
202211,P0032,1,59.07,59.07
202211,P0030,1,67.94,67.94
202212,P0002,2,44.96,89.92
202212,P0021,2,30.25,60.5
202212,P0007,2,25.95,51.9
202213,P0036,1,24.29,24.29
202213,P0022,1,60.48,60.48
202213,P0006,2,48.34,96.68
202214,P0021,1,26.77,26.77
202215,P0028,2,20.11,40.22
202216,P0032,2,56.68,113.36
202216,P0011,2,76.4,152.8
202217,P0020,2,52.89,105.78
202217,P0034,2,40.09,80.18
202217,P0033,2,17.56,35.12
202218,P0029,2,48.6,97.2
202219,P0018,1,42.55,42.55
202220,P0012,1,43.68,43.68
202220,P0040,1,78.73,78.73
202221,P0037,2,32.28,64.56
202221,P0018,2,44.35,88.7
202222,P0018,1,45.84,45.84
202223,P0001,2,30.67,61.34
202223,P0030,2,78.38,156.76
202223,P0026,2,12.52,25.04
202224,P0036,2,22.94,45.88
202224,P0019,1,51.57,51.57
202224,P0039,1,79.25,79.25
202225,P0017,2,8.99,17.98
202225,P0012,1,39.53,39.53
202226,P0021,2,28.1,56.2
202226,P0040,2,73.26,146.52
202226,P0006,1,48.96,48.96
202227,P0029,1,51.91,51.91
202227,P0010,1,68.98,68.98
202228,P0010,2,59.38,118.76
202228,P0034,1,45.41,45.41
202228,P0030,1,78.88,78.88
202229,P0026,2,14.06,28.12
202229,P0002,2,45.98,91.96
202230,P0012,2,44.59,89.18
202231,P0013,1,53.13,53.13
202232,P0005,2,40.2,80.4
202232,P0033,1,18.92,18.92
202233,P0037,1,28.41,28.41
202233,P0011,1,70.78,70.78
202233,P0015,1,58.45,58.45
202234,P0017,2,8.98,17.96
202235,P0028,2,18.54,37.08
202235,P0021,2,26.71,53.42
202235,P0035,2,56.91,113.82
202236,P0024,2,48.68,97.36
202236,P0026,2,11.89,23.78
202236,P0032,2,60.17,120.34
202237,P0003,1,50.21,50.21
202237,P0006,2,45.43,90.86
202238,P0003,2,47.78,95.56
202239,P0039,2,79.21,158.42
202239,P0038,1,55.8,55.8
202239,P0031,1,25.0,25.0
202240,P0010,1,68.06,68.06
202240,P0036,1,23.01,23.01
202241,P0002,2,40.06,80.12
202241,P0024,1,43.74,43.74
202241,P0028,2,19.37,38.74
202242,P0013,1,57.18,57.18
202242,P0014,2,69.69,139.38
202242,P0030,1,75.51,75.51
202243,P0007,1,26.09,26.09
202243,P0007,1,25.36,25.36
202244,P0013,1,48.0,48.0
202245,P0003,1,51.35,51.35
202245,P0023,2,79.61,159.22
202245,P0005,2,44.79,89.58
202246,P0032,2,56.42,112.84
202247,P0014,2,70.34,140.68
202247,P0039,2,66.75,133.5
202248,P0019,2,54.01,108.02
202248,P0004,2,26.55,53.1
202248,P0006,1,48.93,48.93
202249,P0022,1,67.19,67.19
202249,P0015,2,52.04,104.08
202250,P0035,1,55.26,55.26
202250,P0025,2,39.57,79.14
202250,P0034,1,40.73,40.73
202251,P0020,1,49.28,49.28
202251,P0034,1,40.35,40.35
202252,P0015,2,56.43,112.86
202253,P0001,1,29.14,29.14
202253,P0004,1,25.95,25.95
202253,P0040,2,70.18,140.36
202254,P0036,2,26.25,52.5
202255,P0001,1,29.29,29.29
202255,P0015,1,54.87,54.87
202255,P0035,1,55.3,55.3
202256,P0036,1,25.39,25.39
202256,P0010,2,63.07,126.14
202256,P0006,2,47.12,94.24
202257,P0003,1,47.12,47.12
202257,P0015,1,57.38,57.38
202257,P0016,2,9.56,19.12
202258,P0036,2,25.03,50.06
202258,P0009,1,55.83,55.83
202259,P0015,2,54.76,109.52
202260,P0037,2,31.88,63.76
202261,P0014,1,72.12,72.12
202262,P0003,1,51.41,51.41
202262,P0020,1,47.43,47.43
202262,P0004,1,25.91,25.91
202263,P0039,1,65.02,65.02
202264,P0029,1,57.37,57.37
202265,P0025,2,33.24,66.48
202265,P0026,2,14.11,28.22
202265,P0013,2,55.26,110.52
202266,P0034,2,38.24,76.48
202267,P0018,2,42.63,85.26
202267,P0021,2,26.51,53.02
202267,P0033,2,16.42,32.84
202268,P0011,1,77.23,77.23
202268,P0007,2,25.1,50.2
202269,P0011,2,82.94,165.88
202270,P0013,2,50.02,100.04
202270,P0015,1,60.67,60.67
202271,P0039,1,79.32,79.32
202271,P0016,2,10.25,20.5
202271,P0003,2,46.46,92.92
202272,P0019,1,53.83,53.83
202273,P0016,2,9.35,18.7
202273,P0036,2,23.56,47.12
202274,P0036,1,25.42,25.42
202274,P0028,2,20.54,41.08
202275,P0030,1,69.69,69.69
202275,P0039,1,76.13,76.13
202276,P0009,1,55.03,55.03
202276,P0011,2,69.17,138.34
202277,P0012,2,41.57,83.14
202278,P0014,2,68.09,136.18
202279,P0019,2,51.67,103.34
202279,P0038,2,54.74,109.48
202279,P0030,2,70.08,140.16
202280,P0033,1,17.53,17.53
202280,P0012,1,42.53,42.53
202281,P0014,2,72.0,144.0
202281,P0032,1,60.6,60.6
202281,P0011,2,75.17,150.34
202282,P0008,2,46.43,92.86
202283,P0010,2,69.15,138.3
202283,P0020,1,50.76,50.76
202284,P0017,2,9.19,18.38
202285,P0025,2,40.1,80.2
202286,P0020,2,48.9,97.8
202286,P0035,2,53.99,107.98
202287,P0007,1,24.55,24.55
202287,P0032,2,53.32,106.64
202288,P0009,2,62.56,125.12
202289,P0024,1,49.19,49.19
202290,P0001,1,35.48,35.48
202290,P0024,1,48.04,48.04
202290,P0034,1,44.68,44.68
202291,P0038,1,57.03,57.03
202291,P0020,2,51.85,103.7
202292,P0025,2,37.88,75.76
202292,P0029,1,53.23,53.23
202293,P0001,1,34.82,34.82
202294,P0001,2,35.18,70.36
202294,P0030,1,69.3,69.3
202294,P0029,1,50.48,50.48
202295,P0035,2,49.38,98.76
202295,P0012,2,47.93,95.86
202295,P0039,1,77.98,77.98
202296,P0026,1,12.35,12.35
202296,P0028,1,20.28,20.28
202296,P0023,1,71.92,71.92
202297,P0014,1,78.56,78.56
202298,P0013,2,49.5,99.0
202299,P0005,2,47.39,94.78
202299,P0005,1,44.79,44.79
202300,P0019,2,54.67,109.34
202301,P0013,1,56.12,56.12
202301,P0038,1,53.79,53.79
202302,P0002,1,39.85,39.85
202302,P0007,2,25.07,50.14
202303,P0017,1,9.67,9.67
202304,P0006,1,45.37,45.37
202304,P0017,1,8.71,8.71
202305,P0003,1,45.32,45.32
202305,P0011,1,82.5,82.5
202306,P0022,1,58.77,58.77
202306,P0018,1,48.9,48.9
202306,P0014,2,75.41,150.82
202307,P0001,2,33.62,67.24
202308,P0037,2,33.19,66.38
202308,P0016,1,9.06,9.06
202308,P0034,2,38.44,76.88
202309,P0032,2,63.65,127.3
202309,P0030,1,71.89,71.89
202309,P0033,1,17.57,17.57
202310,P0022,1,56.76,56.76
202311,P0023,2,72.09,144.18
202312,P0037,1,31.26,31.26
202313,P0040,1,69.49,69.49
202314,P0037,2,30.16,60.32
202314,P0005,2,42.04,84.08
202314,P0008,2,48.26,96.52
202315,P0030,1,72.71,72.71
202316,P0002,1,46.16,46.16
202316,P0025,2,33.9,67.8
202316,P0006,2,42.75,85.5
202317,P0024,2,43.29,86.58
202317,P0011,1,79.32,79.32
202318,P0006,2,42.51,85.02
202318,P0030,2,66.87,133.74
202318,P0020,2,54.15,108.3
202319,P0017,1,9.0,9.0
202320,P0028,1,18.0,18.0
202321,P0018,2,45.57,91.14
202321,P0016,2,10.28,20.56
202322,P0021,2,31.36,62.72
202323,P0040,1,66.83,66.83
202324,P0012,2,44.65,89.3
202324,P0013,1,53.6,53.6
202324,P0021,1,26.83,26.83
202325,P0036,2,24.95,49.9
202326,P0029,2,55.86,111.72
202327,P0006,2,46.4,92.8
202328,P0038,2,49.29,98.58
202329,P0003,1,46.46,46.46
202329,P0038,1,58.62,58.62
202329,P0012,1,46.48,46.48
202330,P0015,1,51.21,51.21
202330,P0014,2,77.89,155.78
202331,P0015,2,53.49,106.98
202331,P0032,2,63.62,127.24
202331,P0034,2,41.81,83.62
202332,P0011,1,73.63,73.63
202332,P0033,2,18.13,36.26
202333,P0015,1,61.36,61.36
202334,P0021,2,29.45,58.9
202335,P0015,2,53.47,106.94
202336,P0034,1,39.22,39.22
202336,P0035,1,53.49,53.49
202336,P0023,2,72.56,145.12
202337,P0040,1,74.55,74.55
202337,P0019,2,56.45,112.9
202338,P0010,1,60.48,60.48
202338,P0021,1,31.25,31.25
202338,P0038,2,48.66,97.32
202339,P0039,1,71.44,71.44
202339,P0020,1,53.93,53.93
202339,P0037,2,32.48,64.96
202340,P0030,1,68.67,68.67
202341,P0036,2,25.88,51.76
202341,P0024,1,43.39,43.39
202342,P0019,1,53.26,53.26
202342,P0002,1,42.42,42.42
202342,P0040,2,72.84,145.68
202343,P0013,2,47.92,95.84
202343,P0032,2,62.84,125.68
202343,P0004,2,26.37,52.74
202344,P0015,2,62.3,124.6
202345,P0006,1,48.97,48.97
202345,P0025,1,38.17,38.17
202346,P0025,1,40.57,40.57
202346,P0030,2,72.82,145.64
202347,P0038,1,54.54,54.54
202347,P0021,2,29.18,58.36
202348,P0012,1,41.87,41.87
202349,P0024,1,49.19,49.19
202349,P0011,2,70.23,140.46
202349,P0034,1,41.9,41.9
202350,P0010,1,69.36,69.36
202351,P0018,2,49.57,99.14
202352,P0018,1,45.84,45.84
202353,P0012,1,45.5,45.5
202353,P0007,2,25.85,51.7
202354,P0009,1,66.09,66.09
202355,P0031,1,22.61,22.61
202355,P0015,1,53.74,53.74
202355,P0032,1,58.29,58.29
202356,P0010,1,61.25,61.25
202356,P0018,2,47.32,94.64
202356,P0002,2,45.96,91.92
202357,P0036,1,27.93,27.93
202357,P0012,1,48.04,48.04
202358,P0013,1,55.19,55.19
202358,P0010,2,66.84,133.68
202359,P0038,1,53.79,53.79
202359,P0023,1,68.62,68.62
202359,P0012,1,43.85,43.85
202360,P0018,2,43.33,86.66
202360,P0011,2,79.66,159.32
202360,P0025,2,33.59,67.18
202361,P0026,1,13.17,13.17
202361,P0013,2,48.69,97.38
202361,P0032,1,53.12,53.12
202362,P0018,2,50.0,100.0
202362,P0032,1,64.15,64.15
202363,P0026,1,11.76,11.76
202364,P0040,1,76.47,76.47
202364,P0036,2,27.41,54.82
202365,P0030,2,74.15,148.3
202366,P0026,2,12.53,25.06
202366,P0012,2,45.94,91.88
202367,P0028,1,18.55,18.55
202368,P0003,1,50.82,50.82
202368,P0024,1,50.71,50.71
202368,P0037,1,29.41,29.41
202369,P0016,1,10.52,10.52
202370,P0024,1,50.94,50.94
202371,P0014,2,74.74,149.48
202371,P0014,1,80.61,80.61
202372,P0017,2,9.67,19.34
202372,P0006,1,44.1,44.1
202372,P0034,2,38.64,77.28
202373,P0038,1,56.38,56.38
202373,P0016,1,10.02,10.02
202373,P0026,2,13.4,26.8
202374,P0012,2,42.48,84.96
202374,P0015,1,55.04,55.04
202374,P0017,1,10.16,10.16
202375,P0011,1,74.51,74.51
202375,P0036,2,27.71,55.42
202376,P0024,1,47.93,47.93
202376,P0017,1,9.22,9.22
202377,P0037,2,31.82,63.64
202377,P0021,2,31.34,62.68
202377,P0004,2,26.07,52.14
202378,P0035,1,47.04,47.04
202379,P0037,1,32.84,32.84
202380,P0006,2,45.63,91.26
202380,P0031,1,25.5,25.5
202381,P0001,1,31.29,31.29
202381,P0029,1,57.07,57.07
202382,P0037,2,31.0,62.0
202382,P0015,2,53.37,106.74
202383,P0034,1,46.17,46.17
202383,P0021,1,27.01,27.01
202384,P0014,2,73.05,146.1
202384,P0031,2,24.45,48.9
202384,P0003,2,54.65,109.3
202385,P0033,2,17.52,35.04
202386,P0017,2,8.8,17.6
202386,P0032,2,57.06,114.12
202386,P0025,2,39.68,79.36
202387,P0032,2,63.53,127.06
202388,P0008,1,47.22,47.22
202388,P0011,1,79.83,79.83
202389,P0021,2,28.24,56.48
202390,P0021,2,31.5,63.0
202390,P0006,1,49.58,49.58
202391,P0007,1,23.18,23.18
202391,P0022,2,66.63,133.26
202391,P0012,2,41.57,83.14
202392,P0015,2,51.93,103.86
202392,P0031,1,22.16,22.16
202393,P0018,1,43.51,43.51
202394,P0014,2,80.59,161.18
202395,P0020,1,47.37,47.37
202396,P0030,1,75.5,75.5
202396,P0038,1,55.86,55.86
202397,P0032,1,64.29,64.29
202398,P0007,2,22.68,45.36
202398,P0040,2,69.5,139.0
202399,P0002,2,43.81,87.62
202399,P0005,2,47.79,95.58
202399,P0017,1,9.8,9.8
202400,P0021,2,28.15,56.3
202400,P0028,1,21.27,21.27
202400,P0023,2,72.62,145.24
202401,P0013,2,50.98,101.96
202401,P0021,2,31.03,62.06
202402,P0036,1,22.86,22.86
202402,P0034,2,45.62,91.24
202402,P0018,1,46.15,46.15
202403,P0013,2,53.8,107.6
202403,P0004,2,27.35,54.7
202404,P0031,1,22.56,22.56
202404,P0039,2,79.99,159.98
202404,P0008,2,46.62,93.24
202405,P0018,2,49.2,98.4
202405,P0033,1,17.07,17.07
202405,P0002,1,42.75,42.75
202406,P0004,1,27.18,27.18
202406,P0020,2,45.45,90.9
202407,P0039,1,71.92,71.92
202407,P0025,1,35.56,35.56
202407,P0025,1,39.61,39.61
202408,P0014,2,66.88,133.76
202408,P0021,1,27.31,27.31
202409,P0029,1,51.69,51.69
202410,P0002,2,42.32,84.64
202410,P0014,1,72.5,72.5
202411,P0019,1,46.28,46.28
202411,P0026,1,13.53,13.53
202412,P0012,2,41.77,83.54
202412,P0012,1,47.75,47.75
202412,P0032,1,60.67,60.67
202413,P0017,2,9.92,19.84
202413,P0038,1,59.1,59.1
202414,P0013,1,56.42,56.42
202414,P0033,2,18.65,37.3
202415,P0012,2,40.68,81.36
202415,P0036,1,25.1,25.1
202416,P0002,1,40.84,40.84
202416,P0002,1,40.98,40.98
202416,P0025,1,33.94,33.94
202417,P0003,1,55.24,55.24
202417,P0001,1,35.41,35.41
202417,P0028,1,19.17,19.17
202418,P0038,1,52.16,52.16
202418,P0022,1,67.38,67.38
202419,P0013,2,51.68,103.36
202420,P0024,2,48.77,97.54
202421,P0024,2,48.85,97.7
202422,P0015,2,57.16,114.32
202422,P0012,1,47.6,47.6
202422,P0004,1,26.25,26.25
202423,P0012,2,45.59,91.18
202423,P0038,2,53.27,106.54
202423,P0007,2,25.42,50.84
202424,P0024,2,48.81,97.62
202424,P0018,2,45.38,90.76
202424,P0002,1,39.3,39.3
202425,P0038,2,55.87,111.74
202426,P0021,2,29.75,59.5
202426,P0038,1,48.92,48.92
202426,P0022,1,67.8,67.8
202427,P0032,2,57.96,115.92
202427,P0025,1,39.7,39.7
202428,P0031,2,21.9,43.8
202428,P0012,2,39.61,79.22
202429,P0036,2,23.92,47.84
202429,P0020,1,50.67,50.67
202430,P0013,1,54.24,54.24
202431,P0023,2,76.01,152.02
202432,P0001,1,32.85,32.85
202432,P0034,1,41.74,41.74
202433,P0002,2,45.93,91.86
202433,P0003,2,50.8,101.6
202433,P0003,2,49.05,98.1
202434,P0022,1,59.87,59.87
202434,P0038,2,53.5,107.0
202434,P0028,2,19.83,39.66
202435,P0033,1,19.07,19.07
202435,P0009,2,63.94,127.88
202436,P0020,1,51.69,51.69
202436,P0021,1,27.7,27.7
202436,P0036,1,26.67,26.67
202437,P0028,2,19.91,39.82
202438,P0028,1,18.81,18.81
202439,P0017,1,9.48,9.48
202440,P0020,1,45.96,45.96
202440,P0013,2,50.27,100.54
202441,P0032,1,58.24,58.24
202442,P0020,2,45.28,90.56
202442,P0028,2,17.68,35.36
202443,P0030,2,79.86,159.72
202444,P0036,1,27.31,27.31
202445,P0025,2,38.34,76.68
202446,P0031,2,22.3,44.6
202446,P0005,2,44.8,89.6
202446,P0037,2,28.17,56.34
202447,P0029,1,56.55,56.55
202447,P0038,1,53.55,53.55
202448,P0010,1,66.67,66.67
202448,P0035,2,47.57,95.14
202449,P0019,1,46.5,46.5
202449,P0027,1,30.67,30.67
202450,P0013,2,50.5,101.0
202451,P0027,2,35.01,70.02
202452,P0001,1,32.36,32.36
202452,P0011,1,79.18,79.18
202453,P0012,1,45.72,45.72
202453,P0039,1,76.97,76.97
202454,P0002,2,38.6,77.2
202455,P0009,2,61.1,122.2
202455,P0012,2,46.69,93.38
202455,P0011,2,77.94,155.88
202456,P0017,1,9.29,9.29
202456,P0036,1,24.58,24.58
202457,P0004,2,26.27,52.54
202458,P0039,2,71.01,142.02
202459,P0024,2,51.51,103.02
202460,P0035,1,49.19,49.19
202460,P0002,2,39.38,78.76
202460,P0015,1,53.53,53.53
202461,P0029,2,58.12,116.24
202462,P0012,2,46.31,92.62
202463,P0013,2,56.42,112.84
202464,P0028,1,21.22,21.22
202465,P0027,1,28.62,28.62
202465,P0033,2,15.97,31.94
202466,P0007,1,26.66,26.66
202466,P0021,2,27.6,55.2
202466,P0026,2,13.51,27.02
202467,P0033,1,18.25,18.25
202468,P0014,2,77.85,155.7
202469,P0031,2,26.3,52.6
202469,P0021,2,29.12,58.24
202469,P0008,2,50.19,100.38
202470,P0001,2,31.95,63.9
202470,P0021,1,28.7,28.7
202470,P0009,2,64.56,129.12
202471,P0037,2,30.97,61.94
202471,P0024,1,45.71,45.71
202472,P0028,1,21.13,21.13
202472,P0035,2,53.45,106.9
202472,P0007,1,23.3,23.3
202473,P0007,1,25.66,25.66
202473,P0039,1,75.9,75.9
202474,P0007,2,23.49,46.98
202474,P0038,1,52.97,52.97
202474,P0024,1,44.76,44.76
202475,P0021,2,26.41,52.82
202475,P0006,2,47.05,94.1
202476,P0001,2,32.45,64.9
202476,P0009,1,61.1,61.1
202476,P0028,2,18.67,37.34
202477,P0008,2,54.23,108.46
202477,P0022,1,63.6,63.6
202478,P0026,1,11.64,11.64
202478,P0036,1,27.23,27.23
202478,P0005,2,41.09,82.18
202479,P0015,1,61.23,61.23
202479,P0021,1,30.16,30.16
202480,P0014,2,72.91,145.82
202480,P0036,2,25.81,51.62
202480,P0033,1,17.15,17.15
202481,P0040,1,79.38,79.38
202482,P0021,2,30.34,60.68
202482,P0027,2,29.24,58.48
202482,P0028,1,20.97,20.97
202483,P0024,2,46.31,92.62
202484,P0037,2,29.38,58.76
202484,P0036,1,24.96,24.96
202485,P0005,1,43.36,43.36
202485,P0026,2,12.12,24.24
202485,P0032,2,60.15,120.3
202486,P0020,2,50.91,101.82
202486,P0028,1,20.11,20.11
202487,P0028,1,20.07,20.07
202488,P0025,1,36.61,36.61
202488,P0017,1,9.97,9.97
202489,P0001,2,33.63,67.26
202489,P0005,2,47.76,95.52
202490,P0001,1,32.64,32.64
202490,P0037,2,28.21,56.42
202490,P0012,2,46.99,93.98
202491,P0006,2,43.51,87.02
202492,P0018,1,42.38,42.38
202493,P0020,2,53.54,107.08
202494,P0037,1,31.61,31.61
202495,P0030,2,78.39,156.78
202495,P0025,1,39.92,39.92
202496,P0030,1,70.29,70.29
202496,P0007,2,26.21,52.42
202497,P0025,2,36.16,72.32
202497,P0017,1,9.98,9.98
202497,P0011,1,82.3,82.3
202498,P0023,1,76.02,76.02
202498,P0009,1,63.95,63.95
202499,P0031,2,25.68,51.36
202499,P0036,2,25.13,50.26
202500,P0014,1,72.4,72.4
202500,P0029,1,48.68,48.68
202500,P0003,2,54.63,109.26
202501,P0032,1,59.59,59.59
202502,P0022,1,57.98,57.98
202502,P0029,2,51.28,102.56
202502,P0029,2,54.17,108.34
202503,P0030,2,73.4,146.8
202503,P0021,1,29.87,29.87
202504,P0028,2,21.51,43.02
202504,P0027,1,29.46,29.46
202505,P0006,1,47.77,47.77
202505,P0012,1,45.43,45.43
202506,P0007,2,24.98,49.96
202506,P0025,1,36.15,36.15
202506,P0007,2,23.55,47.1
202507,P0010,2,71.0,142.0
202507,P0027,1,28.63,28.63
202508,P0037,2,28.29,56.58
202508,P0029,1,57.8,57.8
202509,P0039,1,68.62,68.62
202509,P0025,2,35.62,71.24
202509,P0025,1,38.81,38.81
202510,P0016,2,9.23,18.46
202510,P0039,2,79.12,158.24
202511,P0011,1,72.61,72.61
202511,P0024,2,44.23,88.46
202511,P0014,2,68.99,137.98
202512,P0028,2,21.16,42.32
202512,P0003,1,52.6,52.6
202513,P0039,1,68.81,68.81
202513,P0033,2,19.07,38.14
202514,P0018,1,43.01,43.01
202514,P0010,2,58.74,117.48
202514,P0016,2,10.34,20.68
202515,P0033,1,17.84,17.84
202516,P0003,2,45.73,91.46
202516,P0034,2,41.87,83.74
202516,P0024,2,45.57,91.14
202517,P0004,1,24.74,24.74
202517,P0021,2,31.1,62.2
202517,P0004,2,25.28,50.56
202518,P0013,1,52.02,52.02
202519,P0026,2,13.4,26.8
202519,P0026,1,11.86,11.86
202520,P0014,1,79.76,79.76
202520,P0017,1,8.94,8.94
202520,P0019,1,55.69,55.69
202521,P0025,1,34.29,34.29
202521,P0013,1,47.64,47.64
202521,P0010,1,59.2,59.2
202522,P0035,1,53.47,53.47
202522,P0030,1,78.21,78.21
202523,P0025,1,33.84,33.84
202523,P0035,2,55.72,111.44
202524,P0021,1,26.16,26.16
202524,P0016,2,9.74,19.48
202524,P0022,2,66.12,132.24
202525,P0039,2,72.88,145.76
202525,P0008,1,46.84,46.84
202525,P0025,1,33.74,33.74
202526,P0028,2,19.54,39.08
202526,P0034,1,42.17,42.17
202526,P0035,1,56.33,56.33
202527,P0037,2,30.69,61.38
202527,P0037,1,31.86,31.86
202528,P0004,2,23.34,46.68
202528,P0013,2,56.6,113.2
202529,P0009,1,65.38,65.38
202530,P0001,2,33.56,67.12
202530,P0035,1,51.4,51.4
202531,P0024,2,42.83,85.66
202531,P0039,1,67.9,67.9
202532,P0014,2,80.56,161.12
202532,P0023,1,75.85,75.85
202533,P0029,2,53.34,106.68
202533,P0005,1,46.7,46.7
202533,P0019,1,46.98,46.98
202534,P0035,2,50.5,101.0
202534,P0007,2,26.81,53.62
202534,P0012,2,45.03,90.06
202535,P0040,1,78.11,78.11
202535,P0004,2,24.01,48.02
202536,P0033,2,19.34,38.68
202537,P0002,2,39.54,79.08
202537,P0030,2,68.97,137.94
202538,P0037,1,30.35,30.35
202538,P0001,2,32.16,64.32
202539,P0024,2,45.44,90.88
202539,P0007,1,22.14,22.14
202539,P0032,1,57.96,57.96
202540,P0015,1,55.5,55.5
202540,P0004,2,27.13,54.26
202541,P0030,1,73.63,73.63
202542,P0005,2,43.96,87.92
202542,P0033,2,16.89,33.78
202542,P0001,1,31.77,31.77
202543,P0040,2,66.46,132.92
202544,P0016,2,9.55,19.1
202544,P0003,1,48.6,48.6
202544,P0027,1,31.79,31.79
202545,P0035,2,53.88,107.76
202545,P0029,1,50.33,50.33
202546,P0040,1,74.31,74.31
202546,P0007,1,26.84,26.84
202547,P0034,2,44.54,89.08
202548,P0025,2,36.4,72.8
202549,P0018,1,49.46,49.46
202549,P0011,2,72.62,145.24
202549,P0016,2,10.29,20.58
202550,P0004,1,26.25,26.25
202550,P0029,1,51.77,51.77
202550,P0030,2,65.55,131.1
202551,P0004,1,22.95,22.95
202551,P0032,2,61.74,123.48
202551,P0021,1,29.99,29.99
202552,P0023,2,76.9,153.8
202552,P0037,1,29.73,29.73
202553,P0018,1,42.28,42.28
202553,P0034,2,43.22,86.44
202554,P0005,2,47.94,95.88
202555,P0027,1,28.99,28.99
202555,P0035,1,53.2,53.2
202555,P0040,1,68.05,68.05
202556,P0034,2,38.4,76.8
202556,P0025,1,38.99,38.99
202556,P0016,2,9.31,18.62
202557,P0028,1,21.4,21.4
202557,P0012,1,48.11,48.11
202557,P0006,1,43.24,43.24
202558,P0018,1,43.33,43.33
202558,P0028,1,17.72,17.72
202559,P0010,2,62.19,124.38
202559,P0021,2,28.91,57.82
202559,P0006,2,45.54,91.08
202560,P0003,1,50.39,50.39
202560,P0034,2,42.44,84.88
202561,P0022,2,57.96,115.92
202561,P0014,1,72.17,72.17
202561,P0004,2,22.66,45.32
202562,P0005,1,41.08,41.08
202562,P0021,2,27.89,55.78
202563,P0038,2,52.97,105.94
202563,P0013,1,57.67,57.67
202564,P0023,2,64.96,129.92
202564,P0002,1,40.43,40.43
202565,P0034,2,42.66,85.32
202565,P0011,2,70.36,140.72
202566,P0001,2,31.87,63.74
202566,P0036,2,23.65,47.3
202566,P0037,1,30.09,30.09
202567,P0004,2,27.31,54.62
202567,P0004,2,23.5,47.0
202567,P0016,1,10.42,10.42
202568,P0006,2,41.21,82.42
202569,P0009,1,64.09,64.09
202570,P0039,1,78.26,78.26
202570,P0015,1,52.12,52.12
202570,P0015,1,55.08,55.08
202571,P0001,1,30.24,30.24
202571,P0029,2,58.19,116.38
202572,P0021,1,31.43,31.43
202572,P0004,2,23.31,46.62
202572,P0018,2,45.96,91.92
202573,P0023,2,67.95,135.9
202573,P0024,2,51.86,103.72
202573,P0012,1,43.21,43.21
202574,P0016,1,9.92,9.92
202574,P0017,1,8.76,8.76
202574,P0021,2,27.06,54.12
202575,P0029,2,48.29,96.58
202575,P0010,1,67.58,67.58
202575,P0001,2,34.09,68.18
202576,P0005,1,47.03,47.03
202577,P0010,2,66.68,133.36
202577,P0023,2,72.95,145.9
202578,P0040,1,66.84,66.84
202578,P0021,2,28.6,57.2
202578,P0012,2,39.52,79.04
202579,P0040,2,71.09,142.18
202579,P0002,1,42.07,42.07
202579,P0015,1,61.5,61.5
202580,P0021,2,25.81,51.62
202581,P0010,1,59.56,59.56
202582,P0002,1,43.92,43.92
202583,P0026,2,11.46,22.92
202583,P0024,1,48.34,48.34
202584,P0020,1,51.12,51.12
202584,P0016,2,10.06,20.12
202585,P0006,2,49.1,98.2
202586,P0009,1,62.85,62.85
202587,P0015,1,51.5,51.5
202587,P0019,1,46.19,46.19
202587,P0037,2,28.71,57.42
202588,P0013,2,53.93,107.86
202589,P0018,1,42.01,42.01
202589,P0025,1,33.69,33.69
202590,P0021,1,28.15,28.15
202590,P0016,2,10.68,21.36
202590,P0002,1,45.93,45.93
202591,P0017,1,10.19,10.19
202591,P0012,1,44.55,44.55
202591,P0002,2,40.15,80.3
202592,P0034,1,43.74,43.74
202592,P0017,2,9.94,19.88
202592,P0010,1,63.46,63.46
202593,P0001,1,35.17,35.17
202593,P0039,1,67.51,67.51
202594,P0014,1,74.34,74.34
202594,P0033,2,18.0,36.0
202595,P0009,1,57.88,57.88
202595,P0013,2,58.07,116.14
202596,P0031,2,24.94,49.88
202597,P0003,2,46.62,93.24
202598,P0035,2,50.61,101.22
202598,P0019,1,50.77,50.77
202598,P0022,1,58.22,58.22
202599,P0027,2,34.2,68.4
202600,P0027,2,33.36,66.72
202601,P0030,1,73.36,73.36
202602,P0010,1,61.89,61.89
202602,P0010,1,66.82,66.82
202603,P0025,2,40.04,80.08
202603,P0017,1,8.99,8.99
202603,P0019,2,55.7,111.4
202604,P0031,2,21.92,43.84
202605,P0001,1,28.79,28.79
202605,P0017,2,9.76,19.52
202606,P0003,2,54.17,108.34
202606,P0033,1,18.73,18.73
202607,P0029,1,57.65,57.65
202607,P0028,2,20.68,41.36
202607,P0021,1,26.0,26.0
202608,P0007,2,22.5,45.0
202608,P0036,1,23.94,23.94
202609,P0039,1,74.06,74.06
202610,P0031,2,25.31,50.62
202610,P0010,1,59.29,59.29
202611,P0002,2,41.97,83.94
202612,P0017,2,9.71,19.42
202612,P0015,1,55.96,55.96
202613,P0030,1,76.36,76.36
202614,P0035,1,49.71,49.71
202614,P0011,2,69.62,139.24
202614,P0035,2,52.31,104.62
202615,P0038,2,49.79,99.58
202616,P0017,1,9.21,9.21
202616,P0039,2,65.25,130.5
202616,P0011,2,76.76,153.52
202617,P0035,2,48.45,96.9
202618,P0010,1,67.4,67.4
202618,P0011,2,72.95,145.9
202619,P0007,2,25.56,51.12
202619,P0037,2,31.63,63.26
202619,P0034,1,39.32,39.32
202620,P0031,1,22.65,22.65
202620,P0014,1,70.89,70.89
202621,P0025,1,35.42,35.42
202622,P0018,1,42.13,42.13
202622,P0026,1,13.13,13.13
202622,P0022,2,63.64,127.28
202623,P0010,2,58.52,117.04
202624,P0037,1,30.92,30.92
202624,P0006,2,44.56,89.12
202624,P0005,1,40.23,40.23
202625,P0039,2,73.08,146.16
202626,P0012,1,40.88,40.88
202627,P0013,1,49.27,49.27
202628,P0018,1,46.78,46.78
202628,P0022,1,56.67,56.67
202629,P0039,1,71.38,71.38
202630,P0029,1,53.94,53.94
202631,P0013,1,52.15,52.15
202631,P0018,1,50.15,50.15
202632,P0040,1,67.27,67.27
202632,P0002,1,38.76,38.76
202632,P0011,1,74.64,74.64
202633,P0013,2,56.16,112.32
202634,P0006,2,41.12,82.24
202634,P0032,1,61.98,61.98
202635,P0013,1,48.13,48.13
202635,P0028,1,19.71,19.71
202635,P0004,2,24.34,48.68
202636,P0025,1,37.14,37.14
202636,P0006,2,49.18,98.36
202637,P0028,1,18.1,18.1
202637,P0040,2,77.43,154.86
202637,P0024,2,48.24,96.48
202638,P0004,1,24.14,24.14
202639,P0021,1,26.94,26.94
202639,P0028,2,21.35,42.7
202639,P0003,1,54.1,54.1
202640,P0023,2,65.52,131.04
202641,P0007,1,25.13,25.13
202641,P0025,2,38.08,76.16
202641,P0002,1,41.57,41.57
202642,P0011,1,75.07,75.07
202642,P0021,2,26.64,53.28
202642,P0014,1,70.6,70.6
202643,P0019,1,47.33,47.33
202644,P0013,2,51.67,103.34
202644,P0033,1,16.62,16.62
202644,P0007,1,26.28,26.28
202645,P0004,1,23.25,23.25
202645,P0037,2,30.32,60.64
202645,P0035,2,52.58,105.16
202646,P0002,2,43.42,86.84
202647,P0035,1,57.01,57.01
202648,P0019,2,56.41,112.82
202648,P0026,2,12.88,25.76
202648,P0025,2,36.6,73.2
202649,P0003,2,45.53,91.06
202649,P0036,2,23.06,46.12
202649,P0003,2,46.69,93.38
202650,P0034,2,40.02,80.04
202650,P0016,1,10.67,10.67
202651,P0017,2,8.84,17.68
202652,P0034,2,43.4,86.8
202652,P0024,2,49.79,99.58
202653,P0014,1,76.68,76.68
202653,P0005,2,48.32,96.64
202653,P0027,2,32.74,65.48
202654,P0029,1,55.75,55.75
202654,P0037,2,27.97,55.94
202655,P0003,1,49.27,49.27
202655,P0021,2,27.13,54.26
202656,P0021,2,30.25,60.5
202657,P0035,1,57.2,57.2
202658,P0016,1,10.02,10.02
202658,P0003,1,53.39,53.39
202659,P0013,2,53.99,107.98
202660,P0037,2,27.87,55.74
202661,P0019,1,47.44,47.44
202662,P0029,1,51.38,51.38
202662,P0034,2,42.6,85.2
202662,P0014,1,73.05,73.05
202663,P0032,1,60.43,60.43
202663,P0026,1,13.94,13.94
202663,P0023,1,79.67,79.67
202664,P0012,2,41.93,83.86
202664,P0034,2,43.85,87.7
202664,P0024,2,42.74,85.48
202665,P0040,1,72.96,72.96
202665,P0026,1,13.55,13.55
202665,P0032,1,61.59,61.59
202666,P0004,2,26.68,53.36
202666,P0028,1,20.75,20.75
202666,P0026,2,11.64,23.28
202667,P0002,2,43.34,86.68
202668,P0026,1,13.42,13.42
202668,P0033,1,16.26,16.26
202669,P0005,1,43.45,43.45
202670,P0012,2,40.68,81.36
202670,P0033,2,16.11,32.22
202670,P0025,1,40.38,40.38
202671,P0036,2,27.29,54.58
202671,P0019,1,50.23,50.23
202671,P0001,1,34.03,34.03
202672,P0002,2,45.9,91.8
202672,P0012,1,46.51,46.51
202673,P0014,1,75.23,75.23
202674,P0029,1,56.5,56.5
202675,P0002,2,40.27,80.54
202675,P0038,1,55.87,55.87
202675,P0003,1,49.48,49.48
202676,P0022,2,67.36,134.72
202676,P0028,1,18.33,18.33
202676,P0020,2,50.46,100.92
202677,P0009,2,64.1,128.2
202677,P0028,2,19.36,38.72
202677,P0023,2,75.1,150.2
202678,P0010,1,61.97,61.97
202678,P0002,1,40.62,40.62
202679,P0028,2,19.91,39.82
202679,P0023,2,72.06,144.12
202680,P0035,1,52.3,52.3
202680,P0030,1,75.91,75.91
202681,P0034,1,40.15,40.15
202681,P0020,2,51.81,103.62
202681,P0011,1,67.97,67.97
202682,P0006,1,46.52,46.52
202683,P0026,1,12.03,12.03
202684,P0038,2,52.76,105.52
202685,P0037,2,33.13,66.26
202685,P0011,1,72.65,72.65
202685,P0001,2,32.25,64.5
202686,P0015,1,56.64,56.64
202686,P0038,1,53.67,53.67
202687,P0019,2,49.16,98.32
202687,P0014,1,74.85,74.85
202687,P0028,1,19.67,19.67
202688,P0016,1,9.65,9.65
202689,P0008,2,46.82,93.64
202689,P0013,2,48.46,96.92
202690,P0007,2,24.86,49.72
202690,P0006,1,48.29,48.29
202690,P0016,1,10.74,10.74
202691,P0022,1,64.71,64.71
202691,P0026,2,11.67,23.34
202692,P0007,1,23.52,23.52
202693,P0009,2,59.41,118.82
202694,P0037,1,30.88,30.88
202694,P0006,2,42.04,84.08
202694,P0037,2,33.12,66.24
202695,P0008,1,47.17,47.17
202696,P0018,1,42.29,42.29
202696,P0004,1,25.23,25.23
202696,P0018,2,47.33,94.66
202697,P0020,1,48.83,48.83
202697,P0025,1,40.02,40.02
202697,P0001,1,31.53,31.53
202698,P0014,2,70.73,141.46
202698,P0023,1,72.04,72.04
202698,P0014,1,66.95,66.95
202699,P0035,2,55.81,111.62
202700,P0037,2,31.32,62.64
202701,P0037,1,27.57,27.57
202701,P0031,1,24.57,24.57
202701,P0013,2,51.55,103.1
202702,P0010,1,69.17,69.17
202702,P0021,1,26.64,26.64
202702,P0040,2,74.13,148.26
202703,P0016,1,9.76,9.76
202703,P0037,2,30.02,60.04
202704,P0040,1,76.59,76.59
202705,P0009,1,59.67,59.67
202706,P0028,2,20.21,40.42
202706,P0002,2,42.8,85.6
202706,P0004,2,24.63,49.26
202707,P0032,1,57.66,57.66
202708,P0009,2,65.74,131.48
202708,P0028,1,20.28,20.28
202709,P0001,2,33.72,67.44
202709,P0004,2,26.38,52.76
202710,P0040,2,80.86,161.72
202710,P0035,2,51.4,102.8
202710,P0030,1,70.42,70.42
202711,P0013,1,52.13,52.13
202711,P0002,2,40.15,80.3
202712,P0019,1,49.57,49.57
202712,P0003,2,48.94,97.88
202712,P0035,1,49.87,49.87
202713,P0023,1,78.93,78.93
202713,P0006,2,48.28,96.56
202713,P0033,1,17.56,17.56
202714,P0039,2,77.15,154.3
202714,P0008,2,52.19,104.38
202715,P0023,2,78.61,157.22
202715,P0038,1,49.05,49.05
202715,P0011,1,69.6,69.6
202716,P0013,2,52.65,105.3
202716,P0038,2,51.96,103.92
202716,P0033,1,17.54,17.54
202717,P0019,2,56.19,112.38
202717,P0035,2,55.13,110.26
202717,P0006,1,48.32,48.32
202718,P0011,2,72.18,144.36
202718,P0019,1,55.28,55.28
202719,P0018,2,48.31,96.62
202719,P0025,2,35.36,70.72
202719,P0013,2,55.66,111.32
202720,P0028,2,18.04,36.08
202721,P0036,2,27.21,54.42
202721,P0016,2,8.96,17.92
202721,P0034,1,41.96,41.96
202722,P0002,2,42.07,84.14
202722,P0001,1,31.19,31.19
202722,P0018,2,42.76,85.52
202723,P0027,1,31.06,31.06
202724,P0018,2,49.76,99.52
202724,P0034,1,39.58,39.58
202725,P0004,1,24.28,24.28
202725,P0008,1,49.33,49.33
202726,P0015,2,50.98,101.96
202727,P0037,2,27.54,55.08
202727,P0012,1,48.04,48.04
202727,P0011,2,77.1,154.2
202728,P0016,2,10.0,20.0
202728,P0039,1,73.1,73.1
202728,P0011,2,76.26,152.52
202729,P0022,1,57.43,57.43
202729,P0031,2,26.11,52.22
202730,P0006,1,46.66,46.66
202731,P0024,1,49.24,49.24
202731,P0003,1,48.72,48.72
202732,P0018,2,49.29,98.58
202732,P0029,2,54.41,108.82
202733,P0008,2,45.9,91.8
202733,P0018,2,42.68,85.36
202734,P0035,1,53.83,53.83
202734,P0022,2,66.3,132.6
202735,P0007,1,26.08,26.08
202735,P0016,1,9.34,9.34
202735,P0010,2,61.13,122.26
202736,P0034,1,43.38,43.38
202736,P0024,2,44.54,89.08
202737,P0038,1,58.75,58.75
202737,P0014,1,71.2,71.2
202737,P0011,2,74.03,148.06
202738,P0011,2,69.74,139.48
202739,P0036,2,24.83,49.66
202739,P0006,2,48.36,96.72
202739,P0032,2,64.23,128.46
202740,P0017,2,9.12,18.24
202741,P0037,1,32.11,32.11
202742,P0011,2,77.65,155.3
202742,P0006,2,48.29,96.58
202742,P0037,2,28.95,57.9
202743,P0007,2,25.66,51.32
202743,P0024,2,50.9,101.8
202744,P0025,2,33.01,66.02
202744,P0014,1,74.51,74.51
202745,P0023,2,72.21,144.42
202746,P0002,1,46.59,46.59
202746,P0010,1,69.2,69.2
202747,P0012,1,40.65,40.65
202747,P0027,2,34.4,68.8
202747,P0012,2,44.02,88.04
202748,P0026,2,11.97,23.94
202748,P0038,1,50.32,50.32
202748,P0017,1,8.98,8.98
202749,P0009,2,60.75,121.5
202749,P0018,2,44.99,89.98
202749,P0017,2,10.46,20.92
202750,P0007,1,26.47,26.47
202750,P0016,2,10.07,20.14
202750,P0018,2,46.38,92.76
202751,P0003,2,48.25,96.5
202752,P0028,1,21.26,21.26
202753,P0037,1,29.72,29.72
202753,P0026,1,13.11,13.11
202754,P0016,1,9.75,9.75
202754,P0021,1,27.2,27.2
202755,P0001,2,29.77,59.54
202755,P0021,2,31.13,62.26
202755,P0011,2,81.79,163.58
202756,P0040,1,78.65,78.65
202757,P0036,1,26.45,26.45
202757,P0004,1,25.73,25.73
202758,P0026,1,12.12,12.12
202758,P0016,2,10.3,20.6
202758,P0022,2,56.11,112.22
202759,P0006,2,44.75,89.5
202759,P0029,1,52.74,52.74
202760,P0011,1,76.88,76.88
202761,P0015,1,58.6,58.6
202761,P0017,1,8.67,8.67
202761,P0038,2,57.94,115.88
202762,P0027,1,33.51,33.51
202762,P0035,2,57.55,115.1
202762,P0027,2,34.6,69.2
202763,P0037,1,28.65,28.65
202764,P0014,1,76.22,76.22
202764,P0007,1,26.0,26.0
202765,P0018,1,43.45,43.45
202766,P0028,1,18.71,18.71
202766,P0005,1,42.01,42.01
202767,P0013,1,54.61,54.61
202767,P0039,2,67.55,135.1
202768,P0038,1,54.32,54.32
202769,P0016,2,10.1,20.2
202770,P0030,1,77.45,77.45
202770,P0027,1,33.78,33.78
202771,P0037,1,30.15,30.15
202771,P0011,2,75.1,150.2
202771,P0030,1,77.5,77.5
202772,P0021,2,29.64,59.28
202773,P0010,1,58.51,58.51
202773,P0019,2,55.05,110.1
202773,P0016,2,9.05,18.1
202774,P0037,2,31.59,63.18
202775,P0023,2,67.75,135.5
202775,P0016,1,9.98,9.98
202775,P0039,2,71.51,143.02
202776,P0004,2,26.73,53.46
202776,P0031,2,24.23,48.46
202776,P0008,2,55.37,110.74
202777,P0024,1,52.04,52.04
202778,P0014,1,69.25,69.25
202779,P0004,1,27.07,27.07
202780,P0010,2,61.66,123.32
202780,P0024,1,49.61,49.61
202781,P0022,1,65.67,65.67
202781,P0010,1,70.89,70.89
202781,P0003,2,45.93,91.86
202782,P0011,2,75.12,150.24
202782,P0036,1,27.41,27.41
202783,P0031,2,24.39,48.78
202784,P0018,2,45.47,90.94
202784,P0032,1,64.35,64.35
202785,P0030,1,71.23,71.23
202785,P0032,2,58.84,117.68
202786,P0007,2,21.8,43.6
202787,P0037,2,29.08,58.16
202788,P0006,2,42.92,85.84
202789,P0035,2,52.3,104.6
202790,P0013,1,57.58,57.58
202790,P0022,2,61.67,123.34
202791,P0038,1,52.2,52.2
202791,P0007,1,24.1,24.1
202792,P0013,1,57.85,57.85
202792,P0011,1,77.3,77.3
202793,P0004,2,23.81,47.62
202793,P0028,1,18.88,18.88
202794,P0005,2,42.35,84.7
202794,P0031,2,23.03,46.06
202795,P0024,1,49.62,49.62
202795,P0015,2,52.67,105.34
202795,P0010,2,59.15,118.3
202796,P0008,2,49.96,99.92
202796,P0033,1,19.14,19.14
202797,P0023,2,66.3,132.6
202798,P0018,1,51.33,51.33
202799,P0009,1,55.45,55.45
202800,P0031,2,25.82,51.64
202800,P0003,2,50.09,100.18
202800,P0013,1,51.97,51.97
202801,P0025,2,35.02,70.04
202801,P0021,2,25.94,51.88
202801,P0026,1,13.1,13.1
202802,P0025,2,38.84,77.68
202802,P0021,1,29.17,29.17
202802,P0033,1,17.48,17.48
202803,P0033,1,16.44,16.44
202804,P0001,2,30.95,61.9
202804,P0032,2,56.68,113.36
202805,P0014,2,68.58,137.16
202806,P0015,2,53.09,106.18
202806,P0014,2,77.75,155.5
202806,P0034,2,45.48,90.96
202807,P0007,1,26.68,26.68
202807,P0006,2,40.61,81.22
202807,P0023,2,72.54,145.08
202808,P0027,2,29.3,58.6
202808,P0027,2,29.61,59.22
202809,P0031,2,22.91,45.82
202810,P0028,2,18.47,36.94
202811,P0021,2,26.67,53.34
202811,P0031,2,23.18,46.36
202812,P0010,2,71.96,143.92
202812,P0028,2,18.92,37.84
202813,P0037,2,28.52,57.04
202814,P0007,2,25.0,50.0
202815,P0016,2,10.34,20.68
202815,P0002,1,39.88,39.88
202815,P0012,2,46.13,92.26
202816,P0033,1,19.59,19.59
202816,P0027,1,32.78,32.78
202816,P0012,1,39.79,39.79
202817,P0027,2,33.94,67.88
202817,P0014,2,75.81,151.62
202818,P0023,1,69.14,69.14
202818,P0025,1,38.8,38.8
202818,P0005,2,48.1,96.2
202819,P0002,2,41.59,83.18
202820,P0008,1,53.52,53.52
202821,P0029,1,55.14,55.14
202821,P0018,2,49.23,98.46
202822,P0027,1,28.8,28.8
202822,P0017,1,8.79,8.79
202823,P0006,2,46.45,92.9
202823,P0006,1,40.93,40.93
202823,P0005,1,42.07,42.07
202824,P0024,1,47.26,47.26
202825,P0034,2,40.22,80.44
202825,P0003,2,52.82,105.64
202825,P0007,1,24.13,24.13
202826,P0001,1,32.31,32.31
202826,P0009,1,56.85,56.85
202826,P0018,1,47.65,47.65
202827,P0038,1,56.98,56.98
202828,P0009,2,55.21,110.42
202828,P0024,1,43.13,43.13
202828,P0015,2,51.62,103.24
202829,P0024,1,47.17,47.17
202829,P0008,2,49.4,98.8
202829,P0016,2,9.57,19.14
202830,P0031,1,22.83,22.83
202830,P0018,1,41.68,41.68
202830,P0025,1,37.95,37.95
202831,P0023,2,71.19,142.38
202831,P0021,2,28.0,56.0
202832,P0009,1,60.75,60.75
202832,P0039,1,73.19,73.19
202833,P0021,1,31.43,31.43
202833,P0008,1,52.47,52.47
202834,P0023,2,76.77,153.54
202835,P0035,1,52.12,52.12
202835,P0037,1,29.55,29.55
202835,P0012,2,41.33,82.66
202836,P0032,1,60.06,60.06
202836,P0021,1,28.53,28.53
202837,P0008,2,52.37,104.74
202837,P0009,2,61.9,123.8
202837,P0024,2,49.92,99.84
202838,P0011,1,74.74,74.74
202839,P0040,2,79.3,158.6
202839,P0040,2,76.14,152.28
202839,P0037,1,28.56,28.56
202840,P0006,2,49.5,99.0
202840,P0018,2,45.91,91.82
202841,P0008,1,52.81,52.81
202841,P0032,2,63.57,127.14
202842,P0026,1,11.58,11.58
202843,P0011,2,72.28,144.56
202843,P0030,1,69.09,69.09
202844,P0007,2,25.6,51.2
202844,P0031,2,22.83,45.66
202845,P0039,1,77.78,77.78
202845,P0023,1,69.06,69.06
202846,P0036,2,22.92,45.84
202847,P0015,1,54.97,54.97
202848,P0001,1,33.13,33.13
202848,P0033,1,18.78,18.78
202848,P0022,2,55.16,110.32
202849,P0007,2,22.21,44.42
202850,P0014,2,75.01,150.02
202851,P0010,1,65.84,65.84
202852,P0004,2,27.66,55.32
202852,P0015,2,56.67,113.34
202853,P0028,2,18.62,37.24
202854,P0029,1,55.13,55.13
202854,P0008,2,47.13,94.26
202855,P0034,1,44.53,44.53
202855,P0006,1,42.33,42.33
202856,P0010,2,61.23,122.46
202856,P0004,2,26.88,53.76
202857,P0036,1,24.95,24.95
202857,P0034,1,41.52,41.52
202857,P0012,2,41.44,82.88
202858,P0040,2,78.9,157.8
202858,P0016,1,10.45,10.45
202859,P0023,2,74.25,148.5
202860,P0002,2,44.33,88.66
202860,P0036,1,28.06,28.06
202861,P0006,1,41.48,41.48
202861,P0002,1,41.36,41.36
202862,P0016,2,9.87,19.74
202862,P0036,1,24.9,24.9
202863,P0032,2,54.62,109.24
202863,P0015,2,54.54,109.08
202864,P0002,2,41.78,83.56
202865,P0005,2,43.08,86.16
202866,P0037,2,30.58,61.16
202866,P0030,1,66.73,66.73
202867,P0036,2,24.98,49.96
202867,P0035,2,55.83,111.66
202868,P0033,2,19.2,38.4
202868,P0026,1,13.67,13.67
202868,P0040,2,74.39,148.78
202869,P0020,1,52.38,52.38
202869,P0037,1,33.4,33.4
202870,P0021,1,29.41,29.41
202870,P0021,2,29.06,58.12
202871,P0033,1,16.69,16.69
202871,P0010,1,70.15,70.15
202872,P0037,2,30.63,61.26
202873,P0027,2,29.14,58.28
202873,P0012,1,39.38,39.38
202874,P0004,2,26.61,53.22
202875,P0012,2,47.22,94.44
202875,P0038,1,54.76,54.76
202875,P0014,2,77.12,154.24
202876,P0018,1,47.58,47.58
202876,P0004,2,25.33,50.66
202876,P0027,2,32.97,65.94
202877,P0017,2,9.56,19.12
202877,P0034,1,38.49,38.49
202878,P0024,2,50.39,100.78
202879,P0015,2,54.04,108.08
202879,P0027,1,29.81,29.81
202879,P0002,1,38.39,38.39
202880,P0001,2,28.93,57.86
202880,P0011,2,79.06,158.12
202881,P0018,1,47.25,47.25
202881,P0017,2,8.92,17.84
202881,P0015,1,52.3,52.3
202882,P0015,2,61.29,122.58
202882,P0003,2,54.24,108.48
202882,P0002,1,42.18,42.18
202883,P0011,2,68.56,137.12
202884,P0013,2,57.52,115.04
202885,P0031,1,24.74,24.74
202885,P0038,1,51.53,51.53
202885,P0023,2,66.52,133.04
202886,P0010,2,71.27,142.54
202887,P0037,2,27.68,55.36
202887,P0016,1,10.2,10.2
202888,P0014,1,68.02,68.02
202889,P0011,2,74.59,149.18
202889,P0002,1,46.19,46.19
202889,P0021,1,31.37,31.37
202890,P0021,1,29.47,29.47
202890,P0012,1,45.66,45.66
202890,P0004,1,24.15,24.15
202891,P0013,1,47.61,47.61
202891,P0034,1,42.39,42.39
202892,P0009,1,59.15,59.15
202892,P0017,2,9.44,18.88
202893,P0040,1,77.78,77.78
202893,P0008,2,53.06,106.12
202893,P0022,1,59.65,59.65
202894,P0024,2,48.32,96.64
202894,P0016,2,9.6,19.2
202895,P0036,2,26.27,52.54
202896,P0001,2,32.94,65.88
202896,P0021,2,27.56,55.12
202897,P0015,1,56.74,56.74
202897,P0033,1,18.16,18.16
202898,P0040,1,69.75,69.75
202898,P0027,2,31.26,62.52
202899,P0007,2,22.64,45.28
202899,P0010,1,60.07,60.07
202900,P0027,1,28.6,28.6
202901,P0008,1,47.56,47.56
202902,P0034,1,43.2,43.2
202902,P0020,1,48.31,48.31
202902,P0005,2,40.36,80.72
202903,P0031,1,23.87,23.87
202904,P0032,2,58.47,116.94
202904,P0032,1,60.93,60.93
202904,P0039,1,75.29,75.29
202905,P0026,2,11.76,23.52
202906,P0034,2,44.97,89.94
202907,P0009,2,60.5,121.0
202907,P0039,2,76.22,152.44
202907,P0014,1,79.81,79.81
202908,P0007,2,25.54,51.08
202909,P0024,1,51.97,51.97
202909,P0003,1,46.83,46.83
202909,P0030,1,79.58,79.58
202910,P0034,2,42.41,84.82
202910,P0037,2,31.72,63.44
202910,P0008,2,47.45,94.9
202911,P0015,1,53.19,53.19
202911,P0002,1,44.4,44.4
202912,P0009,2,65.24,130.48
202913,P0009,1,54.77,54.77
202913,P0014,1,81.17,81.17
202913,P0037,1,28.44,28.44
202914,P0030,1,69.74,69.74
202915,P0010,1,70.97,70.97
202915,P0016,1,9.57,9.57
202916,P0012,2,39.96,79.92
202916,P0015,1,56.78,56.78
202917,P0022,1,57.93,57.93
202917,P0032,1,61.9,61.9
202918,P0040,2,68.98,137.96
202919,P0030,1,68.52,68.52
202919,P0035,2,56.03,112.06
202920,P0028,1,18.8,18.8
202920,P0002,2,44.18,88.36
202920,P0030,2,65.85,131.7
202921,P0034,1,38.21,38.21
202921,P0010,1,65.08,65.08
202921,P0027,2,34.29,68.58
202922,P0016,1,9.73,9.73
202923,P0013,1,58.22,58.22
202923,P0036,1,24.92,24.92
202923,P0037,1,32.55,32.55
202924,P0010,1,64.35,64.35
202925,P0020,2,44.97,89.94
202925,P0001,1,34.45,34.45
202926,P0040,2,69.87,139.74
202927,P0012,1,46.85,46.85
202927,P0021,2,29.64,59.28
202928,P0010,2,62.76,125.52
202928,P0005,2,45.81,91.62
202928,P0037,1,31.77,31.77
202929,P0012,1,39.41,39.41
202930,P0010,2,71.65,143.3
202930,P0001,1,30.81,30.81
202930,P0029,2,55.03,110.06
202931,P0005,1,40.87,40.87
202932,P0033,2,18.31,36.62
202933,P0033,2,19.38,38.76
202933,P0020,1,54.08,54.08
202934,P0020,1,49.8,49.8
202934,P0003,1,51.03,51.03
202935,P0036,1,22.93,22.93
202935,P0026,1,14.09,14.09
202936,P0035,2,54.87,109.74
202937,P0012,2,46.13,92.26
202937,P0037,1,27.81,27.81
202938,P0010,1,61.68,61.68
202938,P0036,2,24.07,48.14
202939,P0032,1,55.49,55.49
202939,P0024,2,47.15,94.3
202940,P0006,1,43.74,43.74
202940,P0028,2,18.93,37.86
202941,P0031,2,26.37,52.74
202942,P0024,2,45.73,91.46
202943,P0025,1,37.06,37.06
202944,P0025,1,38.91,38.91
202945,P0036,1,24.59,24.59
202945,P0011,1,81.42,81.42
202946,P0004,2,24.44,48.88
202947,P0028,1,19.34,19.34
202948,P0019,1,51.87,51.87
202949,P0014,1,75.45,75.45
202950,P0038,1,57.84,57.84
202950,P0037,2,31.25,62.5
202951,P0022,2,63.48,126.96
202951,P0001,2,35.31,70.62
202951,P0016,2,9.88,19.76
202952,P0032,1,52.38,52.38
202952,P0030,1,67.89,67.89
202953,P0015,2,55.51,111.02
202954,P0029,1,51.84,51.84
202954,P0018,1,45.43,45.43
202954,P0016,1,9.46,9.46
202955,P0033,2,16.82,33.64
202955,P0029,2,56.05,112.1
202955,P0005,2,44.51,89.02
202956,P0023,1,66.29,66.29
202956,P0035,1,52.91,52.91
202956,P0012,1,43.99,43.99
202957,P0032,1,56.34,56.34
202957,P0030,1,67.52,67.52
202957,P0038,1,54.61,54.61
202958,P0033,1,16.75,16.75
202958,P0031,1,26.42,26.42
202958,P0023,1,76.18,76.18
202959,P0032,1,62.28,62.28
202959,P0008,2,45.7,91.4
202959,P0011,2,80.74,161.48
202960,P0039,2,71.89,143.78
202961,P0017,1,8.87,8.87
202961,P0021,2,30.69,61.38
202961,P0038,2,51.48,102.96
202962,P0033,1,16.26,16.26
202962,P0012,1,41.97,41.97
202963,P0023,2,68.43,136.86
202963,P0022,1,59.44,59.44
202963,P0018,2,49.41,98.82
202964,P0032,1,54.66,54.66
202965,P0009,1,61.89,61.89
202966,P0012,1,43.09,43.09
202966,P0001,2,34.46,68.92
202966,P0037,2,32.33,64.66
202967,P0035,1,53.03,53.03
202968,P0032,2,54.18,108.36
202968,P0009,1,55.89,55.89
202968,P0015,1,56.0,56.0
202969,P0017,1,9.69,9.69
202969,P0029,1,47.97,47.97
202970,P0020,2,49.02,98.04
202970,P0016,1,9.56,9.56
202971,P0004,1,26.72,26.72
202972,P0027,1,34.05,34.05
202972,P0016,1,10.41,10.41
202973,P0023,2,75.86,151.72
202974,P0026,1,12.75,12.75
202974,P0007,1,23.05,23.05
202974,P0037,1,32.32,32.32
202975,P0022,1,63.15,63.15
202975,P0028,2,21.26,42.52
202976,P0015,2,58.83,117.66
202976,P0010,1,65.87,65.87
202977,P0009,2,56.92,113.84
202977,P0021,2,30.97,61.94
202978,P0033,1,18.06,18.06
202978,P0034,2,46.36,92.72
202978,P0017,1,10.12,10.12
202979,P0002,1,41.33,41.33
202979,P0022,1,64.38,64.38
202980,P0026,2,13.05,26.1
202980,P0025,2,38.59,77.18
202980,P0039,2,69.99,139.98
202981,P0023,1,76.16,76.16
202981,P0035,2,48.67,97.34
202981,P0036,1,25.48,25.48
202982,P0015,2,60.24,120.48
202982,P0025,1,35.42,35.42
202983,P0007,2,25.26,50.52
202984,P0004,1,27.89,27.89
202984,P0025,1,36.79,36.79
202985,P0014,1,68.44,68.44
202986,P0006,1,43.22,43.22
202986,P0004,2,24.22,48.44
202986,P0035,1,57.11,57.11
202987,P0019,1,55.7,55.7
202988,P0018,1,47.43,47.43
202989,P0034,2,43.96,87.92
202989,P0010,1,61.66,61.66
202990,P0016,2,9.68,19.36
202990,P0023,2,76.63,153.26
202990,P0003,2,50.71,101.42
202991,P0040,2,77.55,155.1
202991,P0037,2,30.18,60.36
202991,P0007,1,22.17,22.17
202992,P0037,2,33.22,66.44
202993,P0028,1,19.78,19.78
202993,P0010,2,68.67,137.34
202993,P0017,2,10.41,20.82
202994,P0032,1,58.97,58.97
202994,P0010,2,62.76,125.52
202994,P0030,2,74.27,148.54
202995,P0008,1,55.04,55.04
202995,P0004,2,22.85,45.7
202996,P0028,2,18.14,36.28
202997,P0022,1,62.68,62.68
202998,P0015,2,58.98,117.96
202998,P0029,2,49.59,99.18
202998,P0018,2,46.67,93.34
202999,P0032,1,62.29,62.29
203000,P0014,1,76.41,76.41
203000,P0021,1,30.77,30.77
203000,P0033,2,17.41,34.82
203001,P0038,2,59.01,118.02
203002,P0011,2,72.4,144.8
203002,P0007,2,26.7,53.4
203002,P0017,1,9.17,9.17
203003,P0015,1,56.82,56.82
203004,P0004,1,25.56,25.56
203004,P0032,2,57.6,115.2
203004,P0032,1,56.62,56.62
203005,P0008,1,53.41,53.41
203005,P0035,2,48.32,96.64
203005,P0033,1,16.52,16.52
203006,P0038,1,53.2,53.2
203007,P0011,1,81.04,81.04
203007,P0036,1,27.06,27.06
203007,P0014,1,71.38,71.38
203008,P0022,1,56.11,56.11
203008,P0023,2,68.64,137.28
203009,P0024,1,52.03,52.03
203010,P0039,1,77.68,77.68
203010,P0031,1,22.45,22.45
203010,P0016,1,10.28,10.28
203011,P0013,1,58.04,58.04
203012,P0028,2,21.38,42.76
203013,P0024,2,43.17,86.34
203014,P0040,2,72.96,145.92
203014,P0017,1,8.76,8.76
203014,P0003,2,53.03,106.06
203015,P0025,1,38.11,38.11
203015,P0027,2,34.2,68.4
203015,P0021,1,26.14,26.14
203016,P0004,2,27.76,55.52
203016,P0002,1,38.83,38.83
203017,P0019,1,48.64,48.64
203017,P0020,2,51.99,103.98
203018,P0033,1,16.68,16.68
203018,P0017,2,10.04,20.08
203019,P0012,1,45.84,45.84
203019,P0021,1,29.74,29.74
203019,P0005,2,47.97,95.94
203020,P0005,2,40.88,81.76
203020,P0029,1,50.37,50.37
203021,P0030,2,69.37,138.74
203022,P0039,2,78.65,157.3
203022,P0022,2,61.88,123.76
203022,P0009,1,65.95,65.95
203023,P0017,1,10.5,10.5
203023,P0018,1,50.1,50.1
203023,P0016,2,9.86,19.72
203024,P0016,1,9.92,9.92
203025,P0037,1,32.45,32.45
203025,P0022,1,65.56,65.56
203026,P0028,2,17.55,35.1
203026,P0013,2,54.68,109.36
203026,P0021,2,30.17,60.34
203027,P0024,1,42.61,42.61
203028,P0032,1,61.06,61.06
203029,P0008,2,44.97,89.94
203029,P0019,1,52.17,52.17
203030,P0036,2,28.03,56.06
203031,P0008,1,49.59,49.59
203032,P0027,1,28.56,28.56
203032,P0003,1,52.35,52.35
203033,P0030,1,71.17,71.17
203034,P0036,1,26.36,26.36
203034,P0011,1,82.45,82.45
203034,P0029,2,57.17,114.34
203035,P0020,2,50.48,100.96
203035,P0014,1,79.89,79.89
203035,P0006,1,45.24,45.24
203036,P0027,2,34.53,69.06
203037,P0007,1,22.12,22.12
203037,P0034,1,46.1,46.1
203037,P0006,2,41.52,83.04
203038,P0011,2,79.7,159.4
203038,P0018,2,42.25,84.5
203038,P0021,2,26.08,52.16
203039,P0026,2,11.63,23.26
203039,P0010,1,63.94,63.94
203039,P0035,1,49.75,49.75
203040,P0028,2,18.67,37.34
203040,P0015,2,60.53,121.06
203040,P0035,1,56.5,56.5
203041,P0023,2,74.7,149.4
203042,P0014,1,72.1,72.1
203042,P0032,2,63.96,127.92
203042,P0015,2,58.63,117.26
203043,P0024,2,46.8,93.6
203043,P0022,2,63.43,126.86
203044,P0012,1,39.8,39.8
203045,P0039,2,79.4,158.8
203045,P0029,2,56.26,112.52
203045,P0025,1,34.9,34.9
203046,P0027,1,30.05,30.05
203046,P0012,2,45.34,90.68
203046,P0036,2,24.71,49.42
203047,P0040,2,75.33,150.66
203048,P0019,2,51.81,103.62
203048,P0002,1,39.84,39.84
203048,P0035,2,53.97,107.94
203049,P0003,1,46.9,46.9
203049,P0024,2,43.2,86.4
203049,P0001,1,31.68,31.68
203050,P0025,1,33.89,33.89
203050,P0010,1,62.09,62.09
203050,P0008,2,50.04,100.08
203051,P0034,1,46.74,46.74
203051,P0036,1,25.63,25.63
203051,P0012,1,41.79,41.79
203052,P0021,1,25.79,25.79
203052,P0015,1,58.99,58.99
203053,P0006,1,41.8,41.8
203054,P0016,1,9.04,9.04
203055,P0002,1,43.92,43.92
203055,P0036,1,24.59,24.59
203056,P0039,2,67.59,135.18
203056,P0018,2,49.36,98.72
203056,P0033,2,18.55,37.1
203057,P0026,2,13.78,27.56
203057,P0030,1,65.05,65.05
203058,P0032,2,53.81,107.62
203058,P0005,2,45.15,90.3
203058,P0025,2,34.49,68.98
203059,P0003,1,52.79,52.79
203060,P0033,2,16.52,33.04
203060,P0037,2,33.2,66.4
203060,P0003,2,55.18,110.36
203061,P0021,2,26.99,53.98
203061,P0036,2,26.68,53.36
203062,P0037,2,32.83,65.66
203062,P0011,2,78.56,157.12
203062,P0021,2,26.89,53.78
203063,P0036,2,24.43,48.86
203063,P0022,1,56.11,56.11
203063,P0021,1,29.67,29.67
203064,P0017,1,8.97,8.97
203064,P0029,1,48.13,48.13
203064,P0006,1,45.37,45.37
203065,P0010,2,61.34,122.68
203066,P0030,2,67.45,134.9
203066,P0004,2,23.17,46.34
203067,P0022,1,65.18,65.18
203068,P0024,2,45.71,91.42
203069,P0035,1,49.38,49.38
203069,P0020,1,54.04,54.04
203070,P0040,1,79.18,79.18
203070,P0012,2,43.46,86.92
203071,P0025,2,40.04,80.08
203071,P0001,1,33.3,33.3
203071,P0020,2,52.35,104.7
203072,P0021,2,29.17,58.34
203072,P0014,2,77.6,155.2
203073,P0022,1,55.37,55.37
203073,P0002,2,43.33,86.66
203073,P0019,2,46.13,92.26
203074,P0022,1,59.78,59.78
203074,P0011,1,80.31,80.31
203075,P0019,1,55.8,55.8
203075,P0014,1,72.13,72.13
203076,P0032,1,60.94,60.94
203076,P0019,1,53.39,53.39
203076,P0018,1,50.41,50.41
203077,P0012,1,44.62,44.62
203078,P0007,2,23.41,46.82
203078,P0036,1,23.53,23.53
203079,P0033,1,18.93,18.93
203079,P0019,1,50.2,50.2
203079,P0001,1,32.81,32.81
203080,P0007,1,23.31,23.31
203080,P0034,1,46.59,46.59
203080,P0025,2,37.95,75.9
203081,P0019,1,46.9,46.9
203081,P0021,2,29.04,58.08
203081,P0010,1,71.88,71.88
203082,P0036,1,24.07,24.07
203082,P0001,2,29.56,59.12
203082,P0009,2,67.25,134.5
203083,P0021,2,28.01,56.02
203084,P0035,1,57.13,57.13
203085,P0035,2,54.04,108.08
203085,P0036,1,27.16,27.16
203085,P0024,1,50.42,50.42
203086,P0003,1,52.92,52.92
203087,P0029,2,58.06,116.12
203087,P0004,2,24.12,48.24
203087,P0005,1,47.01,47.01
203088,P0013,1,49.7,49.7
203088,P0019,1,56.46,56.46
203088,P0029,2,53.51,107.02
203089,P0002,1,44.71,44.71
203089,P0023,2,79.41,158.82
203089,P0027,1,34.43,34.43
203090,P0023,2,66.14,132.28
203091,P0019,1,56.19,56.19
203091,P0010,1,63.11,63.11
203092,P0016,2,9.53,19.06
203092,P0033,2,17.59,35.18
203092,P0033,2,19.26,38.52
203093,P0005,2,41.0,82.0
203093,P0016,2,9.21,18.42
203094,P0012,1,46.56,46.56
203094,P0032,1,63.58,63.58
203094,P0036,1,26.36,26.36
203095,P0003,2,54.39,108.78
203095,P0038,1,55.29,55.29
203096,P0016,2,9.5,19.0
203096,P0028,2,21.18,42.36
203096,P0021,1,28.17,28.17
203097,P0030,1,64.85,64.85
203098,P0035,2,47.34,94.68
203098,P0038,2,48.59,97.18
203098,P0014,2,67.9,135.8
203099,P0040,1,78.69,78.69
203099,P0037,2,31.91,63.82
203099,P0034,1,39.17,39.17
203100,P0030,2,65.73,131.46
203100,P0001,1,33.21,33.21
203100,P0017,1,8.99,8.99
203101,P0008,2,55.22,110.44
203101,P0009,2,62.14,124.28
203102,P0001,1,32.68,32.68
203102,P0010,2,60.26,120.52
203103,P0014,1,81.21,81.21
203104,P0038,2,54.69,109.38
203104,P0033,2,19.3,38.6
203104,P0015,1,56.51,56.51
203105,P0022,1,66.27,66.27
203105,P0040,2,66.6,133.2
203105,P0031,1,25.45,25.45
203106,P0032,2,56.72,113.44
203106,P0001,2,35.48,70.96
203107,P0011,1,69.77,69.77
203108,P0021,1,30.77,30.77
203109,P0035,1,54.97,54.97
203110,P0004,1,23.19,23.19
203110,P0034,1,46.11,46.11
203111,P0017,2,8.94,17.88
203112,P0038,1,57.34,57.34
203112,P0030,1,66.31,66.31
203112,P0028,1,21.17,21.17
203113,P0008,2,46.46,92.92
203113,P0003,1,55.2,55.2
203114,P0035,2,54.57,109.14
203114,P0036,1,26.77,26.77
203115,P0015,2,50.99,101.98
203116,P0001,2,34.5,69.0
203116,P0039,2,73.16,146.32
203117,P0015,2,51.37,102.74
203117,P0012,2,42.69,85.38
203118,P0016,1,10.01,10.01
203119,P0020,2,46.38,92.76
203119,P0001,1,28.86,28.86
203119,P0002,1,38.96,38.96
203120,P0027,2,32.57,65.14
203120,P0010,1,66.71,66.71
203120,P0039,1,67.98,67.98
203121,P0013,1,48.02,48.02
203122,P0020,2,50.82,101.64
203122,P0029,1,57.1,57.1
203122,P0033,1,18.2,18.2
203123,P0035,2,52.75,105.5
203124,P0001,1,32.35,32.35
203124,P0039,2,71.48,142.96
203125,P0034,2,44.05,88.1
203126,P0028,2,17.5,35.0
203126,P0019,1,49.65,49.65
203126,P0027,1,29.71,29.71
203127,P0023,1,71.28,71.28
203127,P0009,2,55.4,110.8
203128,P0035,1,57.91,57.91
203128,P0026,2,12.72,25.44
203129,P0020,2,53.7,107.4
203129,P0015,1,52.39,52.39
203129,P0003,2,53.22,106.44
203130,P0003,1,52.25,52.25
203131,P0014,1,77.62,77.62
203131,P0036,2,25.06,50.12
203132,P0007,1,22.15,22.15
203133,P0026,2,11.97,23.94
203134,P0034,2,38.74,77.48
203134,P0020,1,44.81,44.81
203135,P0021,2,29.22,58.44
203135,P0012,1,42.47,42.47
203136,P0003,1,47.67,47.67
203136,P0040,1,76.05,76.05
203136,P0004,2,23.42,46.84
203137,P0033,2,18.57,37.14
203137,P0033,2,17.03,34.06
203137,P0017,2,9.32,18.64
203138,P0009,2,58.37,116.74
203138,P0037,1,32.54,32.54
203138,P0015,2,62.33,124.66
203139,P0035,1,52.0,52.0
203139,P0020,1,50.45,50.45
203140,P0025,1,34.42,34.42
203140,P0009,1,56.98,56.98
203140,P0006,1,42.14,42.14
203141,P0024,2,42.71,85.42
203142,P0006,2,44.87,89.74
203142,P0018,2,47.94,95.88
203142,P0020,2,50.02,100.04
203143,P0013,2,58.24,116.48
203144,P0004,1,24.55,24.55
203145,P0039,2,74.67,149.34
203145,P0010,1,65.61,65.61
203145,P0028,2,18.13,36.26
203146,P0004,2,27.33,54.66
203147,P0033,2,16.21,32.42
203147,P0036,2,26.66,53.32
203148,P0021,2,26.37,52.74
203148,P0012,2,46.25,92.5
203148,P0031,1,24.32,24.32
203149,P0004,2,23.02,46.04
203149,P0027,1,34.46,34.46
203149,P0025,1,33.58,33.58
203150,P0010,2,62.15,124.3
203150,P0007,1,23.57,23.57
203150,P0013,2,48.16,96.32
203151,P0024,1,46.35,46.35
203151,P0023,1,79.07,79.07
203152,P0027,1,32.69,32.69
203152,P0009,2,65.78,131.56
203153,P0015,1,58.8,58.8
203153,P0006,2,44.51,89.02
203153,P0011,2,76.83,153.66
203154,P0033,1,18.67,18.67
203154,P0037,2,30.2,60.4
203155,P0013,2,53.62,107.24
203155,P0040,2,69.36,138.72
203156,P0032,2,62.27,124.54
203156,P0011,2,70.99,141.98
203157,P0005,1,45.99,45.99
203158,P0025,1,40.31,40.31
203158,P0039,1,69.88,69.88
203159,P0011,2,73.13,146.26
203159,P0031,1,22.25,22.25
203160,P0021,1,25.91,25.91
203161,P0029,1,48.27,48.27
203162,P0027,2,32.09,64.18
203163,P0016,2,8.87,17.74
203163,P0007,2,26.43,52.86
203164,P0033,1,18.4,18.4
203165,P0034,1,44.78,44.78
203165,P0021,1,28.74,28.74
203165,P0010,1,71.92,71.92
203166,P0039,2,76.65,153.3
203166,P0029,1,58.18,58.18
203166,P0009,1,56.72,56.72
203167,P0035,2,57.49,114.98
203168,P0006,2,44.15,88.3
203168,P0036,2,27.4,54.8
203169,P0032,1,54.22,54.22
203170,P0035,1,56.09,56.09
203171,P0013,1,55.53,55.53
203171,P0017,2,8.69,17.38
203171,P0037,2,32.23,64.46
203172,P0037,1,28.22,28.22
203172,P0012,1,41.25,41.25
203173,P0010,1,63.1,63.1
203173,P0012,2,48.04,96.08
203173,P0035,2,55.1,110.2
203174,P0027,1,31.77,31.77
203174,P0022,2,55.55,111.1
203175,P0037,1,30.38,30.38
203175,P0014,2,74.58,149.16
203176,P0007,1,22.13,22.13
203176,P0014,1,68.32,68.32
203177,P0022,2,62.92,125.84
203177,P0026,1,13.24,13.24
203177,P0002,2,45.45,90.9
203178,P0027,2,31.57,63.14
203178,P0033,1,18.85,18.85
203179,P0022,2,61.9,123.8
203179,P0037,2,30.23,60.46
203179,P0032,2,56.55,113.1
203180,P0010,1,62.63,62.63
203180,P0025,2,37.26,74.52
203180,P0029,2,57.49,114.98
203181,P0034,1,38.61,38.61
203182,P0033,1,18.89,18.89
203182,P0024,2,44.01,88.02
203182,P0014,2,68.25,136.5
203183,P0012,1,45.38,45.38
203183,P0034,2,45.01,90.02
203184,P0004,2,24.85,49.7
203184,P0020,1,47.3,47.3
203185,P0013,2,55.0,110.0
203185,P0016,1,10.17,10.17
203186,P0019,2,54.31,108.62
203186,P0030,1,67.13,67.13
203186,P0005,1,47.49,47.49
203187,P0029,2,47.8,95.6
203187,P0019,2,51.05,102.1
203188,P0025,1,34.49,34.49
203189,P0038,2,59.07,118.14
203190,P0029,1,57.88,57.88
203190,P0026,2,13.64,27.28
203191,P0010,2,59.3,118.6
203191,P0010,2,66.79,133.58
203192,P0032,2,52.6,105.2
203193,P0001,1,29.91,29.91
203193,P0015,1,57.26,57.26
203193,P0026,2,13.1,26.2
203194,P0012,1,46.6,46.6
203194,P0004,2,26.87,53.74
203195,P0039,2,79.29,158.58
203195,P0035,2,56.66,113.32
203196,P0025,1,36.2,36.2
203197,P0029,1,58.03,58.03
203197,P0035,2,47.74,95.48
203197,P0037,1,32.4,32.4
203198,P0031,1,22.29,22.29
203198,P0015,2,54.57,109.14
203198,P0021,2,27.48,54.96
203199,P0005,2,44.21,88.42
203200,P0038,1,58.87,58.87
203200,P0018,2,44.55,89.1
203201,P0040,2,70.04,140.08
203201,P0026,2,12.53,25.06
203202,P0005,2,47.34,94.68
203202,P0019,2,47.37,94.74
203202,P0020,1,46.63,46.63
203203,P0005,2,40.98,81.96
203203,P0016,2,9.3,18.6
203203,P0019,2,50.49,100.98
203204,P0024,2,51.14,102.28
203205,P0017,2,10.52,21.04
203205,P0011,1,77.83,77.83
203206,P0006,1,49.37,49.37
203206,P0014,1,77.36,77.36
203206,P0003,1,46.26,46.26
203207,P0037,2,31.82,63.64
203207,P0008,2,53.97,107.94
203207,P0031,2,22.85,45.7
203208,P0030,1,67.59,67.59
203209,P0017,2,9.88,19.76
203209,P0017,1,9.08,9.08
203210,P0018,2,50.41,100.82
203211,P0009,2,61.7,123.4
203211,P0040,2,75.68,151.36
203212,P0036,2,23.25,46.5
203213,P0028,2,20.03,40.06
203214,P0036,2,27.5,55.0
203214,P0025,2,35.12,70.24
203214,P0030,2,75.17,150.34
203215,P0014,2,70.35,140.7
203216,P0025,2,35.76,71.52
203217,P0036,2,24.53,49.06
203218,P0002,1,44.23,44.23
203218,P0019,2,52.07,104.14
203218,P0018,1,43.15,43.15
203219,P0004,1,25.47,25.47
203220,P0008,2,49.69,99.38
203220,P0004,2,22.92,45.84
203220,P0036,2,22.82,45.64
203221,P0040,2,78.02,156.04
203221,P0033,2,19.34,38.68
203221,P0010,1,68.72,68.72
203222,P0023,1,64.8,64.8
203222,P0023,1,70.44,70.44
203222,P0029,1,49.84,49.84
203223,P0020,1,52.04,52.04
203223,P0021,1,26.73,26.73
203224,P0028,2,21.39,42.78
203224,P0027,1,31.59,31.59
203225,P0035,1,47.79,47.79
203225,P0002,1,40.26,40.26
203226,P0006,2,40.57,81.14
203226,P0032,2,61.88,123.76
203226,P0024,2,44.19,88.38
203227,P0008,2,53.23,106.46
203227,P0040,1,71.6,71.6
203227,P0024,2,48.93,97.86
203228,P0025,1,34.87,34.87
203228,P0021,2,28.78,57.56
203228,P0007,1,26.6,26.6
203229,P0016,2,10.76,21.52
203229,P0020,1,47.69,47.69
203230,P0033,2,18.59,37.18
203230,P0025,1,36.16,36.16
203230,P0030,1,75.07,75.07
203231,P0029,2,53.64,107.28
203231,P0007,2,24.56,49.12
203232,P0030,2,70.21,140.42
203233,P0029,1,51.9,51.9
203233,P0017,2,8.83,17.66
203234,P0009,2,64.52,129.04
203234,P0016,1,9.63,9.63
203235,P0028,2,18.2,36.4
203235,P0039,1,70.61,70.61
203236,P0002,2,40.57,81.14
203236,P0028,1,18.17,18.17
203237,P0009,2,64.61,129.22
203237,P0013,1,50.86,50.86
203238,P0036,2,24.5,49.0
203238,P0012,2,43.02,86.04
203238,P0035,2,53.2,106.4
203239,P0004,1,25.36,25.36
203240,P0001,1,30.82,30.82
203240,P0020,2,53.29,106.58
203241,P0028,2,20.11,40.22
203242,P0002,1,45.77,45.77
203243,P0019,2,56.58,113.16
203244,P0020,1,50.03,50.03
203245,P0016,2,10.23,20.46
203245,P0036,1,27.32,27.32
203245,P0017,2,9.53,19.06
203246,P0008,2,53.5,107.0
203246,P0017,2,9.68,19.36
203246,P0032,1,63.62,63.62
203247,P0037,2,29.16,58.32
203247,P0029,1,47.39,47.39
203248,P0014,2,70.81,141.62
203249,P0001,2,30.26,60.52
203249,P0035,1,49.41,49.41
203249,P0024,2,46.44,92.88
203250,P0013,2,50.31,100.62
203250,P0037,1,28.04,28.04
203251,P0037,2,31.4,62.8
203251,P0008,1,47.26,47.26
203252,P0002,1,46.02,46.02
203252,P0034,1,45.71,45.71
203252,P0023,2,70.17,140.34
203253,P0031,2,21.85,43.7
203253,P0009,1,64.64,64.64
203254,P0037,1,30.88,30.88
203254,P0037,1,31.62,31.62
203254,P0009,1,60.47,60.47
203255,P0003,1,45.84,45.84
203255,P0004,1,23.5,23.5
203255,P0022,1,59.6,59.6
203256,P0021,2,31.43,62.86
203256,P0028,2,21.18,42.36
203257,P0010,1,67.37,67.37
203257,P0014,2,80.52,161.04
203257,P0040,2,67.47,134.94
203258,P0020,1,47.86,47.86
203259,P0006,2,49.62,99.24
203259,P0026,1,13.04,13.04
203259,P0003,2,53.26,106.52
203260,P0035,2,54.14,108.28
203260,P0014,1,69.18,69.18
203261,P0008,2,51.72,103.44
203261,P0026,2,13.02,26.04
203261,P0034,1,38.3,38.3
203262,P0036,1,25.46,25.46
203262,P0027,1,33.27,33.27
203262,P0038,1,57.23,57.23
203263,P0001,2,32.48,64.96
203263,P0021,2,27.74,55.48
203264,P0040,2,71.92,143.84
203265,P0020,1,49.67,49.67
203265,P0004,2,27.26,54.52
203265,P0005,1,46.62,46.62
203266,P0038,1,50.23,50.23
203266,P0003,2,47.76,95.52
203267,P0032,2,61.52,123.04
203267,P0032,1,61.86,61.86
203268,P0032,1,56.58,56.58
203269,P0008,1,49.88,49.88
203270,P0040,2,74.89,149.78
203271,P0007,2,24.92,49.84
203271,P0029,2,53.68,107.36
203272,P0031,2,23.63,47.26
203273,P0019,1,48.51,48.51
203273,P0019,1,50.62,50.62
203273,P0011,1,73.93,73.93
203274,P0014,1,76.91,76.91
203274,P0036,1,26.6,26.6
203275,P0028,1,17.51,17.51
203275,P0036,1,24.62,24.62
203275,P0006,1,43.72,43.72
203276,P0039,2,68.59,137.18
203277,P0010,1,71.25,71.25
203277,P0007,1,24.14,24.14
203277,P0028,2,18.58,37.16
203278,P0004,1,25.36,25.36
203278,P0006,1,41.64,41.64
203278,P0009,2,57.52,115.04
203279,P0010,2,70.5,141.0
203279,P0013,1,56.61,56.61
203280,P0011,2,80.76,161.52
203280,P0001,1,33.39,33.39
203280,P0013,2,58.13,116.26
203281,P0023,1,68.7,68.7
203282,P0015,2,57.94,115.88
203282,P0014,1,72.99,72.99
203282,P0009,1,56.75,56.75
203283,P0008,2,47.2,94.4
203284,P0014,2,69.62,139.24
203285,P0011,2,82.83,165.66
203285,P0003,1,47.11,47.11
203285,P0014,2,68.48,136.96
203286,P0006,2,44.03,88.06
203287,P0030,2,77.13,154.26
203287,P0008,1,48.26,48.26
203288,P0036,2,23.35,46.7
203288,P0032,1,62.18,62.18
203289,P0013,2,55.16,110.32
203290,P0024,2,42.39,84.78
203291,P0035,1,56.8,56.8
203291,P0032,2,62.54,125.08
203292,P0021,2,28.87,57.74
203292,P0012,1,42.12,42.12
203293,P0022,2,64.63,129.26
203293,P0023,1,76.68,76.68
203294,P0025,1,38.59,38.59
203294,P0027,2,29.09,58.18
203294,P0024,2,43.02,86.04
203295,P0038,1,53.84,53.84
203295,P0011,1,68.96,68.96
203295,P0039,1,74.07,74.07
203296,P0016,1,10.66,10.66
203296,P0040,1,80.11,80.11
203297,P0018,2,47.86,95.72
203297,P0032,2,55.57,111.14
203297,P0013,2,48.84,97.68
203298,P0031,1,25.88,25.88
203298,P0007,2,23.96,47.92
203298,P0040,1,80.23,80.23
203299,P0017,2,10.31,20.62
203299,P0031,2,24.46,48.92
203300,P0005,1,47.76,47.76
203300,P0025,1,39.69,39.69
203300,P0022,1,55.92,55.92
203301,P0040,2,73.31,146.62
203301,P0008,1,52.79,52.79
203301,P0016,2,10.77,21.54
203302,P0023,1,71.79,71.79
203302,P0035,2,49.22,98.44
203302,P0034,1,45.51,45.51
203303,P0012,2,40.7,81.4
203304,P0028,2,18.68,37.36
203304,P0029,1,53.38,53.38
203304,P0010,1,65.49,65.49
203305,P0026,1,12.19,12.19
203306,P0011,1,82.86,82.86
203307,P0031,2,23.31,46.62
203308,P0035,1,52.96,52.96
203309,P0026,2,11.49,22.98
203309,P0004,2,24.76,49.52
203309,P0024,1,50.65,50.65
203310,P0012,1,43.66,43.66
203311,P0011,1,73.4,73.4
203311,P0030,2,71.87,143.74
203311,P0006,2,47.83,95.66
203312,P0037,1,28.85,28.85
203312,P0003,2,45.44,90.88
203313,P0005,2,43.67,87.34
203313,P0040,2,69.09,138.18
203313,P0031,1,24.28,24.28
203314,P0029,2,50.4,100.8
203315,P0029,2,58.28,116.56
203315,P0036,2,26.0,52.0
203316,P0016,1,8.8,8.8
203316,P0033,1,17.7,17.7
203316,P0008,2,46.88,93.76
203317,P0016,1,10.4,10.4
203317,P0011,1,75.97,75.97
203317,P0022,2,64.65,129.3
203318,P0002,1,43.83,43.83
203318,P0035,1,52.94,52.94
203319,P0036,2,23.07,46.14
203319,P0008,2,52.57,105.14
203320,P0021,2,30.45,60.9
203320,P0025,2,35.74,71.48
203320,P0027,2,30.15,60.3
203321,P0005,2,42.65,85.3
203321,P0029,1,51.59,51.59
203321,P0038,2,57.35,114.7
203322,P0022,1,64.06,64.06
203322,P0020,2,51.76,103.52
203322,P0023,1,70.14,70.14
203323,P0023,1,72.85,72.85
203323,P0039,2,68.43,136.86
203323,P0018,2,44.89,89.78
203324,P0027,1,30.62,30.62
203324,P0017,1,9.61,9.61
203324,P0021,1,28.61,28.61
203325,P0021,1,26.72,26.72
203325,P0039,1,79.69,79.69
203326,P0008,2,53.27,106.54
203326,P0028,2,20.38,40.76
203326,P0034,1,43.1,43.1
203327,P0026,2,12.77,25.54
203327,P0002,2,41.6,83.2
203328,P0036,1,23.59,23.59
203328,P0036,2,24.23,48.46
203328,P0015,2,51.01,102.02
203329,P0036,2,27.62,55.24
203329,P0001,1,31.84,31.84
203330,P0023,2,78.29,156.58
203330,P0007,2,25.49,50.98
203330,P0019,2,51.46,102.92
203331,P0024,2,48.04,96.08
203331,P0019,1,53.54,53.54
203331,P0022,2,67.58,135.16
203332,P0017,2,10.11,20.22
203332,P0019,1,54.56,54.56
203332,P0037,1,28.73,28.73
203333,P0001,2,31.52,63.04
203333,P0011,1,77.3,77.3
203334,P0035,2,48.43,96.86
203334,P0009,1,62.58,62.58
203334,P0016,1,10.1,10.1
203335,P0017,1,9.39,9.39
203335,P0030,2,77.99,155.98
203336,P0020,2,48.58,97.16
203337,P0037,1,27.96,27.96
203338,P0031,1,25.06,25.06
203338,P0018,2,47.37,94.74
203338,P0011,2,74.44,148.88
203339,P0005,2,46.89,93.78
203339,P0023,1,71.12,71.12
203339,P0006,2,42.15,84.3
203340,P0017,1,8.72,8.72
203340,P0027,2,32.42,64.84
203341,P0024,1,49.75,49.75
203342,P0032,1,60.11,60.11
203342,P0040,2,75.81,151.62
203343,P0036,2,23.06,46.12
203343,P0026,1,12.77,12.77
203344,P0022,1,55.41,55.41
203345,P0023,2,73.99,147.98
203345,P0008,1,50.8,50.8
203345,P0029,1,48.63,48.63
203346,P0035,1,57.64,57.64
203347,P0027,1,29.54,29.54
203347,P0014,1,71.16,71.16
203348,P0006,2,44.02,88.04
203349,P0034,1,41.72,41.72
203350,P0020,1,47.54,47.54
203350,P0012,1,45.05,45.05
203351,P0037,2,31.65,63.3
203351,P0003,2,52.52,105.04
203352,P0014,2,73.74,147.48
203353,P0012,2,42.94,85.88
203353,P0002,1,47.1,47.1
203354,P0031,2,21.76,43.52
203354,P0026,2,13.5,27.0
203354,P0035,1,48.73,48.73
203355,P0032,2,57.96,115.92
203355,P0014,2,80.33,160.66
203356,P0022,2,62.39,124.78
203356,P0034,1,41.25,41.25
203357,P0030,1,67.63,67.63
203357,P0037,1,30.26,30.26
203358,P0010,2,69.76,139.52
203358,P0011,1,83.18,83.18
203359,P0007,2,26.18,52.36
203359,P0011,1,78.87,78.87
203360,P0006,2,47.13,94.26
203360,P0002,2,40.79,81.58
203360,P0038,2,49.1,98.2
203361,P0023,1,69.04,69.04
203361,P0040,2,66.35,132.7
203361,P0013,2,52.22,104.44
203362,P0037,2,29.18,58.36
203362,P0038,2,56.21,112.42
203362,P0028,1,17.91,17.91
203363,P0028,1,18.25,18.25
203364,P0015,2,61.49,122.98
203364,P0011,1,74.34,74.34
203364,P0010,1,71.58,71.58
203365,P0007,2,24.68,49.36
203366,P0001,1,31.3,31.3
203367,P0034,2,46.12,92.24
203368,P0004,1,26.33,26.33
203369,P0022,2,55.67,111.34
203370,P0023,2,70.14,140.28
203370,P0019,1,50.39,50.39
203370,P0035,1,52.27,52.27
203371,P0008,2,53.6,107.2
203371,P0034,2,42.92,85.84
203371,P0003,1,48.92,48.92
203372,P0019,2,50.05,100.1
203372,P0032,2,59.15,118.3
203373,P0040,1,76.41,76.41
203373,P0014,2,74.33,148.66
203373,P0010,2,62.63,125.26
203374,P0022,1,57.4,57.4
203374,P0031,1,25.67,25.67
203374,P0010,1,70.63,70.63
203375,P0030,2,72.26,144.52
203375,P0039,2,66.46,132.92
203376,P0003,1,52.72,52.72
203376,P0039,1,74.61,74.61
203377,P0031,1,22.65,22.65
203378,P0027,2,34.61,69.22
203379,P0032,1,52.59,52.59
203379,P0007,2,23.66,47.32
203379,P0032,2,64.2,128.4
203380,P0027,2,32.41,64.82
203380,P0040,2,73.66,147.32
203380,P0002,1,42.48,42.48
203381,P0035,2,53.23,106.46
203381,P0005,1,41.88,41.88
203381,P0028,1,20.78,20.78
203382,P0037,1,31.95,31.95
203382,P0002,2,39.53,79.06
203382,P0029,2,48.42,96.84
203383,P0013,1,53.42,53.42
203384,P0002,1,40.28,40.28
203384,P0034,2,42.45,84.9
203384,P0026,2,11.82,23.64
203385,P0010,2,69.03,138.06
203385,P0016,1,8.97,8.97
203385,P0010,1,58.44,58.44
203386,P0031,1,26.14,26.14
203386,P0010,1,61.53,61.53
203386,P0008,2,46.95,93.9
203387,P0026,2,12.33,24.66
203387,P0013,1,52.37,52.37
203387,P0007,2,23.92,47.84
203388,P0034,1,38.48,38.48
203388,P0031,2,25.94,51.88
203389,P0038,2,52.75,105.5
203389,P0004,2,26.03,52.06
203390,P0013,1,57.52,57.52
203391,P0017,1,9.23,9.23
203391,P0001,1,33.38,33.38
203392,P0003,2,48.11,96.22
203392,P0013,2,48.2,96.4
203392,P0003,2,51.23,102.46
203393,P0017,2,9.93,19.86
203393,P0011,1,72.37,72.37
203393,P0034,1,40.0,40.0
203394,P0005,1,43.12,43.12
203394,P0025,1,40.04,40.04
203395,P0014,2,71.29,142.58
203395,P0009,2,66.44,132.88
203396,P0006,2,42.5,85.0
203397,P0021,1,28.89,28.89
203397,P0020,1,45.56,45.56
203397,P0011,2,82.47,164.94
203398,P0032,1,55.21,55.21
203399,P0015,1,56.53,56.53
203399,P0024,1,47.49,47.49
203400,P0015,2,61.6,123.2
203400,P0011,2,69.87,139.74
203400,P0026,2,11.6,23.2
203401,P0012,2,41.79,83.58
203401,P0024,2,48.86,97.72
203401,P0001,1,31.03,31.03
203402,P0020,1,52.73,52.73
203402,P0010,2,59.96,119.92
203403,P0023,2,66.3,132.6
203403,P0023,2,77.93,155.86
203404,P0004,1,22.84,22.84
203405,P0035,1,54.1,54.1
203405,P0008,1,51.74,51.74
203405,P0033,2,18.64,37.28
203406,P0001,1,29.82,29.82
203406,P0012,1,47.69,47.69
203407,P0028,2,19.57,39.14
203407,P0018,1,49.98,49.98
203407,P0011,1,75.22,75.22
203408,P0033,1,19.01,19.01
203408,P0004,1,24.24,24.24
203409,P0023,2,77.15,154.3
203410,P0012,1,43.87,43.87
203411,P0019,1,55.13,55.13
203411,P0024,1,47.9,47.9
203411,P0034,2,46.92,93.84
203412,P0006,2,44.47,88.94
203412,P0012,1,48.18,48.18
203413,P0017,2,8.74,17.48
203414,P0036,1,23.42,23.42
203414,P0001,1,30.7,30.7
203414,P0001,2,30.05,60.1
203415,P0021,2,29.31,58.62
203415,P0010,1,59.24,59.24
203415,P0011,2,69.25,138.5
203416,P0036,2,24.9,49.8
203416,P0013,2,52.5,105.0
203417,P0019,1,51.55,51.55
203417,P0012,1,42.97,42.97
203417,P0031,1,25.96,25.96
203418,P0027,2,34.26,68.52
203418,P0019,1,46.55,46.55
203418,P0037,1,33.12,33.12
203419,P0006,2,47.89,95.78
203420,P0010,2,60.81,121.62
203420,P0028,2,17.54,35.08
203421,P0033,1,16.68,16.68
203421,P0008,2,45.53,91.06
203422,P0037,2,27.47,54.94
203422,P0028,2,19.61,39.22
203422,P0022,2,58.39,116.78
203423,P0012,2,45.55,91.1
203423,P0024,1,44.93,44.93
203423,P0033,1,16.08,16.08
203424,P0024,1,47.37,47.37
203425,P0032,1,58.85,58.85
203426,P0037,2,31.37,62.74
203426,P0011,1,74.33,74.33
203427,P0016,1,9.08,9.08
203427,P0029,1,58.12,58.12
203428,P0032,2,55.38,110.76
203429,P0034,1,46.15,46.15
203429,P0017,2,9.04,18.08
203429,P0019,1,53.23,53.23
203430,P0038,1,58.29,58.29
203431,P0013,2,53.53,107.06
203432,P0030,1,79.39,79.39
203433,P0018,2,46.14,92.28
203434,P0006,2,47.52,95.04
203434,P0031,1,22.33,22.33
203435,P0022,1,56.34,56.34
203435,P0006,1,49.46,49.46
203436,P0009,2,63.87,127.74
203437,P0007,1,26.05,26.05
203438,P0025,2,36.23,72.46
203439,P0017,1,9.35,9.35
203439,P0005,1,42.74,42.74
203439,P0024,2,50.76,101.52
203440,P0017,2,8.82,17.64
203440,P0027,2,30.04,60.08
203440,P0040,2,71.64,143.28
203441,P0020,1,45.97,45.97
203442,P0001,1,29.3,29.3
203442,P0037,2,28.55,57.1
203442,P0032,1,56.89,56.89
203443,P0008,2,52.52,105.04
203443,P0023,1,69.93,69.93
203443,P0006,2,46.59,93.18
203444,P0029,2,47.44,94.88
203445,P0020,2,51.29,102.58
203446,P0016,1,8.98,8.98
203446,P0007,2,26.28,52.56
203447,P0016,1,9.43,9.43
203448,P0032,1,59.59,59.59
203448,P0031,1,25.46,25.46
203448,P0040,2,74.81,149.62
203449,P0004,1,26.47,26.47
203450,P0026,1,11.62,11.62
203450,P0017,2,10.06,20.12
203450,P0021,1,31.32,31.32
203451,P0005,1,46.4,46.4
203451,P0029,2,53.77,107.54
203452,P0022,1,67.57,67.57
203453,P0040,2,74.24,148.48
203453,P0015,1,50.88,50.88
203453,P0003,1,45.17,45.17
203454,P0034,2,43.86,87.72
203454,P0026,2,13.7,27.4
203454,P0020,2,44.46,88.92
203455,P0025,1,34.14,34.14
203455,P0034,2,44.31,88.62
203455,P0036,1,24.64,24.64
203456,P0017,1,10.38,10.38
203456,P0013,2,52.41,104.82
203456,P0011,2,73.43,146.86
203457,P0017,1,9.48,9.48
203457,P0009,2,58.76,117.52
203457,P0040,2,81.06,162.12
203458,P0001,2,30.65,61.3
203458,P0017,1,9.25,9.25
203459,P0039,2,72.65,145.3
203459,P0027,1,29.2,29.2
203460,P0023,1,70.1,70.1
203460,P0015,2,60.91,121.82
203461,P0017,1,9.97,9.97
203462,P0020,1,47.11,47.11
203463,P0029,2,57.38,114.76
203464,P0022,1,65.9,65.9
203464,P0032,2,61.48,122.96
203465,P0028,2,19.93,39.86
203465,P0029,2,50.2,100.4
203466,P0003,2,46.15,92.3
203466,P0029,2,57.9,115.8
203466,P0020,1,45.77,45.77
203467,P0006,1,49.0,49.0
203467,P0014,2,80.62,161.24
203468,P0017,2,9.34,18.68
203468,P0005,1,43.72,43.72
203469,P0013,1,54.85,54.85
203469,P0004,1,25.77,25.77
203470,P0013,1,48.31,48.31
203470,P0029,1,53.04,53.04
203470,P0019,1,50.58,50.58
203471,P0036,1,26.88,26.88
203471,P0018,2,46.86,93.72
203471,P0001,2,30.95,61.9
203472,P0003,2,52.56,105.12
203472,P0006,1,42.0,42.0
203473,P0002,2,44.34,88.68
203474,P0004,2,26.66,53.32
203475,P0010,1,61.71,61.71
203475,P0036,1,25.52,25.52
203475,P0038,2,58.72,117.44
203476,P0017,1,9.29,9.29
203477,P0003,2,47.14,94.28
203477,P0025,2,35.46,70.92
203477,P0004,1,22.67,22.67
203478,P0004,1,22.92,22.92
203479,P0028,1,17.83,17.83
203480,P0022,2,62.26,124.52
203480,P0029,2,50.78,101.56
203480,P0013,2,54.02,108.04
203481,P0001,1,32.59,32.59
203482,P0023,1,79.22,79.22
203482,P0024,1,49.25,49.25
203483,P0024,2,42.65,85.3
203484,P0014,2,79.94,159.88
203484,P0035,1,50.48,50.48
203484,P0040,1,66.83,66.83
203485,P0028,1,19.28,19.28
203485,P0008,1,48.13,48.13
203485,P0028,2,20.31,40.62
203486,P0019,2,56.6,113.2
203486,P0007,2,24.7,49.4
203487,P0037,2,31.2,62.4
203488,P0022,2,60.65,121.3
203488,P0026,1,11.66,11.66
203489,P0036,2,22.97,45.94
203489,P0035,1,54.28,54.28
203490,P0037,1,31.24,31.24
203490,P0031,1,21.99,21.99
203491,P0009,1,67.35,67.35
203491,P0010,2,63.23,126.46
203491,P0014,2,80.99,161.98
203492,P0014,2,79.73,159.46
203492,P0018,2,49.84,99.68
203492,P0020,2,48.59,97.18
203493,P0006,1,42.34,42.34
203494,P0021,1,29.07,29.07
203495,P0003,2,49.71,99.42
203496,P0040,2,73.59,147.18
203496,P0001,2,31.42,62.84
203497,P0025,2,34.0,68.0
203497,P0037,1,32.27,32.27
203497,P0013,2,53.3,106.6
203498,P0012,2,45.61,91.22
203498,P0001,2,32.57,65.14
203498,P0024,2,45.07,90.14
203499,P0012,2,45.47,90.94
203499,P0036,1,26.07,26.07
203499,P0033,1,17.87,17.87
203500,P0007,2,23.11,46.22
203500,P0011,1,77.07,77.07
203500,P0039,1,68.84,68.84
203501,P0027,2,30.33,60.66
203501,P0004,2,25.52,51.04
203501,P0015,2,53.93,107.86
203502,P0003,1,50.3,50.3
203503,P0001,2,30.38,60.76
203503,P0039,2,76.24,152.48
203504,P0007,2,25.82,51.64
203504,P0005,2,46.81,93.62
203504,P0001,1,33.6,33.6
203505,P0001,2,32.52,65.04
203505,P0023,2,66.46,132.92
203506,P0012,1,46.67,46.67
203506,P0029,1,57.02,57.02
203507,P0038,2,49.8,99.6
203507,P0029,2,50.75,101.5
203508,P0028,2,20.22,40.44
203508,P0020,2,48.42,96.84
203508,P0007,2,25.83,51.66
203509,P0033,1,19.11,19.11
203509,P0029,1,54.53,54.53
203509,P0008,1,52.54,52.54
203510,P0037,1,27.45,27.45
203511,P0007,2,24.0,48.0
203512,P0039,2,68.22,136.44
203513,P0011,1,82.82,82.82
203514,P0001,1,32.1,32.1
203514,P0027,2,29.6,59.2
203515,P0036,2,27.76,55.52
203515,P0006,1,47.14,47.14
203516,P0038,1,54.31,54.31
203516,P0009,1,67.06,67.06
203517,P0016,1,10.79,10.79
203517,P0001,1,30.99,30.99
203518,P0008,1,54.2,54.2
203518,P0026,2,13.45,26.9
203518,P0011,2,82.05,164.1
203519,P0012,1,42.11,42.11
203519,P0014,2,77.51,155.02
203520,P0016,1,9.47,9.47
203520,P0033,2,16.14,32.28
203521,P0015,2,59.82,119.64
203521,P0038,1,51.85,51.85
203521,P0009,2,62.46,124.92
203522,P0038,2,58.66,117.32
203522,P0032,2,56.11,112.22
203522,P0011,1,68.26,68.26
203523,P0013,1,50.94,50.94
203524,P0035,2,57.31,114.62
203524,P0025,1,36.65,36.65
203525,P0003,1,48.01,48.01
203525,P0017,1,9.67,9.67
203526,P0036,1,23.79,23.79
203527,P0025,2,40.22,80.44
203527,P0019,2,47.75,95.5
203527,P0005,1,45.33,45.33
203528,P0019,1,52.0,52.0
203528,P0014,1,66.4,66.4
203529,P0002,1,46.62,46.62
203530,P0004,1,26.58,26.58
203530,P0005,1,40.55,40.55
203531,P0033,1,18.77,18.77
203532,P0037,1,27.29,27.29
203532,P0023,1,69.88,69.88
203532,P0009,2,58.87,117.74
203533,P0003,1,52.43,52.43
203534,P0034,1,44.45,44.45
203534,P0023,1,72.54,72.54
203535,P0026,2,12.59,25.18
203535,P0024,2,46.51,93.02
203536,P0040,1,76.74,76.74
203536,P0001,1,35.11,35.11
203537,P0005,2,45.45,90.9
203537,P0025,2,36.52,73.04
203538,P0037,2,27.78,55.56
203538,P0001,2,31.64,63.28
203539,P0005,2,40.23,80.46
203539,P0005,2,44.1,88.2
203539,P0036,2,27.33,54.66
203540,P0002,2,40.46,80.92
203541,P0026,1,13.51,13.51
203541,P0001,1,32.56,32.56
203541,P0021,2,26.19,52.38
203542,P0002,1,43.54,43.54
203542,P0033,1,19.09,19.09
203542,P0016,2,10.01,20.02
203543,P0011,1,76.35,76.35
203543,P0018,1,44.3,44.3
203544,P0025,1,34.3,34.3
203544,P0040,2,66.72,133.44
203544,P0031,1,24.91,24.91
203545,P0032,1,61.2,61.2
203545,P0001,1,30.01,30.01
203545,P0011,2,75.73,151.46
203546,P0009,1,62.23,62.23
203546,P0001,2,33.67,67.34
203547,P0033,1,16.73,16.73
203548,P0023,1,74.1,74.1
203549,P0035,2,51.17,102.34
203550,P0020,2,47.21,94.42
203550,P0034,2,38.16,76.32
203550,P0020,2,46.87,93.74
203551,P0026,2,12.76,25.52
203552,P0026,1,11.9,11.9
203553,P0034,1,45.46,45.46
203553,P0030,1,67.08,67.08
203553,P0009,2,58.35,116.7
203554,P0038,2,52.93,105.86
203555,P0038,1,58.71,58.71
203556,P0030,2,75.65,151.3
203556,P0008,2,54.06,108.12
203557,P0027,1,34.93,34.93
203558,P0038,2,54.71,109.42
203558,P0028,1,19.21,19.21
203558,P0035,2,54.52,109.04
203559,P0021,1,26.51,26.51
203559,P0034,1,46.91,46.91
203559,P0022,2,63.81,127.62
203560,P0025,1,37.5,37.5
203561,P0006,2,46.79,93.58
203562,P0032,2,63.15,126.3
203562,P0033,2,17.89,35.78
203562,P0027,2,32.54,65.08
203563,P0008,2,53.63,107.26
203563,P0038,1,56.91,56.91
203564,P0023,2,78.84,157.68
203564,P0033,2,18.14,36.28
203565,P0001,2,34.63,69.26
203565,P0030,1,79.02,79.02
203566,P0013,1,55.48,55.48
203567,P0017,2,10.4,20.8
203567,P0039,1,75.72,75.72
203567,P0017,2,9.24,18.48
203568,P0010,1,59.02,59.02
203568,P0013,1,48.75,48.75
203568,P0012,2,48.06,96.12
203569,P0025,2,33.19,66.38
203569,P0004,1,27.77,27.77
203569,P0019,2,46.31,92.62
203570,P0008,2,52.92,105.84
203570,P0003,1,45.66,45.66
203570,P0020,2,52.28,104.56
203571,P0012,2,42.34,84.68
203571,P0018,1,43.51,43.51
203572,P0006,2,44.54,89.08
203573,P0031,1,23.53,23.53
203573,P0031,1,25.31,25.31
203574,P0018,1,45.05,45.05
203575,P0028,2,20.04,40.08
203576,P0025,1,36.16,36.16
203576,P0030,2,75.84,151.68
203577,P0024,2,52.05,104.1
203578,P0029,2,48.61,97.22
203578,P0035,1,47.87,47.87
203579,P0021,2,29.11,58.22
203579,P0021,2,26.88,53.76
203580,P0017,2,10.0,20.0
203580,P0008,1,53.19,53.19
203581,P0036,2,23.16,46.32
203581,P0032,2,62.04,124.08
203582,P0022,1,56.46,56.46
203583,P0001,1,33.04,33.04
203584,P0001,2,29.15,58.3
203585,P0004,2,24.81,49.62
203586,P0004,1,24.14,24.14
203586,P0002,2,43.08,86.16
203586,P0004,2,23.2,46.4
203587,P0004,1,22.89,22.89
203587,P0031,2,22.81,45.62
203587,P0009,1,63.69,63.69
203588,P0021,2,26.56,53.12
203589,P0023,1,71.51,71.51
203589,P0035,2,49.28,98.56
203590,P0035,1,55.97,55.97
203590,P0017,1,10.5,10.5
203590,P0024,1,44.28,44.28
203591,P0007,2,23.04,46.08
203592,P0013,2,58.23,116.46
203592,P0009,1,65.16,65.16
203592,P0035,2,47.15,94.3
203593,P0015,2,57.25,114.5
203593,P0037,1,30.98,30.98
203593,P0012,1,48.01,48.01
203594,P0029,1,54.46,54.46
203594,P0040,1,79.16,79.16
203595,P0036,2,25.85,51.7
203595,P0011,2,82.43,164.86
203596,P0021,1,29.27,29.27
203597,P0040,2,66.94,133.88
203597,P0002,1,44.71,44.71
203597,P0029,1,56.31,56.31
203598,P0018,1,46.84,46.84
203598,P0005,2,39.88,79.76
203599,P0035,2,55.73,111.46
203600,P0040,1,73.56,73.56
203601,P0008,1,48.03,48.03
203602,P0034,1,41.78,41.78
203602,P0014,2,69.64,139.28
203602,P0023,1,72.25,72.25
203603,P0011,1,70.0,70.0
203603,P0034,1,44.24,44.24
203603,P0018,2,44.25,88.5
203604,P0005,1,42.27,42.27
203605,P0034,2,44.85,89.7
203606,P0009,1,64.43,64.43
203606,P0007,1,24.47,24.47
203606,P0033,1,19.5,19.5
203607,P0021,2,31.32,62.64
203607,P0012,2,44.74,89.48
203607,P0040,2,71.03,142.06
203608,P0017,1,8.88,8.88
203608,P0036,1,27.58,27.58
203608,P0005,2,41.87,83.74
203609,P0006,1,49.58,49.58
203610,P0026,2,11.92,23.84
203610,P0035,2,53.14,106.28
203610,P0030,2,70.08,140.16
203611,P0014,2,80.4,160.8
203611,P0007,1,26.07,26.07
203612,P0009,2,57.53,115.06
203612,P0001,1,29.86,29.86
203613,P0040,2,73.39,146.78
203613,P0014,1,69.02,69.02
203614,P0011,2,75.93,151.86
203614,P0030,1,76.82,76.82
203614,P0025,2,40.01,80.02
203615,P0011,1,77.75,77.75
203616,P0037,1,32.48,32.48
203617,P0010,1,58.62,58.62
203617,P0008,2,53.01,106.02
203617,P0009,1,59.38,59.38
203618,P0020,2,47.26,94.52
203619,P0017,2,9.43,18.86
203620,P0035,1,54.53,54.53
203620,P0036,2,26.38,52.76
203621,P0016,2,8.84,17.68
203621,P0017,1,10.26,10.26
203622,P0025,1,40.26,40.26
203623,P0029,1,49.46,49.46
203623,P0037,1,29.38,29.38
203623,P0030,2,67.34,134.68
203624,P0035,1,53.66,53.66
203624,P0006,1,42.03,42.03
203624,P0017,2,9.84,19.68
203625,P0009,2,56.69,113.38
203625,P0008,1,50.67,50.67
203625,P0038,1,53.48,53.48
203626,P0014,1,72.52,72.52
203627,P0001,2,32.01,64.02
203627,P0031,2,26.18,52.36
203628,P0005,1,40.02,40.02
203628,P0021,2,27.32,54.64
203628,P0016,1,10.13,10.13
203629,P0034,1,41.04,41.04
203629,P0023,1,77.58,77.58
203630,P0010,2,68.21,136.42
203631,P0024,2,48.78,97.56
203631,P0018,1,49.81,49.81
203631,P0014,2,73.86,147.72
203632,P0005,1,47.58,47.58
203633,P0038,2,50.06,100.12
203634,P0022,2,62.45,124.9
203634,P0013,1,52.63,52.63
203635,P0008,2,53.77,107.54
203636,P0011,1,73.28,73.28
203636,P0028,1,20.06,20.06
203636,P0018,1,42.08,42.08
203637,P0019,1,49.21,49.21
203638,P0025,1,39.16,39.16
203638,P0002,2,38.84,77.68
203639,P0014,2,74.62,149.24
203639,P0040,2,72.03,144.06
203640,P0008,2,53.01,106.02
203640,P0002,2,42.01,84.02
203641,P0036,2,26.05,52.1
203642,P0026,2,12.77,25.54
203643,P0013,2,50.14,100.28
203643,P0021,1,28.84,28.84
203643,P0019,1,52.82,52.82
203644,P0039,2,71.0,142.0
203645,P0009,2,60.0,120.0
203645,P0032,2,63.01,126.02
203646,P0009,1,55.02,55.02
203646,P0018,2,43.73,87.46
203647,P0008,2,47.24,94.48
203648,P0016,1,10.1,10.1
203648,P0013,2,52.37,104.74
203649,P0001,2,33.02,66.04
203650,P0026,1,13.07,13.07
203650,P0021,1,27.75,27.75
203650,P0006,2,48.87,97.74
203651,P0007,1,24.71,24.71
203651,P0036,2,28.02,56.04
203651,P0030,2,69.7,139.4
203652,P0036,2,22.99,45.98
203652,P0006,2,49.78,99.56
203652,P0025,1,40.05,40.05
203653,P0017,1,8.68,8.68
203654,P0002,1,46.76,46.76
203655,P0013,1,54.93,54.93
203656,P0011,1,70.95,70.95
203656,P0017,1,10.0,10.0
203656,P0032,2,59.15,118.3
203657,P0029,1,48.68,48.68
203657,P0011,2,68.77,137.54
203658,P0002,2,43.63,87.26
203658,P0014,2,67.4,134.8
203658,P0040,2,71.16,142.32
203659,P0028,1,20.07,20.07
203659,P0033,1,19.4,19.4
203659,P0016,2,9.03,18.06
203660,P0008,1,50.48,50.48
203660,P0036,1,24.97,24.97
203661,P0026,2,12.31,24.62
203661,P0020,1,50.47,50.47
203661,P0037,2,30.97,61.94
203662,P0007,1,21.79,21.79
203663,P0028,1,19.25,19.25
203663,P0020,1,54.23,54.23
203664,P0027,2,32.55,65.1
203664,P0031,2,22.55,45.1
203665,P0001,2,32.38,64.76
203666,P0009,2,56.28,112.56
203666,P0027,1,28.68,28.68
203666,P0036,2,26.07,52.14
203667,P0034,1,45.09,45.09
203667,P0006,1,47.92,47.92
203667,P0025,1,37.45,37.45
203668,P0002,2,46.78,93.56
203668,P0032,2,54.35,108.7
203669,P0037,2,27.83,55.66
203669,P0021,1,29.61,29.61
203670,P0020,2,53.18,106.36
203670,P0033,2,17.98,35.96
203671,P0016,1,10.28,10.28
203671,P0022,1,58.24,58.24
203672,P0021,2,29.58,59.16
203672,P0015,2,61.66,123.32
203672,P0032,1,55.52,55.52
203673,P0013,2,50.41,100.82
203673,P0028,2,19.64,39.28
203674,P0018,1,51.28,51.28
203674,P0005,1,44.11,44.11
203675,P0039,1,75.83,75.83
203675,P0034,1,46.44,46.44
203676,P0021,2,29.24,58.48
203676,P0023,1,65.04,65.04
203677,P0025,1,36.82,36.82
203677,P0023,2,73.41,146.82
203678,P0010,2,66.18,132.36
203678,P0040,1,72.11,72.11
203679,P0038,2,51.11,102.22
203679,P0039,1,67.47,67.47
203679,P0036,1,24.77,24.77
203680,P0016,2,10.35,20.7
203680,P0023,1,67.54,67.54
203680,P0016,2,9.86,19.72
203681,P0019,2,46.87,93.74
203681,P0020,1,53.94,53.94
203681,P0028,1,20.71,20.71
203682,P0029,2,54.45,108.9
203683,P0023,2,65.07,130.14
203683,P0040,2,78.74,157.48
203684,P0027,1,28.85,28.85
203685,P0015,2,51.61,103.22
203685,P0010,2,62.36,124.72
203686,P0012,2,42.26,84.52
203686,P0026,1,12.17,12.17
203686,P0004,2,22.75,45.5
203687,P0034,1,45.83,45.83
203687,P0014,2,80.41,160.82
203688,P0010,1,69.75,69.75
203688,P0038,1,58.79,58.79
203689,P0023,1,78.96,78.96
203690,P0026,1,12.11,12.11
203690,P0019,1,55.26,55.26
203691,P0015,1,59.52,59.52
203691,P0028,2,21.41,42.82
203692,P0022,1,58.1,58.1
203693,P0015,1,59.14,59.14
203693,P0038,2,48.7,97.4
203694,P0007,1,24.06,24.06
203694,P0014,1,66.24,66.24
203694,P0004,2,25.07,50.14
203695,P0013,2,52.48,104.96
203696,P0011,2,77.62,155.24
203696,P0002,1,41.13,41.13
203697,P0031,2,23.91,47.82
203698,P0004,1,26.61,26.61
203699,P0031,1,22.46,22.46
203699,P0018,1,50.45,50.45
203699,P0005,2,40.31,80.62
203700,P0025,2,33.53,67.06
203701,P0010,1,68.99,68.99
203701,P0006,2,41.23,82.46
203702,P0033,2,17.27,34.54
203702,P0006,1,48.54,48.54
203703,P0011,1,79.8,79.8
203703,P0008,1,45.81,45.81
203704,P0040,2,71.35,142.7
203704,P0036,2,23.81,47.62
203704,P0027,2,33.72,67.44
203705,P0014,2,78.45,156.9
203705,P0029,1,48.75,48.75
203705,P0036,1,27.32,27.32
203706,P0023,2,72.01,144.02
203707,P0028,1,21.32,21.32
203707,P0036,1,26.65,26.65
203708,P0016,2,9.5,19.0
203709,P0018,1,41.99,41.99
203709,P0028,2,21.27,42.54
203709,P0037,2,32.1,64.2
203710,P0025,2,34.98,69.96
203710,P0035,2,53.33,106.66
203710,P0024,2,47.59,95.18
203711,P0026,1,12.17,12.17
203711,P0035,1,54.38,54.38
203711,P0009,1,61.01,61.01
203712,P0034,2,44.85,89.7
203712,P0009,1,58.0,58.0
203712,P0034,1,40.75,40.75
203713,P0032,2,63.73,127.46
203713,P0007,2,24.07,48.14
203713,P0028,1,20.23,20.23
203714,P0028,2,20.11,40.22
203714,P0037,2,32.05,64.1
203714,P0014,2,77.26,154.52
203715,P0012,2,46.56,93.12
203715,P0025,2,33.65,67.3
203716,P0038,1,55.64,55.64
203716,P0009,2,61.46,122.92
203716,P0006,1,41.97,41.97
203717,P0024,2,51.85,103.7
203717,P0029,2,47.69,95.38
203717,P0014,2,71.05,142.1
203718,P0021,1,30.05,30.05
203718,P0033,1,18.74,18.74
203718,P0005,1,42.52,42.52
203719,P0026,1,12.89,12.89
203719,P0010,1,71.58,71.58
203720,P0029,2,52.55,105.1
203720,P0010,1,70.92,70.92
203721,P0012,1,42.64,42.64
203721,P0036,2,28.06,56.12
203721,P0034,2,40.25,80.5
203722,P0007,1,25.53,25.53
203723,P0003,1,49.5,49.5
203723,P0040,2,68.17,136.34
203724,P0014,2,70.43,140.86
203724,P0034,1,43.28,43.28
203725,P0017,2,9.1,18.2
203725,P0011,1,71.27,71.27
203726,P0018,2,43.26,86.52
203726,P0038,2,56.07,112.14
203726,P0037,2,31.35,62.7
203727,P0026,2,13.4,26.8
203727,P0020,1,52.14,52.14
203727,P0030,1,70.81,70.81
203728,P0023,2,74.86,149.72
203729,P0006,2,48.83,97.66
203730,P0020,1,50.65,50.65
203731,P0038,2,51.33,102.66
203731,P0024,2,43.61,87.22
203732,P0008,2,47.55,95.1
203733,P0014,2,66.72,133.44
203733,P0015,1,53.08,53.08
203734,P0024,2,47.63,95.26
203735,P0015,2,60.2,120.4
203735,P0015,1,55.77,55.77
203736,P0040,2,76.84,153.68
203736,P0010,1,61.43,61.43
203736,P0022,1,56.8,56.8
203737,P0037,1,27.75,27.75
203738,P0024,1,50.75,50.75
203739,P0033,1,18.59,18.59
203740,P0040,1,66.39,66.39
203741,P0002,2,38.49,76.98
203741,P0001,1,30.43,30.43
203742,P0008,2,47.19,94.38
203743,P0011,2,70.57,141.14
203743,P0020,2,52.38,104.76
203744,P0023,1,74.19,74.19
203744,P0021,1,28.55,28.55
203745,P0013,1,53.68,53.68
203745,P0036,2,26.01,52.02
203746,P0030,1,74.85,74.85
203746,P0016,2,9.48,18.96
203747,P0015,2,52.53,105.06
203747,P0025,1,39.2,39.2
203748,P0002,1,40.75,40.75
203748,P0032,1,55.34,55.34
203749,P0027,1,33.14,33.14
203749,P0009,2,61.71,123.42
203749,P0021,2,30.51,61.02
203750,P0028,1,19.53,19.53
203750,P0015,2,58.83,117.66
203750,P0018,1,48.95,48.95
203751,P0031,2,24.14,48.28
203751,P0025,1,36.83,36.83
203751,P0026,1,13.64,13.64
203752,P0016,1,9.04,9.04
203752,P0032,2,62.77,125.54
203753,P0040,1,75.67,75.67
203753,P0027,1,33.0,33.0
203754,P0011,2,81.95,163.9
203754,P0016,1,10.82,10.82
203754,P0021,2,29.52,59.04
203755,P0018,1,45.44,45.44
203755,P0016,1,10.58,10.58
203756,P0001,2,34.24,68.48
203756,P0012,1,42.34,42.34
203757,P0032,1,53.55,53.55
203757,P0033,1,18.72,18.72
203758,P0013,2,51.62,103.24
203759,P0005,2,41.68,83.36
203759,P0032,2,56.36,112.72
203760,P0005,1,45.33,45.33
203761,P0018,2,50.84,101.68
203761,P0029,1,51.88,51.88
203761,P0011,1,73.45,73.45
203762,P0035,1,52.8,52.8
203762,P0021,2,31.48,62.96
203762,P0015,1,62.38,62.38
203763,P0006,1,49.06,49.06
203763,P0004,1,23.3,23.3
203763,P0026,1,14.1,14.1
203764,P0036,1,26.18,26.18
203764,P0031,1,22.42,22.42
203765,P0017,2,9.33,18.66
203765,P0035,2,49.4,98.8
203766,P0034,2,38.34,76.68
203767,P0037,2,31.42,62.84
203767,P0009,2,59.07,118.14
203768,P0009,1,61.12,61.12
203768,P0027,2,33.85,67.7
203768,P0033,2,17.89,35.78
203769,P0010,2,61.88,123.76
203769,P0019,1,49.14,49.14
203770,P0028,2,18.75,37.5
203771,P0039,1,78.26,78.26
203772,P0010,2,66.94,133.88
203773,P0028,2,19.91,39.82
203773,P0004,1,25.52,25.52
203774,P0038,2,56.49,112.98
203774,P0037,1,29.72,29.72
203774,P0035,2,48.49,96.98
203775,P0032,1,54.81,54.81
203776,P0003,2,50.71,101.42
203777,P0022,1,66.72,66.72
203777,P0004,2,26.06,52.12
203777,P0036,2,25.5,51.0
203778,P0004,2,25.04,50.08
203779,P0015,2,59.77,119.54
203780,P0033,2,16.09,32.18
203780,P0005,2,47.88,95.76
203780,P0032,2,57.65,115.3
203781,P0014,1,68.14,68.14
203782,P0001,1,34.57,34.57
203782,P0006,2,45.06,90.12
203782,P0034,1,43.21,43.21
203783,P0013,2,58.32,116.64
203784,P0023,1,77.47,77.47
203784,P0012,2,45.82,91.64
203784,P0032,2,59.47,118.94
203785,P0037,2,28.4,56.8
203785,P0016,1,9.7,9.7
203786,P0035,1,48.39,48.39
203786,P0040,2,79.35,158.7
203786,P0036,1,27.85,27.85
203787,P0008,2,45.43,90.86
203787,P0024,2,45.97,91.94
203788,P0026,2,14.08,28.16
203789,P0014,1,70.71,70.71
203790,P0016,1,9.96,9.96
203791,P0009,2,60.77,121.54
203792,P0027,1,30.66,30.66
203792,P0012,1,41.6,41.6
203793,P0022,1,66.9,66.9
203794,P0018,2,48.11,96.22
203795,P0032,1,62.98,62.98
203796,P0016,1,9.25,9.25
203796,P0018,2,50.49,100.98
203797,P0025,2,39.34,78.68
203798,P0039,1,65.18,65.18
203798,P0025,2,35.1,70.2
203798,P0039,2,66.91,133.82
203799,P0034,1,42.94,42.94
203800,P0027,2,29.57,59.14
203800,P0021,2,29.05,58.1
203800,P0010,1,65.98,65.98
203801,P0031,1,26.05,26.05
203801,P0011,2,70.5,141.0
203802,P0038,2,54.8,109.6
203802,P0023,1,65.63,65.63
203802,P0017,2,9.24,18.48
203803,P0018,1,48.51,48.51
203804,P0017,2,9.23,18.46
203804,P0031,1,23.74,23.74
203804,P0029,2,57.57,115.14
203805,P0026,1,13.51,13.51
203805,P0006,2,40.45,80.9
203805,P0035,1,55.44,55.44
203806,P0030,1,77.15,77.15
203806,P0017,1,9.16,9.16
203807,P0023,2,70.0,140.0
203807,P0009,2,61.8,123.6
203807,P0031,2,23.21,46.42
203808,P0015,2,54.65,109.3
203808,P0024,1,46.13,46.13
203809,P0033,1,17.65,17.65
203809,P0024,2,50.59,101.18
203810,P0002,2,45.68,91.36
203811,P0028,2,19.28,38.56
203812,P0023,2,68.4,136.8
203812,P0014,1,76.59,76.59
203812,P0019,1,52.07,52.07
203813,P0010,1,67.38,67.38
203813,P0022,2,57.45,114.9
203813,P0031,2,26.6,53.2
203814,P0029,2,55.23,110.46
203814,P0024,2,42.99,85.98
203814,P0032,2,61.55,123.1
203815,P0029,1,48.97,48.97
203816,P0024,1,49.58,49.58
203816,P0011,1,75.76,75.76
203816,P0009,2,65.76,131.52
203817,P0019,1,52.98,52.98
203817,P0022,2,62.91,125.82
203817,P0040,2,70.53,141.06
203818,P0022,1,62.69,62.69
203819,P0004,2,24.9,49.8
203819,P0003,1,50.77,50.77
203820,P0027,2,28.84,57.68
203821,P0005,2,45.31,90.62
203821,P0033,1,16.98,16.98
203822,P0036,1,26.07,26.07
203822,P0036,2,22.97,45.94
203822,P0019,2,48.34,96.68
203823,P0021,2,30.5,61.0
203824,P0016,1,10.56,10.56
203824,P0015,1,58.92,58.92
203824,P0007,1,22.54,22.54
203825,P0039,2,65.27,130.54
203825,P0025,1,39.83,39.83
203825,P0017,1,8.87,8.87
203826,P0032,2,59.43,118.86
203826,P0013,2,55.3,110.6
203827,P0003,1,49.98,49.98
203827,P0032,1,55.9,55.9
203827,P0004,1,26.21,26.21
203828,P0025,2,35.08,70.16
203829,P0019,2,48.69,97.38
203830,P0004,2,26.1,52.2
203830,P0003,1,48.04,48.04
203830,P0004,2,24.85,49.7
203831,P0004,1,26.1,26.1
203831,P0006,2,42.33,84.66
203831,P0038,2,52.34,104.68
203832,P0021,1,27.39,27.39
203832,P0012,1,41.05,41.05
203832,P0031,1,25.87,25.87
203833,P0012,2,44.25,88.5
203833,P0030,1,76.81,76.81
203833,P0007,1,22.88,22.88
203834,P0006,1,49.6,49.6
203834,P0004,1,24.51,24.51
203834,P0011,1,76.85,76.85
203835,P0040,2,77.83,155.66
203835,P0012,1,40.05,40.05
203836,P0019,2,51.97,103.94
203837,P0003,1,52.28,52.28
203838,P0006,1,48.4,48.4
203839,P0032,1,64.13,64.13
203839,P0001,2,34.02,68.04
203840,P0004,1,26.82,26.82
203841,P0028,1,19.56,19.56
203841,P0004,2,26.51,53.02
203842,P0030,1,68.9,68.9
203842,P0003,2,50.99,101.98
203842,P0009,1,62.74,62.74
203843,P0001,2,29.73,59.46
203844,P0032,2,64.05,128.1
203844,P0028,2,17.67,35.34
203845,P0032,1,57.65,57.65
203846,P0027,1,29.87,29.87
203846,P0031,1,21.91,21.91
203846,P0018,1,46.26,46.26
203847,P0010,1,67.48,67.48
203847,P0016,1,10.2,10.2
203848,P0031,2,26.33,52.66
203848,P0003,2,52.4,104.8
203849,P0002,1,44.08,44.08
203849,P0020,2,53.6,107.2
203849,P0040,1,81.2,81.2
203850,P0007,2,23.76,47.52
203851,P0004,2,24.53,49.06
203851,P0026,2,12.61,25.22
203851,P0007,1,24.47,24.47
203852,P0004,1,23.47,23.47
203852,P0028,2,20.06,40.12
203852,P0024,2,49.8,99.6
203853,P0011,1,76.32,76.32
203854,P0004,2,23.54,47.08
203854,P0034,2,42.3,84.6
203855,P0036,1,23.72,23.72
203855,P0005,1,47.94,47.94
203856,P0026,1,12.71,12.71
203856,P0030,2,74.62,149.24
203856,P0026,2,11.8,23.6
203857,P0022,2,65.54,131.08
203858,P0037,2,31.92,63.84
203859,P0038,2,56.76,113.52
203859,P0001,1,32.16,32.16
203860,P0039,1,65.07,65.07
203860,P0033,1,18.12,18.12
203860,P0025,2,33.31,66.62
203861,P0019,2,54.14,108.28
203861,P0035,2,51.7,103.4
203862,P0034,2,43.46,86.92
203863,P0026,1,13.51,13.51
203864,P0003,1,46.51,46.51
203865,P0037,1,30.65,30.65
203865,P0025,2,37.6,75.2
203865,P0015,2,54.84,109.68
203866,P0009,2,60.02,120.04
203866,P0028,1,17.57,17.57
203866,P0007,2,26.25,52.5
203867,P0038,2,53.8,107.6
203868,P0038,1,58.98,58.98
203869,P0018,1,50.19,50.19
203870,P0003,2,50.26,100.52
203870,P0040,1,69.33,69.33
203870,P0032,2,53.35,106.7
203871,P0026,2,11.48,22.96
203871,P0034,2,44.88,89.76
203872,P0018,2,42.84,85.68
203873,P0001,1,34.41,34.41
203874,P0006,2,45.45,90.9
203874,P0008,1,53.48,53.48
203875,P0005,2,42.49,84.98
203875,P0035,1,48.27,48.27
203875,P0013,1,52.36,52.36
203876,P0019,2,50.0,100.0
203876,P0019,1,52.82,52.82
203876,P0008,2,46.53,93.06
203877,P0001,2,34.29,68.58
203878,P0020,2,47.24,94.48
203879,P0024,1,46.9,46.9
203879,P0026,1,13.15,13.15
203880,P0031,2,24.27,48.54
203881,P0020,2,51.78,103.56
203881,P0011,1,77.91,77.91
203881,P0024,1,49.47,49.47
203882,P0031,2,23.88,47.76
203882,P0015,2,60.03,120.06
203882,P0010,2,71.4,142.8
203883,P0024,2,49.73,99.46
203884,P0025,1,40.57,40.57
203884,P0004,2,27.33,54.66
203884,P0025,2,36.81,73.62
203885,P0030,1,72.59,72.59
203885,P0023,1,74.4,74.4
203886,P0028,1,19.65,19.65
203887,P0026,2,13.38,26.76
203887,P0013,1,55.04,55.04
203887,P0019,1,46.84,46.84
203888,P0002,1,42.13,42.13
203889,P0023,2,67.52,135.04
203889,P0010,1,60.13,60.13
203889,P0040,1,66.49,66.49
203890,P0033,2,19.39,38.78
203891,P0015,2,54.83,109.66
203891,P0011,1,76.97,76.97
203892,P0007,1,24.56,24.56
203892,P0025,1,40.25,40.25
203892,P0018,1,45.18,45.18
203893,P0032,2,56.46,112.92
203894,P0012,2,42.0,84.0
203894,P0033,1,16.69,16.69
203895,P0005,1,47.96,47.96
203895,P0004,2,24.88,49.76
203895,P0004,2,27.12,54.24
203896,P0018,1,46.93,46.93
203896,P0013,2,54.4,108.8
203896,P0025,1,34.76,34.76
203897,P0039,1,71.95,71.95
203898,P0027,2,29.99,59.98
203899,P0032,1,53.05,53.05
203899,P0007,1,23.51,23.51
203899,P0023,2,67.84,135.68
203900,P0035,2,50.17,100.34
203900,P0016,1,9.68,9.68
203900,P0022,1,64.79,64.79
203901,P0015,2,56.82,113.64
203901,P0037,2,28.78,57.56
203902,P0037,1,31.87,31.87
203902,P0033,1,16.09,16.09
203903,P0034,2,38.86,77.72
203903,P0008,1,54.27,54.27
203903,P0035,1,56.31,56.31
203904,P0005,2,48.23,96.46
203905,P0035,2,48.49,96.98
203905,P0036,1,27.1,27.1
203906,P0037,1,30.73,30.73
203907,P0015,2,52.62,105.24
203908,P0031,2,24.04,48.08
203909,P0001,1,35.45,35.45
203909,P0024,1,42.72,42.72
203910,P0031,2,25.98,51.96
203911,P0009,1,57.38,57.38
203912,P0002,1,45.42,45.42
203912,P0017,1,10.0,10.0
203912,P0024,1,48.62,48.62
203913,P0011,1,73.57,73.57
203913,P0009,2,65.25,130.5
203914,P0037,1,28.13,28.13
203914,P0032,1,61.65,61.65
203915,P0003,1,49.85,49.85
203915,P0010,2,67.52,135.04
203916,P0017,1,10.16,10.16
203917,P0040,1,70.44,70.44
203917,P0002,2,39.73,79.46
203918,P0025,1,38.29,38.29
203918,P0026,2,12.2,24.4
203919,P0009,2,67.01,134.02
203919,P0024,2,45.06,90.12
203919,P0006,1,48.64,48.64
203920,P0008,2,45.55,91.1
203920,P0032,2,57.67,115.34
203920,P0039,2,77.3,154.6
203921,P0033,1,15.98,15.98
203921,P0035,1,52.7,52.7
203921,P0038,1,53.17,53.17
203922,P0007,1,25.73,25.73
203922,P0009,2,67.0,134.0
203922,P0025,2,39.78,79.56
203923,P0005,2,48.16,96.32
203923,P0040,1,75.27,75.27
203923,P0026,2,13.72,27.44
203924,P0034,2,39.74,79.48
203924,P0021,2,25.85,51.7
203925,P0007,2,22.59,45.18
203925,P0038,2,54.11,108.22
203925,P0007,2,25.83,51.66
203926,P0036,2,26.39,52.78
203926,P0020,2,52.92,105.84
203927,P0038,1,48.92,48.92
203927,P0008,2,48.6,97.2
203928,P0010,1,69.89,69.89
203929,P0038,2,58.68,117.36
203929,P0023,1,73.43,73.43
203929,P0001,2,30.9,61.8
203930,P0013,1,54.0,54.0
203931,P0039,2,74.46,148.92
203931,P0008,2,53.42,106.84
203932,P0024,2,47.01,94.02
203932,P0003,2,50.55,101.1
203933,P0008,2,49.67,99.34
203933,P0004,1,23.15,23.15
203934,P0024,2,46.98,93.96
203934,P0031,1,25.85,25.85
203935,P0002,2,42.64,85.28
203936,P0009,2,64.12,128.24
203936,P0034,1,40.81,40.81
203937,P0008,1,48.27,48.27
203937,P0001,2,29.39,58.78
203937,P0007,2,23.88,47.76
203938,P0001,2,29.71,59.42
203939,P0032,1,56.03,56.03
203940,P0023,2,76.27,152.54
203941,P0014,1,74.12,74.12
203941,P0025,2,38.53,77.06
203941,P0021,1,30.06,30.06
203942,P0038,1,55.55,55.55
203943,P0021,2,27.29,54.58
203943,P0032,2,53.26,106.52
203943,P0011,2,69.53,139.06
203944,P0017,2,9.62,19.24
203945,P0036,1,23.1,23.1
203945,P0002,2,44.28,88.56
203946,P0040,1,77.11,77.11
203947,P0039,2,67.86,135.72
203947,P0015,1,57.28,57.28
203947,P0039,1,76.41,76.41
203948,P0013,2,56.58,113.16
203948,P0022,1,60.12,60.12
203948,P0012,2,43.53,87.06
203949,P0011,2,81.85,163.7
203949,P0031,1,26.2,26.2
203950,P0004,1,24.11,24.11
203951,P0027,1,31.22,31.22
203951,P0031,2,25.48,50.96
203952,P0037,2,27.83,55.66
203952,P0004,2,23.41,46.82
203953,P0027,2,33.02,66.04
203953,P0024,1,44.57,44.57
203954,P0040,2,77.87,155.74
203955,P0039,2,67.13,134.26
203955,P0021,2,28.94,57.88
203955,P0019,1,52.53,52.53
203956,P0011,1,80.94,80.94
203956,P0016,2,9.7,19.4
203956,P0036,2,25.74,51.48
203957,P0013,2,56.76,113.52
203958,P0015,1,59.96,59.96
203958,P0035,2,52.88,105.76
203959,P0002,2,45.95,91.9
203959,P0009,2,61.2,122.4
203959,P0030,1,77.23,77.23
203960,P0013,2,51.25,102.5
203960,P0019,1,48.33,48.33
203961,P0032,1,56.34,56.34
203961,P0003,1,52.61,52.61
203961,P0030,2,76.24,152.48
203962,P0020,2,48.1,96.2
203963,P0011,2,82.22,164.44
203963,P0023,1,67.58,67.58
203964,P0040,1,66.71,66.71
203964,P0032,2,57.3,114.6
203964,P0007,1,24.71,24.71
203965,P0010,1,66.18,66.18
203966,P0040,2,81.48,162.96
203967,P0024,2,51.95,103.9
203968,P0015,2,59.16,118.32
203968,P0030,2,78.97,157.94
203968,P0030,2,78.75,157.5
203969,P0029,2,49.71,99.42
203969,P0006,1,47.43,47.43
203970,P0038,2,48.93,97.86
203971,P0014,2,78.84,157.68
203971,P0027,2,34.56,69.12
203971,P0006,1,43.0,43.0
203972,P0033,1,18.65,18.65
203972,P0036,1,27.74,27.74
203973,P0005,1,39.81,39.81
203974,P0007,2,24.17,48.34
203975,P0013,2,58.39,116.78
203975,P0001,2,30.23,60.46
203976,P0013,1,52.61,52.61
203977,P0034,1,38.64,38.64
203977,P0010,2,69.94,139.88
203978,P0039,1,78.05,78.05
203978,P0012,2,39.57,79.14
203979,P0027,1,29.87,29.87
203980,P0036,2,27.52,55.04
203980,P0022,2,62.69,125.38
203981,P0028,2,18.98,37.96
203981,P0016,2,9.97,19.94
203982,P0021,2,29.82,59.64
203983,P0010,1,60.72,60.72
203983,P0013,1,54.35,54.35
203983,P0016,1,9.12,9.12
203984,P0026,2,12.75,25.5
203984,P0002,1,45.38,45.38
203984,P0027,1,34.28,34.28
203985,P0011,1,73.03,73.03
203985,P0033,1,18.42,18.42
203985,P0014,2,67.16,134.32
203986,P0005,2,47.09,94.18
203987,P0006,1,49.78,49.78
203987,P0016,2,9.08,18.16
203987,P0031,1,26.37,26.37
203988,P0030,2,67.02,134.04
203988,P0036,1,27.65,27.65
203988,P0015,1,58.05,58.05
203989,P0026,2,12.91,25.82
203990,P0003,2,45.14,90.28
203990,P0027,1,34.23,34.23
203991,P0027,1,33.87,33.87
203991,P0020,1,48.84,48.84
203991,P0030,1,78.39,78.39
203992,P0036,1,27.45,27.45
203992,P0002,1,46.12,46.12
203992,P0040,1,76.76,76.76
203993,P0011,1,70.32,70.32
203993,P0030,2,68.75,137.5
203994,P0028,1,18.06,18.06
203995,P0030,2,73.71,147.42
203995,P0026,2,11.62,23.24
203995,P0037,1,30.31,30.31
203996,P0033,1,16.74,16.74
203997,P0018,1,50.24,50.24
203997,P0036,2,23.65,47.3
203998,P0025,2,36.92,73.84
203999,P0034,2,42.22,84.44
204000,P0022,1,66.78,66.78
204001,P0005,2,41.08,82.16
204001,P0008,2,53.0,106.0
204002,P0025,1,39.52,39.52
204002,P0003,2,54.27,108.54
204002,P0027,2,33.28,66.56
204003,P0036,1,27.36,27.36
204003,P0017,2,10.31,20.62
204004,P0005,2,46.53,93.06
204004,P0037,1,31.57,31.57
204005,P0027,1,28.95,28.95
204006,P0038,2,56.03,112.06
204006,P0022,2,56.22,112.44
204006,P0031,2,22.97,45.94
204007,P0026,1,11.98,11.98
204007,P0010,1,59.97,59.97
204007,P0030,1,65.15,65.15
204008,P0001,2,31.89,63.78
204008,P0005,1,40.1,40.1
204008,P0009,2,59.58,119.16
204009,P0021,1,27.16,27.16
204009,P0011,2,81.64,163.28
204010,P0030,1,69.09,69.09
204010,P0008,2,53.69,107.38
204011,P0027,2,32.84,65.68
204012,P0013,1,48.83,48.83
204012,P0038,1,52.56,52.56
204012,P0024,1,42.87,42.87
204013,P0016,1,10.64,10.64
204014,P0033,1,18.49,18.49
204014,P0012,2,39.29,78.58
204015,P0015,1,60.05,60.05
204015,P0040,2,73.69,147.38
204016,P0005,2,43.14,86.28
204017,P0008,2,53.66,107.32
204017,P0031,2,24.97,49.94
204017,P0006,1,44.79,44.79
204018,P0022,2,66.94,133.88
204019,P0008,1,55.21,55.21
204020,P0037,2,27.58,55.16
204020,P0010,2,58.68,117.36
204020,P0037,2,29.17,58.34
204021,P0040,2,69.06,138.12
204021,P0022,2,60.5,121.0
204021,P0012,2,47.61,95.22
204022,P0015,2,51.35,102.7
204022,P0040,1,79.58,79.58
204023,P0016,1,9.47,9.47
204023,P0008,1,51.92,51.92
204023,P0009,1,64.67,64.67
204024,P0010,1,71.67,71.67
204025,P0021,2,31.41,62.82
204025,P0031,1,26.16,26.16
204026,P0003,1,48.0,48.0
204027,P0014,1,72.82,72.82
204027,P0010,2,68.86,137.72
204028,P0037,1,31.85,31.85
204028,P0026,1,11.83,11.83
204028,P0008,1,46.69,46.69
204029,P0019,1,47.49,47.49
204029,P0029,1,56.01,56.01
204030,P0032,1,62.0,62.0
204030,P0016,1,9.87,9.87
204030,P0011,2,82.32,164.64
204031,P0002,2,42.1,84.2
204031,P0002,2,45.66,91.32
204031,P0034,2,42.84,85.68
204032,P0029,1,55.27,55.27
204032,P0030,1,75.06,75.06
204033,P0015,1,61.76,61.76
204033,P0020,1,52.76,52.76
204034,P0040,2,79.12,158.24
204034,P0019,1,53.87,53.87
204034,P0024,1,48.52,48.52
204035,P0013,1,52.69,52.69
204035,P0025,1,34.11,34.11
204036,P0020,1,45.76,45.76
204036,P0024,2,49.99,99.98
204036,P0004,2,25.08,50.16
204037,P0018,2,49.73,99.46
204037,P0022,2,64.25,128.5
204037,P0019,2,47.38,94.76
204038,P0009,2,64.66,129.32
204039,P0006,2,45.07,90.14
204039,P0024,1,46.31,46.31
204039,P0016,2,9.75,19.5
204040,P0002,2,42.57,85.14
204040,P0010,2,62.09,124.18
204040,P0006,2,43.85,87.7
204041,P0009,2,65.94,131.88
204041,P0025,2,35.94,71.88
204041,P0020,1,46.72,46.72
204042,P0017,2,9.03,18.06
204043,P0024,1,47.74,47.74
204043,P0012,1,44.5,44.5
204043,P0025,2,36.13,72.26
204044,P0016,1,9.17,9.17
204045,P0026,2,12.3,24.6
204045,P0001,1,31.64,31.64
204046,P0036,2,26.8,53.6
204046,P0013,1,48.13,48.13
204046,P0011,2,74.23,148.46
204047,P0015,1,59.46,59.46
204048,P0029,2,50.51,101.02
204049,P0022,2,57.27,114.54
204049,P0009,2,59.06,118.12
204049,P0029,2,53.46,106.92
204050,P0010,2,67.45,134.9
204050,P0024,1,51.9,51.9
204050,P0039,2,72.91,145.82
204051,P0004,2,25.5,51.0
204051,P0027,2,31.47,62.94
204051,P0016,1,9.82,9.82
204052,P0021,1,29.0,29.0
204052,P0017,1,8.67,8.67
204052,P0024,2,44.66,89.32
204053,P0028,2,18.15,36.3
204053,P0040,2,75.87,151.74
204053,P0012,2,42.24,84.48
204054,P0001,1,32.65,32.65
204055,P0015,1,55.21,55.21
204055,P0031,2,23.78,47.56
204055,P0012,2,39.59,79.18
204056,P0035,2,47.84,95.68
204057,P0003,1,55.37,55.37
204057,P0032,2,54.96,109.92
204057,P0017,2,10.53,21.06
204058,P0005,2,49.0,98.0
204058,P0009,1,64.88,64.88
204059,P0040,1,70.15,70.15
204059,P0001,1,32.43,32.43
204059,P0033,1,18.99,18.99
204060,P0038,1,57.09,57.09
204061,P0001,1,32.59,32.59
204061,P0030,1,79.55,79.55
204062,P0032,1,59.21,59.21
204063,P0036,2,27.78,55.56
204063,P0019,2,53.64,107.28
204064,P0027,1,33.04,33.04
204064,P0029,1,54.81,54.81
204065,P0016,2,9.23,18.46
204065,P0031,1,24.62,24.62
204066,P0012,2,39.3,78.6
204066,P0032,1,55.39,55.39
204067,P0020,2,51.25,102.5
204068,P0025,2,39.3,78.6
204068,P0003,2,45.7,91.4
204068,P0020,2,52.73,105.46
204069,P0020,1,53.77,53.77
204069,P0027,2,33.79,67.58
204070,P0001,1,30.12,30.12
204071,P0018,1,45.1,45.1
204071,P0017,2,9.8,19.6
204071,P0038,2,51.75,103.5
204072,P0037,2,27.46,54.92
204072,P0035,2,50.95,101.9
204072,P0022,2,65.3,130.6
204073,P0037,1,28.94,28.94
204073,P0008,1,47.83,47.83
204073,P0026,2,13.41,26.82
204074,P0040,1,71.46,71.46
204074,P0031,1,23.21,23.21
204074,P0005,2,45.88,91.76
204075,P0018,1,50.92,50.92
204075,P0006,2,44.56,89.12
204076,P0036,2,25.72,51.44
204076,P0018,1,49.11,49.11
204077,P0036,1,27.48,27.48
204077,P0026,2,11.71,23.42
204078,P0034,1,39.98,39.98
204078,P0032,1,52.83,52.83
204078,P0013,2,56.58,113.16
204079,P0034,2,44.05,88.1
204079,P0016,2,10.31,20.62
204079,P0022,2,57.6,115.2
204080,P0006,2,48.73,97.46
204080,P0004,1,23.58,23.58
204080,P0005,1,43.95,43.95
204081,P0027,2,30.43,60.86
204081,P0025,1,35.32,35.32
204081,P0034,2,46.54,93.08
204082,P0037,1,29.51,29.51
204083,P0005,2,40.02,80.04
204083,P0027,1,29.19,29.19
204083,P0025,2,39.82,79.64
204084,P0006,1,49.14,49.14
204084,P0008,2,46.45,92.9
204084,P0022,2,67.49,134.98
204085,P0019,2,55.96,111.92
204085,P0023,1,72.42,72.42
204086,P0006,2,41.69,83.38
204087,P0002,2,44.92,89.84
204087,P0014,1,72.98,72.98
204088,P0038,2,57.08,114.16
204088,P0032,2,62.42,124.84
204088,P0032,1,52.36,52.36
204089,P0026,1,12.87,12.87
204089,P0026,2,11.8,23.6
204089,P0039,1,69.79,69.79
204090,P0020,2,44.75,89.5
204091,P0002,1,40.53,40.53
204091,P0029,2,53.25,106.5
204091,P0002,2,45.11,90.22
204092,P0038,2,49.01,98.02
204092,P0038,2,52.08,104.16
204092,P0012,2,45.28,90.56
204093,P0029,1,57.06,57.06
204094,P0011,1,72.96,72.96
204094,P0023,2,66.18,132.36
204094,P0021,2,28.89,57.78
204095,P0039,2,77.44,154.88
204096,P0005,1,43.6,43.6
204096,P0008,1,46.67,46.67
204096,P0021,1,29.7,29.7
204097,P0028,2,20.87,41.74
204097,P0026,1,14.01,14.01
204097,P0005,1,41.15,41.15
204098,P0005,2,41.4,82.8
204098,P0023,2,68.66,137.32
204099,P0007,2,23.51,47.02
204099,P0009,1,66.76,66.76
204100,P0013,1,52.0,52.0
204101,P0003,2,49.52,99.04
204102,P0023,2,78.76,157.52
204102,P0034,2,44.78,89.56
204102,P0037,2,31.53,63.06
204103,P0030,2,78.37,156.74
204103,P0021,1,27.39,27.39
204103,P0009,1,62.41,62.41
204104,P0017,1,10.02,10.02
204104,P0015,2,55.22,110.44
204105,P0029,2,58.07,116.14
204105,P0028,2,18.22,36.44
204106,P0019,2,50.66,101.32
204106,P0018,1,46.73,46.73
204106,P0018,1,50.23,50.23
204107,P0031,1,25.91,25.91
204107,P0022,1,61.95,61.95
204108,P0015,2,52.26,104.52
204108,P0036,2,24.39,48.78
204108,P0004,1,27.32,27.32
204109,P0033,2,18.85,37.7
204109,P0016,2,8.82,17.64
204110,P0016,1,10.57,10.57
204111,P0030,1,71.89,71.89
204112,P0028,1,18.46,18.46
204113,P0013,2,53.32,106.64
204114,P0004,1,24.31,24.31
204114,P0004,1,23.34,23.34
204114,P0039,1,78.02,78.02
204115,P0008,2,49.34,98.68
204115,P0012,1,47.63,47.63
204116,P0001,1,32.81,32.81
204116,P0035,1,55.47,55.47
204116,P0038,2,57.34,114.68
204117,P0039,1,72.88,72.88
204117,P0020,1,49.62,49.62
204118,P0014,2,71.85,143.7
204118,P0018,2,48.66,97.32
204119,P0035,2,57.23,114.46
204120,P0035,2,54.94,109.88
204120,P0027,2,32.02,64.04
204120,P0014,2,69.17,138.34
204121,P0004,1,25.68,25.68
204121,P0036,2,26.88,53.76
204121,P0025,1,33.34,33.34
204122,P0015,2,57.87,115.74
204122,P0040,1,78.04,78.04
204123,P0006,2,48.11,96.22
204123,P0007,1,25.68,25.68
204123,P0033,2,17.75,35.5
204124,P0016,2,9.58,19.16
204124,P0002,1,40.58,40.58
204125,P0023,1,73.49,73.49
204125,P0002,2,42.58,85.16
204125,P0039,1,69.85,69.85
204126,P0008,1,55.4,55.4
204126,P0018,1,43.69,43.69
204126,P0024,2,48.93,97.86
204127,P0017,2,9.02,18.04
204127,P0038,1,54.47,54.47
204127,P0015,2,54.91,109.82
204128,P0026,1,13.9,13.9
204129,P0016,2,9.44,18.88
204130,P0011,1,76.4,76.4
204131,P0019,1,54.26,54.26
204131,P0015,2,57.77,115.54
204132,P0003,1,54.97,54.97
204132,P0037,1,28.65,28.65
204133,P0018,2,49.1,98.2
204134,P0007,2,24.95,49.9
204134,P0025,1,33.88,33.88
204134,P0006,2,46.51,93.02
204135,P0003,1,54.48,54.48
204135,P0008,1,48.83,48.83
204135,P0032,1,63.53,63.53
204136,P0023,1,73.63,73.63
204137,P0038,2,52.51,105.02
204137,P0040,1,71.66,71.66
204138,P0002,1,41.14,41.14
204139,P0034,2,45.36,90.72
204139,P0035,1,52.94,52.94
204139,P0027,1,34.24,34.24
204140,P0017,2,10.24,20.48
204140,P0018,2,49.55,99.1
204140,P0008,1,51.28,51.28
204141,P0029,2,51.0,102.0
204142,P0030,2,77.01,154.02
204142,P0030,2,72.59,145.18
204143,P0024,2,49.14,98.28
204143,P0003,2,45.46,90.92
204144,P0017,2,8.66,17.32
204145,P0017,1,9.43,9.43
204145,P0039,2,70.42,140.84
204146,P0025,2,37.56,75.12
204146,P0012,1,40.7,40.7
204146,P0031,1,22.12,22.12
204147,P0036,1,23.28,23.28
204148,P0011,1,77.0,77.0
204149,P0011,2,82.87,165.74
204149,P0007,1,26.39,26.39
204150,P0023,2,73.99,147.98
204151,P0029,2,55.77,111.54
204151,P0011,1,76.3,76.3
204152,P0012,1,42.14,42.14
204153,P0019,1,54.02,54.02
204153,P0018,1,43.63,43.63
204154,P0017,1,10.19,10.19
204155,P0023,2,73.56,147.12
204155,P0037,1,29.58,29.58
204156,P0004,1,27.21,27.21
204157,P0003,2,47.43,94.86
204157,P0039,1,67.92,67.92
204157,P0029,1,55.28,55.28
204158,P0008,2,51.33,102.66
204158,P0034,1,42.68,42.68
204159,P0007,2,25.73,51.46
204159,P0020,1,49.13,49.13
204159,P0035,1,57.27,57.27
204160,P0014,1,77.27,77.27
204160,P0003,2,55.03,110.06
204161,P0014,2,74.9,149.8
204161,P0038,1,50.33,50.33
204162,P0002,2,43.59,87.18
204163,P0015,2,53.41,106.82
204163,P0027,2,31.53,63.06
204164,P0016,2,10.53,21.06
204165,P0009,1,62.77,62.77
204165,P0005,1,47.02,47.02
204165,P0005,2,41.82,83.64
204166,P0022,2,57.98,115.96
204167,P0029,1,48.07,48.07
204167,P0039,2,72.73,145.46
204167,P0028,1,18.15,18.15
204168,P0021,2,26.01,52.02
204168,P0008,1,48.86,48.86
204168,P0010,2,59.57,119.14
204169,P0013,1,48.48,48.48
204169,P0028,2,19.0,38.0
204169,P0004,1,26.98,26.98
204170,P0011,1,72.82,72.82
204171,P0018,2,43.3,86.6
204171,P0032,1,60.34,60.34
204171,P0024,1,45.15,45.15
204172,P0014,1,70.91,70.91
204172,P0029,2,53.93,107.86
204173,P0019,1,53.91,53.91
204173,P0005,2,48.75,97.5
204173,P0003,2,54.5,109.0
204174,P0037,2,28.54,57.08
204174,P0005,2,44.91,89.82
204175,P0032,2,61.07,122.14
204175,P0027,1,29.71,29.71
204176,P0037,2,27.83,55.66
204176,P0022,1,63.82,63.82
204177,P0033,2,18.16,36.32
204177,P0030,1,79.74,79.74
204177,P0012,1,43.47,43.47
204178,P0024,2,50.42,100.84
204178,P0037,2,33.17,66.34
204178,P0024,1,47.51,47.51
204179,P0002,1,44.76,44.76
204179,P0022,2,57.16,114.32
204179,P0040,2,66.76,133.52
204180,P0031,2,24.76,49.52
204180,P0019,1,46.8,46.8
204181,P0008,2,48.82,97.64
204182,P0027,2,29.6,59.2
204183,P0002,2,44.36,88.72
204183,P0003,2,48.11,96.22
204184,P0003,1,46.28,46.28
204185,P0018,1,41.78,41.78
204185,P0028,1,18.27,18.27
204186,P0018,1,44.48,44.48
204186,P0028,2,20.21,40.42
204187,P0004,2,24.98,49.96
204188,P0028,2,21.43,42.86
204189,P0037,1,32.69,32.69
204190,P0016,2,10.29,20.58
204191,P0011,2,68.57,137.14
204191,P0026,2,11.62,23.24
204191,P0018,1,43.68,43.68
204192,P0018,1,51.28,51.28
204193,P0038,2,57.77,115.54
204193,P0018,2,48.78,97.56
204194,P0032,1,54.86,54.86
204195,P0001,1,29.16,29.16
204195,P0012,2,40.94,81.88
204195,P0034,2,44.25,88.5
204196,P0026,2,12.59,25.18
204197,P0005,1,40.79,40.79
204198,P0009,2,62.31,124.62
204199,P0004,1,23.87,23.87
204199,P0001,2,34.2,68.4
204199,P0006,2,42.69,85.38
204200,P0021,1,31.01,31.01
204200,P0039,2,73.54,147.08
204200,P0028,1,17.86,17.86
204201,P0005,1,39.79,39.79
204202,P0011,2,76.2,152.4
204203,P0016,1,9.87,9.87
204204,P0020,1,46.72,46.72
204205,P0023,2,66.94,133.88
204206,P0017,2,10.12,20.24
204206,P0007,1,23.99,23.99
204207,P0025,1,34.75,34.75
204207,P0028,2,20.61,41.22
204208,P0017,2,9.96,19.92
204208,P0036,1,24.41,24.41
204208,P0013,2,52.81,105.62
204209,P0011,1,72.82,72.82
204209,P0018,1,47.32,47.32
204209,P0037,2,28.84,57.68
204210,P0006,2,47.42,94.84
204210,P0018,2,42.44,84.88
204211,P0030,2,67.11,134.22
204211,P0027,1,32.03,32.03
204211,P0036,2,23.24,46.48
204212,P0003,1,51.99,51.99
204212,P0008,2,52.44,104.88
204212,P0039,1,71.94,71.94
204213,P0015,1,56.24,56.24
204213,P0036,2,27.12,54.24
204213,P0015,1,52.69,52.69
204214,P0024,2,49.7,99.4
204214,P0023,2,72.31,144.62
204215,P0006,1,45.52,45.52
204215,P0038,1,53.36,53.36
204215,P0039,1,75.56,75.56
204216,P0027,1,32.19,32.19
204217,P0001,1,34.74,34.74
204218,P0015,2,54.78,109.56
204218,P0006,2,46.63,93.26
204218,P0036,1,26.99,26.99
204219,P0034,1,43.06,43.06
204220,P0039,2,76.03,152.06
204220,P0016,2,10.66,21.32
204220,P0011,2,79.79,159.58
204221,P0018,1,45.53,45.53
204222,P0026,1,12.3,12.3
204223,P0011,2,70.57,141.14
204223,P0008,2,51.03,102.06
204224,P0037,2,29.19,58.38
204224,P0023,2,72.08,144.16
204224,P0018,2,41.78,83.56
204225,P0015,2,60.76,121.52
204226,P0036,2,25.75,51.5
204226,P0020,1,51.65,51.65
204226,P0039,1,77.45,77.45
204227,P0034,1,43.22,43.22
204228,P0011,2,81.02,162.04
204228,P0033,1,17.55,17.55
204228,P0028,2,18.05,36.1
204229,P0036,2,22.84,45.68
204230,P0036,1,25.0,25.0
204230,P0005,2,41.48,82.96
204230,P0038,2,48.43,96.86
204231,P0022,1,56.69,56.69
204231,P0021,2,31.73,63.46
204232,P0022,2,59.42,118.84
204232,P0040,2,67.43,134.86
204233,P0034,2,40.99,81.98
204234,P0014,2,72.12,144.24
204234,P0032,2,62.71,125.42
204235,P0026,2,14.04,28.08
204235,P0010,2,63.06,126.12
204235,P0035,1,54.08,54.08
204236,P0034,2,46.36,92.72
204236,P0038,1,54.35,54.35
204237,P0030,2,78.46,156.92
204238,P0007,2,26.13,52.26
204238,P0007,1,23.13,23.13
204238,P0018,1,50.79,50.79
204239,P0008,2,52.57,105.14
204239,P0013,2,57.03,114.06
204240,P0009,2,62.4,124.8
204240,P0008,1,50.32,50.32
204240,P0019,2,50.41,100.82
204241,P0025,1,39.58,39.58
204242,P0031,2,24.42,48.84
204243,P0015,1,59.84,59.84
204244,P0005,2,40.33,80.66
204244,P0020,2,46.87,93.74
204244,P0015,1,60.28,60.28
204245,P0016,1,9.29,9.29
204245,P0008,2,51.36,102.72
204246,P0019,1,49.45,49.45
204246,P0012,1,48.21,48.21
204247,P0018,2,47.97,95.94
204247,P0037,2,31.46,62.92
204248,P0037,1,33.36,33.36
204248,P0029,2,52.74,105.48
204249,P0037,1,29.83,29.83
204249,P0040,1,72.55,72.55
204249,P0036,2,23.47,46.94
204250,P0038,2,56.33,112.66
204250,P0029,2,53.93,107.86
204250,P0030,1,74.93,74.93
204251,P0007,1,25.24,25.24
204251,P0005,2,43.0,86.0
204251,P0039,2,77.61,155.22
204252,P0036,2,26.56,53.12
204252,P0012,2,42.96,85.92
204252,P0029,1,56.44,56.44
204253,P0025,2,39.14,78.28
204253,P0035,2,55.29,110.58
204253,P0027,1,31.84,31.84
204254,P0004,1,25.73,25.73
204254,P0006,1,44.53,44.53
204254,P0012,2,44.43,88.86
204255,P0009,2,58.4,116.8
204255,P0037,2,30.36,60.72
204255,P0024,2,51.78,103.56
204256,P0035,1,54.44,54.44
204256,P0039,1,77.08,77.08
204257,P0005,2,41.42,82.84
204258,P0021,2,26.36,52.72
204258,P0017,2,9.22,18.44
204259,P0013,1,47.59,47.59
204259,P0032,1,52.8,52.8
204259,P0025,2,36.86,73.72
204260,P0012,2,47.06,94.12
204261,P0010,2,62.88,125.76
204261,P0016,2,9.36,18.72
204262,P0032,1,56.31,56.31
204262,P0033,2,18.18,36.36
204262,P0016,2,9.04,18.08
204263,P0016,2,10.21,20.42
204263,P0012,1,41.61,41.61
204263,P0035,1,53.89,53.89
204264,P0021,2,26.57,53.14
204264,P0024,1,45.0,45.0
204264,P0036,1,25.77,25.77
204265,P0003,1,52.49,52.49
204265,P0029,2,48.02,96.04
204265,P0004,1,24.36,24.36
204266,P0037,1,29.03,29.03
204266,P0016,2,10.16,20.32
204266,P0030,1,77.48,77.48
204267,P0001,1,30.98,30.98
204267,P0036,2,27.9,55.8
204268,P0037,2,27.45,54.9
204268,P0001,2,33.98,67.96
204269,P0039,1,74.03,74.03
204270,P0032,2,58.67,117.34
204271,P0008,1,49.04,49.04
204272,P0012,2,47.47,94.94
204272,P0019,1,51.45,51.45
204272,P0002,1,39.66,39.66
204273,P0033,2,19.21,38.42
204273,P0030,2,76.69,153.38
204274,P0001,2,30.56,61.12
204274,P0020,1,48.4,48.4
204275,P0025,2,33.86,67.72
204276,P0029,2,53.64,107.28
204277,P0005,1,47.44,47.44
204277,P0032,2,52.96,105.92
204277,P0024,2,49.7,99.4
204278,P0018,2,51.35,102.7
204279,P0008,2,46.17,92.34
204279,P0010,2,59.49,118.98
204279,P0009,2,61.86,123.72
204280,P0020,2,46.98,93.96
204280,P0033,2,19.05,38.1
204280,P0015,2,50.9,101.8
204281,P0040,1,81.48,81.48
204281,P0005,2,42.61,85.22
204281,P0006,2,43.84,87.68
204282,P0027,2,34.74,69.48
204282,P0013,1,57.94,57.94
204283,P0001,2,33.66,67.32
204284,P0022,2,64.94,129.88
204284,P0025,2,34.13,68.26
204284,P0033,1,16.23,16.23
204285,P0031,1,22.39,22.39
204286,P0014,2,72.53,145.06
204287,P0028,1,18.07,18.07
204288,P0030,2,75.6,151.2
204289,P0004,2,22.98,45.96
204289,P0031,2,22.79,45.58
204290,P0006,1,43.54,43.54
204290,P0034,1,40.5,40.5
204291,P0026,1,12.35,12.35
204292,P0028,2,21.17,42.34
204292,P0017,1,10.41,10.41
204293,P0010,2,65.69,131.38
204293,P0029,2,57.5,115.0
204293,P0025,1,33.03,33.03
204294,P0007,2,24.37,48.74
204295,P0035,1,51.45,51.45
204295,P0032,1,62.12,62.12
204295,P0004,2,24.21,48.42
204296,P0001,2,29.42,58.84
204296,P0025,2,37.98,75.96
204296,P0021,2,26.39,52.78
204297,P0038,2,50.18,100.36
204297,P0011,1,78.55,78.55
204297,P0029,2,55.02,110.04
204298,P0017,1,8.79,8.79
204298,P0022,1,65.26,65.26
204299,P0011,2,74.32,148.64
204299,P0039,2,70.62,141.24
204299,P0017,2,10.62,21.24
204300,P0015,1,55.02,55.02
204301,P0020,1,44.67,44.67
204301,P0029,2,47.68,95.36
204302,P0033,2,16.92,33.84
204302,P0020,2,51.3,102.6
204303,P0021,1,30.43,30.43
204303,P0021,1,29.54,29.54
204304,P0040,1,71.2,71.2
204305,P0005,1,42.63,42.63
204305,P0031,2,21.68,43.36
204305,P0014,1,74.02,74.02
204306,P0039,1,78.37,78.37
204306,P0032,1,63.81,63.81
204306,P0007,1,25.13,25.13
204307,P0039,2,65.84,131.68
204308,P0008,2,47.73,95.46
204309,P0015,2,56.85,113.7
204310,P0006,2,41.04,82.08
204310,P0017,1,8.73,8.73
204311,P0009,2,65.75,131.5
204311,P0010,1,70.0,70.0
204311,P0030,1,75.66,75.66
204312,P0017,1,10.05,10.05
204312,P0039,1,71.85,71.85
204312,P0018,2,49.6,99.2
204313,P0020,1,46.49,46.49
204313,P0012,2,45.87,91.74
204313,P0029,2,58.02,116.04
204314,P0010,2,68.06,136.12
204314,P0022,1,65.57,65.57
204315,P0015,2,56.58,113.16
204316,P0017,2,8.99,17.98
204316,P0008,2,50.05,100.1
204317,P0021,1,27.72,27.72
204317,P0030,2,64.98,129.96
204317,P0017,2,10.13,20.26
204318,P0035,2,54.58,109.16
204318,P0003,1,50.29,50.29
204319,P0027,2,34.09,68.18
204319,P0034,2,41.11,82.22
204320,P0001,2,33.22,66.44
204320,P0029,1,53.36,53.36
204321,P0025,2,39.06,78.12
204321,P0027,1,29.53,29.53
204321,P0040,1,72.09,72.09
204322,P0032,1,60.87,60.87
204322,P0011,2,75.68,151.36
204323,P0002,2,40.36,80.72
204323,P0030,2,73.68,147.36
204323,P0027,1,34.61,34.61
204324,P0015,1,57.83,57.83
204324,P0029,1,54.66,54.66
204325,P0011,1,72.62,72.62
204325,P0019,2,48.89,97.78
204326,P0011,2,69.16,138.32
204327,P0023,1,65.18,65.18
204328,P0011,1,73.7,73.7
204329,P0008,1,46.66,46.66
204329,P0003,2,53.56,107.12
204329,P0036,2,26.78,53.56
204330,P0027,2,33.91,67.82
204330,P0012,1,42.04,42.04
204331,P0021,1,26.48,26.48
204332,P0038,1,51.34,51.34
204332,P0024,1,42.64,42.64
204332,P0021,2,27.24,54.48
204333,P0004,2,26.39,52.78
204333,P0020,2,53.8,107.6
204333,P0008,1,54.63,54.63
204334,P0005,1,45.25,45.25
204335,P0010,1,70.61,70.61
204336,P0013,1,56.5,56.5
204337,P0037,1,29.67,29.67
204337,P0005,2,43.16,86.32
204337,P0010,2,62.15,124.3
204338,P0030,2,72.44,144.88
204339,P0030,1,66.12,66.12
204339,P0039,2,72.09,144.18
204340,P0007,2,22.98,45.96
204340,P0015,1,57.45,57.45
204340,P0018,2,43.21,86.42
204341,P0024,2,51.15,102.3
204341,P0022,2,64.06,128.12
204342,P0026,2,13.99,27.98
204343,P0027,1,28.92,28.92
204343,P0021,1,31.13,31.13
204343,P0034,1,40.5,40.5
204344,P0028,1,17.96,17.96
204344,P0034,1,43.47,43.47
204344,P0039,2,73.1,146.2
204345,P0037,1,32.72,32.72
204345,P0018,1,47.5,47.5
204346,P0009,2,63.86,127.72
204346,P0038,1,48.77,48.77
204347,P0019,1,54.54,54.54
204347,P0029,1,51.18,51.18
204348,P0040,1,67.91,67.91
204349,P0025,1,35.89,35.89
204350,P0021,2,29.15,58.3
204350,P0034,1,41.11,41.11
204350,P0028,2,20.84,41.68
204351,P0035,1,52.19,52.19
204352,P0008,1,50.71,50.71
204353,P0024,1,46.27,46.27
204353,P0038,1,53.97,53.97
204354,P0001,1,35.18,35.18
204354,P0028,2,20.92,41.84
204354,P0020,1,54.2,54.2
204355,P0007,1,25.8,25.8
204355,P0039,2,68.2,136.4
204355,P0018,1,47.28,47.28
204356,P0012,2,44.0,88.0
204357,P0028,1,21.56,21.56
204357,P0025,2,36.65,73.3
204358,P0040,1,69.58,69.58
204359,P0019,1,49.29,49.29
204359,P0033,2,18.53,37.06
204360,P0037,1,32.67,32.67
204361,P0003,2,46.53,93.06
204361,P0032,2,55.97,111.94
204361,P0031,1,21.83,21.83
204362,P0022,2,67.83,135.66
204363,P0006,2,49.21,98.42
204363,P0034,1,41.24,41.24
204363,P0014,1,71.15,71.15
204364,P0027,2,31.25,62.5
204364,P0020,2,47.95,95.9
204365,P0015,1,58.25,58.25
204366,P0019,1,50.13,50.13
204366,P0032,2,57.52,115.04
204367,P0028,2,19.78,39.56
204367,P0021,2,27.03,54.06
204368,P0030,2,72.16,144.32
204368,P0022,2,59.36,118.72
204369,P0008,2,48.99,97.98
204370,P0010,1,61.2,61.2
204371,P0038,2,56.43,112.86
204371,P0037,1,31.96,31.96
204372,P0026,1,13.18,13.18
204372,P0017,2,10.24,20.48
204372,P0035,2,49.58,99.16
204373,P0014,1,78.91,78.91
204373,P0007,2,25.6,51.2
204373,P0019,2,54.18,108.36
204374,P0038,1,53.21,53.21
204374,P0032,1,54.72,54.72
204374,P0039,2,68.54,137.08
204375,P0020,1,47.72,47.72
204376,P0034,1,38.7,38.7
204376,P0039,1,67.96,67.96
204376,P0034,1,45.42,45.42
204377,P0031,2,23.05,46.1
204378,P0029,1,49.37,49.37
204379,P0035,1,57.82,57.82
204379,P0038,1,56.09,56.09
204380,P0030,2,65.94,131.88
204381,P0030,1,69.92,69.92
204381,P0004,1,26.91,26.91
204382,P0033,2,18.81,37.62
204382,P0038,2,48.47,96.94
204383,P0018,1,48.43,48.43
204384,P0017,1,8.9,8.9
204384,P0004,1,24.77,24.77
204384,P0029,2,55.79,111.58
204385,P0022,2,60.39,120.78
204385,P0008,2,48.51,97.02
204385,P0006,1,46.14,46.14
204386,P0022,2,57.18,114.36
204386,P0040,2,71.33,142.66
204387,P0030,2,67.36,134.72
204387,P0037,1,33.62,33.62
204387,P0006,1,43.08,43.08
204388,P0006,1,47.33,47.33
204388,P0028,1,20.58,20.58
204389,P0011,2,82.47,164.94
204389,P0032,1,54.71,54.71
204389,P0027,2,29.95,59.9
204390,P0005,1,43.81,43.81
204390,P0008,2,54.4,108.8
204391,P0038,2,55.59,111.18
204391,P0019,2,51.15,102.3
204392,P0026,2,12.72,25.44
204393,P0026,2,14.03,28.06
204393,P0027,1,30.14,30.14
204394,P0028,2,18.89,37.78
204394,P0038,1,52.72,52.72
204395,P0002,1,43.93,43.93
204395,P0010,1,62.43,62.43
204396,P0036,1,26.06,26.06
204397,P0016,2,10.02,20.04
204398,P0027,1,35.01,35.01
204398,P0036,1,24.7,24.7
204399,P0016,1,10.68,10.68
204400,P0012,2,42.31,84.62
204400,P0013,1,52.34,52.34
204401,P0035,1,50.53,50.53
204401,P0003,2,49.13,98.26
204401,P0037,2,33.59,67.18
204402,P0015,1,61.25,61.25
204402,P0012,2,41.39,82.78
204403,P0018,1,44.6,44.6
204403,P0009,1,60.31,60.31
204403,P0002,2,46.11,92.22
204404,P0006,2,47.41,94.82
204404,P0016,2,9.49,18.98
204405,P0035,1,55.59,55.59
204406,P0035,1,57.87,57.87
204406,P0035,1,56.78,56.78
204407,P0001,2,35.25,70.5
204407,P0005,1,48.8,48.8
204407,P0037,1,32.84,32.84
204408,P0025,1,39.58,39.58
204409,P0027,1,33.98,33.98
204409,P0024,2,51.59,103.18
204409,P0024,2,50.08,100.16
204410,P0035,1,50.32,50.32
204410,P0032,1,55.99,55.99
204411,P0019,1,50.71,50.71
204411,P0028,1,20.73,20.73
204412,P0040,1,73.14,73.14
204413,P0015,2,60.92,121.84
204414,P0031,1,24.96,24.96
204415,P0022,1,64.11,64.11
204415,P0022,1,63.04,63.04
204416,P0014,1,72.18,72.18
204417,P0011,2,75.68,151.36
204418,P0010,1,61.87,61.87
204418,P0001,1,29.48,29.48
204419,P0029,1,49.03,49.03
204419,P0019,1,53.27,53.27
204419,P0017,2,8.83,17.66
204420,P0002,1,38.48,38.48
204421,P0013,2,53.46,106.92
204422,P0006,1,40.5,40.5
204422,P0038,2,56.26,112.52
204422,P0032,2,63.54,127.08
204423,P0003,1,49.76,49.76
204424,P0038,1,58.48,58.48
204424,P0014,2,80.49,160.98
204424,P0031,2,25.35,50.7
204425,P0030,2,73.57,147.14
204425,P0022,1,58.77,58.77
204425,P0008,1,45.4,45.4
204426,P0007,2,26.4,52.8
204426,P0015,1,58.68,58.68
204427,P0013,1,53.58,53.58
204427,P0023,1,79.58,79.58
204427,P0021,2,28.36,56.72
204428,P0033,1,17.58,17.58
204428,P0030,2,76.01,152.02
204429,P0038,1,56.33,56.33
204429,P0038,1,52.8,52.8
204429,P0017,1,9.32,9.32
204430,P0030,1,66.54,66.54
204431,P0038,1,56.86,56.86
204431,P0016,2,10.51,21.02
204432,P0034,1,41.51,41.51
204432,P0035,1,48.66,48.66
204432,P0031,1,23.83,23.83
204433,P0040,1,67.44,67.44
204433,P0024,1,46.26,46.26
204434,P0010,2,67.68,135.36
204434,P0034,2,43.36,86.72
204434,P0011,1,72.48,72.48
204435,P0018,2,43.79,87.58
204435,P0009,2,61.84,123.68
204436,P0014,2,79.59,159.18
204437,P0038,1,48.88,48.88
204437,P0019,1,51.58,51.58
204438,P0010,1,59.42,59.42
204438,P0025,2,37.17,74.34
204439,P0031,1,21.65,21.65
204439,P0034,2,44.73,89.46
204440,P0011,1,70.85,70.85
204440,P0003,2,51.83,103.66
204440,P0026,2,13.28,26.56
204441,P0035,1,47.88,47.88
204442,P0013,1,56.12,56.12
204442,P0030,2,78.92,157.84
204443,P0018,2,48.21,96.42
204443,P0010,1,62.76,62.76
204443,P0002,2,42.22,84.44
204444,P0034,1,42.88,42.88
204444,P0001,1,32.9,32.9
204444,P0018,1,51.33,51.33
204445,P0030,2,65.59,131.18
204445,P0039,1,68.88,68.88
204445,P0017,1,10.3,10.3
204446,P0028,1,19.86,19.86
204446,P0014,2,80.23,160.46
204447,P0010,2,61.08,122.16
204447,P0013,1,57.79,57.79
204447,P0026,2,12.55,25.1
204448,P0036,2,26.66,53.32
204449,P0008,2,49.4,98.8
204450,P0011,1,82.05,82.05
204450,P0006,2,40.7,81.4
204451,P0040,1,74.71,74.71
204452,P0015,1,59.22,59.22
204452,P0035,1,55.96,55.96
204452,P0032,2,62.69,125.38
204453,P0023,1,79.68,79.68
204454,P0022,2,56.07,112.14
204454,P0025,2,38.43,76.86
204455,P0004,1,22.73,22.73
204456,P0039,2,79.05,158.1
204456,P0014,1,69.14,69.14
204456,P0018,1,44.85,44.85
204457,P0009,2,62.3,124.6
204458,P0025,2,35.38,70.76
204458,P0037,2,30.22,60.44
204458,P0011,2,70.01,140.02
204459,P0029,2,52.98,105.96
204460,P0012,1,44.18,44.18
204461,P0038,1,52.83,52.83
204461,P0005,2,47.42,94.84
204461,P0013,2,58.43,116.86
204462,P0016,1,9.46,9.46
204462,P0001,1,33.86,33.86
204463,P0029,2,50.81,101.62
204464,P0028,2,20.02,40.04
204464,P0034,1,41.3,41.3
204465,P0030,1,72.19,72.19
204466,P0005,2,46.19,92.38
204467,P0037,2,30.1,60.2
204467,P0018,2,42.12,84.24
204468,P0037,1,31.32,31.32
204469,P0017,1,10.27,10.27
204470,P0031,1,25.73,25.73
204470,P0008,1,46.38,46.38
204471,P0028,1,21.55,21.55
204471,P0010,2,64.59,129.18
204472,P0014,2,80.47,160.94
204472,P0038,1,53.72,53.72
204472,P0038,1,50.44,50.44
204473,P0005,1,47.2,47.2
204474,P0029,2,48.75,97.5
204474,P0033,2,16.28,32.56
204474,P0007,1,23.63,23.63
204475,P0028,1,20.48,20.48
204475,P0007,2,25.59,51.18
204476,P0033,2,16.12,32.24
204476,P0009,2,60.86,121.72
204476,P0013,1,54.32,54.32
204477,P0038,2,56.54,113.08
204477,P0031,1,23.36,23.36
204478,P0008,1,54.41,54.41
204478,P0015,1,61.34,61.34
204479,P0012,1,46.07,46.07
204479,P0006,2,45.07,90.14
204479,P0026,1,11.92,11.92
204480,P0028,2,18.33,36.66
204481,P0033,2,18.47,36.94
204481,P0003,2,48.42,96.84
204482,P0017,2,8.7,17.4
204482,P0017,2,9.79,19.58
204483,P0015,2,56.98,113.96
204483,P0016,2,8.99,17.98
204483,P0009,1,56.34,56.34
204484,P0021,1,26.58,26.58
204484,P0025,2,38.08,76.16
204485,P0029,1,54.54,54.54
204486,P0013,1,47.79,47.79
204486,P0012,2,43.4,86.8
204487,P0017,2,10.55,21.1
204488,P0021,1,29.97,29.97
204488,P0013,2,58.31,116.62
204489,P0010,1,64.44,64.44
204489,P0029,1,52.41,52.41
204489,P0025,1,36.43,36.43
204490,P0009,1,57.73,57.73
204490,P0038,2,49.62,99.24
204491,P0040,2,74.69,149.38
204491,P0015,2,54.01,108.02
204491,P0018,1,44.88,44.88
204492,P0010,1,70.69,70.69
204492,P0007,2,26.63,53.26
204492,P0034,2,45.58,91.16
204493,P0028,1,17.98,17.98
204494,P0007,2,24.99,49.98
204495,P0022,1,67.58,67.58
204495,P0002,2,46.47,92.94
204495,P0001,1,30.4,30.4
204496,P0002,1,41.12,41.12
204496,P0039,2,79.2,158.4
204497,P0038,2,57.42,114.84
204497,P0029,1,53.76,53.76
204498,P0012,2,40.09,80.18
204498,P0020,1,50.93,50.93
204499,P0039,2,73.28,146.56
204499,P0023,2,69.52,139.04
204500,P0040,1,78.22,78.22
204500,P0031,2,23.32,46.64
204500,P0008,2,47.65,95.3
204501,P0010,2,65.65,131.3
204501,P0032,1,61.91,61.91
204501,P0018,1,50.12,50.12
204502,P0028,2,18.58,37.16
204502,P0030,2,66.27,132.54
204502,P0026,1,13.46,13.46
204503,P0022,2,65.38,130.76
204504,P0016,2,10.51,21.02
204504,P0007,2,23.66,47.32
204504,P0036,1,23.72,23.72
204505,P0004,1,27.61,27.61
204505,P0024,1,46.55,46.55
204505,P0009,2,57.07,114.14
204506,P0010,2,66.02,132.04
204506,P0006,1,43.16,43.16
204507,P0032,1,56.55,56.55
204507,P0035,2,54.53,109.06
204507,P0035,1,51.78,51.78
204508,P0003,1,52.83,52.83
204508,P0002,1,46.83,46.83
204509,P0038,1,49.3,49.3
204510,P0005,1,45.68,45.68
204510,P0005,2,47.34,94.68
204510,P0039,1,67.31,67.31
204511,P0034,2,43.49,86.98
204511,P0035,1,53.61,53.61
204511,P0035,1,48.13,48.13
204512,P0006,1,44.95,44.95
204512,P0028,1,18.81,18.81
204512,P0006,2,47.65,95.3
204513,P0003,1,52.02,52.02
204513,P0026,2,12.6,25.2
204514,P0038,1,56.35,56.35
204515,P0003,2,52.28,104.56
204515,P0005,1,45.11,45.11
204515,P0034,1,42.7,42.7
204516,P0021,2,27.28,54.56
204516,P0013,1,50.38,50.38
204516,P0021,2,30.71,61.42
204517,P0019,1,52.14,52.14
204518,P0039,2,65.04,130.08
204519,P0014,2,76.79,153.58
204519,P0001,2,32.06,64.12
204519,P0029,2,52.98,105.96
204520,P0028,1,18.2,18.2
204520,P0026,1,13.06,13.06
204520,P0024,1,48.8,48.8
204521,P0017,2,9.13,18.26
204521,P0003,2,49.4,98.8
204522,P0022,1,57.9,57.9
204523,P0019,1,56.64,56.64
204524,P0036,1,25.92,25.92
204524,P0010,1,61.74,61.74
204524,P0008,1,50.44,50.44
204525,P0038,2,56.38,112.76
204525,P0019,1,49.32,49.32
204525,P0035,1,56.24,56.24
204526,P0014,1,69.0,69.0
204526,P0029,1,57.9,57.9
204527,P0028,1,20.21,20.21
204527,P0008,1,49.24,49.24
204528,P0040,1,79.28,79.28
204528,P0030,2,74.36,148.72
204528,P0006,2,42.74,85.48
204529,P0006,2,44.78,89.56
204529,P0031,2,22.74,45.48
204530,P0008,1,52.95,52.95
204530,P0012,1,44.23,44.23
204530,P0001,1,33.94,33.94
204531,P0033,1,17.43,17.43
204531,P0004,1,23.49,23.49
204531,P0010,2,69.85,139.7
204532,P0020,2,47.9,95.8
204532,P0020,2,46.34,92.68
204532,P0022,1,67.53,67.53
204533,P0005,2,40.11,80.22
204533,P0005,2,46.63,93.26
204534,P0023,2,78.12,156.24
204534,P0036,1,24.23,24.23
204534,P0035,1,48.24,48.24
204535,P0040,1,73.16,73.16
204536,P0012,1,41.22,41.22
204536,P0004,2,27.61,55.22
204537,P0040,2,69.52,139.04
204537,P0031,2,22.71,45.42
204537,P0034,1,39.05,39.05
204538,P0001,2,35.02,70.04
204538,P0039,1,70.99,70.99
204539,P0024,1,49.68,49.68
204539,P0039,2,79.87,159.74
204539,P0003,1,47.17,47.17
204540,P0001,2,29.38,58.76
204541,P0017,1,8.74,8.74
204542,P0019,2,47.44,94.88
204542,P0036,2,25.45,50.9
204543,P0005,2,40.37,80.74
204543,P0025,2,38.18,76.36
204543,P0030,2,74.82,149.64
204544,P0010,2,62.92,125.84
204545,P0037,1,32.66,32.66
204545,P0022,1,63.66,63.66
204545,P0004,1,23.25,23.25
204546,P0015,1,51.13,51.13
204547,P0009,2,59.17,118.34
204547,P0032,2,61.58,123.16
204548,P0039,2,71.42,142.84
204549,P0020,1,52.44,52.44
204550,P0014,1,75.44,75.44
204550,P0033,1,17.41,17.41
204551,P0023,2,65.23,130.46
204551,P0020,1,49.98,49.98
204551,P0013,2,53.24,106.48
204552,P0032,2,62.23,124.46
204553,P0030,2,72.6,145.2
204553,P0009,1,57.02,57.02
204554,P0035,2,48.65,97.3
204554,P0037,2,32.28,64.56
204554,P0016,2,8.82,17.64
204555,P0023,1,74.2,74.2
204555,P0018,2,49.93,99.86
204556,P0005,2,46.63,93.26
204557,P0021,1,28.38,28.38
204557,P0018,2,48.26,96.52
204558,P0008,1,45.28,45.28
204558,P0004,2,26.59,53.18
204558,P0025,1,34.0,34.0
204559,P0029,1,56.06,56.06
204559,P0001,2,29.35,58.7
204560,P0012,2,46.46,92.92
204561,P0036,1,26.77,26.77
204561,P0035,1,57.2,57.2
204562,P0003,1,52.68,52.68
204562,P0033,2,18.56,37.12
204562,P0036,2,25.11,50.22
204563,P0006,2,40.68,81.36
204564,P0030,2,77.75,155.5
204564,P0031,1,26.4,26.4
204565,P0011,2,74.77,149.54
204566,P0032,1,54.58,54.58
204566,P0012,1,47.67,47.67
204567,P0021,2,29.74,59.48
204568,P0038,1,55.01,55.01
204569,P0036,1,24.42,24.42
204569,P0018,1,45.29,45.29
204570,P0036,2,27.72,55.44
204571,P0022,1,56.18,56.18
204571,P0035,1,55.48,55.48
204571,P0034,2,40.85,81.7
204572,P0037,2,29.99,59.98
204572,P0004,2,26.38,52.76
204572,P0008,1,46.02,46.02
204573,P0007,2,23.12,46.24
204573,P0003,2,50.15,100.3
204573,P0001,1,32.88,32.88
204574,P0010,1,64.83,64.83
204574,P0031,2,26.47,52.94
204574,P0016,1,8.83,8.83
204575,P0025,2,37.13,74.26
204575,P0007,1,24.0,24.0
204576,P0021,1,28.84,28.84
204577,P0009,1,56.78,56.78
204577,P0008,2,46.8,93.6
204577,P0019,2,55.77,111.54
204578,P0003,1,49.39,49.39
204578,P0039,2,79.75,159.5
204579,P0029,1,56.64,56.64
204580,P0026,2,13.27,26.54
204580,P0008,2,50.2,100.4
204580,P0028,2,19.58,39.16
204581,P0010,1,59.52,59.52
204581,P0026,2,12.71,25.42
204581,P0030,1,68.76,68.76
204582,P0004,2,23.92,47.84
204583,P0027,2,32.31,64.62
204583,P0016,1,10.6,10.6
204583,P0010,1,63.69,63.69
204584,P0015,2,55.65,111.3
204584,P0019,2,56.2,112.4
204585,P0010,2,60.52,121.04
204585,P0020,2,48.74,97.48
204586,P0014,2,68.35,136.7
204586,P0013,1,51.46,51.46
204586,P0001,1,29.15,29.15
204587,P0014,1,72.02,72.02
204587,P0030,1,78.18,78.18
204588,P0034,1,40.96,40.96
204589,P0020,1,50.39,50.39
204589,P0039,2,77.2,154.4
204590,P0036,2,24.92,49.84
204591,P0008,1,54.91,54.91
204591,P0027,1,32.68,32.68
204592,P0010,2,69.49,138.98
204592,P0010,2,59.66,119.32
204593,P0003,2,50.46,100.92
204593,P0010,1,64.13,64.13
204594,P0031,2,25.46,50.92
204595,P0018,1,50.95,50.95
204595,P0004,1,23.88,23.88
204596,P0026,2,11.73,23.46
204597,P0003,2,46.12,92.24
204597,P0015,2,60.12,120.24
204597,P0015,2,52.49,104.98
204598,P0035,1,47.15,47.15
204598,P0010,2,62.27,124.54
204599,P0028,1,17.79,17.79
204599,P0017,1,8.74,8.74
204599,P0017,1,9.76,9.76
204600,P0026,2,13.54,27.08
204600,P0013,2,56.44,112.88
204600,P0010,2,58.85,117.7
204601,P0025,1,38.96,38.96
204601,P0007,1,23.29,23.29
204602,P0034,2,42.14,84.28
204602,P0028,1,19.92,19.92
204603,P0029,1,53.37,53.37
204604,P0039,1,66.79,66.79
204605,P0040,2,69.66,139.32
204606,P0012,2,46.9,93.8
204606,P0023,1,68.93,68.93
204606,P0017,1,9.24,9.24
204607,P0036,1,27.12,27.12
204607,P0030,1,70.14,70.14
204607,P0015,2,52.22,104.44
204608,P0003,2,49.34,98.68
204609,P0009,1,55.38,55.38
204609,P0037,1,27.42,27.42
204610,P0024,2,49.69,99.38
204610,P0018,2,48.45,96.9
204610,P0002,2,39.43,78.86
204611,P0021,2,27.63,55.26
204612,P0011,1,68.25,68.25
204613,P0030,1,73.61,73.61
204614,P0034,1,38.49,38.49
204614,P0036,1,26.63,26.63
204614,P0018,1,47.22,47.22
204615,P0026,2,13.16,26.32
204615,P0011,1,82.45,82.45
204616,P0028,1,17.79,17.79
204616,P0039,1,66.62,66.62
204617,P0004,2,24.59,49.18
204618,P0004,2,23.57,47.14
204618,P0019,2,54.95,109.9
204619,P0023,1,70.28,70.28
204620,P0001,2,34.45,68.9
204621,P0006,2,41.47,82.94
204621,P0030,2,75.18,150.36
204622,P0034,1,43.95,43.95
204622,P0017,1,9.51,9.51
204622,P0034,1,42.21,42.21
204623,P0020,1,48.46,48.46
204623,P0007,2,24.91,49.82
204623,P0001,1,35.36,35.36
204624,P0002,2,38.65,77.3
204624,P0038,1,52.72,52.72
204625,P0010,2,60.95,121.9
204626,P0035,2,51.8,103.6
204626,P0037,1,30.52,30.52
204627,P0026,2,12.42,24.84
204627,P0024,2,43.26,86.52
204627,P0036,2,24.67,49.34
204628,P0035,2,55.24,110.48
204628,P0003,1,45.99,45.99
204629,P0026,2,12.92,25.84
204630,P0019,2,50.16,100.32
204631,P0016,1,10.67,10.67
204632,P0013,1,47.9,47.9
204632,P0025,1,36.06,36.06
204633,P0008,1,49.62,49.62
204633,P0029,1,53.64,53.64
204633,P0008,2,52.58,105.16
204634,P0023,2,68.3,136.6
204634,P0034,2,38.24,76.48
204634,P0015,1,59.56,59.56
204635,P0011,2,70.54,141.08
204636,P0020,1,53.97,53.97
204637,P0005,2,43.71,87.42
204637,P0024,2,51.72,103.44
204637,P0039,1,74.41,74.41
204638,P0033,1,16.01,16.01
204638,P0023,1,71.48,71.48
204639,P0027,2,30.06,60.12
204640,P0034,1,39.52,39.52
204640,P0003,1,48.68,48.68
204640,P0015,2,57.1,114.2
204641,P0029,2,49.05,98.1
204642,P0014,1,71.1,71.1
204643,P0007,2,22.92,45.84
204644,P0017,2,9.4,18.8
204645,P0007,2,22.96,45.92
204645,P0012,2,46.04,92.08
204645,P0030,1,65.95,65.95
204646,P0037,2,32.16,64.32
204646,P0009,1,63.08,63.08
204647,P0005,1,47.21,47.21
204648,P0019,1,51.17,51.17
204648,P0037,1,32.49,32.49
204648,P0011,1,71.3,71.3
204649,P0012,1,41.98,41.98
204649,P0020,1,49.41,49.41
204650,P0030,2,78.56,157.12
204651,P0001,1,32.79,32.79
204651,P0012,2,47.06,94.12
204652,P0006,2,44.6,89.2
204652,P0022,2,58.15,116.3
204652,P0010,1,71.13,71.13
204653,P0034,2,45.44,90.88
204653,P0005,2,40.14,80.28
204654,P0022,1,61.89,61.89
204654,P0035,1,51.89,51.89
204655,P0015,1,52.87,52.87
204656,P0019,1,49.78,49.78
204656,P0031,1,23.61,23.61
204656,P0023,1,67.51,67.51
204657,P0036,1,26.27,26.27
204658,P0012,2,48.25,96.5
204658,P0003,1,49.43,49.43
204659,P0027,2,33.04,66.08
204660,P0034,1,39.95,39.95
204660,P0016,2,10.27,20.54
204660,P0003,1,55.51,55.51
204661,P0005,2,41.9,83.8
204661,P0018,2,41.92,83.84
204661,P0031,2,24.08,48.16
204662,P0009,1,61.29,61.29
204662,P0029,1,53.33,53.33
204662,P0013,1,53.38,53.38
204663,P0007,1,26.62,26.62
204663,P0037,2,28.76,57.52
204663,P0012,1,44.01,44.01
204664,P0021,1,26.78,26.78
204665,P0040,1,68.85,68.85
204665,P0016,2,9.78,19.56
204665,P0026,1,13.83,13.83
204666,P0031,1,25.82,25.82
204667,P0020,2,47.45,94.9
204667,P0031,2,22.58,45.16
204667,P0023,2,69.54,139.08
204668,P0007,1,24.1,24.1
204669,P0024,1,49.91,49.91
204670,P0019,2,56.7,113.4
204671,P0039,2,72.09,144.18
204672,P0040,1,71.17,71.17
204672,P0011,1,78.53,78.53
204672,P0031,1,25.27,25.27
204673,P0020,2,46.53,93.06
204673,P0001,2,29.84,59.68
204674,P0004,1,25.79,25.79
204674,P0006,2,47.01,94.02
204674,P0014,1,74.31,74.31
204675,P0020,1,54.3,54.3
204675,P0002,1,38.96,38.96
204676,P0012,2,42.09,84.18
204677,P0005,1,48.87,48.87
204677,P0032,2,62.86,125.72
204678,P0023,2,79.6,159.2
204678,P0013,1,48.91,48.91
204678,P0039,1,78.52,78.52
204679,P0014,2,79.9,159.8
204679,P0027,2,29.34,58.68
204680,P0024,1,44.57,44.57
204680,P0026,2,11.89,23.78
204680,P0010,1,68.72,68.72
204681,P0003,2,52.23,104.46
204681,P0015,1,59.31,59.31
204681,P0004,1,26.04,26.04
204682,P0023,1,65.27,65.27
204682,P0020,2,52.41,104.82
204683,P0009,1,63.04,63.04
204683,P0025,1,39.92,39.92
204683,P0037,2,29.1,58.2
204684,P0014,2,79.56,159.12
204684,P0008,1,52.54,52.54
204684,P0034,1,40.56,40.56
204685,P0032,2,54.22,108.44
204686,P0031,2,26.01,52.02
204687,P0031,1,22.74,22.74
204688,P0036,2,24.0,48.0
204689,P0037,1,31.12,31.12
204689,P0003,1,46.0,46.0
204689,P0001,1,30.16,30.16
204690,P0001,2,32.19,64.38
204690,P0002,2,45.39,90.78
204691,P0033,1,17.74,17.74
204691,P0017,1,8.66,8.66
204691,P0013,1,48.88,48.88
204692,P0013,1,51.87,51.87
204693,P0035,1,48.6,48.6
204693,P0004,1,27.83,27.83
204693,P0017,2,9.85,19.7
204694,P0029,1,50.45,50.45
204694,P0038,2,49.15,98.3
204694,P0006,1,43.25,43.25
204695,P0014,1,78.79,78.79
204695,P0037,1,33.3,33.3
204695,P0018,1,49.68,49.68
204696,P0031,1,22.91,22.91
204696,P0030,1,77.5,77.5
204697,P0009,2,56.26,112.52
204698,P0022,2,62.94,125.88
204698,P0009,2,55.15,110.3
204698,P0029,2,47.69,95.38
204699,P0037,2,30.56,61.12
204700,P0024,1,44.02,44.02
204701,P0027,1,29.31,29.31
204702,P0022,1,62.73,62.73
204703,P0018,1,49.93,49.93
204703,P0027,2,32.75,65.5
204703,P0036,1,23.21,23.21
204704,P0036,1,27.97,27.97
204705,P0007,1,22.1,22.1
204705,P0036,2,22.89,45.78
204705,P0038,1,57.27,57.27
204706,P0017,2,8.71,17.42
204706,P0029,1,49.13,49.13
204707,P0011,2,67.72,135.44
204708,P0019,1,49.94,49.94
204708,P0033,1,18.9,18.9
204709,P0022,2,66.33,132.66
204709,P0009,1,55.47,55.47
204710,P0021,1,26.48,26.48
204711,P0025,1,35.18,35.18
204711,P0007,2,24.18,48.36
204712,P0028,1,20.86,20.86
204712,P0007,2,25.93,51.86
204712,P0011,2,73.36,146.72
204713,P0007,2,22.45,44.9
204713,P0011,2,82.43,164.86
204713,P0030,1,76.79,76.79
204714,P0005,1,45.36,45.36
204714,P0016,2,8.89,17.78
204714,P0040,2,75.54,151.08
204715,P0027,1,30.99,30.99
204716,P0027,2,30.06,60.12
204716,P0028,2,18.75,37.5
204716,P0039,2,70.47,140.94
204717,P0019,1,54.13,54.13
204717,P0022,2,65.67,131.34
204718,P0007,1,23.08,23.08
204718,P0035,2,49.31,98.62
204718,P0026,1,12.46,12.46
204719,P0025,2,40.01,80.02
204719,P0026,1,11.74,11.74
204720,P0021,2,30.08,60.16
204721,P0013,1,51.44,51.44
204721,P0009,2,55.35,110.7
204722,P0009,2,61.76,123.52
204723,P0038,2,53.37,106.74
204723,P0009,2,62.93,125.86
204724,P0031,2,26.49,52.98
204725,P0031,1,23.86,23.86
204725,P0035,1,53.66,53.66
204725,P0011,1,69.46,69.46
204726,P0002,2,42.81,85.62
204726,P0005,1,47.24,47.24
204726,P0033,2,18.76,37.52
204727,P0005,2,45.16,90.32
204727,P0014,2,72.83,145.66
204728,P0037,1,31.23,31.23
204728,P0016,1,9.5,9.5
204728,P0033,2,19.04,38.08
204729,P0003,1,47.63,47.63
204730,P0026,1,13.29,13.29
204731,P0001,1,31.99,31.99
204732,P0013,1,53.37,53.37
204732,P0028,1,17.57,17.57
204732,P0018,1,43.78,43.78
204733,P0006,1,45.95,45.95
204733,P0002,1,40.97,40.97
204734,P0010,2,63.45,126.9
204734,P0006,2,43.5,87.0
204734,P0036,2,26.47,52.94
204735,P0004,1,25.93,25.93
204736,P0020,1,53.4,53.4
204736,P0028,2,18.3,36.6
204737,P0007,1,24.69,24.69
204738,P0027,1,31.46,31.46
204739,P0036,1,24.26,24.26
204739,P0039,2,79.09,158.18
204739,P0014,2,72.63,145.26
204740,P0015,2,52.13,104.26
204740,P0022,2,60.83,121.66
204740,P0040,1,78.15,78.15
204741,P0003,2,51.86,103.72
204741,P0021,2,27.5,55.0
204741,P0036,1,23.76,23.76
204742,P0021,2,25.99,51.98
204743,P0023,2,75.28,150.56
204744,P0027,2,34.16,68.32
204744,P0031,2,23.8,47.6
204745,P0017,1,9.43,9.43
204745,P0033,2,16.2,32.4
204745,P0010,2,60.21,120.42
204746,P0031,2,25.07,50.14
204747,P0010,1,69.65,69.65
204747,P0005,2,48.94,97.88
204747,P0021,1,28.04,28.04
204748,P0024,2,49.45,98.9
204749,P0012,1,39.24,39.24
204750,P0016,1,10.58,10.58
204750,P0040,1,67.46,67.46
204751,P0029,2,51.73,103.46
204752,P0025,1,40.47,40.47
204753,P0016,1,10.35,10.35
204753,P0027,1,30.0,30.0
204753,P0003,1,51.22,51.22
204754,P0025,1,40.02,40.02
204754,P0030,1,70.04,70.04
204755,P0008,1,50.7,50.7
204756,P0005,1,44.56,44.56
204756,P0009,1,63.57,63.57
204756,P0013,1,57.91,57.91
204757,P0019,2,54.04,108.08
204757,P0030,1,79.2,79.2
204758,P0007,2,23.98,47.96
204758,P0022,1,56.8,56.8
204759,P0024,2,45.6,91.2
204760,P0037,1,31.06,31.06
204760,P0010,1,59.06,59.06
204760,P0001,2,28.85,57.7
204761,P0038,1,54.59,54.59
204761,P0002,1,45.02,45.02
204761,P0038,2,55.91,111.82
204762,P0019,2,56.54,113.08
204762,P0023,2,76.23,152.46
204762,P0013,2,54.33,108.66
204763,P0003,2,48.74,97.48
204763,P0031,1,24.21,24.21
204763,P0040,2,80.45,160.9
204764,P0039,1,69.23,69.23
204765,P0014,2,73.21,146.42
204765,P0031,1,24.23,24.23
204765,P0001,2,30.03,60.06
204766,P0040,1,72.7,72.7
204766,P0002,2,43.58,87.16
204767,P0018,2,45.84,91.68
204767,P0017,1,9.84,9.84
204768,P0029,2,57.3,114.6
204769,P0024,2,48.64,97.28
204770,P0001,2,30.43,60.86
204771,P0034,2,46.14,92.28
204772,P0009,1,61.54,61.54
204772,P0038,2,57.4,114.8
204773,P0006,2,49.25,98.5
204773,P0017,1,8.79,8.79
204774,P0030,1,77.47,77.47
204775,P0028,2,18.12,36.24
204776,P0001,2,30.56,61.12
204777,P0012,1,43.04,43.04
204777,P0038,1,48.77,48.77
204777,P0011,1,74.7,74.7
204778,P0009,2,64.37,128.74
204778,P0008,1,51.31,51.31
204778,P0011,1,68.98,68.98
204779,P0021,2,28.27,56.54
204780,P0004,1,27.19,27.19
204781,P0013,2,50.2,100.4
204782,P0040,2,68.72,137.44
204783,P0009,2,64.73,129.46
204783,P0003,1,47.67,47.67
204784,P0017,1,8.9,8.9
204784,P0034,1,44.04,44.04
204785,P0021,1,27.88,27.88
204786,P0014,2,69.88,139.76
204786,P0007,2,24.05,48.1
204787,P0038,2,56.51,113.02
204787,P0029,2,48.08,96.16
204787,P0030,1,73.6,73.6
204788,P0037,2,30.99,61.98
204788,P0027,2,28.89,57.78
204788,P0018,2,42.45,84.9
204789,P0026,2,11.47,22.94
204790,P0029,1,52.31,52.31
204791,P0025,2,37.84,75.68
204791,P0034,2,45.63,91.26
204792,P0035,2,55.49,110.98
204792,P0009,2,63.34,126.68
204792,P0018,1,48.86,48.86
204793,P0021,1,26.18,26.18
204793,P0030,2,67.06,134.12
204793,P0020,2,44.34,88.68
204794,P0012,1,41.88,41.88
204794,P0027,2,30.55,61.1
204794,P0026,2,12.72,25.44
204795,P0004,2,27.22,54.44
204796,P0012,2,40.9,81.8
204796,P0003,1,52.01,52.01
204796,P0005,1,40.09,40.09
204797,P0012,2,44.55,89.1
204797,P0008,1,51.32,51.32
204797,P0034,2,41.88,83.76
204798,P0015,2,59.88,119.76
204798,P0001,2,32.35,64.7
204799,P0023,1,79.05,79.05
204799,P0029,2,57.07,114.14
204800,P0018,1,44.88,44.88
204800,P0040,2,68.98,137.96
204801,P0018,2,45.61,91.22
204801,P0021,1,31.51,31.51
204801,P0039,2,72.84,145.68
204802,P0022,2,59.21,118.42
204802,P0017,1,9.62,9.62
204803,P0001,2,32.93,65.86
204803,P0018,1,49.07,49.07
204804,P0026,1,12.32,12.32
204804,P0024,1,43.49,43.49
204804,P0039,2,77.43,154.86
204805,P0016,1,10.35,10.35
204805,P0015,2,61.26,122.52
204805,P0023,2,79.4,158.8
204806,P0015,1,60.69,60.69
204806,P0020,2,45.28,90.56
204807,P0038,1,49.3,49.3
204807,P0018,1,46.43,46.43
204807,P0020,1,46.11,46.11
204808,P0024,1,44.33,44.33
204808,P0011,1,72.41,72.41
204809,P0034,1,41.6,41.6
204810,P0012,1,46.52,46.52
204811,P0038,1,55.14,55.14
204812,P0029,2,54.88,109.76
204813,P0030,2,74.46,148.92
204813,P0023,2,66.01,132.02
204814,P0033,1,16.6,16.6
204814,P0030,2,68.68,137.36
204814,P0030,2,68.03,136.06
204815,P0036,2,26.7,53.4
204816,P0030,2,68.08,136.16
204816,P0006,2,40.58,81.16
204817,P0035,1,55.36,55.36
204817,P0025,1,37.35,37.35
204818,P0012,1,41.37,41.37
204818,P0004,2,26.39,52.78
204819,P0006,2,44.92,89.84
204819,P0031,1,21.86,21.86
204820,P0031,1,23.96,23.96
204820,P0025,1,38.6,38.6
204821,P0036,2,23.84,47.68
204821,P0039,1,68.65,68.65
204821,P0023,1,77.58,77.58
204822,P0037,2,31.1,62.2
204822,P0027,1,34.03,34.03
204822,P0020,2,44.13,88.26
204823,P0009,2,61.48,122.96
204823,P0031,1,22.49,22.49
204824,P0033,1,19.43,19.43
204825,P0010,2,58.45,116.9
204826,P0038,2,52.44,104.88
204826,P0004,1,23.77,23.77
204826,P0011,1,72.96,72.96
204827,P0031,2,22.96,45.92
204827,P0001,1,32.04,32.04
204828,P0012,1,47.6,47.6
204828,P0003,2,50.99,101.98
204828,P0018,2,44.33,88.66
204829,P0028,1,20.59,20.59
204830,P0005,1,44.07,44.07
204830,P0025,2,39.24,78.48
204830,P0023,1,77.91,77.91
204831,P0007,2,26.04,52.08
204831,P0030,1,65.59,65.59
204831,P0009,1,59.12,59.12
204832,P0012,1,43.63,43.63
204832,P0025,1,33.41,33.41
204833,P0010,1,61.38,61.38
204833,P0016,2,10.27,20.54
204834,P0027,2,33.9,67.8
204835,P0032,1,63.19,63.19
204835,P0001,2,31.16,62.32
204835,P0017,2,10.28,20.56
204836,P0038,1,51.41,51.41
204836,P0029,1,56.84,56.84
204836,P0033,1,17.85,17.85
204837,P0004,1,24.54,24.54
204838,P0022,2,55.97,111.94
204839,P0014,1,73.68,73.68
204839,P0023,1,74.28,74.28
204840,P0024,1,49.52,49.52
204841,P0009,2,65.02,130.04
204841,P0007,1,26.0,26.0
204842,P0009,2,57.3,114.6
204843,P0031,2,25.91,51.82
204843,P0035,1,52.15,52.15
204843,P0010,2,59.15,118.3
204844,P0025,2,35.14,70.28
204845,P0027,1,28.77,28.77
204846,P0029,1,55.5,55.5
204846,P0024,2,46.62,93.24
204846,P0027,2,34.36,68.72
204847,P0035,1,50.42,50.42
204848,P0009,2,58.27,116.54
204848,P0037,2,28.08,56.16
204848,P0023,1,74.09,74.09
204849,P0027,1,28.47,28.47
204850,P0015,1,55.34,55.34
204850,P0010,2,63.57,127.14
204851,P0029,1,49.21,49.21
204851,P0017,2,10.29,20.58
204852,P0038,1,56.64,56.64
204853,P0016,1,9.58,9.58
204853,P0023,2,69.38,138.76
204853,P0021,1,29.46,29.46
204854,P0020,1,51.12,51.12
204855,P0034,2,44.64,89.28
204856,P0035,2,54.57,109.14
204856,P0022,2,65.87,131.74
204856,P0006,1,45.14,45.14
204857,P0003,2,45.71,91.42
204858,P0015,2,56.23,112.46
204858,P0018,1,48.59,48.59
204859,P0025,2,33.24,66.48
204860,P0009,1,56.11,56.11
204860,P0007,1,21.94,21.94
204860,P0016,1,10.3,10.3
204861,P0022,2,63.39,126.78
204861,P0027,2,33.61,67.22
204862,P0036,1,23.69,23.69
204862,P0013,1,51.78,51.78
204863,P0037,2,28.59,57.18
204864,P0011,2,70.15,140.3
204864,P0018,2,41.96,83.92
204864,P0026,2,12.4,24.8
204865,P0017,1,10.31,10.31
204865,P0040,2,74.8,149.6
204866,P0016,1,9.44,9.44
204866,P0026,2,12.19,24.38
204867,P0012,1,45.12,45.12
204867,P0030,1,67.61,67.61
204867,P0024,1,49.65,49.65
204868,P0009,2,57.56,115.12
204868,P0035,1,48.57,48.57
204869,P0026,2,12.76,25.52
204869,P0032,2,58.58,117.16
204869,P0028,1,19.3,19.3
204870,P0006,2,43.0,86.0
204871,P0019,2,54.99,109.98
204872,P0028,1,19.24,19.24
204873,P0032,2,63.91,127.82
204873,P0031,1,22.02,22.02
204873,P0040,2,81.28,162.56
204874,P0015,2,52.72,105.44
204875,P0023,1,77.19,77.19
204876,P0007,2,26.05,52.1
204876,P0039,2,79.63,159.26
204876,P0038,1,52.55,52.55
204877,P0030,2,70.89,141.78
204878,P0016,1,10.49,10.49
204878,P0019,2,55.1,110.2
204878,P0023,2,75.31,150.62
204879,P0037,2,33.13,66.26
204879,P0036,2,25.21,50.42
204879,P0012,2,46.34,92.68
204880,P0017,2,10.21,20.42
204881,P0010,1,63.16,63.16
204881,P0040,2,67.17,134.34
204881,P0009,1,63.48,63.48
204882,P0001,1,33.78,33.78
204883,P0004,1,27.24,27.24
204883,P0014,2,81.01,162.02
204883,P0035,1,54.37,54.37
204884,P0031,2,23.41,46.82
204885,P0037,2,29.57,59.14
204885,P0003,1,54.01,54.01
204885,P0034,1,41.41,41.41
204886,P0022,1,66.36,66.36
204887,P0039,1,73.86,73.86
204887,P0017,1,10.58,10.58
204888,P0019,1,46.86,46.86
204888,P0024,2,42.39,84.78
204888,P0039,2,71.1,142.2
204889,P0033,1,16.02,16.02
204889,P0020,1,52.38,52.38
204890,P0019,1,50.01,50.01
204891,P0012,1,46.31,46.31
204891,P0009,2,60.88,121.76
204892,P0033,1,19.14,19.14
204893,P0007,2,23.14,46.28
204894,P0030,1,71.42,71.42
204895,P0010,1,60.36,60.36
204895,P0012,2,47.0,94.0
204895,P0003,2,45.9,91.8
204896,P0028,2,19.48,38.96
204896,P0017,2,9.3,18.6
204897,P0027,2,31.25,62.5
204897,P0032,1,61.91,61.91
204898,P0003,2,52.05,104.1
204899,P0025,1,33.05,33.05
204900,P0030,1,74.82,74.82
204901,P0025,1,38.07,38.07
204901,P0031,1,23.07,23.07
204902,P0012,1,44.76,44.76
204902,P0021,1,27.75,27.75
204902,P0010,1,68.23,68.23
204903,P0016,2,10.28,20.56
204903,P0006,1,49.23,49.23
204903,P0024,1,43.31,43.31
204904,P0039,1,78.66,78.66
204904,P0005,1,42.99,42.99
204904,P0009,1,60.35,60.35
204905,P0002,1,41.15,41.15
204906,P0028,2,18.82,37.64
204906,P0025,2,33.5,67.0
204906,P0005,1,41.79,41.79
204907,P0033,1,16.52,16.52
204908,P0006,1,49.29,49.29
204908,P0013,1,48.24,48.24
204908,P0037,2,28.17,56.34
204909,P0006,1,41.59,41.59
204909,P0029,2,52.1,104.2
204910,P0034,1,44.14,44.14
204910,P0030,1,72.17,72.17
204910,P0037,1,29.05,29.05
204911,P0036,2,25.48,50.96
204911,P0039,2,80.04,160.08
204911,P0018,1,49.65,49.65
204912,P0029,1,48.07,48.07
204912,P0014,1,77.49,77.49
204912,P0028,2,20.18,40.36
204913,P0014,1,75.76,75.76
204913,P0023,2,66.08,132.16
204914,P0030,1,72.99,72.99
204914,P0011,2,79.19,158.38
204914,P0010,2,65.19,130.38
204915,P0037,1,30.45,30.45
204915,P0002,2,46.32,92.64
204916,P0013,1,49.19,49.19
204917,P0032,2,60.76,121.52
204917,P0009,1,55.06,55.06
204917,P0024,2,43.63,87.26
204918,P0037,1,29.61,29.61
204918,P0013,1,52.96,52.96
204919,P0013,1,49.47,49.47
204919,P0022,1,63.4,63.4
204920,P0034,2,40.56,81.12
204920,P0027,1,34.95,34.95
204921,P0019,1,46.56,46.56
204921,P0028,2,19.78,39.56
204922,P0002,2,43.48,86.96
204922,P0019,2,53.16,106.32
204922,P0024,1,49.78,49.78
204923,P0012,1,47.72,47.72
204924,P0036,2,27.47,54.94
204924,P0026,1,12.87,12.87
204924,P0011,2,67.75,135.5
204925,P0011,2,75.63,151.26
204925,P0014,1,78.85,78.85
204925,P0004,2,25.46,50.92
204926,P0026,1,12.42,12.42
204926,P0008,1,52.97,52.97
204926,P0030,2,73.37,146.74
204927,P0021,1,29.22,29.22
204927,P0018,1,47.63,47.63
204927,P0010,1,66.15,66.15
204928,P0022,1,62.34,62.34
204929,P0005,2,44.94,89.88
204929,P0005,1,42.83,42.83
204929,P0015,1,57.01,57.01
204930,P0003,2,47.39,94.78
204930,P0016,1,10.23,10.23
204931,P0037,2,30.1,60.2
204931,P0010,2,62.75,125.5
204931,P0032,2,58.71,117.42
204932,P0038,2,51.25,102.5
204933,P0002,2,44.5,89.0
204933,P0025,1,36.57,36.57
204934,P0026,2,13.38,26.76
204935,P0030,2,68.85,137.7
204935,P0023,1,75.59,75.59
204936,P0039,1,70.19,70.19
204937,P0004,2,27.68,55.36
204937,P0039,2,67.23,134.46
204937,P0040,2,67.08,134.16
204938,P0022,1,58.41,58.41
204938,P0024,2,51.91,103.82
204938,P0033,1,19.6,19.6
204939,P0020,2,45.99,91.98
204939,P0005,2,48.57,97.14
204940,P0024,2,43.93,87.86
204940,P0002,2,43.95,87.9
204941,P0027,2,29.56,59.12
204942,P0034,2,38.52,77.04
204942,P0004,2,24.09,48.18
204942,P0028,2,20.17,40.34
204943,P0024,2,42.34,84.68
204944,P0035,2,56.88,113.76
204945,P0020,2,50.1,100.2
204946,P0006,2,41.75,83.5
204947,P0040,1,70.34,70.34
204947,P0011,1,78.89,78.89
204947,P0021,2,27.38,54.76
204948,P0019,1,52.39,52.39
204948,P0031,2,22.07,44.14
204949,P0027,1,29.39,29.39
204950,P0034,1,38.45,38.45
204950,P0031,1,26.13,26.13
204951,P0018,1,46.71,46.71
204951,P0038,1,58.29,58.29
204952,P0021,1,30.27,30.27
204952,P0037,2,27.36,54.72
204952,P0024,2,42.75,85.5
204953,P0011,1,73.31,73.31
204954,P0002,1,41.75,41.75
204955,P0033,1,18.01,18.01
204956,P0026,2,11.63,23.26
204956,P0038,2,50.17,100.34
204957,P0020,2,54.13,108.26
204957,P0033,1,16.24,16.24
204957,P0027,2,32.3,64.6
204958,P0030,2,71.66,143.32
204959,P0032,1,60.67,60.67
204960,P0030,2,78.14,156.28
204960,P0026,1,11.65,11.65
204961,P0017,1,9.25,9.25
204962,P0030,1,68.62,68.62
204962,P0028,2,19.58,39.16
204962,P0016,2,9.96,19.92
204963,P0032,1,55.27,55.27
204964,P0011,1,82.96,82.96
204964,P0039,2,68.35,136.7
204964,P0030,2,71.0,142.0
204965,P0035,2,49.26,98.52
204965,P0006,2,42.42,84.84
204965,P0029,1,54.86,54.86
204966,P0018,1,49.22,49.22
204967,P0040,1,76.76,76.76
204968,P0025,1,34.17,34.17
204968,P0007,1,26.35,26.35
204969,P0004,1,24.05,24.05
204970,P0022,2,56.06,112.12
204970,P0028,1,18.24,18.24
204970,P0033,2,17.73,35.46
204971,P0003,2,49.24,98.48
204971,P0033,1,17.25,17.25
204972,P0003,1,48.99,48.99
204972,P0001,2,33.41,66.82
204972,P0006,2,45.56,91.12
204973,P0003,2,46.72,93.44
204974,P0003,1,50.39,50.39
204974,P0004,1,25.77,25.77
204975,P0011,1,78.51,78.51
204975,P0037,1,30.59,30.59
204976,P0038,1,54.56,54.56
204976,P0012,2,48.07,96.14
204977,P0002,1,43.26,43.26
204978,P0014,1,70.09,70.09
204978,P0005,1,48.19,48.19
204979,P0031,2,23.71,47.42
204979,P0031,2,22.39,44.78
204980,P0011,2,79.63,159.26
204981,P0007,1,26.49,26.49
204982,P0013,2,54.05,108.1
204983,P0003,2,46.25,92.5
204983,P0025,2,33.57,67.14
204983,P0013,1,58.14,58.14
204984,P0010,1,63.88,63.88
204984,P0039,2,74.72,149.44
204985,P0024,2,45.3,90.6
204985,P0017,2,10.44,20.88
204986,P0010,1,68.95,68.95
204986,P0009,2,61.56,123.12
204987,P0003,1,53.87,53.87
204988,P0026,2,12.33,24.66
204989,P0022,1,62.67,62.67
204989,P0009,2,57.95,115.9
204989,P0035,2,48.98,97.96
204990,P0013,1,55.04,55.04
204990,P0034,1,43.64,43.64
204991,P0010,2,59.34,118.68
204992,P0010,1,66.14,66.14
204992,P0017,2,8.79,17.58
204992,P0015,1,56.2,56.2
204993,P0035,1,57.56,57.56
204993,P0034,1,38.81,38.81
204994,P0006,1,41.24,41.24
204995,P0040,1,74.37,74.37
204995,P0013,1,54.12,54.12
204995,P0009,1,65.26,65.26
204996,P0011,1,68.48,68.48
204996,P0026,1,13.76,13.76
204997,P0012,2,39.54,79.08
204997,P0017,2,9.71,19.42
204998,P0018,1,44.45,44.45
204998,P0030,2,77.99,155.98
204999,P0035,1,49.81,49.81
204999,P0019,2,48.31,96.62
205000,P0001,2,31.13,62.26
205000,P0009,1,58.41,58.41
205000,P0001,2,29.41,58.82
205001,P0038,1,58.06,58.06
205001,P0033,1,15.98,15.98
205001,P0001,2,33.9,67.8
205002,P0002,2,46.04,92.08
205003,P0034,2,46.19,92.38
205003,P0011,2,74.39,148.78
205004,P0005,2,48.64,97.28
205005,P0026,1,12.35,12.35
205006,P0021,2,28.31,56.62
205006,P0008,1,47.94,47.94
205006,P0007,1,23.61,23.61
205007,P0006,1,41.21,41.21
205007,P0005,2,46.72,93.44
205008,P0002,1,42.92,42.92
205009,P0004,2,26.2,52.4
205009,P0005,1,46.32,46.32
205009,P0019,1,55.69,55.69
205010,P0026,1,13.73,13.73
205010,P0005,2,46.38,92.76
205010,P0025,2,35.46,70.92
205011,P0032,1,53.87,53.87
205011,P0025,1,35.8,35.8
205011,P0026,1,11.61,11.61
205012,P0036,1,24.81,24.81
205012,P0005,1,43.67,43.67
205012,P0018,1,44.92,44.92
205013,P0016,1,9.51,9.51
205014,P0004,2,23.17,46.34
205014,P0010,2,62.97,125.94
205015,P0017,1,9.65,9.65
205015,P0035,2,55.19,110.38
205016,P0008,1,47.41,47.41
205016,P0024,2,42.61,85.22
205017,P0007,2,22.68,45.36
205017,P0016,1,10.55,10.55
205018,P0013,2,56.2,112.4
205019,P0006,2,48.2,96.4
205020,P0006,1,47.29,47.29
205020,P0031,2,23.77,47.54
205021,P0004,2,27.44,54.88
205022,P0032,2,55.62,111.24
205022,P0021,1,31.52,31.52
205023,P0032,2,56.4,112.8
205023,P0020,1,45.22,45.22
205023,P0014,2,66.83,133.66
205024,P0032,1,52.29,52.29
205025,P0017,1,10.34,10.34
205025,P0011,1,80.84,80.84
205026,P0006,2,48.12,96.24
205026,P0022,2,64.92,129.84
205027,P0001,2,34.22,68.44
205028,P0032,1,58.75,58.75
205028,P0010,2,64.93,129.86
205028,P0022,1,64.31,64.31
205029,P0034,1,38.45,38.45
205029,P0017,2,10.1,20.2
205030,P0023,2,69.2,138.4
205030,P0020,2,44.12,88.24
205030,P0024,2,48.2,96.4
205031,P0017,2,9.42,18.84
205031,P0027,1,30.24,30.24
205032,P0016,2,10.54,21.08
205032,P0034,2,41.27,82.54
205032,P0038,1,54.55,54.55
205033,P0016,1,10.6,10.6
205034,P0005,1,46.21,46.21
205034,P0016,1,10.62,10.62
205035,P0005,2,40.72,81.44
205035,P0032,2,63.83,127.66
205036,P0022,2,66.21,132.42
205036,P0023,2,68.02,136.04
205036,P0032,2,61.61,123.22
205037,P0005,1,42.43,42.43
205037,P0003,1,47.2,47.2
205037,P0008,1,46.71,46.71
205038,P0015,2,54.07,108.14
205039,P0027,2,31.21,62.42
205039,P0040,2,79.27,158.54
205039,P0025,2,37.31,74.62
205040,P0028,1,18.01,18.01
205040,P0002,2,41.49,82.98
205040,P0019,1,52.36,52.36
205041,P0023,1,68.94,68.94
205041,P0012,2,41.36,82.72
205041,P0023,1,70.93,70.93
205042,P0021,1,26.85,26.85
205043,P0036,2,27.22,54.44
205044,P0033,1,16.02,16.02
205045,P0035,1,49.08,49.08
205045,P0017,1,10.11,10.11
205045,P0021,2,31.3,62.6
205046,P0032,1,62.93,62.93
205047,P0033,1,18.3,18.3
205047,P0026,2,13.13,26.26
205047,P0016,1,10.55,10.55
205048,P0032,2,61.95,123.9
205049,P0033,2,16.2,32.4
205049,P0037,2,32.31,64.62
205050,P0030,2,71.36,142.72
205050,P0021,2,28.7,57.4
205050,P0010,1,64.89,64.89
205051,P0016,2,10.22,20.44
205051,P0003,1,49.09,49.09
205052,P0028,1,21.36,21.36
205052,P0010,2,59.68,119.36
205052,P0005,2,48.89,97.78
205053,P0035,2,53.7,107.4
205053,P0021,2,27.89,55.78
205053,P0012,2,46.41,92.82
205054,P0033,2,17.72,35.44
205054,P0014,2,66.74,133.48
205055,P0017,1,10.08,10.08
205055,P0009,2,66.48,132.96
205055,P0007,2,26.1,52.2
205056,P0014,2,70.3,140.6
205056,P0012,1,40.53,40.53
205057,P0034,2,43.88,87.76
205058,P0016,2,10.12,20.24
205058,P0033,1,18.3,18.3
205058,P0040,1,68.97,68.97
205059,P0021,2,28.57,57.14
205059,P0024,1,47.86,47.86
205060,P0006,2,45.0,90.0
205060,P0018,1,48.07,48.07
205060,P0003,1,49.12,49.12
205061,P0036,1,26.03,26.03
205062,P0010,2,70.99,141.98
205062,P0018,1,42.19,42.19
205062,P0013,2,49.43,98.86
205063,P0030,1,74.5,74.5
205063,P0002,2,38.77,77.54
205064,P0029,2,53.21,106.42
205065,P0038,2,55.27,110.54
205065,P0013,1,54.17,54.17
205065,P0001,1,34.56,34.56
205066,P0004,1,24.64,24.64
205066,P0022,1,55.77,55.77
205067,P0037,1,28.47,28.47
205067,P0016,1,9.11,9.11
205067,P0001,1,33.9,33.9
205068,P0008,2,53.86,107.72
205068,P0026,1,11.56,11.56
205069,P0003,2,47.1,94.2
205069,P0001,2,28.89,57.78
205070,P0028,1,17.71,17.71
205070,P0007,1,26.24,26.24
205070,P0034,2,43.15,86.3
205071,P0003,2,49.7,99.4
205072,P0013,2,50.3,100.6
205073,P0039,1,74.04,74.04
205073,P0025,2,34.31,68.62
205073,P0005,1,43.94,43.94
205074,P0033,2,17.85,35.7
205075,P0033,1,16.56,16.56
205075,P0023,1,67.02,67.02
205076,P0012,1,47.86,47.86
205077,P0023,1,69.9,69.9
205077,P0022,2,66.31,132.62
205077,P0036,1,24.53,24.53
205078,P0013,2,49.45,98.9
205078,P0035,2,48.34,96.68
205079,P0011,1,73.79,73.79
205079,P0029,2,57.85,115.7
205079,P0021,2,31.0,62.0
205080,P0005,2,41.61,83.22
205081,P0022,2,61.06,122.12
205081,P0032,1,56.05,56.05
205082,P0007,2,22.01,44.02
205083,P0038,2,55.14,110.28
205084,P0021,1,29.86,29.86
205085,P0028,2,21.2,42.4
205085,P0030,2,73.65,147.3
205086,P0014,1,80.45,80.45
205087,P0021,2,25.92,51.84
205087,P0013,2,58.11,116.22
205087,P0025,1,40.26,40.26
205088,P0006,2,43.66,87.32
205088,P0018,1,45.71,45.71
205089,P0040,1,76.41,76.41
205089,P0040,1,73.09,73.09
205090,P0034,1,44.04,44.04
205091,P0007,2,26.06,52.12
205091,P0033,1,17.1,17.1
205092,P0038,2,54.72,109.44
205092,P0023,2,69.35,138.7
205093,P0038,1,55.38,55.38
205094,P0017,2,9.43,18.86
205095,P0028,1,20.54,20.54
205096,P0035,2,48.44,96.88
205096,P0023,2,68.77,137.54
205096,P0017,1,8.7,8.7
205097,P0013,1,51.21,51.21
205097,P0012,1,44.92,44.92
205098,P0019,1,46.22,46.22
205098,P0009,2,54.96,109.92
205099,P0036,1,27.16,27.16
205099,P0016,1,9.99,9.99
205099,P0037,2,31.3,62.6
205100,P0007,2,25.24,50.48
205101,P0034,1,46.87,46.87
205102,P0021,1,29.48,29.48
205102,P0029,2,54.12,108.24
205102,P0038,1,55.42,55.42
205103,P0018,2,44.11,88.22
205103,P0012,2,46.04,92.08
205103,P0032,1,53.49,53.49
205104,P0034,1,43.95,43.95
205104,P0006,1,48.79,48.79
205105,P0030,1,72.69,72.69
205105,P0023,1,79.7,79.7
205106,P0014,1,77.4,77.4
205106,P0023,2,69.37,138.74
205106,P0018,2,46.82,93.64
205107,P0002,2,43.47,86.94
205108,P0004,2,26.21,52.42
205109,P0007,1,25.58,25.58
205110,P0025,2,33.11,66.22
205111,P0005,2,44.08,88.16
205112,P0032,1,55.27,55.27
205112,P0013,2,48.15,96.3
205113,P0039,1,66.27,66.27
205113,P0034,2,40.62,81.24
205113,P0003,1,46.08,46.08
205114,P0011,1,68.7,68.7
205114,P0027,1,34.59,34.59
205114,P0026,1,11.79,11.79
205115,P0017,1,9.13,9.13
205115,P0026,2,12.16,24.32
205115,P0017,1,10.53,10.53
205116,P0028,2,21.37,42.74
205116,P0015,2,51.64,103.28
205117,P0018,2,51.06,102.12
205117,P0023,2,68.63,137.26
205117,P0010,2,72.0,144.0
205118,P0023,2,77.95,155.9
205119,P0016,2,10.43,20.86
205120,P0038,1,57.13,57.13
205120,P0006,2,42.8,85.6
205121,P0011,1,70.77,70.77
205121,P0027,1,31.18,31.18
205121,P0023,2,68.72,137.44
205122,P0018,2,50.9,101.8
205122,P0033,1,19.61,19.61
205122,P0039,2,71.73,143.46
205123,P0036,1,27.45,27.45
205123,P0018,1,42.69,42.69
205124,P0040,2,72.8,145.6
205124,P0025,2,33.22,66.44
205124,P0035,1,52.11,52.11
205125,P0026,2,13.99,27.98
205125,P0007,1,23.06,23.06
205126,P0034,1,38.14,38.14
205126,P0015,1,54.6,54.6
205127,P0001,1,29.83,29.83
205128,P0039,1,65.82,65.82
205129,P0030,2,68.15,136.3
205130,P0003,1,54.31,54.31
205130,P0021,2,29.74,59.48
205130,P0016,1,10.64,10.64
205131,P0037,1,28.29,28.29
205131,P0011,1,73.15,73.15
205132,P0023,1,65.75,65.75
205133,P0028,1,19.38,19.38
205133,P0005,1,42.97,42.97
205133,P0014,1,66.26,66.26
205134,P0037,1,30.91,30.91
205134,P0017,1,9.04,9.04
205134,P0015,2,51.3,102.6
205135,P0030,2,71.93,143.86
205135,P0031,1,21.85,21.85
205136,P0030,1,79.38,79.38
205137,P0012,1,45.52,45.52
205137,P0023,1,72.03,72.03
205138,P0037,2,30.76,61.52
205138,P0013,1,48.67,48.67
205139,P0039,1,79.42,79.42
205140,P0019,2,52.9,105.8
205140,P0021,1,29.64,29.64
205140,P0011,2,81.34,162.68
205141,P0008,1,55.33,55.33
205141,P0032,2,54.89,109.78
205141,P0028,2,19.76,39.52
205142,P0011,1,81.68,81.68
205143,P0004,1,27.77,27.77
205144,P0027,2,30.03,60.06
205144,P0010,1,66.82,66.82
205145,P0022,1,64.41,64.41
205145,P0023,2,72.51,145.02
205146,P0029,2,54.27,108.54
205146,P0032,1,57.57,57.57
205147,P0036,1,27.37,27.37
205147,P0023,2,73.97,147.94
205147,P0033,2,17.62,35.24
205148,P0035,2,50.23,100.46
205149,P0020,2,47.31,94.62
205150,P0031,1,22.94,22.94
205151,P0007,2,22.24,44.48
205152,P0029,2,53.48,106.96
205152,P0005,1,42.02,42.02
205152,P0038,2,55.96,111.92
205153,P0016,2,10.37,20.74
205153,P0026,2,12.68,25.36
205154,P0007,2,22.05,44.1
205155,P0011,1,70.97,70.97
205156,P0015,2,57.32,114.64
205157,P0006,1,43.79,43.79
205157,P0005,2,48.36,96.72
205158,P0018,1,49.61,49.61
205158,P0030,2,69.09,138.18
205158,P0013,1,54.51,54.51
205159,P0014,2,73.5,147.0
205160,P0002,1,43.44,43.44
205160,P0013,1,54.98,54.98
205161,P0008,1,48.26,48.26
205161,P0009,1,62.4,62.4
205162,P0034,1,44.46,44.46
205162,P0035,1,47.27,47.27
205163,P0033,2,17.67,35.34
205163,P0039,2,78.21,156.42
205163,P0025,1,38.52,38.52
205164,P0003,2,49.94,99.88
205165,P0012,2,43.76,87.52
205165,P0014,2,68.93,137.86
205166,P0003,2,48.47,96.94
205166,P0017,2,9.25,18.5
205167,P0036,2,24.98,49.96
205167,P0019,1,48.84,48.84
205167,P0018,2,48.08,96.16
205168,P0017,1,8.65,8.65
205168,P0006,1,43.37,43.37
205169,P0039,1,76.79,76.79
205169,P0015,1,58.83,58.83
205169,P0014,2,74.85,149.7
205170,P0040,1,79.15,79.15
205171,P0008,1,47.46,47.46
205171,P0040,1,72.82,72.82
205172,P0003,1,51.76,51.76
205172,P0003,2,52.51,105.02
205172,P0028,1,18.86,18.86
205173,P0001,2,29.69,59.38
205173,P0015,2,55.02,110.04
205173,P0007,1,22.09,22.09
205174,P0038,1,50.08,50.08
205174,P0037,1,33.37,33.37
205175,P0016,2,10.75,21.5
205175,P0021,1,31.4,31.4
205176,P0022,1,62.03,62.03
205176,P0005,2,44.33,88.66
205176,P0029,2,57.9,115.8
205177,P0027,2,28.45,56.9
205177,P0009,1,61.52,61.52
205177,P0034,2,44.88,89.76
205178,P0040,2,75.35,150.7
205178,P0029,2,55.39,110.78
205178,P0015,1,58.17,58.17
205179,P0019,1,56.25,56.25
205180,P0028,2,18.67,37.34
205180,P0027,1,30.48,30.48
205180,P0015,1,59.8,59.8
205181,P0025,1,34.57,34.57
205181,P0006,1,46.89,46.89
205181,P0022,2,55.94,111.88
205182,P0010,1,63.45,63.45
205183,P0026,1,11.45,11.45
205183,P0014,1,66.25,66.25
205184,P0008,1,53.82,53.82
205184,P0001,2,31.51,63.02
205184,P0010,2,58.58,117.16
205185,P0023,2,77.85,155.7
205186,P0031,2,25.66,51.32
205187,P0025,2,33.9,67.8
205188,P0037,1,28.7,28.7
205189,P0003,1,55.22,55.22
205189,P0007,2,23.91,47.82
205189,P0040,1,78.09,78.09
205190,P0009,2,58.94,117.88
205190,P0004,1,26.58,26.58
205190,P0019,1,46.97,46.97
205191,P0027,1,28.82,28.82
205192,P0004,2,24.99,49.98
205192,P0014,2,80.84,161.68
205193,P0027,2,29.79,59.58
205193,P0029,1,58.01,58.01
205193,P0017,2,10.24,20.48
205194,P0019,1,55.46,55.46
205194,P0010,2,64.59,129.18
205194,P0021,2,28.3,56.6
205195,P0026,2,12.06,24.12
205196,P0020,1,49.5,49.5
205197,P0001,1,34.59,34.59
205197,P0020,1,51.62,51.62
205197,P0003,1,46.23,46.23
205198,P0032,2,59.42,118.84
205198,P0018,1,47.41,47.41
205199,P0006,1,45.55,45.55
205199,P0037,1,30.95,30.95
205200,P0011,1,72.83,72.83
205200,P0024,2,46.39,92.78
205200,P0039,2,78.66,157.32
205201,P0010,2,60.35,120.7
205201,P0033,1,16.32,16.32
205201,P0034,1,41.24,41.24
205202,P0011,1,68.97,68.97
205202,P0022,2,59.36,118.72
205203,P0016,2,8.86,17.72
205204,P0012,1,47.79,47.79
205205,P0032,2,58.02,116.04
205205,P0031,2,24.75,49.5
205205,P0026,2,13.89,27.78
205206,P0001,2,32.15,64.3
205207,P0026,2,12.01,24.02
205207,P0002,2,41.12,82.24
205208,P0017,1,10.12,10.12
205208,P0002,2,40.26,80.52
205209,P0040,2,75.8,151.6
205209,P0032,1,62.08,62.08
205210,P0032,1,59.43,59.43
205210,P0037,1,29.17,29.17
205210,P0013,1,50.73,50.73
205211,P0003,2,47.58,95.16
205212,P0036,2,26.72,53.44
205212,P0017,1,10.5,10.5
205212,P0002,1,46.33,46.33
205213,P0026,1,12.7,12.7
205213,P0017,1,9.27,9.27
205213,P0031,2,24.92,49.84
205214,P0011,1,69.07,69.07
205214,P0003,1,54.22,54.22
205214,P0005,1,44.55,44.55
205215,P0036,2,25.83,51.66
205215,P0018,2,43.07,86.14
205215,P0035,2,57.33,114.66
205216,P0016,2,9.71,19.42
205216,P0027,2,33.09,66.18
205217,P0023,1,74.66,74.66
205217,P0005,1,40.88,40.88
205217,P0031,1,26.34,26.34
205218,P0021,2,25.96,51.92
205219,P0011,2,83.11,166.22
205219,P0039,1,76.33,76.33
205220,P0027,2,32.38,64.76
205220,P0012,2,44.62,89.24
205220,P0006,2,47.39,94.78
205221,P0030,1,74.3,74.3
205221,P0026,1,12.61,12.61
205222,P0033,1,16.45,16.45
205222,P0015,2,62.27,124.54
205223,P0006,2,42.47,84.94
205223,P0018,2,42.29,84.58
205224,P0037,1,32.07,32.07
205224,P0014,1,71.31,71.31
205225,P0003,2,49.16,98.32
205225,P0024,1,45.71,45.71
205226,P0005,1,46.45,46.45
205227,P0022,1,59.87,59.87
205228,P0024,2,46.04,92.08
205229,P0020,1,49.63,49.63
205229,P0014,1,73.77,73.77
205230,P0011,1,80.75,80.75
205230,P0008,2,47.96,95.92
205231,P0022,2,65.51,131.02
205231,P0018,2,42.09,84.18
205231,P0030,2,68.78,137.56
205232,P0038,2,49.19,98.38
205232,P0019,2,48.27,96.54
205233,P0038,2,53.09,106.18
205233,P0039,1,73.2,73.2
205233,P0013,2,48.58,97.16
205234,P0033,2,16.22,32.44
205235,P0020,1,45.81,45.81
205235,P0036,2,23.07,46.14
205235,P0012,1,40.4,40.4
205236,P0011,2,82.84,165.68
205237,P0016,2,9.18,18.36
205237,P0032,2,63.98,127.96
205238,P0006,2,43.71,87.42
205238,P0032,1,53.25,53.25
205238,P0001,1,29.19,29.19
205239,P0012,1,42.81,42.81
205240,P0037,2,31.32,62.64
205240,P0030,2,69.08,138.16
205241,P0019,2,53.92,107.84
205241,P0016,2,10.36,20.72
205242,P0016,1,9.99,9.99
205242,P0009,2,67.32,134.64
205242,P0015,1,57.13,57.13
205243,P0016,1,10.66,10.66
205243,P0040,2,68.69,137.38
205243,P0010,1,64.64,64.64
205244,P0038,1,50.28,50.28
205244,P0021,2,28.8,57.6
205244,P0009,2,65.82,131.64
205245,P0005,2,40.77,81.54
205245,P0023,1,69.0,69.0
205246,P0027,1,34.76,34.76
205246,P0030,1,71.15,71.15
205247,P0020,2,45.15,90.3
205247,P0022,1,62.44,62.44
205247,P0028,2,21.18,42.36
205248,P0035,1,55.07,55.07
205248,P0008,2,52.54,105.08
205248,P0003,1,54.52,54.52
205249,P0030,2,67.87,135.74
205249,P0019,1,49.86,49.86
205250,P0010,1,58.69,58.69
205250,P0008,1,48.47,48.47
205250,P0023,2,72.34,144.68
205251,P0038,2,55.22,110.44
205251,P0006,2,42.34,84.68
205252,P0007,1,24.1,24.1
205252,P0023,2,69.44,138.88
205253,P0032,1,61.85,61.85
205254,P0039,2,65.17,130.34
205255,P0024,2,44.64,89.28
205255,P0013,2,51.53,103.06
205256,P0016,1,10.2,10.2
205256,P0009,1,55.94,55.94
205256,P0013,2,49.25,98.5
205257,P0001,2,32.95,65.9
205257,P0039,1,74.5,74.5
205257,P0012,1,46.61,46.61
205258,P0013,1,56.45,56.45
205258,P0031,2,25.85,51.7
205259,P0006,2,42.18,84.36
205260,P0016,2,10.04,20.08
205261,P0039,1,71.05,71.05
205262,P0029,2,52.94,105.88
205262,P0006,1,45.8,45.8
205262,P0033,2,19.02,38.04
205263,P0023,1,68.96,68.96
205263,P0010,1,63.64,63.64
205264,P0009,2,59.89,119.78
205264,P0017,2,10.31,20.62
205265,P0002,1,45.95,45.95
205265,P0040,1,70.37,70.37
205265,P0005,1,41.67,41.67
205266,P0010,2,71.85,143.7
205266,P0020,2,54.36,108.72
205266,P0006,1,48.21,48.21
205267,P0032,1,52.89,52.89
205267,P0029,2,52.48,104.96
205267,P0015,1,54.47,54.47
205268,P0037,2,31.09,62.18
205268,P0018,1,42.76,42.76
205268,P0007,1,23.04,23.04
205269,P0040,1,81.42,81.42
205269,P0012,1,45.03,45.03
205270,P0029,1,55.91,55.91
205270,P0019,1,49.54,49.54
205271,P0016,2,9.58,19.16
205272,P0016,2,10.72,21.44
205272,P0020,1,46.75,46.75
205273,P0018,2,47.41,94.82
205273,P0023,1,74.33,74.33
205274,P0028,2,18.69,37.38
205275,P0014,1,77.94,77.94
205275,P0020,2,47.09,94.18
205276,P0037,1,31.71,31.71
205276,P0009,1,62.11,62.11
205276,P0036,2,26.18,52.36
205277,P0004,2,27.65,55.3
205277,P0038,2,49.64,99.28
205277,P0015,1,59.66,59.66
205278,P0030,2,71.93,143.86
205278,P0016,1,8.8,8.8
205278,P0035,2,51.25,102.5
205279,P0007,1,23.12,23.12
205280,P0021,2,30.12,60.24
205280,P0026,1,11.48,11.48
205280,P0035,1,47.9,47.9
205281,P0016,2,10.55,21.1
205282,P0008,2,54.7,109.4
205283,P0023,1,76.85,76.85
205284,P0017,2,9.09,18.18
205284,P0007,1,23.68,23.68
205284,P0018,2,42.39,84.78
205285,P0029,2,47.43,94.86
205285,P0002,1,46.57,46.57
205285,P0014,2,77.62,155.24
205286,P0011,1,78.93,78.93
205286,P0028,2,18.99,37.98
205286,P0032,1,54.5,54.5
205287,P0003,2,50.18,100.36
205288,P0034,1,42.0,42.0
205288,P0022,1,66.29,66.29
205288,P0010,1,64.07,64.07
205289,P0022,2,66.14,132.28
205289,P0038,2,56.44,112.88
205290,P0037,1,32.26,32.26
205291,P0001,1,31.51,31.51
205292,P0013,2,53.58,107.16
205293,P0007,2,26.32,52.64
205293,P0018,2,49.17,98.34
205294,P0031,2,24.7,49.4
205295,P0009,1,66.33,66.33
205296,P0037,1,33.35,33.35
205296,P0034,2,38.76,77.52
205296,P0002,1,41.3,41.3
205297,P0005,2,41.96,83.92
205298,P0001,1,35.43,35.43
205298,P0032,2,55.6,111.2
205299,P0005,2,46.11,92.22
205300,P0021,1,31.05,31.05
205300,P0030,2,67.93,135.86
205301,P0039,2,66.07,132.14
205301,P0040,2,78.03,156.06
205302,P0004,2,26.29,52.58
205302,P0031,2,24.55,49.1
205302,P0023,2,66.13,132.26
205303,P0005,1,42.05,42.05
205304,P0004,2,25.61,51.22
205304,P0032,2,61.03,122.06
205305,P0001,1,34.42,34.42
205306,P0010,2,70.69,141.38
205306,P0023,1,67.89,67.89
205307,P0009,1,57.23,57.23
205307,P0032,1,53.03,53.03
205308,P0038,2,58.56,117.12
205308,P0039,2,73.61,147.22
205308,P0016,2,10.5,21.0
205309,P0027,2,31.62,63.24
205309,P0024,2,45.8,91.6
205309,P0024,1,43.63,43.63
205310,P0031,1,24.01,24.01
205311,P0032,1,53.27,53.27
205311,P0031,2,22.96,45.92
205311,P0025,1,37.31,37.31
205312,P0035,2,54.21,108.42
205312,P0012,2,39.91,79.82
205312,P0021,1,30.85,30.85
205313,P0009,2,56.13,112.26
205313,P0032,2,60.36,120.72
205313,P0040,2,72.73,145.46
205314,P0030,2,67.18,134.36
205314,P0021,2,30.84,61.68
205315,P0010,1,71.52,71.52
205316,P0020,1,47.35,47.35
205317,P0035,2,53.48,106.96
205317,P0021,2,30.25,60.5
205317,P0033,1,16.94,16.94
205318,P0024,2,45.11,90.22
205318,P0028,1,20.8,20.8
205319,P0018,1,49.27,49.27
205320,P0034,1,46.44,46.44
205321,P0008,1,45.59,45.59
205321,P0030,2,74.78,149.56
205322,P0005,1,43.05,43.05
205323,P0018,1,47.2,47.2
205324,P0026,2,13.51,27.02
205325,P0036,1,27.43,27.43
205326,P0026,1,12.61,12.61
205327,P0008,1,53.72,53.72
205327,P0007,1,22.49,22.49
205327,P0033,2,17.17,34.34
205328,P0035,1,54.6,54.6
205328,P0001,2,29.45,58.9
205329,P0035,2,57.84,115.68
205330,P0007,1,24.41,24.41
205330,P0014,1,79.25,79.25
205331,P0024,2,49.19,98.38
205331,P0024,2,47.99,95.98
205331,P0013,1,48.29,48.29
205332,P0020,1,53.45,53.45
205332,P0036,1,26.64,26.64
205332,P0003,2,47.93,95.86
205333,P0028,1,21.47,21.47
205333,P0002,1,38.69,38.69
205333,P0020,1,50.04,50.04
205334,P0002,2,43.09,86.18
205335,P0001,1,31.9,31.9
205336,P0009,2,62.54,125.08
205336,P0026,1,12.91,12.91
205336,P0020,2,50.25,100.5
205337,P0006,2,45.95,91.9
205337,P0010,2,71.43,142.86
205337,P0013,2,56.09,112.18
205338,P0025,2,34.51,69.02
205338,P0018,2,46.4,92.8
205339,P0028,2,18.56,37.12
205339,P0016,1,10.5,10.5
205339,P0004,1,24.0,24.0
205340,P0009,2,57.19,114.38
205340,P0018,2,44.47,88.94
205341,P0011,1,72.78,72.78
205342,P0026,1,11.81,11.81
205343,P0037,1,30.31,30.31
205343,P0002,2,45.91,91.82
205344,P0024,2,47.8,95.6
205344,P0024,2,43.63,87.26
205344,P0018,2,42.83,85.66
205345,P0034,2,41.58,83.16
205346,P0034,2,46.61,93.22
205346,P0037,1,27.31,27.31
205346,P0015,2,60.05,120.1
205347,P0039,2,65.54,131.08
205347,P0019,2,52.92,105.84
205348,P0002,1,44.49,44.49
205349,P0008,1,54.41,54.41
205350,P0027,1,28.96,28.96
205350,P0004,1,23.4,23.4
205351,P0026,1,11.53,11.53
205351,P0037,2,32.7,65.4
205351,P0034,2,44.12,88.24
205352,P0037,1,28.43,28.43
205353,P0038,2,54.3,108.6
205354,P0007,2,26.75,53.5
205355,P0001,2,33.73,67.46
205355,P0017,2,9.95,19.9
205356,P0026,1,12.04,12.04
205356,P0017,1,10.5,10.5
205357,P0030,2,69.57,139.14
205357,P0024,2,49.76,99.52
205357,P0022,2,59.46,118.92
205358,P0009,1,64.62,64.62
205358,P0020,2,48.98,97.96
205359,P0029,1,57.79,57.79
205360,P0001,2,30.55,61.1
205361,P0033,1,19.39,19.39
205362,P0036,2,25.51,51.02
205362,P0018,1,48.37,48.37
205363,P0019,1,52.58,52.58
205363,P0035,1,52.49,52.49
205363,P0034,1,42.09,42.09
205364,P0012,1,40.51,40.51
205364,P0009,1,58.87,58.87
205365,P0028,1,19.87,19.87
205366,P0013,2,48.47,96.94
205367,P0001,1,30.7,30.7
205367,P0009,2,55.83,111.66
205367,P0029,1,52.53,52.53
205368,P0004,2,26.29,52.58
205368,P0037,1,29.94,29.94
205368,P0029,2,57.0,114.0
205369,P0024,2,45.76,91.52
205369,P0038,1,55.32,55.32
205369,P0034,1,41.87,41.87
205370,P0039,1,70.63,70.63
205370,P0020,1,53.87,53.87
205370,P0026,2,13.32,26.64
205371,P0021,2,26.56,53.12
205372,P0007,1,23.1,23.1
205372,P0018,1,42.54,42.54
205372,P0002,1,41.48,41.48
205373,P0003,1,50.96,50.96
205373,P0034,2,45.23,90.46
205373,P0005,2,43.62,87.24
205374,P0027,2,31.22,62.44
205375,P0005,1,47.0,47.0
205375,P0033,1,19.22,19.22
205375,P0005,1,46.51,46.51
205376,P0014,1,76.25,76.25
205376,P0028,2,20.97,41.94
205377,P0035,2,56.13,112.26
205377,P0005,1,43.25,43.25
205377,P0004,1,23.98,23.98
205378,P0031,1,24.95,24.95
205378,P0015,2,55.52,111.04
205378,P0017,2,9.5,19.0
205379,P0038,1,58.96,58.96
205379,P0028,1,19.87,19.87
205379,P0034,2,41.28,82.56
205380,P0020,1,49.68,49.68
205381,P0018,1,51.3,51.3
205381,P0030,1,65.04,65.04
205382,P0031,1,23.49,23.49
205383,P0011,2,70.83,141.66
205384,P0005,2,45.31,90.62
205384,P0039,2,77.22,154.44
205385,P0011,2,75.03,150.06
205385,P0006,2,42.13,84.26
205386,P0033,1,16.87,16.87
205387,P0038,1,53.91,53.91
205387,P0030,1,79.16,79.16
205388,P0040,2,73.57,147.14
205389,P0005,2,46.3,92.6
205390,P0006,2,46.63,93.26
205390,P0039,1,74.6,74.6
205391,P0010,2,63.21,126.42
205392,P0024,2,49.07,98.14
205393,P0030,2,74.67,149.34
205393,P0033,1,17.93,17.93
205393,P0015,2,53.3,106.6
205394,P0034,2,40.61,81.22
205394,P0018,2,50.92,101.84
205394,P0008,2,49.46,98.92
205395,P0011,1,74.57,74.57
205395,P0003,2,53.04,106.08
205395,P0038,1,50.86,50.86
205396,P0003,2,46.3,92.6
205397,P0014,1,72.49,72.49
205397,P0012,2,41.52,83.04
205397,P0002,1,43.03,43.03
205398,P0013,2,51.85,103.7
205398,P0026,1,12.63,12.63
205398,P0003,2,52.9,105.8
205399,P0001,1,30.92,30.92
205399,P0001,2,32.08,64.16
205399,P0028,1,18.97,18.97
205400,P0008,2,47.27,94.54
205401,P0029,2,51.36,102.72
205402,P0028,1,19.35,19.35
205402,P0002,1,39.6,39.6
205402,P0002,2,40.03,80.06
205403,P0005,1,41.89,41.89
205403,P0019,1,46.43,46.43
205404,P0024,2,47.38,94.76
205404,P0028,2,19.62,39.24
205404,P0027,2,33.63,67.26
205405,P0031,2,22.44,44.88
205405,P0006,1,49.11,49.11
205405,P0016,1,10.3,10.3
205406,P0022,1,57.09,57.09
205407,P0030,1,76.69,76.69
205407,P0034,1,40.83,40.83
205407,P0025,2,37.81,75.62
205408,P0010,2,59.0,118.0
205409,P0025,1,40.57,40.57
205409,P0002,2,40.34,80.68
205410,P0021,2,30.72,61.44
205411,P0023,1,69.73,69.73
205412,P0010,2,66.64,133.28
205412,P0007,1,26.79,26.79
205412,P0029,1,56.16,56.16
205413,P0025,2,40.47,80.94
205413,P0024,2,49.96,99.92
205414,P0019,1,53.3,53.3
205414,P0031,1,23.01,23.01
205414,P0030,1,68.85,68.85
205415,P0013,1,53.74,53.74
205416,P0030,2,75.97,151.94
205416,P0020,1,46.89,46.89
205417,P0035,1,49.08,49.08
205418,P0004,2,24.08,48.16
205418,P0038,1,56.71,56.71
205419,P0005,2,41.44,82.88
205419,P0039,2,66.7,133.4
205420,P0009,2,64.39,128.78
205420,P0005,2,44.55,89.1
205420,P0031,1,25.86,25.86
205421,P0022,1,63.94,63.94
205422,P0022,2,60.04,120.08
205423,P0015,1,52.58,52.58
205423,P0030,2,77.51,155.02
205423,P0020,2,44.2,88.4
205424,P0009,2,63.95,127.9
205425,P0019,1,49.33,49.33
205425,P0024,2,48.24,96.48
205426,P0006,2,46.24,92.48
205426,P0014,1,78.89,78.89
205426,P0002,2,41.61,83.22
205427,P0036,2,24.35,48.7
205427,P0040,1,74.25,74.25
205427,P0037,2,29.9,59.8
205428,P0007,1,22.0,22.0
205428,P0037,1,31.55,31.55
205428,P0021,1,28.29,28.29
205429,P0019,2,46.72,93.44
205429,P0019,2,47.15,94.3
205429,P0025,1,39.39,39.39
205430,P0030,2,66.96,133.92
205430,P0010,1,66.41,66.41
205430,P0013,2,56.05,112.1
205431,P0014,2,76.84,153.68
205431,P0036,2,25.56,51.12
205432,P0020,1,52.92,52.92
205432,P0023,2,76.76,153.52
205432,P0011,1,69.48,69.48
205433,P0036,2,26.24,52.48
205433,P0040,2,75.7,151.4
205433,P0024,1,42.72,42.72
205434,P0032,2,55.22,110.44
205434,P0021,2,28.96,57.92
205434,P0009,1,63.91,63.91
205435,P0020,2,44.65,89.3
205435,P0007,2,24.53,49.06
205435,P0018,2,46.62,93.24
205436,P0040,1,68.59,68.59
205436,P0037,2,31.18,62.36
205436,P0029,2,48.29,96.58
205437,P0005,2,41.15,82.3
205437,P0022,2,67.78,135.56
205438,P0022,2,62.67,125.34
205438,P0010,2,67.96,135.92
205438,P0033,1,17.24,17.24
205439,P0021,1,26.1,26.1
205439,P0026,2,12.71,25.42
205439,P0004,1,24.06,24.06
205440,P0015,2,62.03,124.06
205440,P0003,1,55.57,55.57
205440,P0035,2,47.86,95.72
205441,P0032,2,57.96,115.92
205441,P0006,2,47.84,95.68
205442,P0040,1,68.07,68.07
205442,P0004,1,24.53,24.53
205443,P0036,1,25.87,25.87
205444,P0002,2,46.91,93.82
205444,P0034,2,45.02,90.04
205444,P0031,2,22.47,44.94
205445,P0011,2,68.18,136.36
205445,P0027,1,31.96,31.96
205445,P0013,1,49.23,49.23
205446,P0038,2,50.52,101.04
205447,P0005,2,41.19,82.38
205447,P0013,1,51.29,51.29
205447,P0005,1,45.69,45.69
205448,P0027,1,33.12,33.12
205448,P0024,1,46.89,46.89
205448,P0029,2,53.85,107.7
205449,P0017,2,10.09,20.18
205449,P0007,2,24.73,49.46
205449,P0013,2,56.18,112.36
205450,P0021,2,26.79,53.58
205451,P0038,1,57.87,57.87
205452,P0001,2,32.15,64.3
205452,P0020,1,46.94,46.94
205453,P0017,1,9.25,9.25
205453,P0013,2,57.13,114.26
205453,P0021,2,28.36,56.72
205454,P0002,2,45.13,90.26
205455,P0008,1,47.61,47.61
205456,P0018,2,43.68,87.36
205457,P0024,1,44.04,44.04
205457,P0022,2,61.47,122.94
205458,P0021,2,31.14,62.28
205459,P0013,2,57.77,115.54
205459,P0034,1,43.76,43.76
205459,P0020,1,48.4,48.4
205460,P0016,1,8.99,8.99
205461,P0009,1,58.73,58.73
205462,P0036,1,26.87,26.87
205462,P0003,2,50.45,100.9
205463,P0014,2,77.1,154.2
205463,P0032,2,52.5,105.0
205464,P0029,1,53.79,53.79
205465,P0020,1,51.48,51.48
205465,P0001,1,32.97,32.97
205465,P0034,1,40.14,40.14
205466,P0005,1,45.63,45.63
205467,P0015,1,55.67,55.67
205468,P0015,1,51.58,51.58
205468,P0038,1,50.36,50.36
205469,P0021,1,26.69,26.69
205469,P0040,1,68.08,68.08
205470,P0014,2,68.78,137.56
205470,P0003,2,47.32,94.64
205470,P0021,2,29.57,59.14
205471,P0013,2,47.59,95.18
205471,P0010,1,71.16,71.16
205471,P0040,2,68.19,136.38
205472,P0021,1,29.07,29.07
205472,P0020,2,53.66,107.32
205473,P0029,2,51.67,103.34
205473,P0037,2,33.01,66.02
205473,P0031,1,25.28,25.28
205474,P0023,1,76.97,76.97
205475,P0028,2,18.66,37.32
205475,P0012,2,41.43,82.86
205475,P0038,1,56.25,56.25
205476,P0009,2,57.54,115.08
205476,P0007,1,22.24,22.24
205476,P0036,2,24.45,48.9
205477,P0003,1,46.0,46.0
205477,P0002,1,42.22,42.22
205478,P0018,2,42.81,85.62
205479,P0006,2,46.45,92.9
205480,P0009,1,64.57,64.57
205481,P0016,2,8.88,17.76
205482,P0029,1,48.98,48.98
205482,P0022,1,63.57,63.57
205482,P0009,2,64.53,129.06
205483,P0039,1,68.22,68.22
205483,P0037,2,30.83,61.66
205484,P0032,1,62.54,62.54
205485,P0005,1,42.74,42.74
205485,P0015,1,57.57,57.57
205485,P0028,1,19.76,19.76
205486,P0015,2,61.1,122.2
205486,P0017,1,10.6,10.6
205487,P0005,1,43.11,43.11
205488,P0019,1,53.68,53.68
205489,P0025,1,34.87,34.87
205489,P0036,2,27.29,54.58
205489,P0003,1,46.72,46.72
205490,P0029,2,52.49,104.98
205490,P0010,1,59.09,59.09
205490,P0025,1,36.73,36.73
205491,P0030,2,71.25,142.5
205491,P0035,2,56.31,112.62
205492,P0011,1,69.14,69.14
205493,P0005,1,42.32,42.32
205494,P0009,1,65.02,65.02
205495,P0039,2,72.22,144.44
205496,P0007,2,22.95,45.9
205496,P0017,2,10.44,20.88
205496,P0037,1,31.83,31.83
205497,P0033,2,19.22,38.44
205497,P0021,1,26.87,26.87
205498,P0036,1,26.49,26.49
205498,P0017,2,8.85,17.7
205498,P0033,2,17.4,34.8
205499,P0012,1,48.35,48.35
205499,P0013,2,51.85,103.7
205500,P0039,2,75.57,151.14
205501,P0018,1,47.05,47.05
205501,P0010,1,58.84,58.84
205502,P0012,2,40.89,81.78
205503,P0040,2,69.58,139.16
205503,P0023,2,79.07,158.14
205503,P0005,1,48.4,48.4
205504,P0033,1,19.38,19.38
205505,P0009,2,66.83,133.66
205505,P0037,1,31.68,31.68
205505,P0019,2,52.83,105.66
205506,P0013,2,53.82,107.64
205507,P0038,1,59.18,59.18
205507,P0033,1,17.55,17.55
205508,P0034,2,43.56,87.12
205508,P0010,2,61.9,123.8
205508,P0008,2,49.76,99.52
205509,P0023,1,70.36,70.36
205509,P0007,1,24.56,24.56
205509,P0011,2,69.5,139.0
205510,P0026,2,12.27,24.54
205511,P0023,1,75.54,75.54
205511,P0027,1,30.8,30.8
205512,P0026,2,13.57,27.14
205513,P0017,1,8.83,8.83
205514,P0035,2,50.62,101.24
205514,P0018,2,45.84,91.68
205514,P0009,2,60.73,121.46
205515,P0018,1,47.95,47.95
205515,P0022,2,64.69,129.38
205516,P0025,1,37.26,37.26
205516,P0014,1,80.47,80.47
205516,P0027,1,29.17,29.17
205517,P0025,2,34.74,69.48
205517,P0015,1,60.15,60.15
205517,P0025,2,38.82,77.64
205518,P0027,2,28.87,57.74
205519,P0002,2,42.71,85.42
205519,P0025,2,38.06,76.12
205520,P0034,2,46.6,93.2
205521,P0035,2,49.41,98.82
205521,P0004,1,26.83,26.83
205521,P0027,1,34.43,34.43
205522,P0035,1,55.4,55.4
205522,P0021,2,30.99,61.98
205523,P0035,1,55.9,55.9
205523,P0028,1,20.62,20.62
205524,P0015,1,57.15,57.15
205524,P0016,2,10.5,21.0
205525,P0029,1,57.27,57.27
205525,P0018,1,50.64,50.64
205526,P0010,1,70.96,70.96
205526,P0013,1,55.05,55.05
205527,P0024,2,51.36,102.72
205528,P0014,2,73.23,146.46
205528,P0031,1,23.03,23.03
205528,P0006,1,40.97,40.97
205529,P0017,1,9.18,9.18
205530,P0010,2,68.1,136.2
205531,P0034,2,39.03,78.06
205531,P0016,1,10.75,10.75
205532,P0033,2,17.26,34.52
205532,P0034,2,43.48,86.96
205533,P0040,1,79.44,79.44
205534,P0024,2,46.76,93.52
205534,P0005,1,45.55,45.55
205535,P0004,2,25.61,51.22
205535,P0009,1,63.85,63.85
205535,P0039,1,73.7,73.7
205536,P0034,1,39.92,39.92
205536,P0002,1,45.43,45.43
205537,P0010,1,59.76,59.76
205538,P0026,1,12.76,12.76
205538,P0028,2,17.83,35.66
205538,P0031,2,24.91,49.82
205539,P0032,2,60.4,120.8
205539,P0029,1,53.0,53.0
205539,P0027,1,31.7,31.7
205540,P0028,2,19.81,39.62
205540,P0039,1,77.29,77.29
205541,P0036,1,26.67,26.67
205541,P0015,2,58.6,117.2
205542,P0001,1,30.29,30.29
205542,P0039,1,77.23,77.23
205542,P0039,1,74.13,74.13
205543,P0034,2,43.13,86.26
205543,P0010,2,62.65,125.3
205544,P0037,2,31.53,63.06
205544,P0030,2,70.8,141.6
205544,P0035,1,52.31,52.31
205545,P0016,1,9.54,9.54
205545,P0024,2,46.17,92.34
205545,P0038,1,57.76,57.76
205546,P0034,1,43.07,43.07
205547,P0040,2,77.36,154.72
205548,P0022,1,59.26,59.26
205549,P0040,1,69.71,69.71
205550,P0034,2,41.51,83.02
205550,P0004,1,24.35,24.35
205551,P0001,2,34.01,68.02
205552,P0018,1,43.13,43.13
205552,P0033,2,16.65,33.3
205553,P0011,2,73.91,147.82
205553,P0014,1,79.81,79.81
205554,P0034,1,43.97,43.97
205554,P0029,2,54.53,109.06
205554,P0001,1,31.92,31.92
205555,P0034,2,40.99,81.98
205556,P0037,2,28.23,56.46
205557,P0018,1,47.81,47.81
205558,P0019,2,53.16,106.32
205558,P0016,2,9.98,19.96
205559,P0011,1,73.01,73.01
205560,P0006,1,45.18,45.18
205561,P0004,1,25.82,25.82
205562,P0037,1,29.58,29.58
205562,P0032,1,55.62,55.62
205562,P0028,2,19.54,39.08
205563,P0015,2,55.4,110.8
205564,P0013,1,53.83,53.83
205564,P0022,1,60.49,60.49
205565,P0031,2,24.38,48.76
205565,P0004,2,27.76,55.52
205566,P0005,2,43.97,87.94
205567,P0036,2,26.1,52.2
205568,P0040,2,81.13,162.26
205568,P0034,2,43.12,86.24
205569,P0029,1,57.19,57.19
205569,P0013,1,54.56,54.56
205570,P0032,2,60.15,120.3
205571,P0016,1,10.56,10.56
205572,P0011,2,75.23,150.46
205573,P0015,1,53.4,53.4
205573,P0001,2,32.49,64.98
205573,P0038,1,53.97,53.97
205574,P0026,1,11.69,11.69
205574,P0025,1,33.11,33.11
205575,P0024,1,49.11,49.11
205575,P0020,2,52.96,105.92
205575,P0031,2,24.41,48.82
205576,P0026,1,13.47,13.47
205576,P0039,2,66.25,132.5
205576,P0012,2,44.99,89.98
205577,P0028,1,18.19,18.19
205578,P0031,2,26.21,52.42
205579,P0034,1,43.41,43.41
205579,P0029,2,47.92,95.84
205579,P0009,1,63.69,63.69
205580,P0001,2,33.34,66.68
205581,P0003,2,46.89,93.78
205582,P0012,1,39.83,39.83
205582,P0040,1,70.25,70.25
205582,P0008,2,53.41,106.82
205583,P0012,2,43.52,87.04
205584,P0017,2,10.49,20.98
205585,P0006,2,44.79,89.58
205585,P0018,2,50.24,100.48
205586,P0004,2,24.7,49.4
205586,P0024,2,51.61,103.22
205586,P0022,1,57.98,57.98
205587,P0018,2,43.13,86.26
205587,P0038,2,52.9,105.8
205588,P0030,1,78.49,78.49
205588,P0011,2,76.17,152.34
205588,P0002,2,41.92,83.84
205589,P0020,2,54.07,108.14
205589,P0016,2,9.05,18.1
205590,P0038,1,51.9,51.9
205590,P0009,2,56.66,113.32
205590,P0005,2,46.64,93.28
205591,P0035,1,55.57,55.57
205591,P0001,2,34.23,68.46
205591,P0013,2,57.46,114.92
205592,P0002,2,40.23,80.46
205592,P0032,1,63.0,63.0
205593,P0032,2,54.01,108.02
205593,P0032,2,58.07,116.14
205593,P0025,1,40.62,40.62
205594,P0012,2,45.24,90.48
205594,P0027,1,31.85,31.85
205594,P0031,1,22.09,22.09
205595,P0040,1,76.53,76.53
205596,P0011,2,75.69,151.38
205597,P0011,2,74.64,149.28
205597,P0001,1,32.86,32.86
205598,P0010,1,70.04,70.04
205598,P0031,1,23.58,23.58
205599,P0012,2,47.19,94.38
205599,P0011,2,82.61,165.22
205600,P0012,2,45.04,90.08
205601,P0037,1,30.78,30.78
205602,P0018,1,45.6,45.6
205603,P0021,1,31.51,31.51
205604,P0024,1,47.0,47.0
205604,P0017,2,9.63,19.26
205604,P0006,1,45.81,45.81
205605,P0018,2,46.48,92.96
205605,P0011,1,70.01,70.01
205605,P0021,2,29.09,58.18
205606,P0020,1,48.98,48.98
205606,P0036,2,26.57,53.14
205606,P0039,1,76.03,76.03
205607,P0023,2,73.63,147.26
205607,P0021,1,26.03,26.03
205607,P0004,1,25.46,25.46
205608,P0004,2,25.96,51.92
205609,P0002,2,38.97,77.94
205609,P0031,1,25.95,25.95
205609,P0036,2,24.97,49.94
205610,P0010,1,60.66,60.66
205610,P0040,1,67.81,67.81
205610,P0022,1,55.1,55.1
205611,P0037,1,29.39,29.39
205611,P0026,1,12.19,12.19
205611,P0035,2,55.73,111.46
205612,P0033,1,18.01,18.01
205612,P0029,2,49.67,99.34
205612,P0024,2,51.83,103.66
205613,P0029,2,55.45,110.9
205614,P0025,1,39.13,39.13
205615,P0028,2,19.94,39.88
205615,P0013,2,55.22,110.44
205615,P0008,2,55.38,110.76
205616,P0009,1,62.62,62.62
205617,P0030,2,69.0,138.0
205617,P0015,1,59.38,59.38
205618,P0019,1,51.72,51.72
205618,P0033,2,18.43,36.86
205619,P0037,2,27.89,55.78
205619,P0013,1,47.48,47.48
205619,P0033,2,16.19,32.38
205620,P0039,1,72.9,72.9
205620,P0026,1,13.82,13.82
205620,P0018,2,50.79,101.58
205621,P0022,2,67.31,134.62
205621,P0035,2,51.1,102.2
205622,P0016,1,9.02,9.02
205623,P0023,1,68.66,68.66
205623,P0015,2,57.57,115.14
205623,P0020,2,52.72,105.44
205624,P0030,2,69.92,139.84
205624,P0004,2,25.21,50.42
205624,P0009,1,66.0,66.0
205625,P0037,1,29.45,29.45
205625,P0010,2,65.03,130.06
205625,P0010,1,60.56,60.56
205626,P0006,1,46.66,46.66
205627,P0017,1,8.7,8.7
205627,P0010,2,59.55,119.1
205627,P0009,1,55.55,55.55
205628,P0039,2,75.59,151.18
205628,P0029,1,54.15,54.15
205629,P0011,2,76.31,152.62
205630,P0017,1,10.3,10.3
205630,P0026,1,14.03,14.03
205631,P0009,1,60.5,60.5
205631,P0035,1,56.31,56.31
205631,P0037,1,31.61,31.61
205632,P0015,1,53.57,53.57
205632,P0023,1,77.44,77.44
205633,P0004,2,23.51,47.02
205633,P0035,2,53.84,107.68
205634,P0021,2,29.89,59.78
205635,P0007,1,21.79,21.79
205635,P0012,2,40.02,80.04
205636,P0020,2,52.49,104.98
205636,P0016,1,10.07,10.07
205637,P0035,2,50.57,101.14
205637,P0025,1,38.65,38.65
205637,P0025,2,38.69,77.38
205638,P0001,2,35.13,70.26
205638,P0035,1,48.06,48.06
205639,P0028,2,21.37,42.74
205639,P0012,2,46.58,93.16
205640,P0009,1,58.0,58.0
205640,P0027,2,28.85,57.7
205641,P0007,2,23.16,46.32
205642,P0015,2,60.22,120.44
205642,P0026,1,12.25,12.25
205643,P0007,2,24.03,48.06
205644,P0009,2,56.19,112.38
205644,P0022,2,64.04,128.08
205644,P0024,2,47.06,94.12
205645,P0031,2,22.9,45.8
205645,P0009,1,62.55,62.55
205645,P0026,2,12.42,24.84
205646,P0020,2,46.34,92.68
205646,P0038,2,56.9,113.8
205646,P0006,1,46.26,46.26
205647,P0011,2,81.15,162.3
205648,P0008,1,46.29,46.29
205648,P0016,1,10.05,10.05
205649,P0008,1,49.1,49.1
205649,P0040,1,81.67,81.67
205650,P0008,2,52.33,104.66
205650,P0003,2,46.43,92.86
205651,P0019,2,47.21,94.42
205652,P0007,2,26.83,53.66
205652,P0038,1,49.69,49.69
205653,P0001,1,30.44,30.44
205654,P0002,2,42.22,84.44
205654,P0035,1,49.74,49.74
205654,P0019,2,53.02,106.04
205655,P0019,1,50.65,50.65
205655,P0039,2,66.97,133.94
205656,P0027,2,30.61,61.22
205656,P0019,2,49.46,98.92
205656,P0018,1,47.78,47.78
205657,P0011,2,80.65,161.3
205657,P0022,2,63.29,126.58
205658,P0017,2,9.88,19.76
205659,P0003,1,51.79,51.79
205660,P0025,2,37.3,74.6
205661,P0012,1,48.04,48.04
205661,P0024,2,45.4,90.8
205662,P0026,2,12.6,25.2
205662,P0033,1,19.02,19.02
205663,P0003,2,54.07,108.14
205664,P0014,1,69.47,69.47
205664,P0001,2,32.96,65.92
205664,P0006,2,44.05,88.1
205665,P0018,2,48.19,96.38
205666,P0014,1,76.96,76.96
205666,P0018,2,49.39,98.78
205666,P0004,2,22.91,45.82
205667,P0021,2,30.58,61.16
205668,P0010,2,70.99,141.98
205669,P0001,1,34.2,34.2
205669,P0014,1,79.62,79.62
205670,P0032,1,57.15,57.15
205670,P0005,2,45.87,91.74
205671,P0012,1,42.54,42.54
205671,P0033,1,17.16,17.16
205671,P0002,1,45.6,45.6
205672,P0033,1,16.15,16.15
205672,P0024,1,44.62,44.62
205672,P0017,1,9.31,9.31
205673,P0032,1,61.38,61.38
205673,P0006,1,42.22,42.22
205674,P0007,2,26.84,53.68
205674,P0011,1,71.18,71.18
205675,P0039,2,74.64,149.28
205675,P0035,1,47.98,47.98
205675,P0036,2,27.61,55.22
205676,P0018,2,48.72,97.44
205676,P0020,2,48.58,97.16
205677,P0032,2,53.82,107.64
205677,P0035,2,55.4,110.8
205678,P0032,2,52.35,104.7
205679,P0004,1,25.14,25.14
205680,P0025,1,38.4,38.4
205680,P0013,1,57.28,57.28
205681,P0005,1,41.15,41.15
205681,P0015,2,58.25,116.5
205681,P0039,1,72.89,72.89
205682,P0031,1,22.74,22.74
205683,P0022,2,64.09,128.18
205683,P0040,1,73.51,73.51
205683,P0032,1,62.69,62.69
205684,P0033,2,17.93,35.86
205684,P0011,2,82.44,164.88
205684,P0002,2,43.62,87.24
205685,P0026,2,13.04,26.08
205685,P0029,1,49.14,49.14
205686,P0033,2,18.14,36.28
205687,P0023,2,73.8,147.6
205687,P0022,1,61.04,61.04
205687,P0033,2,17.75,35.5
205688,P0030,1,77.77,77.77
205688,P0004,1,24.31,24.31
205689,P0016,2,10.45,20.9
205689,P0036,1,24.2,24.2
205690,P0021,2,31.6,63.2
205690,P0012,1,41.12,41.12
205691,P0002,1,40.35,40.35
205692,P0032,2,61.89,123.78
205692,P0001,2,30.78,61.56
205692,P0001,1,33.99,33.99
205693,P0038,1,50.86,50.86
205694,P0002,1,47.01,47.01
205694,P0037,2,31.39,62.78
205695,P0017,1,9.69,9.69
205695,P0036,1,27.79,27.79
205695,P0027,2,31.92,63.84
205696,P0008,2,54.27,108.54
205696,P0019,1,55.6,55.6
205697,P0024,1,50.16,50.16
205697,P0020,1,47.95,47.95
205698,P0024,1,46.59,46.59
205698,P0014,1,77.48,77.48
205699,P0011,1,73.83,73.83
205700,P0017,1,10.08,10.08
205701,P0011,2,70.29,140.58
205701,P0014,2,68.14,136.28
205701,P0014,1,80.91,80.91
205702,P0011,2,82.26,164.52
205702,P0016,1,9.15,9.15
205703,P0001,2,29.79,59.58
205704,P0003,1,50.79,50.79
205705,P0028,2,18.13,36.26
205705,P0034,1,39.73,39.73
205706,P0033,2,16.28,32.56
205706,P0019,2,56.25,112.5
205706,P0003,1,51.92,51.92
205707,P0014,2,74.99,149.98
205708,P0038,2,52.76,105.52
205708,P0002,2,42.87,85.74
205709,P0038,2,55.26,110.52
205709,P0039,2,75.76,151.52
205710,P0006,2,44.81,89.62
205710,P0034,2,38.98,77.96
205711,P0021,2,28.2,56.4
205711,P0036,1,23.96,23.96
205712,P0023,1,78.08,78.08
205712,P0034,2,42.79,85.58
205713,P0007,1,22.39,22.39
205713,P0014,1,71.47,71.47
205713,P0023,1,75.97,75.97
205714,P0007,1,23.03,23.03
205714,P0008,1,47.61,47.61
205714,P0017,2,10.22,20.44
205715,P0025,2,37.2,74.4
205715,P0018,2,50.15,100.3
205716,P0007,1,24.26,24.26
205716,P0002,2,41.42,82.84
205716,P0016,2,9.25,18.5
205717,P0019,1,52.24,52.24
205717,P0037,1,32.96,32.96
205717,P0005,1,42.97,42.97
205718,P0027,2,28.63,57.26
205719,P0032,1,53.25,53.25
205719,P0008,1,54.71,54.71
205719,P0014,1,74.9,74.9
205720,P0023,2,79.54,159.08
205720,P0022,1,63.39,63.39
205721,P0039,1,69.1,69.1
205721,P0037,1,32.49,32.49
205722,P0034,2,44.0,88.0
205722,P0002,2,42.87,85.74
205723,P0008,2,46.16,92.32
205724,P0024,1,49.18,49.18
205725,P0003,2,47.07,94.14
205726,P0004,2,23.16,46.32
205726,P0034,2,38.41,76.82
205726,P0032,2,59.38,118.76
205727,P0003,2,48.01,96.02
205727,P0024,1,50.31,50.31
205728,P0013,1,53.28,53.28
205729,P0004,1,26.03,26.03
205729,P0007,1,26.13,26.13
205730,P0026,1,12.51,12.51
205730,P0037,1,32.57,32.57
205731,P0012,2,44.04,88.08
205732,P0003,2,52.65,105.3
205732,P0029,1,58.04,58.04
205732,P0032,2,54.21,108.42
205733,P0026,1,13.3,13.3
205734,P0039,1,68.82,68.82
205735,P0034,2,39.01,78.02
205735,P0034,2,41.03,82.06
205736,P0020,1,53.98,53.98
205737,P0010,2,65.96,131.92
205737,P0031,2,24.55,49.1
205738,P0006,2,48.4,96.8
205738,P0010,1,63.62,63.62
205739,P0010,2,71.45,142.9
205739,P0019,2,53.51,107.02
205739,P0031,1,25.79,25.79
205740,P0030,1,67.11,67.11
205740,P0031,2,25.59,51.18
205740,P0004,1,22.93,22.93
205741,P0028,1,19.24,19.24
205741,P0030,2,73.96,147.92
205741,P0011,1,78.73,78.73
205742,P0027,2,33.72,67.44
205742,P0029,2,55.64,111.28
205743,P0004,1,22.87,22.87
205743,P0024,2,46.64,93.28
205744,P0014,1,71.46,71.46
205745,P0028,2,19.05,38.1
205745,P0027,1,31.63,31.63
205745,P0010,2,63.97,127.94
205746,P0001,1,31.1,31.1
205747,P0017,2,9.13,18.26
205747,P0026,2,13.22,26.44
205747,P0033,1,17.87,17.87
205748,P0017,1,9.21,9.21
205748,P0039,2,73.63,147.26
205748,P0011,1,77.97,77.97
205749,P0018,1,49.84,49.84
205750,P0033,1,18.41,18.41
205750,P0038,2,58.61,117.22
205751,P0007,1,24.43,24.43
205751,P0002,2,40.52,81.04
205751,P0015,1,59.29,59.29
205752,P0007,1,23.61,23.61
205752,P0020,2,52.98,105.96
205753,P0008,2,50.48,100.96
205753,P0038,1,56.29,56.29
205753,P0039,1,65.9,65.9
205754,P0010,2,61.75,123.5
205754,P0001,2,30.22,60.44
205754,P0033,1,17.13,17.13
205755,P0016,1,10.18,10.18
205755,P0011,2,71.09,142.18
205755,P0008,1,52.61,52.61
205756,P0015,1,52.3,52.3
205756,P0032,2,58.75,117.5
205756,P0031,2,23.79,47.58
205757,P0036,1,23.11,23.11
205757,P0014,2,73.78,147.56
205757,P0006,1,41.25,41.25
205758,P0037,1,30.5,30.5
205758,P0026,2,11.6,23.2
205759,P0015,2,53.28,106.56
205759,P0020,2,54.04,108.08
205759,P0007,2,23.27,46.54
205760,P0024,1,52.04,52.04
205761,P0023,1,69.43,69.43
205761,P0025,2,33.74,67.48
205762,P0036,2,25.61,51.22
205762,P0021,2,30.8,61.6
205763,P0011,2,79.92,159.84
205764,P0005,2,47.49,94.98
205764,P0029,1,48.22,48.22
205764,P0020,1,49.64,49.64
205765,P0022,2,64.64,129.28
205765,P0033,2,19.28,38.56
205765,P0025,1,40.34,40.34
205766,P0028,1,21.42,21.42
205766,P0004,2,25.92,51.84
205767,P0036,2,26.68,53.36
205767,P0023,1,72.83,72.83
205767,P0001,1,34.37,34.37
205768,P0014,2,75.69,151.38
205768,P0013,2,55.33,110.66
205768,P0030,1,70.31,70.31
205769,P0037,1,30.79,30.79
205769,P0011,1,82.79,82.79
205770,P0024,2,47.84,95.68
205771,P0007,2,26.01,52.02
205771,P0023,2,73.92,147.84
205772,P0022,2,57.47,114.94
205773,P0006,2,42.64,85.28
205774,P0026,1,13.3,13.3
205774,P0030,2,74.97,149.94
205774,P0011,2,80.99,161.98
205775,P0017,2,8.95,17.9
205775,P0010,1,68.87,68.87
205776,P0026,1,13.87,13.87
205776,P0029,2,51.77,103.54
205776,P0012,1,44.31,44.31
205777,P0009,1,57.05,57.05
205777,P0024,1,51.11,51.11
205778,P0029,2,54.95,109.9
205778,P0008,2,48.56,97.12
205778,P0013,2,52.6,105.2
205779,P0027,1,30.61,30.61
205779,P0019,2,54.91,109.82
205779,P0011,2,78.08,156.16
205780,P0008,1,46.72,46.72
205781,P0011,1,74.05,74.05
205782,P0010,1,59.83,59.83
205782,P0016,1,10.56,10.56
205783,P0014,1,72.61,72.61
205783,P0009,2,65.91,131.82
205784,P0019,2,55.84,111.68
205785,P0031,1,25.77,25.77
205785,P0032,1,56.11,56.11
205785,P0040,1,72.8,72.8
205786,P0018,1,42.15,42.15
205786,P0028,1,20.07,20.07
205787,P0006,2,43.09,86.18
205787,P0032,1,53.35,53.35
205787,P0002,1,40.37,40.37
205788,P0019,2,52.79,105.58
205788,P0002,2,38.46,76.92
205788,P0012,1,45.39,45.39
205789,P0004,2,26.83,53.66
205790,P0030,2,66.76,133.52
205790,P0016,2,8.92,17.84
205791,P0040,2,69.55,139.1
205791,P0011,1,75.04,75.04
205792,P0002,1,43.34,43.34
205792,P0028,1,19.51,19.51
205792,P0001,1,31.47,31.47
205793,P0033,2,19.27,38.54
205793,P0022,2,55.61,111.22
205793,P0011,2,71.44,142.88
205794,P0007,1,25.16,25.16
205795,P0003,1,54.96,54.96
205795,P0033,1,18.57,18.57
205796,P0031,1,26.43,26.43
205796,P0015,2,62.35,124.7
205797,P0007,2,24.36,48.72
205797,P0038,1,54.29,54.29
205797,P0013,2,51.46,102.92
205798,P0018,2,50.3,100.6
205798,P0020,1,44.52,44.52
205799,P0001,1,31.17,31.17
205799,P0026,1,12.62,12.62
205800,P0017,1,10.03,10.03
205800,P0026,1,13.83,13.83
205800,P0001,2,30.38,60.76
205801,P0017,2,10.19,20.38
205801,P0018,1,49.36,49.36
205802,P0020,1,46.78,46.78
205803,P0040,2,81.54,163.08
205804,P0021,2,25.8,51.6
205804,P0033,2,18.23,36.46
205804,P0027,1,34.87,34.87
205805,P0037,1,32.85,32.85
205805,P0030,2,75.81,151.62
205806,P0020,1,48.28,48.28
205806,P0007,2,22.36,44.72
205806,P0039,1,77.21,77.21
205807,P0033,2,17.49,34.98
205807,P0005,2,42.13,84.26
205807,P0019,2,48.87,97.74
205808,P0017,2,10.23,20.46
205808,P0019,1,49.67,49.67
205808,P0033,1,18.53,18.53
205809,P0037,2,29.52,59.04
205809,P0009,1,62.76,62.76
205809,P0029,2,58.27,116.54
205810,P0039,1,74.84,74.84
205811,P0018,2,42.37,84.74
205811,P0031,1,22.68,22.68
205812,P0015,2,54.92,109.84
205813,P0019,2,50.75,101.5
205814,P0009,1,55.87,55.87
205814,P0004,1,22.87,22.87
205814,P0030,1,69.77,69.77
205815,P0007,2,23.09,46.18
205815,P0030,2,72.9,145.8
205815,P0010,1,61.59,61.59
205816,P0010,1,60.95,60.95
205816,P0016,1,9.68,9.68
205816,P0012,1,47.72,47.72
205817,P0007,2,22.13,44.26
205817,P0035,1,51.93,51.93
205817,P0004,2,23.92,47.84
205818,P0005,1,46.16,46.16
205818,P0003,1,48.84,48.84
205818,P0032,1,62.43,62.43
205819,P0037,1,33.51,33.51
205819,P0026,2,13.76,27.52
205820,P0011,2,71.57,143.14
205820,P0021,1,27.22,27.22
205820,P0015,1,55.34,55.34
205821,P0019,1,47.74,47.74
205822,P0024,1,48.91,48.91
205822,P0006,1,48.7,48.7
205823,P0027,1,34.41,34.41
205824,P0023,1,69.24,69.24
205825,P0005,2,44.85,89.7
205825,P0013,1,53.61,53.61
205825,P0028,2,20.24,40.48
205826,P0005,1,42.07,42.07
205826,P0033,2,16.46,32.92
205827,P0025,1,36.76,36.76
205827,P0016,1,9.87,9.87
205827,P0030,2,70.65,141.3
205828,P0013,1,57.57,57.57
205828,P0011,2,68.02,136.04
205829,P0014,2,66.26,132.52
205829,P0007,2,23.4,46.8
205829,P0034,1,46.55,46.55
205830,P0037,1,28.33,28.33
205830,P0013,2,50.73,101.46
205830,P0006,1,43.31,43.31
205831,P0023,2,65.67,131.34
205832,P0009,2,66.8,133.6
205832,P0028,1,21.17,21.17
205833,P0003,2,53.56,107.12
205834,P0001,2,35.01,70.02
205834,P0002,1,44.59,44.59
205834,P0003,2,46.27,92.54
205835,P0003,1,46.96,46.96
205835,P0015,1,59.94,59.94
205835,P0025,2,36.31,72.62
205836,P0021,2,30.01,60.02
205836,P0024,1,51.71,51.71
205837,P0004,2,22.95,45.9
205837,P0031,2,25.12,50.24
205837,P0010,2,70.7,141.4
205838,P0008,2,50.1,100.2
205839,P0027,2,28.86,57.72
205839,P0005,2,43.64,87.28
205840,P0030,2,66.86,133.72
205841,P0026,2,13.85,27.7
205842,P0031,2,24.7,49.4
205842,P0005,2,39.84,79.68
205842,P0012,1,44.35,44.35
205843,P0038,1,52.61,52.61
205843,P0031,1,26.58,26.58
205843,P0021,2,29.34,58.68
205844,P0009,2,57.97,115.94
205845,P0028,1,17.6,17.6
205846,P0004,1,25.78,25.78
205846,P0022,1,58.38,58.38
205847,P0010,1,62.79,62.79
205847,P0030,1,70.95,70.95
205848,P0038,1,53.57,53.57
205849,P0030,1,67.14,67.14
205850,P0026,1,12.66,12.66
205850,P0032,1,59.64,59.64
205850,P0004,1,27.5,27.5
205851,P0029,2,57.99,115.98
205851,P0030,1,70.43,70.43
205852,P0026,2,14.1,28.2
205852,P0009,2,61.56,123.12
205853,P0030,1,68.22,68.22
205854,P0001,1,31.64,31.64
205855,P0012,1,42.7,42.7
205856,P0028,2,19.55,39.1
205857,P0018,1,51.35,51.35
205857,P0026,1,13.03,13.03
205858,P0026,1,13.32,13.32
205858,P0023,1,71.84,71.84
205858,P0006,2,43.87,87.74
205859,P0014,2,70.1,140.2
205859,P0024,1,46.66,46.66
205860,P0010,1,65.98,65.98
205860,P0037,2,31.97,63.94
205861,P0013,1,49.0,49.0
205861,P0024,2,51.58,103.16
205862,P0018,1,51.34,51.34
205863,P0027,1,30.3,30.3
205863,P0025,1,37.56,37.56
205863,P0018,2,50.49,100.98
205864,P0009,1,64.49,64.49
205865,P0004,1,23.73,23.73
205866,P0005,2,48.05,96.1
205867,P0005,1,40.64,40.64
205867,P0028,2,21.46,42.92
205868,P0004,1,26.4,26.4
205868,P0023,2,70.33,140.66
205868,P0012,2,42.06,84.12
205869,P0017,2,10.25,20.5
205869,P0008,2,53.58,107.16
205869,P0029,2,53.25,106.5
205870,P0028,1,18.09,18.09
205871,P0038,1,49.2,49.2
205871,P0011,2,72.7,145.4
205871,P0030,2,79.18,158.36
205872,P0019,2,49.83,99.66
205873,P0026,1,11.95,11.95
205874,P0010,2,65.26,130.52
205874,P0030,1,76.03,76.03
205875,P0023,2,79.08,158.16
205875,P0021,2,30.21,60.42
205876,P0014,1,72.39,72.39
205876,P0023,2,70.26,140.52
205876,P0036,2,24.3,48.6
205877,P0008,1,49.19,49.19
205877,P0003,2,54.82,109.64
205877,P0017,1,8.71,8.71
205878,P0024,2,51.91,103.82
205878,P0040,2,68.44,136.88
205879,P0013,1,49.56,49.56
205879,P0028,1,18.13,18.13
205880,P0025,1,37.55,37.55
205881,P0021,2,28.42,56.84
205881,P0008,2,49.57,99.14
205881,P0021,2,29.56,59.12
205882,P0014,1,66.82,66.82
205883,P0004,2,25.41,50.82
205884,P0004,1,27.42,27.42
205885,P0019,2,52.83,105.66
205886,P0023,2,64.82,129.64
205887,P0007,1,22.75,22.75
205887,P0029,1,52.06,52.06
205888,P0040,2,79.03,158.06
205889,P0004,1,25.42,25.42
205890,P0037,2,31.56,63.12
205890,P0008,2,50.96,101.92
205891,P0003,2,45.77,91.54
205892,P0016,1,10.79,10.79
205892,P0034,1,42.76,42.76
205892,P0029,1,50.85,50.85
205893,P0037,1,31.12,31.12
205893,P0014,2,70.47,140.94
205894,P0017,2,10.04,20.08
205894,P0011,1,74.1,74.1
205895,P0022,1,55.7,55.7
205895,P0014,2,69.21,138.42
205895,P0019,2,49.6,99.2
205896,P0004,2,23.07,46.14
205896,P0022,1,65.4,65.4
205896,P0018,2,43.85,87.7
205897,P0020,1,51.6,51.6
205898,P0021,2,31.05,62.1
205899,P0029,1,48.79,48.79
205899,P0014,1,71.01,71.01
205900,P0036,1,25.34,25.34
205901,P0039,2,75.65,151.3
205901,P0029,1,52.65,52.65
205902,P0023,2,76.07,152.14
205902,P0004,2,22.99,45.98
205903,P0039,1,71.01,71.01
205903,P0018,2,51.25,102.5
205903,P0034,2,38.81,77.62
205904,P0013,1,54.97,54.97
205904,P0032,2,56.3,112.6
205905,P0032,2,57.55,115.1
205905,P0035,2,53.95,107.9
205905,P0019,2,49.76,99.52
205906,P0040,1,68.99,68.99
205906,P0040,2,69.49,138.98
205907,P0026,1,11.92,11.92
205907,P0006,1,41.23,41.23
205908,P0014,2,68.42,136.84
205908,P0030,2,75.53,151.06
205909,P0003,2,55.57,111.14
205910,P0037,1,29.64,29.64
205910,P0014,2,72.12,144.24
205911,P0031,1,23.35,23.35
205911,P0022,2,55.53,111.06
205912,P0029,1,57.58,57.58
205913,P0039,1,74.61,74.61
205913,P0031,1,26.16,26.16
205913,P0013,2,57.45,114.9
205914,P0021,1,26.24,26.24
205914,P0016,1,10.28,10.28
205914,P0032,2,53.88,107.76
205915,P0038,1,57.14,57.14
205915,P0032,1,52.94,52.94
205916,P0038,2,59.11,118.22
205916,P0022,1,57.42,57.42
205917,P0022,2,61.03,122.06
205917,P0030,2,78.34,156.68
205918,P0017,2,9.11,18.22
205918,P0021,1,30.45,30.45
205919,P0027,1,30.47,30.47
205919,P0006,2,41.65,83.3
205920,P0011,2,74.11,148.22
205920,P0022,1,57.88,57.88
205921,P0018,2,45.55,91.1
205921,P0010,2,70.81,141.62
205921,P0012,1,40.77,40.77
205922,P0023,2,67.12,134.24
205922,P0029,1,53.59,53.59
205923,P0039,1,65.2,65.2
205923,P0038,1,53.27,53.27
205924,P0007,2,22.26,44.52
205925,P0003,2,48.7,97.4
205925,P0023,2,67.66,135.32
205925,P0017,1,10.43,10.43
205926,P0032,2,60.81,121.62
205926,P0022,1,55.31,55.31
205927,P0012,1,44.48,44.48
205927,P0029,1,48.02,48.02
205927,P0008,1,49.76,49.76
205928,P0037,1,33.41,33.41
205928,P0031,1,25.17,25.17
205928,P0018,2,46.14,92.28
205929,P0037,2,31.35,62.7
205929,P0007,1,24.72,24.72
205929,P0002,1,41.37,41.37
205930,P0023,1,75.44,75.44
205931,P0036,1,25.63,25.63
205931,P0020,1,50.85,50.85
205932,P0021,2,26.19,52.38
205932,P0002,2,46.56,93.12
205933,P0024,2,45.44,90.88
205934,P0039,1,70.63,70.63
205935,P0004,1,27.3,27.3
205935,P0007,2,22.0,44.0
205935,P0005,2,40.5,81.0
205936,P0024,1,50.02,50.02
205936,P0026,1,11.96,11.96
205936,P0016,2,8.99,17.98
205937,P0014,2,78.55,157.1
205937,P0031,2,25.31,50.62
205937,P0023,2,68.3,136.6
205938,P0032,1,63.76,63.76
205939,P0038,2,59.21,118.42
205940,P0036,2,26.92,53.84
205941,P0008,1,46.44,46.44
205942,P0028,1,19.22,19.22
205943,P0016,2,10.16,20.32
205943,P0024,2,43.02,86.04
205944,P0005,1,45.37,45.37
205945,P0001,1,29.76,29.76
205946,P0003,1,53.12,53.12
205946,P0009,2,62.51,125.02
205946,P0037,2,27.28,54.56
205947,P0028,2,19.18,38.36
205947,P0005,1,45.64,45.64
205948,P0009,1,61.76,61.76
205949,P0033,2,18.16,36.32
205950,P0037,2,28.21,56.42
205951,P0033,2,19.45,38.9
205951,P0030,1,66.59,66.59
205952,P0036,1,23.44,23.44
205953,P0033,2,17.98,35.96
205953,P0012,1,43.11,43.11
205953,P0019,2,53.0,106.0
205954,P0034,2,38.14,76.28
205954,P0033,2,18.02,36.04
205955,P0020,1,54.28,54.28
205956,P0022,1,66.98,66.98
205956,P0028,2,18.1,36.2
205957,P0027,2,33.64,67.28
205957,P0003,1,50.09,50.09
205957,P0013,2,51.71,103.42
205958,P0006,1,46.8,46.8
205958,P0018,2,50.8,101.6
205958,P0021,1,30.37,30.37
205959,P0037,2,33.13,66.26
205960,P0002,1,39.9,39.9
205960,P0031,1,21.77,21.77
205961,P0018,2,45.92,91.84
205962,P0012,2,47.26,94.52
205962,P0026,1,12.9,12.9
205962,P0010,2,64.49,128.98
205963,P0016,1,10.69,10.69
205963,P0014,2,75.47,150.94
205963,P0022,1,63.22,63.22
205964,P0014,2,74.26,148.52
205965,P0012,1,47.27,47.27
205965,P0032,1,56.27,56.27
205965,P0001,2,31.24,62.48
205966,P0040,2,67.68,135.36
205966,P0006,1,48.73,48.73
205967,P0022,1,60.52,60.52
205967,P0005,2,41.16,82.32
205967,P0040,1,69.23,69.23
205968,P0013,2,48.93,97.86
205968,P0031,1,25.61,25.61
205969,P0011,2,82.85,165.7
205969,P0026,2,13.13,26.26
205970,P0022,1,62.93,62.93
205970,P0026,2,11.58,23.16
205970,P0006,2,48.7,97.4
205971,P0007,1,26.3,26.3
205972,P0039,1,75.66,75.66
205972,P0037,2,32.6,65.2
205973,P0008,1,55.08,55.08
205973,P0027,2,30.42,60.84
205973,P0016,2,10.0,20.0
205974,P0011,2,82.91,165.82
205974,P0003,1,50.15,50.15
205975,P0011,1,80.47,80.47
205976,P0025,2,33.41,66.82
205977,P0023,2,73.13,146.26
205978,P0033,1,17.18,17.18
205978,P0023,1,71.03,71.03
205978,P0036,2,25.34,50.68
205979,P0040,2,78.92,157.84
205979,P0017,1,10.05,10.05
205980,P0008,1,46.89,46.89
205980,P0035,1,57.03,57.03
205980,P0038,2,54.88,109.76
205981,P0014,1,75.36,75.36
205981,P0016,1,9.72,9.72
205981,P0019,2,52.07,104.14
205982,P0007,1,25.03,25.03
205982,P0028,1,19.92,19.92
205982,P0017,1,10.29,10.29
205983,P0019,1,46.36,46.36
205984,P0007,2,24.89,49.78
205984,P0011,2,72.69,145.38
205984,P0001,1,29.8,29.8
205985,P0005,1,41.94,41.94
205986,P0035,2,56.69,113.38
205987,P0031,2,21.61,43.22
205987,P0002,2,44.28,88.56
205987,P0030,1,66.13,66.13
205988,P0006,1,48.86,48.86
205989,P0010,1,68.4,68.4
205989,P0023,2,76.72,153.44
205990,P0008,1,49.04,49.04
205990,P0028,1,20.46,20.46
205991,P0037,2,30.0,60.0
205991,P0027,2,28.59,57.18
205992,P0002,2,44.94,89.88
205992,P0005,1,44.74,44.74
205993,P0024,1,42.72,42.72
205993,P0004,1,24.12,24.12
205993,P0020,2,44.37,88.74
205994,P0009,2,62.53,125.06
205994,P0008,2,47.46,94.92
205995,P0030,2,72.84,145.68
205995,P0034,1,38.3,38.3
205995,P0008,2,46.32,92.64
205996,P0021,2,31.38,62.76
205996,P0028,2,17.78,35.56
205997,P0031,2,21.85,43.7
205998,P0029,1,50.09,50.09
205999,P0009,1,62.79,62.79
205999,P0023,2,70.69,141.38
205999,P0005,1,40.16,40.16
206000,P0036,1,23.18,23.18
206000,P0037,1,28.96,28.96
206000,P0014,1,78.07,78.07
206001,P0009,2,59.02,118.04
206001,P0035,1,49.95,49.95
206002,P0038,1,49.08,49.08
206002,P0039,1,65.4,65.4
206002,P0024,1,46.01,46.01
206003,P0007,1,25.31,25.31
206003,P0016,1,9.31,9.31
206003,P0007,1,23.76,23.76
206004,P0029,2,52.43,104.86
206004,P0002,2,41.33,82.66
206004,P0013,2,57.23,114.46
206005,P0039,1,77.46,77.46
206006,P0033,1,18.21,18.21
206007,P0018,1,42.95,42.95
206007,P0011,1,74.7,74.7
206008,P0037,2,32.51,65.02
206008,P0001,1,32.62,32.62
206009,P0013,1,54.47,54.47
206009,P0016,2,10.56,21.12
206010,P0015,1,59.31,59.31
206010,P0029,2,50.39,100.78
206010,P0013,2,57.74,115.48
206011,P0008,1,53.04,53.04
206012,P0009,2,56.04,112.08
206013,P0010,2,70.87,141.74
206013,P0026,1,11.96,11.96
206013,P0037,2,27.61,55.22
206014,P0015,2,62.41,124.82
206014,P0032,1,52.35,52.35
206014,P0040,1,67.01,67.01
206015,P0038,2,58.49,116.98
206015,P0036,1,27.23,27.23
206016,P0023,2,74.75,149.5
206016,P0037,1,33.36,33.36
206017,P0028,1,20.78,20.78
206018,P0016,1,9.64,9.64
206018,P0010,2,66.03,132.06
206019,P0035,1,55.16,55.16
206019,P0005,1,43.68,43.68
206020,P0013,2,56.32,112.64
206020,P0039,2,72.16,144.32
206021,P0018,2,49.81,99.62
206022,P0021,1,28.86,28.86
206023,P0035,2,55.1,110.2
206023,P0009,2,61.5,123.0
206024,P0030,1,74.56,74.56
206024,P0034,1,45.93,45.93
206025,P0014,2,68.06,136.12
206026,P0036,2,27.73,55.46
206026,P0033,2,18.07,36.14
206026,P0036,2,24.5,49.0
206027,P0033,2,16.68,33.36
206028,P0019,2,54.03,108.06
206028,P0032,2,57.88,115.76
206028,P0039,1,68.71,68.71
206029,P0013,1,56.49,56.49
206030,P0005,2,43.61,87.22
206031,P0014,2,67.44,134.88
206031,P0036,1,28.01,28.01
206032,P0001,1,29.56,29.56
206032,P0010,2,63.01,126.02
206032,P0026,1,13.9,13.9
206033,P0025,2,36.05,72.1
206033,P0004,1,23.63,23.63
206033,P0027,1,33.83,33.83
206034,P0025,2,36.88,73.76
206034,P0021,1,31.37,31.37
206034,P0002,2,41.42,82.84
206035,P0028,1,20.87,20.87
206035,P0006,2,42.71,85.42
206036,P0018,2,48.51,97.02
206036,P0037,1,27.92,27.92
206037,P0030,2,75.59,151.18
206037,P0032,2,59.78,119.56
206037,P0026,1,11.53,11.53
206038,P0021,2,27.58,55.16
206038,P0001,1,32.87,32.87
206038,P0037,2,32.77,65.54
206039,P0005,1,41.43,41.43
206039,P0017,2,9.03,18.06
206039,P0017,1,8.91,8.91
206040,P0038,2,59.6,119.2
206040,P0034,2,46.87,93.74
206040,P0031,2,22.33,44.66
206041,P0005,2,42.46,84.92
206041,P0001,1,31.69,31.69
206042,P0003,1,48.72,48.72
206042,P0017,2,9.86,19.72
206042,P0030,2,77.56,155.12
206043,P0007,1,26.62,26.62
206043,P0034,2,42.1,84.2
206043,P0030,1,78.62,78.62
206044,P0006,1,48.75,48.75
206044,P0031,2,22.09,44.18
206045,P0029,1,47.76,47.76
206045,P0002,2,39.48,78.96
206045,P0001,2,33.89,67.78
206046,P0033,1,19.21,19.21
206046,P0028,1,19.01,19.01
206047,P0029,2,57.16,114.32
206047,P0005,2,41.1,82.2
206047,P0038,1,50.11,50.11
206048,P0002,2,43.8,87.6
206048,P0012,2,42.98,85.96
206049,P0020,2,49.69,99.38
206050,P0027,1,33.24,33.24
206050,P0022,1,64.94,64.94
206051,P0039,1,74.41,74.41
206051,P0026,1,13.05,13.05
206051,P0036,1,26.58,26.58
206052,P0028,2,20.92,41.84
206052,P0035,1,52.79,52.79
206053,P0009,2,59.54,119.08
206054,P0025,2,35.71,71.42
206054,P0013,2,53.28,106.56
206054,P0023,1,75.84,75.84
206055,P0011,2,68.36,136.72
206055,P0028,2,20.23,40.46
206055,P0021,2,27.2,54.4
206056,P0020,2,52.87,105.74
206056,P0013,2,51.66,103.32
206056,P0020,1,50.41,50.41
206057,P0016,2,9.01,18.02
206058,P0016,1,9.52,9.52
206058,P0003,1,50.98,50.98
206059,P0038,1,56.91,56.91
206059,P0006,1,48.85,48.85
206060,P0038,1,54.93,54.93
206060,P0013,1,47.95,47.95
206061,P0011,1,70.24,70.24
206061,P0011,1,68.7,68.7
206062,P0032,1,52.54,52.54
206063,P0018,1,50.61,50.61
206063,P0019,1,49.15,49.15
206063,P0013,1,56.75,56.75
206064,P0031,1,25.54,25.54
206065,P0004,1,27.31,27.31
206065,P0023,2,68.09,136.18
206066,P0007,2,22.75,45.5
206067,P0006,2,44.64,89.28
206067,P0022,2,59.33,118.66
206068,P0024,1,45.63,45.63
206069,P0017,2,8.68,17.36
206069,P0023,1,78.53,78.53
206069,P0011,2,75.54,151.08
206070,P0008,1,49.83,49.83
206070,P0021,2,29.3,58.6
206070,P0037,1,31.13,31.13
206071,P0011,1,70.55,70.55
206071,P0020,2,47.73,95.46
206072,P0028,1,21.36,21.36
206072,P0003,2,52.32,104.64
206072,P0006,2,44.85,89.7
206073,P0010,1,65.17,65.17
206073,P0019,2,54.47,108.94
206074,P0016,2,10.01,20.02
206075,P0012,1,46.78,46.78
206075,P0025,2,34.21,68.42
206075,P0027,2,33.32,66.64
206076,P0036,1,23.31,23.31
206077,P0029,1,56.56,56.56
206077,P0031,1,24.79,24.79
206078,P0029,2,51.05,102.1
206078,P0016,1,9.36,9.36
206079,P0007,2,21.86,43.72
206079,P0004,2,23.93,47.86
206079,P0038,2,54.02,108.04
206080,P0009,2,61.85,123.7
206080,P0022,1,66.12,66.12
206081,P0002,1,42.89,42.89
206081,P0026,2,13.72,27.44
206082,P0003,1,50.08,50.08
206082,P0029,2,58.18,116.36
206083,P0035,2,47.48,94.96
206083,P0034,2,44.03,88.06
206083,P0019,1,48.97,48.97
206084,P0007,2,23.13,46.26
206084,P0010,2,61.16,122.32
206085,P0022,2,59.5,119.0
206085,P0020,2,49.68,99.36
206086,P0009,1,55.78,55.78
206086,P0027,1,32.36,32.36
206087,P0020,1,51.99,51.99
206087,P0005,2,42.42,84.84
206088,P0013,1,54.65,54.65
206089,P0029,2,51.33,102.66
206089,P0019,2,50.95,101.9
206089,P0032,2,53.27,106.54
206090,P0032,1,60.03,60.03
206091,P0031,1,25.44,25.44
206091,P0004,2,27.66,55.32
206092,P0034,2,46.81,93.62
206093,P0034,1,46.23,46.23
206093,P0019,2,53.17,106.34
206093,P0040,2,79.55,159.1
206094,P0023,2,71.96,143.92
206095,P0037,2,32.26,64.52
206095,P0040,1,72.46,72.46
206095,P0005,1,42.91,42.91
206096,P0024,2,49.47,98.94
206096,P0014,1,69.65,69.65
206097,P0035,1,54.41,54.41
206097,P0012,1,44.45,44.45
206098,P0015,2,61.62,123.24
206098,P0010,2,67.28,134.56
206099,P0037,2,31.96,63.92
206099,P0008,2,53.87,107.74
206100,P0006,2,42.17,84.34
206101,P0032,2,55.95,111.9
206101,P0039,2,77.01,154.02
206101,P0029,2,58.21,116.42
206102,P0004,1,23.55,23.55
206102,P0038,2,58.21,116.42
206102,P0013,2,55.93,111.86
206103,P0018,2,45.9,91.8
206103,P0007,2,24.7,49.4
206104,P0029,2,50.9,101.8
206104,P0033,1,15.98,15.98
206105,P0012,1,48.02,48.02
206105,P0013,2,50.95,101.9
206105,P0039,2,70.08,140.16
206106,P0034,2,46.1,92.2
206106,P0025,2,38.81,77.62
206107,P0006,2,45.09,90.18
206108,P0040,1,77.6,77.6
206108,P0006,2,49.33,98.66
206108,P0040,1,73.38,73.38
206109,P0021,2,26.29,52.58
206109,P0014,2,78.14,156.28
206110,P0034,1,43.76,43.76
206111,P0011,1,82.59,82.59
206111,P0013,1,55.41,55.41
206111,P0019,1,52.34,52.34
206112,P0036,1,28.09,28.09
206113,P0025,2,37.83,75.66
206114,P0006,2,44.57,89.14
206114,P0010,1,69.31,69.31
206115,P0033,1,16.33,16.33
206116,P0029,2,54.96,109.92
206117,P0034,2,38.43,76.86
206118,P0023,2,74.38,148.76
206119,P0024,2,48.65,97.3
206119,P0036,1,23.12,23.12
206120,P0010,2,70.0,140.0
206120,P0032,2,61.29,122.58
206121,P0025,2,40.42,80.84
206121,P0002,1,42.9,42.9
206121,P0040,2,73.11,146.22
206122,P0015,1,54.51,54.51
206123,P0024,1,47.35,47.35
206123,P0011,1,82.88,82.88
206123,P0025,1,39.24,39.24
206124,P0036,1,26.02,26.02
206124,P0015,1,54.39,54.39
206124,P0038,2,48.8,97.6
206125,P0040,1,69.38,69.38
206125,P0012,2,43.69,87.38
206125,P0018,1,47.16,47.16
206126,P0027,1,34.48,34.48
206126,P0030,2,74.32,148.64
206126,P0020,1,48.7,48.7
206127,P0036,1,27.79,27.79
206128,P0001,1,30.65,30.65
206128,P0031,1,23.43,23.43
206128,P0019,1,50.26,50.26
206129,P0005,1,42.67,42.67
206129,P0039,1,78.42,78.42
206129,P0008,2,45.99,91.98
206130,P0007,2,22.55,45.1
206131,P0012,1,45.86,45.86
206131,P0022,2,58.67,117.34
206132,P0029,2,51.31,102.62
206132,P0027,1,32.76,32.76
206133,P0005,1,40.61,40.61
206134,P0008,1,49.13,49.13
206134,P0018,1,44.85,44.85
206135,P0016,1,10.19,10.19
206136,P0012,1,42.82,42.82
206136,P0029,2,52.72,105.44
206137,P0003,2,52.67,105.34
206137,P0017,2,10.12,20.24
206137,P0014,1,81.07,81.07
206138,P0040,1,76.02,76.02
206138,P0029,2,52.54,105.08
206139,P0017,2,10.33,20.66
206140,P0018,2,49.67,99.34
206140,P0004,2,26.07,52.14
206140,P0018,2,50.74,101.48
206141,P0035,1,55.61,55.61
206142,P0010,2,59.9,119.8
206142,P0019,2,48.79,97.58
206142,P0016,1,9.18,9.18
206143,P0029,2,48.4,96.8
206143,P0026,1,13.0,13.0
206143,P0022,2,57.57,115.14
206144,P0029,1,51.74,51.74
206144,P0001,1,34.45,34.45
206145,P0023,1,66.08,66.08
206145,P0001,1,31.29,31.29
206146,P0023,1,67.12,67.12
206146,P0004,2,26.05,52.1
206146,P0017,1,10.2,10.2
206147,P0017,1,8.77,8.77
206148,P0024,2,43.41,86.82
206149,P0024,1,45.8,45.8
206149,P0028,2,20.18,40.36
206149,P0007,2,23.93,47.86
206150,P0036,1,23.42,23.42
206151,P0009,2,64.87,129.74
206152,P0018,1,50.11,50.11
206152,P0002,1,46.4,46.4
206152,P0024,1,51.15,51.15
206153,P0010,2,68.54,137.08
206153,P0028,2,19.08,38.16
206154,P0004,1,27.88,27.88
206155,P0035,1,51.17,51.17
206156,P0024,2,46.54,93.08
206156,P0012,2,39.32,78.64
206156,P0005,2,47.98,95.96
206157,P0024,1,47.62,47.62
206157,P0001,1,30.1,30.1
206157,P0037,2,27.58,55.16
206158,P0018,1,47.97,47.97
206158,P0001,2,32.24,64.48
206159,P0031,2,26.34,52.68
206159,P0039,2,66.03,132.06
206159,P0035,1,50.19,50.19
206160,P0010,1,67.58,67.58
206160,P0028,2,18.19,36.38
206160,P0003,1,47.92,47.92
206161,P0029,2,51.49,102.98
206161,P0015,2,56.48,112.96
206161,P0026,1,11.83,11.83
206162,P0037,1,31.82,31.82
206162,P0014,2,78.5,157.0
206163,P0010,2,69.81,139.62
206163,P0012,1,45.92,45.92
206164,P0008,1,47.73,47.73
206164,P0011,2,76.89,153.78
206164,P0003,1,55.2,55.2
206165,P0003,2,49.71,99.42
206165,P0030,1,74.98,74.98
206165,P0002,2,43.96,87.92
206166,P0001,2,31.04,62.08
206166,P0019,2,50.65,101.3
206167,P0012,1,40.45,40.45
206167,P0009,2,60.68,121.36
206168,P0005,1,48.61,48.61
206168,P0039,1,74.06,74.06
206169,P0038,2,53.98,107.96
206169,P0001,1,33.3,33.3
206169,P0037,2,31.26,62.52
206170,P0022,2,59.31,118.62
206171,P0025,2,37.98,75.96
206171,P0026,2,13.31,26.62
206172,P0026,1,13.69,13.69
206172,P0010,1,58.53,58.53
206172,P0040,2,67.95,135.9
206173,P0013,1,52.16,52.16
206173,P0003,2,46.28,92.56
206174,P0006,1,48.36,48.36
206174,P0026,2,12.15,24.3
206175,P0006,1,41.64,41.64
206175,P0025,1,35.93,35.93
206176,P0003,1,54.68,54.68
206177,P0030,2,78.26,156.52
206178,P0018,2,43.66,87.32
206178,P0006,2,45.31,90.62
206179,P0001,2,34.96,69.92
206180,P0026,2,13.38,26.76
206180,P0007,2,22.94,45.88
206180,P0033,2,17.54,35.08
206181,P0012,1,47.59,47.59
206181,P0017,2,8.67,17.34
206181,P0023,1,73.04,73.04
206182,P0024,1,47.95,47.95
206183,P0006,2,48.02,96.04
206183,P0015,1,52.87,52.87
206183,P0002,2,43.57,87.14
206184,P0008,2,50.82,101.64
206184,P0024,1,50.26,50.26
206185,P0023,1,78.77,78.77
206186,P0006,2,46.08,92.16
206187,P0019,2,49.95,99.9
206187,P0023,2,74.75,149.5
206188,P0029,2,56.56,113.12
206189,P0028,2,20.27,40.54
206190,P0018,1,48.81,48.81
206190,P0024,2,44.22,88.44
206190,P0013,2,57.97,115.94
206191,P0007,2,25.06,50.12
206191,P0025,2,34.86,69.72
206191,P0021,2,28.04,56.08
206192,P0036,1,27.22,27.22
206192,P0006,2,47.01,94.02
206193,P0012,2,42.43,84.86
206193,P0023,2,71.6,143.2
206194,P0013,1,54.41,54.41
206194,P0018,1,49.27,49.27
206195,P0014,1,79.4,79.4
206195,P0002,2,41.6,83.2
206195,P0013,1,51.23,51.23
206196,P0020,1,44.82,44.82
206196,P0027,1,34.1,34.1
206196,P0025,1,37.41,37.41
206197,P0019,2,53.75,107.5
206198,P0015,2,56.5,113.0
206199,P0019,2,50.53,101.06
206199,P0038,2,58.01,116.02
206200,P0007,2,25.8,51.6
206201,P0034,1,43.19,43.19
206201,P0014,1,75.11,75.11
206201,P0013,1,55.92,55.92
206202,P0011,2,82.8,165.6
206202,P0005,1,41.78,41.78
206203,P0035,2,57.49,114.98
206204,P0037,2,30.93,61.86
206204,P0028,1,20.35,20.35
206204,P0003,2,46.43,92.86
206205,P0019,1,46.83,46.83
206205,P0011,1,80.95,80.95
206206,P0030,1,68.77,68.77
206206,P0034,2,46.1,92.2
206207,P0006,2,45.79,91.58
206207,P0001,2,34.36,68.72
206207,P0039,1,74.3,74.3
206208,P0001,2,32.46,64.92
206208,P0013,1,51.89,51.89
206208,P0025,2,39.29,78.58
206209,P0008,2,51.45,102.9
206209,P0036,1,25.15,25.15
206210,P0006,2,42.28,84.56
206210,P0028,1,18.23,18.23
206211,P0013,1,55.47,55.47
206212,P0021,2,26.31,52.62
206212,P0033,1,17.66,17.66
206213,P0008,1,47.05,47.05
206213,P0002,2,45.47,90.94
206214,P0014,1,67.84,67.84
206214,P0030,1,66.14,66.14
206215,P0024,2,47.95,95.9
206216,P0019,2,55.23,110.46
206216,P0024,1,47.18,47.18
206217,P0026,1,13.09,13.09
206217,P0036,2,26.92,53.84
206218,P0040,2,71.62,143.24
206218,P0028,2,17.95,35.9
206219,P0026,1,13.43,13.43
206219,P0017,2,9.29,18.58
206219,P0037,1,29.29,29.29
206220,P0035,1,53.28,53.28
206220,P0039,2,71.72,143.44
206221,P0002,1,40.85,40.85
206222,P0035,2,56.68,113.36
206223,P0036,2,25.76,51.52
206223,P0038,1,49.59,49.59
206223,P0027,1,30.12,30.12
206224,P0029,1,47.77,47.77
206225,P0016,1,9.98,9.98
206226,P0022,2,63.89,127.78
206226,P0040,2,80.0,160.0
206227,P0002,2,42.74,85.48
206227,P0029,2,47.6,95.2
206227,P0034,2,46.46,92.92
206228,P0014,1,77.25,77.25
206228,P0020,1,45.42,45.42
206229,P0037,2,32.65,65.3
206229,P0013,2,50.07,100.14
206229,P0036,1,26.66,26.66
206230,P0031,2,24.18,48.36
206230,P0023,1,66.09,66.09
206230,P0028,1,21.53,21.53
206231,P0023,1,78.47,78.47
206232,P0007,2,23.78,47.56
206232,P0023,1,66.02,66.02
206232,P0015,1,55.27,55.27
206233,P0005,1,45.52,45.52
206233,P0020,2,51.73,103.46
206233,P0036,2,27.49,54.98
206234,P0001,2,31.41,62.82
206234,P0038,2,57.3,114.6
206234,P0017,1,10.37,10.37
206235,P0007,2,22.69,45.38
206235,P0011,2,68.86,137.72
206235,P0005,2,46.18,92.36
206236,P0016,1,10.16,10.16
206236,P0019,1,46.67,46.67
206236,P0003,2,46.26,92.52
206237,P0035,2,53.23,106.46
206238,P0030,1,78.18,78.18
206238,P0039,1,71.53,71.53
206239,P0037,2,28.41,56.82
206239,P0030,1,76.58,76.58
206240,P0007,2,24.77,49.54
206241,P0023,1,77.16,77.16
206241,P0036,2,22.95,45.9
206242,P0040,1,81.26,81.26
206243,P0003,1,52.51,52.51
206244,P0011,1,73.36,73.36
206245,P0010,2,62.14,124.28
206246,P0013,1,52.01,52.01
206246,P0008,1,53.14,53.14
206246,P0023,2,77.77,155.54
206247,P0013,1,47.52,47.52
206247,P0029,1,48.45,48.45
206247,P0005,1,42.39,42.39
206248,P0005,1,48.97,48.97
206248,P0010,1,61.41,61.41
206248,P0023,1,70.06,70.06
206249,P0038,2,55.89,111.78
206249,P0022,2,56.02,112.04
206249,P0034,1,40.75,40.75
206250,P0026,2,13.72,27.44
206251,P0016,2,9.94,19.88
206251,P0026,2,14.11,28.22
206252,P0008,2,49.4,98.8
206253,P0002,2,45.72,91.44
206254,P0029,2,48.54,97.08
206254,P0025,1,34.04,34.04
206255,P0002,1,46.75,46.75
206255,P0025,2,34.65,69.3
206256,P0039,1,70.31,70.31
206256,P0013,1,47.62,47.62
206256,P0020,2,51.47,102.94
206257,P0031,1,26.08,26.08
206257,P0026,1,12.16,12.16
206257,P0004,2,25.69,51.38
206258,P0011,2,75.12,150.24
206258,P0004,1,26.02,26.02
206259,P0003,2,51.86,103.72
206259,P0011,2,75.76,151.52
206259,P0037,1,29.91,29.91
206260,P0010,2,61.3,122.6
206261,P0021,1,29.52,29.52
206261,P0032,2,61.66,123.32
206262,P0035,1,55.15,55.15
206262,P0032,1,58.36,58.36
206263,P0030,2,72.18,144.36
206263,P0020,1,49.76,49.76
206263,P0013,1,55.25,55.25
206264,P0016,2,10.14,20.28
206265,P0040,1,80.64,80.64
206265,P0015,1,56.74,56.74
206265,P0003,1,52.54,52.54
206266,P0035,1,50.63,50.63
206266,P0014,1,73.52,73.52
206267,P0001,2,32.5,65.0
206267,P0022,1,65.19,65.19
206268,P0022,1,61.71,61.71
206269,P0021,2,27.39,54.78
206269,P0034,1,46.44,46.44
206270,P0028,1,17.81,17.81
206271,P0004,1,27.46,27.46
206272,P0006,2,41.12,82.24
206273,P0015,2,54.7,109.4
206274,P0022,1,57.68,57.68
206274,P0009,1,58.51,58.51
206274,P0028,1,20.23,20.23
206275,P0033,2,16.41,32.82
206275,P0018,1,45.63,45.63
206275,P0015,1,53.75,53.75
206276,P0001,2,31.7,63.4
206276,P0029,2,49.59,99.18
206277,P0011,1,70.04,70.04
206277,P0029,1,56.38,56.38
206277,P0008,1,45.7,45.7
206278,P0033,1,17.02,17.02
206279,P0037,1,29.13,29.13
206280,P0005,2,45.21,90.42
206281,P0021,1,28.05,28.05
206281,P0016,1,10.12,10.12
206282,P0020,2,44.19,88.38
206283,P0024,1,49.99,49.99
206283,P0015,1,52.03,52.03
206283,P0018,1,50.61,50.61
206284,P0027,1,32.6,32.6
206284,P0032,2,63.12,126.24
206285,P0039,1,77.99,77.99
206285,P0030,1,68.34,68.34
206286,P0035,1,55.85,55.85
206286,P0002,1,40.81,40.81
206286,P0038,2,50.01,100.02
206287,P0034,1,40.16,40.16
206287,P0039,2,66.62,133.24
206287,P0019,2,54.76,109.52
206288,P0004,2,22.71,45.42
206288,P0033,1,19.42,19.42
206288,P0030,2,69.4,138.8
206289,P0008,1,50.08,50.08
206290,P0013,2,50.84,101.68
206291,P0021,1,31.19,31.19
206291,P0024,1,50.53,50.53
206291,P0010,2,63.02,126.04
206292,P0007,2,24.12,48.24
206292,P0027,1,32.3,32.3
206293,P0031,2,26.22,52.44
206293,P0032,1,57.36,57.36
206293,P0006,2,41.96,83.92
206294,P0036,1,25.71,25.71
206294,P0023,1,74.08,74.08
206295,P0015,1,51.36,51.36
206296,P0027,1,30.91,30.91
206296,P0039,1,74.85,74.85
206297,P0001,1,33.45,33.45
206297,P0033,2,18.84,37.68
206297,P0037,1,30.76,30.76
206298,P0021,1,27.31,27.31
206298,P0006,1,48.7,48.7
206298,P0031,1,25.46,25.46
206299,P0039,1,75.67,75.67
206300,P0034,2,41.08,82.16
206300,P0011,2,72.2,144.4
206300,P0023,2,77.83,155.66
206301,P0004,2,23.82,47.64
206301,P0010,2,58.45,116.9
206301,P0024,2,49.23,98.46
206302,P0018,1,47.32,47.32
206302,P0027,2,33.17,66.34
206303,P0014,2,75.8,151.6
206304,P0032,1,60.38,60.38
206304,P0015,1,51.83,51.83
206305,P0011,1,82.43,82.43
206305,P0003,1,49.91,49.91
206306,P0023,1,75.83,75.83
206307,P0036,1,26.36,26.36
206307,P0005,2,48.29,96.58
206307,P0018,2,47.09,94.18
206308,P0003,1,49.75,49.75
206309,P0001,2,33.23,66.46
206310,P0003,2,55.03,110.06
206310,P0014,2,70.58,141.16
206310,P0032,2,56.49,112.98
206311,P0020,2,49.38,98.76
206311,P0039,1,68.95,68.95
206312,P0005,2,46.03,92.06
206313,P0037,1,31.13,31.13
206313,P0007,2,21.82,43.64
206313,P0014,2,79.87,159.74
206314,P0029,1,52.91,52.91
206315,P0007,2,23.0,46.0
206315,P0009,2,61.65,123.3
206316,P0038,2,53.64,107.28
206317,P0023,2,72.76,145.52
206317,P0040,1,76.94,76.94
206318,P0001,2,32.73,65.46
206319,P0030,2,77.5,155.0
206319,P0008,2,54.15,108.3
206319,P0013,2,52.62,105.24
206320,P0003,2,55.15,110.3
206320,P0027,2,31.18,62.36
206320,P0015,1,57.4,57.4
206321,P0019,2,51.21,102.42
206321,P0023,1,68.14,68.14
206321,P0022,2,56.76,113.52
206322,P0007,2,23.48,46.96
206322,P0024,2,48.5,97.0
206323,P0028,1,20.71,20.71
206323,P0012,2,43.24,86.48
206323,P0019,1,53.63,53.63
206324,P0016,1,9.02,9.02
206325,P0026,2,12.1,24.2
206326,P0025,2,40.06,80.12
206326,P0037,2,27.37,54.74
206326,P0006,2,43.06,86.12
206327,P0040,2,74.84,149.68
206328,P0013,1,50.05,50.05
206328,P0039,1,73.07,73.07
206328,P0007,2,25.28,50.56
206329,P0031,1,23.27,23.27
206330,P0005,2,46.82,93.64
206330,P0011,1,73.08,73.08
206331,P0027,2,34.19,68.38
206331,P0012,1,42.73,42.73
206332,P0021,1,29.13,29.13
206332,P0040,2,75.24,150.48
206333,P0008,2,51.62,103.24
206334,P0022,1,60.39,60.39
206335,P0036,2,25.65,51.3
206336,P0023,1,73.16,73.16
206336,P0031,2,26.33,52.66
206337,P0036,2,25.57,51.14
206338,P0003,1,54.43,54.43
206339,P0010,2,66.72,133.44
206339,P0007,2,22.14,44.28
206340,P0030,1,67.43,67.43
206340,P0011,1,70.58,70.58
206340,P0028,1,20.88,20.88
206341,P0006,1,47.84,47.84
206342,P0040,2,73.61,147.22
206343,P0007,2,25.0,50.0
206343,P0032,2,54.44,108.88
206343,P0002,2,41.28,82.56
206344,P0016,2,9.11,18.22
206344,P0039,1,65.15,65.15
206344,P0038,1,52.08,52.08
206345,P0013,1,50.56,50.56
206345,P0025,2,33.5,67.0
206346,P0035,2,54.16,108.32
206347,P0017,2,9.46,18.92
206347,P0019,1,51.31,51.31
206347,P0038,2,50.06,100.12
206348,P0039,1,65.28,65.28
206349,P0018,1,43.23,43.23
206350,P0036,1,26.46,26.46
206350,P0002,1,46.32,46.32
206350,P0026,1,13.49,13.49
206351,P0033,2,17.48,34.96
206351,P0014,1,74.54,74.54
206351,P0035,1,51.52,51.52
206352,P0031,1,22.85,22.85
206353,P0007,2,25.96,51.92
206354,P0012,1,47.3,47.3
206355,P0001,2,32.8,65.6
206355,P0034,1,39.38,39.38
206356,P0018,2,43.74,87.48
206356,P0035,1,51.36,51.36
206357,P0033,2,16.98,33.96
206357,P0037,2,31.98,63.96
206358,P0005,1,41.13,41.13
206358,P0002,2,45.93,91.86
206358,P0007,1,22.92,22.92
206359,P0004,1,23.71,23.71
206359,P0025,1,39.62,39.62
206359,P0018,2,42.53,85.06
206360,P0010,1,59.18,59.18
206360,P0020,1,52.83,52.83
206361,P0030,1,77.91,77.91
206361,P0030,2,79.51,159.02
206361,P0036,1,24.29,24.29
206362,P0040,1,68.36,68.36
206362,P0036,2,27.65,55.3
206362,P0023,2,67.06,134.12
206363,P0020,2,44.11,88.22
206363,P0014,2,68.52,137.04
206364,P0040,1,68.05,68.05
206364,P0009,1,59.17,59.17
206365,P0029,1,56.79,56.79
206365,P0031,1,24.38,24.38
206366,P0003,2,49.25,98.5
206366,P0028,2,17.68,35.36
206367,P0038,1,59.59,59.59
206368,P0024,1,48.96,48.96
206369,P0009,2,65.43,130.86
206369,P0028,2,18.87,37.74
206370,P0013,1,56.83,56.83
206370,P0004,2,24.23,48.46
206371,P0038,1,56.39,56.39
206371,P0004,1,23.13,23.13
206371,P0029,1,54.57,54.57
206372,P0037,1,28.31,28.31
206372,P0001,2,29.59,59.18
206372,P0012,1,46.97,46.97
206373,P0037,2,32.66,65.32
206373,P0012,2,39.61,79.22
206374,P0020,1,52.63,52.63
206374,P0032,2,58.57,117.14
206375,P0032,2,63.44,126.88
206375,P0031,1,25.99,25.99
206376,P0021,1,29.95,29.95
206376,P0013,1,56.31,56.31
206377,P0027,1,33.49,33.49
206378,P0014,2,71.44,142.88
206378,P0024,1,50.86,50.86
206378,P0011,2,75.91,151.82
206379,P0008,1,55.02,55.02
206379,P0022,2,60.38,120.76
206380,P0004,2,26.85,53.7
206380,P0026,1,12.51,12.51
206381,P0014,2,67.35,134.7
206382,P0025,2,35.99,71.98
206382,P0010,2,62.59,125.18
206383,P0033,2,16.77,33.54
206383,P0001,1,34.99,34.99
206383,P0001,2,29.89,59.78
206384,P0012,1,47.21,47.21
206385,P0001,1,29.6,29.6
206386,P0022,1,59.56,59.56
206386,P0035,2,53.71,107.42
206387,P0021,1,25.87,25.87
206387,P0003,1,52.04,52.04
206387,P0029,2,55.91,111.82
206388,P0032,1,59.34,59.34
206388,P0038,2,52.92,105.84
206389,P0024,1,43.05,43.05
206389,P0029,1,50.55,50.55
206390,P0035,2,56.17,112.34
206391,P0038,2,58.91,117.82
206391,P0031,2,21.86,43.72
206392,P0033,1,15.96,15.96
206392,P0003,1,51.02,51.02
206393,P0032,1,63.69,63.69
206393,P0004,2,27.75,55.5
206393,P0005,1,46.22,46.22
206394,P0006,2,49.54,99.08
206395,P0020,2,53.51,107.02
206395,P0036,1,22.95,22.95
206396,P0028,2,19.79,39.58
206397,P0023,2,69.72,139.44
206397,P0006,2,42.86,85.72
206398,P0011,1,68.87,68.87
206398,P0030,1,70.87,70.87
206398,P0036,1,25.31,25.31
206399,P0036,2,27.48,54.96
206399,P0018,2,46.97,93.94
206399,P0010,1,71.35,71.35
206400,P0004,2,27.45,54.9
206400,P0027,2,34.29,68.58
206400,P0013,1,49.5,49.5
206401,P0028,2,19.95,39.9
206401,P0024,2,42.44,84.88
206401,P0019,1,55.18,55.18
206402,P0007,1,22.79,22.79
206402,P0017,2,9.69,19.38
206402,P0002,1,47.05,47.05
206403,P0020,2,45.3,90.6
206403,P0003,1,46.73,46.73
206403,P0001,1,30.85,30.85
206404,P0018,2,51.24,102.48
206405,P0034,2,41.14,82.28
206405,P0029,1,50.54,50.54
206406,P0040,2,76.65,153.3
206406,P0026,2,12.61,25.22
206407,P0006,1,44.79,44.79
206407,P0007,2,23.29,46.58
206408,P0039,1,66.47,66.47
206408,P0037,2,28.28,56.56
206408,P0014,1,71.7,71.7
206409,P0012,2,39.91,79.82
206410,P0023,2,76.56,153.12
206410,P0001,2,31.87,63.74
206411,P0032,2,62.25,124.5
206412,P0017,2,10.25,20.5
206413,P0035,1,54.28,54.28
206413,P0040,1,70.29,70.29
206414,P0002,2,40.84,81.68
206414,P0023,2,78.93,157.86
206414,P0034,2,46.71,93.42
206415,P0001,2,34.21,68.42
206415,P0006,1,46.04,46.04
206415,P0029,1,50.73,50.73
206416,P0014,1,67.37,67.37
206416,P0009,1,66.34,66.34
206417,P0024,1,42.56,42.56
206417,P0033,1,17.27,17.27
206418,P0033,2,16.6,33.2
206418,P0039,2,72.26,144.52
206419,P0024,1,50.89,50.89
206420,P0027,1,30.27,30.27
206420,P0020,1,50.4,50.4
206421,P0038,1,54.12,54.12
206422,P0018,2,47.16,94.32
206423,P0017,1,9.83,9.83
206424,P0029,1,48.88,48.88
206424,P0004,2,26.35,52.7
206425,P0008,2,52.87,105.74
206425,P0011,2,70.55,141.1
206425,P0034,2,44.56,89.12
206426,P0021,1,29.68,29.68
206426,P0009,1,63.61,63.61
206426,P0021,2,27.26,54.52
206427,P0039,1,75.2,75.2
206427,P0013,2,51.53,103.06
206427,P0019,1,54.32,54.32
206428,P0033,1,19.59,19.59
206429,P0003,1,52.32,52.32
206429,P0026,2,11.65,23.3
206430,P0009,2,65.09,130.18
206431,P0031,1,25.15,25.15
206432,P0024,1,48.49,48.49
206432,P0027,1,33.55,33.55
206433,P0026,1,13.12,13.12
206433,P0034,2,44.55,89.1
206434,P0029,2,53.62,107.24
206434,P0026,2,13.83,27.66
206434,P0006,1,44.99,44.99
206435,P0024,1,49.32,49.32
206435,P0032,1,61.73,61.73
206435,P0015,2,50.85,101.7
206436,P0030,2,76.86,153.72
206437,P0033,2,17.46,34.92
206437,P0010,1,68.73,68.73
206437,P0008,1,45.91,45.91
206438,P0030,1,76.84,76.84
206439,P0020,1,51.99,51.99
206439,P0029,1,47.89,47.89
206439,P0006,2,49.63,99.26
206440,P0032,2,55.49,110.98
206440,P0040,1,76.44,76.44
206440,P0004,2,26.33,52.66
206441,P0019,1,48.78,48.78
206442,P0006,2,46.13,92.26
206443,P0022,2,65.09,130.18
206443,P0035,1,53.34,53.34
206443,P0040,2,70.24,140.48
206444,P0031,2,25.32,50.64
206445,P0026,1,13.92,13.92
206446,P0018,2,45.24,90.48
206447,P0035,2,57.22,114.44
206447,P0033,1,18.01,18.01
206447,P0029,1,51.05,51.05
206448,P0034,1,39.05,39.05
206449,P0020,1,47.3,47.3
206449,P0025,1,38.14,38.14
206449,P0018,2,44.85,89.7
206450,P0018,1,42.73,42.73
206451,P0029,2,58.18,116.36
206451,P0036,2,27.9,55.8
206451,P0016,2,10.43,20.86
206452,P0016,1,10.17,10.17
206452,P0034,1,38.73,38.73
206453,P0019,1,47.69,47.69
206453,P0008,1,50.79,50.79
206453,P0036,1,23.24,23.24
206454,P0035,2,54.64,109.28
206455,P0001,1,34.48,34.48
206455,P0036,1,26.25,26.25
206455,P0016,2,9.21,18.42
206456,P0018,1,49.8,49.8
206456,P0040,1,74.97,74.97
206457,P0035,1,47.43,47.43
206457,P0027,1,29.62,29.62
206458,P0002,2,38.63,77.26
206458,P0028,2,20.67,41.34
206458,P0023,1,74.76,74.76
206459,P0024,2,49.74,99.48
206459,P0023,2,65.9,131.8
206460,P0027,2,31.67,63.34
206461,P0035,1,52.26,52.26
206461,P0011,2,77.09,154.18
206462,P0013,1,49.5,49.5
206462,P0019,1,50.63,50.63
206462,P0030,1,69.2,69.2
206463,P0031,1,22.48,22.48
206463,P0039,1,75.69,75.69
206464,P0013,1,57.69,57.69
206464,P0002,2,39.13,78.26
206464,P0010,2,61.35,122.7
206465,P0026,1,13.99,13.99
206465,P0011,1,82.35,82.35
206466,P0008,1,49.97,49.97
206467,P0020,1,45.43,45.43
206468,P0016,1,10.72,10.72
206468,P0005,2,48.24,96.48
206468,P0029,1,51.15,51.15
206469,P0006,2,45.48,90.96
206469,P0020,1,51.69,51.69
206470,P0007,1,26.62,26.62
206471,P0039,2,66.04,132.08
206471,P0033,1,19.13,19.13
206472,P0024,1,47.15,47.15
206473,P0032,1,63.2,63.2
206474,P0016,2,9.2,18.4
206474,P0005,2,46.24,92.48
206475,P0018,1,46.19,46.19
206475,P0031,1,21.63,21.63
206475,P0032,2,53.94,107.88
206476,P0016,2,9.15,18.3
206476,P0005,2,44.3,88.6
206477,P0002,1,44.67,44.67
206477,P0002,1,42.27,42.27
206477,P0026,1,11.7,11.7
206478,P0003,1,54.1,54.1
206478,P0009,1,66.18,66.18
206478,P0020,2,44.6,89.2
206479,P0002,1,46.68,46.68
206479,P0002,1,43.81,43.81
206479,P0019,1,46.7,46.7
206480,P0026,2,12.71,25.42
206480,P0018,2,48.51,97.02
206480,P0016,2,10.4,20.8
206481,P0039,2,68.23,136.46
206481,P0018,1,45.9,45.9
206481,P0035,2,52.83,105.66
206482,P0030,1,69.32,69.32
206483,P0040,1,68.53,68.53
206483,P0011,1,69.69,69.69
206484,P0034,1,39.87,39.87
206485,P0022,1,62.18,62.18
206485,P0031,2,25.37,50.74
206485,P0030,2,74.17,148.34
206486,P0011,1,82.93,82.93
206486,P0017,1,9.64,9.64
206486,P0035,2,55.26,110.52
206487,P0001,1,32.29,32.29
206488,P0008,1,49.09,49.09
206489,P0018,1,43.25,43.25
206489,P0003,2,45.21,90.42
206489,P0007,2,25.88,51.76
206490,P0037,1,29.87,29.87
206491,P0001,2,30.92,61.84
206492,P0025,1,33.59,33.59
206492,P0008,1,51.87,51.87
206493,P0001,1,28.85,28.85
206493,P0005,2,41.38,82.76
206494,P0021,1,31.67,31.67
206494,P0013,2,50.4,100.8
206494,P0038,1,57.87,57.87
206495,P0016,1,9.12,9.12
206495,P0006,1,48.37,48.37
206496,P0005,1,44.91,44.91
206497,P0002,1,39.08,39.08
206497,P0001,2,35.07,70.14
206497,P0012,2,42.68,85.36
206498,P0009,2,60.95,121.9
206498,P0039,1,65.75,65.75
206498,P0040,1,75.72,75.72
206499,P0037,1,31.96,31.96
206499,P0034,2,42.18,84.36
206499,P0013,1,55.97,55.97
206500,P0012,2,48.13,96.26
206501,P0012,2,39.65,79.3
206501,P0019,2,47.35,94.7
206502,P0034,2,42.21,84.42
206503,P0011,1,81.13,81.13
206503,P0025,1,37.15,37.15
206504,P0013,2,57.67,115.34
206504,P0005,1,44.13,44.13
206504,P0028,2,17.92,35.84
206505,P0034,1,42.68,42.68
206506,P0002,1,40.5,40.5
206506,P0034,1,38.68,38.68
206506,P0035,2,53.28,106.56
206507,P0011,2,76.41,152.82
206507,P0005,2,48.37,96.74
206507,P0020,1,46.22,46.22
206508,P0026,2,12.21,24.42
206509,P0005,1,43.98,43.98
206509,P0004,2,23.18,46.36
206510,P0026,2,11.71,23.42
206510,P0017,2,8.88,17.76
206510,P0004,1,27.53,27.53
206511,P0014,1,80.89,80.89
206511,P0033,2,19.13,38.26
206511,P0018,2,47.95,95.9
206512,P0036,1,23.27,23.27
206512,P0036,1,23.75,23.75
206513,P0023,2,71.47,142.94
206513,P0006,2,41.98,83.96
206513,P0039,1,78.06,78.06
206514,P0034,2,39.66,79.32
206514,P0018,2,49.15,98.3
206515,P0011,2,72.49,144.98
206515,P0017,2,9.39,18.78
206516,P0030,2,78.24,156.48
206516,P0013,1,54.83,54.83
206516,P0030,2,70.83,141.66
206517,P0010,1,68.21,68.21
206517,P0013,2,51.95,103.9
206518,P0008,2,54.8,109.6
206518,P0030,1,73.71,73.71
206518,P0001,2,34.86,69.72
206519,P0031,2,24.46,48.92
206519,P0008,2,47.11,94.22
206520,P0027,1,34.03,34.03
206520,P0017,1,10.28,10.28
206520,P0018,1,45.11,45.11
206521,P0018,1,48.13,48.13
206521,P0014,2,78.87,157.74
206522,P0021,1,31.58,31.58
206522,P0020,2,52.46,104.92
206522,P0038,2,51.77,103.54
206523,P0020,1,50.82,50.82
206523,P0031,1,21.91,21.91
206523,P0031,1,22.66,22.66
206524,P0002,2,46.77,93.54
206525,P0011,1,74.92,74.92
206525,P0002,1,45.2,45.2
206526,P0011,1,68.08,68.08
206526,P0031,1,23.79,23.79
206526,P0023,2,78.88,157.76
206527,P0007,1,26.3,26.3
206527,P0001,2,35.1,70.2
206527,P0023,1,68.34,68.34
206528,P0010,2,64.95,129.9
206528,P0015,1,62.4,62.4
206529,P0028,2,19.08,38.16
206529,P0008,1,49.51,49.51
206529,P0036,1,22.96,22.96
206530,P0016,1,10.77,10.77
206530,P0004,2,23.27,46.54
206530,P0027,1,33.58,33.58
206531,P0010,2,71.28,142.56
206531,P0031,2,25.4,50.8
206532,P0004,1,25.44,25.44
206532,P0038,2,48.64,97.28
206533,P0031,1,24.07,24.07
206533,P0030,2,74.06,148.12
206533,P0012,1,41.18,41.18
206534,P0022,1,60.35,60.35
206534,P0025,2,33.14,66.28
206534,P0014,1,79.96,79.96
206535,P0024,2,51.56,103.12
206535,P0013,1,50.28,50.28
206536,P0026,1,13.53,13.53
206536,P0014,2,71.26,142.52
206536,P0028,1,21.31,21.31
206537,P0016,2,10.11,20.22
206537,P0019,1,50.19,50.19
206538,P0002,2,45.8,91.6
206538,P0026,1,11.76,11.76
206538,P0026,1,13.9,13.9
206539,P0037,2,30.81,61.62
206539,P0019,2,48.71,97.42
206540,P0009,2,60.62,121.24
206540,P0013,1,51.85,51.85
206540,P0022,1,67.23,67.23
206541,P0003,2,52.34,104.68
206542,P0024,2,49.27,98.54
206542,P0018,1,46.85,46.85
206542,P0022,2,66.83,133.66
206543,P0016,1,9.5,9.5
206544,P0015,1,52.2,52.2
206544,P0012,2,47.98,95.96
206545,P0030,2,66.68,133.36
206545,P0027,2,30.3,60.6
206546,P0002,2,43.2,86.4
206547,P0013,2,52.26,104.52
206547,P0030,1,76.11,76.11
206547,P0027,2,32.12,64.24
206548,P0002,2,39.9,79.8
206549,P0031,1,24.24,24.24
206549,P0039,1,79.61,79.61
206550,P0040,1,72.31,72.31
206550,P0031,2,25.85,51.7
206550,P0016,1,10.59,10.59
206551,P0027,2,31.67,63.34
206552,P0005,1,48.74,48.74
206552,P0014,2,68.85,137.7
206552,P0019,1,50.75,50.75
206553,P0009,1,57.76,57.76
206553,P0028,2,20.2,40.4
206553,P0030,1,66.78,66.78
206554,P0009,1,65.49,65.49
206555,P0033,1,18.27,18.27
206555,P0035,2,51.94,103.88
206556,P0035,2,56.52,113.04
206556,P0020,2,46.22,92.44
206556,P0039,1,71.45,71.45
206557,P0021,2,28.21,56.42
206557,P0040,2,74.11,148.22
206557,P0008,1,54.77,54.77
206558,P0037,2,28.4,56.8
206558,P0032,2,63.58,127.16
206559,P0020,1,49.39,49.39
206559,P0028,1,20.36,20.36
206559,P0039,1,78.54,78.54
206560,P0038,1,56.74,56.74
206561,P0029,1,48.24,48.24
206561,P0008,2,50.37,100.74
206562,P0001,2,33.78,67.56
206562,P0006,1,44.6,44.6
206563,P0013,1,52.38,52.38
206564,P0019,1,51.56,51.56
206564,P0001,1,34.96,34.96
206564,P0011,1,80.01,80.01
206565,P0037,1,31.17,31.17
206566,P0015,2,53.53,107.06
206567,P0028,1,19.38,19.38
206567,P0011,1,81.79,81.79
206567,P0012,1,47.91,47.91
206568,P0040,1,71.88,71.88
206568,P0038,2,50.69,101.38
206569,P0037,1,32.55,32.55
206569,P0021,1,29.57,29.57
206570,P0036,1,26.46,26.46
206571,P0024,1,43.75,43.75
206571,P0021,1,31.06,31.06
206572,P0040,1,73.36,73.36
206572,P0021,2,25.95,51.9
206572,P0029,1,54.58,54.58
206573,P0039,1,79.32,79.32
206573,P0008,1,46.12,46.12
206573,P0033,1,18.93,18.93
206574,P0009,1,62.41,62.41
206574,P0007,2,26.06,52.12
206575,P0001,1,33.39,33.39
206575,P0016,2,9.73,19.46
206576,P0029,2,51.03,102.06
206576,P0027,2,35.03,70.06
206576,P0028,2,20.76,41.52
206577,P0014,2,78.87,157.74
206577,P0025,1,37.08,37.08
206578,P0040,2,78.91,157.82
206578,P0026,1,12.88,12.88
206579,P0011,2,69.59,139.18
206579,P0007,1,22.62,22.62
206579,P0023,1,77.44,77.44
206580,P0012,1,39.48,39.48
206580,P0008,2,52.92,105.84
206581,P0021,1,26.93,26.93
206581,P0021,1,31.75,31.75
206582,P0007,2,22.77,45.54
206582,P0016,2,9.19,18.38
206583,P0037,2,27.92,55.84
206583,P0036,2,23.89,47.78
206584,P0038,1,53.47,53.47
206585,P0023,2,69.24,138.48
206586,P0040,2,71.72,143.44
206586,P0005,2,40.1,80.2
206587,P0038,1,52.79,52.79
206587,P0017,1,10.63,10.63
206587,P0030,1,74.45,74.45
206588,P0014,1,74.51,74.51
206588,P0032,2,53.53,107.06
206588,P0027,1,32.16,32.16
206589,P0032,1,58.0,58.0
206590,P0018,1,48.87,48.87
206590,P0028,2,21.0,42.0
206590,P0016,1,10.14,10.14
206591,P0007,1,24.72,24.72
206591,P0030,2,76.88,153.76
206592,P0028,1,20.34,20.34
206592,P0028,1,19.9,19.9
206593,P0020,2,53.89,107.78
206593,P0030,2,75.0,150.0
206593,P0012,1,42.29,42.29
206594,P0019,1,49.62,49.62
206595,P0032,1,64.33,64.33
206595,P0012,1,39.84,39.84
206596,P0039,2,74.48,148.96
206596,P0040,2,76.36,152.72
206597,P0036,1,26.87,26.87
206597,P0036,2,27.93,55.86
206597,P0005,2,47.2,94.4
206598,P0004,2,26.01,52.02
206598,P0037,1,32.39,32.39
206599,P0004,2,24.99,49.98
206599,P0018,1,46.81,46.81
206599,P0021,1,30.73,30.73
206600,P0006,1,49.07,49.07
206601,P0023,2,72.65,145.3
206602,P0020,2,48.37,96.74
206602,P0028,2,17.71,35.42
206603,P0015,1,53.72,53.72
206604,P0037,2,31.58,63.16
206604,P0023,1,64.98,64.98
206605,P0005,1,48.44,48.44
206605,P0034,1,46.27,46.27
206605,P0012,2,41.47,82.94
206606,P0009,2,58.01,116.02
206607,P0037,2,29.18,58.36
206607,P0001,1,33.94,33.94
206608,P0029,2,50.8,101.6
206609,P0034,2,42.18,84.36
206610,P0011,2,78.06,156.12
206610,P0035,1,48.34,48.34
206610,P0036,2,27.33,54.66
206611,P0024,1,50.29,50.29
206612,P0014,1,77.99,77.99
206612,P0022,2,55.64,111.28
206613,P0013,2,50.88,101.76
206613,P0025,1,33.2,33.2
206613,P0009,2,61.92,123.84
206614,P0001,2,33.28,66.56
206615,P0009,2,59.96,119.92
206615,P0025,2,33.83,67.66
206615,P0036,1,26.14,26.14
206616,P0010,2,60.82,121.64
206616,P0005,1,39.89,39.89
206616,P0021,2,30.18,60.36
206617,P0030,1,75.96,75.96
206618,P0017,2,8.68,17.36
206618,P0021,1,31.11,31.11
206618,P0024,1,47.21,47.21
206619,P0026,2,13.46,26.92
206620,P0025,2,39.68,79.36
206620,P0008,1,51.09,51.09
206621,P0019,2,50.94,101.88
206621,P0006,1,48.61,48.61
206621,P0033,1,19.45,19.45
206622,P0001,2,33.86,67.72
206622,P0013,2,49.44,98.88
206623,P0022,1,61.59,61.59
206623,P0020,1,50.2,50.2
206624,P0003,2,50.61,101.22
206624,P0016,1,9.65,9.65
206624,P0003,1,54.27,54.27
206625,P0026,2,13.18,26.36
206625,P0040,1,67.29,67.29
206625,P0016,2,10.36,20.72
206626,P0025,1,36.2,36.2
206626,P0016,1,9.87,9.87
206626,P0003,2,46.94,93.88
206627,P0023,2,70.3,140.6
206627,P0003,1,50.57,50.57
206628,P0035,2,47.93,95.86
206628,P0026,1,13.51,13.51
206629,P0040,1,69.06,69.06
206630,P0010,2,62.37,124.74
206631,P0037,1,28.72,28.72
206631,P0022,2,57.61,115.22
206632,P0029,1,50.09,50.09
206632,P0007,1,23.53,23.53
206632,P0017,2,10.25,20.5
206633,P0008,2,51.78,103.56
206633,P0012,2,44.01,88.02
206634,P0035,2,51.71,103.42
206634,P0020,1,44.3,44.3
206635,P0007,1,24.03,24.03
206635,P0011,1,81.71,81.71
206635,P0035,1,50.01,50.01
206636,P0021,1,31.57,31.57
206637,P0028,2,20.98,41.96
206637,P0014,2,76.86,153.72
206637,P0028,1,20.58,20.58
206638,P0021,2,26.44,52.88
206638,P0016,1,9.29,9.29
206638,P0029,2,57.96,115.92
206639,P0040,1,78.42,78.42
206640,P0032,2,55.04,110.08
206640,P0016,1,10.83,10.83
206641,P0039,2,66.43,132.86
206641,P0003,1,49.47,49.47
206641,P0001,1,34.17,34.17
206642,P0036,2,23.97,47.94
206642,P0025,1,39.42,39.42
206642,P0026,2,13.8,27.6
206643,P0010,1,61.74,61.74
206644,P0009,1,62.18,62.18
206645,P0009,1,57.19,57.19
206645,P0002,2,38.31,76.62
206645,P0030,2,66.82,133.64
206646,P0022,1,67.18,67.18
206646,P0020,1,50.43,50.43
206646,P0034,1,42.11,42.11
206647,P0012,2,40.57,81.14
206647,P0004,1,25.11,25.11
206648,P0009,2,60.86,121.72
206648,P0006,1,44.44,44.44
206649,P0038,1,54.73,54.73
206649,P0037,1,27.53,27.53
206650,P0021,2,27.22,54.44
206650,P0016,2,10.78,21.56
206651,P0030,1,71.74,71.74
206651,P0004,1,27.84,27.84
206651,P0031,2,24.17,48.34
206652,P0001,1,31.11,31.11
206652,P0026,1,12.4,12.4
206652,P0005,2,40.61,81.22
206653,P0018,2,44.99,89.98
206654,P0012,1,41.51,41.51
206654,P0013,2,47.61,95.22
206654,P0012,1,45.41,45.41
206655,P0032,1,57.74,57.74
206656,P0013,2,55.13,110.26
206657,P0037,2,32.33,64.66
206657,P0011,1,79.18,79.18
206658,P0040,1,67.82,67.82
206659,P0017,1,9.35,9.35
206660,P0021,2,30.55,61.1
206661,P0003,1,54.03,54.03
206661,P0003,1,53.83,53.83
206661,P0032,1,54.23,54.23
206662,P0007,2,25.31,50.62
206663,P0025,2,34.11,68.22
206663,P0002,2,41.24,82.48
206664,P0022,2,55.22,110.44
206664,P0002,2,43.88,87.76
206664,P0020,2,45.98,91.96
206665,P0014,2,66.17,132.34
206665,P0023,2,71.38,142.76
206665,P0008,1,48.31,48.31
206666,P0039,2,66.26,132.52
206666,P0014,2,76.56,153.12
206667,P0018,1,44.37,44.37
206667,P0036,2,25.09,50.18
206668,P0040,2,75.36,150.72
206668,P0030,2,76.71,153.42
206668,P0011,2,74.64,149.28
206669,P0025,2,34.52,69.04
206669,P0013,1,48.47,48.47
206669,P0026,2,13.83,27.66
206670,P0021,2,30.41,60.82
206670,P0018,2,44.83,89.66
206670,P0016,2,10.6,21.2
206671,P0038,1,49.8,49.8
206671,P0035,1,50.79,50.79
206671,P0024,2,46.0,92.0
206672,P0030,2,78.46,156.92
206672,P0014,1,67.43,67.43
206673,P0009,1,60.96,60.96
206674,P0007,1,23.63,23.63
206674,P0035,2,56.17,112.34
206674,P0020,2,46.84,93.68
206675,P0017,2,10.44,20.88
206676,P0024,1,43.44,43.44
206677,P0037,1,31.07,31.07
206677,P0007,1,24.59,24.59
206678,P0035,1,47.8,47.8
206678,P0026,1,13.86,13.86
206679,P0027,1,34.08,34.08
206679,P0006,1,44.65,44.65
206680,P0034,2,43.44,86.88
206680,P0039,2,67.51,135.02
206681,P0024,1,42.46,42.46
206682,P0018,1,50.27,50.27
206683,P0020,2,50.29,100.58
206684,P0026,2,13.85,27.7
206685,P0004,1,27.39,27.39
206686,P0013,1,51.64,51.64
206686,P0027,2,28.76,57.52
206687,P0015,1,59.55,59.55
206688,P0023,1,67.18,67.18
206689,P0036,1,25.6,25.6
206689,P0012,2,40.76,81.52
206689,P0010,2,68.94,137.88
206690,P0016,2,9.81,19.62
206691,P0011,2,72.71,145.42
206691,P0012,1,41.9,41.9
206691,P0009,2,62.78,125.56
206692,P0014,2,78.66,157.32
206692,P0036,1,27.76,27.76
206692,P0034,1,42.14,42.14
206693,P0004,2,26.35,52.7
206694,P0007,1,25.4,25.4
206694,P0035,1,54.23,54.23
206695,P0026,1,13.33,13.33
206695,P0008,1,51.6,51.6
206696,P0015,2,57.24,114.48
206697,P0030,2,74.02,148.04
206697,P0040,2,70.2,140.4
206698,P0018,1,51.24,51.24
206698,P0026,1,12.5,12.5
206698,P0012,1,43.56,43.56
206699,P0009,2,55.44,110.88
206700,P0017,1,10.26,10.26
206700,P0010,1,63.53,63.53
206701,P0023,2,70.43,140.86
206701,P0025,2,35.02,70.04
206702,P0032,1,60.71,60.71
206703,P0013,1,52.03,52.03
206703,P0004,2,27.37,54.74
206703,P0037,1,30.16,30.16
206704,P0030,1,75.66,75.66
206705,P0008,2,47.23,94.46
206705,P0028,1,20.1,20.1
206705,P0029,2,50.56,101.12
206706,P0023,1,70.93,70.93
206707,P0027,1,29.58,29.58
206708,P0033,2,16.87,33.74
206709,P0025,2,39.74,79.48
206709,P0005,2,48.43,96.86
206710,P0028,2,18.66,37.32
206710,P0020,1,52.75,52.75
206711,P0016,1,10.36,10.36
206711,P0008,2,46.64,93.28
206711,P0008,1,52.16,52.16
206712,P0006,1,47.51,47.51
206713,P0020,1,50.85,50.85
206714,P0027,2,33.3,66.6
206714,P0007,2,22.53,45.06
206714,P0015,2,59.97,119.94
206715,P0019,2,46.68,93.36
206715,P0017,2,8.75,17.5
206715,P0013,2,54.45,108.9
206716,P0024,1,47.34,47.34
206716,P0040,2,75.76,151.52
206716,P0028,1,21.34,21.34
206717,P0039,2,68.67,137.34
206717,P0015,2,57.07,114.14
206717,P0035,2,54.95,109.9
206718,P0007,1,22.25,22.25
206718,P0004,1,24.05,24.05
206718,P0039,1,74.83,74.83
206719,P0013,1,50.45,50.45
206720,P0036,1,26.96,26.96
206720,P0023,1,75.46,75.46
206721,P0007,2,26.2,52.4
206721,P0013,2,51.45,102.9
206721,P0032,1,62.75,62.75
206722,P0022,1,61.24,61.24
206722,P0007,2,23.86,47.72
206722,P0012,2,43.26,86.52
206723,P0031,2,23.1,46.2
206724,P0020,1,44.33,44.33
206725,P0032,1,58.58,58.58
206725,P0017,1,9.62,9.62
206725,P0027,1,29.19,29.19
206726,P0028,2,21.48,42.96
206727,P0007,1,26.54,26.54
206727,P0009,2,63.37,126.74
206728,P0033,2,18.2,36.4
206729,P0019,1,46.46,46.46
206729,P0023,1,72.36,72.36
206730,P0006,1,41.93,41.93
206730,P0025,2,35.01,70.02
206730,P0030,2,73.19,146.38
206731,P0027,2,33.89,67.78
206731,P0005,1,47.66,47.66
206731,P0022,2,63.18,126.36
206732,P0025,2,37.23,74.46
206733,P0035,1,48.27,48.27
206733,P0030,2,76.32,152.64
206734,P0024,1,49.97,49.97
206734,P0034,2,41.79,83.58
206735,P0001,1,32.93,32.93
206735,P0026,1,12.36,12.36
206736,P0025,2,37.14,74.28
206736,P0012,1,39.3,39.3
206737,P0007,1,22.18,22.18
206738,P0025,2,34.3,68.6
206738,P0021,2,29.68,59.36
206738,P0006,1,42.35,42.35
206739,P0011,2,79.23,158.46
206739,P0022,2,66.39,132.78
206740,P0038,1,54.27,54.27
206741,P0023,2,69.92,139.84
206741,P0040,1,78.94,78.94
206742,P0002,1,39.27,39.27
206742,P0024,2,46.91,93.82
206743,P0006,1,44.82,44.82
206743,P0001,1,33.83,33.83
206743,P0012,2,44.22,88.44
206744,P0027,1,33.26,33.26
206744,P0040,2,74.83,149.66
206745,P0033,1,16.1,16.1
206745,P0029,1,56.5,56.5
206746,P0011,2,82.78,165.56
206746,P0021,1,28.06,28.06
206747,P0040,2,72.72,145.44
206748,P0032,1,60.32,60.32
206748,P0032,1,53.57,53.57
206748,P0012,2,43.79,87.58
206749,P0003,2,50.51,101.02
206749,P0001,2,34.12,68.24
206750,P0032,1,57.69,57.69
206750,P0004,2,26.95,53.9
206751,P0031,2,24.99,49.98
206751,P0002,1,41.89,41.89
206752,P0002,2,40.56,81.12
206753,P0029,2,48.84,97.68
206753,P0024,2,45.24,90.48
206753,P0024,2,47.53,95.06
206754,P0018,2,41.97,83.94
206754,P0028,1,19.77,19.77
206755,P0034,1,38.12,38.12
206756,P0013,2,51.74,103.48
206756,P0014,1,78.3,78.3
206756,P0011,2,82.14,164.28
206757,P0008,1,51.96,51.96
206757,P0023,1,71.24,71.24
206757,P0021,1,29.13,29.13
206758,P0004,2,26.82,53.64
206759,P0025,2,37.99,75.98
206759,P0010,2,61.87,123.74
206760,P0037,2,28.27,56.54
206760,P0036,1,28.02,28.02
206761,P0012,1,48.15,48.15
206761,P0015,2,57.09,114.18
206761,P0026,1,11.53,11.53
206762,P0023,1,68.65,68.65
206762,P0025,1,38.7,38.7
206763,P0028,2,19.57,39.14
206763,P0022,1,58.69,58.69
206763,P0032,1,52.74,52.74
206764,P0031,1,24.86,24.86
206764,P0016,2,10.37,20.74
206764,P0005,1,47.04,47.04
206765,P0024,1,42.95,42.95
206765,P0036,2,27.46,54.92
206766,P0019,2,56.47,112.94
206766,P0025,2,39.5,79.0
206766,P0016,2,10.6,21.2
206767,P0022,2,58.27,116.54
206767,P0034,2,43.7,87.4
206768,P0038,1,49.64,49.64
206769,P0037,2,30.74,61.48
206769,P0038,2,49.15,98.3
206770,P0023,2,76.36,152.72
206771,P0012,2,43.07,86.14
206771,P0012,2,46.38,92.76
206771,P0004,2,27.61,55.22
206772,P0007,2,26.7,53.4
206772,P0008,2,52.4,104.8
206772,P0016,2,10.31,20.62
206773,P0005,1,47.86,47.86
206774,P0032,2,62.8,125.6
206774,P0023,2,79.43,158.86
206775,P0006,1,44.98,44.98
206775,P0037,2,28.11,56.22
206775,P0021,1,30.01,30.01
206776,P0031,2,25.41,50.82
206776,P0013,2,48.99,97.98
206776,P0038,2,54.66,109.32
206777,P0037,1,27.84,27.84
206778,P0039,1,75.53,75.53
206778,P0034,2,43.44,86.88
206778,P0015,1,53.27,53.27
206779,P0001,2,31.61,63.22
206779,P0024,1,45.44,45.44
206779,P0038,2,52.15,104.3
206780,P0005,1,41.08,41.08
206780,P0005,2,46.31,92.62
206781,P0032,1,59.55,59.55
206782,P0010,1,64.04,64.04
206782,P0004,2,25.1,50.2
206783,P0023,1,75.86,75.86
206783,P0039,1,72.07,72.07
206784,P0026,1,11.97,11.97
206784,P0022,2,59.73,119.46
206785,P0002,2,39.13,78.26
206785,P0003,2,48.02,96.04
206785,P0009,2,58.42,116.84
206786,P0001,2,34.39,68.78
206786,P0035,2,56.38,112.76
206786,P0014,2,73.59,147.18
206787,P0002,1,43.14,43.14
206787,P0013,2,53.74,107.48
206788,P0037,2,32.41,64.82
206788,P0002,1,45.46,45.46
206789,P0027,1,34.27,34.27
206789,P0011,1,78.7,78.7
206790,P0007,2,25.85,51.7
206791,P0031,2,22.69,45.38
206792,P0030,2,72.2,144.4
206792,P0030,1,78.43,78.43
206792,P0030,1,76.53,76.53
206793,P0004,2,26.99,53.98
206793,P0012,2,44.25,88.5
206793,P0002,2,39.46,78.92
206794,P0035,1,47.06,47.06
206795,P0016,2,10.59,21.18
206796,P0017,1,9.21,9.21
206796,P0008,2,46.26,92.52
206796,P0032,1,57.91,57.91
206797,P0028,1,21.1,21.1
206798,P0002,1,38.41,38.41
206798,P0005,2,40.68,81.36
206799,P0013,2,55.06,110.12
206800,P0004,1,23.26,23.26
206800,P0015,1,52.69,52.69
206800,P0039,1,72.4,72.4
206801,P0034,2,42.89,85.78
206801,P0007,1,25.65,25.65
206801,P0005,2,43.69,87.38
206802,P0030,1,72.56,72.56
206803,P0005,1,40.55,40.55
206803,P0021,2,29.54,59.08
206804,P0009,1,58.98,58.98
206804,P0014,2,71.13,142.26
206805,P0020,1,48.87,48.87
206805,P0037,1,33.53,33.53
206805,P0009,1,60.42,60.42
206806,P0039,2,68.94,137.88
206807,P0005,2,45.24,90.48
206808,P0003,2,52.49,104.98
206808,P0009,1,62.26,62.26
206808,P0016,1,10.17,10.17
206809,P0011,2,80.27,160.54
206810,P0034,1,39.36,39.36
206810,P0038,1,55.65,55.65
206811,P0024,1,46.94,46.94
206812,P0017,2,10.26,20.52
206812,P0014,1,73.5,73.5
206812,P0024,1,46.69,46.69
206813,P0025,2,39.94,79.88
206813,P0006,1,48.76,48.76
206814,P0017,1,9.85,9.85
206815,P0011,1,68.59,68.59
206816,P0010,1,65.95,65.95
206816,P0005,1,44.0,44.0
206816,P0016,1,9.25,9.25
206817,P0018,1,47.61,47.61
206817,P0027,1,32.69,32.69
206817,P0011,2,72.88,145.76
206818,P0031,2,22.18,44.36
206818,P0026,1,13.94,13.94
206818,P0029,1,49.06,49.06
206819,P0004,1,23.48,23.48
206819,P0039,2,74.13,148.26
206820,P0017,2,9.86,19.72
206821,P0003,1,47.83,47.83
206822,P0033,1,18.68,18.68
206822,P0030,2,72.69,145.38
206823,P0013,1,53.64,53.64
206823,P0014,1,76.16,76.16
206824,P0037,1,28.39,28.39
206825,P0038,1,55.4,55.4
206825,P0024,1,45.48,45.48
206826,P0036,2,24.85,49.7
206827,P0019,1,51.16,51.16
206827,P0003,1,45.92,45.92
206828,P0003,2,52.32,104.64
206829,P0029,1,53.44,53.44
206829,P0029,1,53.26,53.26
206830,P0006,1,49.14,49.14
206831,P0010,2,58.87,117.74
206831,P0035,1,55.02,55.02
206832,P0022,2,64.78,129.56
206832,P0037,2,30.55,61.1
206832,P0014,2,79.7,159.4
206833,P0011,1,74.88,74.88
206834,P0035,2,49.0,98.0
206835,P0023,1,73.41,73.41
206836,P0002,1,44.43,44.43
206836,P0029,2,50.74,101.48
206836,P0014,1,70.76,70.76
206837,P0032,2,63.17,126.34
206837,P0033,2,18.62,37.24
206838,P0003,2,50.64,101.28
206839,P0031,1,22.09,22.09
206839,P0010,2,65.07,130.14
206839,P0020,1,50.44,50.44
206840,P0005,2,43.82,87.64
206840,P0039,1,66.85,66.85
206840,P0018,2,50.5,101.0
206841,P0003,2,50.72,101.44
206841,P0033,1,17.41,17.41
206841,P0027,1,29.32,29.32
206842,P0038,1,56.0,56.0
206843,P0029,1,54.46,54.46
206843,P0008,2,49.5,99.0
206843,P0010,2,66.43,132.86
206844,P0001,1,29.65,29.65
206844,P0039,1,67.6,67.6
206844,P0029,1,56.12,56.12
206845,P0002,1,43.21,43.21
206846,P0014,1,69.23,69.23
206846,P0018,2,45.86,91.72
206846,P0003,1,50.32,50.32
206847,P0036,1,24.25,24.25
206847,P0001,1,31.87,31.87
206848,P0034,1,44.02,44.02
206848,P0032,1,55.91,55.91
206848,P0036,2,27.39,54.78
206849,P0022,2,67.4,134.8
206850,P0031,2,24.16,48.32
206851,P0011,1,75.87,75.87
206852,P0023,2,69.35,138.7
206852,P0005,2,43.39,86.78
206852,P0022,2,58.09,116.18
206853,P0024,1,51.68,51.68
206853,P0039,2,65.5,131.0
206854,P0006,2,46.94,93.88
206854,P0025,1,35.94,35.94
206855,P0019,2,53.27,106.54
206856,P0018,2,46.9,93.8
206856,P0023,2,65.32,130.64
206857,P0030,2,68.88,137.76
206857,P0027,1,33.18,33.18
206858,P0030,1,78.93,78.93
206859,P0037,2,32.14,64.28
206859,P0027,1,30.38,30.38
206860,P0001,2,31.77,63.54
206860,P0007,2,23.64,47.28
206860,P0002,1,43.29,43.29
206861,P0015,1,53.08,53.08
206861,P0029,1,48.53,48.53
206861,P0026,1,11.54,11.54
206862,P0004,1,23.0,23.0
206862,P0020,2,50.25,100.5
206863,P0014,2,76.54,153.08
206863,P0004,2,27.06,54.12
206863,P0011,1,69.11,69.11
206864,P0021,1,29.03,29.03
206864,P0010,2,68.68,137.36
206865,P0035,2,55.84,111.68
206865,P0006,2,42.89,85.78
206865,P0010,2,62.54,125.08
206866,P0037,2,28.77,57.54
206867,P0008,1,54.21,54.21
206867,P0016,2,10.33,20.66
206868,P0020,2,51.19,102.38
206868,P0037,2,32.5,65.0
206868,P0018,2,43.04,86.08
206869,P0003,1,52.69,52.69
206869,P0001,2,29.61,59.22
206869,P0004,1,25.77,25.77
206870,P0010,1,61.66,61.66
206870,P0033,1,19.37,19.37
206870,P0015,2,51.01,102.02
206871,P0024,1,51.61,51.61
206871,P0011,2,69.0,138.0
206871,P0018,2,50.79,101.58
206872,P0029,1,56.61,56.61
206872,P0030,1,69.15,69.15
206872,P0027,2,28.88,57.76
206873,P0033,1,18.54,18.54
206874,P0023,1,73.55,73.55
206875,P0039,2,74.58,149.16
206875,P0010,2,62.55,125.1
206876,P0015,1,58.49,58.49
206876,P0003,1,51.48,51.48
206876,P0035,2,52.94,105.88
206877,P0011,2,80.84,161.68
206877,P0018,1,45.14,45.14
206878,P0032,2,60.93,121.86
206878,P0040,1,72.35,72.35
206878,P0040,1,79.53,79.53
206879,P0009,2,55.62,111.24
206880,P0039,1,70.27,70.27
206881,P0023,2,75.5,151.0
206881,P0033,1,16.23,16.23
206882,P0008,1,49.51,49.51
206882,P0028,1,21.33,21.33
206883,P0008,2,49.11,98.22
206883,P0022,2,66.89,133.78
206883,P0020,1,52.48,52.48
206884,P0040,1,77.76,77.76
206884,P0001,2,33.71,67.42
206884,P0011,1,81.74,81.74
206885,P0005,2,42.89,85.78
206885,P0039,2,72.87,145.74
206886,P0018,1,50.39,50.39
206886,P0014,2,69.22,138.44
206886,P0032,2,57.33,114.66
206887,P0017,2,10.0,20.0
206887,P0036,1,23.68,23.68
206888,P0010,2,67.64,135.28
206889,P0004,2,27.8,55.6
206889,P0034,2,46.17,92.34
206889,P0038,2,57.5,115.0
206890,P0031,2,26.38,52.76
206891,P0026,1,11.8,11.8
206891,P0013,1,53.61,53.61
206891,P0030,2,77.29,154.58
206892,P0022,1,65.96,65.96
206892,P0009,2,57.05,114.1
206893,P0010,1,63.95,63.95
206894,P0026,1,12.65,12.65
206895,P0032,1,53.12,53.12
206895,P0020,2,52.36,104.72
206895,P0038,2,53.93,107.86
206896,P0010,1,68.9,68.9
206897,P0013,1,49.27,49.27
206898,P0009,2,59.29,118.58
206899,P0039,2,69.88,139.76
206899,P0005,2,41.19,82.38
206899,P0021,2,27.09,54.18
206900,P0001,2,33.15,66.3
206900,P0001,2,32.83,65.66
206900,P0015,1,51.11,51.11
206901,P0007,1,26.09,26.09
206901,P0025,2,39.19,78.38
206901,P0018,2,43.51,87.02
206902,P0038,1,54.6,54.6
206903,P0023,2,75.24,150.48
206904,P0036,1,27.2,27.2
206904,P0040,2,66.66,133.32
206904,P0011,2,73.26,146.52
206905,P0034,1,41.9,41.9
206905,P0020,1,48.77,48.77
206906,P0031,1,26.4,26.4
206906,P0016,1,9.03,9.03
206907,P0039,1,69.77,69.77
206907,P0007,1,25.74,25.74
206908,P0023,2,79.71,159.42
206908,P0014,1,79.49,79.49
206908,P0013,2,54.8,109.6
206909,P0016,1,9.66,9.66
206909,P0014,1,75.28,75.28
206909,P0025,2,34.2,68.4
206910,P0006,2,46.9,93.8
206911,P0037,1,32.41,32.41
206912,P0014,2,71.31,142.62
206912,P0023,2,76.68,153.36
206912,P0018,2,45.69,91.38
206913,P0014,1,70.49,70.49
206913,P0006,2,47.89,95.78
206913,P0034,2,40.38,80.76
206914,P0034,2,44.95,89.9
206915,P0033,2,18.6,37.2
206916,P0028,1,19.74,19.74
206917,P0029,2,55.46,110.92
206917,P0010,2,71.75,143.5
206917,P0037,2,30.01,60.02
206918,P0037,1,28.23,28.23
206919,P0022,2,61.88,123.76
206919,P0009,2,65.46,130.92
206920,P0017,1,10.0,10.0
206920,P0023,1,79.82,79.82
206921,P0011,2,73.54,147.08
206921,P0016,1,10.51,10.51
206922,P0015,1,51.49,51.49
206922,P0025,2,35.68,71.36
206923,P0012,2,40.0,80.0
206924,P0035,2,53.23,106.46
206924,P0009,1,61.63,61.63
206925,P0031,1,22.7,22.7
206926,P0035,1,50.17,50.17
206927,P0032,1,63.32,63.32
206927,P0011,2,71.37,142.74
206927,P0017,1,9.61,9.61
206928,P0011,2,80.35,160.7
206929,P0002,1,43.77,43.77
206929,P0039,2,71.94,143.88
206929,P0031,2,22.93,45.86
206930,P0029,1,51.3,51.3
206931,P0020,2,48.29,96.58
206931,P0018,2,46.81,93.62
206931,P0024,2,44.25,88.5
206932,P0025,1,39.41,39.41
206933,P0023,2,78.7,157.4
206933,P0018,2,47.45,94.9
206934,P0020,2,50.05,100.1
206935,P0039,1,79.38,79.38
206935,P0022,2,63.88,127.76
206936,P0012,2,41.13,82.26
206936,P0008,2,55.23,110.46
206936,P0021,2,30.17,60.34
206937,P0013,1,50.92,50.92
206938,P0025,1,37.44,37.44
206938,P0031,1,26.04,26.04
206938,P0022,2,64.25,128.5
206939,P0004,1,22.66,22.66
206939,P0001,1,32.72,32.72
206940,P0033,1,16.78,16.78
206940,P0006,1,47.29,47.29
206940,P0009,2,56.43,112.86
206941,P0021,1,30.25,30.25
206942,P0029,1,49.39,49.39
206943,P0019,2,52.67,105.34
206943,P0033,1,19.07,19.07
206943,P0001,2,31.47,62.94
206944,P0020,1,49.1,49.1
206944,P0012,1,41.29,41.29
206944,P0034,1,43.44,43.44
206945,P0037,1,32.46,32.46
206945,P0016,1,10.6,10.6
206945,P0018,2,47.07,94.14
206946,P0022,1,63.59,63.59
206946,P0021,1,26.62,26.62
206946,P0030,2,68.28,136.56
206947,P0036,2,25.21,50.42
206947,P0013,2,51.16,102.32
206947,P0028,1,18.89,18.89
206948,P0022,2,60.25,120.5
206948,P0006,1,49.79,49.79
206949,P0027,2,31.3,62.6
206950,P0024,2,48.57,97.14
206950,P0029,1,47.95,47.95
206950,P0007,2,24.45,48.9
206951,P0014,2,69.27,138.54
206951,P0035,2,53.22,106.44
206952,P0013,2,55.99,111.98
206953,P0007,2,26.59,53.18
206953,P0035,2,56.64,113.28
206953,P0004,1,23.43,23.43
206954,P0009,2,64.53,129.06
206954,P0006,2,46.58,93.16
206954,P0037,2,29.56,59.12
206955,P0013,1,55.7,55.7
206955,P0020,1,47.57,47.57
206955,P0037,2,32.91,65.82
206956,P0010,2,69.67,139.34
206956,P0001,1,33.47,33.47
206956,P0020,2,52.88,105.76
206957,P0017,2,9.51,19.02
206957,P0020,1,51.53,51.53
206957,P0006,2,44.83,89.66
206958,P0039,1,78.37,78.37
206959,P0008,2,47.05,94.1
206959,P0038,2,51.7,103.4
206960,P0008,1,54.16,54.16
206960,P0003,1,50.91,50.91
206960,P0027,1,31.99,31.99
206961,P0026,1,13.53,13.53
206961,P0001,2,34.02,68.04
206962,P0037,1,29.24,29.24
206962,P0009,2,67.12,134.24
206962,P0012,1,47.12,47.12
206963,P0020,2,53.22,106.44
206963,P0038,1,50.53,50.53
206963,P0019,1,56.46,56.46
206964,P0026,1,13.08,13.08
206965,P0007,2,25.23,50.46
206965,P0033,1,19.42,19.42
206966,P0023,2,71.58,143.16
206966,P0005,1,42.71,42.71
206966,P0012,2,42.28,84.56
206967,P0014,2,76.18,152.36
206967,P0008,2,55.15,110.3
206968,P0011,1,73.35,73.35
206968,P0031,2,21.73,43.46
206969,P0037,1,29.71,29.71
206969,P0038,1,57.13,57.13
206970,P0036,2,24.59,49.18
206970,P0019,1,53.99,53.99
206970,P0030,2,72.42,144.84
206971,P0003,1,51.27,51.27
206972,P0014,1,72.36,72.36
206973,P0034,1,43.9,43.9
206973,P0006,2,45.01,90.02
206974,P0031,1,24.58,24.58
206974,P0029,1,52.1,52.1
206975,P0006,1,47.5,47.5
206975,P0038,2,48.87,97.74
206975,P0015,2,60.96,121.92
206976,P0035,1,49.22,49.22
206977,P0040,1,71.86,71.86
206977,P0010,2,59.9,119.8
206977,P0005,2,44.05,88.1
206978,P0037,1,28.84,28.84
206978,P0013,2,55.29,110.58
206978,P0037,1,33.52,33.52
206979,P0008,1,54.64,54.64
206980,P0037,1,31.55,31.55
206980,P0031,1,25.9,25.9
206980,P0005,1,45.77,45.77
206981,P0001,1,29.38,29.38
206981,P0031,2,24.22,48.44
206981,P0010,2,60.49,120.98
206982,P0027,2,31.54,63.08
206982,P0013,2,55.25,110.5
206982,P0002,1,38.73,38.73
206983,P0034,2,38.25,76.5
206984,P0022,1,59.11,59.11
206985,P0014,2,79.15,158.3
206985,P0015,1,55.05,55.05
206985,P0038,2,55.36,110.72
206986,P0013,2,49.64,99.28
206986,P0017,2,8.77,17.54
206986,P0034,2,43.16,86.32
206987,P0019,1,56.14,56.14
206987,P0027,2,29.08,58.16
206987,P0016,1,9.87,9.87
206988,P0020,1,53.24,53.24
206988,P0020,1,49.4,49.4
206989,P0005,1,44.42,44.42
206990,P0013,1,50.34,50.34
206991,P0029,1,52.8,52.8
206991,P0031,1,23.9,23.9
206992,P0012,2,40.22,80.44
206992,P0026,1,13.96,13.96
206992,P0030,2,73.22,146.44
206993,P0017,1,10.56,10.56
206993,P0002,2,45.91,91.82
206993,P0003,1,55.45,55.45
206994,P0026,2,11.76,23.52
206994,P0024,2,49.03,98.06
206994,P0018,1,43.95,43.95
206995,P0030,2,79.06,158.12
206995,P0004,2,24.84,49.68
206995,P0033,1,17.97,17.97
206996,P0029,1,57.87,57.87
206996,P0019,1,54.06,54.06
206997,P0020,2,49.75,99.5
206998,P0023,2,65.23,130.46
206998,P0004,1,27.14,27.14
206998,P0032,2,54.39,108.78
206999,P0009,2,60.35,120.7
207000,P0033,1,17.71,17.71
207001,P0009,1,61.22,61.22
207001,P0005,2,45.2,90.4
207002,P0026,1,13.56,13.56
207003,P0007,1,22.04,22.04
207004,P0003,1,54.5,54.5
207004,P0034,2,43.35,86.7
207004,P0008,2,48.75,97.5
207005,P0001,2,29.65,59.3
207005,P0037,1,31.66,31.66
207006,P0039,1,65.3,65.3
207006,P0015,2,55.47,110.94
207006,P0010,2,62.01,124.02
207007,P0001,2,29.35,58.7
207007,P0007,2,24.84,49.68
207007,P0004,2,27.72,55.44
207008,P0030,1,79.54,79.54
207008,P0014,1,71.08,71.08
207009,P0002,2,40.38,80.76
207009,P0037,1,27.83,27.83
207009,P0016,2,10.19,20.38
207010,P0007,2,23.03,46.06
207010,P0020,2,50.96,101.92
207011,P0033,2,17.05,34.1
207012,P0034,2,44.1,88.2
207013,P0032,2,52.37,104.74
207014,P0035,1,48.33,48.33
207015,P0002,1,45.09,45.09
207016,P0014,2,77.12,154.24
207016,P0008,1,47.07,47.07
207016,P0037,2,33.07,66.14
207017,P0033,1,18.17,18.17
207018,P0023,2,75.05,150.1
207018,P0020,1,50.12,50.12
207018,P0029,1,50.08,50.08
207019,P0018,1,47.14,47.14
207020,P0026,1,12.74,12.74
207020,P0025,1,33.64,33.64
207020,P0040,2,73.53,147.06
207021,P0029,2,54.61,109.22
207022,P0022,2,56.54,113.08
207022,P0022,2,62.74,125.48
207023,P0024,1,51.8,51.8
207023,P0036,1,23.95,23.95
207024,P0018,1,49.5,49.5
207024,P0035,1,51.44,51.44
207025,P0002,2,39.75,79.5
207026,P0011,1,71.91,71.91
207027,P0037,2,28.91,57.82
207027,P0023,1,75.08,75.08
207028,P0014,2,79.07,158.14
207028,P0036,1,25.99,25.99
207028,P0022,2,66.14,132.28
207029,P0015,2,54.3,108.6
207030,P0012,2,44.8,89.6
207030,P0035,2,57.39,114.78
207030,P0023,2,76.37,152.74
207031,P0005,2,44.31,88.62
207031,P0017,2,9.96,19.92
207031,P0002,2,41.97,83.94
207032,P0013,1,47.51,47.51
207032,P0009,1,67.21,67.21
207033,P0033,1,18.83,18.83
207033,P0010,2,68.84,137.68
207034,P0036,1,24.41,24.41
207034,P0005,2,44.91,89.82
207035,P0025,2,37.11,74.22
207035,P0023,1,69.45,69.45
207035,P0028,1,21.28,21.28
207036,P0018,1,46.7,46.7
207036,P0008,2,45.85,91.7
207036,P0020,1,51.69,51.69
207037,P0009,2,58.21,116.42
207038,P0016,2,10.77,21.54
207038,P0003,2,45.96,91.92
207039,P0029,2,55.2,110.4
207040,P0011,1,80.98,80.98
207040,P0024,2,47.5,95.0
207040,P0032,2,57.73,115.46
207041,P0008,1,50.78,50.78
207042,P0020,1,52.31,52.31
207042,P0037,1,33.62,33.62
207042,P0032,2,56.19,112.38
207043,P0036,2,25.77,51.54
207044,P0020,2,46.98,93.96
207045,P0039,1,76.95,76.95
207045,P0013,2,49.91,99.82
207045,P0038,1,55.53,55.53
207046,P0001,2,32.65,65.3
207046,P0010,1,69.69,69.69
207047,P0008,2,45.89,91.78
207047,P0017,1,9.29,9.29
207048,P0020,2,48.71,97.42
207048,P0040,2,67.28,134.56
207049,P0006,2,44.94,89.88
207049,P0021,1,30.8,30.8
207050,P0013,2,58.11,116.22
207050,P0019,2,46.43,92.86
207050,P0011,1,83.08,83.08
207051,P0007,2,25.24,50.48
207052,P0015,2,59.84,119.68
207052,P0033,2,19.45,38.9
207052,P0011,2,68.23,136.46
207053,P0026,2,11.47,22.94
207054,P0030,2,77.56,155.12
207054,P0006,2,42.14,84.28
207054,P0010,1,67.12,67.12
207055,P0007,1,26.45,26.45
207056,P0022,2,67.65,135.3
207056,P0011,2,80.43,160.86
207056,P0013,1,56.01,56.01
207057,P0023,2,70.8,141.6
207057,P0005,2,40.28,80.56
207057,P0006,2,46.94,93.88
207058,P0025,2,33.42,66.84
207059,P0030,2,65.63,131.26
207059,P0040,2,74.73,149.46
207060,P0023,1,69.61,69.61
207060,P0015,1,56.18,56.18
207060,P0034,1,38.43,38.43
207061,P0004,1,23.16,23.16
207062,P0037,1,30.07,30.07
207062,P0038,1,58.14,58.14
207062,P0020,2,48.59,97.18
207063,P0005,2,39.89,79.78
207064,P0028,1,20.17,20.17
207065,P0021,2,25.82,51.64
207065,P0002,2,46.67,93.34
207065,P0005,1,45.95,45.95
207066,P0018,2,48.9,97.8
207066,P0008,1,51.2,51.2
207066,P0034,2,38.6,77.2
207067,P0008,1,45.27,45.27
207067,P0033,1,18.99,18.99
207067,P0023,1,76.66,76.66
207068,P0034,2,40.98,81.96
207068,P0004,2,24.57,49.14
207068,P0038,1,52.03,52.03
207069,P0007,1,23.74,23.74
207070,P0012,2,39.95,79.9
207070,P0014,2,74.91,149.82
207070,P0040,1,66.53,66.53
207071,P0026,1,12.71,12.71
207072,P0011,2,77.17,154.34
207072,P0015,1,54.84,54.84
207072,P0040,1,78.37,78.37
207073,P0014,2,77.78,155.56
207073,P0006,2,47.79,95.58
207073,P0031,2,25.16,50.32
207074,P0030,1,65.25,65.25
207074,P0036,2,23.77,47.54
207074,P0016,1,10.68,10.68
207075,P0020,2,45.45,90.9
207076,P0029,2,51.17,102.34
207076,P0010,1,71.79,71.79
207077,P0009,1,56.06,56.06
207078,P0019,1,50.16,50.16
207078,P0018,1,42.37,42.37
207079,P0021,2,28.86,57.72
207079,P0023,1,66.68,66.68
207079,P0019,2,56.46,112.92
207080,P0038,1,58.6,58.6
207080,P0027,1,30.52,30.52
207080,P0038,1,54.97,54.97
207081,P0001,2,31.11,62.22
207081,P0026,1,12.25,12.25
207082,P0008,2,52.18,104.36
207082,P0039,2,76.83,153.66
207082,P0032,1,62.61,62.61
207083,P0035,1,47.68,47.68
207083,P0006,2,41.37,82.74
207084,P0013,1,53.16,53.16
207084,P0036,1,27.04,27.04
207085,P0034,2,45.11,90.22
207086,P0030,1,67.89,67.89
207086,P0016,1,8.89,8.89
207087,P0018,1,42.62,42.62
207087,P0040,2,74.48,148.96
207087,P0011,1,70.31,70.31
207088,P0005,2,47.43,94.86
207088,P0007,1,22.8,22.8
207088,P0027,2,29.65,59.3
207089,P0015,2,58.44,116.88
207090,P0030,2,69.76,139.52
207090,P0023,2,67.17,134.34
207090,P0007,1,25.47,25.47
207091,P0031,1,24.78,24.78
207092,P0029,1,55.46,55.46
207092,P0019,1,51.15,51.15
207093,P0033,2,19.29,38.58
207093,P0037,1,32.48,32.48
207093,P0019,2,50.35,100.7
207094,P0011,2,79.78,159.56
207094,P0034,2,42.77,85.54
207094,P0035,2,51.24,102.48
207095,P0034,1,39.11,39.11
207095,P0007,2,23.46,46.92
207096,P0018,1,49.06,49.06
207097,P0033,2,16.72,33.44
207097,P0030,2,73.35,146.7
207098,P0015,2,58.92,117.84
207098,P0006,1,44.12,44.12
207098,P0001,2,29.63,59.26
207099,P0035,1,50.48,50.48
207099,P0012,1,43.71,43.71
207100,P0015,1,58.98,58.98
207100,P0012,2,40.4,80.8
207100,P0032,1,52.98,52.98
207101,P0029,1,52.46,52.46
207101,P0022,1,59.63,59.63
207101,P0026,2,12.2,24.4
207102,P0029,2,54.93,109.86
207102,P0015,1,52.64,52.64
207102,P0001,1,31.69,31.69
207103,P0007,2,25.91,51.82
207103,P0032,1,63.52,63.52
207103,P0030,1,75.98,75.98
207104,P0004,1,26.4,26.4
207105,P0015,1,51.87,51.87
207105,P0008,2,48.0,96.0
207106,P0012,1,46.42,46.42
207107,P0024,2,48.27,96.54
207107,P0038,1,49.54,49.54
207108,P0020,2,54.04,108.08
207108,P0019,1,46.4,46.4
207109,P0033,1,17.62,17.62
207109,P0019,2,50.45,100.9
207109,P0006,1,44.12,44.12
207110,P0020,1,50.19,50.19
207110,P0024,2,46.15,92.3
207111,P0025,1,34.53,34.53
207112,P0035,1,55.36,55.36
207112,P0019,1,52.03,52.03
207112,P0026,2,13.61,27.22
207113,P0009,2,58.45,116.9
207113,P0014,1,76.24,76.24
207113,P0015,2,60.79,121.58
207114,P0035,1,51.2,51.2
207115,P0017,1,9.63,9.63
207115,P0001,1,34.86,34.86
207116,P0007,2,23.76,47.52
207116,P0017,1,10.36,10.36
207117,P0022,1,60.25,60.25
207117,P0017,2,10.26,20.52
207118,P0020,1,49.31,49.31
207119,P0034,1,42.27,42.27
207119,P0016,2,8.86,17.72
207120,P0021,2,26.09,52.18
207121,P0019,1,53.77,53.77
207121,P0018,2,42.27,84.54
207121,P0013,1,51.49,51.49
207122,P0023,2,67.73,135.46
207122,P0037,2,27.33,54.66
207122,P0038,1,59.0,59.0
207123,P0039,2,70.18,140.36
207124,P0036,1,23.03,23.03
207124,P0024,1,44.67,44.67
207125,P0006,2,45.95,91.9
207125,P0008,1,50.63,50.63
207126,P0006,2,49.53,99.06
207126,P0030,2,77.75,155.5
207127,P0036,2,23.66,47.32
207127,P0037,1,29.31,29.31
207128,P0034,1,45.62,45.62
207128,P0002,2,39.35,78.7
207128,P0009,2,57.38,114.76
207129,P0009,2,62.79,125.58
207129,P0040,2,70.75,141.5
207129,P0018,2,44.22,88.44
207130,P0022,2,59.45,118.9
207130,P0009,2,65.42,130.84
207130,P0011,1,77.0,77.0
207131,P0038,1,56.77,56.77
207132,P0023,2,76.48,152.96
207132,P0038,1,58.69,58.69
207133,P0025,2,36.37,72.74
207134,P0035,2,55.28,110.56
207134,P0033,1,18.31,18.31
207135,P0031,2,21.83,43.66
207135,P0023,2,70.03,140.06
207136,P0010,2,64.34,128.68
207136,P0014,2,74.78,149.56
207137,P0035,2,54.17,108.34
207137,P0011,2,76.33,152.66
207137,P0028,1,18.44,18.44
207138,P0026,2,11.81,23.62
207138,P0022,1,56.96,56.96
207138,P0026,2,12.16,24.32
207139,P0019,2,51.23,102.46
207139,P0014,2,72.18,144.36
207140,P0024,2,43.08,86.16
207140,P0031,1,22.67,22.67
207141,P0036,1,25.25,25.25
207141,P0025,2,39.65,79.3
207141,P0011,1,70.42,70.42
207142,P0023,1,78.56,78.56
207143,P0019,2,54.1,108.2
207143,P0029,1,57.85,57.85
207143,P0006,2,45.15,90.3
207144,P0013,2,48.68,97.36
207144,P0040,1,77.65,77.65
207144,P0007,1,24.95,24.95
207145,P0025,2,35.91,71.82
207146,P0013,2,55.51,111.02
207146,P0011,1,68.51,68.51
207147,P0019,1,46.17,46.17
207148,P0013,2,51.93,103.86
207148,P0036,2,24.98,49.96
207149,P0016,2,8.9,17.8
207150,P0020,2,45.89,91.78
207150,P0006,1,46.52,46.52
207150,P0031,2,26.31,52.62
207151,P0032,2,54.93,109.86
207151,P0036,2,27.2,54.4
207152,P0019,1,47.3,47.3
207153,P0035,1,56.22,56.22
207153,P0021,1,29.51,29.51
207153,P0011,1,77.66,77.66
207154,P0031,2,23.46,46.92
207154,P0039,2,66.66,133.32
207154,P0017,1,10.54,10.54
207155,P0013,2,56.38,112.76
207156,P0012,2,42.45,84.9
207157,P0033,2,16.43,32.86
207158,P0018,2,48.98,97.96
207158,P0016,2,10.78,21.56
207158,P0009,1,62.64,62.64
207159,P0010,1,66.65,66.65
207159,P0007,2,22.99,45.98
207159,P0036,1,23.28,23.28
207160,P0010,1,61.14,61.14
207160,P0017,2,10.07,20.14
207160,P0035,2,50.34,100.68
207161,P0028,1,19.68,19.68
207161,P0023,2,77.59,155.18
207162,P0018,1,41.71,41.71
207163,P0026,2,12.89,25.78
207163,P0002,1,44.57,44.57
207164,P0014,1,66.61,66.61
207164,P0018,1,44.6,44.6
207164,P0032,1,58.99,58.99
207165,P0008,1,48.13,48.13
207165,P0019,1,50.82,50.82
207166,P0008,1,49.11,49.11
207166,P0024,2,47.57,95.14
207166,P0026,1,12.42,12.42
207167,P0027,1,28.79,28.79
207167,P0031,2,25.66,51.32
207168,P0001,2,31.15,62.3
207168,P0011,1,71.2,71.2
207168,P0027,1,33.34,33.34
207169,P0009,1,59.61,59.61
207170,P0026,1,11.89,11.89
207170,P0040,2,76.7,153.4
207170,P0036,1,25.1,25.1
207171,P0036,2,24.14,48.28
207171,P0010,1,66.49,66.49
207171,P0036,2,26.76,53.52
207172,P0022,2,58.58,117.16
207173,P0025,1,35.42,35.42
207173,P0004,2,26.96,53.92
207174,P0037,2,27.4,54.8
207175,P0005,2,41.26,82.52
207176,P0031,2,25.26,50.52
207177,P0021,1,27.9,27.9
207177,P0030,2,66.17,132.34
207178,P0004,2,27.65,55.3
207178,P0002,2,43.27,86.54
207179,P0025,2,38.2,76.4
207179,P0036,2,28.09,56.18
207180,P0027,1,32.24,32.24
207180,P0026,2,13.61,27.22
207180,P0029,2,48.12,96.24
207181,P0033,1,19.21,19.21
207181,P0026,2,12.13,24.26
207182,P0035,1,49.54,49.54
207183,P0029,2,55.83,111.66
207184,P0029,1,54.6,54.6
207185,P0011,1,80.27,80.27
207186,P0038,1,48.43,48.43
207187,P0003,2,53.21,106.42
207188,P0003,2,54.33,108.66
207188,P0008,1,52.8,52.8
207188,P0007,1,22.31,22.31
207189,P0031,2,22.66,45.32
207190,P0034,1,41.7,41.7
207191,P0014,1,77.73,77.73
207191,P0039,1,68.68,68.68
207192,P0024,1,50.81,50.81
207192,P0015,1,61.52,61.52
207192,P0012,2,42.43,84.86
207193,P0004,1,23.29,23.29
207193,P0011,1,68.72,68.72
207194,P0023,1,68.55,68.55
207194,P0014,2,76.92,153.84
207195,P0003,1,45.6,45.6
207196,P0028,2,19.95,39.9
207197,P0017,1,9.71,9.71
207197,P0005,1,44.36,44.36
207198,P0002,2,43.75,87.5
207199,P0033,2,15.96,31.92
207199,P0017,1,10.31,10.31
207200,P0028,2,17.64,35.28
207201,P0027,1,31.45,31.45
207201,P0022,1,66.48,66.48
207201,P0005,1,47.78,47.78
207202,P0029,2,56.94,113.88
207202,P0034,1,44.68,44.68
207203,P0031,1,24.66,24.66
207203,P0004,2,23.57,47.14
207203,P0033,2,16.18,32.36
207204,P0019,2,49.12,98.24
207205,P0038,1,52.58,52.58
207205,P0012,1,48.08,48.08
207205,P0011,2,75.51,151.02
207206,P0024,1,48.74,48.74
207206,P0018,1,44.67,44.67
207207,P0036,2,26.57,53.14
207208,P0007,1,25.31,25.31
207208,P0012,2,46.51,93.02
207209,P0014,1,76.06,76.06
207209,P0001,1,33.0,33.0
207210,P0020,2,45.18,90.36
207211,P0013,2,55.2,110.4
207211,P0005,2,40.21,80.42
207211,P0005,2,44.16,88.32
207212,P0027,1,29.76,29.76
207212,P0002,2,40.11,80.22
207213,P0014,1,78.91,78.91
207213,P0022,2,60.3,120.6
207214,P0030,1,68.5,68.5
207214,P0030,2,70.07,140.14
207215,P0039,2,67.62,135.24
207215,P0004,2,24.29,48.58
207216,P0036,2,26.47,52.94
207216,P0011,1,80.58,80.58
207217,P0006,2,46.22,92.44
207218,P0040,1,70.54,70.54
207218,P0027,2,33.97,67.94
207218,P0012,2,40.96,81.92
207219,P0018,2,47.16,94.32
207220,P0037,1,28.83,28.83
207220,P0007,2,25.26,50.52
207220,P0038,1,55.15,55.15
207221,P0030,1,70.34,70.34
207222,P0006,2,49.34,98.68
207223,P0039,2,65.82,131.64
207224,P0040,1,74.12,74.12
207224,P0012,2,40.03,80.06
207224,P0034,1,38.42,38.42
207225,P0019,2,48.5,97.0
207225,P0029,1,53.24,53.24
207225,P0018,1,44.17,44.17
207226,P0030,1,71.46,71.46
207226,P0038,2,51.8,103.6
207226,P0018,1,51.04,51.04
207227,P0029,1,53.54,53.54
207227,P0003,2,48.21,96.42
207228,P0011,2,74.17,148.34
207228,P0038,2,49.77,99.54
207229,P0010,2,63.86,127.72
207229,P0029,2,54.82,109.64
207230,P0023,1,68.46,68.46
207230,P0004,2,25.02,50.04
207230,P0040,2,79.99,159.98
207231,P0002,1,39.49,39.49
207232,P0018,2,45.76,91.52
207232,P0016,2,9.09,18.18
207233,P0002,1,40.05,40.05
207234,P0034,1,39.8,39.8
207234,P0032,2,63.7,127.4
207235,P0010,1,60.75,60.75
207236,P0002,2,40.58,81.16
207236,P0006,1,46.5,46.5
207237,P0007,2,21.92,43.84
207237,P0021,2,26.66,53.32
207238,P0008,2,47.51,95.02
207238,P0007,1,26.49,26.49
207239,P0021,2,31.66,63.32
207239,P0004,1,24.79,24.79
207239,P0013,2,53.8,107.6
207240,P0011,2,78.85,157.7
207240,P0016,2,10.13,20.26
207241,P0010,2,66.73,133.46
207241,P0006,1,46.37,46.37
207241,P0028,2,18.43,36.86
207242,P0034,1,43.13,43.13
207242,P0038,1,59.1,59.1
207243,P0029,2,55.39,110.78
207243,P0001,1,34.88,34.88
207244,P0031,1,25.1,25.1
207244,P0019,2,54.98,109.96
207245,P0019,2,46.94,93.88
207245,P0016,1,10.04,10.04
207245,P0012,2,44.64,89.28
207246,P0033,2,17.51,35.02
207247,P0020,2,50.01,100.02
207247,P0029,2,50.76,101.52
207247,P0011,2,76.15,152.3
207248,P0016,1,9.61,9.61
207249,P0013,1,49.99,49.99
207249,P0009,1,61.75,61.75
207250,P0004,2,27.2,54.4
207250,P0026,2,13.64,27.28
207251,P0020,2,50.3,100.6
207251,P0020,2,51.56,103.12
207252,P0037,2,31.62,63.24
207252,P0019,1,55.23,55.23
207253,P0014,2,77.22,154.44
207253,P0040,2,71.48,142.96
207254,P0008,2,52.85,105.7
207254,P0021,2,26.94,53.88
207255,P0004,1,25.66,25.66
207256,P0020,1,52.0,52.0
207257,P0001,2,31.56,63.12
207257,P0018,1,46.44,46.44
207258,P0026,1,12.94,12.94
207259,P0001,1,34.53,34.53
207259,P0036,2,26.77,53.54
207260,P0022,2,65.14,130.28
207260,P0015,2,56.67,113.34
207260,P0015,1,56.97,56.97
207261,P0026,1,11.8,11.8
207261,P0017,1,10.24,10.24
207262,P0027,1,30.83,30.83
207262,P0014,1,66.42,66.42
207262,P0027,1,30.97,30.97
207263,P0024,1,43.23,43.23
207263,P0008,2,48.44,96.88
207263,P0029,1,55.14,55.14
207264,P0005,1,47.21,47.21
207264,P0028,2,21.38,42.76
207264,P0027,1,33.52,33.52
207265,P0025,2,35.17,70.34
207265,P0037,2,29.96,59.92
207266,P0009,1,64.87,64.87
207267,P0012,2,47.81,95.62
207267,P0006,1,48.9,48.9
207268,P0022,1,55.69,55.69
207268,P0010,2,64.0,128.0
207269,P0019,2,51.2,102.4
207269,P0039,1,70.49,70.49
207269,P0013,1,55.26,55.26
207270,P0017,1,9.61,9.61
207271,P0023,2,74.55,149.1
207271,P0020,1,45.39,45.39
207272,P0040,2,80.53,161.06
207273,P0013,2,56.18,112.36
207273,P0025,1,33.06,33.06
207273,P0019,2,55.19,110.38
207274,P0027,1,32.32,32.32
207275,P0002,2,46.88,93.76
207275,P0037,2,31.88,63.76
207276,P0018,1,46.08,46.08
207276,P0014,2,74.65,149.3
207276,P0004,2,23.39,46.78
207277,P0036,1,24.03,24.03
207277,P0002,1,44.85,44.85
207278,P0036,2,23.59,47.18
207278,P0017,1,9.11,9.11
207278,P0022,2,61.27,122.54
207279,P0027,2,34.88,69.76
207280,P0015,1,61.15,61.15
207280,P0014,1,77.7,77.7
207280,P0030,2,66.21,132.42
207281,P0033,2,16.7,33.4
207281,P0018,1,51.0,51.0
207281,P0033,2,19.0,38.0
207282,P0033,2,16.51,33.02
207282,P0038,1,56.26,56.26
207282,P0029,2,57.78,115.56
207283,P0006,2,44.83,89.66
207283,P0004,1,26.66,26.66
207283,P0034,1,39.19,39.19
207284,P0024,1,47.45,47.45
207284,P0032,2,59.01,118.02
207285,P0017,1,9.27,9.27
207285,P0029,2,51.16,102.32
207286,P0021,1,29.88,29.88
207286,P0024,2,47.8,95.6
207287,P0017,1,9.08,9.08
207287,P0036,2,27.33,54.66
207287,P0031,2,26.47,52.94
207288,P0018,1,47.16,47.16
207288,P0011,2,79.13,158.26
207289,P0004,2,27.03,54.06
207289,P0006,2,41.77,83.54
207290,P0039,1,65.26,65.26
207290,P0009,1,59.23,59.23
207291,P0036,1,23.24,23.24
207291,P0026,2,13.73,27.46
207292,P0010,1,62.78,62.78
207292,P0022,1,60.67,60.67
207292,P0033,1,16.63,16.63
207293,P0039,2,79.27,158.54
207294,P0019,2,49.9,99.8
207294,P0001,2,31.03,62.06
207294,P0037,1,28.19,28.19
207295,P0002,2,45.52,91.04
207295,P0025,1,38.73,38.73
207295,P0025,2,37.83,75.66
207296,P0007,1,25.75,25.75
207297,P0024,1,47.94,47.94
207297,P0011,2,81.81,163.62
207298,P0040,2,78.31,156.62
207298,P0004,1,24.98,24.98
207299,P0024,1,44.95,44.95
207300,P0038,2,52.49,104.98
207300,P0039,2,66.44,132.88
207300,P0029,2,54.01,108.02
207301,P0001,2,34.73,69.46
207302,P0027,2,31.81,63.62
207302,P0012,1,43.6,43.6
207302,P0017,2,8.96,17.92
207303,P0012,1,45.07,45.07
207303,P0011,2,69.78,139.56
207304,P0018,2,42.68,85.36
207305,P0005,2,41.86,83.72
207305,P0035,2,48.32,96.64
207306,P0025,2,36.05,72.1
207307,P0025,2,33.01,66.02
207307,P0039,2,76.75,153.5
207307,P0011,2,77.77,155.54
207308,P0010,2,63.57,127.14
207308,P0027,2,32.06,64.12
207308,P0007,2,26.77,53.54
207309,P0017,2,9.51,19.02
207309,P0035,1,50.57,50.57
207309,P0014,1,66.19,66.19
207310,P0037,1,31.77,31.77
207311,P0009,1,58.81,58.81
207311,P0022,2,60.01,120.02
207312,P0010,1,66.12,66.12
207312,P0031,1,24.63,24.63
207313,P0039,2,73.14,146.28
207314,P0016,2,9.36,18.72
207314,P0009,2,58.31,116.62
207314,P0025,1,33.21,33.21
207315,P0023,2,70.16,140.32
207315,P0017,1,8.71,8.71
207316,P0035,1,50.72,50.72
207317,P0014,2,77.21,154.42
207317,P0017,1,8.8,8.8
207317,P0016,1,10.27,10.27
207318,P0029,2,50.05,100.1
207319,P0005,1,41.94,41.94
207319,P0027,2,33.79,67.58
207319,P0038,2,50.15,100.3
207320,P0020,2,50.69,101.38
207320,P0037,1,30.61,30.61
207320,P0007,2,25.96,51.92
207321,P0007,2,23.46,46.92
207321,P0040,1,78.99,78.99
207322,P0021,1,25.95,25.95
207322,P0017,2,8.78,17.56
207322,P0005,1,46.42,46.42
207323,P0010,2,60.12,120.24
207323,P0022,1,55.83,55.83
207324,P0001,1,33.0,33.0
207325,P0003,1,48.77,48.77
207326,P0038,1,52.19,52.19
207326,P0031,2,22.14,44.28
207327,P0011,1,78.61,78.61
207327,P0033,1,17.89,17.89
207328,P0015,1,50.77,50.77
207329,P0003,1,46.24,46.24
207329,P0023,2,68.19,136.38
207329,P0031,2,24.23,48.46
207330,P0019,2,56.57,113.14
207330,P0019,1,54.46,54.46
207331,P0036,2,26.34,52.68
207331,P0028,2,21.24,42.48
207331,P0030,1,76.52,76.52
207332,P0024,1,48.31,48.31
207332,P0011,1,75.36,75.36
207333,P0016,1,10.31,10.31
207333,P0009,1,62.98,62.98
207333,P0032,1,60.65,60.65
207334,P0030,2,75.13,150.26
207335,P0038,2,48.7,97.4
207336,P0024,2,47.32,94.64
207336,P0025,2,38.39,76.78
207337,P0040,2,67.18,134.36
207338,P0023,2,69.6,139.2
207339,P0016,1,10.48,10.48
207340,P0002,1,38.7,38.7
207340,P0029,2,53.51,107.02
207341,P0002,1,44.74,44.74
207341,P0016,1,10.69,10.69
207341,P0036,1,23.27,23.27
207342,P0023,1,77.68,77.68
207343,P0023,2,72.8,145.6
207343,P0032,2,63.6,127.2
207344,P0003,2,46.67,93.34
207344,P0007,1,22.88,22.88
207345,P0024,2,49.78,99.56
207346,P0017,1,9.42,9.42
207347,P0013,1,47.57,47.57
207347,P0011,2,83.02,166.04
207347,P0026,2,11.61,23.22
207348,P0039,2,71.58,143.16
207348,P0021,2,29.03,58.06
207349,P0022,1,63.55,63.55
207349,P0023,2,78.3,156.6
207349,P0017,1,10.13,10.13
207350,P0012,1,47.2,47.2
207351,P0037,1,29.76,29.76
207351,P0034,2,43.73,87.46
207351,P0012,2,44.17,88.34
207352,P0009,1,56.7,56.7
207353,P0037,2,31.43,62.86
207353,P0030,2,73.18,146.36
207354,P0001,2,33.1,66.2
207354,P0014,1,68.29,68.29
207355,P0014,1,67.93,67.93
207355,P0035,1,49.72,49.72
207355,P0008,1,46.55,46.55
207356,P0011,2,81.2,162.4
207356,P0010,1,61.88,61.88
207356,P0027,2,31.44,62.88
207357,P0034,1,42.19,42.19
207357,P0002,1,42.81,42.81
207358,P0003,1,51.35,51.35
207358,P0011,1,69.76,69.76
207359,P0004,1,27.21,27.21
207359,P0031,1,22.78,22.78
207359,P0014,1,73.37,73.37
207360,P0037,1,31.37,31.37
207361,P0029,2,47.39,94.78
207361,P0035,2,47.9,95.8
207362,P0012,2,47.62,95.24
207362,P0034,2,45.53,91.06
207362,P0026,2,11.85,23.7
207363,P0028,1,19.44,19.44
207363,P0022,1,64.27,64.27
207364,P0024,2,43.97,87.94
207364,P0025,2,40.25,80.5
207364,P0029,1,51.27,51.27
207365,P0025,1,33.26,33.26
207365,P0040,1,69.87,69.87
207365,P0034,2,41.75,83.5
207366,P0034,2,38.74,77.48
207367,P0025,1,39.01,39.01
207367,P0021,2,28.52,57.04
207368,P0027,1,33.5,33.5
207368,P0012,2,40.12,80.24
207368,P0013,2,57.74,115.48
207369,P0027,2,30.6,61.2
207370,P0022,1,67.83,67.83
207371,P0029,1,56.3,56.3
207372,P0024,2,49.35,98.7
207373,P0015,2,54.21,108.42
207373,P0015,2,60.9,121.8
207373,P0031,1,26.18,26.18
207374,P0002,1,40.82,40.82
207374,P0033,2,18.45,36.9
207375,P0027,1,32.92,32.92
207376,P0010,1,60.82,60.82
207376,P0013,1,53.26,53.26
207376,P0032,1,58.29,58.29
207377,P0020,1,52.56,52.56
207377,P0007,1,22.36,22.36
207378,P0012,1,48.03,48.03
207378,P0027,1,30.32,30.32
207378,P0032,1,52.23,52.23
207379,P0018,1,45.34,45.34
207380,P0001,1,30.01,30.01
207380,P0002,1,46.35,46.35
207381,P0009,1,59.18,59.18
207381,P0033,1,18.49,18.49
207381,P0033,1,17.22,17.22
207382,P0032,2,56.37,112.74
207382,P0029,1,53.82,53.82
207382,P0038,1,55.74,55.74
207383,P0028,1,19.38,19.38
207384,P0022,1,62.52,62.52
207385,P0006,2,45.47,90.94
207385,P0019,1,47.49,47.49
207385,P0027,2,33.87,67.74
207386,P0003,2,52.92,105.84
207386,P0018,1,42.18,42.18
207387,P0040,2,68.33,136.66
207388,P0031,2,26.58,53.16
207388,P0009,1,56.23,56.23
207389,P0015,1,58.88,58.88
207389,P0021,1,29.67,29.67
207389,P0024,1,50.72,50.72
207390,P0033,2,16.42,32.84
207391,P0017,1,9.73,9.73
207392,P0031,1,23.05,23.05
207392,P0011,2,73.27,146.54
207393,P0038,1,58.1,58.1
207393,P0019,2,51.21,102.42
207393,P0002,1,46.06,46.06
207394,P0023,1,67.07,67.07
207394,P0009,1,67.43,67.43
207395,P0026,2,12.79,25.58
207396,P0003,1,48.12,48.12
207397,P0016,2,8.97,17.94
207398,P0024,2,49.18,98.36
207398,P0007,1,25.75,25.75
207398,P0030,1,70.05,70.05
207399,P0012,2,39.32,78.64
207400,P0004,2,23.99,47.98
207400,P0002,1,45.82,45.82
207401,P0014,2,80.27,160.54
207401,P0019,1,49.83,49.83
207402,P0006,1,43.24,43.24
207403,P0019,1,53.59,53.59
207404,P0015,2,55.77,111.54
207404,P0030,1,66.52,66.52
207404,P0014,1,74.57,74.57
207405,P0034,1,38.87,38.87
207405,P0016,1,9.34,9.34
207405,P0019,1,50.26,50.26
207406,P0037,1,32.46,32.46
207407,P0039,1,71.03,71.03
207407,P0017,1,10.34,10.34
207407,P0030,1,71.59,71.59
207408,P0035,2,53.16,106.32
207408,P0007,1,24.15,24.15
207409,P0034,1,39.9,39.9
207410,P0032,2,61.64,123.28
207411,P0026,2,13.82,27.64
207411,P0028,2,20.43,40.86
207411,P0010,1,68.62,68.62
207412,P0033,1,18.74,18.74
207412,P0016,2,9.66,19.32
207413,P0012,2,45.66,91.32
207414,P0006,1,42.86,42.86
207415,P0020,2,46.04,92.08
207415,P0024,2,47.83,95.66
207415,P0014,1,76.48,76.48
207416,P0002,2,40.87,81.74
207417,P0021,2,27.1,54.2
207417,P0014,1,71.2,71.2
207417,P0024,2,44.51,89.02
207418,P0019,1,47.99,47.99
207419,P0022,1,56.38,56.38
207419,P0025,1,33.98,33.98
207420,P0036,1,23.04,23.04
207420,P0007,2,25.62,51.24
207420,P0023,2,67.79,135.58
207421,P0033,2,18.68,37.36
207421,P0017,2,10.33,20.66
207421,P0005,2,42.23,84.46
207422,P0018,1,44.91,44.91
207423,P0014,2,77.29,154.58
207423,P0020,1,47.51,47.51
207423,P0022,1,65.03,65.03
207424,P0028,2,20.0,40.0
207425,P0007,1,23.15,23.15
207425,P0013,1,49.62,49.62
207426,P0035,1,51.01,51.01
207427,P0005,2,40.67,81.34
207428,P0005,1,46.91,46.91
207428,P0002,1,47.08,47.08
207429,P0005,2,48.95,97.9
207429,P0023,2,68.03,136.06
207429,P0019,1,53.34,53.34
207430,P0012,2,39.79,79.58
207430,P0008,1,49.96,49.96
207431,P0005,1,47.33,47.33
207432,P0015,1,55.86,55.86
207433,P0034,2,45.42,90.84
207434,P0026,2,12.57,25.14
207434,P0040,2,77.78,155.56
207435,P0037,1,28.55,28.55
207436,P0025,2,33.94,67.88
207436,P0040,2,79.09,158.18
207437,P0008,1,52.0,52.0
207437,P0019,2,47.88,95.76
207438,P0011,2,78.4,156.8
207439,P0020,1,44.95,44.95
207439,P0004,2,24.62,49.24
207439,P0008,1,47.58,47.58
207440,P0026,1,12.03,12.03
207440,P0029,2,57.43,114.86
207440,P0023,1,65.61,65.61
207441,P0022,2,59.48,118.96
207441,P0015,1,52.52,52.52
207441,P0004,2,22.69,45.38
207442,P0006,2,42.27,84.54
207442,P0010,1,71.56,71.56
207443,P0036,2,27.07,54.14
207443,P0040,2,72.31,144.62
207444,P0037,1,29.09,29.09
207444,P0012,2,46.02,92.04
207444,P0026,1,14.07,14.07
207445,P0040,1,69.01,69.01
207446,P0018,1,48.3,48.3
207447,P0018,2,48.47,96.94
207447,P0026,2,12.44,24.88
207448,P0007,1,23.47,23.47
207448,P0016,1,10.08,10.08
207449,P0035,2,50.98,101.96
207449,P0005,1,40.61,40.61
207450,P0019,1,46.91,46.91
207450,P0023,1,75.72,75.72
207450,P0035,2,49.17,98.34
207451,P0010,1,65.78,65.78
207452,P0012,2,46.89,93.78
207452,P0016,2,9.34,18.68
207453,P0004,2,23.92,47.84
207454,P0007,1,23.69,23.69
207455,P0038,1,57.51,57.51
207455,P0039,2,65.49,130.98
207455,P0021,2,31.08,62.16
207456,P0028,1,19.71,19.71
207457,P0021,2,31.66,63.32
207457,P0032,1,53.56,53.56
207457,P0029,1,55.02,55.02
207458,P0029,1,56.9,56.9
207458,P0029,1,51.03,51.03
207458,P0011,2,79.98,159.96
207459,P0037,2,30.19,60.38
207459,P0013,1,47.46,47.46
207459,P0032,2,53.3,106.6
207460,P0021,2,31.27,62.54
207460,P0006,2,45.76,91.52
207460,P0005,1,41.63,41.63
207461,P0033,1,17.86,17.86
207461,P0033,1,16.73,16.73
207462,P0002,1,38.35,38.35
207462,P0001,2,32.65,65.3
207463,P0008,2,45.34,90.68
207463,P0003,1,50.71,50.71
207463,P0039,2,77.92,155.84
207464,P0010,2,61.27,122.54
207465,P0037,1,27.37,27.37
207466,P0019,1,56.37,56.37
207466,P0002,1,38.49,38.49
207466,P0017,1,8.71,8.71
207467,P0034,1,43.35,43.35
207468,P0003,1,47.98,47.98
207468,P0031,2,24.2,48.4
207469,P0023,2,74.44,148.88
207469,P0021,1,28.5,28.5
207470,P0008,2,54.78,109.56
207470,P0016,2,10.81,21.62
207471,P0037,2,33.24,66.48
207472,P0037,1,32.85,32.85
207473,P0025,1,35.81,35.81
207474,P0032,1,57.32,57.32
207474,P0005,1,40.9,40.9
207475,P0002,2,40.84,81.68
207475,P0010,2,59.29,118.58
207476,P0017,2,8.74,17.48
207476,P0024,2,44.43,88.86
207477,P0019,2,56.58,113.16
207477,P0030,1,77.94,77.94
207478,P0035,1,55.81,55.81
207479,P0037,1,31.67,31.67
207479,P0026,2,12.36,24.72
207480,P0003,2,52.49,104.98
207480,P0019,1,51.15,51.15
207481,P0021,2,26.96,53.92
207481,P0022,1,62.88,62.88
207482,P0012,1,47.07,47.07
207483,P0029,1,49.1,49.1
207484,P0030,2,67.62,135.24
207485,P0026,1,13.17,13.17
207486,P0021,2,26.0,52.0
207486,P0014,2,70.68,141.36
207487,P0023,2,76.69,153.38
207487,P0028,2,19.59,39.18
207488,P0008,2,46.25,92.5
207488,P0031,2,26.09,52.18
207488,P0039,1,74.79,74.79
207489,P0032,1,55.54,55.54
207489,P0029,1,52.77,52.77
207490,P0035,2,49.45,98.9
207490,P0016,1,9.92,9.92
207490,P0029,1,48.01,48.01
207491,P0006,2,43.76,87.52
207491,P0028,1,18.02,18.02
207491,P0026,2,11.51,23.02
207492,P0039,2,79.54,159.08
207492,P0029,2,50.43,100.86
207492,P0034,2,44.91,89.82
207493,P0039,2,77.47,154.94
207494,P0004,2,27.75,55.5
207495,P0038,1,55.91,55.91
207496,P0028,1,20.12,20.12
207497,P0004,1,25.83,25.83
207497,P0020,1,50.5,50.5
207497,P0035,1,51.21,51.21
207498,P0013,1,53.32,53.32
207499,P0018,2,44.19,88.38
207499,P0025,1,39.56,39.56
207500,P0007,2,26.3,52.6
207500,P0038,1,49.87,49.87
207500,P0037,1,30.8,30.8
207501,P0040,1,75.57,75.57
207501,P0011,1,68.82,68.82
207501,P0021,1,30.37,30.37
207502,P0013,1,51.57,51.57
207502,P0024,1,45.9,45.9
207503,P0039,1,73.69,73.69
207503,P0029,2,53.59,107.18
207503,P0013,2,52.05,104.1
207504,P0006,2,43.37,86.74
207504,P0024,2,50.95,101.9
207504,P0039,1,69.42,69.42
207505,P0007,2,25.61,51.22
207505,P0019,2,52.43,104.86
207506,P0009,1,62.1,62.1
207506,P0037,2,29.73,59.46
207506,P0011,2,82.63,165.26
207507,P0009,2,59.12,118.24
207507,P0011,1,76.15,76.15
207507,P0008,2,47.49,94.98
207508,P0023,2,73.3,146.6
207508,P0011,2,78.05,156.1
207509,P0007,1,22.26,22.26
207510,P0017,2,10.04,20.08
207511,P0028,1,21.48,21.48
207511,P0032,1,60.04,60.04
207511,P0006,2,46.05,92.1
207512,P0018,2,48.62,97.24
207512,P0003,2,50.04,100.08
207512,P0025,1,34.88,34.88
207513,P0023,1,68.29,68.29
207513,P0014,1,69.21,69.21
207514,P0033,2,16.88,33.76
207515,P0025,1,36.72,36.72
207516,P0026,1,12.56,12.56
207516,P0028,2,17.9,35.8
207516,P0001,2,32.78,65.56
207517,P0022,2,58.19,116.38
207517,P0036,2,26.28,52.56
207517,P0029,1,50.18,50.18
207518,P0009,2,57.27,114.54
207518,P0040,2,81.0,162.0
207519,P0016,2,8.87,17.74
207520,P0020,2,44.23,88.46
207520,P0006,2,40.97,81.94
207521,P0030,1,79.48,79.48
207521,P0030,2,64.86,129.72
207521,P0003,1,53.67,53.67
207522,P0039,1,69.3,69.3
207522,P0026,2,12.16,24.32
207523,P0040,2,73.77,147.54
207523,P0040,1,68.42,68.42
207523,P0017,2,9.77,19.54
207524,P0006,2,44.03,88.06
207524,P0019,1,51.68,51.68
207524,P0035,2,53.6,107.2
207525,P0019,2,52.8,105.6
207526,P0004,2,24.5,49.0
207526,P0010,1,64.42,64.42
207527,P0005,2,41.47,82.94
207527,P0031,1,25.31,25.31
207528,P0015,2,61.17,122.34
207528,P0024,1,51.86,51.86
207528,P0035,1,52.96,52.96
207529,P0007,2,22.52,45.04
207529,P0007,2,26.52,53.04
207530,P0013,1,55.82,55.82
207531,P0038,1,51.34,51.34
207531,P0001,2,32.71,65.42
207532,P0013,1,52.87,52.87
207532,P0008,1,54.66,54.66
207532,P0026,2,13.27,26.54
207533,P0026,2,12.43,24.86
207533,P0040,2,68.32,136.64
207534,P0030,2,66.97,133.94
207535,P0029,1,52.66,52.66
207536,P0036,2,25.74,51.48
207536,P0032,2,63.29,126.58
207536,P0006,2,43.86,87.72
207537,P0027,1,31.03,31.03
207538,P0008,1,47.09,47.09
207539,P0008,1,45.93,45.93
207540,P0001,1,35.08,35.08
207541,P0036,2,25.5,51.0
207541,P0031,2,23.91,47.82
207541,P0026,1,11.9,11.9
207542,P0012,2,42.37,84.74
207542,P0003,2,51.57,103.14
207543,P0034,1,41.69,41.69
207543,P0038,2,50.34,100.68
207543,P0026,1,12.69,12.69
207544,P0036,1,25.33,25.33
207544,P0008,2,46.34,92.68
207544,P0036,1,26.37,26.37
207545,P0023,1,76.33,76.33
207545,P0013,1,48.3,48.3
207545,P0032,1,53.72,53.72
207546,P0035,1,49.68,49.68
207546,P0036,2,28.03,56.06
207546,P0019,1,54.69,54.69
207547,P0006,2,49.23,98.46
207547,P0014,2,68.72,137.44
207548,P0005,2,43.54,87.08
207549,P0015,1,62.25,62.25
207550,P0036,2,24.67,49.34
207551,P0015,1,52.02,52.02
207551,P0017,2,9.08,18.16
207552,P0025,2,35.67,71.34
207553,P0021,2,28.93,57.86
207553,P0031,1,22.33,22.33
207553,P0024,2,44.71,89.42
207554,P0030,2,77.47,154.94
207554,P0011,1,74.26,74.26
207555,P0016,2,8.8,17.6
207556,P0010,1,64.45,64.45
207557,P0039,1,76.32,76.32
207557,P0032,2,55.95,111.9
207557,P0022,1,63.72,63.72
207558,P0012,1,45.1,45.1
207558,P0028,2,17.62,35.24
207559,P0036,1,27.78,27.78
207559,P0040,1,73.19,73.19
207560,P0026,1,11.55,11.55
207561,P0006,1,46.56,46.56
207561,P0011,1,82.42,82.42
207561,P0034,1,42.15,42.15
207562,P0020,2,53.0,106.0
207562,P0021,2,26.35,52.7
207563,P0013,2,53.66,107.32
207563,P0037,1,30.92,30.92
207563,P0015,1,55.45,55.45
207564,P0035,1,54.47,54.47
207565,P0024,2,46.92,93.84
207565,P0028,1,20.53,20.53
207565,P0022,2,66.22,132.44
207566,P0003,2,50.43,100.86
207566,P0030,1,73.77,73.77
207566,P0029,2,47.97,95.94
207567,P0005,2,41.02,82.04
207568,P0020,2,49.21,98.42
207568,P0003,1,51.86,51.86
207569,P0004,1,23.19,23.19
207569,P0008,2,52.23,104.46
207570,P0038,1,56.41,56.41
207570,P0016,2,10.2,20.4
207571,P0022,1,57.45,57.45
207571,P0037,1,31.65,31.65
207571,P0033,2,16.92,33.84
207572,P0007,1,23.43,23.43
207572,P0010,1,62.92,62.92
207572,P0025,1,33.53,33.53
207573,P0003,2,49.41,98.82
207574,P0039,2,68.57,137.14
207574,P0038,2,51.33,102.66
207574,P0007,1,22.92,22.92
207575,P0012,1,42.95,42.95
207576,P0032,1,63.96,63.96
207576,P0015,2,59.13,118.26
207576,P0036,2,23.23,46.46
207577,P0010,1,68.06,68.06
207578,P0027,1,32.0,32.0
207579,P0011,1,75.53,75.53
207580,P0005,2,43.28,86.56
207580,P0040,2,75.29,150.58
207581,P0034,1,45.98,45.98
207581,P0022,2,60.15,120.3
207581,P0008,2,53.64,107.28
207582,P0013,2,53.21,106.42
207582,P0013,2,48.13,96.26
207582,P0023,1,77.44,77.44
207583,P0008,1,46.88,46.88
207583,P0021,1,29.86,29.86
207583,P0027,1,29.85,29.85
207584,P0003,2,47.53,95.06
207584,P0008,2,52.87,105.74
207584,P0036,2,24.65,49.3
207585,P0008,2,45.21,90.42
207586,P0025,2,40.38,80.76
207586,P0020,2,52.6,105.2
207587,P0020,1,47.26,47.26
207588,P0031,1,23.12,23.12
207588,P0040,1,75.64,75.64
207588,P0012,1,40.76,40.76
207589,P0005,2,44.52,89.04
207590,P0026,2,13.36,26.72
207590,P0004,1,22.67,22.67
207590,P0040,2,69.7,139.4
207591,P0025,2,40.61,81.22
207592,P0032,1,62.86,62.86
207592,P0023,1,66.25,66.25
207593,P0018,2,42.79,85.58
207593,P0009,1,58.95,58.95
207593,P0019,2,47.1,94.2
207594,P0025,1,36.47,36.47
207595,P0022,1,58.03,58.03
207595,P0019,1,52.74,52.74
207596,P0010,1,68.59,68.59
207597,P0030,2,74.73,149.46
207597,P0033,1,17.09,17.09
207597,P0019,2,52.82,105.64
207598,P0004,2,26.58,53.16
207598,P0010,1,65.04,65.04
207598,P0014,2,71.26,142.52
207599,P0011,1,74.55,74.55
207600,P0027,1,32.62,32.62
207600,P0005,2,48.35,96.7
207601,P0036,2,25.25,50.5
207601,P0005,2,44.7,89.4
207602,P0006,1,42.48,42.48
207602,P0025,2,33.41,66.82
207602,P0012,2,41.19,82.38
207603,P0007,1,25.18,25.18
207604,P0001,2,29.41,58.82
207605,P0029,1,56.48,56.48
207606,P0026,1,11.78,11.78
207607,P0006,2,45.48,90.96
207607,P0011,2,69.46,138.92
207607,P0037,1,30.08,30.08
207608,P0038,1,52.93,52.93
207609,P0040,2,80.3,160.6
207610,P0023,1,68.22,68.22
207610,P0004,2,23.78,47.56
207611,P0021,1,26.04,26.04
207612,P0039,1,68.03,68.03
207612,P0014,1,77.22,77.22
207613,P0023,2,65.33,130.66
207614,P0002,1,38.63,38.63
207614,P0015,2,59.45,118.9
207615,P0040,2,69.76,139.52
207615,P0004,2,26.8,53.6
207616,P0001,1,31.94,31.94
207616,P0029,2,49.61,99.22
207617,P0034,1,41.25,41.25
207617,P0037,2,30.04,60.08
207617,P0035,1,49.24,49.24
207618,P0006,2,47.29,94.58
207618,P0022,2,66.81,133.62
207619,P0012,2,41.53,83.06
207620,P0011,2,77.91,155.82
207621,P0002,1,44.31,44.31
207621,P0029,1,55.04,55.04
207621,P0022,2,62.28,124.56
207622,P0027,1,29.13,29.13
207623,P0008,2,47.08,94.16
207623,P0037,2,32.86,65.72
207623,P0008,1,47.27,47.27
207624,P0004,1,27.04,27.04
207624,P0038,2,57.51,115.02
207624,P0019,2,51.4,102.8
207625,P0020,2,51.18,102.36
207626,P0031,1,24.86,24.86
207627,P0033,1,19.43,19.43
207628,P0019,1,51.12,51.12
207629,P0005,1,43.24,43.24
207630,P0010,2,58.9,117.8
207630,P0005,2,47.0,94.0
207630,P0019,2,53.92,107.84
207631,P0004,1,26.27,26.27
207631,P0036,2,24.64,49.28
207632,P0017,2,9.84,19.68
207632,P0003,1,52.26,52.26
207632,P0007,2,22.03,44.06
207633,P0010,2,71.71,143.42
207633,P0038,1,49.29,49.29
207634,P0001,1,32.23,32.23
207634,P0008,1,46.67,46.67
207635,P0025,1,40.06,40.06
207636,P0028,1,20.42,20.42
207636,P0011,1,67.91,67.91
207637,P0024,2,42.78,85.56
207637,P0013,2,53.38,106.76
207637,P0034,1,45.97,45.97
207638,P0005,1,45.06,45.06
207638,P0028,2,18.91,37.82
207638,P0001,2,33.82,67.64
207639,P0033,1,18.18,18.18
207639,P0026,2,13.21,26.42
207639,P0036,1,25.83,25.83
207640,P0031,2,25.23,50.46
207640,P0036,1,23.11,23.11
207640,P0004,2,24.57,49.14
207641,P0004,1,23.41,23.41
207641,P0008,1,48.93,48.93
207642,P0006,1,43.82,43.82
207642,P0032,2,53.79,107.58
207643,P0001,2,34.74,69.48
207644,P0029,1,53.39,53.39
207644,P0013,2,47.8,95.6
207645,P0035,2,55.26,110.52
207645,P0011,2,80.22,160.44
207646,P0028,2,17.99,35.98
207646,P0030,1,79.64,79.64
207646,P0008,2,51.03,102.06
207647,P0014,2,71.9,143.8
207647,P0002,1,47.01,47.01
207647,P0028,2,20.46,40.92
207648,P0026,2,12.28,24.56
207648,P0019,2,54.48,108.96
207648,P0029,1,54.99,54.99
207649,P0032,1,55.26,55.26
207650,P0012,1,40.47,40.47
207650,P0006,2,40.74,81.48
207650,P0002,2,38.74,77.48
207651,P0006,2,45.2,90.4
207651,P0002,1,41.08,41.08
207651,P0040,2,70.4,140.8
207652,P0007,2,25.57,51.14
207653,P0039,2,77.86,155.72
207653,P0040,1,73.93,73.93
207653,P0035,2,53.34,106.68
207654,P0012,2,41.07,82.14
207654,P0037,1,29.89,29.89
207655,P0023,2,66.08,132.16
207656,P0009,1,63.94,63.94
207657,P0034,1,39.23,39.23
207657,P0038,2,53.81,107.62
207657,P0034,1,45.63,45.63
207658,P0032,2,54.74,109.48
207658,P0027,2,34.57,69.14
207659,P0025,2,37.27,74.54
207659,P0014,1,66.85,66.85
207660,P0013,1,55.41,55.41
207660,P0012,1,40.47,40.47
207661,P0004,1,23.86,23.86
207661,P0012,2,39.68,79.36
207662,P0016,2,10.35,20.7
207663,P0011,2,69.81,139.62
207663,P0013,2,49.24,98.48
207664,P0012,2,42.49,84.98
207664,P0027,1,28.93,28.93
207665,P0020,1,46.95,46.95
207665,P0030,1,71.31,71.31
207666,P0030,1,70.77,70.77
207667,P0032,2,56.3,112.6
207667,P0011,2,76.51,153.02
207667,P0007,1,26.29,26.29
207668,P0014,2,73.71,147.42
207668,P0019,1,52.83,52.83
207668,P0030,1,79.9,79.9
207669,P0020,2,44.44,88.88
207670,P0024,1,51.87,51.87
207670,P0038,1,49.63,49.63
207670,P0039,2,77.43,154.86
207671,P0004,2,26.62,53.24
207672,P0004,1,25.44,25.44
207673,P0023,1,69.38,69.38
207674,P0035,1,54.91,54.91
207675,P0021,1,29.1,29.1
207676,P0030,2,67.12,134.24
207677,P0040,2,68.84,137.68
207677,P0021,2,30.12,60.24
207678,P0003,1,45.83,45.83
207679,P0028,1,20.44,20.44
207680,P0003,2,55.33,110.66
207681,P0033,1,19.52,19.52
207681,P0023,1,71.16,71.16
207681,P0012,2,45.99,91.98
207682,P0003,1,54.25,54.25
207682,P0018,1,42.27,42.27
207683,P0007,2,23.04,46.08
207684,P0035,2,48.59,97.18
207685,P0037,1,29.81,29.81
207685,P0024,1,51.01,51.01
207686,P0023,2,67.78,135.56
207686,P0023,2,78.15,156.3
207687,P0025,1,35.42,35.42
207688,P0012,1,45.87,45.87
207688,P0018,1,49.85,49.85
207689,P0029,1,52.07,52.07
207689,P0004,1,26.83,26.83
207689,P0025,2,40.48,80.96
207690,P0011,1,82.4,82.4
207690,P0020,2,52.99,105.98
207691,P0023,2,65.37,130.74
207691,P0006,2,46.67,93.34
207691,P0011,1,82.73,82.73
207692,P0005,1,48.64,48.64
207692,P0030,1,73.58,73.58
207693,P0033,1,16.05,16.05
207694,P0035,2,52.43,104.86
207695,P0038,2,50.07,100.14
207696,P0003,1,47.86,47.86
207696,P0019,1,52.58,52.58
207697,P0009,1,59.55,59.55
207697,P0018,2,45.64,91.28
207698,P0030,2,65.65,131.3
207698,P0037,2,28.47,56.94
207698,P0006,1,45.59,45.59
207699,P0036,2,24.74,49.48
207699,P0012,2,45.68,91.36
207700,P0033,2,18.34,36.68
207701,P0039,2,76.57,153.14
207701,P0001,2,34.55,69.1
207701,P0027,2,32.59,65.18
207702,P0028,2,17.62,35.24
207702,P0036,2,27.26,54.52
207702,P0030,1,71.77,71.77
207703,P0027,2,32.12,64.24
207703,P0013,2,47.95,95.9
207704,P0007,2,24.22,48.44
207705,P0019,1,47.6,47.6
207705,P0025,2,39.55,79.1
207705,P0028,2,21.08,42.16
207706,P0018,1,42.52,42.52
207706,P0038,2,52.24,104.48
207706,P0018,1,42.35,42.35
207707,P0006,1,45.18,45.18
207707,P0039,1,67.32,67.32
207707,P0013,1,47.83,47.83
207708,P0023,2,75.11,150.22
207708,P0021,1,26.15,26.15
207709,P0021,2,29.63,59.26
207709,P0026,2,12.35,24.7
207709,P0005,1,40.79,40.79
207710,P0023,2,73.03,146.06
207710,P0028,2,19.34,38.68
207711,P0040,2,79.26,158.52
207711,P0023,1,68.91,68.91
207712,P0037,1,31.19,31.19
207713,P0005,1,40.97,40.97
207714,P0032,1,62.65,62.65
207714,P0033,1,16.09,16.09
207714,P0038,2,49.17,98.34
207715,P0009,1,58.53,58.53
207716,P0038,1,54.23,54.23
207716,P0007,1,22.86,22.86
207716,P0013,2,56.24,112.48
207717,P0028,2,20.26,40.52
207717,P0034,2,44.91,89.82
207717,P0028,2,18.67,37.34
207718,P0011,2,73.17,146.34
207718,P0038,1,55.63,55.63
207719,P0022,1,62.52,62.52
207719,P0034,2,38.54,77.08
207719,P0026,1,13.3,13.3
207720,P0012,2,46.01,92.02
207720,P0020,2,52.06,104.12
207721,P0032,2,54.76,109.52
207722,P0031,1,22.05,22.05
207722,P0009,1,55.81,55.81
207722,P0032,2,54.33,108.66
207723,P0003,1,52.48,52.48
207724,P0033,2,19.39,38.78
207724,P0015,2,58.01,116.02
207725,P0032,2,54.82,109.64
207726,P0025,2,37.48,74.96
207727,P0003,1,48.22,48.22
207727,P0009,1,66.43,66.43
207727,P0018,1,42.11,42.11
207728,P0031,2,24.95,49.9
207729,P0012,2,41.79,83.58
207729,P0029,1,48.26,48.26
207730,P0028,2,20.01,40.02
207730,P0006,2,49.14,98.28
207731,P0006,1,43.25,43.25
207731,P0016,2,9.96,19.92
207732,P0013,1,54.49,54.49
207733,P0013,2,56.16,112.32
207733,P0011,2,80.37,160.74
207734,P0025,2,34.31,68.62
207735,P0033,2,19.0,38.0
207735,P0022,2,65.9,131.8
207736,P0035,1,48.22,48.22
207736,P0006,1,46.78,46.78
207737,P0026,1,12.28,12.28
207738,P0013,2,49.26,98.52
207739,P0020,2,45.9,91.8
207740,P0037,1,29.96,29.96
207741,P0028,1,18.36,18.36
207742,P0040,2,75.78,151.56
207742,P0003,1,45.25,45.25
207742,P0001,1,29.26,29.26
207743,P0034,1,38.92,38.92
207744,P0028,2,21.15,42.3
207745,P0006,2,43.17,86.34
207745,P0004,1,27.68,27.68
207746,P0040,2,74.2,148.4
207746,P0005,2,40.32,80.64
207746,P0004,2,26.73,53.46
207747,P0031,1,25.38,25.38
207747,P0024,2,46.97,93.94
207747,P0040,1,72.94,72.94
207748,P0029,1,54.73,54.73
207748,P0022,1,60.5,60.5
207748,P0023,1,77.71,77.71
207749,P0033,1,19.1,19.1
207749,P0029,1,57.41,57.41
207749,P0023,1,75.07,75.07
207750,P0009,1,55.59,55.59
207750,P0019,1,54.19,54.19
207751,P0026,1,13.13,13.13
207751,P0037,1,31.39,31.39
207751,P0037,1,30.46,30.46
207752,P0035,2,47.79,95.58
207752,P0038,2,54.03,108.06
207753,P0005,2,42.3,84.6
207754,P0031,2,23.59,47.18
207755,P0034,1,45.78,45.78
207755,P0001,2,29.1,58.2
207755,P0009,2,63.62,127.24
207756,P0002,1,45.19,45.19
207756,P0008,2,45.97,91.94
207757,P0006,2,46.71,93.42
207757,P0027,2,31.08,62.16
207758,P0014,1,74.07,74.07
207758,P0016,1,9.43,9.43
207758,P0038,1,50.44,50.44
207759,P0023,2,69.43,138.86
207759,P0037,1,28.98,28.98
207759,P0032,1,52.62,52.62
207760,P0019,1,51.88,51.88
207761,P0004,1,27.48,27.48
207762,P0006,1,44.62,44.62
207763,P0018,2,50.75,101.5
207763,P0014,1,72.17,72.17
207764,P0007,1,26.39,26.39
207764,P0019,2,53.34,106.68
207765,P0024,1,46.2,46.2
207765,P0019,1,54.8,54.8
207765,P0022,1,64.75,64.75
207766,P0017,1,9.97,9.97
207766,P0004,1,27.52,27.52
207766,P0022,1,66.31,66.31
207767,P0012,2,48.33,96.66
207767,P0015,1,58.43,58.43
207768,P0025,1,39.88,39.88
207768,P0002,2,42.76,85.52
207769,P0036,1,24.41,24.41
207769,P0005,2,45.49,90.98
207770,P0036,1,25.99,25.99
207771,P0002,2,42.84,85.68
207772,P0009,1,58.76,58.76
207772,P0033,2,16.19,32.38
207772,P0012,1,41.01,41.01
207773,P0012,2,48.32,96.64
207773,P0023,2,73.91,147.82
207774,P0032,1,59.48,59.48
207774,P0013,1,55.21,55.21
207774,P0001,2,33.78,67.56
207775,P0026,1,12.2,12.2
207776,P0023,1,73.73,73.73
207776,P0021,1,25.94,25.94
207777,P0013,2,50.0,100.0
207777,P0001,1,31.47,31.47
207778,P0032,1,55.66,55.66
207778,P0002,2,41.18,82.36
207779,P0005,1,42.92,42.92
207779,P0004,1,27.36,27.36
207780,P0014,2,74.47,148.94
207780,P0011,2,72.7,145.4
207780,P0014,2,69.9,139.8
207781,P0005,2,40.66,81.32
207782,P0039,1,74.26,74.26
207782,P0038,1,58.84,58.84
207783,P0032,1,61.91,61.91
207784,P0015,1,62.44,62.44
207785,P0026,1,12.36,12.36
207785,P0012,2,39.27,78.54
207786,P0039,1,74.68,74.68
207787,P0006,1,44.52,44.52
207787,P0012,1,46.3,46.3
207787,P0032,1,61.22,61.22
207788,P0031,2,22.17,44.34
207788,P0033,1,18.55,18.55
207788,P0001,2,34.71,69.42
207789,P0012,1,41.4,41.4
207789,P0020,2,44.14,88.28
207789,P0028,1,18.77,18.77
207790,P0016,1,9.3,9.3
207790,P0026,2,11.99,23.98
207790,P0013,1,51.15,51.15
207791,P0036,1,22.96,22.96
207791,P0035,2,55.7,111.4
207791,P0003,2,47.28,94.56
207792,P0010,1,61.36,61.36
207792,P0040,1,80.81,80.81
207792,P0001,1,31.03,31.03
207793,P0003,1,48.77,48.77
207794,P0021,1,30.11,30.11
207794,P0007,2,25.09,50.18
207795,P0026,2,11.51,23.02
207796,P0001,1,35.44,35.44
207797,P0011,1,77.78,77.78
207797,P0020,1,50.64,50.64
207797,P0040,1,66.32,66.32
207798,P0036,2,24.95,49.9
207799,P0029,1,48.35,48.35
207800,P0003,2,54.25,108.5
207801,P0012,1,39.41,39.41
207802,P0028,2,18.5,37.0
207803,P0033,2,17.09,34.18
207803,P0032,1,58.12,58.12
207803,P0031,2,22.7,45.4
207804,P0026,2,14.04,28.08
207804,P0027,1,34.02,34.02
207805,P0001,2,32.27,64.54
207805,P0038,2,52.12,104.24
207806,P0031,1,22.19,22.19
207806,P0030,2,73.56,147.12
207806,P0035,1,47.83,47.83
207807,P0032,2,59.64,119.28
207807,P0013,1,51.11,51.11
207808,P0006,1,44.41,44.41
207808,P0023,1,70.55,70.55
207809,P0026,1,12.88,12.88
207809,P0024,1,46.01,46.01
207810,P0035,1,49.29,49.29
207810,P0013,2,56.9,113.8
207811,P0004,2,27.88,55.76
207812,P0031,2,25.29,50.58
207812,P0023,1,76.88,76.88
207812,P0035,1,55.45,55.45
207813,P0028,1,18.18,18.18
207814,P0023,1,77.37,77.37
207815,P0020,1,47.65,47.65
207815,P0003,1,52.66,52.66
207815,P0036,2,23.77,47.54
207816,P0031,2,21.69,43.38
207816,P0017,2,8.81,17.62
207816,P0030,1,69.97,69.97
207817,P0037,1,29.53,29.53
207818,P0024,1,44.65,44.65
207818,P0015,2,60.35,120.7
207818,P0019,2,48.77,97.54
207819,P0010,2,67.29,134.58
207820,P0026,1,12.99,12.99
207820,P0012,2,43.83,87.66
207821,P0024,1,46.36,46.36
207822,P0036,1,23.52,23.52
207822,P0023,1,73.22,73.22
207822,P0017,2,9.55,19.1
207823,P0010,2,71.34,142.68
207824,P0040,1,70.56,70.56
207825,P0030,1,77.53,77.53
207826,P0031,2,25.93,51.86
207826,P0007,1,26.6,26.6
207826,P0023,2,74.47,148.94
207827,P0013,1,49.95,49.95
207827,P0037,2,27.57,55.14
207827,P0021,1,29.41,29.41
207828,P0020,1,45.89,45.89
207829,P0025,2,35.25,70.5
207829,P0033,2,18.28,36.56
207830,P0028,2,18.64,37.28
207831,P0027,1,30.9,30.9
207831,P0010,1,63.04,63.04
207832,P0039,1,79.94,79.94
207833,P0001,2,32.75,65.5
207834,P0031,1,24.51,24.51
207834,P0021,2,28.26,56.52
207834,P0010,2,58.53,117.06
207835,P0034,1,39.57,39.57
207836,P0010,2,58.82,117.64
207837,P0034,2,45.71,91.42
207837,P0016,1,9.89,9.89
207838,P0039,1,78.15,78.15
207838,P0030,2,70.5,141.0
207839,P0040,2,71.71,143.42
207839,P0038,2,54.38,108.76
207840,P0009,1,55.24,55.24
207840,P0009,1,63.92,63.92
207841,P0016,2,9.63,19.26
207841,P0013,2,53.42,106.84
207842,P0033,2,16.85,33.7
207843,P0035,1,51.33,51.33
207843,P0010,1,59.43,59.43
207844,P0029,2,54.59,109.18
207844,P0027,1,34.81,34.81
207845,P0037,1,29.44,29.44
207845,P0008,1,45.33,45.33
207845,P0016,2,10.33,20.66
207846,P0004,2,26.16,52.32
207847,P0035,2,49.73,99.46
207848,P0035,2,53.51,107.02
207848,P0020,2,45.7,91.4
207848,P0018,1,49.04,49.04
207849,P0013,2,48.24,96.48
207849,P0002,2,44.84,89.68
207849,P0016,2,10.33,20.66
207850,P0016,1,9.1,9.1
207850,P0036,1,25.81,25.81
207850,P0030,2,65.2,130.4
207851,P0002,1,47.04,47.04
207852,P0018,2,49.72,99.44
207852,P0001,2,30.65,61.3
207853,P0008,2,46.5,93.0
207853,P0036,2,24.77,49.54
207854,P0004,2,26.63,53.26
207855,P0037,2,29.35,58.7
207856,P0023,2,66.74,133.48
207857,P0025,2,32.99,65.98
207858,P0026,1,11.84,11.84
207859,P0012,1,46.67,46.67
207860,P0020,2,53.18,106.36
207860,P0023,2,71.55,143.1
207861,P0007,2,25.91,51.82
207862,P0002,1,44.21,44.21
207863,P0030,1,72.45,72.45
207863,P0003,1,54.97,54.97
207864,P0023,2,78.09,156.18
207864,P0027,2,32.3,64.6
207864,P0033,2,16.51,33.02
207865,P0020,2,46.25,92.5
207866,P0035,2,55.42,110.84
207867,P0011,1,68.72,68.72
207867,P0012,1,42.77,42.77
207868,P0002,2,45.42,90.84
207868,P0027,1,28.56,28.56
207869,P0018,1,42.05,42.05
207870,P0039,2,71.27,142.54
207870,P0005,1,48.78,48.78
207871,P0012,2,42.75,85.5
207872,P0030,1,65.59,65.59
207872,P0021,1,27.13,27.13
207872,P0023,2,79.26,158.52
207873,P0008,2,45.79,91.58
207873,P0008,2,46.76,93.52
207874,P0019,2,55.02,110.04
207875,P0011,2,69.32,138.64
207875,P0003,1,53.96,53.96
207876,P0031,2,26.55,53.1
207877,P0030,2,76.65,153.3
207878,P0021,2,26.16,52.32
207878,P0010,2,71.24,142.48
207878,P0004,2,26.57,53.14
207879,P0004,1,27.8,27.8
207879,P0011,2,73.19,146.38
207880,P0030,1,66.52,66.52
207880,P0035,1,49.86,49.86
207880,P0019,2,54.28,108.56
207881,P0014,2,69.62,139.24
207882,P0033,2,16.54,33.08
207883,P0011,2,72.34,144.68
207883,P0015,2,51.21,102.42
207883,P0017,1,8.79,8.79
207884,P0027,2,33.1,66.2
207885,P0034,2,38.76,77.52
207885,P0008,2,46.32,92.64
207886,P0020,2,53.87,107.74
207886,P0039,1,77.6,77.6
207887,P0031,1,23.9,23.9
207887,P0010,1,64.03,64.03
207888,P0003,2,54.44,108.88
207889,P0007,2,25.92,51.84
207889,P0010,1,58.66,58.66
207889,P0006,2,46.95,93.9
207890,P0001,2,34.89,69.78
207891,P0018,1,51.07,51.07
207892,P0027,2,29.83,59.66
207892,P0036,1,27.72,27.72
207892,P0036,2,25.24,50.48
207893,P0030,1,79.87,79.87
207894,P0018,1,42.36,42.36
207894,P0016,1,9.87,9.87
207894,P0003,1,52.68,52.68
207895,P0017,1,8.95,8.95
207895,P0027,2,33.72,67.44
207895,P0004,1,23.08,23.08
207896,P0031,1,23.72,23.72
207896,P0038,2,50.67,101.34
207896,P0003,1,48.86,48.86
207897,P0021,2,27.45,54.9
207898,P0004,2,27.08,54.16
207898,P0014,2,74.05,148.1
207899,P0017,1,9.79,9.79
207900,P0026,2,12.76,25.52
207901,P0008,2,47.0,94.0
207902,P0009,1,54.84,54.84
207902,P0020,2,47.6,95.2
207902,P0006,1,41.97,41.97
207903,P0040,2,74.71,149.42
207904,P0021,1,27.82,27.82
207904,P0028,2,17.98,35.96
207904,P0027,2,34.41,68.82
207905,P0028,2,18.56,37.12
207905,P0026,1,11.7,11.7
207906,P0025,1,40.07,40.07
207906,P0023,1,67.31,67.31
207907,P0019,2,53.28,106.56
207907,P0032,1,60.91,60.91
207907,P0020,1,54.31,54.31
207908,P0015,2,60.19,120.38
207908,P0021,2,30.54,61.08
207909,P0019,2,47.52,95.04
207909,P0001,1,30.1,30.1
207910,P0002,2,43.05,86.1
207910,P0002,1,43.26,43.26
207911,P0040,1,74.18,74.18
207912,P0022,1,63.66,63.66
207912,P0003,1,52.54,52.54
207912,P0018,1,47.41,47.41
207913,P0004,2,27.57,55.14
207913,P0029,1,52.43,52.43
207914,P0038,1,51.11,51.11
207914,P0004,2,24.02,48.04
207915,P0001,2,32.38,64.76
207915,P0023,1,74.69,74.69
207915,P0016,1,10.35,10.35
207916,P0021,2,28.54,57.08
207916,P0015,1,55.44,55.44
207916,P0006,2,48.07,96.14
207917,P0026,1,11.47,11.47
207918,P0013,2,52.78,105.56
207918,P0019,2,47.27,94.54
207919,P0033,2,17.3,34.6
207919,P0038,1,58.69,58.69
207920,P0028,2,20.29,40.58
207921,P0031,2,24.99,49.98
207921,P0008,2,46.85,93.7
207922,P0015,1,50.7,50.7
207923,P0004,1,22.73,22.73
207923,P0003,2,53.6,107.2
207923,P0025,1,35.05,35.05
207924,P0011,2,77.46,154.92
207924,P0021,1,28.83,28.83
207925,P0016,2,9.92,19.84
207925,P0027,1,31.23,31.23
207926,P0040,1,76.6,76.6
207926,P0030,1,65.4,65.4
207927,P0005,2,46.67,93.34
207927,P0004,2,22.7,45.4
207928,P0031,2,26.05,52.1
207928,P0007,1,23.5,23.5
207928,P0008,2,54.5,109.0
207929,P0016,2,9.45,18.9
207929,P0010,2,71.82,143.64
207929,P0004,2,24.31,48.62
207930,P0016,1,8.92,8.92
207930,P0038,2,55.52,111.04
207930,P0006,1,44.05,44.05
207931,P0017,1,9.56,9.56
207931,P0015,1,50.8,50.8
207931,P0029,1,51.68,51.68
207932,P0021,1,31.51,31.51
207932,P0039,1,72.5,72.5
207932,P0011,2,78.16,156.32
207933,P0002,1,38.27,38.27
207933,P0026,1,12.34,12.34
207934,P0039,2,71.37,142.74
207934,P0006,1,47.0,47.0
207934,P0021,1,29.26,29.26
207935,P0025,2,35.43,70.86
207935,P0022,2,62.81,125.62
207936,P0015,1,61.59,61.59
207937,P0019,2,51.83,103.66
207938,P0030,2,74.35,148.7
207939,P0035,1,50.74,50.74
207939,P0029,2,58.35,116.7
207939,P0014,1,72.5,72.5
207940,P0011,2,78.61,157.22
207940,P0023,2,73.4,146.8
207941,P0021,2,27.98,55.96
207941,P0021,1,30.52,30.52
207942,P0005,2,44.19,88.38
207942,P0021,2,30.16,60.32
207942,P0038,1,57.45,57.45
207943,P0022,1,63.86,63.86
207943,P0012,1,40.19,40.19
207944,P0029,2,49.64,99.28
207944,P0039,2,74.42,148.84
207945,P0037,2,31.18,62.36
207945,P0032,2,56.1,112.2
207946,P0025,2,38.69,77.38
207946,P0025,2,38.36,76.72
207947,P0024,2,46.1,92.2
207948,P0004,2,23.13,46.26
207948,P0011,2,72.56,145.12
207949,P0007,1,22.95,22.95
207949,P0037,2,29.96,59.92
207950,P0017,1,9.83,9.83
207950,P0009,1,66.25,66.25
207950,P0035,1,57.92,57.92
207951,P0024,2,45.28,90.56
207951,P0018,2,43.8,87.6
207951,P0015,1,52.42,52.42
207952,P0021,2,28.92,57.84
207952,P0001,2,32.85,65.7
207953,P0010,2,71.95,143.9
207954,P0030,1,70.64,70.64
207954,P0012,1,40.16,40.16
207954,P0013,2,55.79,111.58
207955,P0009,2,55.65,111.3
207955,P0011,1,82.07,82.07
207956,P0009,1,60.66,60.66
207957,P0019,2,54.0,108.0
207957,P0018,2,50.78,101.56
207957,P0019,2,48.96,97.92
207958,P0039,1,70.98,70.98
207958,P0027,2,30.39,60.78
207959,P0004,2,22.81,45.62
207959,P0039,1,80.04,80.04
207959,P0018,2,49.74,99.48
207960,P0006,2,49.55,99.1
207961,P0003,1,47.62,47.62
207961,P0013,1,55.98,55.98
207961,P0038,1,49.73,49.73
207962,P0036,1,25.57,25.57
207963,P0011,2,82.91,165.82
207963,P0010,2,61.03,122.06
207964,P0006,1,46.41,46.41
207964,P0026,1,13.31,13.31
207964,P0037,2,29.88,59.76
207965,P0015,2,58.48,116.96
207965,P0033,1,16.28,16.28
207965,P0027,1,32.87,32.87
207966,P0029,2,51.14,102.28
207966,P0006,2,45.51,91.02
207967,P0023,1,74.04,74.04
207967,P0008,2,46.4,92.8
207968,P0023,2,65.46,130.92
207968,P0034,2,42.9,85.8
207969,P0018,2,45.96,91.92
207969,P0040,2,76.0,152.0
207970,P0037,1,29.1,29.1
207970,P0033,1,18.04,18.04
207971,P0027,1,30.64,30.64
207971,P0025,2,33.49,66.98
207971,P0016,1,9.29,9.29
207972,P0023,2,75.01,150.02
207972,P0017,1,9.82,9.82
207973,P0012,1,42.56,42.56
207973,P0035,1,48.72,48.72
207973,P0003,2,52.77,105.54
207974,P0010,1,64.9,64.9
207974,P0037,2,30.1,60.2
207975,P0026,2,13.21,26.42
207976,P0003,1,54.58,54.58
207976,P0002,1,46.24,46.24
207977,P0030,1,73.26,73.26
207978,P0012,1,41.81,41.81
207979,P0009,1,61.4,61.4
207980,P0037,1,32.25,32.25
207981,P0026,1,11.99,11.99
207981,P0017,2,10.59,21.18
207982,P0015,2,60.69,121.38
207982,P0027,2,31.77,63.54
207982,P0008,1,46.58,46.58
207983,P0011,1,78.34,78.34
207983,P0007,2,25.44,50.88
207984,P0021,2,30.93,61.86
207984,P0010,1,70.06,70.06
207985,P0005,2,43.35,86.7
207985,P0033,1,17.29,17.29
207985,P0005,1,43.29,43.29
207986,P0029,2,57.95,115.9
207986,P0014,1,66.58,66.58
207986,P0006,1,47.32,47.32
207987,P0011,2,68.64,137.28
207988,P0023,2,75.02,150.04
207989,P0025,2,39.14,78.28
207990,P0040,1,71.96,71.96
207990,P0028,2,20.29,40.58
207991,P0027,1,29.34,29.34
207991,P0008,2,54.95,109.9
207991,P0017,2,9.07,18.14
207992,P0033,2,16.45,32.9
207993,P0006,2,45.3,90.6
207993,P0040,2,66.71,133.42
207993,P0037,1,31.37,31.37
207994,P0032,2,62.62,125.24
207995,P0020,1,46.73,46.73
207996,P0021,1,27.33,27.33
207996,P0020,1,52.87,52.87
207997,P0028,2,18.82,37.64
207997,P0008,1,47.58,47.58
207997,P0003,1,46.14,46.14
207998,P0015,1,51.96,51.96
207999,P0022,2,63.81,127.62
207999,P0002,2,41.36,82.72
208000,P0025,1,35.11,35.11
208000,P0016,2,9.98,19.96
208001,P0037,1,29.42,29.42
208002,P0020,2,46.98,93.96
208003,P0014,2,68.35,136.7
208003,P0036,2,26.64,53.28
208004,P0039,2,68.93,137.86
208004,P0034,2,38.27,76.54
208004,P0016,1,9.09,9.09
208005,P0037,1,32.28,32.28
208006,P0010,1,65.45,65.45
208006,P0004,1,24.91,24.91
208007,P0024,1,51.7,51.7
208007,P0021,2,28.78,57.56
208007,P0033,2,17.71,35.42
208008,P0004,1,25.74,25.74
208008,P0006,1,47.25,47.25
208008,P0003,1,55.38,55.38
208009,P0028,2,18.75,37.5
208009,P0022,2,66.15,132.3
208009,P0020,1,48.71,48.71
208010,P0038,1,51.36,51.36
208010,P0016,2,9.87,19.74
208010,P0029,1,54.88,54.88
208011,P0038,1,56.55,56.55
208012,P0034,1,39.27,39.27
208013,P0012,1,43.09,43.09
208013,P0039,1,70.86,70.86
208013,P0013,2,47.95,95.9
208014,P0031,2,22.22,44.44
208014,P0026,1,11.83,11.83
208015,P0040,1,73.18,73.18
208016,P0005,1,43.46,43.46
208017,P0031,2,23.28,46.56
208017,P0034,1,41.13,41.13
208018,P0009,2,63.51,127.02
208018,P0017,1,10.16,10.16
208018,P0018,2,48.08,96.16
208019,P0027,1,34.86,34.86
208020,P0009,2,56.63,113.26
208021,P0008,2,55.16,110.32
208021,P0032,2,63.89,127.78
208022,P0030,2,78.84,157.68
208022,P0022,2,61.45,122.9
208022,P0028,1,17.68,17.68
208023,P0036,2,24.27,48.54
208024,P0035,1,55.44,55.44
208025,P0029,1,56.04,56.04
208025,P0010,1,58.61,58.61
208025,P0032,1,61.48,61.48
208026,P0001,2,31.79,63.58
208027,P0005,2,47.09,94.18
208027,P0001,1,33.23,33.23
208028,P0003,1,45.33,45.33
208028,P0001,2,31.51,63.02
208029,P0007,1,23.85,23.85
208029,P0024,1,51.53,51.53
208030,P0027,1,31.24,31.24
208031,P0030,1,79.17,79.17
208031,P0026,1,13.14,13.14
208031,P0032,1,58.16,58.16
208032,P0013,1,48.65,48.65
208033,P0008,1,46.36,46.36
208033,P0037,2,32.07,64.14
208033,P0002,1,45.93,45.93
208034,P0023,2,74.26,148.52
208035,P0011,1,73.54,73.54
208035,P0013,1,54.79,54.79
208035,P0028,1,20.73,20.73
208036,P0006,2,45.01,90.02
208037,P0031,1,21.88,21.88
208037,P0031,2,21.95,43.9
208037,P0022,1,57.94,57.94
208038,P0018,2,47.46,94.92
208039,P0033,2,17.4,34.8
208039,P0019,2,51.13,102.26
208040,P0033,1,17.79,17.79
208040,P0002,2,44.76,89.52
208040,P0038,2,49.97,99.94
208041,P0007,1,24.56,24.56
208041,P0035,1,48.49,48.49
208041,P0020,2,47.79,95.58
208042,P0007,1,23.33,23.33
208042,P0010,1,60.31,60.31
208043,P0021,2,26.22,52.44
208044,P0003,1,48.32,48.32
208045,P0007,2,24.52,49.04
208045,P0031,2,24.16,48.32
208046,P0019,1,48.25,48.25
208047,P0011,1,79.79,79.79
208047,P0005,2,43.22,86.44
208047,P0011,1,68.69,68.69
208048,P0001,1,30.76,30.76
208048,P0021,2,29.81,59.62
208049,P0016,2,10.33,20.66
208050,P0020,1,48.52,48.52
208051,P0012,2,42.84,85.68
208052,P0007,2,26.3,52.6
208052,P0038,1,50.16,50.16
208052,P0020,1,51.63,51.63
208053,P0005,2,47.82,95.64
208053,P0024,1,47.45,47.45
208053,P0030,2,77.16,154.32
208054,P0005,2,48.86,97.72
208055,P0002,2,45.79,91.58
208056,P0008,2,51.04,102.08
208056,P0007,1,26.37,26.37
208057,P0025,2,36.35,72.7
208057,P0029,1,56.69,56.69
208057,P0037,1,31.74,31.74
208058,P0015,1,54.3,54.3
208058,P0019,1,53.47,53.47
208058,P0022,2,62.4,124.8
208059,P0027,1,29.89,29.89
208060,P0016,1,10.75,10.75
208060,P0033,1,18.82,18.82
208060,P0011,2,71.02,142.04
208061,P0031,1,24.95,24.95
208061,P0031,2,22.59,45.18
208061,P0018,2,48.21,96.42
208062,P0017,1,9.91,9.91
208063,P0009,1,63.29,63.29
208063,P0030,2,78.92,157.84
208063,P0011,1,69.42,69.42
208064,P0010,1,70.74,70.74
208064,P0029,1,52.25,52.25
208064,P0037,2,29.65,59.3
208065,P0008,2,45.68,91.36
208065,P0004,1,26.94,26.94
208065,P0014,2,77.15,154.3
208066,P0024,1,46.03,46.03
208066,P0040,2,75.34,150.68
208066,P0029,1,52.03,52.03
208067,P0030,2,66.15,132.3
208068,P0003,1,52.12,52.12
208068,P0008,2,47.21,94.42
208069,P0035,1,52.53,52.53
208069,P0029,2,54.66,109.32
208069,P0035,2,50.24,100.48
208070,P0013,2,51.67,103.34
208070,P0002,2,45.68,91.36
208070,P0010,2,62.52,125.04
208071,P0007,2,22.77,45.54
208072,P0014,2,66.54,133.08
208073,P0007,2,25.3,50.6
208073,P0015,2,59.56,119.12
208074,P0017,1,9.87,9.87
208074,P0034,2,39.1,78.2
208075,P0013,2,49.77,99.54
208076,P0015,1,58.83,58.83
208077,P0007,2,22.04,44.08
208077,P0037,1,29.46,29.46
208078,P0023,2,77.47,154.94
208078,P0040,1,66.83,66.83
208079,P0014,1,74.52,74.52
208080,P0031,1,23.51,23.51
208080,P0033,2,17.46,34.92
208081,P0039,2,76.48,152.96
208082,P0006,1,43.31,43.31
208083,P0006,2,49.26,98.52
208083,P0017,1,10.27,10.27
208084,P0040,1,73.13,73.13
208084,P0002,1,41.71,41.71
208084,P0010,2,60.82,121.64
208085,P0007,2,24.42,48.84
208085,P0029,1,50.09,50.09
208085,P0020,2,53.54,107.08
208086,P0027,1,28.59,28.59
208086,P0035,2,50.86,101.72
208086,P0010,1,67.95,67.95
208087,P0023,2,74.13,148.26
208088,P0027,1,28.76,28.76
208088,P0021,1,27.31,27.31
208089,P0031,2,22.08,44.16
208089,P0023,2,75.2,150.4
208089,P0023,1,76.61,76.61
208090,P0026,2,13.18,26.36
208090,P0012,1,44.5,44.5
208091,P0012,2,48.31,96.62
208091,P0038,1,51.4,51.4
208092,P0026,2,11.67,23.34
208092,P0008,2,55.14,110.28
208093,P0002,1,42.92,42.92
208093,P0035,2,49.14,98.28
208094,P0032,2,56.03,112.06
208095,P0019,1,50.67,50.67
208095,P0024,2,51.24,102.48
208096,P0026,2,12.99,25.98
208096,P0026,2,13.21,26.42
208097,P0009,2,63.4,126.8
208097,P0033,1,19.0,19.0
208097,P0036,2,26.78,53.56
208098,P0010,2,61.05,122.1
208098,P0037,1,32.2,32.2
208098,P0024,2,47.23,94.46
208099,P0040,1,69.01,69.01
208100,P0004,1,25.46,25.46
208101,P0017,1,9.52,9.52
208101,P0011,1,74.78,74.78
208101,P0031,2,23.3,46.6
208102,P0019,2,49.14,98.28
208102,P0009,1,63.04,63.04
208103,P0011,2,67.69,135.38
208103,P0005,1,45.15,45.15
208104,P0028,2,19.71,39.42
208104,P0023,1,77.62,77.62
208105,P0019,1,55.13,55.13
208105,P0039,2,70.98,141.96
208105,P0008,2,47.2,94.4
208106,P0040,2,75.02,150.04
208107,P0033,2,19.14,38.28
208108,P0029,2,47.38,94.76
208108,P0001,2,30.75,61.5
208108,P0020,2,51.05,102.1
208109,P0008,1,47.36,47.36
208109,P0029,1,47.99,47.99
208109,P0017,1,9.96,9.96
208110,P0006,1,46.87,46.87
208111,P0020,2,48.14,96.28
208111,P0001,2,34.55,69.1
208111,P0001,1,30.77,30.77
208112,P0017,2,8.75,17.5
208112,P0001,1,34.49,34.49
208112,P0021,1,30.64,30.64
208113,P0036,2,26.29,52.58
208114,P0007,1,23.79,23.79
208114,P0013,2,56.6,113.2
208115,P0009,2,56.96,113.92
208116,P0015,1,54.43,54.43
208116,P0011,1,76.25,76.25
208117,P0036,2,25.36,50.72
208117,P0010,1,65.82,65.82
208118,P0021,2,31.5,63.0
208118,P0021,1,29.58,29.58
208118,P0028,1,19.52,19.52
208119,P0009,2,65.14,130.28
208120,P0001,1,34.39,34.39
208120,P0017,1,9.14,9.14
208120,P0008,1,49.63,49.63
208121,P0032,1,54.52,54.52
208121,P0031,1,25.07,25.07
208122,P0002,2,40.43,80.86
208122,P0005,1,47.3,47.3
208122,P0021,1,26.1,26.1
208123,P0040,2,72.94,145.88
208123,P0030,2,65.28,130.56
208123,P0017,1,9.53,9.53
208124,P0006,1,43.22,43.22
208124,P0011,2,80.35,160.7
208125,P0017,1,10.35,10.35
208125,P0034,2,40.43,80.86
208126,P0030,1,77.94,77.94
208127,P0012,2,47.73,95.46
208127,P0004,2,23.29,46.58
208127,P0010,2,69.21,138.42
208128,P0039,1,67.73,67.73
208128,P0010,2,66.49,132.98
208128,P0027,1,31.11,31.11
208129,P0005,1,40.26,40.26
208129,P0031,1,21.64,21.64
208129,P0016,2,9.36,18.72
208130,P0022,1,59.85,59.85
208130,P0032,2,55.51,111.02
208131,P0033,2,15.93,31.86
208131,P0037,1,31.5,31.5
208132,P0015,1,54.38,54.38
208132,P0019,1,50.85,50.85
208132,P0007,1,24.9,24.9
208133,P0033,1,17.6,17.6
208133,P0038,2,50.42,100.84
208134,P0034,1,40.36,40.36
208134,P0013,1,55.98,55.98
208135,P0037,1,29.49,29.49
208135,P0017,2,9.91,19.82
208136,P0016,2,10.31,20.62
208136,P0028,1,19.8,19.8
208137,P0020,2,51.83,103.66
208137,P0009,2,58.24,116.48
208138,P0035,2,54.01,108.02
208138,P0037,2,28.82,57.64
208138,P0034,1,45.4,45.4
208139,P0031,1,24.92,24.92
208139,P0006,1,45.57,45.57
208139,P0008,2,45.18,90.36
208140,P0011,1,80.57,80.57
208140,P0033,2,17.62,35.24
208141,P0033,2,18.14,36.28
208142,P0039,2,72.84,145.68
208143,P0013,2,49.91,99.82
208144,P0039,1,74.69,74.69
208144,P0025,2,34.2,68.4
208144,P0021,2,28.68,57.36
208145,P0013,1,48.38,48.38
208146,P0002,2,42.86,85.72
208147,P0029,1,57.6,57.6
208148,P0005,1,47.89,47.89
208148,P0026,2,13.37,26.74
208148,P0031,2,25.2,50.4
208149,P0003,1,49.77,49.77
208150,P0018,2,43.76,87.52
208151,P0033,1,16.53,16.53
208152,P0020,1,46.83,46.83
208152,P0029,2,58.01,116.02
208152,P0022,1,64.06,64.06
208153,P0029,1,47.36,47.36
208153,P0020,2,50.19,100.38
208154,P0002,1,41.65,41.65
208154,P0038,1,58.55,58.55
208154,P0036,1,27.57,27.57
208155,P0004,1,23.73,23.73
208155,P0024,2,46.74,93.48
208155,P0038,2,55.38,110.76
208156,P0029,1,53.63,53.63
208156,P0019,1,56.63,56.63
208156,P0019,2,55.94,111.88
208157,P0002,1,46.95,46.95
208157,P0003,2,54.34,108.68
208157,P0032,1,62.35,62.35
208158,P0039,1,79.77,79.77
208158,P0037,1,31.42,31.42
208158,P0031,1,23.54,23.54
208159,P0018,2,45.05,90.1
208159,P0033,2,16.09,32.18
208160,P0015,1,55.09,55.09
208160,P0020,2,47.47,94.94
208160,P0025,1,34.4,34.4
208161,P0034,1,45.99,45.99
208161,P0034,2,42.07,84.14
208161,P0035,2,50.24,100.48
208162,P0038,1,48.45,48.45
208162,P0036,2,25.62,51.24
208162,P0001,2,32.45,64.9
208163,P0031,1,25.03,25.03
208163,P0016,1,8.83,8.83
208163,P0031,2,26.09,52.18
208164,P0011,2,70.58,141.16
208165,P0022,2,58.21,116.42
208166,P0029,2,51.61,103.22
208166,P0006,2,47.72,95.44
208167,P0010,1,59.16,59.16
208167,P0018,2,46.84,93.68
208167,P0009,1,55.67,55.67
208168,P0032,2,59.1,118.2
208169,P0035,2,53.22,106.44
208170,P0034,1,43.1,43.1
208170,P0019,1,55.08,55.08
208170,P0022,1,64.17,64.17
208171,P0004,2,25.27,50.54
208171,P0026,1,13.07,13.07
208172,P0009,2,56.47,112.94
208173,P0003,2,46.16,92.32
208173,P0014,1,80.79,80.79
208174,P0030,2,73.36,146.72
208174,P0016,2,9.56,19.12
208174,P0014,1,77.92,77.92
208175,P0007,2,26.63,53.26
208176,P0015,2,59.28,118.56
208176,P0029,2,48.49,96.98
208177,P0009,1,57.57,57.57
208177,P0013,2,57.9,115.8
208177,P0030,1,72.85,72.85
208178,P0005,1,42.38,42.38
208179,P0008,1,47.06,47.06
208179,P0014,2,79.16,158.32
208179,P0012,2,45.75,91.5
208180,P0014,1,69.87,69.87
208180,P0035,2,57.36,114.72
208180,P0005,1,43.02,43.02
208181,P0015,2,55.6,111.2
208181,P0006,1,41.14,41.14
208181,P0007,1,25.41,25.41
208182,P0020,2,44.26,88.52
208183,P0024,1,44.31,44.31
208184,P0022,2,56.72,113.44
208185,P0025,1,38.02,38.02
208185,P0027,1,31.65,31.65
208186,P0039,2,79.27,158.54
208186,P0012,1,41.81,41.81
208186,P0039,1,70.73,70.73
208187,P0021,1,29.16,29.16
208187,P0037,2,33.38,66.76
208187,P0018,1,41.91,41.91
208188,P0010,1,66.67,66.67
208188,P0028,2,19.55,39.1
208188,P0027,1,34.49,34.49
208189,P0017,1,9.41,9.41
208189,P0024,1,48.99,48.99
208189,P0034,2,44.07,88.14
208190,P0034,1,39.96,39.96
208191,P0027,2,31.0,62.0
208191,P0034,1,39.81,39.81
208192,P0024,2,47.66,95.32
208192,P0036,2,27.04,54.08
208192,P0014,1,72.36,72.36
208193,P0013,1,56.25,56.25
208194,P0026,2,13.4,26.8
208195,P0024,1,45.74,45.74
208195,P0028,2,19.95,39.9
208195,P0016,1,9.24,9.24
208196,P0020,2,46.92,93.84
208196,P0023,1,69.11,69.11
208196,P0010,2,70.11,140.22
208197,P0026,1,11.46,11.46
208197,P0034,1,43.37,43.37
208197,P0027,1,32.72,32.72
208198,P0040,2,70.26,140.52
208198,P0020,1,49.88,49.88
208198,P0030,1,71.04,71.04
208199,P0006,2,40.9,81.8
208200,P0035,1,54.7,54.7
208201,P0008,2,51.51,103.02
208201,P0015,2,55.47,110.94
208202,P0004,2,22.86,45.72
208203,P0034,2,39.87,79.74
208203,P0017,1,10.3,10.3
208203,P0020,2,44.9,89.8
208204,P0039,1,74.19,74.19
208204,P0014,1,74.41,74.41
208204,P0040,2,73.16,146.32
208205,P0017,1,8.98,8.98
208205,P0021,1,29.13,29.13
208205,P0004,2,23.02,46.04
208206,P0009,2,64.45,128.9
208206,P0007,1,26.58,26.58
208206,P0001,2,30.47,60.94
208207,P0024,1,42.7,42.7
208207,P0034,2,40.82,81.64
208207,P0015,2,58.64,117.28
208208,P0031,2,24.78,49.56
208209,P0025,2,38.79,77.58
208209,P0024,2,47.49,94.98
208209,P0016,2,9.49,18.98
208210,P0028,2,20.51,41.02
208211,P0028,2,18.56,37.12
208212,P0020,2,44.21,88.42
208212,P0012,1,47.77,47.77
208212,P0024,2,46.75,93.5
208213,P0003,2,53.04,106.08
208214,P0006,2,47.2,94.4
208214,P0040,1,73.0,73.0
208215,P0005,2,42.32,84.64
208215,P0023,1,76.22,76.22
208215,P0002,2,44.93,89.86
208216,P0003,2,52.03,104.06
208216,P0032,2,52.78,105.56
208216,P0036,1,26.25,26.25
208217,P0032,1,62.13,62.13
208217,P0023,1,79.12,79.12
208218,P0031,2,26.29,52.58
208219,P0013,1,57.38,57.38
208219,P0030,1,68.32,68.32
208220,P0027,2,34.88,69.76
208221,P0006,1,44.85,44.85
208222,P0007,1,22.06,22.06
208222,P0023,1,75.94,75.94
208223,P0022,1,62.35,62.35
208224,P0002,1,43.55,43.55
208225,P0023,1,67.04,67.04
208226,P0004,1,25.19,25.19
208226,P0014,1,73.03,73.03
208226,P0018,1,43.31,43.31
208227,P0018,1,42.36,42.36
208228,P0030,2,68.18,136.36
208228,P0025,2,37.34,74.68
208229,P0024,1,48.74,48.74
208229,P0023,1,75.09,75.09
208230,P0020,2,51.3,102.6
208230,P0016,1,10.5,10.5
208230,P0029,2,56.46,112.92
208231,P0031,2,21.89,43.78
208232,P0006,1,46.77,46.77
208232,P0020,2,51.51,103.02
208232,P0037,1,32.3,32.3
208233,P0039,1,76.24,76.24
208233,P0035,1,50.82,50.82
208234,P0021,1,30.31,30.31
208234,P0003,2,54.86,109.72
208235,P0023,2,71.3,142.6
208235,P0028,1,18.15,18.15
208235,P0026,1,12.25,12.25
208236,P0010,2,59.68,119.36
208237,P0020,2,53.19,106.38
208238,P0019,2,46.75,93.5
208239,P0007,2,23.82,47.64
208240,P0028,1,20.91,20.91
208240,P0011,1,70.85,70.85
208240,P0013,2,56.72,113.44
208241,P0012,1,43.81,43.81
208241,P0004,1,22.83,22.83
208242,P0015,2,53.56,107.12
208242,P0021,2,30.29,60.58
208242,P0005,1,44.85,44.85
208243,P0036,2,24.37,48.74
208244,P0028,1,19.2,19.2
208244,P0001,2,32.09,64.18
208244,P0014,2,68.7,137.4
208245,P0013,2,53.92,107.84
208246,P0039,2,69.5,139.0
208246,P0030,1,69.22,69.22
208246,P0036,2,24.09,48.18
208247,P0023,2,69.07,138.14
208247,P0014,2,79.44,158.88
208247,P0002,1,43.09,43.09
208248,P0015,2,61.28,122.56
208248,P0029,1,50.89,50.89
208248,P0037,2,27.91,55.82
208249,P0036,2,25.68,51.36
208249,P0008,2,48.47,96.94
208250,P0010,2,64.05,128.1
208250,P0010,1,59.19,59.19
208250,P0009,1,67.01,67.01
208251,P0012,2,39.59,79.18
208251,P0038,1,49.03,49.03
208251,P0014,2,77.24,154.48
208252,P0014,2,69.85,139.7
208252,P0031,1,21.63,21.63
208253,P0004,1,26.48,26.48
208253,P0026,1,11.46,11.46
208253,P0027,2,29.34,58.68
208254,P0004,2,25.21,50.42
208255,P0001,2,31.96,63.92
208255,P0030,1,65.85,65.85
208255,P0039,2,67.09,134.18
208256,P0014,1,71.6,71.6
208256,P0035,1,52.35,52.35
208257,P0040,1,73.75,73.75
208257,P0005,1,47.31,47.31
208258,P0014,2,70.36,140.72
208259,P0040,1,73.27,73.27
208260,P0005,1,48.61,48.61
208260,P0036,1,26.18,26.18
208260,P0013,2,53.07,106.14
208261,P0037,1,27.75,27.75
208261,P0040,2,67.73,135.46
208262,P0031,2,25.75,51.5
208262,P0037,2,32.83,65.66
208262,P0039,2,66.74,133.48
208263,P0007,1,23.22,23.22
208263,P0018,2,50.56,101.12
208264,P0005,1,47.8,47.8
208264,P0040,2,79.27,158.54
208264,P0034,2,43.59,87.18
208265,P0005,1,41.47,41.47
208266,P0028,1,18.68,18.68
208266,P0028,2,20.6,41.2
208266,P0009,2,65.85,131.7
208267,P0018,1,46.52,46.52
208268,P0007,1,24.78,24.78
208268,P0027,1,34.12,34.12
208269,P0023,1,70.78,70.78
208269,P0027,2,30.83,61.66
208269,P0003,1,54.63,54.63
208270,P0010,2,68.12,136.24
208271,P0038,1,53.08,53.08
208271,P0014,2,78.89,157.78
208272,P0005,2,43.18,86.36
208272,P0004,2,26.4,52.8
208273,P0037,2,30.85,61.7
208273,P0015,2,56.38,112.76
208274,P0030,2,64.93,129.86
208275,P0022,2,57.64,115.28
208275,P0014,2,77.45,154.9
208275,P0032,1,57.37,57.37
208276,P0038,1,54.16,54.16
208276,P0001,2,33.04,66.08
208276,P0039,1,78.7,78.7
208277,P0016,1,8.94,8.94
208277,P0013,1,49.06,49.06
208278,P0014,2,74.59,149.18
208279,P0032,2,53.0,106.0
208279,P0005,2,44.75,89.5
208280,P0008,2,50.28,100.56
208280,P0004,2,23.78,47.56
208281,P0025,2,34.83,69.66
208281,P0003,1,55.51,55.51
208281,P0007,2,24.7,49.4
208282,P0004,2,22.75,45.5
208282,P0027,1,28.65,28.65
208283,P0023,2,70.21,140.42
208283,P0033,1,16.53,16.53
208284,P0030,1,67.38,67.38
208285,P0039,1,65.23,65.23
208285,P0038,2,54.33,108.66
208285,P0027,1,30.94,30.94
208286,P0019,1,51.91,51.91
208286,P0025,1,34.01,34.01
208286,P0019,2,47.78,95.56
208287,P0018,2,44.11,88.22
208287,P0024,1,44.68,44.68
208288,P0031,1,24.1,24.1
208289,P0031,2,22.07,44.14
208289,P0040,2,68.39,136.78
208289,P0024,1,43.62,43.62
208290,P0022,2,58.19,116.38
208291,P0031,1,25.91,25.91
208291,P0006,2,46.87,93.74
208291,P0012,1,40.1,40.1
208292,P0006,2,43.7,87.4
208293,P0007,2,23.45,46.9
208294,P0027,2,31.07,62.14
208294,P0017,1,10.09,10.09
208294,P0007,2,24.29,48.58
208295,P0032,1,55.95,55.95
208296,P0024,2,44.15,88.3
208296,P0035,1,48.92,48.92
208296,P0039,1,75.78,75.78
208297,P0009,2,55.21,110.42
208297,P0024,1,46.27,46.27
208297,P0016,2,9.79,19.58
208298,P0004,2,25.13,50.26
208298,P0024,1,48.0,48.0
208299,P0021,1,26.28,26.28
208299,P0030,2,74.47,148.94
208300,P0026,1,11.93,11.93
208300,P0001,1,30.65,30.65
208300,P0040,2,71.78,143.56
208301,P0018,2,43.48,86.96
208301,P0009,1,60.93,60.93
208301,P0030,2,64.95,129.9
208302,P0005,1,41.14,41.14
208303,P0003,1,49.77,49.77
208304,P0016,2,10.02,20.04
208304,P0030,2,68.62,137.24
208304,P0021,1,31.39,31.39
208305,P0014,1,74.1,74.1
208306,P0013,2,49.74,99.48
208307,P0037,2,33.25,66.5
208307,P0033,1,16.01,16.01
208308,P0026,1,13.58,13.58
208309,P0038,1,53.85,53.85
208309,P0018,1,42.13,42.13
208309,P0007,2,25.78,51.56
208310,P0009,1,57.39,57.39
208310,P0029,2,58.06,116.12
208311,P0004,1,23.49,23.49
208312,P0022,1,56.48,56.48
208313,P0023,2,70.0,140.0
208314,P0027,2,30.77,61.54
208314,P0032,1,56.97,56.97
208315,P0022,2,57.33,114.66
208315,P0021,1,27.39,27.39
208316,P0028,1,21.21,21.21
208316,P0039,1,73.17,73.17
208316,P0025,2,36.36,72.72
208317,P0014,1,66.46,66.46
208317,P0016,1,9.55,9.55
208318,P0027,1,32.24,32.24
208318,P0030,1,70.79,70.79
208319,P0014,2,73.92,147.84
208319,P0013,2,57.64,115.28
208320,P0022,1,62.5,62.5
208320,P0017,2,9.1,18.2
208320,P0011,1,69.66,69.66
208321,P0031,1,23.55,23.55
208322,P0018,2,46.15,92.3
208322,P0021,2,26.36,52.72
208322,P0020,2,46.06,92.12
208323,P0006,2,45.95,91.9
208323,P0011,2,78.56,157.12
208324,P0031,2,22.54,45.08
208325,P0015,2,50.77,101.54
208326,P0010,1,60.32,60.32
208327,P0006,2,43.9,87.8
208327,P0014,2,71.41,142.82
208328,P0004,2,26.29,52.58
208329,P0037,1,33.58,33.58
208329,P0032,2,52.98,105.96
208330,P0009,2,56.34,112.68
208330,P0032,2,55.25,110.5
208331,P0025,1,33.48,33.48
208332,P0006,2,46.34,92.68
208332,P0035,2,55.48,110.96
208332,P0029,1,48.53,48.53
208333,P0020,2,47.98,95.96
208334,P0032,2,54.43,108.86
208335,P0010,2,61.79,123.58
208336,P0001,2,31.8,63.6
208337,P0012,2,43.1,86.2
208337,P0031,2,22.14,44.28
208337,P0024,1,45.13,45.13
208338,P0013,2,53.14,106.28
208338,P0027,1,32.04,32.04
208339,P0037,2,31.5,63.0
208339,P0019,2,52.68,105.36
208340,P0031,1,23.86,23.86
208341,P0010,1,70.91,70.91
208341,P0035,2,52.38,104.76
208341,P0016,1,8.9,8.9
208342,P0036,1,27.37,27.37
208342,P0002,1,38.27,38.27
208342,P0017,1,8.9,8.9
208343,P0040,2,67.93,135.86
208343,P0016,1,9.26,9.26
208343,P0004,1,26.58,26.58
208344,P0012,1,45.96,45.96
208344,P0030,2,73.02,146.04
208345,P0036,1,24.81,24.81
208345,P0034,2,38.36,76.72
208346,P0014,2,74.41,148.82
208346,P0031,2,22.64,45.28
208347,P0030,2,67.82,135.64
208347,P0032,1,60.17,60.17
208347,P0034,1,40.66,40.66
208348,P0005,1,43.92,43.92
208348,P0021,2,30.8,61.6
208349,P0028,1,20.6,20.6
208349,P0022,1,57.94,57.94
208349,P0032,2,63.57,127.14
208350,P0009,2,55.59,111.18
208350,P0032,2,62.61,125.22
208350,P0008,1,54.23,54.23
208351,P0039,2,74.97,149.94
208352,P0012,1,44.94,44.94
208353,P0003,2,54.05,108.1
208354,P0039,2,69.82,139.64
208355,P0031,2,23.47,46.94
208355,P0017,1,9.7,9.7
208355,P0018,2,45.38,90.76
208356,P0014,2,74.77,149.54
208357,P0014,1,71.79,71.79
208358,P0025,1,39.58,39.58
208358,P0008,2,45.74,91.48
208359,P0020,1,52.27,52.27
208360,P0028,2,18.94,37.88
208360,P0038,1,56.2,56.2
208361,P0022,1,56.77,56.77
208362,P0021,1,29.35,29.35
208362,P0023,1,67.0,67.0
208363,P0027,1,30.95,30.95
208363,P0015,1,52.61,52.61
208363,P0033,1,16.18,16.18
208364,P0006,2,44.15,88.3
208365,P0019,1,56.08,56.08
208365,P0016,1,10.34,10.34
208366,P0023,1,66.54,66.54
208367,P0003,1,47.66,47.66
208367,P0034,2,38.65,77.3
208368,P0032,2,64.05,128.1
208369,P0034,2,45.23,90.46
208369,P0013,1,58.28,58.28
208369,P0038,2,58.54,117.08
208370,P0006,1,47.7,47.7
208370,P0028,2,18.27,36.54
208370,P0018,2,51.03,102.06
208371,P0009,2,57.77,115.54
208372,P0032,2,63.79,127.58
208372,P0011,1,70.4,70.4
208372,P0003,1,46.65,46.65
208373,P0003,1,50.67,50.67
208374,P0014,2,76.35,152.7
208375,P0033,2,19.4,38.8
208375,P0031,2,23.55,47.1
208375,P0018,1,50.1,50.1
208376,P0024,1,48.59,48.59
208377,P0015,2,61.03,122.06
208377,P0014,1,67.38,67.38
208378,P0040,1,75.8,75.8
208379,P0012,1,43.25,43.25
208379,P0038,1,49.77,49.77
208379,P0029,2,57.01,114.02
208380,P0024,1,46.97,46.97
208380,P0024,2,46.08,92.16
208381,P0015,2,56.82,113.64
208381,P0033,1,18.37,18.37
208381,P0035,2,48.54,97.08
208382,P0027,2,31.67,63.34
208382,P0025,2,38.37,76.74
208383,P0025,1,40.44,40.44
208383,P0007,1,23.98,23.98
208384,P0029,2,56.34,112.68
208384,P0009,1,56.57,56.57
208385,P0024,2,42.38,84.76
208385,P0028,1,20.71,20.71
208385,P0011,1,77.01,77.01
208386,P0007,1,23.02,23.02
208386,P0032,2,55.12,110.24
208387,P0028,1,17.93,17.93
208387,P0022,1,65.16,65.16
208387,P0020,1,53.09,53.09
208388,P0021,1,27.02,27.02
208389,P0009,2,61.84,123.68
208389,P0020,1,49.77,49.77
208389,P0002,2,43.07,86.14
208390,P0021,2,31.21,62.42
208391,P0015,2,53.39,106.78
208391,P0032,2,55.55,111.1
208392,P0017,1,9.41,9.41
208392,P0038,2,54.0,108.0
208392,P0005,1,46.84,46.84
208393,P0018,1,44.56,44.56
208393,P0016,1,10.42,10.42
208394,P0020,1,45.88,45.88
208394,P0014,1,79.16,79.16
208395,P0001,2,30.94,61.88
208395,P0033,2,15.96,31.92
208395,P0032,1,59.94,59.94
208396,P0013,1,47.59,47.59
208397,P0038,2,53.93,107.86
208397,P0001,2,34.17,68.34
208397,P0031,1,25.65,25.65
208398,P0023,1,77.58,77.58
208399,P0002,1,39.2,39.2
208399,P0031,2,25.74,51.48
208399,P0015,1,54.68,54.68
208400,P0019,1,50.11,50.11
208400,P0039,1,68.56,68.56
208400,P0010,2,64.97,129.94
208401,P0028,2,20.24,40.48
208401,P0034,2,41.01,82.02
208401,P0009,2,67.19,134.38
208402,P0001,2,35.09,70.18
208403,P0013,1,51.73,51.73
208403,P0012,2,44.06,88.12
208403,P0030,1,67.93,67.93
208404,P0031,2,25.5,51.0
208405,P0011,2,78.42,156.84
208406,P0021,2,26.05,52.1
208406,P0024,2,51.07,102.14
208407,P0014,1,67.4,67.4
208408,P0021,2,29.34,58.68
208408,P0016,1,10.58,10.58
208409,P0020,1,47.26,47.26
208409,P0038,1,54.49,54.49
208409,P0026,1,13.76,13.76
208410,P0031,2,22.23,44.46
208410,P0002,2,45.36,90.72
208410,P0038,2,53.82,107.64
208411,P0007,2,24.81,49.62
208412,P0036,1,26.21,26.21
208412,P0009,1,67.03,67.03
208412,P0020,1,45.79,45.79
208413,P0035,2,49.93,99.86
208414,P0011,1,78.13,78.13
208414,P0023,2,69.13,138.26
208414,P0010,2,63.98,127.96
208415,P0006,1,44.15,44.15
208415,P0033,1,16.07,16.07
208415,P0026,2,12.79,25.58
208416,P0003,1,53.6,53.6
208417,P0013,1,50.77,50.77
208417,P0035,1,57.82,57.82
208418,P0027,2,30.46,60.92
208418,P0037,2,30.12,60.24
208418,P0035,1,51.34,51.34
208419,P0035,1,57.14,57.14
208420,P0039,2,79.3,158.6
208420,P0013,1,48.62,48.62
208420,P0002,2,44.6,89.2
208421,P0003,1,51.31,51.31
208421,P0033,2,16.07,32.14
208422,P0035,1,50.19,50.19
208423,P0035,1,50.34,50.34
208424,P0022,1,60.92,60.92
208425,P0005,2,48.18,96.36
208425,P0013,1,49.32,49.32
208426,P0001,1,31.77,31.77
208426,P0026,1,13.11,13.11
208426,P0013,2,48.32,96.64
208427,P0024,1,44.85,44.85
208428,P0001,2,34.35,68.7
208428,P0004,1,22.96,22.96
208429,P0040,1,70.05,70.05
208429,P0007,2,26.66,53.32
208429,P0027,2,32.57,65.14
208430,P0032,2,54.0,108.0
208430,P0037,2,28.64,57.28
208430,P0007,1,26.33,26.33
208431,P0006,2,43.41,86.82
208431,P0022,1,57.24,57.24
208432,P0019,1,50.36,50.36
208432,P0030,2,74.18,148.36
208432,P0002,1,46.97,46.97
208433,P0040,1,66.59,66.59
208433,P0034,1,44.26,44.26
208434,P0011,1,70.85,70.85
208434,P0029,1,50.64,50.64
208435,P0038,2,52.82,105.64
208435,P0003,2,54.45,108.9
208436,P0023,1,71.27,71.27
208437,P0004,2,23.87,47.74
208438,P0005,1,45.58,45.58
208438,P0003,2,51.75,103.5
208439,P0033,1,18.64,18.64
208440,P0004,1,27.28,27.28
208441,P0019,1,54.44,54.44
208441,P0033,1,18.25,18.25
208441,P0029,1,50.0,50.0
208442,P0036,2,27.14,54.28
208443,P0026,2,11.81,23.62
208443,P0023,1,72.57,72.57
208443,P0029,1,51.5,51.5
208444,P0025,1,33.43,33.43
208445,P0036,2,28.06,56.12
208445,P0034,2,40.63,81.26
208445,P0033,2,18.39,36.78
208446,P0024,1,51.82,51.82
208446,P0018,2,45.74,91.48
208446,P0003,1,48.2,48.2
208447,P0009,1,64.94,64.94
208447,P0030,2,74.9,149.8
208448,P0022,1,64.77,64.77
208449,P0006,1,47.52,47.52
208450,P0010,1,71.39,71.39
208450,P0028,2,20.98,41.96
208450,P0014,1,73.89,73.89
208451,P0031,1,25.18,25.18
208451,P0034,1,46.76,46.76
208452,P0029,1,54.27,54.27
208453,P0006,2,44.68,89.36
208454,P0017,2,9.1,18.2
208454,P0025,2,33.16,66.32
208454,P0006,1,45.34,45.34
208455,P0013,1,55.45,55.45
208455,P0027,1,33.16,33.16
208455,P0035,2,47.67,95.34
208456,P0002,1,47.1,47.1
208456,P0006,1,47.12,47.12
208456,P0007,1,23.3,23.3
208457,P0001,1,32.47,32.47
208457,P0010,1,69.71,69.71
208457,P0002,2,45.58,91.16
208458,P0034,1,46.49,46.49
208459,P0016,2,10.22,20.44
208460,P0026,2,12.34,24.68
208461,P0020,2,49.74,99.48
208462,P0017,1,9.87,9.87
208462,P0018,1,43.72,43.72
208462,P0028,2,19.38,38.76
208463,P0005,1,48.81,48.81
208464,P0021,2,29.85,59.7
208465,P0014,1,66.69,66.69
208465,P0015,2,57.35,114.7
208465,P0035,1,48.95,48.95
208466,P0019,2,49.4,98.8
208467,P0001,2,33.19,66.38
208467,P0002,2,44.38,88.76
208467,P0020,2,49.14,98.28
208468,P0002,1,45.77,45.77
208468,P0038,2,50.44,100.88
208469,P0030,1,79.86,79.86
208469,P0038,1,53.98,53.98
208470,P0038,2,49.73,99.46
208470,P0035,2,51.33,102.66
208470,P0010,1,64.21,64.21
208471,P0021,2,27.08,54.16
208471,P0012,2,44.74,89.48
208471,P0006,1,46.18,46.18
208472,P0014,2,67.08,134.16
208473,P0032,1,53.53,53.53
208473,P0018,1,43.05,43.05
208474,P0013,1,57.43,57.43
208475,P0003,2,49.66,99.32
208475,P0035,2,55.91,111.82
208476,P0006,2,41.69,83.38
208477,P0018,1,46.03,46.03
208477,P0016,1,9.02,9.02
208478,P0017,1,8.68,8.68
208478,P0028,1,21.35,21.35
208479,P0004,2,26.64,53.28
208480,P0020,1,45.54,45.54
208480,P0024,2,42.75,85.5
208480,P0005,1,42.77,42.77
208481,P0017,2,9.05,18.1
208482,P0037,1,29.65,29.65
208482,P0020,2,53.68,107.36
208482,P0038,2,58.73,117.46
208483,P0038,2,49.1,98.2
208483,P0023,1,75.07,75.07
208484,P0039,2,65.47,130.94
208484,P0026,1,12.15,12.15
208485,P0011,2,82.12,164.24
208486,P0027,1,33.33,33.33
208486,P0029,1,52.46,52.46
208486,P0022,2,56.92,113.84
208487,P0026,1,12.04,12.04
208487,P0034,2,41.04,82.08
208487,P0025,2,34.82,69.64
208488,P0031,2,25.61,51.22
208488,P0035,2,51.22,102.44
208489,P0026,2,13.13,26.26
208490,P0025,1,33.92,33.92
208491,P0018,1,47.36,47.36
208491,P0033,1,18.13,18.13
208492,P0005,1,40.28,40.28
208492,P0008,1,54.5,54.5
208492,P0036,2,23.9,47.8
208493,P0029,2,57.82,115.64
208494,P0025,2,39.76,79.52
208495,P0007,1,25.21,25.21
208495,P0008,1,46.79,46.79
208495,P0019,2,52.84,105.68
208496,P0030,2,69.61,139.22
208496,P0031,2,24.38,48.76
208497,P0011,1,75.54,75.54
208497,P0014,2,71.3,142.6
208498,P0035,1,53.28,53.28
208498,P0024,2,43.85,87.7
208499,P0016,2,9.04,18.08
208499,P0033,1,17.37,17.37
208500,P0028,2,17.84,35.68
208500,P0014,1,80.22,80.22
208500,P0008,2,52.71,105.42
208501,P0024,1,48.03,48.03
208501,P0019,2,56.52,113.04
208501,P0022,1,63.66,63.66
208502,P0027,2,30.67,61.34
208502,P0027,2,31.18,62.36
208502,P0020,2,52.13,104.26
208503,P0038,1,48.85,48.85
208503,P0038,2,56.41,112.82
208504,P0006,1,46.25,46.25
208504,P0027,1,30.59,30.59
208504,P0005,1,45.41,45.41
208505,P0032,1,52.65,52.65
208505,P0030,2,76.67,153.34
208505,P0007,1,22.25,22.25
208506,P0025,2,37.61,75.22
208507,P0033,2,16.34,32.68
208508,P0004,1,25.23,25.23
208509,P0002,1,39.77,39.77
208509,P0014,2,80.78,161.56
208509,P0017,2,9.7,19.4
208510,P0005,1,48.49,48.49
208510,P0013,2,57.89,115.78
208510,P0026,1,12.52,12.52
208511,P0018,2,49.9,99.8
208512,P0004,1,26.2,26.2
208512,P0023,2,67.03,134.06
208512,P0010,2,64.78,129.56
208513,P0005,1,48.14,48.14
208513,P0029,2,56.59,113.18
208513,P0003,1,52.24,52.24
208514,P0020,2,48.0,96.0
208514,P0035,1,52.32,52.32
208514,P0029,1,53.93,53.93
208515,P0014,1,74.4,74.4
208515,P0001,2,30.33,60.66
208516,P0005,2,44.47,88.94
208517,P0014,1,76.15,76.15
208518,P0007,2,26.0,52.0
208519,P0011,2,81.05,162.1
208519,P0030,2,65.26,130.52
208520,P0033,1,16.56,16.56
208520,P0038,1,56.58,56.58
208520,P0027,2,33.19,66.38
208521,P0028,2,18.22,36.44
208521,P0002,2,44.32,88.64
208521,P0014,1,70.94,70.94
208522,P0030,1,65.24,65.24
208522,P0009,2,66.48,132.96
208523,P0012,2,40.73,81.46
208523,P0011,1,82.35,82.35
208524,P0030,2,68.38,136.76
208525,P0011,2,81.37,162.74
208526,P0016,2,10.66,21.32
208527,P0002,2,44.45,88.9
208527,P0003,2,50.49,100.98
208528,P0022,2,66.65,133.3
208528,P0006,2,40.87,81.74
208529,P0019,1,52.23,52.23
208529,P0008,2,51.47,102.94
208530,P0022,2,56.44,112.88
208531,P0026,2,13.81,27.62
208531,P0015,1,53.85,53.85
208531,P0035,1,52.9,52.9
208532,P0029,1,50.66,50.66
208532,P0001,1,30.18,30.18
208533,P0025,2,40.31,80.62
208533,P0013,1,57.2,57.2
208534,P0010,1,60.01,60.01
208534,P0001,1,31.11,31.11
208534,P0030,1,68.29,68.29
208535,P0008,2,47.42,94.84
208536,P0035,2,49.52,99.04
208537,P0006,2,47.86,95.72
208538,P0002,1,42.12,42.12
208538,P0020,1,53.27,53.27
208539,P0029,1,55.58,55.58
208540,P0021,2,27.23,54.46
208540,P0004,1,22.69,22.69
208540,P0014,1,72.21,72.21
208541,P0003,2,48.52,97.04
208541,P0012,2,47.54,95.08
208541,P0009,1,56.23,56.23
208542,P0007,2,23.91,47.82
208543,P0031,1,25.12,25.12
208543,P0025,1,34.22,34.22
208543,P0002,2,44.67,89.34
208544,P0022,2,55.73,111.46
208544,P0034,1,43.56,43.56
208545,P0031,1,22.95,22.95
208546,P0033,2,16.28,32.56
208547,P0019,2,54.83,109.66
208547,P0029,1,48.83,48.83
208547,P0010,1,66.95,66.95
208548,P0021,1,27.84,27.84
208549,P0033,2,19.34,38.68
208550,P0005,1,45.26,45.26
208551,P0026,2,12.16,24.32
208552,P0028,2,19.75,39.5
208552,P0008,2,53.21,106.42
208552,P0014,1,66.36,66.36
208553,P0013,2,52.19,104.38
208554,P0007,2,24.88,49.76
208555,P0029,1,48.66,48.66
208555,P0040,1,74.23,74.23
208556,P0036,1,24.62,24.62
208557,P0030,2,75.42,150.84
208558,P0014,1,78.81,78.81
208558,P0031,1,24.85,24.85
208558,P0020,2,45.67,91.34
208559,P0035,2,53.26,106.52
208559,P0027,2,32.31,64.62
208560,P0010,1,68.83,68.83
208561,P0035,2,54.64,109.28
208561,P0025,2,36.74,73.48
208562,P0008,2,52.51,105.02
208563,P0004,2,23.01,46.02
208564,P0003,2,49.48,98.96
208564,P0040,1,72.53,72.53
208564,P0039,2,71.85,143.7
208565,P0032,2,61.56,123.12
208565,P0030,2,78.74,157.48
208565,P0012,1,41.98,41.98
208566,P0030,2,68.98,137.96
208567,P0039,2,71.75,143.5
208567,P0008,2,51.73,103.46
208568,P0010,1,62.37,62.37
208568,P0016,2,9.95,19.9
208569,P0004,2,27.82,55.64
208569,P0001,2,34.33,68.66
208569,P0023,1,66.24,66.24
208570,P0005,1,44.75,44.75
208570,P0008,2,53.07,106.14
208570,P0039,2,69.02,138.04
208571,P0006,2,42.93,85.86
208571,P0007,2,22.99,45.98
208572,P0013,2,52.19,104.38
208572,P0010,2,67.34,134.68
208572,P0027,2,33.37,66.74
208573,P0040,1,66.65,66.65
208573,P0008,1,51.43,51.43
208573,P0027,2,31.79,63.58
208574,P0039,2,73.48,146.96
208574,P0016,2,9.46,18.92
208575,P0010,2,71.38,142.76
208575,P0027,1,30.85,30.85
208576,P0005,1,48.7,48.7
208576,P0020,1,48.8,48.8
