order_id,order_date,customer_id,channel,device,country,subtotal,shipping,discount,order_total,payment_method
200000,2025-09-26,10555,Organic Search,Mobile,DE,188.86,0.0,0.0,188.86,Shop Pay
200001,2026-01-31,14041,Paid Search,Desktop,DE,104.97,0.0,0.0,104.97,Credit Card
200002,2025-08-30,13967,Direct,Desktop,AU,227.34,0.0,15.49,211.85,Apple Pay
200003,2026-02-01,1142,Direct,Desktop,DE,217.05,0.0,0.0,217.05,Apple Pay
200004,2025-12-17,2934,Direct,Desktop,AU,148.43,0.0,0.0,148.43,Credit Card
200005,2025-08-29,14053,Organic Search,Desktop,DE,65.21,0.0,2.5,62.72,Credit Card
200006,2025-09-08,15183,Paid Social,Desktop,DE,87.2,0.0,0.0,87.2,PayPal
200007,2025-08-27,10921,Direct,Mobile,US,165.2,0.0,0.0,165.2,Shop Pay
200008,2025-11-10,12637,Paid Social,Desktop,CA,225.12,0.0,0.0,225.12,Shop Pay
200009,2025-09-18,11281,Direct,Mobile,CA,204.98,0.0,0.0,204.98,Shop Pay
200010,2025-11-28,13629,Email,Mobile,DE,201.52,0.0,7.95,193.56,Credit Card
200011,2026-01-11,3150,Direct,Mobile,DE,272.27,0.0,0.0,272.27,Credit Card
200012,2025-12-20,1893,Paid Social,Desktop,US,57.5,0.0,0.0,57.5,Shop Pay
200013,2025-12-07,4002,Organic Search,Mobile,US,106.35,0.0,0.0,106.35,PayPal
200014,2025-08-28,14077,Email,Mobile,UK,83.51,0.0,0.0,83.51,PayPal
200015,2025-09-01,14397,Paid Search,Mobile,AU,184.32,0.0,11.46,172.85,Shop Pay
200016,2026-02-04,2830,Paid Search,Desktop,UK,229.18,0.0,0.0,229.18,Credit Card
200017,2026-01-31,17839,Paid Search,Desktop,CA,122.53,0.0,7.38,115.15,PayPal
200018,2025-09-17,4289,Direct,Desktop,US,53.43,7.72,0.0,61.15,PayPal
200019,2026-01-15,6063,Organic Search,Desktop,DE,360.93,0.0,28.08,332.85,PayPal
200020,2025-12-22,13140,Paid Social,Mobile,US,128.85,0.0,0.0,128.85,PayPal
200021,2025-08-24,16960,Paid Search,Mobile,CA,8.89,7.0,0.58,15.31,PayPal
200022,2025-10-17,51,Paid Social,Desktop,CA,219.3,0.0,0.0,219.3,Credit Card
200023,2025-10-03,3414,Paid Social,Desktop,UK,48.66,5.18,0.0,53.84,Credit Card
200024,2025-10-30,13666,Organic Search,Desktop,UK,83.95,0.0,9.96,73.99,Shop Pay
200025,2025-08-24,5373,Email,Desktop,AU,48.5,5.56,4.82,49.24,Credit Card
200026,2025-10-03,1282,Organic Search,Mobile,DE,166.73,0.0,0.0,166.73,PayPal
200027,2025-08-31,6678,Email,Mobile,UK,302.2,0.0,0.0,302.2,Apple Pay
200028,2025-10-01,4939,Paid Search,Desktop,AU,103.94,0.0,0.0,103.94,Shop Pay
200029,2025-11-13,8922,Email,Mobile,CA,118.34,0.0,13.49,104.85,Apple Pay
200030,2025-10-20,7018,Email,Desktop,DE,128.24,0.0,0.0,128.24,PayPal
200031,2025-08-29,4796,Email,Mobile,UK,123.42,0.0,0.0,123.42,Apple Pay
200032,2026-01-31,895,Paid Search,Desktop,DE,61.32,0.0,0.0,61.32,Credit Card
200033,2025-10-10,17744,Paid Search,Desktop,CA,18.93,7.84,0.0,26.77,Apple Pay
200034,2025-09-20,8902,Paid Search,Desktop,CA,137.63,0.0,10.48,127.15,Shop Pay
200035,2025-09-26,13016,Paid Search,Desktop,DE,118.32,0.0,0.0,118.32,Credit Card
200036,2025-11-05,8945,Direct,Desktop,UK,179.39,0.0,5.92,173.47,Apple Pay
200037,2026-01-20,7724,Email,Desktop,AU,145.06,0.0,0.0,145.06,Shop Pay
200038,2026-01-08,2052,Organic Search,Mobile,AU,160.97,0.0,10.32,150.65,Apple Pay
200039,2025-08-22,3033,Paid Social,Desktop,DE,9.32,5.82,0.64,14.5,PayPal
200040,2025-11-03,464,Paid Search,Mobile,UK,24.16,7.1,0.0,31.26,Apple Pay
200041,2025-09-04,440,Paid Social,Desktop,AU,422.47,0.0,0.0,422.47,PayPal
200042,2025-10-03,17026,Paid Search,Desktop,US,193.17,0.0,0.0,193.17,Credit Card
200043,2025-09-01,1539,Paid Social,Mobile,US,105.52,0.0,0.0,105.52,Apple Pay
200044,2025-10-19,12479,Email,Desktop,CA,64.95,0.0,4.39,60.57,PayPal
200045,2025-11-23,15275,Paid Social,Desktop,AU,61.34,0.0,0.0,61.34,Credit Card
200046,2025-10-09,10040,Organic Search,Desktop,DE,102.88,0.0,0.0,102.88,Shop Pay
200047,2026-01-18,13371,Paid Search,Desktop,US,268.91,0.0,21.22,247.69,Apple Pay
200048,2025-11-09,5922,Paid Social,Mobile,CA,37.03,0.0,0.0,37.03,PayPal
200049,2025-09-24,2468,Direct,Mobile,DE,229.6,0.0,9.56,220.05,Credit Card
200050,2026-01-19,16804,Paid Social,Desktop,CA,236.12,0.0,0.0,236.12,Apple Pay
200051,2025-12-02,4828,Organic Search,Mobile,CA,155.35,0.0,0.0,155.35,PayPal
200052,2025-08-27,17234,Organic Search,Desktop,US,82.82,0.0,0.0,82.82,Credit Card
200053,2025-12-08,15801,Direct,Mobile,DE,102.98,0.0,0.0,102.98,PayPal
200054,2026-02-09,10889,Paid Social,Desktop,US,131.72,0.0,10.68,121.04,Apple Pay
200055,2026-01-24,14572,Organic Search,Desktop,CA,240.91,0.0,0.0,240.91,Credit Card
200056,2025-11-13,9846,Paid Social,Desktop,AU,98.01,0.0,0.0,98.01,Credit Card
200057,2026-01-17,16764,Email,Mobile,DE,341.83,0.0,0.0,341.83,Apple Pay
200058,2025-12-04,14907,Paid Social,Mobile,DE,145.28,0.0,0.0,145.28,PayPal
200059,2025-10-04,11495,Email,Desktop,US,160.83,0.0,0.0,160.83,Shop Pay
200060,2026-01-06,9348,Paid Social,Mobile,DE,141.02,0.0,0.0,141.02,Apple Pay
200061,2025-08-22,17402,Email,Mobile,US,68.91,0.0,0.0,68.91,PayPal
200062,2025-08-17,12100,Organic Search,Desktop,AU,128.57,0.0,0.0,128.57,Shop Pay
200063,2025-08-29,8614,Organic Search,Desktop,DE,290.75,0.0,0.0,290.75,PayPal
200064,2025-12-23,320,Email,Mobile,AU,53.98,0.0,0.0,53.98,Apple Pay
200065,2025-09-06,7275,Email,Desktop,AU,18.12,6.58,0.0,24.7,Apple Pay
200066,2025-12-04,12217,Paid Search,Desktop,UK,149.56,0.0,5.5,144.06,Apple Pay
200067,2025-11-21,14439,Organic Search,Desktop,US,353.29,0.0,0.0,353.29,Apple Pay
200068,2025-11-05,2305,Direct,Desktop,DE,223.08,0.0,0.0,223.08,PayPal
200069,2025-09-09,15434,Email,Mobile,DE,83.58,0.0,0.0,83.58,Shop Pay
200070,2026-01-31,13134,Email,Mobile,US,204.6,0.0,19.26,185.35,PayPal
200071,2025-12-09,15842,Email,Desktop,AU,219.53,0.0,0.0,219.53,Shop Pay
200072,2025-12-29,1210,Paid Search,Mobile,AU,43.52,7.12,0.0,50.65,Apple Pay
200073,2025-08-19,2389,Direct,Desktop,CA,198.93,0.0,0.0,198.93,Credit Card
200074,2025-12-08,9184,Paid Search,Desktop,UK,30.19,5.87,1.75,34.31,Apple Pay
200075,2025-08-24,16777,Organic Search,Mobile,DE,28.92,6.14,0.0,35.05,Credit Card
200076,2025-09-03,2810,Organic Search,Mobile,UK,203.95,0.0,0.0,203.95,Shop Pay
200077,2025-09-11,9995,Paid Social,Mobile,US,162.8,0.0,0.0,162.8,Credit Card
200078,2026-02-10,8351,Paid Search,Desktop,US,87.52,0.0,8.54,78.98,Credit Card
200079,2025-08-21,4384,Paid Social,Desktop,DE,139.03,0.0,10.52,128.51,Shop Pay
200080,2025-11-28,16245,Email,Desktop,AU,169.99,0.0,6.17,163.83,Credit Card
200081,2025-10-20,17973,Direct,Mobile,AU,10.24,7.05,0.98,16.32,PayPal
200082,2025-10-17,1816,Organic Search,Desktop,AU,122.36,0.0,13.43,108.93,PayPal
200083,2025-12-28,10094,Direct,Desktop,AU,113.13,0.0,11.46,101.67,Apple Pay
200084,2025-10-26,7673,Paid Search,Mobile,US,154.42,0.0,10.77,143.66,Apple Pay
200085,2025-10-28,12676,Paid Search,Mobile,US,56.01,7.47,0.0,63.48,Apple Pay
200086,2025-11-10,1469,Direct,Desktop,DE,181.22,0.0,0.0,181.22,Shop Pay
200087,2025-11-11,9750,Paid Search,Desktop,UK,52.03,7.29,3.5,55.82,PayPal
200088,2025-09-08,1548,Paid Search,Mobile,UK,226.34,0.0,18.97,207.37,Shop Pay
200089,2026-02-05,8559,Paid Search,Mobile,US,203.36,0.0,0.0,203.36,PayPal
200090,2026-02-07,15664,Paid Search,Mobile,DE,186.76,0.0,0.0,186.76,Credit Card
200091,2025-10-12,434,Organic Search,Mobile,US,186.56,0.0,0.0,186.56,Credit Card
200092,2026-01-20,96,Paid Search,Desktop,CA,69.57,0.0,7.12,62.45,Credit Card
200093,2025-12-07,4654,Paid Search,Desktop,AU,40.7,0.0,0.0,40.7,Credit Card
200094,2025-10-14,7741,Paid Social,Mobile,AU,126.96,0.0,0.0,126.96,Credit Card
200095,2025-10-19,14272,Paid Social,Mobile,AU,47.81,5.42,2.48,50.75,Credit Card
200096,2025-11-08,16027,Organic Search,Mobile,AU,151.42,0.0,14.0,137.42,Apple Pay
200097,2025-11-26,14791,Email,Mobile,AU,91.11,0.0,10.83,80.28,PayPal
200098,2025-09-30,3231,Email,Mobile,AU,277.67,0.0,0.0,277.67,Apple Pay
200099,2025-12-10,9141,Paid Social,Mobile,UK,195.22,0.0,0.0,195.22,PayPal
200100,2026-01-08,16610,Organic Search,Desktop,US,220.46,0.0,0.0,220.46,Shop Pay
200101,2026-01-21,13287,Email,Desktop,CA,118.73,0.0,7.91,110.83,Shop Pay
200102,2025-09-06,3872,Direct,Desktop,UK,119.42,0.0,0.0,119.42,Credit Card
200103,2026-02-08,5517,Paid Social,Desktop,AU,264.53,0.0,0.0,264.53,PayPal
200104,2026-01-14,17471,Paid Social,Desktop,UK,152.49,0.0,0.0,152.49,PayPal
200105,2026-01-11,11105,Email,Desktop,US,208.55,0.0,16.77,191.78,PayPal
200106,2025-08-19,1489,Paid Search,Desktop,UK,203.42,0.0,10.68,192.74,Shop Pay
200107,2025-12-16,12785,Paid Search,Desktop,US,95.27,0.0,3.04,92.23,Apple Pay
200108,2026-01-31,2234,Email,Mobile,DE,172.8,0.0,15.79,157.01,Credit Card
200109,2025-08-21,6905,Paid Search,Mobile,CA,79.75,0.0,0.0,79.75,Shop Pay
200110,2025-09-23,9418,Direct,Mobile,DE,156.97,0.0,0.0,156.97,Credit Card
200111,2025-09-19,9401,Email,Mobile,DE,28.15,5.48,0.0,33.63,Credit Card
200112,2026-01-30,9361,Email,Mobile,US,61.89,0.0,0.0,61.89,Shop Pay
200113,2025-11-24,1560,Paid Social,Mobile,AU,144.9,0.0,0.0,144.9,PayPal
200114,2025-10-26,7048,Email,Desktop,CA,164.43,0.0,9.0,155.43,Shop Pay
200115,2025-11-21,8022,Organic Search,Mobile,US,65.84,0.0,5.69,60.14,Apple Pay
200116,2026-01-10,911,Organic Search,Mobile,UK,199.84,0.0,0.0,199.84,Shop Pay
200117,2025-10-16,3802,Email,Mobile,US,251.1,0.0,28.73,222.37,Apple Pay
200118,2025-09-05,4108,Paid Social,Mobile,CA,344.35,0.0,35.13,309.22,Shop Pay
200119,2025-10-20,16623,Email,Mobile,DE,113.44,0.0,0.0,113.44,PayPal
200120,2025-08-21,2227,Direct,Desktop,CA,48.62,6.04,0.0,54.66,PayPal
200121,2025-10-06,451,Direct,Desktop,UK,221.66,0.0,0.0,221.66,Apple Pay
200122,2025-11-25,8477,Direct,Desktop,AU,166.47,0.0,0.0,166.47,Apple Pay
200123,2025-12-11,7776,Paid Search,Desktop,DE,280.46,0.0,0.0,280.46,Apple Pay
200124,2026-01-08,4765,Paid Social,Desktop,US,329.92,0.0,0.0,329.92,Credit Card
200125,2025-09-13,12128,Email,Mobile,AU,20.48,7.18,0.0,27.66,Shop Pay
200126,2025-09-12,15706,Email,Mobile,AU,142.19,0.0,0.0,142.19,Apple Pay
200127,2025-11-15,13408,Organic Search,Desktop,DE,96.84,0.0,0.0,96.84,Shop Pay
200128,2025-09-06,1266,Email,Desktop,DE,21.47,7.28,0.0,28.75,PayPal
200129,2026-02-09,4657,Email,Mobile,US,137.56,0.0,0.0,137.56,Credit Card
200130,2025-11-26,1747,Organic Search,Desktop,AU,68.92,0.0,0.0,68.92,Shop Pay
200131,2025-08-30,12922,Direct,Mobile,US,57.85,0.0,0.0,57.85,Credit Card
200132,2026-01-16,7732,Paid Search,Desktop,US,153.58,0.0,10.04,143.54,PayPal
200133,2025-10-29,883,Paid Social,Mobile,UK,63.79,0.0,0.0,63.79,Credit Card
200134,2025-10-23,8952,Email,Desktop,US,89.13,0.0,0.0,89.13,Apple Pay
200135,2026-01-14,15487,Direct,Desktop,US,308.64,0.0,0.0,308.64,Credit Card
200136,2026-01-20,6875,Paid Social,Desktop,US,272.03,0.0,0.0,272.03,Credit Card
200137,2025-11-15,6134,Direct,Desktop,US,229.12,0.0,23.95,205.17,PayPal
200138,2025-11-05,366,Organic Search,Desktop,AU,110.59,0.0,0.0,110.59,Shop Pay
200139,2025-11-10,3891,Paid Social,Mobile,AU,155.7,0.0,0.0,155.7,Shop Pay
200140,2025-11-11,13429,Email,Desktop,DE,93.71,0.0,0.0,93.71,Credit Card
200141,2025-09-30,1936,Paid Search,Mobile,UK,60.55,0.0,0.0,60.55,PayPal
200142,2025-12-01,11609,Email,Mobile,US,60.84,0.0,5.84,55.0,Credit Card
200143,2025-10-23,6601,Paid Search,Mobile,UK,74.19,0.0,0.0,74.19,Apple Pay
200144,2025-12-26,15481,Paid Social,Mobile,DE,79.14,0.0,2.8,76.33,Credit Card
200145,2025-12-21,9399,Direct,Mobile,DE,46.66,6.69,3.62,49.73,PayPal
200146,2025-08-25,6510,Organic Search,Desktop,CA,148.85,0.0,0.0,148.85,Shop Pay
200147,2025-10-15,9896,Organic Search,Desktop,UK,226.95,0.0,23.32,203.63,Shop Pay
200148,2025-08-15,5998,Organic Search,Mobile,AU,114.91,0.0,6.85,108.06,Shop Pay
200149,2026-01-24,3017,Email,Mobile,AU,104.13,0.0,0.0,104.13,Shop Pay
200150,2026-01-28,11335,Paid Social,Mobile,UK,163.44,0.0,6.3,157.14,Shop Pay
200151,2026-01-08,13711,Paid Social,Mobile,DE,330.61,0.0,0.0,330.61,Apple Pay
200152,2026-01-17,12523,Direct,Desktop,US,77.6,0.0,0.0,77.6,Shop Pay
200153,2025-12-15,13199,Email,Mobile,CA,163.87,0.0,0.0,163.87,Credit Card
200154,2025-09-23,4488,Direct,Desktop,CA,175.94,0.0,0.0,175.94,Apple Pay
200155,2026-01-13,4293,Email,Mobile,US,81.55,0.0,5.15,76.4,PayPal
200156,2025-11-06,12112,Organic Search,Desktop,AU,64.79,0.0,0.0,64.79,Credit Card
200157,2025-10-16,12578,Organic Search,Desktop,DE,97.95,0.0,0.0,97.95,Shop Pay
200158,2026-02-04,6201,Organic Search,Mobile,UK,155.38,0.0,0.0,155.38,Apple Pay
200159,2025-09-04,4706,Organic Search,Desktop,AU,109.12,0.0,12.76,96.35,PayPal
200160,2025-08-23,5577,Email,Desktop,AU,103.82,0.0,0.0,103.82,Shop Pay
200161,2025-08-15,5236,Email,Desktop,DE,128.96,0.0,0.0,128.96,PayPal
200162,2025-10-20,8753,Direct,Desktop,DE,148.36,0.0,0.0,148.36,PayPal
200163,2025-08-17,8585,Email,Mobile,DE,212.62,0.0,0.0,212.62,Shop Pay
200164,2025-11-22,14602,Paid Social,Desktop,AU,52.72,0.0,5.53,47.19,Credit Card
200165,2026-01-09,10841,Email,Desktop,AU,158.66,0.0,0.0,158.66,Credit Card
200166,2025-11-16,8261,Paid Search,Desktop,CA,47.4,6.03,0.0,53.43,Shop Pay
200167,2025-10-02,9030,Direct,Mobile,CA,41.98,6.17,0.0,48.15,Credit Card
200168,2025-12-07,2021,Direct,Desktop,CA,48.01,5.39,5.32,48.08,Apple Pay
200169,2025-08-16,14478,Email,Mobile,DE,250.27,0.0,22.65,227.63,Shop Pay
200170,2025-10-10,2555,Paid Social,Mobile,AU,59.35,0.0,1.99,57.35,Apple Pay
200171,2026-01-01,7260,Organic Search,Mobile,CA,197.67,0.0,0.0,197.67,PayPal
200172,2025-08-17,5712,Paid Social,Mobile,US,136.65,0.0,12.0,124.64,PayPal
200173,2025-10-12,6431,Email,Mobile,UK,171.43,0.0,0.0,171.43,Credit Card
200174,2025-11-01,6700,Email,Desktop,CA,21.27,5.43,2.12,24.58,PayPal
200175,2025-09-06,7244,Paid Social,Mobile,DE,74.57,0.0,3.4,71.17,Shop Pay
200176,2025-12-20,740,Paid Social,Mobile,US,113.91,0.0,0.0,113.91,Credit Card
200177,2025-09-09,5901,Paid Search,Mobile,DE,50.47,6.57,3.64,53.4,Apple Pay
200178,2025-11-21,10003,Paid Social,Desktop,DE,141.83,0.0,13.31,128.52,Apple Pay
200179,2025-12-19,3370,Direct,Desktop,US,225.34,0.0,0.0,225.34,Shop Pay
200180,2025-09-10,16503,Direct,Mobile,UK,66.72,0.0,3.85,62.87,PayPal
200181,2025-11-02,5522,Paid Social,Mobile,UK,189.24,0.0,0.0,189.24,Shop Pay
200182,2025-10-12,5283,Paid Social,Mobile,AU,17.49,7.26,0.0,24.75,Apple Pay
200183,2025-08-25,7769,Organic Search,Desktop,DE,11.51,5.15,0.0,16.66,Shop Pay
200184,2026-01-22,14134,Email,Desktop,DE,52.38,0.0,0.0,52.38,Apple Pay
200185,2026-01-27,10094,Direct,Desktop,UK,149.47,0.0,0.0,149.47,Credit Card
200186,2025-08-15,4510,Email,Desktop,AU,78.82,0.0,0.0,78.82,PayPal
200187,2025-10-25,5179,Paid Social,Desktop,DE,9.84,5.39,0.0,15.23,Shop Pay
200188,2025-08-25,7137,Email,Mobile,AU,125.52,0.0,6.9,118.63,Apple Pay
200189,2025-12-10,1931,Paid Search,Mobile,AU,144.07,0.0,0.0,144.07,PayPal
200190,2025-09-02,16142,Direct,Mobile,UK,45.25,5.11,1.49,48.87,Shop Pay
200191,2026-01-22,1560,Direct,Mobile,DE,66.42,0.0,7.92,58.5,Apple Pay
200192,2026-01-27,15262,Direct,Desktop,UK,44.69,5.5,0.0,50.18,Apple Pay
200193,2026-02-02,11187,Email,Mobile,UK,122.2,0.0,0.0,122.2,Credit Card
200194,2025-09-06,7910,Organic Search,Mobile,DE,127.8,0.0,0.0,127.8,Apple Pay
200195,2025-11-14,12754,Paid Search,Desktop,CA,162.93,0.0,0.0,162.93,Shop Pay
200196,2026-02-06,8741,Email,Desktop,AU,30.14,7.89,0.0,38.03,PayPal
200197,2025-11-12,1874,Paid Search,Desktop,CA,109.42,0.0,0.0,109.42,PayPal
200198,2025-11-02,3022,Organic Search,Desktop,CA,191.7,0.0,0.0,191.7,PayPal
200199,2025-10-03,11054,Email,Desktop,AU,192.61,0.0,0.0,192.61,Apple Pay
200200,2025-12-24,7334,Paid Social,Mobile,DE,77.6,0.0,0.0,77.6,Shop Pay
200201,2025-12-06,17350,Organic Search,Desktop,UK,159.68,0.0,0.0,159.68,Credit Card
200202,2025-08-17,3184,Direct,Mobile,UK,134.13,0.0,0.0,134.13,Shop Pay
200203,2025-12-13,2480,Organic Search,Desktop,DE,92.71,0.0,8.69,84.02,Apple Pay
200204,2025-10-28,12777,Organic Search,Desktop,UK,188.15,0.0,0.0,188.15,Apple Pay
200205,2025-11-22,5590,Direct,Desktop,US,157.28,0.0,0.0,157.28,Credit Card
200206,2025-12-09,4541,Organic Search,Desktop,AU,221.18,0.0,0.0,221.18,Shop Pay
200207,2025-10-17,473,Paid Search,Desktop,DE,86.04,0.0,0.0,86.04,Credit Card
200208,2025-08-21,4795,Paid Search,Desktop,AU,281.18,0.0,0.0,281.18,PayPal
200209,2025-12-21,10099,Email,Desktop,UK,79.98,0.0,0.0,79.98,PayPal
200210,2025-11-14,5522,Email,Mobile,US,22.89,7.08,0.0,29.97,Shop Pay
200211,2025-09-15,947,Direct,Desktop,DE,64.86,0.0,3.64,61.23,Shop Pay
200212,2025-10-26,16309,Paid Social,Desktop,UK,189.21,0.0,17.65,171.56,Shop Pay
200213,2026-01-17,11,Paid Search,Desktop,DE,66.79,0.0,0.0,66.79,Apple Pay
200214,2025-09-10,14266,Paid Search,Mobile,AU,142.77,0.0,15.83,126.94,Credit Card
200215,2026-01-26,4965,Paid Search,Mobile,UK,80.47,0.0,8.39,72.08,Apple Pay
200216,2025-12-21,923,Paid Social,Mobile,UK,76.2,0.0,0.0,76.2,Apple Pay
200217,2026-02-04,17591,Paid Search,Desktop,AU,20.98,7.03,0.0,28.01,Shop Pay
200218,2025-08-20,9710,Paid Search,Desktop,US,117.86,0.0,0.0,117.86,Credit Card
200219,2025-11-30,17391,Paid Social,Desktop,UK,53.01,0.0,0.0,53.01,Shop Pay
200220,2025-09-02,15824,Direct,Desktop,DE,60.28,0.0,6.08,54.19,Shop Pay
200221,2025-10-03,13977,Direct,Desktop,DE,119.42,0.0,0.0,119.42,Shop Pay
200222,2025-12-23,11886,Paid Social,Desktop,US,277.41,0.0,0.0,277.41,Credit Card
200223,2025-12-10,6546,Email,Desktop,CA,169.34,0.0,0.0,169.34,Apple Pay
200224,2025-11-16,12035,Organic Search,Mobile,DE,140.57,0.0,6.76,133.81,Shop Pay
200225,2026-02-06,10408,Paid Social,Mobile,UK,143.25,0.0,0.0,143.25,Credit Card
200226,2026-02-08,2921,Paid Social,Desktop,AU,69.09,0.0,8.05,61.04,Apple Pay
200227,2025-09-25,7533,Email,Desktop,DE,108.56,0.0,0.0,108.56,PayPal
200228,2026-01-08,17977,Organic Search,Mobile,US,166.56,0.0,0.0,166.56,Shop Pay
200229,2025-12-07,13667,Organic Search,Mobile,CA,148.89,0.0,0.0,148.89,Apple Pay
200230,2025-09-17,2379,Paid Search,Mobile,CA,96.39,0.0,0.0,96.39,PayPal
200231,2025-08-24,9696,Direct,Desktop,CA,69.44,0.0,0.0,69.44,PayPal
200232,2025-10-06,88,Direct,Mobile,CA,80.76,0.0,0.0,80.76,PayPal
200233,2025-09-08,6638,Direct,Desktop,AU,42.27,5.65,0.0,47.91,PayPal
200234,2025-08-31,12187,Direct,Desktop,US,200.51,0.0,7.71,192.8,Shop Pay
200235,2025-12-11,6486,Paid Social,Desktop,AU,200.63,0.0,0.0,200.63,PayPal
200236,2025-12-18,12765,Paid Social,Mobile,CA,272.38,0.0,10.79,261.59,Apple Pay
200237,2026-01-19,2509,Organic Search,Mobile,CA,173.83,0.0,6.97,166.86,Credit Card
200238,2025-12-19,3504,Paid Search,Desktop,CA,140.07,0.0,9.24,130.82,PayPal
200239,2025-11-19,957,Email,Mobile,AU,10.22,7.03,0.0,17.24,PayPal
200240,2025-12-18,13842,Direct,Mobile,CA,25.84,7.91,0.8,32.95,PayPal
200241,2025-11-02,4080,Direct,Desktop,UK,119.43,0.0,3.91,115.52,Credit Card
200242,2025-12-10,14369,Direct,Mobile,DE,114.11,0.0,0.0,114.11,PayPal
200243,2025-12-27,429,Paid Search,Mobile,US,68.16,0.0,3.44,64.73,Apple Pay
200244,2025-11-29,17530,Paid Social,Desktop,AU,66.94,0.0,0.0,66.94,Credit Card
200245,2026-01-10,3988,Paid Search,Mobile,DE,85.16,0.0,3.97,81.18,Credit Card
200246,2025-12-10,10480,Paid Social,Mobile,DE,222.05,0.0,11.3,210.74,Apple Pay
200247,2025-11-02,11364,Paid Social,Mobile,UK,155.88,0.0,0.0,155.88,PayPal
200248,2025-09-16,17904,Email,Mobile,CA,65.95,0.0,0.0,65.95,Apple Pay
200249,2026-01-16,14585,Organic Search,Desktop,DE,65.95,0.0,0.0,65.95,Apple Pay
200250,2025-12-24,13726,Paid Social,Desktop,DE,69.86,0.0,5.72,64.14,PayPal
200251,2026-01-18,8935,Paid Social,Desktop,AU,144.74,0.0,0.0,144.74,Apple Pay
200252,2025-08-15,10543,Paid Search,Mobile,AU,142.39,0.0,0.0,142.39,PayPal
200253,2025-12-26,5298,Direct,Mobile,DE,251.5,0.0,28.31,223.19,Shop Pay
200254,2025-11-26,17369,Email,Mobile,CA,269.5,0.0,13.45,256.05,Apple Pay
200255,2026-02-08,9546,Paid Search,Mobile,US,48.92,5.49,0.0,54.42,Shop Pay
200256,2025-11-06,15392,Paid Social,Mobile,CA,87.85,0.0,0.0,87.85,PayPal
200257,2025-08-20,11034,Direct,Mobile,US,135.71,0.0,10.04,125.67,Shop Pay
200258,2025-09-12,10969,Paid Social,Mobile,CA,110.83,0.0,3.48,107.36,Apple Pay
200259,2025-11-28,13583,Organic Search,Mobile,DE,63.73,0.0,0.0,63.73,Credit Card
200260,2025-11-29,13373,Paid Social,Mobile,UK,97.57,0.0,7.08,90.5,Credit Card
200261,2026-02-06,7680,Paid Social,Mobile,AU,149.66,0.0,0.0,149.66,Apple Pay
200262,2025-10-26,11824,Direct,Mobile,CA,84.37,0.0,9.44,74.93,Shop Pay
200263,2025-08-18,6604,Direct,Mobile,AU,171.27,0.0,0.0,171.27,Apple Pay
200264,2025-11-14,17913,Direct,Mobile,UK,86.57,0.0,0.0,86.57,Apple Pay
200265,2025-12-08,17712,Direct,Desktop,DE,274.38,0.0,0.0,274.38,PayPal
200266,2025-10-18,13240,Paid Search,Desktop,US,18.28,6.26,0.0,24.55,Shop Pay
200267,2026-01-04,11798,Paid Social,Desktop,CA,168.2,0.0,0.0,168.2,Credit Card
200268,2025-12-14,2190,Organic Search,Desktop,AU,262.41,0.0,0.0,262.41,PayPal
200269,2025-08-19,13112,Direct,Mobile,US,32.59,5.76,0.0,38.36,PayPal
200270,2025-12-03,5396,Organic Search,Desktop,US,252.67,0.0,25.39,227.29,Credit Card
200271,2025-10-06,8706,Direct,Desktop,US,187.11,0.0,0.0,187.11,PayPal
200272,2026-01-07,6445,Organic Search,Desktop,CA,125.27,0.0,0.0,125.27,Apple Pay
200273,2025-10-20,13199,Paid Social,Mobile,CA,174.03,0.0,0.0,174.03,Apple Pay
200274,2026-01-18,15658,Organic Search,Desktop,UK,74.91,0.0,4.85,70.06,PayPal
200275,2025-11-19,5875,Paid Social,Mobile,AU,234.74,0.0,22.09,212.64,PayPal
200276,2025-09-25,5540,Paid Social,Mobile,AU,32.23,7.44,1.68,37.99,PayPal
200277,2025-09-04,6430,Organic Search,Mobile,DE,203.3,0.0,0.0,203.3,Apple Pay
200278,2025-09-28,6396,Organic Search,Mobile,UK,240.4,0.0,24.46,215.94,PayPal
200279,2025-11-10,1958,Paid Search,Mobile,US,221.3,0.0,0.0,221.3,PayPal
200280,2025-11-24,7733,Email,Desktop,UK,366.77,0.0,0.0,366.77,Shop Pay
200281,2026-01-04,15702,Organic Search,Desktop,UK,206.02,0.0,0.0,206.02,Apple Pay
200282,2025-11-13,9570,Paid Social,Desktop,CA,90.63,0.0,10.79,79.84,Shop Pay
200283,2025-12-08,8381,Paid Social,Mobile,US,148.69,0.0,11.15,137.54,Shop Pay
200284,2025-10-30,7949,Paid Social,Desktop,UK,118.41,0.0,0.0,118.41,PayPal
200285,2025-11-06,13671,Direct,Desktop,DE,76.19,0.0,0.0,76.19,Apple Pay
200286,2025-08-25,7363,Email,Desktop,AU,69.52,0.0,6.0,63.53,Apple Pay
200287,2025-09-29,7350,Organic Search,Mobile,UK,141.72,0.0,0.0,141.72,Credit Card
200288,2025-12-01,252,Email,Desktop,AU,115.33,0.0,0.0,115.33,Credit Card
200289,2025-09-30,6496,Direct,Mobile,CA,66.05,0.0,2.3,63.75,Shop Pay
200290,2026-02-10,14966,Email,Mobile,AU,103.63,0.0,0.0,103.63,Shop Pay
200291,2025-09-19,14817,Organic Search,Desktop,UK,53.74,0.0,0.0,53.74,Credit Card
200292,2025-08-16,4350,Paid Social,Mobile,US,251.1,0.0,26.53,224.58,PayPal
200293,2025-12-19,1187,Email,Mobile,AU,170.39,0.0,9.04,161.35,Credit Card
200294,2025-10-16,5674,Direct,Desktop,CA,129.55,0.0,0.0,129.55,Apple Pay
200295,2026-01-28,7662,Paid Social,Desktop,US,57.78,7.93,0.0,65.71,PayPal
200296,2026-01-02,12094,Organic Search,Mobile,CA,286.52,0.0,19.7,266.82,Shop Pay
200297,2025-12-30,17095,Email,Desktop,CA,224.4,0.0,0.0,224.4,PayPal
200298,2025-12-24,12697,Email,Desktop,AU,94.15,0.0,9.79,84.36,PayPal
200299,2025-10-15,15944,Paid Search,Desktop,UK,164.76,0.0,13.73,151.02,Credit Card
200300,2026-02-08,13513,Paid Social,Mobile,UK,25.8,5.64,0.0,31.43,Credit Card
200301,2025-10-03,11119,Paid Social,Mobile,AU,217.9,0.0,0.0,217.9,PayPal
200302,2026-01-19,12525,Paid Social,Desktop,UK,51.11,0.0,0.0,51.11,Credit Card
200303,2025-09-28,6871,Direct,Mobile,DE,89.55,0.0,0.0,89.55,Credit Card
200304,2025-09-30,10678,Email,Mobile,US,351.63,0.0,0.0,351.63,Credit Card
200305,2025-09-01,10185,Organic Search,Desktop,DE,278.53,0.0,0.0,278.53,Shop Pay
200306,2025-10-18,2676,Direct,Mobile,DE,63.88,0.0,0.0,63.88,Credit Card
200307,2025-12-03,4521,Organic Search,Mobile,UK,175.97,0.0,0.0,175.97,PayPal
200308,2025-12-13,9901,Paid Social,Desktop,AU,168.95,0.0,9.46,159.49,Credit Card
200309,2025-08-23,7686,Organic Search,Desktop,UK,142.24,0.0,0.0,142.24,PayPal
200310,2025-08-27,5890,Paid Social,Desktop,CA,223.56,0.0,0.0,223.56,Apple Pay
200311,2025-09-19,17963,Direct,Desktop,CA,172.76,0.0,0.0,172.76,Apple Pay
200312,2025-10-24,1564,Paid Search,Mobile,AU,202.08,0.0,0.0,202.08,Shop Pay
200313,2026-01-21,2077,Email,Desktop,CA,171.5,0.0,17.5,153.99,Shop Pay
200314,2025-12-01,15359,Paid Search,Desktop,US,126.85,0.0,0.0,126.85,Credit Card
200315,2026-01-27,212,Organic Search,Desktop,CA,106.71,0.0,0.0,106.71,PayPal
200316,2025-09-12,5177,Paid Social,Desktop,UK,42.49,7.99,3.18,47.3,PayPal
200317,2025-11-08,15449,Paid Search,Desktop,UK,94.93,0.0,3.57,91.36,Apple Pay
200318,2025-10-19,9152,Direct,Desktop,AU,33.4,6.93,0.0,40.33,Apple Pay
200319,2026-01-11,13432,Direct,Mobile,US,147.08,0.0,0.0,147.08,PayPal
200320,2025-08-28,7534,Direct,Mobile,AU,102.68,0.0,8.44,94.24,PayPal
200321,2025-12-31,15970,Paid Social,Mobile,US,136.66,0.0,0.0,136.66,Shop Pay
200322,2025-09-04,3309,Email,Mobile,US,21.55,6.23,0.0,27.78,Shop Pay
200323,2025-11-10,11666,Email,Desktop,CA,146.06,0.0,0.0,146.06,Apple Pay
200324,2025-09-05,2875,Paid Social,Mobile,US,60.77,0.0,1.99,58.77,Apple Pay
200325,2026-02-07,7214,Direct,Desktop,UK,66.45,0.0,0.0,66.45,Shop Pay
200326,2025-10-19,10385,Paid Social,Desktop,US,10.6,6.61,0.43,16.78,PayPal
200327,2025-12-26,6874,Email,Desktop,AU,88.21,0.0,0.0,88.21,Apple Pay
200328,2025-12-06,7178,Paid Social,Mobile,UK,112.85,0.0,0.0,112.85,Shop Pay
200329,2025-12-21,16254,Email,Mobile,US,179.66,0.0,0.0,179.66,PayPal
200330,2026-01-05,8713,Email,Mobile,AU,93.32,0.0,0.0,93.32,Shop Pay
200331,2025-11-28,2898,Organic Search,Mobile,DE,119.11,0.0,0.0,119.11,PayPal
200332,2026-02-08,923,Organic Search,Desktop,US,261.4,0.0,19.28,242.12,Credit Card
200333,2025-11-08,7216,Paid Social,Desktop,UK,191.59,0.0,0.0,191.59,Shop Pay
200334,2025-09-09,17006,Email,Mobile,AU,126.88,0.0,0.0,126.88,PayPal
200335,2025-12-24,674,Email,Desktop,CA,175.65,0.0,0.0,175.65,PayPal
200336,2025-10-29,13057,Paid Social,Mobile,DE,180.85,0.0,0.0,180.85,Apple Pay
200337,2025-11-08,6737,Email,Desktop,UK,97.18,0.0,0.0,97.18,Credit Card
200338,2026-01-16,7396,Organic Search,Mobile,CA,27.13,7.51,2.39,32.24,Credit Card
200339,2026-02-04,7861,Paid Social,Desktop,DE,213.24,0.0,9.1,204.14,Shop Pay
200340,2026-01-25,8213,Email,Desktop,DE,36.38,6.26,0.0,42.64,Shop Pay
200341,2025-10-12,311,Paid Social,Desktop,CA,24.89,5.61,0.0,30.5,Credit Card
200342,2026-01-30,9577,Paid Social,Desktop,DE,38.42,6.07,0.0,44.49,Apple Pay
200343,2026-01-12,7540,Paid Social,Desktop,US,133.25,0.0,0.0,133.25,Apple Pay
200344,2025-12-10,9376,Organic Search,Mobile,CA,300.39,0.0,31.95,268.44,PayPal
200345,2026-02-04,9780,Direct,Mobile,DE,162.71,0.0,0.0,162.71,Credit Card
200346,2026-01-13,1118,Organic Search,Desktop,DE,70.38,0.0,0.0,70.38,PayPal
200347,2025-10-05,6575,Email,Mobile,DE,261.51,0.0,0.0,261.51,Apple Pay
200348,2025-11-18,4585,Email,Desktop,UK,183.82,0.0,13.86,169.96,PayPal
200349,2026-01-26,11781,Organic Search,Mobile,AU,119.12,0.0,0.0,119.12,PayPal
200350,2025-11-24,13735,Paid Search,Mobile,US,167.85,0.0,0.0,167.85,Credit Card
200351,2025-12-31,9038,Email,Mobile,UK,194.45,0.0,0.0,194.45,Apple Pay
200352,2025-11-17,11663,Paid Social,Desktop,DE,9.25,7.97,0.0,17.22,Shop Pay
200353,2026-02-06,8958,Paid Search,Mobile,CA,65.1,0.0,0.0,65.1,Shop Pay
200354,2025-11-25,15136,Direct,Mobile,DE,201.73,0.0,0.0,201.73,PayPal
200355,2025-11-10,6398,Direct,Mobile,DE,242.4,0.0,0.0,242.4,Credit Card
200356,2025-11-01,17523,Email,Mobile,CA,33.46,5.89,0.0,39.35,PayPal
200357,2025-11-07,17192,Organic Search,Mobile,CA,55.69,0.0,0.0,55.69,Shop Pay
200358,2025-12-27,1005,Organic Search,Desktop,CA,179.03,0.0,0.0,179.03,PayPal
200359,2025-11-26,6772,Paid Social,Desktop,UK,60.32,0.0,2.86,57.45,PayPal
200360,2025-11-20,17967,Email,Desktop,UK,103.69,0.0,0.0,103.69,Shop Pay
200361,2026-01-23,11586,Email,Mobile,UK,224.4,0.0,8.05,216.36,PayPal
200362,2025-09-18,6926,Paid Search,Mobile,DE,140.38,0.0,0.0,140.38,Apple Pay
200363,2025-12-17,4995,Direct,Desktop,AU,20.62,5.98,1.3,25.3,Shop Pay
200364,2025-11-22,12932,Paid Search,Mobile,CA,98.96,0.0,0.0,98.96,Apple Pay
200365,2025-08-30,1020,Paid Social,Desktop,CA,244.35,0.0,17.75,226.6,PayPal
200366,2025-10-19,1729,Email,Desktop,AU,28.27,7.01,0.0,35.28,Apple Pay
200367,2025-09-14,17373,Paid Social,Mobile,US,93.0,0.0,9.27,83.74,Apple Pay
200368,2025-10-11,8317,Direct,Mobile,CA,107.1,0.0,0.0,107.1,Credit Card
200369,2026-01-05,5593,Paid Social,Desktop,CA,261.26,0.0,16.58,244.68,PayPal
200370,2025-08-20,11792,Paid Search,Desktop,UK,148.78,0.0,0.0,148.78,Apple Pay
200371,2025-10-06,1447,Paid Search,Mobile,CA,114.32,0.0,0.0,114.32,Shop Pay
200372,2025-08-22,3250,Organic Search,Mobile,US,119.96,0.0,11.84,108.12,PayPal
200373,2026-02-06,2857,Direct,Desktop,US,245.74,0.0,0.0,245.74,PayPal
200374,2026-01-14,14272,Email,Desktop,CA,55.68,0.0,0.0,55.68,Apple Pay
200375,2025-08-29,1510,Direct,Desktop,CA,60.69,0.0,0.0,60.69,Apple Pay
200376,2025-09-24,3737,Direct,Mobile,US,248.87,0.0,0.0,248.87,Shop Pay
200377,2025-12-30,16875,Paid Social,Desktop,UK,103.55,0.0,0.0,103.55,Shop Pay
200378,2025-12-08,10629,Paid Social,Desktop,DE,155.85,0.0,0.0,155.85,PayPal
200379,2026-01-07,11062,Paid Search,Desktop,US,299.87,0.0,0.0,299.87,PayPal
200380,2025-11-15,821,Paid Social,Desktop,AU,203.12,0.0,0.0,203.12,PayPal
200381,2026-01-25,17118,Email,Mobile,UK,92.84,0.0,0.0,92.84,Shop Pay
200382,2025-10-06,4757,Paid Social,Mobile,CA,40.76,0.0,0.0,40.76,Apple Pay
200383,2026-01-16,6313,Email,Mobile,AU,23.67,7.2,2.4,28.47,Credit Card
200384,2025-09-17,3887,Direct,Desktop,CA,31.74,6.2,3.68,34.26,PayPal
200385,2025-08-22,5284,Organic Search,Mobile,DE,55.51,0.0,0.0,55.51,Apple Pay
200386,2025-10-10,10735,Email,Desktop,DE,134.93,0.0,0.0,134.93,Credit Card
200387,2025-08-21,13149,Paid Search,Mobile,CA,161.43,0.0,11.63,149.8,Apple Pay
200388,2025-12-04,16172,Paid Social,Desktop,UK,217.67,0.0,0.0,217.67,Credit Card
200389,2026-01-23,10511,Paid Search,Desktop,UK,68.23,0.0,0.0,68.23,Credit Card
200390,2025-10-17,6805,Paid Social,Mobile,DE,23.45,7.38,0.0,30.83,Shop Pay
200391,2026-01-08,7622,Organic Search,Desktop,US,77.04,0.0,0.0,77.04,Credit Card
200392,2026-01-02,13008,Paid Search,Desktop,UK,20.58,6.01,0.0,26.59,PayPal
200393,2025-10-04,4799,Paid Social,Mobile,US,166.92,0.0,0.0,166.92,Shop Pay
200394,2025-08-18,9588,Paid Search,Desktop,DE,208.1,0.0,0.0,208.1,Shop Pay
200395,2026-01-28,1120,Email,Mobile,DE,81.09,0.0,3.0,78.09,Credit Card
200396,2025-10-05,5510,Organic Search,Mobile,CA,258.2,0.0,0.0,258.2,PayPal
200397,2025-10-29,5769,Organic Search,Mobile,DE,154.83,0.0,0.0,154.83,Apple Pay
200398,2025-08-17,3508,Paid Social,Desktop,US,133.28,0.0,11.46,121.82,Credit Card
200399,2025-12-19,11158,Paid Search,Desktop,AU,226.1,0.0,0.0,226.1,Credit Card
200400,2025-10-26,10356,Direct,Mobile,DE,114.0,0.0,11.7,102.3,Shop Pay
200401,2025-09-27,11829,Email,Mobile,DE,47.17,6.19,5.06,48.3,Apple Pay
200402,2025-09-23,15310,Direct,Desktop,DE,130.3,0.0,0.0,130.3,Shop Pay
200403,2025-11-17,14777,Email,Desktop,UK,277.5,0.0,0.0,277.5,Apple Pay
200404,2025-08-20,15606,Paid Social,Desktop,US,137.52,0.0,5.93,131.59,Credit Card
200405,2025-11-23,13671,Paid Social,Desktop,AU,65.82,0.0,0.0,65.82,Shop Pay
200406,2025-09-22,15642,Paid Search,Mobile,CA,67.63,0.0,6.7,60.92,Apple Pay
200407,2026-01-13,7330,Email,Desktop,AU,339.33,0.0,15.35,323.98,PayPal
200408,2025-11-21,15208,Email,Mobile,UK,142.24,0.0,0.0,142.24,Credit Card
200409,2025-09-28,10532,Paid Search,Desktop,US,186.56,0.0,0.0,186.56,Shop Pay
200410,2025-12-28,15817,Direct,Mobile,AU,104.64,0.0,0.0,104.64,Credit Card
200411,2025-12-02,17441,Paid Social,Mobile,UK,263.73,0.0,0.0,263.73,Shop Pay
200412,2025-09-21,7697,Direct,Mobile,US,104.32,0.0,0.0,104.32,Credit Card
200413,2025-11-18,8465,Direct,Desktop,US,257.35,0.0,0.0,257.35,Shop Pay
200414,2025-09-25,5445,Paid Social,Desktop,AU,54.33,7.3,4.94,56.68,Shop Pay
200415,2025-12-24,9427,Paid Social,Mobile,AU,150.04,0.0,16.89,133.15,Credit Card
200416,2026-01-26,13198,Email,Mobile,UK,246.34,0.0,24.46,221.88,Shop Pay
200417,2026-01-24,1997,Paid Search,Mobile,CA,118.2,0.0,14.07,104.13,PayPal
200418,2026-01-13,10172,Paid Search,Mobile,UK,49.88,0.0,0.0,49.88,Credit Card
200419,2025-08-20,15386,Email,Mobile,CA,110.5,0.0,0.0,110.5,PayPal
200420,2025-12-22,12466,Direct,Desktop,UK,306.94,0.0,0.0,306.94,Credit Card
200421,2025-11-23,11797,Paid Search,Desktop,US,116.07,0.0,0.0,116.07,Credit Card
200422,2025-10-26,9401,Direct,Mobile,UK,80.61,0.0,0.0,80.61,Apple Pay
200423,2025-12-26,15342,Paid Social,Mobile,AU,190.0,0.0,0.0,190.0,Apple Pay
200424,2025-12-29,15850,Organic Search,Mobile,AU,105.04,0.0,0.0,105.04,Shop Pay
200425,2025-08-15,6683,Direct,Desktop,AU,119.75,0.0,0.0,119.75,PayPal
200426,2025-10-11,16981,Organic Search,Mobile,UK,149.32,0.0,6.76,142.56,PayPal
200427,2025-11-15,6859,Paid Search,Mobile,DE,190.1,0.0,10.12,179.97,Shop Pay
200428,2025-12-28,2214,Paid Search,Mobile,DE,49.32,5.88,0.0,55.2,Apple Pay
200429,2026-01-12,11287,Email,Mobile,US,106.44,0.0,0.0,106.44,Shop Pay
200430,2025-10-01,16349,Email,Mobile,UK,289.07,0.0,34.27,254.8,Apple Pay
200431,2025-10-04,15496,Paid Search,Mobile,US,80.06,0.0,0.0,80.06,PayPal
200432,2025-11-03,890,Email,Desktop,DE,234.19,0.0,15.19,219.0,Credit Card
200433,2025-11-19,5799,Paid Search,Desktop,CA,96.88,0.0,0.0,96.88,PayPal
200434,2025-10-08,4733,Organic Search,Desktop,CA,182.42,0.0,0.0,182.42,Credit Card
200435,2026-01-15,13647,Email,Mobile,CA,162.21,0.0,0.0,162.21,PayPal
200436,2025-10-05,6708,Organic Search,Mobile,DE,137.63,0.0,8.85,128.78,Apple Pay
200437,2025-09-11,15266,Paid Search,Mobile,CA,431.25,0.0,0.0,431.25,PayPal
200438,2025-10-01,12265,Organic Search,Desktop,AU,168.18,0.0,0.0,168.18,PayPal
200439,2025-12-30,7607,Paid Social,Desktop,DE,238.87,0.0,0.0,238.87,PayPal
200440,2025-12-30,12664,Direct,Desktop,CA,37.01,7.19,0.0,44.2,Credit Card
200441,2025-12-16,2674,Paid Social,Desktop,UK,159.65,0.0,0.0,159.65,Apple Pay
200442,2025-12-06,14598,Email,Desktop,UK,284.63,0.0,26.75,257.88,PayPal
200443,2026-01-14,5431,Organic Search,Desktop,AU,132.07,0.0,0.0,132.07,Shop Pay
200444,2026-01-31,12508,Paid Social,Desktop,US,100.14,0.0,0.0,100.14,PayPal
200445,2025-12-22,9575,Paid Search,Desktop,AU,49.87,6.96,4.8,52.02,Credit Card
200446,2025-11-29,14396,Email,Desktop,UK,121.06,0.0,11.07,109.99,Credit Card
200447,2026-01-17,8188,Direct,Desktop,US,208.72,0.0,12.87,195.86,Shop Pay
200448,2025-11-26,5094,Email,Desktop,AU,188.6,0.0,9.63,178.96,Shop Pay
200449,2025-10-01,13104,Email,Desktop,DE,53.22,6.32,0.0,59.54,Credit Card
200450,2025-10-10,15505,Direct,Mobile,AU,146.41,0.0,0.0,146.41,Credit Card
200451,2026-02-01,10506,Email,Desktop,AU,89.7,0.0,0.0,89.7,Apple Pay
200452,2025-12-30,3303,Email,Desktop,UK,308.14,0.0,0.0,308.14,Apple Pay
200453,2025-12-06,12228,Paid Search,Desktop,AU,105.17,0.0,0.0,105.17,Shop Pay
200454,2025-10-18,6621,Direct,Mobile,AU,289.11,0.0,0.0,289.11,Credit Card
200455,2026-02-03,8499,Paid Search,Desktop,CA,173.9,0.0,0.0,173.9,Credit Card
200456,2026-02-08,8103,Paid Search,Desktop,US,83.17,0.0,9.97,73.2,Credit Card
200457,2025-11-17,1371,Paid Search,Desktop,CA,79.98,0.0,2.82,77.16,Shop Pay
200458,2025-12-27,5826,Organic Search,Mobile,AU,178.62,0.0,0.0,178.62,Apple Pay
200459,2025-12-24,799,Email,Desktop,AU,52.64,5.29,0.0,57.93,Credit Card
200460,2026-02-06,13667,Organic Search,Mobile,DE,39.83,6.84,3.56,43.11,PayPal
200461,2025-09-11,5433,Paid Social,Mobile,CA,124.63,0.0,0.0,124.63,PayPal
200462,2025-08-19,2521,Organic Search,Mobile,CA,78.63,0.0,0.0,78.63,Shop Pay
200463,2025-10-07,16457,Paid Search,Desktop,US,107.85,0.0,0.0,107.85,PayPal
200464,2025-08-29,17457,Direct,Desktop,AU,61.49,0.0,6.68,54.81,Shop Pay
200465,2026-01-25,6932,Organic Search,Mobile,DE,124.81,0.0,3.8,121.02,Credit Card
200466,2025-09-14,2364,Paid Search,Mobile,CA,51.78,6.79,0.0,58.58,Apple Pay
200467,2025-12-17,2901,Email,Mobile,US,24.72,6.12,0.0,30.84,Apple Pay
200468,2025-10-14,14555,Direct,Desktop,US,97.8,0.0,10.63,87.17,Apple Pay
200469,2025-08-26,670,Paid Social,Desktop,DE,137.22,0.0,0.0,137.22,Apple Pay
200470,2025-08-19,17700,Email,Mobile,US,36.8,0.0,0.0,36.8,Shop Pay
200471,2025-08-16,5944,Paid Search,Mobile,AU,37.3,0.0,0.0,37.3,Apple Pay
200472,2025-09-21,4184,Paid Social,Desktop,AU,135.59,0.0,8.32,127.27,PayPal
200473,2025-10-10,7334,Paid Search,Desktop,AU,182.38,0.0,0.0,182.38,Apple Pay
200474,2025-12-22,4196,Direct,Desktop,DE,299.56,0.0,10.44,289.12,Apple Pay
200475,2025-08-29,9051,Email,Mobile,AU,137.15,0.0,0.0,137.15,Shop Pay
200476,2026-01-30,15015,Email,Desktop,UK,129.88,0.0,0.0,129.88,PayPal
200477,2025-10-19,15883,Organic Search,Desktop,CA,35.25,6.52,0.0,41.78,Apple Pay
200478,2025-12-17,9665,Paid Search,Desktop,DE,224.99,0.0,7.93,217.06,Credit Card
200479,2025-12-03,10683,Paid Search,Desktop,US,146.62,0.0,15.71,130.91,Apple Pay
200480,2025-08-25,4510,Paid Social,Mobile,DE,87.8,0.0,3.39,84.42,Credit Card
200481,2025-12-09,1763,Email,Mobile,DE,84.06,0.0,0.0,84.06,Credit Card
200482,2025-12-04,16509,Email,Mobile,CA,250.02,0.0,0.0,250.02,PayPal
200483,2025-11-27,1928,Direct,Mobile,DE,158.6,0.0,0.0,158.6,PayPal
200484,2025-09-01,115,Email,Mobile,CA,219.54,0.0,0.0,219.54,Apple Pay
200485,2026-01-11,1926,Organic Search,Desktop,DE,186.01,0.0,0.0,186.01,Shop Pay
200486,2025-10-27,17436,Paid Social,Mobile,UK,210.55,0.0,10.08,200.46,Credit Card
200487,2025-11-10,5051,Paid Social,Mobile,AU,226.32,0.0,0.0,226.32,PayPal
200488,2025-09-26,15992,Email,Desktop,DE,30.3,5.83,0.0,36.13,Credit Card
200489,2026-01-05,17529,Organic Search,Desktop,AU,150.19,0.0,11.44,138.76,Apple Pay
200490,2025-11-11,14778,Direct,Desktop,UK,251.29,0.0,0.0,251.29,Apple Pay
200491,2025-11-11,15162,Paid Search,Mobile,UK,229.6,0.0,0.0,229.6,Apple Pay
200492,2026-01-25,6184,Paid Social,Mobile,US,292.54,0.0,19.84,272.7,PayPal
200493,2026-01-11,17606,Email,Desktop,US,157.68,0.0,0.0,157.68,Shop Pay
200494,2025-09-14,9543,Organic Search,Mobile,DE,97.38,0.0,0.0,97.38,PayPal
200495,2025-09-15,16485,Direct,Desktop,DE,88.38,0.0,0.0,88.38,Apple Pay
200496,2025-10-31,15426,Direct,Desktop,AU,34.64,5.31,3.47,36.47,Shop Pay
200497,2025-12-18,17173,Paid Search,Mobile,AU,173.76,0.0,0.0,173.76,PayPal
200498,2025-11-06,4961,Paid Social,Desktop,UK,128.57,0.0,13.61,114.96,PayPal
200499,2025-12-18,7372,Email,Desktop,US,76.6,0.0,0.0,76.6,Credit Card
200500,2025-11-05,9807,Email,Desktop,AU,48.19,5.57,0.0,53.76,PayPal
200501,2025-09-12,5340,Paid Search,Mobile,CA,132.36,0.0,0.0,132.36,Credit Card
200502,2025-10-25,14646,Email,Desktop,DE,98.1,0.0,0.0,98.1,Apple Pay
200503,2025-12-03,10456,Direct,Desktop,CA,18.22,7.58,0.0,25.8,Shop Pay
200504,2025-11-10,4349,Paid Search,Mobile,CA,20.88,6.69,0.0,27.57,PayPal
200505,2025-09-03,15582,Email,Desktop,UK,61.1,0.0,4.78,56.33,Shop Pay
200506,2025-11-23,3185,Direct,Mobile,DE,162.2,0.0,8.4,153.8,Credit Card
200507,2025-10-12,1839,Email,Mobile,CA,307.84,0.0,0.0,307.84,Credit Card
200508,2025-08-15,15527,Email,Mobile,US,46.88,6.99,0.0,53.87,Credit Card
200509,2025-08-17,6763,Paid Social,Mobile,CA,261.03,0.0,0.0,261.03,Apple Pay
200510,2025-12-09,2646,Organic Search,Desktop,AU,149.14,0.0,0.0,149.14,PayPal
200511,2025-09-16,9051,Organic Search,Mobile,US,186.55,0.0,0.0,186.55,Shop Pay
200512,2025-09-19,11167,Direct,Mobile,DE,44.29,7.4,0.0,51.7,PayPal
200513,2025-08-19,6806,Email,Desktop,UK,191.57,0.0,0.0,191.57,Shop Pay
200514,2025-11-06,7620,Paid Search,Mobile,UK,46.64,6.25,0.0,52.9,Shop Pay
200515,2025-11-12,1751,Paid Social,Desktop,CA,232.37,0.0,0.0,232.37,PayPal
200516,2025-08-29,10656,Organic Search,Mobile,UK,184.31,0.0,0.0,184.31,Credit Card
200517,2025-11-12,6751,Paid Social,Mobile,CA,22.86,6.19,0.0,29.05,Shop Pay
200518,2025-12-21,10783,Paid Search,Desktop,DE,148.74,0.0,0.0,148.74,Shop Pay
200519,2025-12-29,14897,Paid Social,Mobile,DE,230.93,0.0,0.0,230.93,Apple Pay
200520,2025-10-11,17477,Paid Search,Mobile,UK,161.53,0.0,0.0,161.53,PayPal
200521,2025-11-08,6736,Organic Search,Desktop,UK,220.86,0.0,0.0,220.86,Shop Pay
200522,2025-10-08,17677,Organic Search,Mobile,DE,166.21,0.0,0.0,166.21,Credit Card
200523,2025-11-27,12760,Organic Search,Mobile,DE,80.32,0.0,0.0,80.32,Credit Card
200524,2026-01-09,8753,Paid Social,Desktop,CA,53.59,0.0,0.0,53.59,Apple Pay
200525,2025-10-02,11152,Paid Social,Mobile,US,170.93,0.0,0.0,170.93,Apple Pay
200526,2025-10-07,9299,Paid Search,Desktop,US,190.57,0.0,12.02,178.56,Credit Card
200527,2025-11-12,14250,Direct,Desktop,DE,123.79,0.0,12.66,111.13,Apple Pay
200528,2025-11-07,6241,Email,Mobile,US,178.69,0.0,0.0,178.69,Credit Card
200529,2025-10-15,10668,Paid Social,Desktop,CA,163.05,0.0,0.0,163.05,PayPal
200530,2025-09-16,8296,Paid Social,Mobile,AU,50.05,0.0,0.0,50.05,Credit Card
200531,2025-10-29,5695,Direct,Desktop,AU,71.82,0.0,0.0,71.82,Credit Card
200532,2025-10-29,14387,Direct,Desktop,AU,256.33,0.0,0.0,256.33,PayPal
200533,2025-08-16,12975,Email,Desktop,AU,9.66,5.7,0.0,15.36,Shop Pay
200534,2026-02-10,11888,Email,Desktop,AU,123.53,0.0,11.12,112.41,Credit Card
200535,2025-11-10,11068,Organic Search,Desktop,CA,148.01,0.0,0.0,148.01,Shop Pay
200536,2025-09-29,5535,Paid Search,Mobile,DE,263.72,0.0,31.53,232.19,Credit Card
200537,2026-01-26,13809,Paid Social,Mobile,AU,149.15,0.0,0.0,149.15,PayPal
200538,2025-09-27,16685,Paid Search,Mobile,DE,123.07,0.0,9.91,113.16,Shop Pay
200539,2025-09-25,79,Paid Search,Mobile,DE,145.64,0.0,9.87,135.77,Shop Pay
200540,2026-01-02,3297,Organic Search,Mobile,UK,84.24,0.0,0.0,84.24,PayPal
200541,2026-01-23,16474,Direct,Desktop,AU,128.3,0.0,6.84,121.46,Credit Card
200542,2025-09-06,17403,Email,Desktop,AU,187.63,0.0,0.0,187.63,PayPal
200543,2025-12-25,14627,Email,Desktop,AU,99.43,0.0,0.0,99.43,PayPal
200544,2025-09-08,5148,Email,Desktop,US,136.65,0.0,6.16,130.49,PayPal
200545,2025-09-16,11762,Email,Mobile,CA,206.02,0.0,20.07,185.95,Credit Card
200546,2025-08-21,4279,Direct,Mobile,US,190.18,0.0,0.0,190.18,Shop Pay
200547,2025-10-27,5522,Paid Social,Desktop,UK,96.51,0.0,0.0,96.51,Credit Card
200548,2026-01-17,17975,Email,Desktop,US,9.12,5.67,0.0,14.78,Apple Pay
200549,2025-12-14,1405,Direct,Desktop,AU,75.56,0.0,0.0,75.56,Shop Pay
200550,2025-12-17,7475,Paid Search,Desktop,UK,97.63,0.0,9.69,87.94,Credit Card
200551,2025-12-17,4395,Paid Social,Desktop,CA,183.86,0.0,0.0,183.86,PayPal
200552,2025-09-10,408,Direct,Mobile,CA,156.59,0.0,0.0,156.59,PayPal
200553,2025-11-21,3351,Paid Social,Desktop,CA,312.48,0.0,0.0,312.48,Credit Card
200554,2026-01-16,12485,Paid Search,Desktop,CA,28.87,5.7,0.0,34.57,Apple Pay
200555,2025-11-01,14492,Paid Search,Mobile,AU,216.08,0.0,0.0,216.08,PayPal
200556,2026-01-01,15250,Direct,Desktop,DE,30.35,7.99,1.77,36.56,PayPal
200557,2025-12-23,17995,Email,Mobile,CA,219.31,0.0,0.0,219.31,PayPal
200558,2026-01-25,4326,Paid Social,Mobile,US,98.16,0.0,0.0,98.16,PayPal
200559,2025-08-27,10283,Paid Social,Mobile,UK,54.36,7.85,6.0,56.22,Credit Card
200560,2025-11-02,6183,Paid Search,Desktop,AU,95.33,0.0,0.0,95.33,Shop Pay
200561,2025-11-04,5517,Email,Desktop,AU,196.58,0.0,0.0,196.58,PayPal
200562,2025-10-26,11766,Organic Search,Desktop,DE,108.42,0.0,0.0,108.42,Shop Pay
200563,2025-12-11,1888,Paid Social,Desktop,CA,90.7,0.0,5.68,85.02,Credit Card
200564,2025-10-09,17872,Paid Social,Mobile,US,96.6,0.0,0.0,96.6,PayPal
200565,2025-10-16,1435,Paid Search,Mobile,CA,62.93,0.0,4.19,58.75,Shop Pay
200566,2025-08-21,6607,Paid Search,Mobile,US,93.41,0.0,4.6,88.81,Shop Pay
200567,2025-10-31,6082,Direct,Desktop,CA,118.71,0.0,0.0,118.71,PayPal
200568,2025-12-07,14779,Organic Search,Desktop,UK,24.01,6.09,0.0,30.11,Apple Pay
200569,2026-02-05,12232,Email,Desktop,CA,181.28,0.0,0.0,181.28,Credit Card
200570,2025-09-03,10083,Direct,Mobile,US,61.89,0.0,0.0,61.89,PayPal
200571,2025-11-17,15112,Paid Social,Desktop,UK,219.44,0.0,14.8,204.64,Shop Pay
200572,2025-11-02,17991,Organic Search,Desktop,AU,125.3,0.0,0.0,125.3,PayPal
200573,2025-12-27,1644,Organic Search,Mobile,CA,170.05,0.0,0.0,170.05,PayPal
200574,2025-10-31,2028,Paid Search,Mobile,DE,317.03,0.0,0.0,317.03,Shop Pay
200575,2025-10-10,13083,Paid Social,Mobile,DE,84.38,0.0,0.0,84.38,Shop Pay
200576,2025-10-26,3247,Direct,Desktop,CA,112.71,0.0,0.0,112.71,Shop Pay
200577,2025-11-21,5274,Paid Search,Mobile,UK,195.69,0.0,7.1,188.59,Credit Card
200578,2025-10-19,9965,Organic Search,Mobile,UK,46.05,6.96,0.0,53.01,Apple Pay
200579,2025-12-06,12459,Paid Social,Desktop,DE,242.6,0.0,0.0,242.6,Credit Card
200580,2025-10-10,5458,Direct,Desktop,UK,44.32,5.59,1.91,47.99,Shop Pay
200581,2025-10-20,831,Direct,Mobile,US,157.04,0.0,16.58,140.46,PayPal
200582,2026-02-08,3865,Paid Search,Mobile,DE,136.94,0.0,0.0,136.94,Apple Pay
200583,2026-01-27,5704,Paid Search,Mobile,DE,110.63,0.0,0.0,110.63,Credit Card
200584,2026-01-29,13352,Organic Search,Desktop,AU,254.56,0.0,15.8,238.76,Apple Pay
200585,2025-09-07,8899,Organic Search,Mobile,AU,118.92,0.0,0.0,118.92,PayPal
200586,2025-10-05,9832,Paid Social,Desktop,AU,222.11,0.0,18.16,203.96,PayPal
200587,2026-01-21,3060,Direct,Desktop,CA,135.74,0.0,0.0,135.74,Shop Pay
200588,2025-12-27,6775,Paid Social,Mobile,CA,150.75,0.0,0.0,150.75,Shop Pay
200589,2025-12-31,17324,Paid Search,Mobile,US,73.07,0.0,0.0,73.07,PayPal
200590,2025-10-02,10422,Email,Mobile,AU,151.51,0.0,0.0,151.51,PayPal
200591,2025-10-30,8654,Paid Social,Mobile,UK,43.78,6.54,3.11,47.21,Credit Card
200592,2025-09-24,5630,Email,Desktop,AU,245.83,0.0,0.0,245.83,Shop Pay
200593,2025-12-28,2686,Paid Social,Desktop,DE,229.44,0.0,10.18,219.26,PayPal
200594,2026-01-15,1188,Organic Search,Mobile,UK,61.59,0.0,0.0,61.59,PayPal
200595,2025-11-04,16381,Paid Social,Desktop,DE,105.93,0.0,11.0,94.93,Shop Pay
200596,2025-11-14,7412,Direct,Desktop,US,201.68,0.0,8.96,192.73,Credit Card
200597,2025-08-21,2101,Email,Mobile,US,115.57,0.0,0.0,115.57,PayPal
200598,2026-01-22,4752,Organic Search,Mobile,CA,33.86,5.52,3.77,35.61,Credit Card
200599,2025-10-10,13867,Organic Search,Desktop,UK,172.63,0.0,0.0,172.63,Shop Pay
200600,2025-10-03,6478,Paid Search,Mobile,UK,92.79,0.0,0.0,92.79,Credit Card
200601,2026-01-10,7387,Direct,Desktop,UK,40.93,6.35,4.73,42.56,PayPal
200602,2025-12-12,13877,Paid Social,Desktop,DE,226.74,0.0,17.34,209.4,Credit Card
200603,2025-09-06,11685,Paid Social,Desktop,CA,173.99,0.0,0.0,173.99,Apple Pay
200604,2025-12-12,4836,Organic Search,Mobile,US,149.51,0.0,0.0,149.51,Credit Card
200605,2026-01-09,15529,Direct,Desktop,CA,179.27,0.0,0.0,179.27,Apple Pay
200606,2025-09-14,3713,Paid Social,Desktop,CA,249.81,0.0,12.98,236.84,Credit Card
200607,2025-08-25,7526,Organic Search,Desktop,UK,104.64,0.0,0.0,104.64,PayPal
200608,2025-09-12,10202,Paid Social,Mobile,US,114.94,0.0,4.1,110.83,Shop Pay
200609,2026-01-31,10970,Paid Social,Desktop,DE,225.1,0.0,0.0,225.1,PayPal
200610,2025-08-15,2335,Direct,Mobile,US,141.93,0.0,10.32,131.61,Credit Card
200611,2025-10-19,16883,Organic Search,Mobile,US,28.97,5.96,0.0,34.94,Apple Pay
200612,2025-10-18,3421,Direct,Desktop,AU,104.34,0.0,9.73,94.61,Apple Pay
200613,2025-12-14,1643,Paid Search,Desktop,AU,252.71,0.0,23.19,229.52,Apple Pay
200614,2026-01-06,12819,Paid Social,Mobile,UK,277.54,0.0,0.0,277.54,Credit Card
200615,2025-11-13,360,Email,Desktop,UK,185.49,0.0,0.0,185.49,Credit Card
200616,2025-12-16,15696,Organic Search,Desktop,DE,84.19,0.0,0.0,84.19,Shop Pay
200617,2025-08-30,6248,Email,Desktop,DE,23.21,6.84,0.0,30.04,PayPal
200618,2025-08-17,14781,Paid Social,Desktop,AU,125.0,0.0,0.0,125.0,Shop Pay
200619,2026-01-22,15473,Paid Social,Desktop,DE,100.49,0.0,7.47,93.02,Apple Pay
200620,2025-08-20,9032,Organic Search,Desktop,DE,184.54,0.0,0.0,184.54,Apple Pay
200621,2026-02-01,8441,Organic Search,Mobile,UK,234.09,0.0,0.0,234.09,Credit Card
200622,2026-01-04,306,Email,Mobile,CA,132.28,0.0,0.0,132.28,Credit Card
200623,2025-11-23,4095,Direct,Mobile,CA,165.55,0.0,0.0,165.55,Shop Pay
200624,2025-12-02,2011,Direct,Desktop,CA,107.14,0.0,0.0,107.14,Shop Pay
200625,2025-09-13,8103,Paid Social,Mobile,AU,49.64,6.86,2.87,53.63,Credit Card
200626,2025-10-13,17390,Organic Search,Desktop,CA,182.76,0.0,0.0,182.76,Credit Card
200627,2025-10-18,10131,Direct,Desktop,UK,63.11,0.0,6.58,56.54,Credit Card
200628,2025-10-02,11472,Organic Search,Mobile,DE,46.14,6.58,0.0,52.72,Apple Pay
200629,2025-10-24,2470,Direct,Mobile,DE,142.36,0.0,0.0,142.36,Apple Pay
200630,2025-09-06,6273,Paid Social,Mobile,CA,26.29,5.51,0.0,31.8,Shop Pay
200631,2025-10-21,9576,Email,Mobile,US,195.98,0.0,0.0,195.98,Shop Pay
200632,2025-09-25,16290,Paid Search,Mobile,DE,44.7,6.9,0.0,51.6,Apple Pay
200633,2026-02-05,11837,Organic Search,Mobile,CA,166.12,0.0,0.0,166.12,PayPal
200634,2025-09-10,2613,Email,Mobile,UK,150.2,0.0,0.0,150.2,Apple Pay
200635,2025-08-29,10946,Direct,Mobile,AU,13.19,7.54,0.5,20.23,PayPal
200636,2025-11-16,10791,Organic Search,Desktop,AU,114.68,0.0,0.0,114.68,Shop Pay
200637,2025-12-30,4687,Direct,Mobile,AU,86.16,0.0,5.07,81.09,Credit Card
200638,2025-11-15,7159,Organic Search,Mobile,UK,252.17,0.0,11.49,240.68,Credit Card
200639,2026-01-29,12029,Email,Desktop,UK,178.44,0.0,6.69,171.75,Credit Card
200640,2025-10-17,10234,Organic Search,Desktop,UK,57.66,0.0,2.68,54.97,PayPal
200641,2025-12-30,4652,Email,Desktop,US,114.49,0.0,0.0,114.49,Apple Pay
200642,2025-08-27,5461,Paid Social,Desktop,DE,152.64,0.0,15.67,136.96,Credit Card
200643,2025-09-06,17125,Direct,Mobile,US,44.97,6.73,0.0,51.7,PayPal
200644,2025-10-29,2667,Paid Search,Desktop,US,103.69,0.0,0.0,103.69,Apple Pay
200645,2025-08-31,15448,Email,Desktop,CA,68.21,0.0,8.01,60.2,Apple Pay
200646,2025-09-22,5059,Email,Mobile,US,150.59,0.0,8.2,142.38,PayPal
200647,2025-09-26,7136,Email,Mobile,AU,117.46,0.0,0.0,117.46,PayPal
200648,2025-11-25,14367,Organic Search,Mobile,CA,42.15,7.05,0.0,49.2,Credit Card
200649,2025-08-29,2928,Paid Search,Desktop,AU,66.76,0.0,0.0,66.76,PayPal
200650,2025-11-04,10976,Direct,Desktop,UK,119.52,0.0,4.77,114.75,Apple Pay
200651,2025-12-16,694,Email,Mobile,CA,191.26,0.0,0.0,191.26,PayPal
200652,2025-12-12,3693,Direct,Mobile,DE,290.04,0.0,0.0,290.04,Shop Pay
200653,2025-12-09,12536,Organic Search,Mobile,AU,159.41,0.0,0.0,159.41,PayPal
200654,2025-12-30,7450,Paid Social,Desktop,CA,147.25,0.0,0.0,147.25,Shop Pay
200655,2026-01-07,17760,Direct,Desktop,DE,224.0,0.0,0.0,224.0,Credit Card
200656,2025-09-29,341,Organic Search,Mobile,US,115.89,0.0,0.0,115.89,Apple Pay
200657,2025-11-08,2262,Organic Search,Mobile,US,136.98,0.0,0.0,136.98,Apple Pay
200658,2025-08-27,11404,Paid Social,Mobile,UK,265.86,0.0,0.0,265.86,PayPal
200659,2025-10-27,2120,Paid Search,Desktop,US,153.99,0.0,0.0,153.99,Credit Card
200660,2025-11-02,7808,Direct,Mobile,US,28.06,5.12,3.27,29.91,Apple Pay
200661,2025-09-21,16836,Email,Mobile,DE,96.11,0.0,0.0,96.11,Shop Pay
200662,2025-10-18,10211,Organic Search,Desktop,CA,112.02,0.0,0.0,112.02,Apple Pay
200663,2025-08-27,9608,Organic Search,Mobile,AU,208.38,0.0,11.79,196.59,Apple Pay
200664,2025-11-23,8588,Paid Social,Desktop,AU,74.57,0.0,7.89,66.68,PayPal
200665,2025-10-08,993,Email,Mobile,US,152.71,0.0,14.84,137.87,Shop Pay
200666,2025-11-20,3691,Paid Search,Desktop,US,168.85,0.0,0.0,168.85,Shop Pay
200667,2025-09-21,7345,Paid Social,Desktop,US,140.98,0.0,14.02,126.96,Shop Pay
200668,2025-11-15,1551,Paid Social,Desktop,UK,78.45,0.0,0.0,78.45,PayPal
200669,2026-02-04,2920,Paid Social,Mobile,DE,22.53,6.14,0.0,28.68,Shop Pay
200670,2025-12-30,10271,Paid Search,Desktop,US,125.53,0.0,12.81,112.72,Apple Pay
200671,2025-09-16,11301,Email,Desktop,US,243.35,0.0,0.0,243.35,Shop Pay
200672,2025-12-08,2841,Paid Search,Mobile,CA,76.51,0.0,8.21,68.29,Shop Pay
200673,2025-10-25,13234,Email,Desktop,US,331.71,0.0,0.0,331.71,Apple Pay
200674,2025-10-15,13964,Email,Mobile,US,80.91,0.0,7.91,73.0,Credit Card
200675,2025-12-11,4750,Paid Search,Desktop,US,96.12,0.0,4.62,91.5,Shop Pay
200676,2025-11-24,4690,Paid Search,Mobile,AU,134.64,0.0,0.0,134.64,Credit Card
200677,2026-01-20,11532,Paid Search,Desktop,DE,209.39,0.0,12.2,197.19,Shop Pay
200678,2025-08-30,2279,Paid Search,Mobile,AU,30.72,5.37,2.2,33.88,Apple Pay
200679,2026-01-14,4117,Organic Search,Desktop,AU,54.89,0.0,2.45,52.44,Apple Pay
200680,2025-09-08,15160,Paid Search,Desktop,DE,90.69,0.0,0.0,90.69,Apple Pay
200681,2025-11-09,17636,Direct,Mobile,DE,54.12,0.0,2.06,52.06,PayPal
200682,2025-12-25,471,Paid Search,Mobile,AU,37.39,5.5,0.0,42.88,Shop Pay
200683,2025-09-08,11600,Email,Desktop,US,184.75,0.0,22.01,162.73,Credit Card
200684,2025-12-09,14247,Paid Search,Mobile,CA,102.04,0.0,0.0,102.04,Shop Pay
200685,2026-01-01,17586,Direct,Mobile,UK,62.89,0.0,0.0,62.89,Shop Pay
200686,2025-12-13,9440,Organic Search,Desktop,UK,21.14,5.25,0.0,26.39,Shop Pay
200687,2025-11-28,4581,Organic Search,Desktop,CA,101.6,0.0,0.0,101.6,Shop Pay
200688,2025-10-28,15414,Organic Search,Desktop,AU,202.42,0.0,0.0,202.42,Credit Card
200689,2025-11-03,17423,Direct,Desktop,US,91.71,0.0,8.82,82.89,Shop Pay
200690,2025-12-29,3728,Direct,Mobile,UK,62.61,0.0,0.0,62.61,Apple Pay
200691,2025-12-25,2327,Email,Desktop,UK,25.68,5.38,2.63,28.43,Apple Pay
200692,2025-12-12,3104,Paid Social,Desktop,CA,88.31,0.0,0.0,88.31,Shop Pay
200693,2025-12-24,11976,Email,Mobile,AU,37.65,0.0,0.0,37.65,Shop Pay
200694,2025-11-05,8672,Direct,Desktop,AU,67.1,0.0,5.22,61.88,Apple Pay
200695,2025-12-31,15361,Email,Desktop,UK,102.76,0.0,8.75,94.01,Credit Card
200696,2026-02-10,1439,Email,Desktop,AU,17.57,5.11,0.0,22.68,PayPal
200697,2025-08-27,17786,Paid Search,Desktop,US,230.05,0.0,0.0,230.05,Shop Pay
200698,2025-12-23,2263,Paid Social,Desktop,UK,140.56,0.0,0.0,140.56,Apple Pay
200699,2025-11-23,14011,Paid Social,Desktop,AU,44.43,5.3,0.0,49.72,PayPal
200700,2025-09-01,5358,Direct,Mobile,AU,90.27,0.0,9.81,80.46,Shop Pay
200701,2025-08-16,17009,Direct,Mobile,AU,159.61,0.0,11.92,147.69,Shop Pay
200702,2025-12-27,3745,Direct,Desktop,CA,317.24,0.0,0.0,317.24,Apple Pay
200703,2025-11-23,8301,Direct,Desktop,US,202.44,0.0,0.0,202.44,Shop Pay
200704,2026-01-09,14531,Direct,Mobile,US,164.7,0.0,12.94,151.76,PayPal
200705,2025-12-14,2311,Email,Desktop,CA,51.16,0.0,0.0,51.16,Apple Pay
200706,2025-11-27,7637,Organic Search,Desktop,AU,127.4,0.0,12.7,114.7,PayPal
200707,2025-08-29,12589,Email,Desktop,DE,104.34,0.0,0.0,104.34,Shop Pay
200708,2025-11-22,9309,Paid Social,Mobile,US,107.13,0.0,0.0,107.13,Credit Card
200709,2025-11-21,301,Organic Search,Mobile,CA,106.67,0.0,0.0,106.67,Credit Card
200710,2025-10-04,12252,Paid Social,Mobile,DE,169.23,0.0,0.0,169.23,Credit Card
200711,2025-12-21,15849,Direct,Desktop,CA,241.85,0.0,0.0,241.85,Shop Pay
200712,2025-10-02,14062,Paid Social,Desktop,UK,161.02,0.0,0.0,161.02,Apple Pay
200713,2025-08-16,5276,Organic Search,Mobile,DE,176.25,0.0,0.0,176.25,Credit Card
200714,2025-10-05,5277,Direct,Mobile,AU,151.79,0.0,7.21,144.58,Apple Pay
200715,2025-11-15,16253,Paid Social,Desktop,US,50.47,0.0,0.0,50.47,Apple Pay
200716,2025-11-06,3162,Paid Search,Mobile,US,58.12,0.0,0.0,58.12,Apple Pay
200717,2025-11-19,11096,Organic Search,Desktop,UK,138.03,0.0,0.0,138.03,Shop Pay
200718,2026-01-16,13854,Direct,Desktop,AU,35.85,0.0,0.0,35.85,PayPal
200719,2025-11-05,3763,Paid Search,Mobile,AU,99.18,0.0,0.0,99.18,Apple Pay
200720,2025-11-04,17274,Organic Search,Mobile,AU,43.18,5.51,2.53,46.17,Shop Pay
200721,2025-09-10,6070,Paid Search,Mobile,AU,157.38,0.0,11.84,145.54,Shop Pay
200722,2025-11-24,3511,Paid Search,Mobile,CA,94.55,0.0,7.35,87.2,Shop Pay
200723,2025-11-12,13991,Paid Search,Mobile,US,129.43,0.0,0.0,129.43,PayPal
200724,2025-09-26,5932,Organic Search,Mobile,US,160.42,0.0,0.0,160.42,Shop Pay
200725,2025-08-30,15967,Direct,Mobile,CA,178.9,0.0,0.0,178.9,Apple Pay
200726,2025-11-11,16075,Paid Social,Mobile,US,140.93,0.0,0.0,140.93,PayPal
200727,2025-08-21,11311,Email,Desktop,UK,99.96,0.0,0.0,99.96,Apple Pay
200728,2025-10-04,13631,Email,Desktop,US,117.43,0.0,0.0,117.43,Credit Card
200729,2026-02-01,17649,Paid Social,Desktop,AU,64.42,0.0,0.0,64.42,Shop Pay
200730,2025-08-24,13781,Email,Mobile,US,78.01,0.0,0.0,78.01,PayPal
200731,2025-10-20,11325,Email,Desktop,AU,167.69,0.0,0.0,167.69,Shop Pay
200732,2025-11-04,1219,Paid Social,Desktop,UK,195.25,0.0,13.52,181.72,Shop Pay
200733,2026-01-01,7606,Organic Search,Mobile,AU,185.63,0.0,17.45,168.18,Apple Pay
200734,2025-10-27,5367,Organic Search,Mobile,UK,53.63,0.0,0.0,53.63,Shop Pay
200735,2026-01-23,3610,Paid Social,Desktop,UK,77.06,0.0,0.0,77.06,Credit Card
200736,2025-10-26,17937,Organic Search,Mobile,US,320.43,0.0,0.0,320.43,PayPal
200737,2026-01-30,966,Organic Search,Mobile,AU,71.08,0.0,4.51,66.56,Credit Card
200738,2025-12-29,17148,Paid Social,Mobile,AU,196.87,0.0,13.58,183.28,Apple Pay
200739,2025-10-24,3761,Organic Search,Desktop,UK,52.35,0.0,0.0,52.35,Apple Pay
200740,2025-12-08,17006,Organic Search,Mobile,US,9.59,5.74,0.0,15.34,Apple Pay
200741,2025-09-01,16957,Email,Desktop,DE,209.83,0.0,19.99,189.84,Credit Card
200742,2026-01-31,2584,Email,Mobile,US,79.98,0.0,4.14,75.84,Shop Pay
200743,2025-12-12,4797,Paid Social,Desktop,UK,61.74,0.0,0.0,61.74,PayPal
200744,2025-08-16,3866,Paid Social,Desktop,CA,92.96,0.0,0.0,92.96,Credit Card
200745,2025-09-19,7530,Paid Search,Desktop,CA,105.78,0.0,0.0,105.78,PayPal
200746,2025-09-10,2507,Email,Desktop,US,129.86,0.0,5.56,124.3,Apple Pay
200747,2025-12-25,4405,Direct,Mobile,US,72.49,0.0,0.0,72.49,Credit Card
200748,2025-12-13,3702,Direct,Desktop,UK,317.66,0.0,0.0,317.66,Shop Pay
200749,2025-12-24,2595,Email,Mobile,CA,222.85,0.0,19.28,203.57,Shop Pay
200750,2025-12-14,12726,Paid Social,Mobile,UK,56.64,6.48,3.11,60.01,Apple Pay
200751,2025-12-10,887,Paid Social,Desktop,US,138.62,0.0,0.0,138.62,Apple Pay
200752,2025-10-29,8354,Paid Search,Mobile,AU,87.41,0.0,5.81,81.6,Credit Card
200753,2025-10-18,15698,Direct,Desktop,AU,100.54,0.0,0.0,100.54,PayPal
200754,2025-10-08,15944,Paid Social,Desktop,AU,41.66,0.0,0.0,41.66,Apple Pay
200755,2026-01-12,16536,Paid Search,Mobile,CA,101.72,0.0,7.25,94.47,PayPal
200756,2026-01-08,13559,Direct,Desktop,UK,154.99,0.0,0.0,154.99,PayPal
200757,2025-08-29,6218,Paid Search,Mobile,CA,106.86,0.0,0.0,106.86,Credit Card
200758,2025-10-07,6653,Direct,Desktop,DE,42.75,0.0,0.0,42.75,Shop Pay
200759,2025-10-16,3063,Organic Search,Desktop,AU,270.76,0.0,32.25,238.51,Shop Pay
200760,2025-11-04,9694,Organic Search,Desktop,AU,118.47,0.0,0.0,118.47,Shop Pay
200761,2025-11-25,971,Email,Desktop,DE,49.95,0.0,4.73,45.21,PayPal
200762,2025-10-24,7639,Organic Search,Mobile,US,55.44,5.68,0.0,61.12,Credit Card
200763,2025-12-23,7046,Organic Search,Mobile,AU,27.14,7.27,0.0,34.41,Shop Pay
200764,2025-09-23,5573,Paid Social,Desktop,DE,47.08,0.0,3.01,44.07,PayPal
200765,2025-12-04,16306,Organic Search,Desktop,DE,106.59,0.0,0.0,106.59,Apple Pay
200766,2026-01-22,4835,Paid Social,Mobile,DE,126.52,0.0,14.25,112.27,Credit Card
200767,2025-12-11,14311,Organic Search,Desktop,AU,45.59,5.35,0.0,50.94,Shop Pay
200768,2025-08-20,7900,Email,Desktop,CA,254.48,0.0,0.0,254.48,Apple Pay
200769,2025-12-22,14348,Paid Social,Mobile,DE,154.15,0.0,0.0,154.15,Shop Pay
200770,2026-01-29,3980,Paid Search,Desktop,US,160.39,0.0,0.0,160.39,PayPal
200771,2025-09-22,2241,Paid Social,Mobile,DE,39.33,5.19,0.0,44.52,Apple Pay
200772,2025-08-20,8024,Organic Search,Desktop,UK,123.42,0.0,0.0,123.42,Shop Pay
200773,2025-09-04,10272,Paid Search,Desktop,CA,105.36,0.0,0.0,105.36,PayPal
200774,2025-10-10,15489,Email,Desktop,US,119.14,0.0,0.0,119.14,Shop Pay
200775,2025-08-21,10690,Organic Search,Desktop,DE,223.81,0.0,0.0,223.81,Apple Pay
200776,2026-01-06,7215,Organic Search,Mobile,UK,47.53,7.1,1.93,52.71,Shop Pay
200777,2026-01-05,7528,Paid Search,Mobile,UK,209.97,0.0,0.0,209.97,Credit Card
200778,2025-09-20,15749,Email,Desktop,CA,78.61,0.0,0.0,78.61,Apple Pay
200779,2025-09-20,11877,Direct,Mobile,AU,72.76,0.0,2.73,70.03,Credit Card
200780,2025-09-28,5103,Paid Search,Mobile,US,77.25,0.0,0.0,77.25,Apple Pay
200781,2025-11-08,16075,Organic Search,Desktop,US,26.5,5.33,0.0,31.83,PayPal
200782,2025-10-05,14006,Email,Desktop,AU,229.57,0.0,17.14,212.43,Shop Pay
200783,2025-09-28,10655,Paid Social,Mobile,AU,25.25,5.55,0.0,30.8,Apple Pay
200784,2025-08-23,5850,Organic Search,Mobile,DE,306.33,0.0,33.11,273.23,Credit Card
200785,2025-11-25,5325,Organic Search,Mobile,US,73.57,0.0,0.0,73.57,Apple Pay
200786,2026-01-23,1386,Paid Search,Mobile,UK,150.31,0.0,0.0,150.31,PayPal
200787,2025-10-18,15765,Paid Social,Mobile,UK,146.1,0.0,6.69,139.41,PayPal
200788,2025-10-11,13302,Paid Search,Mobile,US,278.86,0.0,0.0,278.86,Shop Pay
200789,2025-10-11,6244,Organic Search,Mobile,CA,103.83,0.0,0.0,103.83,Shop Pay
200790,2026-01-19,9859,Organic Search,Desktop,CA,190.45,0.0,0.0,190.45,Apple Pay
200791,2026-01-25,11851,Direct,Mobile,US,143.91,0.0,6.45,137.46,Apple Pay
200792,2026-01-25,9397,Email,Mobile,DE,222.88,0.0,0.0,222.88,Shop Pay
200793,2025-10-23,14404,Organic Search,Desktop,UK,115.79,0.0,0.0,115.79,Apple Pay
200794,2026-01-04,9166,Paid Social,Desktop,US,243.57,0.0,0.0,243.57,PayPal
200795,2025-12-29,15213,Paid Search,Mobile,AU,129.5,0.0,5.36,124.15,Shop Pay
200796,2025-10-30,3217,Paid Search,Desktop,CA,195.23,0.0,0.0,195.23,PayPal
200797,2025-08-19,13113,Direct,Mobile,AU,231.43,0.0,0.0,231.43,Credit Card
200798,2025-11-04,5080,Organic Search,Mobile,AU,19.13,5.81,1.69,23.25,Credit Card
200799,2026-01-08,7308,Direct,Mobile,US,23.27,6.31,1.1,28.48,Credit Card
200800,2025-08-17,8313,Organic Search,Mobile,CA,132.83,0.0,14.44,118.4,Credit Card
200801,2026-02-09,2174,Organic Search,Desktop,AU,153.79,0.0,0.0,153.79,Apple Pay
200802,2025-08-28,8634,Paid Social,Mobile,AU,31.86,7.37,0.0,39.23,Shop Pay
200803,2025-09-06,515,Direct,Mobile,DE,26.29,7.02,0.0,33.32,PayPal
200804,2025-12-16,6755,Paid Social,Desktop,US,76.57,0.0,7.79,68.78,Shop Pay
200805,2025-10-21,13414,Paid Social,Desktop,DE,264.28,0.0,8.22,256.06,Shop Pay
200806,2025-09-12,8506,Paid Social,Mobile,CA,66.16,0.0,7.34,58.82,Credit Card
200807,2026-01-26,10962,Organic Search,Mobile,UK,106.47,0.0,7.23,99.24,PayPal
200808,2025-11-14,6176,Paid Social,Mobile,US,43.78,7.27,3.81,47.24,Apple Pay
200809,2026-02-06,6383,Paid Search,Desktop,DE,356.31,0.0,0.0,356.31,PayPal
200810,2026-01-29,14289,Paid Search,Desktop,CA,127.64,0.0,5.5,122.14,Apple Pay
200811,2025-09-08,11346,Direct,Desktop,UK,170.2,0.0,0.0,170.2,Apple Pay
200812,2025-12-09,1443,Paid Search,Desktop,DE,58.42,7.62,0.0,66.05,Credit Card
200813,2025-08-31,16230,Email,Mobile,DE,41.72,7.44,1.97,47.19,Apple Pay
200814,2025-12-08,2899,Organic Search,Desktop,AU,44.92,5.66,0.0,50.59,Shop Pay
200815,2025-09-30,8820,Paid Social,Mobile,US,127.62,0.0,0.0,127.62,Shop Pay
200816,2025-10-16,6095,Organic Search,Desktop,UK,160.44,0.0,0.0,160.44,Shop Pay
200817,2025-11-21,11650,Direct,Mobile,CA,147.61,0.0,0.0,147.61,Shop Pay
200818,2025-12-23,7311,Paid Social,Mobile,UK,41.11,7.98,3.24,45.85,Apple Pay
200819,2025-11-26,13002,Paid Search,Mobile,CA,22.94,5.83,0.0,28.77,Apple Pay
200820,2025-08-24,10431,Email,Mobile,US,108.02,0.0,11.98,96.04,PayPal
200821,2025-10-01,11723,Paid Social,Desktop,US,129.27,0.0,0.0,129.27,Shop Pay
200822,2025-11-16,17205,Email,Mobile,UK,122.98,0.0,5.0,117.98,Credit Card
200823,2026-01-17,8495,Paid Social,Mobile,UK,118.34,0.0,0.0,118.34,Apple Pay
200824,2026-01-26,5844,Paid Search,Desktop,CA,105.05,0.0,0.0,105.05,Apple Pay
200825,2026-01-08,149,Direct,Desktop,DE,27.95,5.36,0.0,33.31,Apple Pay
200826,2026-02-04,10557,Direct,Desktop,AU,51.07,5.61,0.0,56.68,Apple Pay
200827,2025-12-03,13184,Paid Social,Desktop,AU,106.45,0.0,0.0,106.45,Apple Pay
200828,2025-12-29,8600,Email,Desktop,CA,73.72,0.0,0.0,73.72,PayPal
200829,2026-01-14,15418,Organic Search,Mobile,UK,251.58,0.0,14.98,236.6,Shop Pay
200830,2025-10-18,8871,Paid Social,Mobile,CA,81.32,0.0,0.0,81.32,Apple Pay
200831,2025-11-09,12834,Direct,Desktop,US,88.13,0.0,4.8,83.33,Credit Card
200832,2025-12-11,17462,Direct,Desktop,AU,234.15,0.0,0.0,234.15,Credit Card
200833,2026-02-03,17418,Paid Social,Desktop,CA,98.78,0.0,0.0,98.78,Credit Card
200834,2025-12-17,171,Direct,Desktop,UK,198.18,0.0,0.0,198.18,Credit Card
200835,2025-11-05,10671,Organic Search,Desktop,DE,218.59,0.0,0.0,218.59,Shop Pay
200836,2025-11-23,7968,Direct,Mobile,US,83.54,0.0,5.2,78.35,Shop Pay
200837,2025-12-24,12142,Paid Social,Desktop,DE,268.67,0.0,0.0,268.67,Credit Card
200838,2025-10-01,15850,Direct,Desktop,US,97.99,0.0,0.0,97.99,PayPal
200839,2025-09-25,8720,Direct,Desktop,US,160.36,0.0,0.0,160.36,Credit Card
200840,2025-09-08,7114,Paid Social,Desktop,DE,127.46,0.0,12.3,115.16,Credit Card
200841,2025-10-12,17090,Paid Social,Mobile,UK,134.85,0.0,0.0,134.85,Apple Pay
200842,2025-12-23,17169,Paid Search,Desktop,DE,231.35,0.0,9.5,221.85,PayPal
200843,2025-09-13,9528,Organic Search,Desktop,US,96.59,0.0,0.0,96.59,Shop Pay
200844,2025-11-06,241,Email,Mobile,CA,29.49,7.14,0.0,36.63,Shop Pay
200845,2026-02-10,7034,Paid Search,Desktop,UK,90.05,0.0,9.57,80.48,Apple Pay
200846,2025-08-15,816,Direct,Mobile,UK,196.36,0.0,0.0,196.36,Shop Pay
200847,2025-10-24,11676,Email,Mobile,UK,38.36,6.59,0.0,44.95,PayPal
200848,2025-10-10,4310,Paid Search,Desktop,AU,18.64,6.73,0.0,25.37,Credit Card
200849,2025-10-09,4934,Organic Search,Mobile,US,55.13,0.0,0.0,55.13,PayPal
200850,2025-08-16,5117,Paid Social,Desktop,UK,198.16,0.0,12.52,185.64,Credit Card
200851,2025-11-06,13065,Email,Mobile,CA,134.15,0.0,0.0,134.15,Credit Card
200852,2025-09-03,664,Paid Social,Desktop,AU,134.86,0.0,8.0,126.86,Credit Card
200853,2026-01-19,3967,Email,Mobile,CA,132.28,0.0,14.5,117.77,Credit Card
200854,2025-09-16,5090,Direct,Mobile,CA,184.41,0.0,0.0,184.41,Credit Card
200855,2025-11-27,333,Paid Social,Mobile,AU,312.5,0.0,0.0,312.5,PayPal
200856,2025-12-06,273,Email,Mobile,US,128.26,0.0,0.0,128.26,Shop Pay
200857,2025-12-31,15737,Direct,Desktop,DE,156.13,0.0,0.0,156.13,Credit Card
200858,2025-12-07,5145,Email,Desktop,UK,78.55,0.0,6.3,72.25,Credit Card
200859,2025-12-18,13067,Paid Search,Desktop,UK,107.84,0.0,6.79,101.05,PayPal
200860,2025-08-17,10017,Paid Social,Desktop,DE,56.78,0.0,0.0,56.78,Shop Pay
200861,2025-10-19,3774,Paid Search,Mobile,AU,28.69,6.73,0.0,35.42,Shop Pay
200862,2026-01-06,8671,Direct,Mobile,AU,104.77,0.0,0.0,104.77,Shop Pay
200863,2025-10-19,5919,Direct,Mobile,UK,214.6,0.0,0.0,214.6,Apple Pay
200864,2025-09-05,13311,Paid Social,Mobile,CA,135.02,0.0,0.0,135.02,Apple Pay
200865,2025-12-30,4444,Paid Social,Desktop,DE,165.12,0.0,0.0,165.12,PayPal
200866,2025-10-17,6631,Paid Social,Desktop,US,29.58,7.84,0.0,37.42,Shop Pay
200867,2025-09-06,3740,Email,Desktop,CA,100.82,0.0,3.47,97.36,Apple Pay
200868,2025-11-29,2039,Paid Social,Desktop,AU,126.85,0.0,6.75,120.1,PayPal
200869,2025-10-25,1262,Paid Social,Mobile,UK,59.59,7.05,2.31,64.32,Credit Card
200870,2025-11-29,4202,Paid Social,Mobile,CA,111.3,0.0,0.0,111.3,Credit Card
200871,2026-01-21,16212,Paid Search,Mobile,CA,272.71,0.0,0.0,272.71,PayPal
200872,2025-12-08,13047,Direct,Desktop,US,91.14,0.0,0.0,91.14,Credit Card
200873,2025-09-09,14882,Direct,Mobile,CA,108.7,0.0,0.0,108.7,Shop Pay
200874,2026-02-10,17611,Direct,Desktop,CA,102.63,0.0,0.0,102.63,Apple Pay
200875,2026-02-09,16813,Paid Search,Mobile,CA,96.87,0.0,9.68,87.2,Apple Pay
200876,2026-01-13,14128,Direct,Mobile,DE,51.67,7.62,0.0,59.28,Shop Pay
200877,2025-11-10,8077,Email,Desktop,DE,189.69,0.0,0.0,189.69,Credit Card
200878,2026-01-13,13158,Paid Search,Mobile,AU,130.93,0.0,0.0,130.93,Shop Pay
200879,2026-01-27,17486,Paid Search,Desktop,CA,38.32,0.0,0.0,38.32,Shop Pay
200880,2026-01-23,1034,Organic Search,Mobile,AU,250.71,0.0,0.0,250.71,PayPal
200881,2025-09-06,6586,Paid Search,Desktop,AU,169.31,0.0,0.0,169.31,Apple Pay
200882,2025-10-05,11413,Email,Mobile,DE,92.17,0.0,0.0,92.17,PayPal
200883,2026-01-27,16242,Organic Search,Mobile,UK,190.9,0.0,0.0,190.9,Apple Pay
200884,2025-12-25,4079,Organic Search,Desktop,AU,109.84,0.0,0.0,109.84,Apple Pay
200885,2025-09-15,16680,Paid Social,Desktop,AU,87.22,0.0,8.9,78.31,Credit Card
200886,2026-02-01,11032,Paid Social,Mobile,DE,205.27,0.0,0.0,205.27,PayPal
200887,2025-11-08,6746,Paid Social,Desktop,DE,158.25,0.0,0.0,158.25,Credit Card
200888,2026-02-08,15569,Paid Social,Desktop,AU,115.93,0.0,13.04,102.9,Apple Pay
200889,2025-11-01,262,Organic Search,Mobile,CA,58.71,5.97,6.07,58.62,Shop Pay
200890,2025-09-22,13107,Organic Search,Desktop,AU,47.86,7.23,0.0,55.08,PayPal
200891,2025-10-28,3812,Paid Social,Mobile,AU,91.67,0.0,0.0,91.67,Apple Pay
200892,2025-12-31,15782,Organic Search,Mobile,AU,232.15,0.0,0.0,232.15,Credit Card
200893,2025-11-06,6717,Direct,Desktop,US,85.2,0.0,0.0,85.2,Credit Card
200894,2025-08-27,12351,Direct,Mobile,AU,216.05,0.0,9.64,206.41,Credit Card
200895,2026-01-08,12216,Direct,Mobile,DE,135.41,0.0,0.0,135.41,Credit Card
200896,2025-11-17,5266,Direct,Desktop,US,95.54,0.0,0.0,95.54,Shop Pay
200897,2025-11-14,1344,Email,Mobile,CA,28.19,6.22,2.11,32.31,Credit Card
200898,2025-10-29,8487,Paid Search,Mobile,AU,208.38,0.0,20.68,187.71,PayPal
200899,2025-08-29,13342,Paid Search,Desktop,CA,302.93,0.0,0.0,302.93,Apple Pay
200900,2026-01-25,4490,Organic Search,Mobile,CA,280.07,0.0,0.0,280.07,Credit Card
200901,2025-10-13,11022,Direct,Desktop,DE,56.76,0.0,3.93,52.83,Credit Card
200902,2026-02-04,7001,Direct,Desktop,UK,26.91,6.49,0.0,33.4,PayPal
200903,2025-10-24,14818,Email,Mobile,AU,196.64,0.0,0.0,196.64,Apple Pay
200904,2025-11-15,10358,Email,Mobile,US,201.01,0.0,0.0,201.01,Credit Card
200905,2025-09-08,7186,Paid Search,Mobile,AU,29.93,6.43,0.0,36.37,PayPal
200906,2026-01-15,10270,Direct,Desktop,CA,61.5,0.0,3.89,57.61,Credit Card
200907,2025-08-21,9052,Organic Search,Desktop,US,207.38,0.0,17.2,190.18,Credit Card
200908,2025-09-27,15890,Paid Social,Mobile,CA,56.28,5.59,0.0,61.88,Apple Pay
200909,2025-11-17,4816,Email,Desktop,CA,36.82,0.0,0.0,36.82,Credit Card
200910,2025-10-05,10981,Direct,Mobile,AU,269.86,0.0,0.0,269.86,Apple Pay
200911,2025-10-02,3200,Organic Search,Desktop,AU,153.7,0.0,0.0,153.7,Apple Pay
200912,2025-11-23,7424,Paid Social,Desktop,DE,27.56,5.15,0.0,32.71,Shop Pay
200913,2025-10-04,7989,Paid Social,Desktop,CA,163.65,0.0,0.0,163.65,Shop Pay
200914,2025-11-13,9785,Email,Mobile,AU,266.42,0.0,27.2,239.22,Credit Card
200915,2025-12-09,11273,Paid Search,Mobile,AU,66.6,0.0,4.15,62.45,Shop Pay
200916,2025-09-27,7680,Direct,Desktop,UK,88.16,0.0,0.0,88.16,Apple Pay
200917,2025-10-09,11862,Direct,Desktop,UK,61.5,0.0,0.0,61.5,Shop Pay
200918,2025-11-05,11062,Organic Search,Desktop,US,233.09,0.0,0.0,233.09,Credit Card
200919,2025-12-21,2179,Paid Search,Mobile,UK,141.76,0.0,0.0,141.76,PayPal
200920,2025-11-03,2491,Paid Search,Desktop,DE,58.99,0.0,0.0,58.99,Apple Pay
200921,2025-11-16,8082,Direct,Desktop,UK,183.05,0.0,0.0,183.05,Shop Pay
200922,2025-12-02,2421,Direct,Desktop,US,114.48,0.0,0.0,114.48,Shop Pay
200923,2026-01-18,5919,Paid Social,Desktop,AU,171.75,0.0,10.37,161.38,Credit Card
200924,2025-11-16,16298,Paid Search,Desktop,AU,162.27,0.0,8.9,153.37,PayPal
200925,2025-11-03,5695,Paid Search,Desktop,AU,56.0,0.0,0.0,56.0,Apple Pay
200926,2025-12-25,3498,Organic Search,Mobile,US,103.1,0.0,0.0,103.1,PayPal
200927,2026-01-17,4118,Paid Social,Desktop,CA,215.46,0.0,0.0,215.46,Credit Card
200928,2025-09-10,13384,Organic Search,Desktop,CA,31.17,5.05,0.0,36.21,Credit Card
200929,2025-12-21,4813,Email,Mobile,UK,104.65,0.0,0.0,104.65,Apple Pay
200930,2025-10-02,8729,Email,Desktop,UK,45.72,6.28,5.0,47.0,Apple Pay
200931,2025-09-21,6531,Direct,Desktop,CA,201.41,0.0,0.0,201.41,Shop Pay
200932,2026-01-09,7411,Direct,Mobile,US,212.97,0.0,0.0,212.97,Shop Pay
200933,2026-02-10,4136,Organic Search,Mobile,UK,63.67,0.0,0.0,63.67,Shop Pay
200934,2026-01-14,16128,Paid Search,Desktop,CA,77.04,0.0,7.77,69.27,Credit Card
200935,2025-10-13,6228,Paid Social,Mobile,CA,151.07,0.0,0.0,151.07,Credit Card
200936,2025-12-24,14974,Paid Search,Desktop,AU,134.42,0.0,0.0,134.42,Apple Pay
200937,2025-11-18,9691,Paid Social,Mobile,UK,158.47,0.0,0.0,158.47,Credit Card
200938,2025-08-21,6952,Direct,Desktop,UK,100.26,0.0,9.16,91.11,Shop Pay
200939,2025-10-29,6507,Organic Search,Desktop,US,69.47,0.0,0.0,69.47,PayPal
200940,2025-10-04,6012,Paid Search,Desktop,UK,194.06,0.0,20.18,173.88,Credit Card
200941,2025-09-09,7276,Paid Search,Mobile,DE,187.05,0.0,20.19,166.85,Apple Pay
200942,2025-11-30,10694,Organic Search,Desktop,UK,221.61,0.0,11.11,210.51,Shop Pay
200943,2025-10-07,191,Paid Search,Mobile,UK,25.04,7.85,2.2,30.7,Shop Pay
200944,2026-01-18,6939,Organic Search,Desktop,DE,65.08,0.0,0.0,65.08,PayPal
200945,2025-12-30,14708,Paid Search,Desktop,AU,98.46,0.0,0.0,98.46,Apple Pay
200946,2026-01-04,4532,Email,Mobile,CA,137.03,0.0,0.0,137.03,Shop Pay
200947,2025-11-13,10473,Email,Mobile,AU,231.61,0.0,0.0,231.61,Shop Pay
200948,2025-09-05,5396,Paid Search,Desktop,UK,56.43,0.0,0.0,56.43,Credit Card
200949,2025-11-14,1403,Paid Search,Mobile,US,161.44,0.0,4.98,156.46,Shop Pay
200950,2025-12-29,10113,Direct,Desktop,AU,166.48,0.0,0.0,166.48,Apple Pay
200951,2025-09-30,17253,Direct,Mobile,DE,258.84,0.0,0.0,258.84,PayPal
200952,2026-01-06,5241,Paid Social,Desktop,UK,79.95,0.0,3.78,76.17,Shop Pay
200953,2026-01-27,4187,Paid Search,Desktop,UK,349.56,0.0,0.0,349.56,PayPal
200954,2025-11-03,7193,Direct,Mobile,AU,119.28,0.0,0.0,119.28,PayPal
200955,2025-09-25,15538,Organic Search,Desktop,US,179.77,0.0,14.02,165.75,PayPal
200956,2025-09-13,16929,Organic Search,Desktop,US,195.0,0.0,0.0,195.0,Apple Pay
200957,2025-11-11,7665,Organic Search,Mobile,UK,226.03,0.0,17.15,208.89,Shop Pay
200958,2025-11-05,8246,Paid Social,Mobile,CA,138.51,0.0,13.42,125.08,PayPal
200959,2025-12-12,13319,Direct,Desktop,US,333.32,0.0,0.0,333.32,Apple Pay
200960,2025-10-20,16388,Paid Social,Desktop,UK,72.76,0.0,6.12,66.64,Credit Card
200961,2026-02-03,168,Email,Mobile,UK,70.12,0.0,0.0,70.12,Apple Pay
200962,2026-01-03,3415,Paid Social,Desktop,US,114.02,0.0,0.0,114.02,Apple Pay
200963,2026-01-16,2373,Organic Search,Desktop,US,33.28,6.15,0.0,39.43,Credit Card
200964,2025-09-14,14289,Direct,Desktop,CA,159.51,0.0,9.27,150.24,Apple Pay
200965,2025-08-20,7522,Organic Search,Mobile,UK,34.69,7.59,0.0,42.28,Credit Card
200966,2025-12-27,11704,Email,Desktop,AU,8.66,6.63,0.38,14.91,Shop Pay
200967,2025-11-11,16529,Paid Social,Mobile,UK,153.49,0.0,18.31,135.18,Apple Pay
200968,2025-11-13,12658,Paid Social,Desktop,UK,44.17,0.0,3.81,40.36,PayPal
200969,2026-01-10,3865,Paid Social,Desktop,DE,182.79,0.0,0.0,182.79,Credit Card
200970,2025-12-13,11570,Organic Search,Desktop,UK,9.31,6.47,0.0,15.78,PayPal
200971,2026-01-27,8436,Paid Social,Desktop,DE,253.12,0.0,24.27,228.85,Apple Pay
200972,2026-01-01,3446,Direct,Mobile,DE,240.05,0.0,28.2,211.85,PayPal
200973,2025-11-08,15853,Email,Mobile,CA,46.84,6.05,4.84,48.05,PayPal
200974,2025-09-13,12329,Paid Search,Mobile,UK,80.24,0.0,6.26,73.98,Apple Pay
200975,2025-12-27,2133,Organic Search,Desktop,UK,165.49,0.0,0.0,165.49,Shop Pay
200976,2025-11-25,2443,Paid Social,Desktop,UK,81.06,0.0,5.44,75.63,Shop Pay
200977,2026-01-10,4719,Direct,Mobile,US,252.21,0.0,0.0,252.21,Credit Card
200978,2026-01-31,8484,Paid Search,Mobile,DE,194.21,0.0,8.19,186.02,Credit Card
200979,2025-10-22,10656,Direct,Mobile,CA,227.14,0.0,0.0,227.14,Credit Card
200980,2025-10-12,17456,Paid Social,Mobile,AU,168.59,0.0,18.61,149.97,Apple Pay
200981,2025-12-20,5338,Organic Search,Desktop,US,117.63,0.0,0.0,117.63,PayPal
200982,2025-08-27,3771,Direct,Desktop,AU,119.02,0.0,0.0,119.02,Credit Card
200983,2026-01-23,11874,Paid Social,Mobile,UK,47.54,5.46,0.0,53.0,Credit Card
200984,2025-12-24,9280,Direct,Desktop,US,38.17,0.0,4.25,33.92,Shop Pay
200985,2025-08-19,11773,Direct,Desktop,US,117.06,0.0,0.0,117.06,Shop Pay
200986,2025-08-16,5634,Email,Desktop,AU,157.02,0.0,0.0,157.02,Shop Pay
200987,2025-09-04,12268,Organic Search,Desktop,CA,180.61,0.0,0.0,180.61,Shop Pay
200988,2025-12-22,2642,Direct,Mobile,AU,69.66,0.0,0.0,69.66,PayPal
200989,2025-08-23,1772,Paid Social,Mobile,AU,193.7,0.0,17.24,176.46,PayPal
200990,2026-01-06,15285,Organic Search,Desktop,UK,180.4,0.0,6.44,173.96,Credit Card
200991,2026-01-14,15580,Paid Social,Mobile,DE,180.29,0.0,0.0,180.29,Apple Pay
200992,2025-09-11,1458,Direct,Desktop,US,139.38,0.0,0.0,139.38,PayPal
200993,2025-09-24,9036,Paid Social,Mobile,UK,46.42,5.71,3.33,48.8,PayPal
200994,2025-12-05,6332,Direct,Desktop,AU,245.19,0.0,7.84,237.35,Shop Pay
200995,2025-11-25,5121,Organic Search,Desktop,US,94.03,0.0,0.0,94.03,PayPal
200996,2025-09-23,3160,Paid Search,Desktop,UK,171.1,0.0,8.99,162.11,Credit Card
200997,2026-01-06,4200,Paid Social,Mobile,UK,253.19,0.0,14.71,238.48,Apple Pay
200998,2025-10-02,10305,Email,Desktop,AU,239.66,0.0,8.46,231.2,Shop Pay
200999,2026-01-03,9158,Direct,Desktop,DE,89.69,0.0,8.19,81.5,Credit Card
201000,2025-08-23,14100,Paid Search,Mobile,CA,131.13,0.0,0.0,131.13,Credit Card
201001,2025-09-19,3641,Organic Search,Desktop,UK,56.04,0.0,0.0,56.04,Apple Pay
201002,2025-12-18,4140,Direct,Mobile,AU,285.94,0.0,0.0,285.94,Shop Pay
201003,2026-01-12,13306,Paid Search,Desktop,UK,241.29,0.0,0.0,241.29,Credit Card
201004,2025-11-27,3643,Paid Search,Mobile,CA,140.81,0.0,15.58,125.23,PayPal
201005,2025-09-03,7378,Paid Social,Mobile,AU,143.21,0.0,0.0,143.21,Shop Pay
201006,2025-12-20,4836,Paid Search,Mobile,CA,75.32,0.0,4.1,71.21,Credit Card
201007,2025-12-19,555,Organic Search,Desktop,DE,56.28,7.65,0.0,63.93,Shop Pay
201008,2025-11-02,848,Email,Desktop,DE,310.75,0.0,0.0,310.75,Apple Pay
201009,2025-08-21,10546,Organic Search,Desktop,AU,195.56,0.0,0.0,195.56,Credit Card
201010,2026-02-01,4139,Organic Search,Desktop,UK,65.97,0.0,0.0,65.97,Shop Pay
201011,2025-10-31,16903,Paid Social,Desktop,DE,140.78,0.0,0.0,140.78,Shop Pay
201012,2025-11-18,8205,Organic Search,Desktop,UK,163.36,0.0,8.33,155.03,PayPal
201013,2026-02-04,14257,Paid Search,Desktop,DE,156.93,0.0,15.62,141.3,PayPal
201014,2026-01-06,10560,Organic Search,Mobile,AU,55.4,0.0,5.46,49.93,PayPal
201015,2025-09-18,14765,Direct,Desktop,US,131.49,0.0,0.0,131.49,Shop Pay
201016,2026-02-03,9770,Organic Search,Mobile,AU,162.99,0.0,9.87,153.13,PayPal
201017,2025-09-04,10278,Organic Search,Desktop,US,131.13,0.0,0.0,131.13,Shop Pay
201018,2025-08-15,12212,Paid Search,Mobile,DE,79.67,0.0,5.34,74.32,Apple Pay
201019,2025-10-29,4297,Direct,Mobile,CA,90.1,0.0,9.41,80.69,Shop Pay
201020,2025-12-14,14186,Organic Search,Desktop,UK,158.95,0.0,8.28,150.67,Shop Pay
201021,2026-01-13,14228,Direct,Desktop,CA,99.79,0.0,6.94,92.85,Credit Card
201022,2025-12-20,9471,Email,Mobile,AU,131.87,0.0,0.0,131.87,Apple Pay
201023,2025-11-27,13183,Organic Search,Desktop,DE,10.09,7.63,0.8,16.93,Shop Pay
201024,2025-12-13,11286,Organic Search,Mobile,UK,189.11,0.0,0.0,189.11,Apple Pay
201025,2026-01-01,6737,Paid Social,Desktop,AU,316.26,0.0,0.0,316.26,Credit Card
201026,2025-12-08,967,Paid Search,Desktop,UK,128.72,0.0,15.11,113.6,PayPal
201027,2025-10-06,3518,Organic Search,Desktop,CA,174.43,0.0,0.0,174.43,PayPal
201028,2025-12-27,15955,Organic Search,Desktop,DE,99.01,0.0,8.52,90.49,Shop Pay
201029,2025-08-27,17386,Direct,Mobile,AU,189.19,0.0,0.0,189.19,Shop Pay
201030,2025-10-09,10610,Direct,Mobile,US,12.86,6.59,1.3,18.15,PayPal
201031,2025-09-02,1323,Email,Desktop,CA,113.28,0.0,0.0,113.28,Apple Pay
201032,2026-01-25,11784,Direct,Desktop,UK,218.16,0.0,0.0,218.16,Shop Pay
201033,2025-10-04,4573,Organic Search,Mobile,DE,186.76,0.0,17.02,169.74,Shop Pay
201034,2025-09-30,16949,Direct,Mobile,UK,176.15,0.0,0.0,176.15,Shop Pay
201035,2025-09-30,12764,Organic Search,Desktop,CA,169.72,0.0,0.0,169.72,PayPal
201036,2026-01-24,9309,Paid Social,Mobile,DE,46.68,0.0,0.0,46.68,Shop Pay
201037,2026-02-10,15652,Paid Search,Mobile,UK,105.26,0.0,4.36,100.91,Shop Pay
201038,2025-10-05,5575,Email,Desktop,US,179.92,0.0,0.0,179.92,Credit Card
201039,2025-08-24,17638,Email,Desktop,DE,104.24,0.0,5.7,98.54,Apple Pay
201040,2025-12-10,11471,Organic Search,Desktop,CA,207.68,0.0,9.78,197.91,Shop Pay
201041,2026-01-17,99,Paid Search,Mobile,US,264.95,0.0,0.0,264.95,Shop Pay
201042,2026-01-07,6341,Paid Search,Mobile,CA,166.17,0.0,0.0,166.17,Credit Card
201043,2026-01-26,13372,Direct,Mobile,DE,134.2,0.0,0.0,134.2,PayPal
201044,2026-01-08,6215,Paid Search,Mobile,CA,53.56,0.0,0.0,53.56,Shop Pay
201045,2026-01-24,7429,Organic Search,Desktop,DE,171.64,0.0,0.0,171.64,Shop Pay
201046,2025-12-16,14398,Paid Social,Mobile,US,143.83,0.0,14.25,129.59,PayPal
201047,2025-11-08,9388,Direct,Desktop,AU,136.34,0.0,14.82,121.52,Credit Card
201048,2025-11-19,2228,Paid Search,Desktop,US,155.58,0.0,0.0,155.58,Apple Pay
201049,2025-10-03,12812,Organic Search,Desktop,US,27.78,7.72,0.85,34.65,Credit Card
201050,2025-11-29,8271,Paid Search,Mobile,CA,221.95,0.0,13.73,208.22,Apple Pay
201051,2025-10-29,16992,Paid Social,Desktop,AU,238.74,0.0,0.0,238.74,Apple Pay
201052,2025-11-02,6818,Paid Search,Desktop,UK,184.7,0.0,17.79,166.9,PayPal
201053,2025-10-15,12348,Paid Social,Mobile,US,111.12,0.0,7.88,103.25,Apple Pay
201054,2025-10-20,11194,Direct,Desktop,UK,172.59,0.0,7.1,165.5,Credit Card
201055,2025-09-30,2775,Paid Social,Mobile,CA,133.63,0.0,10.03,123.61,PayPal
201056,2026-01-21,4186,Paid Social,Mobile,AU,136.01,0.0,0.0,136.01,Credit Card
201057,2025-12-29,3074,Paid Social,Mobile,UK,187.63,0.0,0.0,187.63,Credit Card
201058,2026-02-06,17971,Email,Mobile,UK,200.65,0.0,21.64,179.01,PayPal
201059,2026-01-10,10331,Direct,Mobile,US,39.78,7.43,2.9,44.31,Credit Card
201060,2025-09-08,928,Paid Search,Desktop,CA,254.81,0.0,0.0,254.81,Shop Pay
201061,2026-01-16,6181,Direct,Mobile,US,147.5,0.0,0.0,147.5,Credit Card
201062,2025-12-01,16428,Paid Social,Mobile,UK,82.62,0.0,0.0,82.62,Apple Pay
201063,2025-12-26,4285,Email,Mobile,CA,92.79,0.0,0.0,92.79,Apple Pay
201064,2026-02-05,11408,Email,Mobile,CA,226.2,0.0,0.0,226.2,Credit Card
201065,2026-02-06,17187,Email,Desktop,UK,104.97,0.0,0.0,104.97,Apple Pay
201066,2025-11-10,2022,Paid Search,Desktop,DE,198.09,0.0,0.0,198.09,Credit Card
201067,2025-12-29,10723,Paid Social,Mobile,DE,141.82,0.0,0.0,141.82,PayPal
201068,2025-11-10,17594,Direct,Mobile,CA,330.94,0.0,19.61,311.33,Credit Card
201069,2025-12-04,2027,Direct,Mobile,CA,266.37,0.0,0.0,266.37,Apple Pay
201070,2025-09-02,5088,Organic Search,Desktop,US,194.96,0.0,0.0,194.96,Shop Pay
201071,2025-08-30,3889,Direct,Mobile,AU,200.92,0.0,17.47,183.45,Credit Card
201072,2026-02-06,6581,Organic Search,Mobile,CA,131.77,0.0,0.0,131.77,Apple Pay
201073,2025-10-31,4797,Direct,Mobile,DE,49.67,0.0,0.0,49.67,Credit Card
201074,2025-09-14,9211,Paid Search,Mobile,CA,250.31,0.0,0.0,250.31,Shop Pay
201075,2025-11-07,14801,Email,Desktop,DE,53.55,0.0,0.0,53.55,Apple Pay
201076,2025-10-15,17641,Direct,Desktop,AU,56.16,0.0,3.07,53.09,PayPal
201077,2025-12-25,8314,Paid Social,Desktop,CA,18.37,7.75,0.0,26.12,Shop Pay
201078,2025-09-18,10251,Email,Desktop,DE,218.01,0.0,17.66,200.35,PayPal
201079,2026-02-08,16020,Direct,Mobile,UK,147.05,0.0,10.96,136.09,Apple Pay
201080,2025-11-22,1324,Paid Social,Desktop,DE,47.14,5.22,3.49,48.88,PayPal
201081,2025-11-13,9971,Direct,Desktop,CA,149.23,0.0,0.0,149.23,PayPal
201082,2026-01-13,12987,Paid Search,Desktop,CA,39.75,5.87,0.0,45.62,Apple Pay
201083,2025-10-17,11248,Organic Search,Desktop,CA,50.44,6.84,0.0,57.28,Apple Pay
201084,2025-11-16,12229,Organic Search,Desktop,UK,142.1,0.0,0.0,142.1,Shop Pay
201085,2025-11-16,12168,Paid Social,Mobile,DE,167.51,0.0,0.0,167.51,PayPal
201086,2026-02-08,14935,Paid Search,Mobile,CA,129.3,0.0,9.67,119.63,PayPal
201087,2025-12-07,8023,Paid Search,Desktop,CA,46.45,7.31,0.0,53.76,Shop Pay
201088,2025-12-31,3760,Paid Social,Mobile,DE,189.72,0.0,0.0,189.72,PayPal
201089,2025-10-18,16895,Organic Search,Desktop,US,73.12,0.0,0.0,73.12,PayPal
201090,2025-11-15,4180,Paid Social,Desktop,CA,35.72,0.0,4.18,31.54,Credit Card
201091,2025-10-10,11139,Email,Desktop,UK,24.22,5.26,0.0,29.48,PayPal
201092,2025-12-10,4903,Email,Mobile,DE,84.85,0.0,0.0,84.85,Apple Pay
201093,2025-10-26,6201,Paid Search,Mobile,UK,195.84,0.0,0.0,195.84,Shop Pay
201094,2025-10-24,2977,Organic Search,Desktop,UK,46.46,0.0,0.0,46.46,Credit Card
201095,2025-11-24,1227,Paid Search,Mobile,UK,150.85,0.0,13.66,137.19,PayPal
201096,2025-09-14,11787,Direct,Mobile,AU,231.38,0.0,0.0,231.38,Credit Card
201097,2025-09-18,3203,Direct,Mobile,UK,99.22,0.0,0.0,99.22,Credit Card
201098,2025-11-16,13818,Paid Social,Desktop,CA,182.35,0.0,0.0,182.35,Credit Card
201099,2025-12-04,13377,Organic Search,Desktop,US,106.4,0.0,5.44,100.96,Shop Pay
201100,2026-02-01,1219,Direct,Mobile,US,240.78,0.0,0.0,240.78,Apple Pay
201101,2025-11-24,11784,Organic Search,Desktop,CA,89.18,0.0,10.7,78.49,Apple Pay
201102,2025-11-14,2049,Paid Search,Mobile,UK,53.16,0.0,0.0,53.16,Apple Pay
201103,2026-01-03,6964,Direct,Mobile,US,106.26,0.0,10.0,96.26,Apple Pay
201104,2025-10-14,3353,Paid Search,Mobile,DE,178.49,0.0,20.1,158.39,Shop Pay
201105,2025-10-05,17919,Paid Social,Mobile,US,125.62,0.0,0.0,125.62,Credit Card
201106,2025-12-15,9311,Paid Social,Mobile,UK,212.76,0.0,14.46,198.29,PayPal
201107,2025-08-19,10771,Organic Search,Desktop,DE,198.71,0.0,0.0,198.71,Credit Card
201108,2025-12-07,2185,Paid Social,Desktop,AU,22.13,7.97,2.04,28.06,Apple Pay
201109,2025-08-29,15257,Paid Social,Desktop,CA,46.49,7.53,2.4,51.62,Shop Pay
201110,2025-10-08,4347,Direct,Desktop,DE,204.95,0.0,0.0,204.95,Shop Pay
201111,2025-10-14,16373,Direct,Desktop,DE,212.76,0.0,0.0,212.76,Shop Pay
201112,2025-10-09,8553,Paid Social,Desktop,CA,178.87,0.0,0.0,178.87,Credit Card
201113,2025-09-05,1200,Organic Search,Desktop,AU,32.57,6.31,0.0,38.87,Apple Pay
201114,2025-12-02,17348,Direct,Desktop,CA,194.79,0.0,14.28,180.51,Apple Pay
201115,2026-01-31,12504,Email,Desktop,CA,63.25,0.0,0.0,63.25,Credit Card
201116,2025-10-20,15837,Direct,Mobile,DE,266.88,0.0,0.0,266.88,Shop Pay
201117,2025-12-08,6204,Organic Search,Mobile,US,151.38,0.0,9.13,142.26,Apple Pay
201118,2025-12-22,3814,Paid Search,Mobile,CA,162.02,0.0,0.0,162.02,Shop Pay
201119,2026-01-07,3016,Organic Search,Desktop,CA,26.11,7.99,2.77,31.32,PayPal
201120,2025-10-05,542,Organic Search,Mobile,DE,67.34,0.0,0.0,67.34,Shop Pay
201121,2026-01-04,13998,Paid Social,Desktop,UK,265.66,0.0,8.31,257.34,Credit Card
201122,2026-02-02,11157,Paid Social,Desktop,AU,26.54,6.67,0.0,33.21,Apple Pay
201123,2025-12-01,13712,Organic Search,Mobile,CA,211.85,0.0,0.0,211.85,Apple Pay
201124,2025-12-23,12858,Email,Mobile,AU,72.94,0.0,7.9,65.03,Shop Pay
201125,2025-11-22,9497,Paid Search,Mobile,DE,79.23,0.0,0.0,79.23,PayPal
201126,2025-12-05,1925,Paid Social,Mobile,DE,158.83,0.0,17.42,141.41,Shop Pay
201127,2025-12-26,15037,Organic Search,Mobile,CA,13.28,5.12,0.0,18.4,PayPal
201128,2026-01-11,5917,Paid Search,Desktop,AU,10.81,7.9,0.93,17.77,Credit Card
201129,2025-12-07,8306,Direct,Mobile,AU,301.6,0.0,0.0,301.6,Shop Pay
201130,2026-01-28,14630,Email,Mobile,AU,135.62,0.0,13.21,122.41,Credit Card
201131,2025-08-22,8911,Organic Search,Desktop,DE,20.06,5.05,2.04,23.06,Shop Pay
201132,2025-10-31,15787,Email,Mobile,UK,79.89,0.0,0.0,79.89,PayPal
201133,2025-09-11,12204,Paid Search,Desktop,UK,228.69,0.0,0.0,228.69,Shop Pay
201134,2025-11-01,5519,Organic Search,Mobile,CA,21.17,6.06,0.0,27.23,PayPal
201135,2025-10-26,17370,Organic Search,Mobile,CA,98.78,0.0,0.0,98.78,Shop Pay
201136,2026-01-30,8129,Paid Social,Desktop,AU,64.76,0.0,4.91,59.85,PayPal
201137,2025-11-14,2857,Email,Desktop,DE,63.89,0.0,0.0,63.89,Shop Pay
201138,2025-08-17,1968,Paid Search,Mobile,UK,213.34,0.0,0.0,213.34,Shop Pay
201139,2025-09-11,2584,Organic Search,Desktop,AU,40.15,6.03,0.0,46.18,Apple Pay
201140,2025-10-07,8068,Organic Search,Desktop,US,201.89,0.0,0.0,201.89,PayPal
201141,2025-12-04,15670,Paid Social,Desktop,DE,148.73,0.0,0.0,148.73,Apple Pay
201142,2025-12-17,7255,Paid Search,Mobile,DE,107.84,0.0,0.0,107.84,Shop Pay
201143,2025-12-13,13589,Direct,Desktop,CA,218.65,0.0,0.0,218.65,Shop Pay
201144,2026-01-15,8124,Direct,Desktop,US,274.55,0.0,0.0,274.55,PayPal
201145,2025-11-11,1490,Direct,Desktop,AU,227.21,0.0,0.0,227.21,Credit Card
201146,2025-12-19,4612,Paid Search,Desktop,US,55.39,0.0,0.0,55.39,Shop Pay
201147,2025-10-11,3343,Paid Social,Desktop,UK,88.44,0.0,3.76,84.68,Credit Card
201148,2026-01-10,9097,Email,Mobile,AU,167.68,0.0,11.3,156.38,Apple Pay
201149,2026-01-05,4540,Paid Social,Mobile,US,45.1,0.0,0.0,45.1,Credit Card
201150,2026-01-21,16350,Organic Search,Desktop,CA,199.14,0.0,0.0,199.14,Credit Card
201151,2025-09-02,8552,Email,Desktop,UK,220.1,0.0,14.59,205.51,Apple Pay
201152,2025-08-20,14745,Direct,Desktop,AU,140.72,0.0,0.0,140.72,PayPal
201153,2026-01-06,1407,Paid Search,Desktop,DE,111.15,0.0,0.0,111.15,Apple Pay
201154,2025-10-01,10815,Paid Social,Mobile,AU,159.96,0.0,0.0,159.96,Credit Card
201155,2025-08-19,8347,Paid Social,Mobile,US,51.31,6.27,0.0,57.58,Shop Pay
201156,2025-11-16,17331,Organic Search,Mobile,CA,92.3,0.0,0.0,92.3,Apple Pay
201157,2026-01-21,5255,Paid Social,Desktop,CA,197.72,0.0,0.0,197.72,Apple Pay
201158,2025-08-16,12968,Direct,Mobile,CA,204.41,0.0,11.97,192.44,PayPal
201159,2025-09-02,5872,Paid Search,Desktop,US,58.38,7.16,0.0,65.54,Credit Card
201160,2025-11-16,4220,Paid Social,Mobile,US,247.51,0.0,21.24,226.26,PayPal
201161,2026-01-26,15630,Organic Search,Mobile,UK,428.99,0.0,0.0,428.99,Credit Card
201162,2025-10-10,5649,Direct,Mobile,US,19.98,5.83,2.22,23.6,PayPal
201163,2025-12-27,13920,Paid Search,Mobile,UK,153.95,0.0,0.0,153.95,PayPal
201164,2025-12-01,16199,Paid Social,Mobile,US,65.88,0.0,2.3,63.58,Shop Pay
201165,2025-08-21,13542,Direct,Mobile,DE,83.24,0.0,0.0,83.24,Credit Card
201166,2026-01-21,3514,Paid Social,Desktop,DE,174.58,0.0,9.12,165.47,Credit Card
201167,2025-11-01,5792,Email,Mobile,US,171.07,0.0,0.0,171.07,Apple Pay
201168,2025-10-03,7331,Paid Social,Mobile,AU,53.47,0.0,1.61,51.86,Apple Pay
201169,2025-10-01,5545,Direct,Mobile,DE,127.88,0.0,11.69,116.19,PayPal
201170,2026-01-26,1424,Direct,Desktop,AU,181.02,0.0,15.94,165.08,Apple Pay
201171,2025-08-16,15255,Paid Search,Mobile,AU,153.29,0.0,7.12,146.17,Apple Pay
201172,2025-09-05,8149,Paid Social,Desktop,DE,133.24,0.0,6.82,126.42,Credit Card
201173,2025-10-05,7562,Paid Search,Mobile,CA,151.25,0.0,0.0,151.25,Credit Card
201174,2026-01-24,7943,Email,Desktop,CA,150.58,0.0,13.09,137.49,Shop Pay
201175,2025-12-08,11457,Organic Search,Mobile,AU,173.5,0.0,0.0,173.5,Apple Pay
201176,2025-08-19,14957,Email,Mobile,UK,141.36,0.0,0.0,141.36,Credit Card
201177,2025-11-16,911,Paid Social,Desktop,UK,96.19,0.0,11.02,85.17,PayPal
201178,2025-12-22,8219,Paid Social,Mobile,AU,116.34,0.0,6.82,109.52,PayPal
201179,2025-12-12,15221,Organic Search,Desktop,CA,157.56,0.0,17.4,140.16,Apple Pay
201180,2026-01-11,17631,Paid Social,Desktop,US,65.66,0.0,0.0,65.66,PayPal
201181,2026-01-29,337,Paid Search,Mobile,US,54.73,0.0,0.0,54.73,PayPal
201182,2026-01-28,7377,Paid Social,Desktop,US,34.1,5.89,1.6,38.4,Shop Pay
201183,2026-02-01,3188,Direct,Desktop,CA,211.37,0.0,0.0,211.37,Apple Pay
201184,2025-12-28,792,Paid Search,Mobile,US,114.72,0.0,6.93,107.79,Credit Card
201185,2026-01-30,8113,Email,Desktop,CA,158.65,0.0,17.97,140.68,Apple Pay
201186,2025-12-30,9966,Paid Search,Mobile,DE,95.73,0.0,3.93,91.8,PayPal
201187,2026-01-31,16459,Paid Social,Mobile,UK,334.75,0.0,0.0,334.75,Apple Pay
201188,2026-01-28,3459,Email,Mobile,UK,225.48,0.0,16.35,209.14,Shop Pay
201189,2025-10-10,5032,Organic Search,Desktop,AU,95.51,0.0,0.0,95.51,Credit Card
201190,2025-08-24,7105,Paid Search,Desktop,AU,244.42,0.0,0.0,244.42,PayPal
201191,2026-01-02,12181,Paid Search,Mobile,DE,283.87,0.0,0.0,283.87,Credit Card
201192,2025-10-06,1845,Email,Desktop,DE,27.5,6.79,0.0,34.29,Shop Pay
201193,2025-10-06,11745,Paid Social,Desktop,US,146.82,0.0,0.0,146.82,Credit Card
201194,2026-01-15,5397,Direct,Mobile,DE,45.63,7.95,0.0,53.59,Credit Card
201195,2026-01-08,666,Paid Search,Mobile,DE,369.58,0.0,0.0,369.58,Apple Pay
201196,2025-10-30,8386,Paid Search,Mobile,CA,115.03,0.0,0.0,115.03,Apple Pay
201197,2025-09-21,9620,Direct,Desktop,UK,24.07,6.98,1.32,29.74,Apple Pay
201198,2025-08-29,202,Direct,Mobile,AU,39.12,7.72,0.0,46.84,Shop Pay
201199,2025-11-11,2770,Paid Search,Mobile,DE,95.08,0.0,0.0,95.08,Credit Card
201200,2025-10-28,13697,Email,Desktop,UK,172.48,0.0,0.0,172.48,Credit Card
201201,2025-12-22,7690,Email,Desktop,US,133.15,0.0,0.0,133.15,PayPal
201202,2025-09-09,8863,Direct,Mobile,US,141.99,0.0,0.0,141.99,Credit Card
201203,2026-01-01,11357,Paid Social,Mobile,US,124.37,0.0,7.15,117.22,Apple Pay
201204,2026-02-10,16028,Paid Search,Desktop,AU,49.47,5.41,2.83,52.05,Credit Card
201205,2025-10-02,8099,Email,Desktop,AU,85.76,0.0,0.0,85.76,Shop Pay
201206,2025-10-24,17293,Email,Desktop,AU,107.27,0.0,0.0,107.27,Apple Pay
201207,2025-10-10,9916,Paid Search,Desktop,UK,32.2,5.03,0.0,37.23,Shop Pay
201208,2025-12-21,15482,Email,Desktop,US,52.58,0.0,0.0,52.58,PayPal
201209,2025-12-02,13623,Paid Search,Desktop,AU,159.37,0.0,0.0,159.37,Credit Card
201210,2025-10-19,17628,Paid Search,Mobile,AU,106.55,0.0,0.0,106.55,Shop Pay
201211,2025-11-16,6650,Email,Mobile,UK,100.21,0.0,0.0,100.21,Apple Pay
201212,2025-12-13,2925,Organic Search,Desktop,AU,89.36,0.0,0.0,89.36,Credit Card
201213,2025-09-07,14753,Paid Search,Mobile,US,26.25,7.15,1.08,32.32,Shop Pay
201214,2025-09-07,16098,Paid Social,Desktop,US,166.26,0.0,0.0,166.26,Apple Pay
201215,2025-11-21,23,Direct,Desktop,CA,65.53,0.0,0.0,65.53,Shop Pay
201216,2026-01-17,5641,Direct,Desktop,DE,183.62,0.0,0.0,183.62,Credit Card
201217,2026-01-11,11652,Direct,Desktop,UK,159.4,0.0,0.0,159.4,Shop Pay
201218,2025-12-02,17105,Paid Social,Mobile,DE,66.24,0.0,0.0,66.24,PayPal
201219,2025-10-29,15798,Paid Search,Mobile,CA,95.65,0.0,0.0,95.65,Apple Pay
201220,2025-09-03,13648,Organic Search,Desktop,DE,19.08,5.02,0.0,24.1,Credit Card
201221,2025-09-21,13665,Direct,Mobile,DE,174.0,0.0,0.0,174.0,Apple Pay
201222,2025-09-26,975,Email,Desktop,DE,55.45,0.0,0.0,55.45,PayPal
201223,2025-08-22,12050,Email,Mobile,US,98.94,0.0,0.0,98.94,Shop Pay
201224,2026-01-11,11521,Email,Mobile,UK,51.35,0.0,0.0,51.35,PayPal
201225,2025-08-26,9076,Email,Mobile,UK,13.71,7.35,0.0,21.06,Credit Card
201226,2025-09-08,14241,Paid Social,Desktop,AU,173.39,0.0,7.76,165.64,Shop Pay
201227,2025-12-18,9351,Direct,Mobile,UK,55.01,0.0,2.15,52.86,Apple Pay
201228,2026-01-03,4037,Paid Search,Mobile,UK,199.98,0.0,0.0,199.98,Apple Pay
201229,2026-01-21,3932,Direct,Mobile,UK,167.47,0.0,0.0,167.47,Credit Card
201230,2026-01-28,11084,Organic Search,Mobile,UK,51.18,0.0,4.89,46.29,Apple Pay
201231,2025-11-16,17435,Paid Social,Mobile,AU,242.31,0.0,21.4,220.91,PayPal
201232,2025-11-11,3164,Paid Social,Desktop,UK,106.22,0.0,0.0,106.22,Credit Card
201233,2025-10-10,12510,Organic Search,Desktop,DE,23.0,7.08,0.0,30.08,Credit Card
201234,2025-09-19,1524,Paid Search,Mobile,CA,268.88,0.0,23.78,245.1,Shop Pay
201235,2025-10-05,12611,Organic Search,Mobile,DE,337.65,0.0,0.0,337.65,Shop Pay
201236,2026-01-17,8397,Email,Mobile,AU,317.39,0.0,0.0,317.39,Apple Pay
201237,2026-01-18,1802,Organic Search,Desktop,AU,122.61,0.0,9.59,113.02,Apple Pay
201238,2026-01-27,1294,Organic Search,Desktop,AU,120.36,0.0,0.0,120.36,Shop Pay
201239,2025-10-07,3742,Direct,Mobile,UK,203.3,0.0,0.0,203.3,Shop Pay
201240,2025-09-05,15950,Paid Social,Mobile,US,148.91,0.0,10.57,138.34,Apple Pay
201241,2025-12-23,4478,Paid Social,Mobile,AU,178.31,0.0,0.0,178.31,Credit Card
201242,2026-01-17,14283,Direct,Mobile,DE,124.3,0.0,8.59,115.71,Shop Pay
201243,2025-12-28,9154,Paid Social,Desktop,AU,150.63,0.0,14.65,135.98,Shop Pay
201244,2025-11-02,16089,Paid Search,Mobile,CA,69.19,0.0,2.93,66.25,PayPal
201245,2025-10-27,7182,Organic Search,Desktop,DE,66.42,0.0,0.0,66.42,Shop Pay
201246,2025-11-10,16195,Organic Search,Mobile,AU,230.48,0.0,0.0,230.48,Shop Pay
201247,2025-11-15,17441,Direct,Desktop,US,204.26,0.0,0.0,204.26,Shop Pay
201248,2026-01-11,1557,Paid Social,Mobile,CA,95.4,0.0,0.0,95.4,Apple Pay
201249,2025-10-27,12437,Direct,Mobile,DE,50.26,0.0,0.0,50.26,Apple Pay
201250,2025-11-23,426,Direct,Mobile,US,286.99,0.0,20.6,266.39,PayPal
201251,2025-11-17,17106,Organic Search,Mobile,CA,261.84,0.0,0.0,261.84,PayPal
201252,2026-01-29,8092,Paid Social,Mobile,DE,143.58,0.0,9.13,134.45,Apple Pay
201253,2025-09-06,6572,Paid Search,Desktop,US,38.24,6.38,1.8,42.82,Apple Pay
201254,2025-09-18,3590,Paid Social,Mobile,CA,209.16,0.0,0.0,209.16,PayPal
201255,2026-01-31,8657,Paid Search,Mobile,DE,249.34,0.0,0.0,249.34,Credit Card
201256,2025-10-18,8984,Paid Search,Mobile,AU,124.17,0.0,0.0,124.17,Shop Pay
201257,2025-10-20,1085,Paid Search,Mobile,CA,360.56,0.0,0.0,360.56,Apple Pay
201258,2025-12-14,17239,Organic Search,Desktop,US,80.2,0.0,9.14,71.06,Apple Pay
201259,2025-10-08,5755,Organic Search,Desktop,DE,366.27,0.0,20.14,346.12,Shop Pay
201260,2025-11-10,6622,Email,Mobile,DE,139.48,0.0,4.82,134.66,Apple Pay
201261,2026-01-16,2499,Direct,Mobile,CA,119.65,0.0,0.0,119.65,Shop Pay
201262,2025-10-03,14421,Email,Mobile,DE,146.45,0.0,0.0,146.45,Credit Card
201263,2025-10-08,6353,Paid Search,Mobile,AU,71.21,0.0,0.0,71.21,Apple Pay
201264,2026-01-14,1345,Paid Social,Desktop,DE,259.62,0.0,13.65,245.97,Shop Pay
201265,2025-12-17,8607,Organic Search,Mobile,AU,60.85,0.0,0.0,60.85,PayPal
201266,2025-12-23,7504,Email,Mobile,DE,89.0,0.0,5.87,83.12,PayPal
201267,2025-11-27,13539,Paid Search,Mobile,CA,128.81,0.0,0.0,128.81,Shop Pay
201268,2025-12-06,17042,Paid Search,Desktop,CA,190.65,0.0,0.0,190.65,Credit Card
201269,2025-09-02,317,Email,Mobile,US,102.34,0.0,3.9,98.44,Credit Card
201270,2025-09-13,17297,Organic Search,Mobile,CA,228.47,0.0,0.0,228.47,Apple Pay
201271,2026-02-05,2956,Email,Desktop,US,108.43,0.0,4.99,103.45,Shop Pay
201272,2026-01-27,11765,Organic Search,Mobile,US,139.25,0.0,0.0,139.25,Apple Pay
201273,2025-12-26,9545,Organic Search,Desktop,DE,170.39,0.0,15.01,155.37,Apple Pay
201274,2025-09-15,15767,Organic Search,Mobile,US,196.16,0.0,0.0,196.16,PayPal
201275,2025-08-26,1593,Email,Mobile,AU,140.96,0.0,0.0,140.96,Credit Card
201276,2025-09-04,15827,Direct,Mobile,AU,169.57,0.0,0.0,169.57,Shop Pay
201277,2025-10-12,11160,Direct,Desktop,DE,260.83,0.0,8.61,252.21,Apple Pay
201278,2025-11-08,5907,Direct,Desktop,DE,138.07,0.0,0.0,138.07,Apple Pay
201279,2025-09-13,5484,Email,Desktop,AU,65.0,0.0,0.0,65.0,Apple Pay
201280,2025-08-19,2625,Direct,Desktop,AU,30.13,7.93,0.0,38.06,Shop Pay
201281,2025-10-09,15898,Paid Search,Mobile,US,111.64,0.0,0.0,111.64,Credit Card
201282,2025-09-08,2659,Organic Search,Mobile,CA,118.43,0.0,0.0,118.43,Credit Card
201283,2026-01-04,4088,Direct,Mobile,AU,145.45,0.0,0.0,145.45,Credit Card
201284,2025-09-10,677,Paid Social,Desktop,DE,103.76,0.0,0.0,103.76,Apple Pay
201285,2026-01-22,4649,Organic Search,Mobile,DE,398.6,0.0,21.77,376.84,Credit Card
201286,2025-09-08,11048,Paid Search,Mobile,US,42.3,0.0,3.52,38.78,Apple Pay
201287,2025-11-25,9676,Email,Desktop,UK,29.38,7.76,1.19,35.95,Credit Card
201288,2025-12-22,3565,Email,Desktop,AU,91.4,0.0,6.24,85.16,PayPal
201289,2025-12-14,7480,Organic Search,Desktop,CA,221.51,0.0,9.65,211.86,Apple Pay
201290,2025-08-17,13761,Direct,Mobile,AU,8.84,7.23,0.0,16.06,Apple Pay
201291,2025-11-22,9368,Organic Search,Mobile,AU,69.58,0.0,5.58,64.0,Apple Pay
201292,2025-08-19,4164,Paid Search,Desktop,CA,107.44,0.0,3.52,103.93,Credit Card
201293,2025-10-01,16260,Paid Social,Mobile,AU,202.65,0.0,0.0,202.65,Apple Pay
201294,2025-12-29,5792,Paid Search,Mobile,DE,272.41,0.0,0.0,272.41,Credit Card
201295,2025-09-25,7432,Organic Search,Mobile,CA,280.62,0.0,16.84,263.79,PayPal
201296,2025-12-09,2830,Paid Social,Mobile,CA,115.55,0.0,0.0,115.55,Shop Pay
201297,2026-01-16,10125,Paid Search,Desktop,AU,157.34,0.0,0.0,157.34,Credit Card
201298,2025-11-06,15718,Paid Social,Mobile,UK,201.66,0.0,0.0,201.66,Apple Pay
201299,2025-11-29,7474,Direct,Desktop,CA,11.96,6.51,0.0,18.47,Apple Pay
201300,2025-12-21,2745,Paid Search,Desktop,US,51.26,0.0,0.0,51.26,PayPal
201301,2025-11-02,16067,Paid Search,Mobile,US,280.52,0.0,0.0,280.52,Shop Pay
201302,2025-09-18,4736,Paid Social,Mobile,US,31.4,7.35,2.74,36.01,Shop Pay
201303,2025-09-10,7037,Paid Social,Mobile,DE,106.63,0.0,0.0,106.63,Credit Card
201304,2025-12-08,10861,Paid Search,Mobile,AU,159.37,0.0,15.12,144.24,Apple Pay
201305,2026-01-04,16096,Paid Search,Mobile,AU,93.1,0.0,0.0,93.1,Credit Card
201306,2026-01-21,17953,Paid Social,Desktop,CA,78.86,0.0,0.0,78.86,PayPal
201307,2025-10-29,13770,Direct,Desktop,CA,113.87,0.0,0.0,113.87,PayPal
201308,2025-12-03,11734,Direct,Desktop,DE,138.88,0.0,0.0,138.88,Credit Card
201309,2025-12-12,15974,Direct,Mobile,AU,281.17,0.0,0.0,281.17,Shop Pay
201310,2026-01-23,17619,Paid Search,Desktop,US,320.07,0.0,0.0,320.07,Apple Pay
201311,2025-09-01,9883,Direct,Desktop,US,201.57,0.0,0.0,201.57,Credit Card
201312,2026-02-10,15003,Email,Desktop,UK,259.65,0.0,0.0,259.65,Apple Pay
201313,2025-09-14,3371,Email,Mobile,US,270.19,0.0,18.32,251.88,PayPal
201314,2025-11-11,2974,Direct,Mobile,CA,76.26,0.0,0.0,76.26,Shop Pay
201315,2026-01-25,545,Paid Search,Desktop,DE,138.82,0.0,0.0,138.82,Apple Pay
201316,2026-01-28,6040,Organic Search,Desktop,US,103.18,0.0,0.0,103.18,Apple Pay
201317,2025-10-07,11879,Email,Mobile,AU,326.0,0.0,0.0,326.0,PayPal
201318,2025-10-20,1518,Email,Desktop,CA,90.54,0.0,8.06,82.47,PayPal
201319,2025-11-12,9840,Organic Search,Mobile,US,85.47,0.0,0.0,85.47,Apple Pay
201320,2025-12-28,1430,Email,Mobile,DE,54.33,0.0,2.92,51.41,Shop Pay
201321,2025-09-14,10761,Direct,Mobile,AU,165.75,0.0,19.07,146.68,Credit Card
201322,2026-01-12,412,Email,Mobile,US,18.11,5.28,0.0,23.39,Shop Pay
201323,2025-11-16,11156,Paid Search,Mobile,US,125.14,0.0,0.0,125.14,PayPal
201324,2025-09-01,9905,Paid Search,Desktop,AU,104.56,0.0,6.63,97.93,PayPal
201325,2025-09-08,2356,Paid Search,Mobile,CA,57.52,0.0,0.0,57.52,PayPal
201326,2025-11-01,12636,Paid Social,Mobile,UK,58.6,0.0,0.0,58.6,PayPal
201327,2026-02-10,10366,Paid Search,Mobile,UK,318.43,0.0,0.0,318.43,PayPal
201328,2025-12-24,14312,Organic Search,Desktop,AU,30.76,7.45,1.93,36.28,Apple Pay
201329,2026-01-06,9079,Paid Social,Mobile,US,56.86,7.31,0.0,64.17,PayPal
201330,2025-11-10,17440,Paid Search,Mobile,US,225.94,0.0,7.63,218.31,PayPal
201331,2025-10-26,11928,Email,Mobile,UK,54.39,0.0,0.0,54.39,Shop Pay
201332,2025-11-25,758,Paid Search,Desktop,AU,344.44,0.0,34.9,309.54,Shop Pay
201333,2025-11-02,3931,Email,Desktop,UK,113.92,0.0,0.0,113.92,Shop Pay
201334,2026-01-22,3038,Direct,Mobile,CA,94.9,0.0,4.9,90.0,Credit Card
201335,2025-08-28,129,Organic Search,Mobile,US,374.98,0.0,0.0,374.98,Shop Pay
201336,2025-08-23,2731,Paid Social,Desktop,US,137.57,0.0,9.35,128.23,Credit Card
201337,2025-09-03,17201,Paid Social,Mobile,UK,249.83,0.0,0.0,249.83,Credit Card
201338,2026-01-13,8190,Email,Desktop,UK,119.06,0.0,0.0,119.06,Credit Card
201339,2025-11-20,9180,Direct,Desktop,UK,175.63,0.0,17.78,157.85,Shop Pay
201340,2026-01-12,852,Paid Search,Desktop,DE,161.75,0.0,7.38,154.37,Credit Card
201341,2025-12-24,2296,Paid Search,Mobile,CA,108.85,0.0,6.64,102.21,PayPal
201342,2026-02-01,17497,Paid Search,Desktop,US,126.72,0.0,0.0,126.72,Shop Pay
201343,2025-09-22,6942,Paid Search,Mobile,US,300.4,0.0,16.85,283.55,Apple Pay
201344,2026-01-18,1926,Paid Social,Desktop,AU,25.78,5.54,2.62,28.7,Apple Pay
201345,2025-11-09,4546,Paid Social,Mobile,AU,76.4,0.0,0.0,76.4,Shop Pay
201346,2025-11-09,14026,Email,Mobile,UK,57.47,5.54,0.0,63.01,Shop Pay
201347,2025-08-15,1703,Direct,Desktop,CA,156.36,0.0,0.0,156.36,Credit Card
201348,2025-09-25,1533,Organic Search,Desktop,UK,91.52,0.0,10.03,81.49,Shop Pay
201349,2025-12-18,14986,Paid Social,Desktop,US,116.66,0.0,0.0,116.66,PayPal
201350,2025-08-20,2316,Direct,Mobile,CA,118.55,0.0,8.12,110.43,Credit Card
201351,2025-08-22,11549,Organic Search,Desktop,AU,193.1,0.0,16.49,176.6,PayPal
201352,2025-08-20,5580,Direct,Mobile,CA,89.25,0.0,0.0,89.25,Credit Card
201353,2026-01-04,6812,Paid Search,Desktop,AU,212.24,0.0,0.0,212.24,PayPal
201354,2025-12-25,2543,Email,Mobile,UK,109.48,0.0,0.0,109.48,Credit Card
201355,2025-11-20,14621,Paid Social,Mobile,CA,184.16,0.0,17.24,166.92,Shop Pay
201356,2025-12-07,15004,Direct,Mobile,AU,327.5,0.0,17.81,309.69,Apple Pay
201357,2025-08-17,12541,Organic Search,Mobile,DE,263.18,0.0,0.0,263.18,Shop Pay
201358,2025-12-12,5412,Email,Mobile,CA,148.26,0.0,0.0,148.26,Apple Pay
201359,2025-09-12,17525,Organic Search,Mobile,US,38.15,7.94,0.0,46.09,PayPal
201360,2025-10-26,6541,Paid Search,Desktop,US,114.57,0.0,0.0,114.57,PayPal
201361,2025-09-26,13327,Organic Search,Mobile,CA,143.77,0.0,14.72,129.06,Shop Pay
201362,2026-01-05,17494,Paid Social,Mobile,AU,97.06,0.0,8.17,88.89,Credit Card
201363,2025-12-27,5576,Organic Search,Desktop,AU,266.74,0.0,0.0,266.74,Credit Card
201364,2025-10-28,13473,Paid Social,Mobile,UK,63.68,0.0,0.0,63.68,Credit Card
201365,2026-01-30,6024,Organic Search,Mobile,UK,9.64,6.66,0.0,16.3,Shop Pay
201366,2026-01-29,10717,Paid Social,Mobile,US,353.72,0.0,0.0,353.72,Shop Pay
201367,2025-10-13,10589,Direct,Desktop,AU,47.89,5.46,0.0,53.35,PayPal
201368,2025-09-02,13017,Organic Search,Mobile,DE,225.42,0.0,0.0,225.42,Credit Card
201369,2025-12-04,13595,Organic Search,Mobile,UK,127.96,0.0,0.0,127.96,Shop Pay
201370,2025-11-16,12771,Direct,Mobile,UK,126.87,0.0,6.05,120.83,Apple Pay
201371,2025-11-20,12077,Email,Mobile,CA,309.96,0.0,16.24,293.73,Credit Card
201372,2025-09-13,10703,Paid Search,Mobile,US,149.03,0.0,7.35,141.68,Apple Pay
201373,2025-11-22,2654,Direct,Mobile,UK,139.62,0.0,12.44,127.18,PayPal
201374,2026-02-09,5828,Paid Social,Mobile,CA,226.23,0.0,0.0,226.23,Shop Pay
201375,2025-11-27,3974,Organic Search,Desktop,UK,127.8,0.0,0.0,127.8,PayPal
201376,2025-08-15,1838,Paid Social,Desktop,US,206.86,0.0,0.0,206.86,Credit Card
201377,2026-02-01,15725,Email,Mobile,CA,331.78,0.0,27.95,303.83,PayPal
201378,2025-09-12,8695,Organic Search,Desktop,CA,106.54,0.0,0.0,106.54,Shop Pay
201379,2025-10-18,828,Paid Search,Desktop,AU,65.27,0.0,0.0,65.27,Credit Card
201380,2025-10-31,9065,Email,Mobile,US,169.68,0.0,19.82,149.86,Apple Pay
201381,2025-08-26,9020,Organic Search,Mobile,CA,79.82,0.0,0.0,79.82,Credit Card
201382,2025-09-12,7585,Direct,Desktop,CA,160.74,0.0,0.0,160.74,Apple Pay
201383,2025-08-16,11455,Organic Search,Desktop,DE,164.68,0.0,0.0,164.68,PayPal
201384,2025-10-22,15853,Paid Search,Mobile,UK,100.94,0.0,0.0,100.94,Shop Pay
201385,2025-12-14,13903,Email,Desktop,DE,135.4,0.0,0.0,135.4,Shop Pay
201386,2025-09-26,140,Paid Search,Mobile,CA,59.12,0.0,3.1,56.02,Apple Pay
201387,2025-11-11,15439,Email,Mobile,AU,230.22,0.0,0.0,230.22,Shop Pay
201388,2025-11-18,12849,Paid Search,Mobile,DE,136.0,0.0,0.0,136.0,Apple Pay
201389,2025-10-05,10289,Paid Social,Mobile,UK,72.56,0.0,0.0,72.56,Apple Pay
201390,2026-01-02,3931,Organic Search,Desktop,UK,182.23,0.0,0.0,182.23,Apple Pay
201391,2025-10-15,16905,Direct,Desktop,DE,143.29,0.0,0.0,143.29,PayPal
201392,2025-10-03,14068,Email,Desktop,CA,179.15,0.0,0.0,179.15,Shop Pay
201393,2026-02-06,16515,Paid Search,Desktop,DE,173.04,0.0,0.0,173.04,Credit Card
201394,2025-09-11,10617,Organic Search,Desktop,CA,128.52,0.0,9.55,118.97,Credit Card
201395,2025-11-18,16354,Direct,Desktop,US,162.21,0.0,0.0,162.21,PayPal
201396,2025-09-30,5132,Direct,Mobile,AU,32.42,5.68,3.31,34.79,Apple Pay
201397,2026-01-06,17050,Direct,Desktop,UK,143.18,0.0,6.99,136.2,Credit Card
201398,2025-10-25,9460,Paid Social,Mobile,DE,109.96,0.0,0.0,109.96,Shop Pay
201399,2025-10-23,3862,Email,Desktop,DE,273.87,0.0,9.28,264.58,Apple Pay
201400,2026-01-01,13164,Paid Social,Desktop,DE,27.63,6.53,3.2,30.97,Shop Pay
201401,2025-11-28,16253,Organic Search,Desktop,US,134.73,0.0,0.0,134.73,Shop Pay
201402,2026-01-29,10575,Paid Social,Mobile,CA,210.03,0.0,0.0,210.03,PayPal
201403,2026-01-26,7089,Paid Social,Mobile,US,59.03,7.84,0.0,66.86,PayPal
201404,2025-09-11,12038,Direct,Mobile,DE,177.16,0.0,0.0,177.16,Shop Pay
201405,2025-09-19,14091,Direct,Mobile,AU,111.47,0.0,4.09,107.38,Shop Pay
201406,2026-01-03,13055,Paid Social,Desktop,DE,13.46,7.85,0.0,21.32,PayPal
201407,2025-09-22,11916,Paid Search,Desktop,CA,160.36,0.0,0.0,160.36,PayPal
201408,2025-10-21,16359,Direct,Desktop,US,163.15,0.0,11.32,151.83,Shop Pay
201409,2025-11-11,4746,Organic Search,Desktop,DE,105.89,0.0,0.0,105.89,Shop Pay
201410,2026-01-01,16551,Organic Search,Desktop,CA,173.81,0.0,17.57,156.23,PayPal
201411,2025-09-26,12805,Paid Social,Mobile,UK,84.57,0.0,0.0,84.57,Credit Card
201412,2026-01-03,1996,Paid Social,Desktop,CA,245.47,0.0,0.0,245.47,Apple Pay
201413,2025-09-22,243,Email,Desktop,UK,227.15,0.0,13.78,213.37,Credit Card
201414,2026-02-04,11247,Paid Social,Desktop,UK,124.59,0.0,0.0,124.59,Apple Pay
201415,2025-10-04,9460,Organic Search,Mobile,AU,111.39,0.0,0.0,111.39,Shop Pay
201416,2025-08-18,7054,Organic Search,Mobile,AU,102.0,0.0,0.0,102.0,PayPal
201417,2025-10-29,16871,Direct,Desktop,CA,242.56,0.0,8.55,234.01,PayPal
201418,2026-01-04,15192,Organic Search,Desktop,DE,245.86,0.0,0.0,245.86,Apple Pay
201419,2026-01-11,871,Paid Search,Mobile,DE,218.32,0.0,0.0,218.32,Apple Pay
201420,2026-01-28,10170,Paid Search,Mobile,UK,58.7,7.08,5.05,60.72,Apple Pay
201421,2026-01-21,4663,Email,Desktop,US,209.58,0.0,0.0,209.58,Apple Pay
201422,2025-09-08,13998,Organic Search,Mobile,CA,171.62,0.0,0.0,171.62,Apple Pay
201423,2025-10-01,2262,Paid Social,Mobile,AU,86.55,0.0,0.0,86.55,Apple Pay
201424,2025-09-10,13577,Paid Search,Desktop,CA,111.25,0.0,8.56,102.69,Shop Pay
201425,2025-10-21,4791,Organic Search,Mobile,US,172.9,0.0,0.0,172.9,Credit Card
201426,2025-10-19,11789,Email,Mobile,AU,95.35,0.0,0.0,95.35,Shop Pay
201427,2026-01-15,7917,Paid Search,Mobile,DE,111.07,0.0,0.0,111.07,Shop Pay
201428,2025-09-21,12839,Paid Search,Mobile,AU,262.25,0.0,0.0,262.25,Apple Pay
201429,2025-09-03,2563,Email,Mobile,CA,45.46,5.53,4.67,46.32,PayPal
201430,2026-01-21,17165,Direct,Desktop,UK,297.41,0.0,0.0,297.41,Shop Pay
201431,2025-10-18,11812,Email,Mobile,CA,189.27,0.0,14.92,174.35,Apple Pay
201432,2025-11-26,11023,Organic Search,Desktop,CA,119.29,0.0,0.0,119.29,Shop Pay
201433,2025-11-25,11418,Organic Search,Mobile,US,29.9,7.65,0.0,37.55,PayPal
201434,2025-09-22,5531,Paid Search,Desktop,AU,72.97,0.0,0.0,72.97,Apple Pay
201435,2025-11-06,15587,Paid Social,Desktop,AU,236.88,0.0,0.0,236.88,PayPal
201436,2025-12-14,8870,Email,Desktop,DE,162.04,0.0,0.0,162.04,PayPal
201437,2025-08-24,15906,Organic Search,Mobile,CA,78.23,0.0,2.98,75.25,Apple Pay
201438,2025-10-31,5378,Direct,Mobile,US,11.78,7.1,0.49,18.39,Credit Card
201439,2026-01-06,10947,Paid Search,Desktop,AU,50.56,6.21,0.0,56.77,Shop Pay
201440,2026-01-31,2977,Email,Desktop,CA,275.18,0.0,11.16,264.02,Credit Card
201441,2026-01-23,7300,Paid Search,Desktop,DE,222.96,0.0,0.0,222.96,Apple Pay
201442,2025-12-27,12483,Email,Mobile,AU,268.16,0.0,0.0,268.16,Shop Pay
201443,2025-11-05,14319,Email,Desktop,CA,105.15,0.0,9.81,95.34,Credit Card
201444,2025-09-21,3134,Paid Search,Desktop,DE,113.74,0.0,0.0,113.74,Credit Card
201445,2025-10-24,1606,Email,Mobile,AU,196.97,0.0,0.0,196.97,Apple Pay
201446,2025-12-03,10358,Direct,Mobile,DE,192.24,0.0,0.0,192.24,Apple Pay
201447,2025-12-20,15352,Direct,Mobile,DE,172.51,0.0,15.75,156.76,Apple Pay
201448,2025-10-02,16032,Paid Search,Mobile,AU,210.93,0.0,0.0,210.93,Shop Pay
201449,2025-09-09,1677,Organic Search,Mobile,US,120.26,0.0,0.0,120.26,Apple Pay
201450,2026-02-03,8114,Direct,Desktop,DE,232.96,0.0,0.0,232.96,Shop Pay
201451,2026-01-04,6127,Email,Desktop,UK,92.37,0.0,0.0,92.37,Shop Pay
201452,2026-01-10,12504,Paid Search,Desktop,US,189.02,0.0,0.0,189.02,Apple Pay
201453,2025-11-14,10159,Email,Desktop,AU,70.58,0.0,0.0,70.58,PayPal
201454,2025-10-06,688,Email,Mobile,CA,250.49,0.0,10.6,239.89,Apple Pay
201455,2025-09-24,3993,Email,Mobile,DE,48.53,7.94,3.67,52.79,Credit Card
201456,2025-11-26,8543,Email,Desktop,AU,240.61,0.0,26.76,213.85,Credit Card
201457,2026-01-20,14151,Direct,Desktop,UK,136.87,0.0,0.0,136.87,Shop Pay
201458,2026-02-07,4946,Direct,Desktop,AU,96.16,0.0,0.0,96.16,Apple Pay
201459,2025-11-28,5499,Paid Social,Mobile,AU,178.96,0.0,0.0,178.96,PayPal
201460,2025-10-31,5153,Paid Social,Mobile,AU,250.24,0.0,0.0,250.24,Credit Card
201461,2025-10-26,13003,Paid Social,Desktop,DE,172.25,0.0,18.34,153.9,Credit Card
201462,2025-09-02,4666,Organic Search,Desktop,UK,61.03,0.0,0.0,61.03,Shop Pay
201463,2025-09-04,4433,Paid Social,Desktop,DE,148.86,0.0,0.0,148.86,Credit Card
201464,2025-12-11,332,Email,Desktop,CA,182.6,0.0,9.14,173.46,PayPal
201465,2025-11-07,7849,Direct,Desktop,UK,97.47,0.0,0.0,97.47,Apple Pay
201466,2026-01-30,12488,Paid Search,Desktop,DE,51.62,0.0,0.0,51.62,Apple Pay
201467,2025-09-06,14813,Direct,Mobile,AU,62.51,0.0,0.0,62.51,Shop Pay
201468,2025-09-08,15027,Paid Search,Desktop,US,95.69,0.0,5.12,90.56,Shop Pay
201469,2026-01-26,6667,Paid Search,Mobile,UK,124.25,0.0,0.0,124.25,PayPal
201470,2025-10-07,8076,Direct,Mobile,CA,44.77,0.0,4.88,39.89,Apple Pay
201471,2025-11-07,16169,Email,Desktop,AU,176.39,0.0,0.0,176.39,Shop Pay
201472,2025-09-07,4623,Paid Social,Desktop,UK,174.51,0.0,0.0,174.51,Apple Pay
201473,2025-09-19,1580,Organic Search,Mobile,CA,105.95,0.0,0.0,105.95,PayPal
201474,2025-11-27,11660,Paid Social,Desktop,DE,239.42,0.0,22.82,216.6,Shop Pay
201475,2025-10-23,648,Email,Mobile,DE,49.93,7.42,0.0,57.35,Shop Pay
201476,2025-11-07,9869,Organic Search,Mobile,CA,155.37,0.0,0.0,155.37,PayPal
201477,2026-01-08,17158,Organic Search,Desktop,US,11.73,6.51,0.4,17.84,PayPal
201478,2026-01-11,7883,Email,Mobile,US,177.92,0.0,0.0,177.92,PayPal
201479,2026-01-10,10762,Paid Search,Desktop,CA,320.24,0.0,0.0,320.24,Apple Pay
201480,2025-10-05,4011,Paid Social,Mobile,US,192.78,0.0,20.17,172.61,Shop Pay
201481,2026-02-02,15109,Paid Social,Desktop,UK,218.32,0.0,13.35,204.97,Apple Pay
201482,2025-11-24,4057,Paid Search,Mobile,AU,57.04,0.0,4.58,52.45,Shop Pay
201483,2025-12-08,13929,Email,Desktop,US,71.64,0.0,0.0,71.64,Credit Card
201484,2025-12-04,11677,Direct,Desktop,UK,131.76,0.0,12.38,119.38,Apple Pay
201485,2025-12-17,10642,Direct,Mobile,AU,43.1,0.0,0.0,43.1,Shop Pay
201486,2025-11-22,9686,Email,Desktop,US,31.97,7.56,0.0,39.54,PayPal
201487,2025-11-23,10725,Direct,Mobile,UK,75.01,0.0,8.34,66.67,Apple Pay
201488,2026-01-10,10307,Paid Social,Desktop,CA,121.4,0.0,0.0,121.4,Credit Card
201489,2025-11-12,1012,Email,Desktop,CA,81.37,0.0,0.0,81.37,Credit Card
201490,2026-01-01,16582,Direct,Desktop,CA,101.66,0.0,0.0,101.66,Apple Pay
201491,2025-12-14,17094,Organic Search,Desktop,CA,214.48,0.0,0.0,214.48,Credit Card
201492,2025-10-15,487,Direct,Mobile,DE,102.43,0.0,12.05,90.38,Apple Pay
201493,2025-08-27,13274,Paid Search,Mobile,AU,125.93,0.0,0.0,125.93,Shop Pay
201494,2025-11-12,11080,Organic Search,Desktop,CA,143.27,0.0,0.0,143.27,Apple Pay
201495,2026-02-01,16167,Paid Social,Desktop,CA,226.89,0.0,25.41,201.48,Apple Pay
201496,2025-12-07,53,Direct,Mobile,CA,227.53,0.0,18.06,209.47,Apple Pay
201497,2025-08-31,12855,Organic Search,Mobile,UK,42.51,5.13,0.0,47.65,PayPal
201498,2025-09-01,1573,Email,Mobile,UK,17.65,7.99,0.0,25.64,Credit Card
201499,2025-10-18,13207,Organic Search,Mobile,UK,288.1,0.0,0.0,288.1,Credit Card
201500,2026-01-31,13527,Paid Search,Desktop,AU,251.12,0.0,12.44,238.68,Apple Pay
201501,2025-12-08,664,Organic Search,Desktop,DE,181.88,0.0,6.57,175.31,Shop Pay
201502,2026-01-06,17300,Paid Social,Mobile,UK,55.24,0.0,0.0,55.24,Credit Card
201503,2026-01-19,9312,Paid Social,Mobile,DE,70.11,0.0,6.56,63.55,Shop Pay
201504,2025-08-18,1817,Direct,Desktop,US,60.53,0.0,0.0,60.53,Credit Card
201505,2025-12-28,9827,Email,Mobile,AU,30.27,5.63,0.0,35.9,Shop Pay
201506,2025-11-11,10579,Email,Mobile,CA,95.82,0.0,0.0,95.82,Credit Card
201507,2026-01-10,12538,Paid Search,Mobile,AU,100.38,0.0,0.0,100.38,Credit Card
201508,2025-11-13,2390,Direct,Desktop,US,52.06,0.0,0.0,52.06,Shop Pay
201509,2025-10-02,11503,Paid Search,Desktop,CA,124.05,0.0,0.0,124.05,Shop Pay
201510,2026-01-28,15226,Email,Desktop,CA,180.74,0.0,0.0,180.74,Credit Card
201511,2025-11-11,8397,Organic Search,Mobile,CA,317.42,0.0,11.41,306.01,Credit Card
201512,2025-11-13,15725,Organic Search,Mobile,CA,90.9,0.0,0.0,90.9,PayPal
201513,2026-01-02,9799,Email,Mobile,US,178.48,0.0,0.0,178.48,Credit Card
201514,2026-01-22,13884,Paid Social,Mobile,DE,42.68,6.27,0.0,48.94,Credit Card
201515,2026-02-05,13060,Direct,Mobile,CA,118.11,0.0,0.0,118.11,Apple Pay
201516,2026-01-13,12349,Paid Social,Mobile,CA,186.8,0.0,0.0,186.8,PayPal
201517,2025-09-17,561,Paid Search,Mobile,US,96.14,0.0,11.03,85.11,Shop Pay
201518,2025-09-12,15223,Email,Mobile,AU,210.81,0.0,11.07,199.74,Credit Card
201519,2026-01-12,14404,Direct,Mobile,UK,35.92,5.42,0.0,41.34,Credit Card
201520,2025-09-19,17974,Email,Mobile,UK,177.13,0.0,18.86,158.27,PayPal
201521,2025-12-02,3028,Paid Search,Mobile,DE,48.31,0.0,0.0,48.31,Shop Pay
201522,2025-11-05,7985,Email,Desktop,DE,164.9,0.0,6.3,158.6,Shop Pay
201523,2025-12-27,7314,Organic Search,Mobile,DE,235.66,0.0,0.0,235.66,Shop Pay
201524,2026-01-27,8572,Direct,Mobile,US,43.18,7.59,0.0,50.77,Apple Pay
201525,2025-10-07,543,Paid Search,Desktop,CA,59.69,0.0,4.99,54.7,PayPal
201526,2025-08-30,6433,Paid Social,Mobile,CA,39.59,7.08,0.0,46.66,Apple Pay
201527,2026-01-07,12028,Email,Mobile,US,176.76,0.0,0.0,176.76,Apple Pay
201528,2025-09-23,17267,Direct,Desktop,US,114.35,0.0,0.0,114.35,PayPal
201529,2025-12-13,10485,Paid Social,Mobile,AU,121.5,0.0,0.0,121.5,Shop Pay
201530,2026-01-18,4970,Email,Desktop,AU,122.04,0.0,11.29,110.74,Credit Card
201531,2025-11-08,17315,Paid Social,Desktop,US,135.9,0.0,0.0,135.9,Apple Pay
201532,2025-11-13,4195,Organic Search,Desktop,DE,144.93,0.0,11.64,133.29,Credit Card
201533,2025-09-13,13712,Paid Social,Mobile,US,188.08,0.0,0.0,188.08,Shop Pay
201534,2025-11-23,16192,Email,Mobile,DE,144.2,0.0,0.0,144.2,PayPal
201535,2025-11-23,1241,Paid Social,Mobile,US,111.62,0.0,0.0,111.62,Credit Card
201536,2026-01-20,4338,Email,Mobile,UK,120.39,0.0,0.0,120.39,Apple Pay
201537,2025-11-08,2887,Email,Desktop,CA,138.2,0.0,0.0,138.2,Credit Card
201538,2025-12-29,1701,Paid Social,Desktop,UK,84.06,0.0,0.0,84.06,PayPal
201539,2025-10-01,6474,Paid Search,Desktop,US,308.58,0.0,31.73,276.85,PayPal
201540,2025-09-23,14121,Organic Search,Desktop,UK,78.79,0.0,0.0,78.79,Credit Card
201541,2026-01-17,10948,Direct,Mobile,DE,152.71,0.0,0.0,152.71,Apple Pay
201542,2025-09-11,5741,Paid Search,Desktop,US,167.42,0.0,0.0,167.42,Credit Card
201543,2026-01-16,11352,Paid Social,Desktop,UK,55.5,5.69,3.4,57.78,Credit Card
201544,2025-09-12,3155,Organic Search,Desktop,US,261.98,0.0,22.63,239.34,Credit Card
201545,2025-11-14,16848,Paid Social,Desktop,UK,41.96,0.0,0.0,41.96,Apple Pay
201546,2025-12-13,15404,Organic Search,Mobile,UK,139.34,0.0,0.0,139.34,Credit Card
201547,2025-12-24,2075,Paid Social,Mobile,US,158.8,0.0,0.0,158.8,PayPal
201548,2026-01-02,4073,Email,Desktop,CA,61.7,0.0,0.0,61.7,Shop Pay
201549,2025-08-23,4442,Paid Search,Desktop,US,167.93,0.0,16.5,151.43,Shop Pay
201550,2026-01-17,3597,Paid Search,Desktop,UK,124.65,0.0,0.0,124.65,Shop Pay
201551,2025-09-20,3773,Paid Search,Desktop,AU,102.06,0.0,7.91,94.15,Apple Pay
201552,2025-11-28,16877,Paid Social,Desktop,US,137.28,0.0,0.0,137.28,Shop Pay
201553,2025-10-30,4317,Email,Mobile,DE,13.78,7.86,1.1,20.53,PayPal
201554,2025-10-14,2564,Paid Search,Desktop,US,247.47,0.0,0.0,247.47,Shop Pay
201555,2026-01-14,13195,Organic Search,Mobile,US,127.02,0.0,0.0,127.02,Apple Pay
201556,2026-01-24,7008,Organic Search,Mobile,AU,67.11,0.0,2.92,64.19,Shop Pay
201557,2025-12-15,7441,Direct,Mobile,CA,49.35,5.06,0.0,54.41,PayPal
201558,2025-08-20,14609,Email,Desktop,AU,210.06,0.0,18.26,191.8,Credit Card
201559,2025-09-16,4743,Paid Social,Desktop,CA,145.95,0.0,0.0,145.95,Credit Card
201560,2025-12-26,4764,Email,Desktop,UK,113.0,0.0,12.87,100.13,Shop Pay
201561,2025-12-01,12942,Organic Search,Desktop,CA,48.48,0.0,0.0,48.48,Apple Pay
201562,2025-08-29,5351,Paid Social,Mobile,AU,52.82,0.0,0.0,52.82,PayPal
201563,2025-09-18,17525,Direct,Desktop,UK,188.06,0.0,0.0,188.06,Shop Pay
201564,2025-12-09,10401,Organic Search,Desktop,UK,66.51,0.0,0.0,66.51,PayPal
201565,2025-10-23,12680,Email,Desktop,AU,278.12,0.0,0.0,278.12,Apple Pay
201566,2025-08-28,6208,Paid Search,Mobile,US,140.38,0.0,7.09,133.29,PayPal
201567,2026-01-11,16650,Paid Social,Desktop,US,19.76,5.82,1.71,23.87,Credit Card
201568,2026-01-13,9028,Paid Search,Desktop,DE,212.22,0.0,0.0,212.22,PayPal
201569,2025-12-25,1437,Organic Search,Mobile,AU,98.37,0.0,9.4,88.97,PayPal
201570,2025-09-24,1341,Email,Mobile,US,48.56,0.0,0.0,48.56,Credit Card
201571,2025-09-18,3361,Organic Search,Desktop,CA,214.44,0.0,0.0,214.44,Apple Pay
201572,2025-11-21,9965,Direct,Mobile,CA,136.68,0.0,15.13,121.55,Shop Pay
201573,2025-10-05,4105,Paid Search,Desktop,AU,20.97,5.65,0.89,25.72,Credit Card
201574,2025-08-25,16776,Paid Social,Desktop,DE,165.64,0.0,0.0,165.64,Credit Card
201575,2026-01-23,8185,Paid Social,Desktop,CA,245.72,0.0,0.0,245.72,Credit Card
201576,2026-01-11,3310,Paid Social,Mobile,UK,167.82,0.0,0.0,167.82,Apple Pay
201577,2025-12-05,14703,Organic Search,Mobile,AU,122.33,0.0,0.0,122.33,Credit Card
201578,2025-11-08,13013,Direct,Desktop,CA,196.77,0.0,0.0,196.77,PayPal
201579,2025-09-02,14113,Email,Desktop,AU,182.15,0.0,16.48,165.67,PayPal
201580,2025-10-02,5646,Organic Search,Mobile,DE,102.91,0.0,11.12,91.79,Credit Card
201581,2025-09-16,1889,Email,Desktop,DE,47.8,0.0,0.0,47.8,Shop Pay
201582,2025-12-09,11087,Paid Social,Mobile,US,63.65,0.0,4.39,59.26,PayPal
201583,2025-10-26,14713,Paid Search,Mobile,CA,66.51,0.0,0.0,66.51,PayPal
201584,2025-08-28,2808,Email,Desktop,DE,31.48,7.09,0.0,38.57,Shop Pay
201585,2025-09-03,4839,Paid Search,Mobile,US,50.46,0.0,0.0,50.46,PayPal
201586,2026-02-05,4145,Direct,Desktop,AU,18.38,5.45,0.0,23.83,Apple Pay
201587,2026-01-09,3985,Organic Search,Desktop,AU,63.8,0.0,2.8,61.0,Credit Card
201588,2026-01-08,7204,Organic Search,Mobile,DE,178.57,0.0,0.0,178.57,PayPal
201589,2025-09-27,779,Paid Search,Mobile,DE,123.0,0.0,0.0,123.0,PayPal
201590,2025-08-30,8436,Email,Mobile,DE,71.61,0.0,6.44,65.18,PayPal
201591,2025-11-01,4645,Paid Social,Mobile,UK,114.41,0.0,4.64,109.77,Apple Pay
201592,2025-10-03,7251,Direct,Mobile,DE,264.55,0.0,11.62,252.93,Shop Pay
201593,2025-11-06,15464,Direct,Desktop,CA,91.06,0.0,0.0,91.06,Credit Card
201594,2025-09-11,14457,Paid Search,Mobile,CA,49.7,5.38,0.0,55.08,Credit Card
201595,2026-02-03,11685,Direct,Desktop,DE,46.34,0.0,4.12,42.21,PayPal
201596,2026-01-05,13541,Email,Mobile,DE,145.54,0.0,5.91,139.64,Shop Pay
201597,2025-09-21,3613,Paid Search,Mobile,DE,68.09,0.0,0.0,68.09,Shop Pay
201598,2025-09-24,342,Direct,Mobile,UK,55.0,0.0,0.0,55.0,Shop Pay
201599,2025-08-17,12079,Organic Search,Desktop,US,20.54,7.34,2.02,25.86,Credit Card
201600,2026-01-30,11106,Organic Search,Desktop,CA,59.59,0.0,0.0,59.59,Apple Pay
201601,2026-01-11,15853,Organic Search,Mobile,UK,222.97,0.0,0.0,222.97,PayPal
201602,2025-08-15,4071,Paid Search,Desktop,DE,25.72,6.28,0.0,32.0,Apple Pay
201603,2025-10-23,1875,Organic Search,Mobile,UK,274.51,0.0,0.0,274.51,Credit Card
201604,2025-11-15,10204,Email,Desktop,AU,50.37,7.15,4.86,52.66,PayPal
201605,2025-08-19,2771,Paid Social,Desktop,US,170.36,0.0,0.0,170.36,PayPal
201606,2025-11-07,3538,Organic Search,Desktop,AU,385.37,0.0,0.0,385.37,Shop Pay
201607,2025-09-20,17010,Paid Social,Mobile,CA,130.31,0.0,15.62,114.69,Credit Card
201608,2025-10-27,2670,Paid Search,Desktop,AU,253.45,0.0,0.0,253.45,Credit Card
201609,2026-02-01,6533,Email,Mobile,UK,130.29,0.0,10.85,119.44,Credit Card
201610,2026-01-27,17513,Direct,Desktop,DE,146.9,0.0,11.72,135.18,Credit Card
201611,2025-12-10,16725,Direct,Mobile,US,58.77,5.97,4.54,60.21,PayPal
201612,2025-12-22,17285,Paid Search,Mobile,US,75.3,0.0,0.0,75.3,Apple Pay
201613,2025-10-13,17698,Email,Mobile,AU,183.37,0.0,0.0,183.37,PayPal
201614,2025-10-04,15878,Organic Search,Desktop,US,44.46,5.02,4.59,44.88,Apple Pay
201615,2025-10-03,15423,Paid Social,Desktop,DE,71.29,0.0,0.0,71.29,Apple Pay
201616,2026-01-26,16999,Direct,Mobile,DE,48.72,5.61,3.53,50.79,Shop Pay
201617,2025-11-05,3454,Paid Social,Desktop,UK,236.09,0.0,0.0,236.09,Shop Pay
201618,2025-09-09,2361,Email,Mobile,DE,84.66,0.0,0.0,84.66,Credit Card
201619,2025-11-19,15070,Direct,Mobile,AU,186.2,0.0,0.0,186.2,Apple Pay
201620,2025-12-27,17357,Organic Search,Desktop,US,122.44,0.0,0.0,122.44,PayPal
201621,2025-11-06,14894,Paid Search,Mobile,UK,358.87,0.0,18.44,340.43,Credit Card
201622,2026-01-14,7740,Paid Search,Mobile,DE,57.44,0.0,0.0,57.44,Credit Card
201623,2025-09-26,15172,Email,Desktop,US,328.88,0.0,0.0,328.88,Apple Pay
201624,2025-08-29,5149,Paid Search,Mobile,US,189.03,0.0,16.21,172.81,Credit Card
201625,2026-01-30,6077,Email,Desktop,CA,178.86,0.0,0.0,178.86,Credit Card
201626,2025-11-15,7450,Direct,Mobile,US,185.92,0.0,0.0,185.92,Credit Card
201627,2026-01-29,12836,Direct,Desktop,UK,20.29,6.27,1.49,25.07,Shop Pay
201628,2026-02-04,17466,Paid Social,Mobile,UK,214.69,0.0,0.0,214.69,Credit Card
201629,2025-12-09,8671,Email,Desktop,AU,62.43,0.0,0.0,62.43,Shop Pay
201630,2026-01-22,9812,Paid Social,Desktop,CA,123.33,0.0,0.0,123.33,PayPal
201631,2025-09-14,13163,Paid Social,Mobile,DE,26.37,6.79,1.16,32.01,Credit Card
201632,2025-10-21,15551,Direct,Desktop,CA,43.25,0.0,0.0,43.25,Shop Pay
201633,2026-02-04,5975,Paid Search,Desktop,AU,275.39,0.0,0.0,275.39,Credit Card
201634,2025-11-04,13787,Email,Mobile,UK,336.08,0.0,0.0,336.08,Credit Card
201635,2026-01-27,2425,Paid Search,Mobile,US,96.0,0.0,0.0,96.0,Apple Pay
201636,2025-11-05,6007,Email,Desktop,US,178.39,0.0,0.0,178.39,PayPal
201637,2025-09-19,13836,Paid Social,Desktop,CA,38.84,5.19,0.0,44.03,Credit Card
201638,2025-12-17,7076,Paid Social,Mobile,DE,76.22,0.0,0.0,76.22,Credit Card
201639,2025-12-22,15302,Organic Search,Mobile,DE,226.73,0.0,21.51,205.23,Shop Pay
201640,2025-12-20,9938,Paid Search,Desktop,UK,295.8,0.0,0.0,295.8,PayPal
201641,2025-10-03,1848,Direct,Mobile,CA,219.79,0.0,0.0,219.79,Credit Card
201642,2025-11-10,7971,Direct,Mobile,DE,183.53,0.0,17.41,166.11,PayPal
201643,2025-09-09,17235,Paid Social,Mobile,US,93.04,0.0,0.0,93.04,Apple Pay
201644,2025-09-15,12329,Organic Search,Desktop,CA,129.79,0.0,0.0,129.79,PayPal
201645,2026-01-03,1518,Paid Social,Mobile,UK,103.23,0.0,0.0,103.23,PayPal
201646,2026-01-26,2777,Paid Social,Mobile,UK,119.98,0.0,0.0,119.98,PayPal
201647,2025-11-12,6812,Organic Search,Mobile,AU,51.16,0.0,5.85,45.31,Credit Card
201648,2025-10-11,17588,Organic Search,Desktop,DE,123.63,0.0,11.51,112.13,Apple Pay
201649,2025-10-27,3328,Direct,Desktop,AU,148.33,0.0,0.0,148.33,PayPal
201650,2026-01-08,2696,Organic Search,Desktop,AU,126.72,0.0,0.0,126.72,Credit Card
201651,2026-01-08,7735,Paid Search,Desktop,CA,133.29,0.0,0.0,133.29,Credit Card
201652,2025-12-22,1974,Paid Search,Mobile,UK,55.28,0.0,0.0,55.28,Apple Pay
201653,2025-09-24,12128,Paid Search,Mobile,US,134.85,0.0,7.77,127.08,PayPal
201654,2026-01-24,10740,Paid Social,Mobile,DE,195.96,0.0,0.0,195.96,Credit Card
201655,2025-12-30,1917,Organic Search,Desktop,AU,136.03,0.0,0.0,136.03,Apple Pay
201656,2025-12-29,12692,Organic Search,Mobile,US,115.16,0.0,9.45,105.72,PayPal
201657,2025-10-12,3739,Organic Search,Desktop,UK,112.4,0.0,0.0,112.4,Apple Pay
201658,2026-01-12,15991,Organic Search,Mobile,CA,114.37,0.0,0.0,114.37,Credit Card
201659,2025-12-19,2309,Email,Desktop,DE,153.55,0.0,6.22,147.33,PayPal
201660,2025-08-30,14107,Paid Social,Desktop,US,157.81,0.0,0.0,157.81,Apple Pay
201661,2025-11-06,15123,Paid Social,Desktop,US,122.42,0.0,0.0,122.42,Apple Pay
201662,2025-09-17,12707,Organic Search,Mobile,US,169.22,0.0,0.0,169.22,Shop Pay
201663,2025-08-15,17484,Organic Search,Desktop,DE,72.31,0.0,0.0,72.31,Shop Pay
201664,2025-11-30,3678,Paid Social,Mobile,DE,235.39,0.0,0.0,235.39,PayPal
201665,2025-08-25,11154,Paid Search,Desktop,UK,215.39,0.0,15.36,200.03,Apple Pay
201666,2026-01-21,6918,Email,Mobile,DE,294.71,0.0,0.0,294.71,PayPal
201667,2025-10-17,3958,Paid Search,Mobile,UK,228.73,0.0,0.0,228.73,Apple Pay
201668,2025-10-28,12709,Email,Mobile,UK,117.88,0.0,0.0,117.88,Credit Card
201669,2025-11-08,14359,Organic Search,Desktop,DE,286.93,0.0,31.68,255.25,Apple Pay
201670,2026-01-26,761,Paid Search,Mobile,US,168.87,0.0,0.0,168.87,Shop Pay
201671,2026-01-18,7247,Email,Mobile,AU,24.67,7.75,0.76,31.66,Apple Pay
201672,2025-08-19,3929,Email,Desktop,CA,73.3,0.0,0.0,73.3,Credit Card
201673,2025-09-21,3245,Direct,Mobile,CA,236.8,0.0,9.75,227.04,Credit Card
201674,2025-12-04,6813,Email,Mobile,DE,41.97,5.79,1.79,45.98,Shop Pay
201675,2025-10-16,8671,Direct,Desktop,US,59.76,0.0,6.57,53.19,Credit Card
201676,2025-10-02,6747,Direct,Mobile,AU,10.2,5.84,0.0,16.04,PayPal
201677,2025-09-01,7829,Paid Search,Desktop,UK,149.34,0.0,0.0,149.34,PayPal
201678,2026-01-09,5445,Paid Search,Mobile,DE,217.12,0.0,0.0,217.12,Shop Pay
201679,2026-01-26,16248,Organic Search,Desktop,CA,108.14,0.0,0.0,108.14,Apple Pay
201680,2025-12-21,14958,Paid Search,Mobile,US,234.38,0.0,0.0,234.38,PayPal
201681,2025-09-09,13801,Organic Search,Mobile,DE,25.53,5.34,0.0,30.88,PayPal
201682,2025-10-30,8061,Paid Search,Mobile,UK,37.25,5.06,0.0,42.31,Shop Pay
201683,2025-10-16,4045,Direct,Desktop,DE,113.84,0.0,0.0,113.84,Credit Card
201684,2025-09-02,501,Paid Search,Mobile,AU,145.47,0.0,13.53,131.94,PayPal
201685,2025-10-05,7978,Organic Search,Desktop,UK,182.62,0.0,7.09,175.53,Credit Card
201686,2025-12-18,6764,Direct,Mobile,DE,118.96,0.0,0.0,118.96,Shop Pay
201687,2025-08-27,7764,Paid Social,Mobile,DE,59.28,0.0,3.89,55.4,Shop Pay
201688,2026-01-20,6158,Paid Social,Mobile,CA,138.2,0.0,9.03,129.18,Apple Pay
201689,2025-09-10,9222,Direct,Mobile,DE,107.53,0.0,9.27,98.26,Credit Card
201690,2025-12-20,12276,Paid Social,Desktop,DE,48.98,7.53,0.0,56.51,Credit Card
201691,2025-10-08,12750,Paid Search,Mobile,DE,42.4,7.65,1.29,48.76,Credit Card
201692,2025-10-11,14112,Paid Search,Mobile,US,29.03,6.14,0.0,35.16,Shop Pay
201693,2025-10-28,12153,Paid Social,Desktop,US,163.06,0.0,0.0,163.06,Shop Pay
201694,2025-10-15,5664,Paid Search,Desktop,CA,180.99,0.0,12.76,168.24,Apple Pay
201695,2025-12-17,3942,Email,Mobile,AU,138.9,0.0,0.0,138.9,Credit Card
201696,2025-11-30,5258,Organic Search,Mobile,UK,164.37,0.0,17.58,146.79,Shop Pay
201697,2026-02-08,16668,Organic Search,Mobile,DE,151.33,0.0,0.0,151.33,Shop Pay
201698,2025-12-28,6936,Direct,Desktop,AU,121.24,0.0,0.0,121.24,Apple Pay
201699,2025-10-30,3123,Paid Search,Desktop,UK,42.56,6.35,0.0,48.92,PayPal
201700,2025-12-14,11544,Email,Desktop,US,49.73,0.0,1.67,48.06,Shop Pay
201701,2025-11-18,12281,Organic Search,Mobile,DE,77.79,0.0,3.35,74.44,Credit Card
201702,2026-02-05,10865,Direct,Mobile,CA,138.66,0.0,0.0,138.66,Apple Pay
201703,2026-02-03,9866,Organic Search,Mobile,DE,98.34,0.0,7.36,90.98,Credit Card
201704,2025-11-09,8290,Email,Mobile,AU,129.24,0.0,0.0,129.24,Shop Pay
201705,2025-11-29,9000,Organic Search,Desktop,UK,112.99,0.0,0.0,112.99,Credit Card
201706,2026-01-20,3313,Direct,Desktop,DE,59.33,0.0,3.96,55.37,Apple Pay
201707,2025-11-10,7976,Email,Mobile,DE,390.66,0.0,46.01,344.65,Apple Pay
201708,2025-09-25,13651,Direct,Mobile,US,245.36,0.0,0.0,245.36,Apple Pay
201709,2025-10-22,3841,Organic Search,Mobile,US,122.65,0.0,13.49,109.16,PayPal
201710,2025-09-24,7481,Email,Desktop,US,114.35,0.0,0.0,114.35,Credit Card
201711,2025-10-26,10821,Organic Search,Mobile,AU,123.36,0.0,0.0,123.36,Shop Pay
201712,2026-01-09,1573,Direct,Desktop,AU,363.02,0.0,0.0,363.02,Shop Pay
201713,2025-09-27,7326,Email,Desktop,UK,348.63,0.0,0.0,348.63,Shop Pay
201714,2025-12-07,8117,Email,Mobile,AU,252.47,0.0,0.0,252.47,Shop Pay
201715,2025-09-01,16085,Paid Social,Mobile,CA,12.65,7.94,1.13,19.46,Apple Pay
201716,2025-10-08,14267,Organic Search,Desktop,US,57.39,5.3,0.0,62.69,Apple Pay
201717,2025-09-14,17278,Organic Search,Desktop,CA,195.02,0.0,0.0,195.02,PayPal
201718,2025-09-23,1442,Email,Mobile,CA,106.64,0.0,0.0,106.64,Shop Pay
201719,2025-10-02,3323,Paid Social,Desktop,CA,79.14,0.0,0.0,79.14,PayPal
201720,2026-02-04,11149,Paid Search,Desktop,DE,112.7,0.0,0.0,112.7,PayPal
201721,2025-11-13,24,Email,Mobile,DE,60.22,0.0,6.79,53.43,PayPal
201722,2025-08-21,5000,Paid Social,Desktop,DE,54.41,0.0,0.0,54.41,Shop Pay
201723,2026-01-31,16551,Email,Desktop,CA,32.33,6.33,0.0,38.66,Apple Pay
201724,2025-12-31,1462,Paid Search,Desktop,UK,108.54,0.0,0.0,108.54,PayPal
201725,2025-12-09,11402,Paid Social,Mobile,AU,22.06,7.74,0.0,29.81,Apple Pay
201726,2026-02-06,7279,Paid Social,Desktop,AU,209.44,0.0,0.0,209.44,PayPal
201727,2025-09-22,3666,Direct,Mobile,DE,244.6,0.0,0.0,244.6,Shop Pay
201728,2026-01-26,2733,Paid Social,Mobile,US,101.83,0.0,0.0,101.83,Shop Pay
201729,2026-02-01,12940,Email,Desktop,DE,192.68,0.0,0.0,192.68,Apple Pay
201730,2026-02-03,17836,Email,Mobile,UK,141.38,0.0,10.81,130.56,PayPal
201731,2025-10-16,8932,Organic Search,Desktop,DE,18.81,5.55,0.0,24.36,Shop Pay
201732,2025-12-17,4093,Email,Mobile,US,26.93,6.7,0.0,33.63,Apple Pay
201733,2025-09-20,14150,Paid Social,Desktop,AU,104.1,0.0,0.0,104.1,PayPal
201734,2026-01-10,435,Organic Search,Desktop,AU,49.06,6.97,0.0,56.02,Apple Pay
201735,2025-12-11,12393,Email,Mobile,US,89.47,0.0,0.0,89.47,Shop Pay
201736,2025-08-30,2518,Direct,Desktop,CA,19.38,6.25,0.0,25.62,Apple Pay
201737,2026-01-15,17168,Organic Search,Mobile,AU,118.62,0.0,0.0,118.62,PayPal
201738,2025-09-23,602,Organic Search,Desktop,DE,30.52,6.35,0.0,36.87,Shop Pay
201739,2025-09-18,9041,Organic Search,Desktop,AU,198.5,0.0,0.0,198.5,Apple Pay
201740,2026-01-29,1655,Paid Search,Desktop,DE,194.14,0.0,0.0,194.14,PayPal
201741,2025-09-27,14805,Email,Mobile,DE,151.34,0.0,14.78,136.56,PayPal
201742,2025-09-16,11353,Direct,Mobile,CA,222.44,0.0,0.0,222.44,PayPal
201743,2025-09-05,14507,Paid Social,Desktop,AU,141.11,0.0,0.0,141.11,Shop Pay
201744,2026-01-12,7940,Paid Social,Mobile,US,62.79,0.0,5.27,57.52,PayPal
201745,2025-11-13,17498,Email,Desktop,AU,190.05,0.0,10.03,180.03,Credit Card
201746,2025-08-27,7821,Paid Social,Desktop,AU,100.96,0.0,6.77,94.18,Apple Pay
201747,2025-11-19,4681,Organic Search,Desktop,US,178.85,0.0,0.0,178.85,Shop Pay
201748,2025-12-05,13843,Organic Search,Mobile,UK,179.96,0.0,0.0,179.96,Credit Card
201749,2025-12-10,3285,Organic Search,Desktop,US,119.78,0.0,0.0,119.78,Shop Pay
201750,2025-08-23,10767,Organic Search,Mobile,CA,147.08,0.0,0.0,147.08,Shop Pay
201751,2026-02-04,17152,Paid Social,Desktop,DE,139.6,0.0,9.37,130.23,PayPal
201752,2025-10-19,15260,Organic Search,Desktop,US,166.51,0.0,0.0,166.51,Shop Pay
201753,2025-12-23,9031,Email,Desktop,CA,134.61,0.0,0.0,134.61,PayPal
201754,2025-10-15,7701,Paid Social,Mobile,DE,117.26,0.0,0.0,117.26,Apple Pay
201755,2025-09-05,9148,Paid Search,Mobile,UK,244.92,0.0,7.6,237.32,PayPal
201756,2026-01-11,10504,Paid Social,Mobile,UK,22.81,6.36,2.06,27.11,Apple Pay
201757,2026-01-22,7795,Paid Social,Mobile,US,268.19,0.0,11.49,256.7,Apple Pay
201758,2025-09-08,17700,Direct,Mobile,CA,144.04,0.0,0.0,144.04,Apple Pay
201759,2025-10-16,10835,Direct,Mobile,UK,34.56,5.12,1.54,38.14,Credit Card
201760,2025-09-10,16200,Direct,Desktop,CA,226.89,0.0,0.0,226.89,Credit Card
201761,2025-09-10,1788,Email,Desktop,DE,54.1,0.0,0.0,54.1,Apple Pay
201762,2025-09-14,14270,Email,Desktop,AU,239.98,0.0,7.24,232.74,Apple Pay
201763,2025-11-02,14475,Organic Search,Desktop,US,312.65,0.0,0.0,312.65,Credit Card
201764,2025-11-01,14550,Organic Search,Desktop,DE,148.21,0.0,0.0,148.21,Shop Pay
201765,2025-12-23,14086,Organic Search,Desktop,US,278.14,0.0,0.0,278.14,Shop Pay
201766,2026-01-07,3570,Paid Search,Mobile,DE,141.41,0.0,0.0,141.41,Credit Card
201767,2026-01-03,9015,Organic Search,Mobile,US,32.11,6.06,2.97,35.19,Credit Card
201768,2025-09-15,9548,Paid Social,Mobile,UK,93.8,0.0,0.0,93.8,PayPal
201769,2025-12-02,6829,Email,Mobile,AU,37.98,7.81,0.0,45.78,Credit Card
201770,2026-01-31,17787,Paid Search,Desktop,UK,12.58,6.77,0.0,19.35,PayPal
201771,2025-11-09,15828,Email,Desktop,AU,231.91,0.0,0.0,231.91,Apple Pay
201772,2025-10-19,13491,Direct,Desktop,AU,159.83,0.0,11.94,147.9,PayPal
201773,2025-10-28,11541,Email,Desktop,CA,194.29,0.0,0.0,194.29,PayPal
201774,2025-11-21,17437,Direct,Mobile,DE,239.8,0.0,20.18,219.62,Shop Pay
201775,2025-12-28,8063,Email,Desktop,AU,254.65,0.0,0.0,254.65,Shop Pay
201776,2025-08-30,12933,Paid Search,Mobile,CA,69.56,0.0,2.22,67.34,Credit Card
201777,2025-10-16,9095,Email,Desktop,AU,67.47,0.0,0.0,67.47,PayPal
201778,2025-11-22,9686,Direct,Desktop,AU,212.28,0.0,0.0,212.28,Shop Pay
201779,2025-10-15,4907,Email,Desktop,UK,46.68,0.0,0.0,46.68,PayPal
201780,2025-10-14,15166,Direct,Desktop,DE,250.83,0.0,14.15,236.67,Credit Card
201781,2025-12-22,12538,Organic Search,Mobile,CA,156.86,0.0,0.0,156.86,Credit Card
201782,2025-12-20,7170,Organic Search,Desktop,UK,119.71,0.0,8.07,111.64,PayPal
201783,2025-12-08,5835,Direct,Desktop,UK,192.88,0.0,0.0,192.88,Credit Card
201784,2025-08-31,10586,Paid Social,Mobile,CA,53.33,6.7,3.42,56.61,Shop Pay
201785,2025-09-12,4677,Paid Search,Desktop,US,166.31,0.0,0.0,166.31,Credit Card
201786,2025-09-16,15469,Paid Social,Desktop,AU,116.55,0.0,0.0,116.55,Apple Pay
201787,2025-12-12,7349,Email,Desktop,CA,269.17,0.0,0.0,269.17,Apple Pay
201788,2025-12-13,14637,Paid Social,Desktop,DE,191.22,0.0,0.0,191.22,Apple Pay
201789,2025-10-19,17886,Email,Desktop,UK,101.21,0.0,0.0,101.21,Apple Pay
201790,2025-09-01,15266,Email,Mobile,US,100.47,0.0,0.0,100.47,Credit Card
201791,2025-09-11,11887,Paid Search,Desktop,DE,160.91,0.0,0.0,160.91,Shop Pay
201792,2025-09-28,11260,Direct,Mobile,CA,134.19,0.0,0.0,134.19,PayPal
201793,2026-01-01,774,Paid Search,Desktop,UK,65.9,0.0,0.0,65.9,Shop Pay
201794,2026-01-25,17489,Email,Desktop,US,110.95,0.0,0.0,110.95,PayPal
201795,2025-11-30,10358,Organic Search,Desktop,UK,164.27,0.0,0.0,164.27,Credit Card
201796,2025-12-26,3017,Paid Search,Desktop,DE,51.21,7.43,1.7,56.93,Credit Card
201797,2025-09-01,12155,Paid Social,Mobile,DE,66.92,0.0,0.0,66.92,Apple Pay
201798,2026-02-07,9300,Direct,Desktop,US,171.19,0.0,0.0,171.19,Apple Pay
201799,2025-10-27,2390,Email,Desktop,CA,159.0,0.0,0.0,159.0,Apple Pay
201800,2025-11-07,129,Paid Search,Mobile,US,58.96,0.0,4.51,54.45,Shop Pay
201801,2025-09-05,6459,Email,Mobile,DE,9.39,5.0,0.7,13.7,PayPal
201802,2025-10-16,8137,Paid Search,Desktop,AU,126.48,0.0,0.0,126.48,PayPal
201803,2025-09-05,14626,Email,Mobile,UK,103.23,0.0,0.0,103.23,PayPal
201804,2025-12-10,5472,Direct,Desktop,US,154.1,0.0,0.0,154.1,Apple Pay
201805,2025-11-17,8702,Organic Search,Desktop,DE,41.46,0.0,4.26,37.2,PayPal
201806,2025-12-09,14820,Organic Search,Desktop,DE,127.82,0.0,0.0,127.82,PayPal
201807,2025-12-08,9038,Direct,Desktop,US,18.09,5.05,0.0,23.14,Apple Pay
201808,2026-01-02,12006,Email,Mobile,US,206.47,0.0,0.0,206.47,Shop Pay
201809,2026-01-15,15052,Paid Search,Desktop,AU,197.87,0.0,0.0,197.87,Shop Pay
201810,2026-02-01,8427,Paid Social,Mobile,CA,38.35,6.83,0.0,45.18,PayPal
201811,2025-12-18,11300,Paid Social,Mobile,CA,155.11,0.0,6.77,148.34,PayPal
201812,2026-01-13,5588,Email,Mobile,CA,42.19,7.19,0.0,49.38,Credit Card
201813,2025-10-12,2191,Paid Social,Mobile,DE,197.39,0.0,0.0,197.39,Apple Pay
201814,2026-01-22,1512,Direct,Mobile,AU,226.2,0.0,0.0,226.2,PayPal
201815,2025-10-19,2371,Email,Mobile,CA,84.58,0.0,6.06,78.52,Shop Pay
201816,2025-08-31,2894,Direct,Desktop,DE,225.05,0.0,16.78,208.27,Credit Card
201817,2025-10-13,13383,Paid Search,Mobile,DE,50.79,7.1,4.37,53.53,PayPal
201818,2025-10-12,2795,Direct,Mobile,US,159.54,0.0,0.0,159.54,Credit Card
201819,2025-12-24,14748,Paid Search,Mobile,CA,160.09,0.0,0.0,160.09,Credit Card
201820,2025-11-20,2903,Paid Social,Mobile,DE,225.27,0.0,0.0,225.27,Apple Pay
201821,2025-10-04,7428,Paid Search,Mobile,AU,54.56,0.0,0.0,54.56,Apple Pay
201822,2026-01-13,1315,Organic Search,Mobile,UK,85.81,0.0,0.0,85.81,Credit Card
201823,2025-11-22,14137,Paid Social,Mobile,CA,95.43,0.0,5.8,89.63,Apple Pay
201824,2025-12-28,13700,Email,Mobile,DE,80.32,0.0,5.3,75.02,Credit Card
201825,2026-01-09,12003,Direct,Desktop,CA,37.12,7.03,0.0,44.15,PayPal
201826,2025-10-27,16530,Organic Search,Mobile,CA,11.97,7.12,0.0,19.09,Credit Card
201827,2025-09-23,15230,Direct,Desktop,DE,192.23,0.0,0.0,192.23,PayPal
201828,2026-02-06,13563,Email,Desktop,AU,86.4,0.0,0.0,86.4,PayPal
201829,2025-11-22,3727,Organic Search,Desktop,DE,247.4,0.0,13.61,233.79,Shop Pay
201830,2025-10-23,16894,Paid Search,Desktop,AU,99.27,0.0,0.0,99.27,PayPal
201831,2025-12-05,14118,Paid Search,Mobile,CA,315.07,0.0,15.54,299.54,PayPal
201832,2025-08-17,9208,Paid Search,Mobile,UK,184.86,0.0,0.0,184.86,Shop Pay
201833,2025-08-29,10070,Organic Search,Desktop,UK,176.15,0.0,9.04,167.11,Credit Card
201834,2025-10-09,17836,Paid Social,Desktop,US,88.92,0.0,0.0,88.92,PayPal
201835,2025-09-23,212,Paid Social,Desktop,US,206.64,0.0,17.89,188.75,Credit Card
201836,2025-12-30,7277,Paid Search,Desktop,AU,174.16,0.0,0.0,174.16,Apple Pay
201837,2025-11-23,4585,Email,Mobile,UK,139.56,0.0,0.0,139.56,Apple Pay
201838,2026-01-05,9093,Paid Social,Desktop,AU,171.78,0.0,20.47,151.31,PayPal
201839,2025-09-27,17917,Paid Social,Desktop,AU,9.75,5.22,0.0,14.98,Apple Pay
201840,2025-10-23,16928,Direct,Desktop,CA,125.63,0.0,0.0,125.63,Shop Pay
201841,2025-12-26,16983,Paid Search,Desktop,AU,209.21,0.0,0.0,209.21,PayPal
201842,2026-01-22,17527,Organic Search,Mobile,AU,91.11,0.0,3.31,87.79,Shop Pay
201843,2025-08-15,15970,Direct,Desktop,US,156.48,0.0,0.0,156.48,PayPal
201844,2025-11-02,15407,Email,Mobile,DE,145.25,0.0,0.0,145.25,Credit Card
201845,2025-11-03,14879,Paid Search,Desktop,DE,249.89,0.0,14.35,235.53,Credit Card
201846,2025-12-17,17544,Direct,Mobile,UK,124.26,0.0,0.0,124.26,Credit Card
201847,2025-12-18,12473,Direct,Mobile,UK,184.2,0.0,0.0,184.2,Credit Card
201848,2025-10-21,620,Direct,Desktop,UK,156.15,0.0,0.0,156.15,Credit Card
201849,2026-02-04,12744,Paid Social,Mobile,AU,149.15,0.0,0.0,149.15,Shop Pay
201850,2025-09-03,10068,Organic Search,Mobile,CA,136.53,0.0,15.26,121.27,Apple Pay
201851,2025-08-31,7251,Paid Social,Desktop,CA,179.18,0.0,12.56,166.62,PayPal
201852,2025-09-25,629,Paid Social,Desktop,CA,126.73,0.0,0.0,126.73,Credit Card
201853,2025-09-11,5843,Direct,Desktop,US,58.92,0.0,3.21,55.71,PayPal
201854,2025-12-20,13726,Email,Mobile,CA,53.22,0.0,2.31,50.92,Apple Pay
201855,2025-11-10,14430,Direct,Mobile,DE,131.34,0.0,6.32,125.02,Apple Pay
201856,2025-08-29,17131,Paid Search,Desktop,AU,89.8,0.0,7.03,82.78,Apple Pay
201857,2025-11-03,12332,Paid Social,Desktop,AU,298.69,0.0,0.0,298.69,Apple Pay
201858,2025-12-15,12177,Paid Social,Mobile,AU,141.01,0.0,11.25,129.75,PayPal
201859,2026-02-04,8091,Direct,Mobile,UK,144.29,0.0,0.0,144.29,Apple Pay
201860,2025-10-01,8174,Paid Social,Desktop,US,153.92,0.0,5.05,148.87,Shop Pay
201861,2025-12-25,2778,Direct,Desktop,AU,50.6,0.0,0.0,50.6,Shop Pay
201862,2025-09-15,3606,Paid Social,Mobile,DE,31.35,7.11,2.91,35.54,PayPal
201863,2025-11-24,14190,Paid Social,Desktop,DE,277.53,0.0,0.0,277.53,Apple Pay
201864,2025-10-17,12003,Paid Search,Desktop,UK,80.47,0.0,4.61,75.86,Apple Pay
201865,2026-02-05,12290,Direct,Mobile,US,136.29,0.0,0.0,136.29,Credit Card
201866,2025-11-21,11189,Paid Search,Desktop,UK,64.19,0.0,0.0,64.19,Credit Card
201867,2026-01-09,10720,Paid Social,Mobile,DE,136.49,0.0,0.0,136.49,Shop Pay
201868,2025-08-20,9537,Direct,Desktop,DE,9.44,6.69,0.0,16.13,Apple Pay
201869,2025-12-16,15496,Direct,Mobile,CA,93.4,0.0,0.0,93.4,Credit Card
201870,2025-08-27,9022,Direct,Desktop,AU,42.3,0.0,0.0,42.3,Shop Pay
201871,2025-09-10,15727,Email,Mobile,UK,208.96,0.0,0.0,208.96,Credit Card
201872,2026-02-09,14549,Paid Search,Desktop,UK,112.75,0.0,0.0,112.75,Shop Pay
201873,2025-10-03,9541,Paid Search,Mobile,CA,172.37,0.0,0.0,172.37,PayPal
201874,2025-11-02,1829,Organic Search,Desktop,UK,194.77,0.0,0.0,194.77,Credit Card
201875,2025-12-26,3602,Direct,Mobile,CA,130.02,0.0,0.0,130.02,Credit Card
201876,2025-09-11,10127,Direct,Desktop,US,359.1,0.0,25.77,333.34,Apple Pay
201877,2025-09-21,13385,Email,Mobile,AU,104.81,0.0,0.0,104.81,Shop Pay
201878,2025-10-18,16491,Paid Search,Desktop,UK,105.15,0.0,5.0,100.15,Credit Card
201879,2026-01-22,477,Organic Search,Desktop,DE,93.09,0.0,0.0,93.09,PayPal
201880,2025-08-26,17473,Paid Search,Mobile,US,71.45,0.0,0.0,71.45,Apple Pay
201881,2026-02-07,17421,Email,Desktop,DE,81.53,0.0,7.41,74.12,Apple Pay
201882,2025-11-21,463,Paid Search,Mobile,UK,23.62,7.22,0.0,30.84,Credit Card
201883,2026-02-02,14998,Organic Search,Mobile,UK,45.7,0.0,0.0,45.7,Credit Card
201884,2026-01-21,6927,Organic Search,Desktop,CA,17.27,6.44,0.0,23.7,Shop Pay
201885,2025-10-08,16258,Paid Social,Mobile,DE,296.69,0.0,22.98,273.71,PayPal
201886,2025-12-01,15585,Email,Mobile,CA,94.94,0.0,0.0,94.94,Shop Pay
201887,2025-09-30,14347,Organic Search,Mobile,CA,45.35,6.55,0.0,51.9,Credit Card
201888,2025-09-05,11569,Paid Search,Mobile,AU,228.98,0.0,0.0,228.98,Apple Pay
201889,2025-11-22,13205,Paid Social,Desktop,AU,75.7,0.0,8.55,67.15,Credit Card
201890,2025-11-13,15156,Organic Search,Mobile,AU,174.46,0.0,0.0,174.46,Shop Pay
201891,2025-09-26,6291,Paid Search,Mobile,CA,125.85,0.0,12.85,113.0,Apple Pay
201892,2025-10-02,3222,Organic Search,Mobile,CA,180.66,0.0,0.0,180.66,Apple Pay
201893,2025-12-09,65,Paid Search,Desktop,DE,54.96,0.0,0.0,54.96,Apple Pay
201894,2025-10-08,4676,Organic Search,Mobile,AU,193.89,0.0,0.0,193.89,Apple Pay
201895,2025-12-12,664,Organic Search,Mobile,US,67.54,0.0,0.0,67.54,Credit Card
201896,2025-12-16,2221,Email,Desktop,CA,284.31,0.0,31.24,253.07,Apple Pay
201897,2025-11-23,13949,Paid Social,Mobile,AU,91.19,0.0,0.0,91.19,PayPal
201898,2025-09-02,4220,Email,Mobile,US,159.61,0.0,0.0,159.61,Apple Pay
201899,2025-11-29,7386,Email,Mobile,DE,46.25,5.58,0.0,51.83,Shop Pay
201900,2026-01-26,11929,Paid Social,Desktop,UK,157.79,0.0,9.5,148.29,Shop Pay
201901,2025-09-29,8033,Email,Desktop,US,11.8,7.72,0.0,19.52,Shop Pay
201902,2025-12-18,7402,Paid Search,Desktop,UK,145.08,0.0,5.2,139.88,Credit Card
201903,2025-09-24,11237,Paid Search,Desktop,AU,163.72,0.0,7.54,156.18,Shop Pay
201904,2026-02-04,5157,Paid Social,Desktop,DE,175.29,0.0,8.5,166.79,PayPal
201905,2025-12-13,10056,Paid Search,Mobile,US,130.78,0.0,15.42,115.36,Apple Pay
201906,2025-12-20,16572,Organic Search,Desktop,CA,79.36,0.0,5.18,74.17,PayPal
201907,2025-12-20,13552,Email,Desktop,US,106.49,0.0,0.0,106.49,Credit Card
201908,2026-01-21,3896,Organic Search,Mobile,DE,48.17,5.35,4.95,48.58,Apple Pay
201909,2025-10-15,14566,Organic Search,Mobile,DE,274.9,0.0,0.0,274.9,Shop Pay
201910,2025-10-08,8305,Direct,Mobile,UK,193.55,0.0,0.0,193.55,Shop Pay
201911,2026-02-03,1065,Direct,Desktop,US,198.98,0.0,22.43,176.55,Apple Pay
201912,2025-09-22,1467,Organic Search,Desktop,CA,99.33,0.0,0.0,99.33,Credit Card
201913,2025-12-10,17513,Organic Search,Desktop,UK,79.34,0.0,0.0,79.34,Shop Pay
201914,2025-10-08,1280,Paid Search,Desktop,CA,174.61,0.0,10.78,163.83,PayPal
201915,2026-01-25,13018,Email,Mobile,DE,94.99,0.0,0.0,94.99,Credit Card
201916,2025-12-01,14644,Paid Search,Mobile,US,52.75,5.45,0.0,58.19,Apple Pay
201917,2025-09-09,12524,Email,Desktop,AU,123.21,0.0,0.0,123.21,Credit Card
201918,2025-12-02,848,Direct,Desktop,US,229.46,0.0,0.0,229.46,Shop Pay
201919,2025-10-13,13942,Direct,Desktop,UK,217.13,0.0,19.29,197.84,Credit Card
201920,2025-09-19,414,Organic Search,Mobile,CA,148.78,0.0,0.0,148.78,Apple Pay
201921,2025-09-03,12210,Organic Search,Desktop,DE,193.54,0.0,13.28,180.26,Shop Pay
201922,2025-10-20,13073,Paid Search,Desktop,AU,90.41,0.0,0.0,90.41,Credit Card
201923,2025-08-16,8706,Paid Search,Desktop,AU,189.03,0.0,20.26,168.77,Credit Card
201924,2025-11-12,3922,Paid Search,Desktop,US,260.88,0.0,0.0,260.88,Credit Card
201925,2025-11-22,16810,Direct,Mobile,CA,119.45,0.0,0.0,119.45,Credit Card
201926,2025-09-14,16885,Paid Social,Mobile,UK,208.36,0.0,0.0,208.36,PayPal
201927,2026-01-31,13223,Paid Social,Mobile,CA,117.04,0.0,6.71,110.32,Apple Pay
201928,2025-09-30,15801,Paid Search,Mobile,AU,126.23,0.0,0.0,126.23,PayPal
201929,2025-09-13,259,Paid Search,Desktop,AU,100.33,0.0,0.0,100.33,Apple Pay
201930,2026-01-01,8847,Direct,Mobile,CA,29.1,5.25,2.13,32.22,Shop Pay
201931,2025-10-21,91,Direct,Desktop,DE,174.12,0.0,12.49,161.64,Credit Card
201932,2025-11-16,17517,Email,Mobile,CA,139.74,0.0,0.0,139.74,Credit Card
201933,2025-09-14,12583,Direct,Desktop,UK,274.0,0.0,0.0,274.0,Credit Card
201934,2025-11-09,11667,Paid Social,Mobile,US,71.43,0.0,0.0,71.43,Shop Pay
201935,2025-09-25,7790,Paid Social,Desktop,UK,83.92,0.0,0.0,83.92,PayPal
201936,2025-08-29,4539,Paid Social,Mobile,DE,173.04,0.0,0.0,173.04,Credit Card
201937,2025-08-22,14728,Email,Mobile,CA,128.81,0.0,14.67,114.14,Credit Card
201938,2026-02-05,13637,Paid Social,Desktop,US,76.41,0.0,6.11,70.3,Apple Pay
201939,2025-12-26,16679,Paid Search,Desktop,UK,77.74,0.0,0.0,77.74,PayPal
201940,2025-08-16,371,Paid Social,Desktop,DE,65.82,0.0,6.28,59.54,PayPal
201941,2025-12-20,16449,Organic Search,Mobile,UK,231.41,0.0,0.0,231.41,Shop Pay
201942,2025-09-27,17266,Direct,Mobile,DE,216.59,0.0,0.0,216.59,Apple Pay
201943,2025-09-20,11930,Email,Mobile,US,221.56,0.0,0.0,221.56,PayPal
201944,2026-01-19,10024,Organic Search,Mobile,UK,37.08,7.15,0.0,44.23,PayPal
201945,2026-01-06,6704,Organic Search,Mobile,AU,155.86,0.0,0.0,155.86,Shop Pay
201946,2025-09-27,13042,Paid Social,Desktop,CA,164.01,0.0,0.0,164.01,Credit Card
201947,2025-10-26,12252,Paid Search,Mobile,CA,133.76,0.0,0.0,133.76,Credit Card
201948,2025-09-09,11360,Paid Social,Desktop,CA,52.59,7.3,3.27,56.63,PayPal
201949,2025-12-28,170,Organic Search,Mobile,UK,215.44,0.0,0.0,215.44,PayPal
201950,2025-09-06,10771,Paid Social,Desktop,DE,152.66,0.0,0.0,152.66,PayPal
201951,2025-09-19,15692,Organic Search,Mobile,UK,163.22,0.0,10.35,152.87,Apple Pay
201952,2025-12-21,2499,Direct,Desktop,DE,281.34,0.0,14.34,267.01,Apple Pay
201953,2025-10-11,8930,Direct,Desktop,DE,234.99,0.0,10.1,224.89,Credit Card
201954,2025-09-02,3149,Email,Desktop,AU,197.17,0.0,16.72,180.45,PayPal
201955,2026-01-05,2355,Paid Social,Desktop,UK,54.92,0.0,0.0,54.92,Credit Card
201956,2025-08-31,3378,Paid Search,Mobile,US,80.83,0.0,0.0,80.83,PayPal
201957,2025-11-05,17256,Paid Search,Desktop,US,237.54,0.0,0.0,237.54,Apple Pay
201958,2026-01-27,17636,Paid Search,Desktop,AU,78.07,0.0,0.0,78.07,Apple Pay
201959,2025-11-28,17970,Paid Search,Desktop,AU,178.75,0.0,0.0,178.75,PayPal
201960,2025-10-03,14417,Organic Search,Mobile,AU,126.22,0.0,0.0,126.22,Shop Pay
201961,2025-12-16,902,Paid Social,Desktop,AU,82.27,0.0,0.0,82.27,Apple Pay
201962,2025-10-23,8236,Organic Search,Desktop,AU,182.9,0.0,0.0,182.9,Apple Pay
201963,2026-01-08,1468,Paid Social,Desktop,UK,169.9,0.0,0.0,169.9,Credit Card
201964,2025-08-29,5230,Paid Social,Desktop,US,212.17,0.0,0.0,212.17,Credit Card
201965,2025-12-01,16765,Paid Social,Mobile,CA,125.41,0.0,0.0,125.41,Shop Pay
201966,2025-10-18,7894,Paid Social,Mobile,AU,232.1,0.0,0.0,232.1,Shop Pay
201967,2025-09-10,3664,Paid Search,Mobile,UK,152.67,0.0,12.55,140.13,PayPal
201968,2026-01-26,6902,Email,Desktop,UK,156.34,0.0,0.0,156.34,Apple Pay
201969,2026-02-04,11105,Organic Search,Mobile,UK,59.25,0.0,0.0,59.25,PayPal
201970,2025-10-16,14787,Direct,Desktop,US,225.36,0.0,12.87,212.49,Shop Pay
201971,2026-01-28,2946,Paid Search,Desktop,US,137.04,0.0,7.99,129.06,PayPal
201972,2025-10-11,9709,Direct,Desktop,US,164.07,0.0,0.0,164.07,PayPal
201973,2025-10-20,11131,Organic Search,Mobile,US,168.17,0.0,0.0,168.17,Apple Pay
201974,2026-01-16,2615,Paid Social,Desktop,UK,256.44,0.0,12.28,244.16,Apple Pay
201975,2025-11-21,16148,Paid Search,Mobile,AU,110.17,0.0,0.0,110.17,Apple Pay
201976,2025-12-24,11056,Direct,Desktop,UK,160.81,0.0,10.27,150.54,Shop Pay
201977,2025-12-13,783,Organic Search,Mobile,US,142.71,0.0,0.0,142.71,PayPal
201978,2025-11-01,4028,Organic Search,Desktop,AU,137.21,0.0,4.9,132.31,Apple Pay
201979,2025-09-03,16662,Paid Search,Desktop,DE,108.18,0.0,0.0,108.18,PayPal
201980,2025-08-26,11908,Paid Social,Desktop,CA,273.22,0.0,0.0,273.22,Shop Pay
201981,2026-02-01,3918,Paid Search,Desktop,AU,76.44,0.0,6.92,69.51,Apple Pay
201982,2025-10-13,6413,Paid Search,Mobile,UK,30.71,6.28,0.0,37.0,Credit Card
201983,2025-10-11,16937,Organic Search,Mobile,UK,256.15,0.0,0.0,256.15,Shop Pay
201984,2025-10-17,14294,Paid Search,Mobile,CA,184.63,0.0,10.36,174.26,Shop Pay
201985,2025-09-16,12001,Organic Search,Mobile,CA,47.48,0.0,4.59,42.89,PayPal
201986,2025-09-17,670,Organic Search,Mobile,CA,96.03,0.0,0.0,96.03,Credit Card
201987,2026-01-15,4900,Email,Desktop,AU,207.86,0.0,0.0,207.86,PayPal
201988,2025-11-22,2015,Direct,Desktop,CA,94.17,0.0,0.0,94.17,Credit Card
201989,2025-12-11,1861,Paid Social,Mobile,CA,90.99,0.0,0.0,90.99,Apple Pay
201990,2026-02-07,901,Direct,Mobile,UK,75.99,0.0,0.0,75.99,Credit Card
201991,2025-11-15,4820,Direct,Desktop,UK,241.5,0.0,0.0,241.5,PayPal
201992,2025-11-13,17808,Email,Desktop,US,98.5,0.0,0.0,98.5,Credit Card
201993,2025-11-17,3017,Direct,Desktop,UK,150.34,0.0,14.76,135.58,Apple Pay
201994,2025-11-05,10722,Organic Search,Desktop,US,104.12,0.0,8.71,95.4,Credit Card
201995,2026-01-29,8255,Paid Social,Desktop,CA,67.1,0.0,0.0,67.1,Apple Pay
201996,2025-11-26,829,Organic Search,Desktop,US,214.42,0.0,0.0,214.42,Credit Card
201997,2026-01-03,5682,Paid Social,Desktop,AU,112.62,0.0,0.0,112.62,Shop Pay
201998,2026-01-23,9449,Paid Social,Mobile,DE,236.43,0.0,0.0,236.43,Shop Pay
201999,2025-09-22,14855,Direct,Mobile,US,264.43,0.0,20.17,244.26,PayPal
202000,2025-09-03,10002,Direct,Desktop,AU,155.61,0.0,0.0,155.61,Shop Pay
202001,2026-01-31,5034,Email,Mobile,US,274.0,0.0,0.0,274.0,Credit Card
202002,2025-08-27,12321,Direct,Desktop,DE,66.79,0.0,0.0,66.79,PayPal
202003,2025-09-25,4695,Organic Search,Mobile,CA,57.34,0.0,3.58,53.77,Credit Card
202004,2025-12-02,14059,Direct,Mobile,UK,29.91,6.65,1.08,35.48,Credit Card
202005,2025-11-13,5231,Paid Social,Desktop,CA,117.67,0.0,13.61,104.07,Shop Pay
202006,2026-02-08,11203,Email,Mobile,AU,137.44,0.0,0.0,137.44,PayPal
202007,2025-10-02,8980,Direct,Mobile,UK,299.63,0.0,0.0,299.63,PayPal
202008,2025-12-24,9673,Organic Search,Desktop,AU,30.35,7.37,2.33,35.38,Shop Pay
202009,2025-11-10,14790,Paid Social,Mobile,DE,51.48,7.36,0.0,58.84,Shop Pay
202010,2025-10-12,9338,Paid Social,Mobile,UK,128.17,0.0,10.38,117.79,Credit Card
202011,2025-08-20,16313,Email,Mobile,DE,133.04,0.0,0.0,133.04,Apple Pay
202012,2025-11-02,2212,Paid Social,Desktop,CA,122.23,0.0,0.0,122.23,Apple Pay
202013,2025-10-13,16404,Direct,Mobile,US,140.61,0.0,0.0,140.61,Credit Card
202014,2025-09-25,6278,Paid Search,Desktop,US,162.08,0.0,15.6,146.48,PayPal
202015,2025-11-25,11569,Direct,Mobile,US,99.03,0.0,0.0,99.03,Apple Pay
202016,2025-12-19,4838,Email,Mobile,DE,132.98,0.0,0.0,132.98,Shop Pay
202017,2025-10-30,12272,Email,Desktop,CA,127.81,0.0,5.32,122.48,Shop Pay
202018,2026-02-07,13358,Organic Search,Desktop,UK,207.32,0.0,22.63,184.69,Shop Pay
202019,2025-08-18,17196,Email,Desktop,US,160.96,0.0,0.0,160.96,PayPal
202020,2025-12-20,3031,Paid Search,Mobile,UK,181.58,0.0,0.0,181.58,Credit Card
202021,2025-11-09,14014,Paid Social,Mobile,DE,165.3,0.0,16.22,149.08,Credit Card
202022,2026-02-07,4483,Email,Desktop,DE,54.66,6.74,0.0,61.41,Credit Card
202023,2025-10-13,13132,Organic Search,Mobile,DE,44.01,0.0,4.95,39.05,Apple Pay
202024,2025-11-11,10159,Email,Mobile,US,73.54,0.0,0.0,73.54,Shop Pay
202025,2025-08-27,7750,Email,Desktop,AU,133.1,0.0,14.75,118.36,Shop Pay
202026,2025-12-21,16438,Paid Social,Mobile,US,172.09,0.0,0.0,172.09,Credit Card
202027,2025-11-02,262,Direct,Mobile,CA,216.09,0.0,0.0,216.09,Shop Pay
202028,2025-11-07,8741,Organic Search,Mobile,US,107.72,0.0,0.0,107.72,Shop Pay
202029,2026-02-06,15359,Email,Mobile,CA,51.34,5.24,0.0,56.58,Apple Pay
202030,2025-12-05,1723,Email,Mobile,AU,139.69,0.0,0.0,139.69,PayPal
202031,2025-10-27,2792,Organic Search,Desktop,US,327.54,0.0,0.0,327.54,Shop Pay
202032,2025-11-17,2452,Email,Mobile,AU,29.07,6.67,0.0,35.74,Shop Pay
202033,2025-11-10,13377,Organic Search,Desktop,US,159.8,0.0,7.92,151.88,Credit Card
202034,2025-12-17,259,Email,Mobile,AU,181.37,0.0,0.0,181.37,Apple Pay
202035,2025-09-12,5783,Email,Mobile,AU,118.57,0.0,0.0,118.57,Credit Card
202036,2026-02-08,1936,Direct,Mobile,UK,207.9,0.0,0.0,207.9,Shop Pay
202037,2026-01-24,4525,Paid Social,Desktop,DE,101.29,0.0,0.0,101.29,Shop Pay
202038,2025-10-04,3050,Direct,Desktop,DE,43.72,0.0,2.57,41.15,Credit Card
202039,2025-12-17,8362,Direct,Desktop,US,225.51,0.0,0.0,225.51,PayPal
202040,2025-10-02,4485,Direct,Desktop,AU,129.8,0.0,12.47,117.33,Credit Card
202041,2025-08-21,10778,Email,Desktop,DE,50.5,0.0,1.88,48.61,Shop Pay
202042,2025-12-27,11458,Paid Search,Mobile,UK,145.59,0.0,0.0,145.59,Apple Pay
202043,2025-09-12,9780,Email,Mobile,AU,111.96,0.0,12.05,99.91,Credit Card
202044,2025-11-15,16048,Paid Search,Desktop,CA,224.9,0.0,23.75,201.15,Shop Pay
202045,2025-08-30,5519,Direct,Mobile,CA,285.04,0.0,26.4,258.64,Shop Pay
202046,2025-09-27,12035,Email,Mobile,US,218.77,0.0,0.0,218.77,PayPal
202047,2025-08-21,17087,Paid Search,Mobile,CA,96.84,0.0,4.76,92.08,Apple Pay
202048,2025-10-02,6910,Direct,Desktop,AU,153.28,0.0,0.0,153.28,Credit Card
202049,2025-12-01,9499,Paid Social,Desktop,AU,277.46,0.0,0.0,277.46,Apple Pay
202050,2026-01-01,6411,Paid Social,Mobile,DE,189.42,0.0,0.0,189.42,PayPal
202051,2025-10-02,15067,Paid Social,Desktop,DE,211.92,0.0,0.0,211.92,Shop Pay
202052,2026-01-25,16996,Organic Search,Mobile,CA,84.21,0.0,0.0,84.21,Shop Pay
202053,2025-11-15,3759,Paid Social,Desktop,DE,225.7,0.0,0.0,225.7,Credit Card
202054,2026-01-15,16290,Paid Social,Mobile,UK,58.52,0.0,0.0,58.52,Shop Pay
202055,2025-11-02,591,Direct,Mobile,US,204.94,0.0,0.0,204.94,Apple Pay
202056,2025-10-31,5814,Email,Mobile,CA,146.64,0.0,16.65,129.98,Shop Pay
202057,2025-11-08,5641,Paid Social,Desktop,CA,131.39,0.0,0.0,131.39,Shop Pay
202058,2026-02-08,14572,Direct,Mobile,CA,9.91,6.58,0.0,16.49,Apple Pay
202059,2026-01-05,3622,Organic Search,Desktop,US,228.47,0.0,10.53,217.94,PayPal
202060,2025-11-28,8678,Email,Mobile,AU,46.72,0.0,0.0,46.72,PayPal
202061,2026-01-26,1869,Direct,Desktop,UK,209.46,0.0,24.37,185.09,Apple Pay
202062,2025-08-16,8194,Direct,Desktop,UK,162.64,0.0,12.82,149.82,PayPal
202063,2025-10-02,109,Organic Search,Desktop,AU,178.24,0.0,0.0,178.24,PayPal
202064,2025-09-17,8048,Paid Search,Desktop,CA,51.38,6.18,0.0,57.56,Credit Card
202065,2025-10-26,16755,Paid Search,Mobile,UK,88.71,0.0,5.64,83.08,Apple Pay
202066,2025-10-18,14367,Paid Search,Mobile,UK,96.8,0.0,0.0,96.8,Credit Card
202067,2025-09-16,11232,Paid Search,Desktop,CA,221.54,0.0,0.0,221.54,Shop Pay
202068,2025-09-05,10017,Direct,Desktop,CA,90.96,0.0,0.0,90.96,PayPal
202069,2025-08-21,4324,Direct,Mobile,DE,202.1,0.0,11.95,190.15,Apple Pay
202070,2025-10-11,9172,Paid Social,Desktop,DE,96.15,0.0,0.0,96.15,PayPal
202071,2025-08-27,9169,Direct,Desktop,UK,25.67,5.9,0.0,31.57,Apple Pay
202072,2025-12-01,5448,Direct,Desktop,DE,202.86,0.0,0.0,202.86,PayPal
202073,2026-02-03,5310,Paid Social,Mobile,DE,127.5,0.0,0.0,127.5,Credit Card
202074,2025-10-25,9245,Organic Search,Desktop,AU,269.44,0.0,0.0,269.44,Shop Pay
202075,2025-08-30,12783,Direct,Desktop,US,147.33,0.0,0.0,147.33,Apple Pay
202076,2025-09-25,15204,Paid Search,Mobile,UK,116.62,0.0,0.0,116.62,Apple Pay
202077,2025-12-16,6037,Paid Social,Mobile,DE,186.74,0.0,17.29,169.44,PayPal
202078,2025-10-22,4731,Organic Search,Mobile,AU,163.12,0.0,14.79,148.33,PayPal
202079,2025-08-28,7988,Paid Search,Mobile,US,218.57,0.0,0.0,218.57,Credit Card
202080,2025-09-25,15563,Email,Desktop,UK,225.92,0.0,0.0,225.92,Credit Card
202081,2025-10-20,16872,Organic Search,Mobile,CA,176.42,0.0,0.0,176.42,Apple Pay
202082,2026-01-26,11457,Paid Search,Mobile,US,201.21,0.0,16.19,185.02,PayPal
202083,2025-12-04,5415,Paid Social,Mobile,US,341.31,0.0,0.0,341.31,Credit Card
202084,2025-12-02,12967,Paid Social,Desktop,AU,139.77,0.0,12.98,126.79,Shop Pay
202085,2025-09-24,560,Paid Search,Desktop,AU,231.19,0.0,0.0,231.19,Apple Pay
202086,2025-09-26,4593,Direct,Desktop,DE,79.19,0.0,5.52,73.67,Credit Card
202087,2025-11-02,2340,Email,Desktop,US,108.1,0.0,8.44,99.67,Credit Card
202088,2025-11-03,14920,Email,Mobile,AU,125.29,0.0,0.0,125.29,Credit Card
202089,2025-11-12,7955,Direct,Mobile,AU,113.35,0.0,13.2,100.15,PayPal
202090,2025-11-19,7060,Email,Desktop,UK,202.0,0.0,0.0,202.0,Shop Pay
202091,2025-11-10,17434,Paid Social,Mobile,US,138.94,0.0,0.0,138.94,Shop Pay
202092,2025-12-10,8676,Paid Search,Desktop,DE,54.64,0.0,6.25,48.38,Apple Pay
202093,2025-11-07,10716,Direct,Desktop,DE,177.1,0.0,0.0,177.1,Shop Pay
202094,2025-10-29,15782,Paid Search,Desktop,AU,70.54,0.0,3.19,67.35,Apple Pay
202095,2026-01-04,1543,Paid Search,Mobile,CA,207.37,0.0,0.0,207.37,PayPal
202096,2025-12-28,11152,Paid Search,Mobile,UK,262.26,0.0,0.0,262.26,Credit Card
202097,2025-09-02,2038,Organic Search,Desktop,DE,261.47,0.0,21.7,239.77,PayPal
202098,2025-12-07,6208,Organic Search,Desktop,US,60.5,0.0,0.0,60.5,Shop Pay
202099,2026-01-24,6877,Email,Mobile,DE,215.01,0.0,19.61,195.4,Apple Pay
202100,2025-08-28,17114,Direct,Mobile,UK,135.49,0.0,0.0,135.49,PayPal
202101,2025-11-24,6654,Organic Search,Mobile,CA,72.24,0.0,2.7,69.54,PayPal
202102,2025-09-03,15493,Email,Desktop,DE,103.03,0.0,0.0,103.03,Shop Pay
202103,2025-08-27,2221,Paid Social,Desktop,UK,114.04,0.0,0.0,114.04,Shop Pay
202104,2025-08-26,14895,Direct,Mobile,CA,101.2,0.0,0.0,101.2,PayPal
202105,2025-09-19,3947,Organic Search,Mobile,US,113.09,0.0,8.62,104.47,Shop Pay
202106,2025-11-17,17491,Organic Search,Mobile,DE,114.49,0.0,9.87,104.62,Credit Card
202107,2025-10-06,2889,Paid Social,Mobile,CA,140.4,0.0,0.0,140.4,Credit Card
202108,2025-11-30,14102,Organic Search,Mobile,US,143.18,0.0,7.58,135.6,PayPal
202109,2025-11-06,11358,Email,Desktop,DE,326.61,0.0,0.0,326.61,Shop Pay
202110,2026-01-13,8496,Email,Mobile,DE,106.54,0.0,3.79,102.76,Shop Pay
202111,2025-10-04,7566,Paid Social,Desktop,AU,71.56,0.0,7.37,64.2,Credit Card
202112,2025-11-21,6807,Paid Social,Mobile,US,96.26,0.0,0.0,96.26,PayPal
202113,2025-12-14,15291,Organic Search,Mobile,DE,22.55,5.7,2.02,26.23,Apple Pay
202114,2025-11-10,11549,Organic Search,Mobile,AU,69.43,0.0,0.0,69.43,Credit Card
202115,2025-11-15,435,Email,Desktop,AU,257.89,0.0,0.0,257.89,Shop Pay
202116,2025-08-28,4182,Direct,Desktop,CA,143.79,0.0,12.43,131.36,PayPal
202117,2025-09-01,7398,Paid Social,Mobile,AU,281.22,0.0,0.0,281.22,Shop Pay
202118,2026-01-05,14549,Email,Desktop,CA,252.19,0.0,0.0,252.19,Credit Card
202119,2025-10-23,16417,Direct,Mobile,UK,85.94,0.0,5.1,80.84,Credit Card
202120,2025-09-19,13712,Paid Search,Mobile,US,238.47,0.0,0.0,238.47,Apple Pay
202121,2025-12-12,13778,Organic Search,Desktop,US,304.56,0.0,0.0,304.56,Apple Pay
202122,2025-10-13,1208,Paid Social,Desktop,US,73.77,0.0,0.0,73.77,Shop Pay
202123,2025-12-05,16803,Organic Search,Desktop,UK,9.68,5.12,0.0,14.8,Credit Card
202124,2026-01-20,5523,Email,Desktop,UK,127.29,0.0,12.31,114.98,Credit Card
202125,2026-01-10,16687,Paid Social,Mobile,UK,12.77,7.48,1.26,18.99,Shop Pay
202126,2025-09-01,8750,Paid Social,Mobile,CA,94.15,0.0,3.4,90.76,Apple Pay
202127,2025-09-07,16032,Email,Mobile,DE,39.47,5.18,2.7,41.95,PayPal
202128,2025-09-25,4876,Paid Social,Desktop,CA,159.21,0.0,0.0,159.21,PayPal
202129,2025-10-08,12416,Direct,Desktop,CA,9.23,6.57,1.07,14.73,Shop Pay
202130,2025-12-21,16100,Paid Social,Mobile,US,157.93,0.0,0.0,157.93,Credit Card
202131,2025-11-23,8284,Paid Search,Mobile,DE,130.07,0.0,0.0,130.07,Shop Pay
202132,2026-02-02,8992,Direct,Mobile,AU,180.07,0.0,0.0,180.07,PayPal
202133,2026-01-20,5855,Paid Social,Mobile,CA,92.6,0.0,9.61,82.99,Shop Pay
202134,2025-08-19,12240,Organic Search,Mobile,US,110.58,0.0,7.68,102.89,Apple Pay
202135,2025-09-18,14651,Direct,Mobile,UK,171.22,0.0,6.01,165.2,Apple Pay
202136,2026-02-01,14731,Organic Search,Mobile,CA,107.71,0.0,0.0,107.71,Apple Pay
202137,2025-12-29,2931,Direct,Desktop,CA,167.72,0.0,14.96,152.76,Apple Pay
202138,2025-10-27,17144,Direct,Mobile,UK,132.81,0.0,7.57,125.25,Apple Pay
202139,2025-09-03,8793,Email,Mobile,US,59.54,5.22,0.0,64.75,Apple Pay
202140,2025-12-14,5922,Direct,Mobile,US,345.83,0.0,0.0,345.83,PayPal
202141,2026-01-15,15773,Paid Social,Desktop,AU,254.86,0.0,0.0,254.86,Credit Card
202142,2025-11-10,2857,Email,Mobile,US,34.47,7.46,1.44,40.48,PayPal
202143,2025-11-27,10289,Paid Social,Desktop,DE,111.56,0.0,0.0,111.56,Credit Card
202144,2025-11-21,16908,Paid Search,Desktop,UK,77.06,0.0,0.0,77.06,Apple Pay
202145,2026-01-05,2174,Paid Search,Mobile,UK,39.91,7.86,0.0,47.77,Apple Pay
202146,2025-09-27,15213,Direct,Mobile,AU,101.91,0.0,0.0,101.91,Shop Pay
202147,2025-11-29,10921,Organic Search,Desktop,CA,127.94,0.0,0.0,127.94,Shop Pay
202148,2025-12-18,3711,Paid Search,Mobile,DE,198.33,0.0,0.0,198.33,Credit Card
202149,2025-12-21,5274,Email,Desktop,UK,138.24,0.0,0.0,138.24,Credit Card
202150,2025-12-04,15792,Direct,Desktop,AU,336.58,0.0,0.0,336.58,Apple Pay
202151,2025-10-01,7731,Email,Desktop,CA,9.02,6.07,0.79,14.3,Shop Pay
202152,2025-12-07,2499,Direct,Mobile,CA,192.76,0.0,0.0,192.76,Shop Pay
202153,2025-12-31,9848,Paid Search,Desktop,US,8.94,5.63,0.64,13.93,Apple Pay
202154,2025-10-20,13832,Email,Mobile,DE,144.88,0.0,0.0,144.88,PayPal
202155,2025-10-30,16559,Direct,Mobile,AU,278.14,0.0,0.0,278.14,Apple Pay
202156,2025-11-16,603,Direct,Desktop,AU,67.47,0.0,3.69,63.78,Apple Pay
202157,2025-10-17,727,Paid Search,Desktop,DE,161.33,0.0,0.0,161.33,Shop Pay
202158,2026-01-28,13249,Paid Search,Mobile,UK,108.96,0.0,10.37,98.59,Apple Pay
202159,2025-09-23,11622,Paid Social,Mobile,US,254.32,0.0,8.98,245.34,Credit Card
202160,2026-01-02,9226,Email,Mobile,CA,35.5,6.94,0.0,42.44,Shop Pay
202161,2025-11-07,12323,Direct,Desktop,CA,73.92,0.0,0.0,73.92,Apple Pay
202162,2025-09-17,1299,Paid Search,Desktop,AU,66.11,0.0,0.0,66.11,PayPal
202163,2025-10-08,15972,Paid Social,Desktop,US,166.5,0.0,0.0,166.5,PayPal
202164,2026-01-26,11793,Paid Social,Desktop,CA,250.25,0.0,0.0,250.25,Credit Card
202165,2025-08-18,12979,Direct,Mobile,AU,257.22,0.0,0.0,257.22,Apple Pay
202166,2025-11-18,4699,Organic Search,Mobile,AU,159.16,0.0,0.0,159.16,Apple Pay
202167,2026-02-03,10471,Organic Search,Mobile,DE,82.85,0.0,5.05,77.8,PayPal
202168,2025-12-01,15887,Direct,Desktop,UK,252.11,0.0,0.0,252.11,Shop Pay
202169,2025-08-20,6243,Paid Search,Mobile,DE,111.36,0.0,0.0,111.36,PayPal
202170,2025-11-22,1867,Organic Search,Mobile,DE,295.08,0.0,18.44,276.64,Apple Pay
202171,2026-01-28,13614,Paid Social,Mobile,AU,120.93,0.0,4.81,116.12,Credit Card
202172,2025-09-14,4636,Organic Search,Mobile,AU,50.56,6.26,0.0,56.82,Credit Card
202173,2025-11-03,3748,Paid Social,Desktop,DE,135.98,0.0,5.68,130.3,PayPal
202174,2025-12-12,7682,Email,Desktop,UK,140.69,0.0,6.74,133.95,PayPal
202175,2025-08-21,2676,Organic Search,Mobile,AU,294.96,0.0,22.82,272.14,Apple Pay
202176,2025-10-30,11937,Organic Search,Mobile,US,107.6,0.0,0.0,107.6,Shop Pay
202177,2025-09-19,14452,Paid Social,Mobile,US,104.94,0.0,0.0,104.94,Shop Pay
202178,2025-12-17,584,Direct,Mobile,CA,69.91,0.0,0.0,69.91,Apple Pay
202179,2025-09-05,88,Organic Search,Desktop,US,155.54,0.0,0.0,155.54,Apple Pay
202180,2025-11-30,1281,Email,Mobile,CA,195.96,0.0,0.0,195.96,Credit Card
202181,2025-11-30,6083,Organic Search,Mobile,UK,62.78,0.0,6.04,56.74,Apple Pay
202182,2025-12-08,12716,Organic Search,Desktop,AU,117.01,0.0,0.0,117.01,Credit Card
202183,2025-09-25,11788,Paid Search,Desktop,AU,235.95,0.0,16.19,219.76,Credit Card
202184,2025-12-14,16272,Direct,Mobile,UK,174.64,0.0,0.0,174.64,PayPal
202185,2026-02-05,4841,Email,Desktop,DE,181.95,0.0,9.13,172.82,PayPal
202186,2025-09-30,4215,Paid Social,Desktop,UK,72.88,0.0,0.0,72.88,PayPal
202187,2026-01-25,180,Paid Search,Desktop,AU,190.44,0.0,0.0,190.44,Shop Pay
202188,2025-12-19,2277,Direct,Mobile,CA,196.31,0.0,6.41,189.91,Credit Card
202189,2025-10-09,12201,Paid Social,Mobile,CA,144.1,0.0,0.0,144.1,Credit Card
202190,2025-11-03,5569,Organic Search,Mobile,US,241.68,0.0,15.05,226.62,Credit Card
202191,2026-01-23,3481,Email,Desktop,DE,87.46,0.0,0.0,87.46,Shop Pay
202192,2025-10-02,7498,Organic Search,Mobile,US,92.58,0.0,0.0,92.58,Credit Card
202193,2026-01-13,16022,Paid Social,Mobile,CA,188.4,0.0,0.0,188.4,PayPal
202194,2025-10-01,73,Paid Search,Desktop,DE,122.66,0.0,0.0,122.66,Shop Pay
202195,2025-10-25,11104,Email,Desktop,US,133.82,0.0,0.0,133.82,Credit Card
202196,2025-09-06,10929,Paid Search,Desktop,CA,187.46,0.0,8.82,178.64,Credit Card
202197,2025-10-21,3402,Email,Desktop,AU,136.23,0.0,0.0,136.23,Credit Card
202198,2026-02-02,4771,Email,Mobile,CA,106.05,0.0,0.0,106.05,PayPal
202199,2026-01-05,3703,Direct,Mobile,UK,165.93,0.0,17.18,148.75,Credit Card
202200,2026-01-16,4781,Paid Social,Desktop,CA,222.09,0.0,15.79,206.29,Credit Card
202201,2025-12-13,14491,Direct,Desktop,AU,52.91,0.0,0.0,52.91,Shop Pay
202202,2025-12-21,11515,Paid Social,Mobile,UK,72.43,0.0,0.0,72.43,Apple Pay
202203,2026-01-23,7675,Organic Search,Mobile,US,44.44,0.0,0.0,44.44,PayPal
202204,2025-11-01,14872,Direct,Mobile,US,177.25,0.0,0.0,177.25,Credit Card
202205,2025-10-15,15568,Paid Search,Mobile,UK,35.07,7.25,3.54,38.78,Credit Card
202206,2025-11-11,1207,Paid Social,Mobile,US,42.4,5.48,4.74,43.14,Credit Card
202207,2025-12-13,15039,Paid Social,Desktop,US,249.86,0.0,26.06,223.8,Credit Card
202208,2025-10-20,15311,Direct,Mobile,DE,155.04,0.0,0.0,155.04,Credit Card
202209,2026-01-01,15734,Direct,Mobile,AU,44.08,7.31,4.68,46.7,Apple Pay
202210,2025-12-31,12962,Email,Desktop,US,96.09,0.0,0.0,96.09,PayPal
202211,2025-09-14,10142,Direct,Mobile,US,151.19,0.0,0.0,151.19,PayPal
202212,2025-09-13,2956,Paid Social,Mobile,CA,196.32,0.0,13.62,182.7,Apple Pay
202213,2025-10-02,5558,Paid Social,Mobile,CA,220.51,0.0,23.03,197.48,PayPal
202214,2025-09-21,10224,Direct,Mobile,UK,109.29,0.0,0.0,109.29,PayPal
202215,2026-01-02,910,Paid Search,Mobile,UK,130.86,0.0,0.0,130.86,Apple Pay
202216,2026-01-24,3744,Direct,Mobile,CA,206.05,0.0,18.21,187.84,Shop Pay
202217,2025-09-13,11632,Paid Social,Desktop,CA,149.16,0.0,15.61,133.55,Shop Pay
202218,2026-01-15,12023,Paid Social,Desktop,US,125.74,0.0,6.75,118.99,Shop Pay
202219,2025-12-19,5344,Email,Mobile,DE,179.42,0.0,0.0,179.42,Credit Card
202220,2026-02-06,9400,Direct,Mobile,US,107.44,0.0,8.1,99.34,Shop Pay
202221,2026-01-24,16857,Paid Search,Mobile,DE,68.58,0.0,0.0,68.58,Credit Card
202222,2025-08-17,12371,Email,Desktop,US,100.19,0.0,0.0,100.19,Shop Pay
202223,2025-08-15,12729,Paid Search,Mobile,UK,145.1,0.0,0.0,145.1,Apple Pay
202224,2025-09-28,14660,Organic Search,Desktop,CA,296.87,0.0,23.08,273.79,Shop Pay
202225,2025-11-26,15953,Paid Search,Mobile,AU,128.0,0.0,14.27,113.73,Shop Pay
202226,2026-01-07,7200,Organic Search,Mobile,DE,63.65,0.0,0.0,63.65,Shop Pay
202227,2025-12-11,1679,Email,Mobile,US,262.88,0.0,14.96,247.93,Apple Pay
202228,2025-12-23,14742,Direct,Mobile,US,195.92,0.0,0.0,195.92,Apple Pay
202229,2025-09-12,12845,Paid Social,Mobile,CA,178.04,0.0,0.0,178.04,Credit Card
202230,2025-10-29,404,Paid Search,Desktop,CA,153.82,0.0,0.0,153.82,Shop Pay
202231,2025-08-18,4224,Direct,Desktop,US,241.05,0.0,0.0,241.05,Apple Pay
202232,2025-10-18,14324,Paid Social,Desktop,US,49.61,7.08,5.16,51.52,Apple Pay
202233,2026-02-07,11331,Direct,Mobile,AU,26.25,7.46,0.0,33.71,Credit Card
202234,2025-11-20,8058,Paid Search,Mobile,CA,91.69,0.0,0.0,91.69,PayPal
202235,2025-08-23,3182,Email,Desktop,US,160.44,0.0,0.0,160.44,Apple Pay
202236,2025-11-15,3474,Paid Social,Mobile,UK,174.58,0.0,10.59,163.99,Shop Pay
202237,2025-12-29,5921,Direct,Mobile,AU,225.4,0.0,0.0,225.4,Credit Card
202238,2025-09-26,4813,Direct,Desktop,US,115.17,0.0,0.0,115.17,Apple Pay
202239,2025-10-30,5575,Direct,Desktop,US,365.09,0.0,0.0,365.09,Apple Pay
202240,2025-10-10,14801,Paid Social,Mobile,CA,85.23,0.0,0.0,85.23,Apple Pay
202241,2025-12-29,1451,Paid Search,Desktop,CA,190.21,0.0,14.31,175.89,PayPal
202242,2025-12-31,10012,Direct,Desktop,DE,272.92,0.0,0.0,272.92,Credit Card
202243,2026-01-21,373,Direct,Desktop,DE,113.04,0.0,0.0,113.04,Credit Card
202244,2025-12-28,3713,Direct,Mobile,CA,33.02,5.03,1.18,36.87,Credit Card
202245,2026-01-12,3755,Email,Desktop,DE,267.94,0.0,18.4,249.53,Shop Pay
202246,2026-01-15,14181,Email,Mobile,US,138.27,0.0,0.0,138.27,PayPal
202247,2025-08-19,17073,Email,Mobile,US,104.03,0.0,0.0,104.03,Apple Pay
202248,2025-09-24,3562,Paid Search,Mobile,CA,70.0,0.0,0.0,70.0,Credit Card
202249,2026-01-10,568,Email,Mobile,DE,195.18,0.0,11.19,184.0,Shop Pay
202250,2026-01-18,3843,Paid Social,Mobile,US,115.26,0.0,7.13,108.14,Apple Pay
202251,2025-12-02,2281,Paid Social,Desktop,CA,224.47,0.0,23.76,200.7,PayPal
202252,2026-01-29,9126,Paid Social,Mobile,DE,44.34,0.0,0.0,44.34,Apple Pay
202253,2026-01-12,16567,Direct,Desktop,UK,20.32,5.42,0.0,25.74,Apple Pay
202254,2025-08-18,15455,Direct,Mobile,CA,195.7,0.0,0.0,195.7,PayPal
202255,2025-12-21,5756,Organic Search,Desktop,DE,267.85,0.0,0.0,267.85,Apple Pay
202256,2026-01-17,10260,Paid Social,Desktop,US,132.36,0.0,0.0,132.36,Credit Card
202257,2025-11-30,13500,Direct,Desktop,DE,103.35,0.0,0.0,103.35,Shop Pay
202258,2026-01-02,17476,Direct,Desktop,AU,44.3,5.51,3.99,45.81,Shop Pay
202259,2025-10-29,2773,Organic Search,Mobile,US,95.85,0.0,5.72,90.13,PayPal
202260,2025-11-29,2758,Email,Mobile,US,220.36,0.0,15.93,204.43,Shop Pay
202261,2025-12-04,3679,Organic Search,Desktop,DE,176.9,0.0,0.0,176.9,Credit Card
202262,2026-01-23,16273,Paid Social,Mobile,US,128.63,0.0,0.0,128.63,PayPal
202263,2026-01-20,15973,Email,Desktop,AU,217.24,0.0,13.62,203.62,PayPal
202264,2025-08-16,2615,Organic Search,Desktop,US,167.09,0.0,0.0,167.09,PayPal
202265,2025-12-01,9134,Direct,Desktop,AU,138.69,0.0,6.68,132.01,PayPal
202266,2026-01-05,6945,Paid Search,Mobile,CA,84.72,0.0,5.66,79.06,Shop Pay
202267,2025-11-24,3732,Email,Desktop,US,77.73,0.0,7.6,70.13,Shop Pay
202268,2026-02-05,5747,Email,Desktop,CA,277.5,0.0,0.0,277.5,PayPal
202269,2026-01-13,4595,Organic Search,Desktop,DE,310.91,0.0,32.77,278.14,Shop Pay
202270,2025-12-07,6270,Organic Search,Desktop,CA,133.55,0.0,0.0,133.55,Shop Pay
202271,2025-08-30,6555,Direct,Desktop,DE,54.06,6.02,2.5,57.58,Apple Pay
202272,2025-08-25,12995,Paid Search,Mobile,US,157.98,0.0,18.77,139.2,Credit Card
202273,2026-01-09,16278,Paid Social,Mobile,UK,35.26,5.19,3.54,36.9,Shop Pay
202274,2025-12-15,2500,Organic Search,Desktop,UK,92.56,0.0,0.0,92.56,Credit Card
202275,2026-01-26,9447,Paid Social,Mobile,US,170.52,0.0,0.0,170.52,PayPal
202276,2025-10-12,11950,Paid Search,Mobile,AU,46.86,6.29,0.0,53.14,Credit Card
202277,2026-01-11,10595,Paid Social,Desktop,UK,86.22,0.0,0.0,86.22,Shop Pay
202278,2026-01-20,12457,Email,Mobile,CA,89.8,0.0,6.18,83.62,Apple Pay
202279,2026-01-05,12546,Email,Mobile,CA,138.93,0.0,0.0,138.93,Shop Pay
202280,2026-02-05,5370,Email,Desktop,AU,94.93,0.0,0.0,94.93,Apple Pay
202281,2025-12-04,8484,Organic Search,Desktop,AU,86.86,0.0,3.71,83.16,PayPal
202282,2025-09-20,4073,Paid Search,Mobile,DE,104.53,0.0,0.0,104.53,Credit Card
202283,2026-01-23,2180,Direct,Mobile,DE,125.84,0.0,6.26,119.58,Apple Pay
202284,2025-11-19,10554,Paid Social,Mobile,US,81.33,0.0,0.0,81.33,PayPal
202285,2025-08-30,759,Organic Search,Mobile,UK,137.25,0.0,9.66,127.59,Apple Pay
202286,2025-12-27,2540,Paid Social,Desktop,AU,237.94,0.0,0.0,237.94,Apple Pay
202287,2025-12-27,9786,Email,Mobile,US,214.49,0.0,0.0,214.49,Credit Card
202288,2025-10-15,4310,Direct,Desktop,US,51.66,0.0,6.12,45.54,Apple Pay
202289,2025-09-26,4286,Direct,Desktop,UK,318.58,0.0,0.0,318.58,Shop Pay
202290,2026-01-24,11457,Organic Search,Desktop,AU,53.24,0.0,3.8,49.44,PayPal
202291,2026-01-17,10056,Paid Search,Mobile,AU,169.52,0.0,19.88,149.64,Credit Card
202292,2026-01-06,16792,Paid Search,Mobile,AU,146.43,0.0,0.0,146.43,Credit Card
202293,2025-10-29,10659,Direct,Mobile,US,116.7,0.0,0.0,116.7,PayPal
202294,2025-11-30,12170,Organic Search,Desktop,US,17.41,6.61,0.0,24.01,Shop Pay
202295,2025-09-30,13156,Direct,Mobile,US,19.27,5.65,1.62,23.31,Apple Pay
202296,2025-12-26,13533,Paid Social,Desktop,CA,207.73,0.0,22.16,185.57,Apple Pay
202297,2025-11-19,17900,Email,Desktop,DE,176.37,0.0,0.0,176.37,PayPal
202298,2025-11-12,10322,Paid Search,Desktop,DE,68.52,0.0,0.0,68.52,Credit Card
202299,2025-12-24,2548,Paid Social,Desktop,DE,33.12,7.24,1.16,39.2,PayPal
202300,2025-09-24,17751,Paid Social,Mobile,CA,207.08,0.0,12.42,194.66,Apple Pay
202301,2025-12-19,2508,Paid Social,Mobile,CA,112.8,0.0,0.0,112.8,PayPal
202302,2025-10-20,11458,Paid Social,Desktop,DE,218.57,0.0,0.0,218.57,Credit Card
202303,2025-11-29,16659,Email,Mobile,CA,52.46,0.0,1.58,50.88,PayPal
202304,2025-10-28,14231,Paid Search,Desktop,CA,147.65,0.0,10.16,137.49,Apple Pay
202305,2025-11-09,8051,Email,Mobile,DE,220.66,0.0,0.0,220.66,Apple Pay
202306,2025-09-06,13641,Direct,Mobile,DE,131.29,0.0,8.62,122.66,PayPal
202307,2025-09-19,15655,Paid Search,Desktop,DE,85.69,0.0,9.03,76.67,Credit Card
202308,2026-02-05,5579,Paid Social,Desktop,US,57.75,5.72,0.0,63.47,PayPal
202309,2025-10-23,1370,Organic Search,Mobile,CA,75.04,0.0,0.0,75.04,Shop Pay
202310,2025-10-17,1524,Paid Social,Mobile,DE,145.76,0.0,0.0,145.76,Credit Card
202311,2026-01-07,8485,Paid Social,Mobile,UK,47.74,0.0,0.0,47.74,Shop Pay
202312,2025-08-25,9354,Paid Social,Mobile,UK,89.58,0.0,0.0,89.58,Credit Card
202313,2025-12-17,1417,Direct,Mobile,AU,54.72,6.18,0.0,60.9,Apple Pay
202314,2025-09-14,12929,Email,Desktop,US,177.91,0.0,18.63,159.28,Credit Card
202315,2026-01-01,1756,Paid Search,Mobile,UK,55.1,5.39,0.0,60.49,Shop Pay
202316,2025-08-16,3366,Email,Desktop,AU,137.36,0.0,0.0,137.36,Apple Pay
202317,2025-12-12,1710,Email,Desktop,DE,197.91,0.0,0.0,197.91,PayPal
202318,2026-01-24,14721,Email,Mobile,US,221.99,0.0,0.0,221.99,Credit Card
202319,2025-11-25,10580,Email,Mobile,DE,122.4,0.0,0.0,122.4,Credit Card
202320,2025-09-07,667,Paid Social,Desktop,AU,104.71,0.0,11.47,93.24,Apple Pay
202321,2025-12-17,11975,Paid Social,Desktop,UK,256.45,0.0,10.48,245.97,Credit Card
202322,2025-08-30,1798,Paid Search,Mobile,US,230.81,0.0,0.0,230.81,Apple Pay
202323,2025-12-05,10986,Organic Search,Desktop,DE,111.99,0.0,0.0,111.99,Apple Pay
202324,2025-12-18,17285,Paid Social,Mobile,AU,70.85,0.0,0.0,70.85,PayPal
202325,2026-01-22,11715,Paid Search,Mobile,DE,204.74,0.0,0.0,204.74,Apple Pay
202326,2026-01-26,1478,Email,Mobile,DE,150.58,0.0,8.55,142.03,Credit Card
202327,2026-01-25,8397,Organic Search,Desktop,CA,231.62,0.0,0.0,231.62,Shop Pay
202328,2026-02-06,14126,Paid Social,Mobile,US,198.51,0.0,0.0,198.51,Credit Card
202329,2025-08-29,13658,Organic Search,Mobile,CA,97.12,0.0,0.0,97.12,Credit Card
202330,2025-11-15,9395,Organic Search,Mobile,AU,51.72,0.0,3.23,48.49,PayPal
202331,2025-09-30,9868,Paid Social,Desktop,CA,217.91,0.0,6.66,211.25,PayPal
202332,2025-11-30,12588,Direct,Mobile,UK,161.91,0.0,0.0,161.91,Apple Pay
202333,2025-11-23,13868,Email,Desktop,DE,102.27,0.0,6.29,95.99,Shop Pay
202334,2025-12-14,16082,Organic Search,Mobile,DE,212.85,0.0,0.0,212.85,PayPal
202335,2025-11-12,482,Organic Search,Mobile,CA,89.4,0.0,8.49,80.91,Credit Card
202336,2025-11-16,2213,Paid Search,Mobile,AU,25.85,5.43,0.0,31.29,Apple Pay
202337,2025-11-21,12711,Paid Social,Mobile,DE,63.9,0.0,2.26,61.65,Shop Pay
202338,2025-08-18,17065,Paid Social,Mobile,CA,89.98,0.0,0.0,89.98,Shop Pay
202339,2025-12-26,4197,Paid Social,Mobile,UK,161.69,0.0,4.9,156.79,Shop Pay
202340,2025-09-25,9472,Paid Search,Desktop,CA,57.84,6.22,6.44,57.62,Shop Pay
202341,2026-01-27,7881,Direct,Mobile,AU,163.21,0.0,12.34,150.87,Credit Card
202342,2025-08-29,3905,Paid Search,Mobile,CA,121.01,0.0,0.0,121.01,Credit Card
202343,2025-11-08,16100,Paid Search,Desktop,DE,311.45,0.0,0.0,311.45,Credit Card
202344,2026-02-07,14037,Organic Search,Mobile,AU,351.6,0.0,19.84,331.76,PayPal
202345,2025-09-12,11376,Paid Search,Mobile,UK,202.52,0.0,17.54,184.97,Shop Pay
202346,2025-09-08,16999,Email,Desktop,AU,223.08,0.0,0.0,223.08,Apple Pay
202347,2025-10-29,16353,Email,Mobile,CA,155.48,0.0,0.0,155.48,PayPal
202348,2025-09-06,8729,Organic Search,Desktop,CA,339.01,0.0,39.98,299.02,Apple Pay
202349,2025-09-10,1262,Paid Search,Desktop,AU,200.07,0.0,22.23,177.83,Apple Pay
202350,2025-12-21,15703,Paid Social,Desktop,CA,164.3,0.0,0.0,164.3,Shop Pay
202351,2025-10-21,6783,Paid Social,Desktop,UK,86.63,0.0,0.0,86.63,Apple Pay
202352,2026-02-09,17127,Paid Social,Mobile,CA,237.11,0.0,12.08,225.04,Apple Pay
202353,2025-11-24,3736,Paid Social,Desktop,UK,129.51,0.0,14.67,114.84,Apple Pay
202354,2025-12-22,17959,Paid Search,Mobile,AU,144.54,0.0,12.97,131.57,PayPal
202355,2026-01-23,11772,Direct,Mobile,AU,235.61,0.0,0.0,235.61,Shop Pay
202356,2025-08-24,1322,Paid Social,Desktop,AU,133.96,0.0,0.0,133.96,Shop Pay
202357,2026-01-13,5487,Direct,Mobile,DE,115.22,0.0,11.82,103.4,Apple Pay
202358,2025-11-22,6892,Email,Desktop,UK,169.0,0.0,0.0,169.0,Apple Pay
202359,2026-01-10,15505,Paid Social,Desktop,US,117.24,0.0,0.0,117.24,Credit Card
202360,2025-09-04,9265,Email,Mobile,DE,121.98,0.0,0.0,121.98,Shop Pay
202361,2025-08-16,13655,Paid Social,Desktop,AU,105.37,0.0,0.0,105.37,Shop Pay
202362,2026-01-17,2894,Paid Social,Mobile,AU,250.45,0.0,0.0,250.45,Shop Pay
202363,2026-01-11,699,Direct,Desktop,UK,125.03,0.0,14.7,110.33,Shop Pay
202364,2025-08-18,5821,Organic Search,Desktop,CA,87.83,0.0,10.49,77.34,Apple Pay
202365,2025-12-03,11093,Paid Search,Mobile,AU,180.86,0.0,5.6,175.26,PayPal
202366,2026-01-24,1808,Paid Search,Mobile,US,85.44,0.0,0.0,85.44,Credit Card
202367,2026-01-06,13295,Paid Search,Mobile,UK,199.55,0.0,0.0,199.55,Shop Pay
202368,2026-02-01,1087,Paid Search,Mobile,AU,120.31,0.0,12.61,107.7,PayPal
202369,2025-10-07,6948,Paid Social,Desktop,CA,84.53,0.0,0.0,84.53,Credit Card
202370,2025-09-11,1644,Paid Social,Mobile,UK,57.08,0.0,0.0,57.08,Credit Card
202371,2025-09-07,13852,Direct,Mobile,AU,49.55,5.05,0.0,54.61,Apple Pay
202372,2025-10-02,4951,Paid Search,Mobile,US,199.65,0.0,0.0,199.65,Shop Pay
202373,2026-02-08,2514,Organic Search,Mobile,UK,97.85,0.0,7.48,90.37,Shop Pay
202374,2026-01-12,4699,Paid Search,Mobile,CA,136.75,0.0,10.57,126.18,Shop Pay
202375,2025-12-24,1547,Organic Search,Mobile,US,163.51,0.0,0.0,163.51,PayPal
202376,2026-01-20,11996,Paid Search,Desktop,DE,76.94,0.0,0.0,76.94,PayPal
202377,2026-01-29,3497,Paid Social,Mobile,US,295.2,0.0,0.0,295.2,Apple Pay
202378,2025-10-24,12842,Paid Search,Desktop,US,128.42,0.0,0.0,128.42,Apple Pay
202379,2026-01-10,4101,Organic Search,Mobile,CA,120.81,0.0,4.58,116.23,Apple Pay
202380,2025-12-18,13203,Paid Social,Desktop,DE,78.88,0.0,0.0,78.88,Credit Card
202381,2025-12-10,9801,Organic Search,Desktop,US,194.98,0.0,0.0,194.98,Credit Card
202382,2025-11-30,8176,Paid Search,Desktop,UK,215.14,0.0,0.0,215.14,Shop Pay
202383,2026-01-08,14660,Organic Search,Mobile,AU,239.09,0.0,0.0,239.09,PayPal
202384,2026-01-19,14313,Organic Search,Desktop,UK,20.52,7.72,0.0,28.24,Apple Pay
202385,2025-09-18,1251,Paid Search,Desktop,CA,85.04,0.0,0.0,85.04,PayPal
202386,2026-01-28,2573,Email,Mobile,US,203.58,0.0,0.0,203.58,Apple Pay
202387,2025-10-16,9006,Email,Mobile,AU,74.12,0.0,6.11,68.01,Credit Card
202388,2025-10-02,16985,Email,Desktop,UK,74.09,0.0,0.0,74.09,PayPal
202389,2026-02-10,14128,Paid Search,Mobile,UK,119.59,0.0,0.0,119.59,PayPal
202390,2025-11-28,6003,Paid Social,Mobile,CA,76.6,0.0,0.0,76.6,Shop Pay
202391,2025-11-06,3947,Paid Search,Desktop,UK,121.89,0.0,9.15,112.73,PayPal
202392,2025-09-10,4004,Paid Search,Mobile,CA,203.51,0.0,0.0,203.51,Credit Card
202393,2025-11-12,11886,Direct,Desktop,AU,226.35,0.0,0.0,226.35,Apple Pay
202394,2025-10-19,17730,Paid Social,Mobile,UK,158.35,0.0,0.0,158.35,Apple Pay
202395,2025-08-22,15367,Direct,Desktop,UK,202.35,0.0,18.78,183.57,Apple Pay
202396,2025-11-12,14873,Direct,Desktop,UK,295.88,0.0,0.0,295.88,PayPal
202397,2025-12-26,2438,Paid Social,Mobile,US,57.52,7.82,0.0,65.34,Credit Card
202398,2025-09-22,9744,Organic Search,Mobile,DE,185.6,0.0,11.28,174.32,Apple Pay
202399,2026-01-15,14270,Paid Search,Desktop,US,192.54,0.0,0.0,192.54,Apple Pay
202400,2025-08-22,11451,Email,Mobile,AU,296.01,0.0,0.0,296.01,Credit Card
202401,2025-12-27,5302,Email,Mobile,AU,54.28,0.0,0.0,54.28,Credit Card
202402,2025-09-18,1847,Paid Social,Mobile,DE,181.2,0.0,0.0,181.2,Apple Pay
202403,2025-12-24,7382,Email,Mobile,UK,136.54,0.0,0.0,136.54,Credit Card
202404,2025-08-23,9543,Email,Desktop,UK,148.94,0.0,0.0,148.94,PayPal
202405,2025-12-28,16854,Direct,Desktop,CA,167.37,0.0,0.0,167.37,Apple Pay
202406,2026-01-20,14160,Organic Search,Desktop,AU,97.71,0.0,0.0,97.71,Credit Card
202407,2025-10-12,7504,Email,Mobile,US,25.33,7.19,0.0,32.52,Credit Card
202408,2026-01-25,2563,Organic Search,Desktop,CA,165.45,0.0,7.45,158.01,PayPal
202409,2026-01-17,13644,Paid Search,Desktop,DE,227.92,0.0,15.08,212.83,Credit Card
202410,2026-01-23,5618,Direct,Mobile,UK,208.03,0.0,0.0,208.03,Credit Card
202411,2025-10-07,3831,Paid Search,Desktop,CA,70.08,0.0,4.23,65.86,Apple Pay
202412,2025-10-21,4725,Paid Search,Desktop,AU,134.53,0.0,0.0,134.53,Shop Pay
202413,2025-10-27,1352,Paid Social,Mobile,UK,167.83,0.0,16.8,151.03,PayPal
202414,2025-09-25,2113,Direct,Mobile,DE,93.38,0.0,0.0,93.38,Shop Pay
202415,2025-12-09,2274,Organic Search,Desktop,UK,89.47,0.0,4.85,84.62,Credit Card
202416,2025-11-20,3827,Paid Search,Mobile,AU,102.84,0.0,0.0,102.84,Credit Card
202417,2025-09-24,8023,Direct,Desktop,AU,290.7,0.0,0.0,290.7,Apple Pay
202418,2025-11-04,6382,Paid Social,Mobile,AU,101.4,0.0,3.44,97.97,PayPal
202419,2025-12-17,9972,Paid Social,Mobile,US,192.95,0.0,11.76,181.19,Apple Pay
202420,2025-08-15,1033,Paid Search,Mobile,UK,175.33,0.0,0.0,175.33,Apple Pay
202421,2025-12-15,7104,Paid Search,Mobile,CA,69.3,0.0,2.13,67.17,Credit Card
202422,2025-09-18,14765,Paid Search,Desktop,UK,207.38,0.0,0.0,207.38,Shop Pay
202423,2025-09-08,6533,Direct,Mobile,AU,53.53,0.0,0.0,53.53,PayPal
202424,2025-09-02,12173,Organic Search,Desktop,AU,105.9,0.0,5.1,100.8,Apple Pay
202425,2026-01-20,9927,Email,Desktop,DE,75.8,0.0,0.0,75.8,Apple Pay
202426,2025-11-10,13666,Organic Search,Desktop,AU,176.45,0.0,0.0,176.45,PayPal
202427,2025-08-26,3411,Paid Social,Mobile,UK,115.73,0.0,0.0,115.73,Credit Card
202428,2025-11-05,10992,Direct,Mobile,DE,234.33,0.0,14.2,220.14,PayPal
202429,2025-10-31,4718,Organic Search,Mobile,DE,117.48,0.0,0.0,117.48,PayPal
202430,2025-09-27,2107,Direct,Desktop,UK,43.39,0.0,0.0,43.39,Shop Pay
202431,2026-01-26,3911,Paid Social,Mobile,UK,196.3,0.0,8.22,188.08,Shop Pay
202432,2025-09-11,5702,Organic Search,Mobile,AU,129.98,0.0,0.0,129.98,Shop Pay
202433,2025-10-06,12462,Paid Search,Desktop,AU,85.79,0.0,9.29,76.49,PayPal
202434,2025-09-04,12642,Direct,Mobile,DE,205.78,0.0,0.0,205.78,Apple Pay
202435,2025-12-19,306,Organic Search,Mobile,UK,242.6,0.0,0.0,242.6,PayPal
202436,2025-10-11,7976,Direct,Desktop,CA,150.99,0.0,13.27,137.72,Shop Pay
202437,2025-08-22,3760,Paid Search,Mobile,US,76.55,0.0,0.0,76.55,PayPal
202438,2025-10-22,15557,Direct,Mobile,UK,193.95,0.0,21.03,172.92,Shop Pay
202439,2025-12-21,15376,Paid Social,Mobile,CA,121.56,0.0,0.0,121.56,Credit Card
202440,2025-10-19,17970,Organic Search,Mobile,US,143.33,0.0,0.0,143.33,Credit Card
202441,2025-09-08,3844,Organic Search,Mobile,US,48.78,5.48,1.9,52.36,Apple Pay
202442,2025-09-16,10180,Direct,Mobile,AU,65.85,0.0,0.0,65.85,Shop Pay
202443,2025-09-23,11090,Paid Search,Desktop,AU,206.96,0.0,6.58,200.38,Credit Card
202444,2026-02-02,12333,Email,Desktop,UK,62.88,0.0,0.0,62.88,Credit Card
202445,2025-11-28,7511,Paid Social,Desktop,DE,42.68,7.33,3.98,46.03,Apple Pay
202446,2025-08-17,4997,Organic Search,Desktop,AU,233.93,0.0,0.0,233.93,Credit Card
202447,2025-10-18,11860,Email,Desktop,AU,41.69,0.0,2.19,39.5,Credit Card
202448,2026-01-14,10217,Email,Mobile,US,280.41,0.0,23.86,256.55,Apple Pay
202449,2025-09-27,4066,Organic Search,Mobile,AU,139.35,0.0,0.0,139.35,Apple Pay
202450,2026-02-01,3098,Paid Social,Mobile,DE,277.37,0.0,0.0,277.37,Credit Card
202451,2026-01-04,3504,Email,Desktop,UK,245.11,0.0,13.46,231.64,Credit Card
202452,2025-12-14,1388,Paid Social,Mobile,US,119.86,0.0,0.0,119.86,Apple Pay
202453,2025-12-09,6942,Direct,Mobile,US,47.24,5.78,3.87,49.15,Shop Pay
202454,2025-11-22,1796,Paid Search,Desktop,UK,185.6,0.0,11.38,174.22,Shop Pay
202455,2025-08-20,14475,Email,Desktop,DE,25.74,7.02,0.0,32.76,Shop Pay
202456,2025-11-23,11933,Paid Social,Desktop,CA,164.26,0.0,10.5,153.76,Apple Pay
202457,2025-09-23,7739,Organic Search,Desktop,CA,19.2,6.36,0.0,25.55,Apple Pay
202458,2025-09-05,4841,Paid Social,Desktop,CA,184.17,0.0,0.0,184.17,PayPal
202459,2025-09-18,5773,Email,Mobile,AU,149.59,0.0,0.0,149.59,Shop Pay
202460,2026-02-02,12200,Paid Search,Desktop,AU,117.98,0.0,0.0,117.98,Shop Pay
202461,2026-01-03,10392,Paid Social,Mobile,CA,28.67,7.49,0.0,36.15,Credit Card
202462,2025-10-06,1989,Direct,Mobile,UK,9.65,5.55,0.0,15.21,Shop Pay
202463,2025-09-14,247,Organic Search,Desktop,DE,83.96,0.0,0.0,83.96,Credit Card
202464,2026-01-21,4974,Paid Social,Mobile,US,205.51,0.0,0.0,205.51,Apple Pay
202465,2025-09-06,11092,Paid Social,Desktop,DE,251.21,0.0,30.13,221.08,Apple Pay
202466,2026-01-18,8389,Paid Social,Desktop,CA,98.43,0.0,4.8,93.63,Credit Card
202467,2025-08-22,3193,Organic Search,Desktop,DE,116.92,0.0,0.0,116.92,PayPal
202468,2025-08-15,12282,Email,Mobile,US,272.95,0.0,11.84,261.12,PayPal
202469,2025-09-04,7937,Direct,Mobile,CA,26.28,6.52,0.0,32.79,PayPal
202470,2025-12-14,16634,Direct,Desktop,AU,132.81,0.0,0.0,132.81,Shop Pay
202471,2026-02-09,13439,Email,Mobile,US,303.76,0.0,0.0,303.76,PayPal
202472,2025-11-08,11842,Paid Search,Desktop,AU,207.8,0.0,19.3,188.5,PayPal
202473,2025-11-09,8015,Direct,Desktop,CA,106.53,0.0,0.0,106.53,Apple Pay
202474,2025-12-11,870,Email,Desktop,DE,44.36,7.15,3.51,48.0,Credit Card
202475,2025-10-27,14353,Paid Social,Mobile,UK,132.1,0.0,0.0,132.1,Credit Card
202476,2026-01-23,10226,Paid Social,Desktop,UK,77.34,0.0,3.7,73.63,Apple Pay
202477,2025-09-06,13250,Paid Social,Mobile,UK,106.8,0.0,11.97,94.83,PayPal
202478,2025-11-23,10371,Paid Social,Desktop,AU,254.84,0.0,0.0,254.84,Shop Pay
202479,2025-10-05,15011,Direct,Mobile,CA,168.5,0.0,0.0,168.5,Shop Pay
202480,2025-11-15,10450,Paid Social,Desktop,UK,93.55,0.0,0.0,93.55,PayPal
202481,2025-10-30,2623,Paid Social,Mobile,UK,282.55,0.0,0.0,282.55,Credit Card
202482,2025-09-13,7205,Paid Search,Mobile,DE,192.0,0.0,0.0,192.0,Shop Pay
202483,2025-11-01,2254,Email,Desktop,UK,151.51,0.0,14.2,137.31,Credit Card
202484,2026-01-19,11934,Organic Search,Desktop,US,57.9,0.0,4.67,53.23,Shop Pay
202485,2025-09-21,1734,Direct,Mobile,UK,90.55,0.0,0.0,90.55,Credit Card
202486,2026-01-13,13312,Direct,Desktop,AU,303.26,0.0,0.0,303.26,Apple Pay
202487,2025-09-03,5935,Direct,Mobile,CA,243.93,0.0,11.31,232.62,Apple Pay
202488,2025-10-21,644,Paid Search,Desktop,CA,102.31,0.0,4.94,97.37,Credit Card
202489,2025-10-30,11679,Organic Search,Desktop,UK,47.31,0.0,0.0,47.31,Apple Pay
202490,2026-01-07,8822,Direct,Mobile,DE,167.88,0.0,0.0,167.88,Shop Pay
202491,2026-01-26,7886,Email,Desktop,AU,83.49,0.0,0.0,83.49,Apple Pay
202492,2025-11-19,377,Direct,Mobile,CA,252.96,0.0,24.19,228.77,Shop Pay
202493,2026-01-02,3722,Paid Social,Desktop,AU,119.23,0.0,7.44,111.79,Credit Card
202494,2025-12-03,10059,Paid Social,Mobile,UK,98.8,0.0,5.82,92.97,Credit Card
202495,2025-08-22,11760,Email,Desktop,DE,46.03,6.55,3.53,49.05,Apple Pay
202496,2025-12-18,16067,Organic Search,Desktop,DE,129.42,0.0,0.0,129.42,Credit Card
202497,2025-09-06,10589,Email,Mobile,UK,23.16,7.46,0.0,30.62,Shop Pay
202498,2025-12-14,8638,Paid Search,Mobile,US,244.39,0.0,11.88,232.51,Apple Pay
202499,2025-10-05,7974,Paid Search,Mobile,DE,179.27,0.0,0.0,179.27,Apple Pay
202500,2025-11-19,5166,Paid Search,Mobile,US,26.78,6.91,0.0,33.69,Apple Pay
202501,2025-11-29,12637,Email,Desktop,AU,182.38,0.0,0.0,182.38,Apple Pay
202502,2025-08-20,17740,Paid Social,Mobile,US,89.39,0.0,2.84,86.55,Credit Card
202503,2026-02-01,1153,Direct,Mobile,DE,22.9,7.9,0.0,30.8,PayPal
202504,2025-09-15,5608,Direct,Desktop,AU,80.63,0.0,0.0,80.63,Credit Card
202505,2026-01-23,3030,Paid Social,Mobile,AU,133.02,0.0,0.0,133.02,Credit Card
202506,2025-10-13,15138,Paid Social,Mobile,DE,154.34,0.0,0.0,154.34,Credit Card
202507,2025-09-16,1565,Email,Mobile,UK,19.77,6.74,0.75,25.76,PayPal
202508,2026-02-01,8813,Email,Desktop,UK,198.22,0.0,0.0,198.22,Shop Pay
202509,2025-11-08,6483,Paid Social,Desktop,US,100.99,0.0,11.63,89.35,Apple Pay
202510,2026-01-27,12145,Email,Desktop,CA,110.32,0.0,0.0,110.32,PayPal
202511,2025-09-23,4607,Organic Search,Desktop,AU,125.65,0.0,4.65,121.0,Credit Card
202512,2025-10-24,1184,Direct,Desktop,US,130.61,0.0,0.0,130.61,PayPal
202513,2025-10-01,17878,Direct,Mobile,DE,238.1,0.0,18.75,219.35,Credit Card
202514,2025-08-15,11134,Paid Social,Desktop,AU,63.83,0.0,0.0,63.83,Credit Card
202515,2025-12-13,17128,Email,Mobile,DE,21.3,6.64,0.0,27.94,Shop Pay
202516,2025-10-01,16275,Paid Search,Desktop,UK,58.5,6.86,4.37,60.99,Credit Card
202517,2025-11-17,5426,Paid Search,Desktop,US,166.63,0.0,11.72,154.91,Credit Card
202518,2025-10-26,2467,Organic Search,Mobile,US,135.15,0.0,0.0,135.15,Apple Pay
202519,2025-10-09,14192,Direct,Mobile,CA,223.54,0.0,0.0,223.54,Credit Card
202520,2026-01-25,1282,Direct,Mobile,UK,43.76,0.0,0.0,43.76,Apple Pay
202521,2025-11-27,5270,Organic Search,Mobile,UK,149.88,0.0,0.0,149.88,Credit Card
202522,2025-12-22,16454,Paid Social,Mobile,AU,325.62,0.0,0.0,325.62,Shop Pay
202523,2025-11-23,12655,Email,Mobile,AU,9.71,7.01,0.0,16.72,Apple Pay
202524,2026-02-09,12091,Direct,Mobile,UK,96.22,0.0,0.0,96.22,Apple Pay
202525,2025-09-04,13428,Organic Search,Desktop,AU,178.36,0.0,0.0,178.36,Apple Pay
202526,2025-09-05,6033,Paid Search,Desktop,DE,99.29,0.0,0.0,99.29,Apple Pay
202527,2025-11-28,10094,Organic Search,Mobile,CA,272.09,0.0,0.0,272.09,Apple Pay
202528,2025-09-16,17116,Paid Social,Mobile,AU,227.46,0.0,0.0,227.46,Shop Pay
202529,2025-10-13,8522,Paid Social,Desktop,CA,79.9,0.0,4.8,75.1,Shop Pay
202530,2025-08-23,7601,Paid Social,Desktop,US,240.53,0.0,0.0,240.53,PayPal
202531,2025-12-05,7022,Paid Social,Mobile,AU,55.61,7.7,0.0,63.31,PayPal
202532,2025-10-09,6797,Email,Desktop,US,254.96,0.0,0.0,254.96,Shop Pay
202533,2025-09-06,2618,Paid Social,Desktop,AU,46.84,7.12,0.0,53.97,PayPal
202534,2025-12-04,6894,Direct,Mobile,DE,115.49,0.0,4.31,111.18,Credit Card
202535,2025-12-02,6545,Email,Desktop,DE,264.22,0.0,0.0,264.22,Credit Card
202536,2026-01-11,12491,Email,Mobile,CA,139.3,0.0,0.0,139.3,Apple Pay
202537,2025-11-27,4713,Direct,Mobile,US,188.11,0.0,0.0,188.11,PayPal
202538,2025-09-15,16035,Organic Search,Desktop,DE,98.91,0.0,0.0,98.91,Credit Card
202539,2025-11-20,15292,Email,Mobile,CA,77.68,0.0,0.0,77.68,Shop Pay
202540,2026-01-19,13168,Paid Search,Desktop,CA,76.75,0.0,0.0,76.75,PayPal
202541,2025-11-21,453,Organic Search,Desktop,UK,191.71,0.0,13.25,178.47,Credit Card
202542,2025-11-05,15840,Paid Social,Mobile,DE,169.0,0.0,10.76,158.24,Shop Pay
202543,2025-10-10,17256,Direct,Mobile,AU,115.38,0.0,0.0,115.38,Credit Card
202544,2025-12-29,17916,Paid Search,Mobile,UK,45.21,0.0,0.0,45.21,Credit Card
202545,2025-12-29,4399,Email,Desktop,CA,110.74,0.0,0.0,110.74,PayPal
202546,2025-11-12,9862,Paid Search,Desktop,CA,185.79,0.0,0.0,185.79,Apple Pay
202547,2025-10-13,15012,Organic Search,Desktop,UK,196.64,0.0,15.56,181.09,Credit Card
202548,2025-12-21,13105,Direct,Mobile,CA,213.0,0.0,16.88,196.13,Credit Card
202549,2025-08-24,11839,Organic Search,Desktop,AU,164.3,0.0,17.51,146.78,Credit Card
202550,2025-11-18,2076,Email,Desktop,CA,76.94,0.0,0.0,76.94,PayPal
202551,2025-12-13,12890,Paid Social,Mobile,DE,36.11,6.63,0.0,42.75,PayPal
202552,2025-09-26,15272,Organic Search,Desktop,US,125.85,0.0,0.0,125.85,PayPal
202553,2026-01-22,13008,Organic Search,Desktop,AU,45.46,5.04,1.42,49.08,Shop Pay
202554,2025-10-22,16652,Paid Social,Mobile,AU,262.23,0.0,23.95,238.28,Shop Pay
202555,2025-08-15,826,Email,Desktop,CA,11.84,6.53,0.0,18.37,Credit Card
202556,2025-12-16,10059,Email,Mobile,CA,9.62,7.71,0.74,16.59,PayPal
202557,2026-01-29,11751,Paid Social,Mobile,AU,88.72,0.0,0.0,88.72,PayPal
202558,2026-01-17,770,Paid Search,Mobile,DE,73.4,0.0,7.9,65.5,Apple Pay
202559,2026-01-13,1282,Paid Search,Desktop,DE,53.43,0.0,2.82,50.61,Shop Pay
202560,2025-12-21,15314,Email,Desktop,CA,28.85,5.9,2.77,31.98,PayPal
202561,2025-10-24,1075,Direct,Mobile,UK,76.85,0.0,6.1,70.75,Shop Pay
202562,2025-11-14,4740,Direct,Mobile,UK,116.33,0.0,0.0,116.33,PayPal
202563,2025-10-31,9553,Direct,Mobile,CA,113.5,0.0,0.0,113.5,Credit Card
202564,2025-10-02,2485,Organic Search,Mobile,AU,52.59,5.88,1.81,56.66,Shop Pay
202565,2025-08-21,1414,Paid Social,Mobile,US,52.32,0.0,0.0,52.32,PayPal
202566,2025-09-21,16184,Email,Desktop,CA,190.62,0.0,0.0,190.62,Apple Pay
202567,2025-10-04,11210,Paid Social,Desktop,AU,255.99,0.0,0.0,255.99,PayPal
202568,2025-08-27,9821,Email,Mobile,US,89.67,0.0,9.8,79.87,PayPal
202569,2025-08-16,4207,Paid Social,Mobile,US,223.21,0.0,10.37,212.83,PayPal
202570,2026-01-24,15029,Paid Search,Mobile,AU,95.23,0.0,0.0,95.23,Shop Pay
202571,2025-12-22,6224,Direct,Mobile,AU,82.59,0.0,0.0,82.59,Credit Card
202572,2025-11-29,153,Direct,Mobile,UK,54.66,0.0,0.0,54.66,PayPal
202573,2025-10-20,8498,Paid Social,Desktop,DE,150.26,0.0,0.0,150.26,Credit Card
202574,2025-09-05,4491,Email,Mobile,US,335.91,0.0,25.21,310.7,Shop Pay
202575,2025-10-01,11723,Direct,Mobile,US,231.4,0.0,0.0,231.4,PayPal
202576,2025-09-02,6756,Organic Search,Desktop,CA,194.02,0.0,22.72,171.3,Shop Pay
202577,2026-01-01,527,Email,Mobile,CA,9.54,5.12,0.0,14.66,Credit Card
202578,2026-01-28,4462,Email,Desktop,UK,78.38,0.0,3.96,74.43,Apple Pay
202579,2025-10-19,16120,Email,Desktop,UK,181.35,0.0,6.74,174.61,PayPal
202580,2025-11-03,16950,Email,Desktop,CA,234.3,0.0,0.0,234.3,Apple Pay
202581,2025-10-24,10819,Direct,Desktop,AU,44.83,7.06,0.0,51.9,Apple Pay
202582,2025-11-22,17226,Direct,Mobile,DE,43.12,0.0,0.0,43.12,PayPal
202583,2025-11-20,10473,Paid Social,Desktop,CA,19.69,5.03,0.0,24.72,Credit Card
202584,2025-12-03,5716,Paid Search,Desktop,DE,47.51,6.71,3.71,50.51,Apple Pay
202585,2025-11-23,15863,Direct,Mobile,AU,48.58,6.72,0.0,55.29,Shop Pay
202586,2025-11-22,14437,Organic Search,Mobile,AU,84.02,0.0,2.91,81.1,Credit Card
202587,2025-12-25,15905,Paid Search,Desktop,UK,86.78,0.0,0.0,86.78,Apple Pay
202588,2025-10-08,5559,Direct,Mobile,CA,170.19,0.0,0.0,170.19,PayPal
202589,2026-02-07,631,Email,Mobile,DE,228.72,0.0,0.0,228.72,Shop Pay
202590,2025-09-22,9697,Email,Desktop,US,182.09,0.0,0.0,182.09,Shop Pay
202591,2025-11-25,13309,Organic Search,Mobile,DE,255.65,0.0,0.0,255.65,PayPal
202592,2025-08-23,2912,Paid Social,Mobile,AU,183.59,0.0,0.0,183.59,Credit Card
202593,2025-10-09,5022,Direct,Desktop,US,364.76,0.0,0.0,364.76,Apple Pay
202594,2025-09-06,4730,Paid Social,Mobile,CA,245.93,0.0,0.0,245.93,Apple Pay
202595,2025-10-15,17378,Organic Search,Mobile,CA,111.48,0.0,0.0,111.48,Shop Pay
202596,2025-12-13,2927,Paid Social,Desktop,UK,74.98,0.0,0.0,74.98,PayPal
202597,2026-01-08,9950,Direct,Desktop,CA,76.6,0.0,7.51,69.09,PayPal
202598,2025-08-21,15022,Email,Mobile,AU,57.12,0.0,0.0,57.12,Credit Card
202599,2025-11-22,2113,Direct,Mobile,CA,158.6,0.0,0.0,158.6,PayPal
202600,2025-10-29,2855,Direct,Desktop,DE,104.99,0.0,11.09,93.9,Credit Card
202601,2026-01-23,17737,Organic Search,Mobile,UK,83.02,0.0,3.12,79.9,Shop Pay
202602,2026-01-10,8287,Direct,Mobile,US,60.4,0.0,3.42,56.98,Credit Card
202603,2025-11-30,9140,Paid Search,Desktop,CA,148.76,0.0,14.71,134.05,Apple Pay
202604,2025-12-09,14399,Direct,Mobile,UK,122.32,0.0,8.49,113.83,Credit Card
202605,2025-10-18,16080,Paid Social,Mobile,CA,98.94,0.0,5.93,93.01,Shop Pay
202606,2025-11-20,10337,Email,Desktop,UK,76.71,0.0,8.68,68.04,Credit Card
202607,2026-01-18,7105,Email,Desktop,US,77.04,0.0,0.0,77.04,Credit Card
202608,2026-01-10,11218,Paid Social,Mobile,DE,241.66,0.0,0.0,241.66,Shop Pay
202609,2025-08-30,16351,Email,Desktop,CA,134.6,0.0,5.13,129.47,PayPal
202610,2026-01-27,13766,Direct,Mobile,DE,190.94,0.0,0.0,190.94,Credit Card
202611,2026-02-06,14055,Organic Search,Mobile,DE,100.95,0.0,4.96,96.0,Credit Card
202612,2025-11-26,9247,Organic Search,Mobile,UK,260.42,0.0,0.0,260.42,Credit Card
202613,2025-12-23,1196,Paid Search,Mobile,AU,11.66,7.3,0.0,18.96,PayPal
202614,2026-01-29,9339,Email,Mobile,US,49.35,0.0,0.0,49.35,Apple Pay
202615,2026-01-04,17946,Organic Search,Desktop,CA,44.06,6.96,4.91,46.11,Apple Pay
202616,2025-09-29,13877,Paid Search,Mobile,DE,137.09,0.0,0.0,137.09,PayPal
202617,2025-11-16,12549,Organic Search,Mobile,AU,84.37,0.0,0.0,84.37,Apple Pay
202618,2025-12-09,10510,Direct,Desktop,CA,103.93,0.0,6.9,97.03,Apple Pay
202619,2026-01-23,13202,Email,Mobile,CA,173.19,0.0,6.62,166.56,Apple Pay
202620,2025-09-20,5355,Email,Desktop,US,218.66,0.0,0.0,218.66,PayPal
202621,2025-09-08,1430,Organic Search,Desktop,CA,187.43,0.0,15.98,171.44,Credit Card
202622,2025-10-26,4145,Organic Search,Mobile,US,184.49,0.0,14.23,170.26,Apple Pay
202623,2026-02-09,7957,Direct,Desktop,CA,214.17,0.0,0.0,214.17,PayPal
202624,2025-10-02,7785,Organic Search,Desktop,US,105.27,0.0,5.01,100.26,Shop Pay
202625,2025-10-11,16605,Paid Search,Mobile,US,166.5,0.0,5.08,161.42,Apple Pay
202626,2026-01-24,8943,Paid Search,Desktop,DE,141.69,0.0,14.26,127.44,Apple Pay
202627,2025-09-20,6370,Paid Social,Desktop,US,125.14,0.0,6.32,118.82,PayPal
202628,2026-01-27,4541,Email,Mobile,AU,228.32,0.0,19.28,209.04,Credit Card
202629,2025-09-06,7324,Organic Search,Desktop,US,74.25,0.0,5.77,68.48,PayPal
202630,2025-11-16,12181,Paid Search,Desktop,AU,66.7,0.0,0.0,66.7,Credit Card
202631,2025-10-05,3739,Paid Search,Desktop,DE,175.95,0.0,0.0,175.95,Credit Card
202632,2026-01-20,16010,Organic Search,Desktop,DE,141.62,0.0,0.0,141.62,Credit Card
202633,2025-10-21,11925,Email,Mobile,AU,90.91,0.0,9.18,81.74,Apple Pay
202634,2025-12-01,16058,Paid Social,Mobile,UK,79.62,0.0,0.0,79.62,Credit Card
202635,2025-12-17,4723,Organic Search,Desktop,CA,123.42,0.0,0.0,123.42,Credit Card
202636,2025-11-26,9674,Paid Search,Desktop,CA,152.19,0.0,9.86,142.33,Credit Card
202637,2025-10-24,2387,Paid Search,Desktop,DE,100.14,0.0,0.0,100.14,PayPal
202638,2025-09-13,17802,Email,Mobile,US,50.51,0.0,5.14,45.37,Credit Card
202639,2025-09-25,8477,Paid Social,Desktop,UK,20.56,5.46,0.64,25.38,Shop Pay
202640,2025-10-05,11167,Paid Search,Desktop,CA,89.43,0.0,0.0,89.43,Shop Pay
202641,2025-09-16,9877,Paid Search,Desktop,US,107.91,0.0,4.91,102.99,Shop Pay
202642,2025-11-27,16723,Organic Search,Desktop,CA,100.08,0.0,0.0,100.08,Credit Card
202643,2025-11-26,9556,Direct,Desktop,DE,24.05,6.39,0.0,30.44,Credit Card
202644,2026-01-04,16682,Organic Search,Desktop,AU,95.53,0.0,8.4,87.13,Apple Pay
202645,2026-01-11,2706,Paid Social,Desktop,US,274.94,0.0,8.69,266.25,Shop Pay
202646,2025-12-06,15273,Paid Search,Desktop,DE,274.62,0.0,31.13,243.49,Apple Pay
202647,2025-09-23,12614,Email,Desktop,US,150.81,0.0,14.67,136.14,Credit Card
202648,2026-01-10,5295,Paid Social,Mobile,DE,265.44,0.0,0.0,265.44,Credit Card
202649,2025-12-16,16466,Paid Search,Desktop,CA,202.32,0.0,0.0,202.32,Shop Pay
202650,2026-01-01,8409,Direct,Desktop,UK,18.97,7.94,0.83,26.08,Shop Pay
202651,2025-11-30,10286,Email,Desktop,CA,26.27,6.68,2.57,30.37,PayPal
202652,2025-08-19,16421,Paid Social,Mobile,CA,135.75,0.0,0.0,135.75,PayPal
202653,2025-11-23,7314,Paid Social,Desktop,AU,72.12,0.0,0.0,72.12,Credit Card
202654,2025-09-18,10772,Direct,Desktop,UK,156.46,0.0,6.09,150.37,Apple Pay
202655,2026-01-01,4210,Email,Desktop,CA,120.98,0.0,7.06,113.92,Shop Pay
202656,2025-12-15,4752,Organic Search,Mobile,US,98.11,0.0,0.0,98.11,PayPal
202657,2025-11-21,16420,Paid Search,Desktop,UK,52.76,0.0,0.0,52.76,PayPal
202658,2025-11-12,2402,Organic Search,Mobile,AU,266.32,0.0,0.0,266.32,PayPal
202659,2025-11-21,8017,Paid Social,Desktop,DE,151.56,0.0,0.0,151.56,Apple Pay
202660,2025-08-29,5574,Paid Search,Desktop,DE,116.34,0.0,0.0,116.34,Apple Pay
202661,2025-12-04,12978,Organic Search,Desktop,AU,158.67,0.0,6.23,152.43,PayPal
202662,2025-10-14,15575,Paid Social,Mobile,DE,187.43,0.0,13.74,173.69,Shop Pay
202663,2025-09-14,33,Direct,Mobile,CA,136.31,0.0,0.0,136.31,Shop Pay
202664,2025-11-08,6244,Paid Social,Desktop,US,139.31,0.0,0.0,139.31,Credit Card
202665,2026-01-04,14747,Email,Mobile,DE,115.91,0.0,0.0,115.91,Credit Card
202666,2026-01-16,2421,Paid Search,Desktop,DE,88.88,0.0,0.0,88.88,Credit Card
202667,2025-09-01,9788,Organic Search,Mobile,DE,206.65,0.0,0.0,206.65,Shop Pay
202668,2025-12-09,17900,Direct,Desktop,AU,18.04,7.77,0.92,24.89,PayPal
202669,2026-01-03,3712,Organic Search,Desktop,AU,132.08,0.0,0.0,132.08,PayPal
202670,2025-11-19,6793,Email,Desktop,US,264.44,0.0,0.0,264.44,Shop Pay
202671,2025-10-31,2466,Paid Social,Mobile,CA,26.23,6.23,0.0,32.46,PayPal
202672,2025-12-23,17175,Direct,Mobile,UK,152.92,0.0,7.6,145.31,Shop Pay
202673,2025-10-05,10582,Email,Desktop,DE,206.16,0.0,0.0,206.16,Shop Pay
202674,2025-08-23,3224,Organic Search,Desktop,US,298.51,0.0,0.0,298.51,PayPal
202675,2025-12-08,331,Paid Search,Mobile,US,81.49,0.0,0.0,81.49,PayPal
202676,2025-09-22,12694,Email,Desktop,US,94.75,0.0,0.0,94.75,PayPal
202677,2025-12-06,881,Paid Search,Mobile,UK,134.55,0.0,14.21,120.33,PayPal
202678,2025-11-13,16629,Paid Social,Desktop,UK,267.47,0.0,28.09,239.38,Shop Pay
202679,2025-11-03,2381,Paid Social,Desktop,CA,225.38,0.0,17.44,207.94,Shop Pay
202680,2025-09-06,11077,Email,Mobile,UK,88.62,0.0,0.0,88.62,Credit Card
202681,2026-01-11,2705,Organic Search,Desktop,AU,49.44,6.38,5.79,50.03,Apple Pay
202682,2025-11-05,3768,Paid Social,Desktop,CA,261.08,0.0,0.0,261.08,Apple Pay
202683,2026-02-08,16910,Direct,Desktop,AU,65.41,0.0,6.81,58.6,Apple Pay
202684,2025-12-13,8949,Paid Search,Mobile,AU,273.14,0.0,0.0,273.14,PayPal
202685,2025-10-11,17141,Paid Search,Mobile,AU,106.19,0.0,0.0,106.19,Shop Pay
202686,2025-08-31,1528,Email,Mobile,UK,145.19,0.0,0.0,145.19,Apple Pay
202687,2025-12-02,16077,Paid Search,Desktop,UK,59.37,0.0,0.0,59.37,PayPal
202688,2025-08-24,6368,Paid Social,Desktop,CA,213.58,0.0,17.03,196.55,Shop Pay
202689,2025-10-02,1842,Organic Search,Desktop,CA,156.84,0.0,0.0,156.84,Shop Pay
202690,2025-11-10,1315,Paid Social,Mobile,DE,9.27,6.76,0.78,15.24,Apple Pay
202691,2025-09-28,8519,Direct,Mobile,CA,226.47,0.0,0.0,226.47,PayPal
202692,2025-11-21,13663,Email,Mobile,UK,103.2,0.0,0.0,103.2,Apple Pay
202693,2025-08-19,12875,Paid Social,Desktop,AU,145.7,0.0,6.01,139.69,Apple Pay
202694,2025-11-11,14543,Paid Social,Desktop,US,142.72,0.0,0.0,142.72,Apple Pay
202695,2026-01-01,6843,Organic Search,Desktop,DE,185.54,0.0,17.09,168.45,Apple Pay
202696,2026-01-07,1475,Email,Mobile,AU,116.51,0.0,12.15,104.36,PayPal
202697,2025-08-26,11948,Paid Social,Mobile,CA,49.08,5.9,2.13,52.84,Credit Card
202698,2025-09-14,5254,Paid Social,Mobile,UK,262.45,0.0,29.7,232.76,Apple Pay
202699,2026-01-27,1029,Paid Social,Desktop,CA,29.15,7.52,0.0,36.67,Shop Pay
202700,2025-10-18,14774,Direct,Desktop,UK,44.52,6.27,4.07,46.72,Credit Card
202701,2025-08-19,12699,Email,Mobile,US,100.82,0.0,0.0,100.82,Shop Pay
202702,2025-11-25,219,Direct,Desktop,UK,173.39,0.0,0.0,173.39,Credit Card
202703,2025-09-03,1524,Direct,Desktop,AU,143.92,0.0,5.81,138.12,Apple Pay
202704,2025-09-16,16073,Organic Search,Desktop,CA,278.88,0.0,13.7,265.18,Shop Pay
202705,2026-01-23,11879,Paid Search,Mobile,UK,29.51,7.95,0.0,37.46,PayPal
202706,2026-01-25,15899,Paid Social,Desktop,US,141.81,0.0,12.49,129.31,Shop Pay
202707,2025-08-18,7876,Organic Search,Desktop,CA,18.61,6.89,0.0,25.49,Shop Pay
202708,2025-09-23,1069,Email,Desktop,AU,263.0,0.0,0.0,263.0,Shop Pay
202709,2025-11-18,14522,Paid Social,Desktop,AU,39.76,5.58,0.0,45.33,Credit Card
202710,2025-09-17,1038,Organic Search,Mobile,UK,193.93,0.0,6.14,187.8,Apple Pay
202711,2025-09-24,6517,Email,Desktop,US,201.84,0.0,10.15,191.68,Shop Pay
202712,2025-11-29,5879,Paid Search,Desktop,AU,296.02,0.0,22.5,273.53,Shop Pay
202713,2025-11-19,14071,Email,Mobile,CA,262.96,0.0,0.0,262.96,Credit Card
202714,2026-01-02,9266,Paid Search,Mobile,DE,174.15,0.0,16.54,157.6,Apple Pay
202715,2025-12-30,4519,Organic Search,Desktop,UK,87.81,0.0,7.99,79.82,Shop Pay
202716,2026-01-29,10986,Organic Search,Mobile,AU,94.26,0.0,0.0,94.26,Credit Card
202717,2025-10-11,5346,Email,Mobile,CA,221.14,0.0,14.13,207.01,Shop Pay
202718,2025-12-18,4228,Organic Search,Mobile,AU,291.66,0.0,0.0,291.66,Apple Pay
202719,2025-09-23,9228,Direct,Desktop,CA,71.61,0.0,7.13,64.48,Shop Pay
202720,2026-01-14,17469,Paid Social,Mobile,DE,95.16,0.0,0.0,95.16,PayPal
202721,2026-01-31,7961,Paid Search,Desktop,AU,204.67,0.0,21.34,183.33,PayPal
202722,2026-01-24,8892,Paid Search,Mobile,UK,157.9,0.0,0.0,157.9,Credit Card
202723,2025-10-26,3321,Email,Desktop,AU,38.93,0.0,1.5,37.43,Shop Pay
202724,2025-12-24,13598,Paid Social,Desktop,UK,161.33,0.0,15.99,145.34,Shop Pay
202725,2025-10-08,15960,Direct,Desktop,CA,44.18,0.0,0.0,44.18,Credit Card
202726,2025-08-15,2881,Direct,Mobile,US,156.24,0.0,0.0,156.24,Shop Pay
202727,2025-11-02,13375,Direct,Mobile,CA,34.15,5.45,2.4,37.19,Credit Card
202728,2025-12-17,2146,Email,Desktop,US,61.68,0.0,0.0,61.68,Credit Card
202729,2025-11-17,11095,Email,Mobile,DE,169.39,0.0,0.0,169.39,Apple Pay
202730,2025-09-23,17642,Organic Search,Desktop,AU,85.6,0.0,0.0,85.6,PayPal
202731,2025-12-10,3079,Email,Mobile,UK,198.71,0.0,8.47,190.24,Credit Card
202732,2026-01-10,11442,Email,Mobile,UK,103.28,0.0,4.56,98.73,Apple Pay
202733,2026-01-07,3627,Email,Mobile,UK,258.95,0.0,0.0,258.95,Credit Card
202734,2026-01-13,17193,Paid Search,Desktop,AU,26.18,5.42,0.0,31.6,PayPal
202735,2025-11-24,6803,Direct,Mobile,CA,99.61,0.0,0.0,99.61,Shop Pay
202736,2025-10-21,13970,Paid Social,Mobile,UK,202.44,0.0,0.0,202.44,PayPal
202737,2025-12-27,13688,Direct,Desktop,DE,78.08,0.0,0.0,78.08,Apple Pay
202738,2025-09-11,5894,Paid Social,Mobile,US,134.92,0.0,0.0,134.92,Shop Pay
202739,2025-11-21,862,Organic Search,Mobile,AU,155.65,0.0,0.0,155.65,Apple Pay
202740,2025-09-12,3409,Paid Search,Desktop,UK,42.23,5.29,0.0,47.52,Apple Pay
202741,2025-09-30,12055,Email,Mobile,US,143.39,0.0,5.45,137.95,PayPal
202742,2025-08-26,5780,Paid Social,Desktop,US,270.44,0.0,0.0,270.44,PayPal
202743,2026-02-06,4270,Direct,Mobile,UK,193.14,0.0,9.97,183.17,PayPal
202744,2026-01-12,13677,Direct,Desktop,CA,246.35,0.0,24.96,221.39,Credit Card
202745,2025-09-16,2732,Email,Mobile,CA,155.18,0.0,0.0,155.18,PayPal
202746,2025-09-21,6509,Paid Search,Desktop,AU,158.96,0.0,12.15,146.81,Apple Pay
202747,2025-09-28,17742,Paid Social,Desktop,UK,136.63,0.0,0.0,136.63,Apple Pay
202748,2025-10-15,9687,Direct,Desktop,UK,48.3,6.51,0.0,54.81,Shop Pay
202749,2026-01-05,17402,Paid Social,Desktop,CA,164.67,0.0,0.0,164.67,Shop Pay
202750,2025-08-15,7418,Email,Mobile,AU,182.26,0.0,9.83,172.43,Credit Card
202751,2025-12-29,6986,Direct,Mobile,UK,169.4,0.0,0.0,169.4,Shop Pay
202752,2025-11-19,5044,Paid Social,Desktop,DE,161.6,0.0,0.0,161.6,Apple Pay
202753,2025-10-28,11200,Paid Search,Desktop,DE,118.8,0.0,13.43,105.37,Apple Pay
202754,2025-08-25,9707,Paid Social,Desktop,AU,206.43,0.0,10.05,196.38,Apple Pay
202755,2025-09-29,7104,Organic Search,Mobile,CA,200.38,0.0,0.0,200.38,Credit Card
202756,2025-11-08,1655,Organic Search,Mobile,US,137.87,0.0,0.0,137.87,Shop Pay
202757,2025-12-18,2756,Organic Search,Desktop,AU,183.25,0.0,0.0,183.25,Shop Pay
202758,2025-11-22,2498,Email,Desktop,AU,38.27,7.12,2.23,43.16,Shop Pay
202759,2025-12-26,7019,Paid Search,Mobile,US,119.82,0.0,3.72,116.09,Shop Pay
202760,2026-01-29,8226,Email,Desktop,AU,158.31,0.0,5.38,152.93,Shop Pay
202761,2025-09-07,5724,Direct,Mobile,DE,193.06,0.0,6.36,186.7,Shop Pay
202762,2025-09-11,17454,Paid Search,Desktop,CA,81.05,0.0,9.65,71.4,PayPal
202763,2025-11-23,3379,Direct,Mobile,AU,183.07,0.0,0.0,183.07,Apple Pay
202764,2025-08-25,12886,Paid Social,Mobile,AU,225.39,0.0,7.19,218.21,Apple Pay
202765,2025-09-15,1515,Paid Search,Desktop,AU,84.63,0.0,7.9,76.73,PayPal
202766,2025-11-29,977,Paid Social,Mobile,US,218.06,0.0,0.0,218.06,Apple Pay
202767,2025-12-14,16620,Email,Mobile,CA,58.52,0.0,0.0,58.52,PayPal
202768,2025-09-04,3506,Email,Desktop,AU,283.88,0.0,0.0,283.88,Shop Pay
202769,2025-12-30,16043,Organic Search,Desktop,AU,155.84,0.0,0.0,155.84,PayPal
202770,2025-10-25,12383,Paid Search,Desktop,AU,70.79,0.0,6.05,64.73,Shop Pay
202771,2025-08-31,1729,Email,Mobile,CA,269.43,0.0,30.22,239.21,PayPal
202772,2025-11-19,14308,Paid Search,Mobile,UK,69.18,0.0,0.0,69.18,PayPal
202773,2025-12-07,4657,Organic Search,Mobile,UK,219.42,0.0,0.0,219.42,PayPal
202774,2026-01-03,15680,Paid Search,Desktop,US,58.85,0.0,0.0,58.85,PayPal
202775,2025-09-20,829,Direct,Mobile,US,229.59,0.0,0.0,229.59,PayPal
202776,2025-12-08,8909,Paid Search,Desktop,UK,173.61,0.0,0.0,173.61,Shop Pay
202777,2025-10-02,10468,Direct,Desktop,DE,66.69,0.0,0.0,66.69,PayPal
202778,2026-01-30,13512,Paid Social,Mobile,CA,99.67,0.0,5.8,93.87,Credit Card
202779,2025-11-12,15997,Paid Search,Desktop,DE,67.19,0.0,6.8,60.4,Apple Pay
202780,2026-02-06,7692,Organic Search,Mobile,UK,137.07,0.0,0.0,137.07,Apple Pay
202781,2025-11-24,11351,Organic Search,Mobile,AU,55.29,0.0,0.0,55.29,Shop Pay
202782,2025-11-16,13900,Paid Search,Desktop,CA,20.46,7.8,0.0,28.26,Apple Pay
202783,2025-10-10,5312,Paid Social,Desktop,UK,137.94,0.0,0.0,137.94,PayPal
202784,2025-10-21,15365,Paid Search,Mobile,AU,81.45,0.0,7.61,73.84,Credit Card
202785,2025-08-25,846,Paid Search,Desktop,AU,359.75,0.0,39.29,320.46,Credit Card
202786,2025-09-04,15936,Direct,Mobile,US,178.96,0.0,0.0,178.96,Apple Pay
202787,2025-12-26,13564,Email,Mobile,DE,134.57,0.0,0.0,134.57,Shop Pay
202788,2025-09-21,17706,Email,Mobile,CA,311.69,0.0,0.0,311.69,PayPal
202789,2026-01-27,12420,Organic Search,Desktop,UK,67.75,0.0,0.0,67.75,Credit Card
202790,2025-10-09,8882,Paid Search,Mobile,US,136.44,0.0,7.24,129.2,PayPal
202791,2025-09-19,16884,Direct,Mobile,US,102.47,0.0,0.0,102.47,PayPal
202792,2026-02-03,4022,Paid Social,Desktop,AU,95.31,0.0,0.0,95.31,Credit Card
202793,2025-12-18,13514,Paid Search,Mobile,DE,128.96,0.0,8.28,120.67,Credit Card
202794,2025-11-20,9146,Organic Search,Mobile,DE,23.99,7.4,0.0,31.39,Apple Pay
202795,2025-11-18,4011,Paid Search,Desktop,UK,283.41,0.0,31.59,251.82,PayPal
202796,2025-11-06,3891,Organic Search,Desktop,UK,41.73,0.0,1.74,39.99,Apple Pay
202797,2025-12-19,4497,Organic Search,Mobile,UK,70.64,0.0,0.0,70.64,PayPal
202798,2025-08-27,17050,Paid Search,Mobile,UK,198.48,0.0,20.26,178.22,PayPal
202799,2026-01-11,9893,Organic Search,Desktop,AU,101.72,0.0,0.0,101.72,Apple Pay
202800,2025-11-13,17542,Direct,Mobile,US,134.61,0.0,6.6,128.01,Shop Pay
202801,2025-10-11,17995,Paid Search,Mobile,DE,137.2,0.0,10.13,127.07,PayPal
202802,2025-12-27,16900,Email,Mobile,US,195.28,0.0,0.0,195.28,Apple Pay
202803,2025-09-27,16234,Paid Search,Mobile,US,153.49,0.0,8.22,145.26,Credit Card
202804,2026-02-01,6014,Organic Search,Desktop,UK,167.38,0.0,0.0,167.38,Credit Card
202805,2025-12-05,1035,Organic Search,Mobile,CA,20.47,6.3,0.0,26.77,Shop Pay
202806,2025-09-20,17083,Organic Search,Mobile,DE,120.01,0.0,0.0,120.01,PayPal
202807,2025-10-25,15992,Organic Search,Mobile,DE,101.85,0.0,0.0,101.85,Credit Card
202808,2025-11-03,4696,Email,Desktop,AU,81.05,0.0,0.0,81.05,PayPal
202809,2025-10-02,8062,Organic Search,Mobile,US,146.94,0.0,0.0,146.94,Credit Card
202810,2026-01-11,259,Paid Social,Mobile,DE,90.49,0.0,0.0,90.49,Apple Pay
202811,2025-10-28,5140,Paid Search,Mobile,CA,142.61,0.0,0.0,142.61,Credit Card
202812,2025-08-29,4990,Paid Social,Desktop,US,99.58,0.0,0.0,99.58,Apple Pay
202813,2026-01-01,2102,Paid Social,Desktop,US,262.37,0.0,0.0,262.37,Apple Pay
202814,2025-11-11,16566,Paid Search,Desktop,AU,184.19,0.0,18.63,165.56,PayPal
202815,2025-08-19,4100,Paid Search,Desktop,CA,209.98,0.0,0.0,209.98,Shop Pay
202816,2025-09-25,4228,Paid Search,Mobile,US,148.34,0.0,0.0,148.34,Apple Pay
202817,2026-01-23,12909,Paid Social,Mobile,DE,236.48,0.0,0.0,236.48,Credit Card
202818,2025-12-15,6886,Organic Search,Desktop,CA,229.2,0.0,23.82,205.38,PayPal
202819,2025-12-15,14132,Organic Search,Desktop,AU,154.29,0.0,0.0,154.29,Credit Card
202820,2025-09-01,9467,Direct,Desktop,US,109.07,0.0,0.0,109.07,PayPal
202821,2025-08-24,4738,Paid Search,Mobile,US,170.85,0.0,19.74,151.11,PayPal
202822,2025-08-21,330,Email,Desktop,AU,102.75,0.0,0.0,102.75,PayPal
202823,2025-10-22,6420,Organic Search,Desktop,US,240.08,0.0,0.0,240.08,PayPal
202824,2025-10-01,16105,Organic Search,Mobile,UK,141.13,0.0,0.0,141.13,Apple Pay
202825,2026-01-31,14716,Organic Search,Mobile,UK,179.0,0.0,0.0,179.0,PayPal
202826,2025-12-13,3593,Direct,Mobile,UK,52.11,5.26,0.0,57.36,Credit Card
202827,2025-11-01,13258,Paid Social,Mobile,DE,63.94,0.0,0.0,63.94,Shop Pay
202828,2025-08-19,14103,Direct,Mobile,UK,209.48,0.0,0.0,209.48,Apple Pay
202829,2025-09-15,5238,Organic Search,Mobile,UK,118.14,0.0,4.84,113.29,Shop Pay
202830,2026-01-15,10493,Paid Search,Mobile,UK,141.64,0.0,0.0,141.64,Shop Pay
202831,2026-01-24,9827,Paid Search,Mobile,AU,52.35,5.49,0.0,57.84,PayPal
202832,2025-12-28,7197,Organic Search,Desktop,US,69.18,0.0,0.0,69.18,PayPal
202833,2025-12-06,10998,Organic Search,Desktop,CA,252.34,0.0,29.25,223.09,PayPal
202834,2025-12-01,1477,Paid Search,Mobile,AU,52.88,5.52,4.18,54.21,PayPal
202835,2025-11-10,5062,Organic Search,Desktop,US,46.72,7.05,0.0,53.78,Shop Pay
202836,2025-12-30,13776,Paid Social,Desktop,US,219.2,0.0,16.6,202.61,PayPal
202837,2025-11-23,2657,Direct,Desktop,AU,124.99,0.0,0.0,124.99,PayPal
202838,2025-10-13,17668,Paid Search,Mobile,AU,83.62,0.0,0.0,83.62,Credit Card
202839,2025-10-27,13560,Paid Social,Desktop,DE,156.4,0.0,0.0,156.4,Apple Pay
202840,2025-11-08,2743,Paid Social,Mobile,AU,58.91,0.0,0.0,58.91,PayPal
202841,2026-02-07,8959,Direct,Desktop,UK,119.15,0.0,0.0,119.15,Shop Pay
202842,2026-01-18,3450,Email,Desktop,UK,25.89,6.95,0.0,32.84,PayPal
202843,2025-08-29,5635,Email,Desktop,UK,270.82,0.0,0.0,270.82,Apple Pay
202844,2026-02-10,11138,Email,Desktop,DE,227.02,0.0,0.0,227.02,Credit Card
202845,2025-10-05,13539,Paid Search,Desktop,US,46.79,6.81,0.0,53.6,Credit Card
202846,2026-01-25,6971,Direct,Desktop,DE,17.39,5.23,0.58,22.05,PayPal
202847,2025-10-21,12475,Paid Social,Mobile,UK,295.36,0.0,22.76,272.6,Apple Pay
202848,2025-10-07,17871,Paid Search,Mobile,CA,249.52,0.0,12.26,237.25,Apple Pay
202849,2026-01-14,16654,Paid Social,Desktop,US,247.55,0.0,21.16,226.39,Apple Pay
202850,2025-11-07,1950,Email,Mobile,US,223.44,0.0,0.0,223.44,PayPal
202851,2025-10-21,8878,Email,Mobile,CA,189.98,0.0,0.0,189.98,Shop Pay
202852,2026-02-03,8654,Direct,Desktop,AU,158.63,0.0,0.0,158.63,Shop Pay
202853,2025-09-22,3389,Organic Search,Mobile,US,139.19,0.0,0.0,139.19,Credit Card
202854,2025-12-17,15018,Direct,Desktop,CA,83.34,0.0,0.0,83.34,Credit Card
202855,2026-02-03,3627,Organic Search,Mobile,AU,68.52,0.0,0.0,68.52,PayPal
202856,2025-10-24,1914,Paid Search,Desktop,US,196.45,0.0,0.0,196.45,Shop Pay
202857,2025-11-13,869,Paid Search,Mobile,US,141.3,0.0,0.0,141.3,Apple Pay
202858,2025-12-04,16267,Email,Mobile,US,170.4,0.0,0.0,170.4,PayPal
202859,2026-01-17,2932,Paid Search,Mobile,CA,89.7,0.0,8.26,81.45,Credit Card
202860,2025-11-27,8199,Paid Search,Desktop,CA,46.03,6.61,0.0,52.65,Shop Pay
202861,2026-01-09,7548,Paid Search,Desktop,CA,110.76,0.0,0.0,110.76,Apple Pay
202862,2026-01-14,71,Email,Desktop,US,239.95,0.0,24.42,215.53,Shop Pay
202863,2026-02-09,15559,Email,Desktop,US,88.19,0.0,9.25,78.94,Shop Pay
202864,2025-08-26,4401,Email,Desktop,UK,145.16,0.0,12.9,132.26,Shop Pay
202865,2025-12-30,12473,Paid Social,Desktop,UK,135.27,0.0,15.99,119.28,Credit Card
202866,2025-10-22,10913,Direct,Mobile,US,74.94,0.0,4.4,70.53,Shop Pay
202867,2025-08-21,7056,Email,Desktop,UK,74.77,0.0,0.0,74.77,Shop Pay
202868,2025-10-25,13174,Email,Mobile,UK,73.19,0.0,0.0,73.19,Credit Card
202869,2025-08-19,14598,Paid Search,Mobile,AU,126.19,0.0,0.0,126.19,Credit Card
202870,2026-02-05,930,Paid Social,Desktop,AU,109.68,0.0,7.04,102.65,Credit Card
202871,2026-01-12,1107,Direct,Desktop,CA,9.98,7.18,1.19,15.97,PayPal
202872,2025-12-03,17166,Email,Desktop,US,109.82,0.0,9.17,100.66,PayPal
202873,2025-11-11,3251,Organic Search,Desktop,UK,92.99,0.0,0.0,92.99,Apple Pay
202874,2025-11-25,5846,Direct,Mobile,US,328.02,0.0,0.0,328.02,PayPal
202875,2025-09-24,14707,Direct,Mobile,DE,83.89,0.0,0.0,83.89,Credit Card
202876,2025-10-27,14413,Paid Search,Desktop,UK,136.37,0.0,0.0,136.37,Apple Pay
202877,2025-09-12,10314,Direct,Mobile,CA,116.61,0.0,10.43,106.18,Shop Pay
202878,2025-12-29,11080,Email,Mobile,UK,42.52,7.24,4.89,44.88,Credit Card
202879,2025-09-09,4238,Paid Search,Mobile,UK,237.79,0.0,0.0,237.79,Apple Pay
202880,2025-10-10,10717,Paid Social,Mobile,AU,122.71,0.0,0.0,122.71,Shop Pay
202881,2025-10-01,12420,Paid Social,Mobile,US,48.8,7.57,3.01,53.36,PayPal
202882,2025-12-02,4433,Organic Search,Desktop,DE,64.14,0.0,2.29,61.85,Apple Pay
202883,2025-12-28,16241,Email,Desktop,CA,51.87,7.07,0.0,58.95,Credit Card
202884,2025-11-11,5989,Email,Desktop,DE,56.41,0.0,0.0,56.41,Credit Card
202885,2025-11-15,17590,Paid Search,Mobile,AU,73.9,0.0,0.0,73.9,Credit Card
202886,2025-09-09,17863,Paid Search,Desktop,UK,116.74,0.0,11.14,105.6,Credit Card
202887,2025-09-08,4782,Direct,Desktop,UK,107.41,0.0,0.0,107.41,Shop Pay
202888,2025-08-19,13498,Email,Desktop,DE,239.48,0.0,0.0,239.48,Apple Pay
202889,2025-09-30,17868,Direct,Desktop,CA,74.18,0.0,3.2,70.98,PayPal
202890,2025-09-03,15449,Paid Search,Mobile,DE,77.97,0.0,0.0,77.97,Shop Pay
202891,2026-01-10,4868,Paid Social,Desktop,CA,129.48,0.0,6.54,122.95,Apple Pay
202892,2025-12-15,15529,Direct,Mobile,CA,143.79,0.0,0.0,143.79,Apple Pay
202893,2025-08-15,7577,Email,Desktop,DE,120.15,0.0,7.75,112.4,Apple Pay
202894,2025-11-05,5641,Email,Mobile,US,294.05,0.0,9.8,284.25,Apple Pay
202895,2025-09-01,2135,Paid Search,Mobile,UK,226.37,0.0,0.0,226.37,Apple Pay
202896,2025-12-29,7398,Email,Desktop,AU,48.07,0.0,0.0,48.07,PayPal
202897,2025-08-30,10638,Paid Social,Mobile,CA,115.23,0.0,6.84,108.39,Apple Pay
202898,2025-11-03,12598,Email,Mobile,UK,321.36,0.0,21.42,299.94,PayPal
202899,2025-11-09,14673,Organic Search,Mobile,US,99.19,0.0,5.64,93.55,Apple Pay
202900,2025-11-09,4825,Direct,Desktop,CA,133.07,0.0,0.0,133.07,Shop Pay
202901,2025-08-30,4086,Paid Search,Desktop,US,266.22,0.0,0.0,266.22,Credit Card
202902,2025-08-18,16786,Paid Search,Mobile,UK,34.9,6.22,0.0,41.11,Shop Pay
202903,2025-10-02,12374,Direct,Mobile,UK,248.2,0.0,12.41,235.8,Credit Card
202904,2025-11-02,4845,Organic Search,Desktop,US,140.41,0.0,0.0,140.41,PayPal
202905,2025-11-08,14913,Organic Search,Desktop,US,245.14,0.0,22.15,222.99,Shop Pay
202906,2026-02-07,8880,Organic Search,Mobile,AU,155.67,0.0,0.0,155.67,Shop Pay
202907,2025-09-26,14846,Direct,Desktop,UK,87.55,0.0,0.0,87.55,Apple Pay
202908,2026-01-18,345,Organic Search,Desktop,DE,167.84,0.0,0.0,167.84,Credit Card
202909,2025-12-29,15680,Organic Search,Mobile,UK,207.94,0.0,0.0,207.94,Credit Card
202910,2026-01-28,4668,Paid Social,Mobile,US,98.91,0.0,0.0,98.91,Shop Pay
202911,2025-12-16,5669,Organic Search,Mobile,CA,109.37,0.0,0.0,109.37,PayPal
202912,2025-11-23,10563,Paid Search,Mobile,US,167.62,0.0,0.0,167.62,Credit Card
202913,2025-11-27,4637,Paid Search,Mobile,US,206.05,0.0,0.0,206.05,Apple Pay
202914,2026-01-04,8457,Organic Search,Desktop,AU,92.59,0.0,0.0,92.59,Shop Pay
202915,2025-09-20,1064,Paid Search,Desktop,AU,220.76,0.0,25.61,195.15,Credit Card
202916,2026-02-10,2179,Email,Desktop,US,45.11,7.75,1.86,51.0,Credit Card
202917,2025-10-11,16818,Paid Search,Desktop,UK,148.02,0.0,0.0,148.02,Credit Card
202918,2025-08-20,5239,Paid Search,Mobile,AU,230.55,0.0,23.31,207.24,Shop Pay
202919,2025-12-03,10383,Paid Social,Mobile,CA,139.3,0.0,0.0,139.3,Shop Pay
202920,2025-10-04,2140,Direct,Desktop,AU,73.07,0.0,0.0,73.07,Shop Pay
202921,2025-12-06,9058,Paid Search,Desktop,CA,249.53,0.0,28.85,220.68,Shop Pay
202922,2025-10-15,3374,Organic Search,Desktop,UK,77.91,0.0,0.0,77.91,Apple Pay
202923,2025-11-21,1103,Organic Search,Desktop,AU,105.41,0.0,0.0,105.41,Credit Card
202924,2026-01-13,4288,Organic Search,Desktop,CA,244.04,0.0,0.0,244.04,Apple Pay
202925,2025-12-09,3099,Email,Mobile,UK,104.31,0.0,7.69,96.62,Apple Pay
202926,2025-09-16,16864,Paid Search,Mobile,DE,163.76,0.0,0.0,163.76,Shop Pay
202927,2025-12-12,10400,Paid Social,Mobile,UK,9.56,5.67,0.0,15.23,Shop Pay
202928,2025-12-28,9760,Paid Search,Desktop,CA,51.43,7.05,0.0,58.48,Shop Pay
202929,2025-11-27,3850,Organic Search,Mobile,US,223.55,0.0,9.12,214.43,Apple Pay
202930,2026-01-30,15230,Direct,Desktop,DE,38.74,5.54,0.0,44.28,Credit Card
202931,2025-12-22,3917,Paid Search,Desktop,CA,116.34,0.0,5.19,111.15,Credit Card
202932,2026-01-28,3767,Paid Search,Desktop,US,213.98,0.0,0.0,213.98,Credit Card
202933,2025-10-15,10411,Organic Search,Desktop,DE,189.31,0.0,17.93,171.38,Apple Pay
202934,2026-01-11,10692,Organic Search,Mobile,US,68.42,0.0,4.35,64.06,Shop Pay
202935,2026-02-05,11217,Email,Mobile,DE,246.86,0.0,0.0,246.86,Credit Card
202936,2025-12-04,5269,Organic Search,Mobile,AU,48.68,6.42,2.85,52.26,Credit Card
202937,2026-02-03,13702,Email,Mobile,US,291.48,0.0,0.0,291.48,Credit Card
202938,2026-01-04,1276,Organic Search,Mobile,CA,276.49,0.0,0.0,276.49,Apple Pay
202939,2026-01-08,1231,Direct,Mobile,CA,240.81,0.0,27.14,213.66,Credit Card
202940,2025-10-13,16229,Organic Search,Desktop,AU,191.49,0.0,22.19,169.3,Shop Pay
202941,2025-10-02,5451,Organic Search,Mobile,DE,81.07,0.0,0.0,81.07,Shop Pay
202942,2025-11-07,17671,Direct,Desktop,AU,176.63,0.0,0.0,176.63,Credit Card
202943,2025-09-23,5497,Organic Search,Desktop,CA,373.71,0.0,0.0,373.71,PayPal
202944,2025-09-04,12121,Email,Mobile,US,106.79,0.0,12.77,94.02,Credit Card
202945,2026-01-04,13295,Email,Mobile,DE,118.25,0.0,0.0,118.25,Apple Pay
202946,2026-02-06,15734,Email,Mobile,CA,48.81,0.0,0.0,48.81,Apple Pay
202947,2025-11-12,16441,Paid Social,Mobile,UK,103.43,0.0,4.15,99.28,Apple Pay
202948,2026-01-29,2085,Organic Search,Mobile,UK,323.32,0.0,17.22,306.1,Shop Pay
202949,2025-11-27,11278,Direct,Mobile,CA,70.66,0.0,0.0,70.66,Apple Pay
202950,2025-10-13,8372,Organic Search,Mobile,UK,33.03,5.13,0.0,38.16,Apple Pay
202951,2025-10-24,3757,Paid Social,Mobile,DE,115.31,0.0,3.47,111.84,Shop Pay
202952,2025-11-11,16082,Direct,Desktop,DE,161.43,0.0,0.0,161.43,Shop Pay
202953,2025-10-14,7887,Direct,Desktop,DE,110.54,0.0,5.95,104.59,Shop Pay
202954,2025-11-02,14246,Paid Social,Mobile,US,122.39,0.0,0.0,122.39,Shop Pay
202955,2025-12-14,11505,Direct,Desktop,DE,175.82,0.0,14.12,161.69,Apple Pay
202956,2026-01-03,16478,Paid Search,Desktop,AU,91.23,0.0,0.0,91.23,Apple Pay
202957,2025-12-29,13803,Email,Desktop,DE,42.53,5.65,0.0,48.19,Credit Card
202958,2025-10-22,13959,Paid Search,Mobile,AU,125.47,0.0,7.16,118.32,PayPal
202959,2025-12-04,15690,Paid Search,Desktop,DE,140.46,0.0,0.0,140.46,Shop Pay
202960,2025-11-29,3499,Paid Social,Desktop,US,151.67,0.0,9.16,142.51,PayPal
202961,2025-12-07,7078,Email,Mobile,AU,313.37,0.0,0.0,313.37,Shop Pay
202962,2025-08-30,12617,Paid Social,Mobile,DE,134.46,0.0,0.0,134.46,Credit Card
202963,2025-08-24,11784,Email,Desktop,UK,137.84,0.0,0.0,137.84,PayPal
202964,2026-01-07,7177,Email,Mobile,DE,443.51,0.0,49.27,394.24,Apple Pay
202965,2025-10-01,2211,Paid Social,Desktop,US,209.12,0.0,0.0,209.12,PayPal
202966,2025-11-03,13663,Organic Search,Mobile,CA,114.49,0.0,6.37,108.12,Credit Card
202967,2026-01-11,13043,Email,Desktop,AU,47.54,6.86,2.48,51.92,Shop Pay
202968,2025-12-03,5245,Paid Search,Mobile,AU,43.03,6.07,3.91,45.19,Apple Pay
202969,2025-11-21,4135,Paid Search,Desktop,UK,118.64,0.0,4.95,113.68,Apple Pay
202970,2026-01-17,2207,Paid Search,Desktop,CA,104.86,0.0,0.0,104.86,Shop Pay
202971,2026-02-10,10417,Paid Search,Mobile,CA,121.96,0.0,0.0,121.96,PayPal
202972,2026-01-21,16876,Organic Search,Desktop,US,234.22,0.0,26.13,208.09,Apple Pay
202973,2025-12-14,3874,Email,Mobile,UK,25.27,7.88,0.0,33.15,PayPal
202974,2025-10-17,2251,Paid Search,Mobile,US,78.85,0.0,0.0,78.85,Credit Card
202975,2025-09-27,1060,Organic Search,Desktop,US,88.84,0.0,0.0,88.84,Credit Card
202976,2026-01-14,9903,Direct,Mobile,CA,76.54,0.0,0.0,76.54,Shop Pay
202977,2025-12-31,15307,Direct,Desktop,CA,195.55,0.0,0.0,195.55,PayPal
202978,2025-12-08,8579,Paid Social,Mobile,US,38.61,6.37,0.0,44.98,Apple Pay
202979,2025-12-25,16178,Direct,Mobile,US,46.6,7.51,2.87,51.25,Apple Pay
202980,2025-12-12,10788,Organic Search,Mobile,UK,150.92,0.0,10.13,140.79,PayPal
202981,2025-10-23,5847,Paid Social,Mobile,UK,236.97,0.0,0.0,236.97,PayPal
202982,2025-12-11,4384,Direct,Mobile,US,141.62,0.0,0.0,141.62,Credit Card
202983,2025-09-19,6667,Direct,Mobile,DE,123.07,0.0,0.0,123.07,PayPal
202984,2025-10-06,1978,Paid Search,Mobile,UK,192.51,0.0,0.0,192.51,Apple Pay
202985,2025-12-18,4804,Direct,Mobile,UK,23.84,5.51,0.89,28.46,Credit Card
202986,2025-10-31,9103,Organic Search,Mobile,AU,292.06,0.0,0.0,292.06,PayPal
202987,2025-12-15,7470,Paid Social,Desktop,AU,41.01,5.06,0.0,46.07,PayPal
202988,2025-09-06,9251,Direct,Desktop,AU,132.51,0.0,8.25,124.26,PayPal
202989,2025-10-22,6482,Paid Social,Mobile,UK,151.21,0.0,15.1,136.11,Shop Pay
202990,2025-10-15,11182,Paid Search,Desktop,UK,177.86,0.0,9.25,168.61,PayPal
202991,2025-11-18,220,Paid Social,Desktop,CA,83.29,0.0,0.0,83.29,Shop Pay
202992,2025-09-25,16073,Organic Search,Mobile,DE,331.85,0.0,16.86,314.99,PayPal
202993,2025-08-22,14246,Paid Social,Mobile,UK,160.72,0.0,0.0,160.72,Credit Card
202994,2025-10-29,4158,Direct,Desktop,AU,104.6,0.0,0.0,104.6,Credit Card
202995,2026-02-06,5704,Paid Search,Mobile,AU,66.28,0.0,0.0,66.28,Shop Pay
202996,2026-01-13,15264,Organic Search,Mobile,AU,129.81,0.0,0.0,129.81,PayPal
202997,2025-10-29,14124,Paid Social,Desktop,UK,90.82,0.0,0.0,90.82,Shop Pay
202998,2025-12-11,5427,Email,Desktop,AU,218.63,0.0,22.63,196.0,Shop Pay
202999,2025-11-01,8730,Email,Desktop,AU,204.19,0.0,0.0,204.19,Shop Pay
203000,2025-12-30,9664,Direct,Mobile,US,33.45,7.35,0.0,40.8,Shop Pay
203001,2025-10-02,7575,Direct,Desktop,AU,201.99,0.0,0.0,201.99,Apple Pay
203002,2025-09-24,12263,Organic Search,Desktop,US,321.15,0.0,0.0,321.15,PayPal
203003,2025-11-20,644,Email,Mobile,US,268.64,0.0,0.0,268.64,PayPal
203004,2025-12-03,6868,Direct,Mobile,UK,145.41,0.0,5.81,139.6,Credit Card
203005,2025-10-17,4013,Organic Search,Mobile,UK,218.63,0.0,0.0,218.63,PayPal
203006,2025-11-24,4860,Paid Search,Mobile,DE,192.69,0.0,8.97,183.72,PayPal
203007,2026-01-16,14205,Email,Mobile,UK,277.93,0.0,20.17,257.76,Shop Pay
203008,2026-01-15,16673,Direct,Mobile,CA,51.29,0.0,0.0,51.29,Apple Pay
203009,2025-12-06,9220,Direct,Mobile,DE,131.43,0.0,0.0,131.43,Shop Pay
203010,2025-11-08,3821,Organic Search,Mobile,AU,51.72,0.0,0.0,51.72,Apple Pay
203011,2025-10-03,8689,Organic Search,Desktop,UK,108.42,0.0,3.33,105.09,Credit Card
203012,2025-10-17,67,Direct,Desktop,CA,121.98,0.0,0.0,121.98,PayPal
203013,2025-08-22,4015,Paid Search,Desktop,DE,124.26,0.0,0.0,124.26,PayPal
203014,2026-01-18,2384,Organic Search,Mobile,CA,111.89,0.0,0.0,111.89,PayPal
203015,2026-01-02,5340,Email,Desktop,AU,30.55,7.79,0.0,38.34,Apple Pay
203016,2026-01-24,17904,Paid Social,Desktop,UK,35.67,0.0,0.0,35.67,Credit Card
203017,2025-10-28,12908,Email,Desktop,CA,31.7,5.29,0.0,36.99,Apple Pay
203018,2026-01-16,7606,Paid Social,Mobile,UK,100.0,0.0,5.11,94.89,PayPal
203019,2025-12-17,13425,Direct,Mobile,US,240.04,0.0,0.0,240.04,Apple Pay
203020,2026-02-01,15011,Direct,Mobile,AU,166.56,0.0,0.0,166.56,PayPal
203021,2025-09-02,12429,Email,Mobile,CA,134.52,0.0,0.0,134.52,PayPal
203022,2025-10-03,11771,Paid Search,Mobile,UK,234.4,0.0,9.85,224.55,Apple Pay
203023,2025-12-22,5185,Paid Search,Desktop,UK,56.96,0.0,4.56,52.4,Credit Card
203024,2025-08-27,11512,Email,Desktop,AU,82.84,0.0,0.0,82.84,Credit Card
203025,2025-11-20,13047,Email,Mobile,US,223.47,0.0,0.0,223.47,Shop Pay
203026,2025-10-25,3898,Email,Mobile,US,211.88,0.0,12.45,199.43,PayPal
203027,2025-10-13,10484,Paid Search,Desktop,CA,26.34,5.43,0.0,31.77,Shop Pay
203028,2025-10-22,13943,Direct,Desktop,AU,232.82,0.0,0.0,232.82,Credit Card
203029,2025-11-09,11694,Organic Search,Mobile,CA,116.21,0.0,0.0,116.21,Credit Card
203030,2025-11-28,10891,Paid Social,Mobile,CA,56.72,6.0,0.0,62.72,PayPal
203031,2025-11-26,6897,Organic Search,Mobile,UK,166.25,0.0,17.52,148.73,Shop Pay
203032,2026-01-22,1007,Email,Desktop,CA,46.75,0.0,3.99,42.76,Apple Pay
203033,2025-10-12,5825,Direct,Desktop,DE,99.87,0.0,4.51,95.36,PayPal
203034,2026-01-23,15615,Email,Mobile,US,27.32,7.22,0.0,34.53,PayPal
203035,2025-08-30,218,Paid Search,Desktop,US,219.21,0.0,21.92,197.29,Apple Pay
203036,2025-08-27,5395,Email,Mobile,UK,121.15,0.0,0.0,121.15,Credit Card
203037,2025-08-28,10508,Organic Search,Desktop,UK,46.37,6.37,0.0,52.75,Apple Pay
203038,2026-02-07,4663,Direct,Desktop,UK,112.37,0.0,0.0,112.37,Shop Pay
203039,2025-10-25,6397,Paid Search,Desktop,UK,263.9,0.0,0.0,263.9,Credit Card
203040,2025-11-17,15453,Direct,Mobile,DE,43.02,7.37,0.0,50.4,Shop Pay
203041,2025-09-18,11355,Direct,Desktop,AU,98.65,0.0,0.0,98.65,Credit Card
203042,2025-10-05,3463,Paid Social,Desktop,US,134.01,0.0,10.74,123.27,Credit Card
203043,2026-01-25,15625,Direct,Mobile,CA,188.1,0.0,0.0,188.1,Apple Pay
203044,2026-02-02,6957,Paid Social,Mobile,US,117.61,0.0,0.0,117.61,Apple Pay
203045,2025-11-11,6488,Email,Mobile,UK,20.32,6.99,1.38,25.93,Credit Card
203046,2025-08-24,3497,Paid Search,Mobile,UK,147.5,0.0,0.0,147.5,Shop Pay
203047,2026-02-05,8258,Paid Search,Desktop,UK,201.86,0.0,0.0,201.86,PayPal
203048,2025-11-17,14095,Direct,Desktop,CA,224.34,0.0,0.0,224.34,Credit Card
203049,2026-01-01,15374,Paid Social,Mobile,US,246.28,0.0,0.0,246.28,PayPal
203050,2025-10-22,16333,Direct,Mobile,DE,44.43,7.28,0.0,51.72,Credit Card
203051,2025-10-19,7112,Email,Desktop,DE,62.57,0.0,3.7,58.88,Apple Pay
203052,2025-11-16,10641,Direct,Desktop,UK,27.61,5.86,0.0,33.47,PayPal
203053,2026-01-06,8349,Direct,Desktop,US,81.08,0.0,0.0,81.08,Shop Pay
203054,2025-10-07,12581,Direct,Mobile,AU,132.62,0.0,7.13,125.49,Apple Pay
203055,2025-11-05,8645,Direct,Desktop,AU,163.47,0.0,12.04,151.43,Apple Pay
203056,2025-10-31,1740,Organic Search,Mobile,CA,99.55,0.0,0.0,99.55,Shop Pay
203057,2025-09-02,1907,Email,Desktop,US,241.18,0.0,22.15,219.03,Credit Card
203058,2025-08-29,12217,Paid Search,Mobile,CA,144.07,0.0,8.53,135.55,PayPal
203059,2025-10-26,3426,Paid Search,Desktop,UK,206.72,0.0,17.59,189.13,PayPal
203060,2025-08-23,3890,Organic Search,Mobile,UK,179.42,0.0,0.0,179.42,Credit Card
203061,2026-01-21,8369,Direct,Mobile,UK,273.82,0.0,8.29,265.53,Shop Pay
203062,2025-12-04,10745,Direct,Mobile,UK,164.66,0.0,0.0,164.66,Credit Card
203063,2026-01-12,5317,Paid Social,Desktop,CA,184.79,0.0,14.57,170.22,Credit Card
203064,2025-08-15,11671,Paid Social,Mobile,AU,69.04,0.0,0.0,69.04,Apple Pay
203065,2025-09-06,7470,Email,Mobile,UK,61.98,0.0,2.09,59.89,Shop Pay
203066,2025-12-19,9455,Organic Search,Mobile,CA,204.11,0.0,18.02,186.09,PayPal
203067,2025-12-01,10016,Organic Search,Mobile,DE,239.28,0.0,0.0,239.28,Shop Pay
203068,2025-12-07,8370,Direct,Desktop,CA,311.03,0.0,15.86,295.17,Credit Card
203069,2025-12-04,4108,Paid Social,Mobile,CA,111.48,0.0,10.05,101.44,Credit Card
203070,2025-09-19,17563,Paid Search,Desktop,DE,189.91,0.0,14.06,175.86,Credit Card
203071,2025-12-25,2683,Organic Search,Desktop,CA,45.11,0.0,0.0,45.11,Shop Pay
203072,2026-01-14,17610,Direct,Mobile,US,62.33,0.0,0.0,62.33,PayPal
203073,2025-12-02,14101,Organic Search,Desktop,AU,130.42,0.0,0.0,130.42,Apple Pay
203074,2025-12-03,5281,Organic Search,Mobile,UK,159.29,0.0,0.0,159.29,Shop Pay
203075,2025-08-30,10118,Email,Mobile,DE,260.1,0.0,23.16,236.95,Shop Pay
203076,2026-01-22,7206,Paid Search,Desktop,AU,208.49,0.0,11.46,197.03,Credit Card
203077,2025-11-24,16108,Organic Search,Mobile,CA,84.59,0.0,0.0,84.59,Apple Pay
203078,2025-12-09,1327,Email,Desktop,CA,14.08,6.23,0.0,20.31,Apple Pay
203079,2025-10-08,3677,Paid Search,Desktop,UK,111.56,0.0,0.0,111.56,PayPal
203080,2026-01-10,9619,Direct,Mobile,AU,158.82,0.0,0.0,158.82,Credit Card
203081,2026-01-14,1559,Email,Desktop,UK,67.7,0.0,0.0,67.7,Credit Card
203082,2025-08-20,6690,Email,Desktop,UK,183.45,0.0,0.0,183.45,Shop Pay
203083,2026-01-14,9544,Paid Social,Mobile,US,230.85,0.0,25.22,205.63,Apple Pay
203084,2026-01-23,15871,Paid Social,Mobile,AU,133.71,0.0,0.0,133.71,Apple Pay
203085,2026-01-31,13924,Paid Social,Desktop,DE,115.8,0.0,0.0,115.8,Credit Card
203086,2025-08-26,9515,Paid Social,Desktop,UK,23.84,7.38,2.41,28.81,Credit Card
203087,2025-09-30,14829,Organic Search,Desktop,CA,263.67,0.0,0.0,263.67,PayPal
203088,2025-10-31,6778,Paid Social,Mobile,DE,200.76,0.0,17.85,182.91,PayPal
203089,2025-11-18,13087,Paid Search,Mobile,UK,201.24,0.0,0.0,201.24,Apple Pay
203090,2026-01-05,8934,Paid Search,Mobile,CA,133.66,0.0,12.93,120.73,PayPal
203091,2026-01-03,8786,Direct,Desktop,AU,17.83,6.48,0.0,24.32,Apple Pay
203092,2025-09-29,1081,Paid Search,Mobile,AU,50.74,0.0,1.73,49.0,Apple Pay
203093,2025-09-13,14743,Paid Search,Mobile,UK,330.12,0.0,0.0,330.12,Apple Pay
203094,2025-10-06,16108,Direct,Mobile,US,147.77,0.0,0.0,147.77,PayPal
203095,2025-08-26,879,Direct,Mobile,CA,263.35,0.0,12.66,250.69,Credit Card
203096,2025-12-11,17144,Email,Desktop,UK,147.4,0.0,0.0,147.4,Shop Pay
203097,2025-10-21,13020,Paid Social,Mobile,CA,19.3,6.52,0.0,25.82,PayPal
203098,2025-09-21,8484,Paid Search,Desktop,DE,318.71,0.0,0.0,318.71,Credit Card
203099,2026-01-13,12765,Email,Mobile,UK,178.31,0.0,0.0,178.31,Apple Pay
203100,2026-02-03,3947,Direct,Mobile,US,60.35,0.0,0.0,60.35,Apple Pay
203101,2026-02-06,14054,Organic Search,Mobile,CA,162.33,0.0,16.53,145.8,PayPal
203102,2026-02-06,361,Organic Search,Mobile,DE,56.01,5.01,0.0,61.03,PayPal
203103,2025-08-25,7142,Paid Search,Mobile,UK,212.09,0.0,0.0,212.09,Shop Pay
203104,2026-01-24,5142,Paid Social,Desktop,US,154.68,0.0,12.15,142.54,Credit Card
203105,2025-10-09,9266,Paid Search,Desktop,CA,283.32,0.0,8.58,274.74,Apple Pay
203106,2025-09-05,13668,Direct,Desktop,CA,131.22,0.0,0.0,131.22,Credit Card
203107,2025-11-19,17627,Organic Search,Desktop,US,152.51,0.0,0.0,152.51,Apple Pay
203108,2026-01-03,3903,Email,Mobile,UK,75.11,0.0,8.98,66.13,Credit Card
203109,2025-09-13,13753,Paid Social,Mobile,DE,43.94,0.0,3.35,40.59,Credit Card
203110,2025-11-13,12942,Paid Search,Desktop,CA,47.16,6.51,0.0,53.67,Apple Pay
203111,2025-09-04,7323,Paid Search,Desktop,CA,113.64,0.0,0.0,113.64,Credit Card
203112,2025-08-21,12365,Paid Search,Mobile,CA,407.1,0.0,0.0,407.1,Apple Pay
203113,2026-01-24,14079,Paid Search,Desktop,AU,138.73,0.0,7.24,131.5,Shop Pay
203114,2025-10-01,14306,Organic Search,Mobile,AU,89.23,0.0,0.0,89.23,PayPal
203115,2025-09-04,9858,Email,Mobile,UK,98.11,0.0,6.82,91.29,PayPal
203116,2025-09-17,5038,Email,Desktop,US,286.89,0.0,18.27,268.61,Shop Pay
203117,2025-08-22,4099,Paid Social,Mobile,UK,148.21,0.0,0.0,148.21,Credit Card
203118,2026-01-29,5908,Paid Social,Desktop,AU,223.85,0.0,0.0,223.85,PayPal
203119,2026-02-08,16862,Email,Mobile,UK,87.11,0.0,5.39,81.72,PayPal
203120,2025-10-20,9699,Paid Search,Mobile,DE,101.38,0.0,11.4,89.99,PayPal
203121,2025-09-20,17145,Organic Search,Desktop,US,153.6,0.0,0.0,153.6,Apple Pay
203122,2025-09-21,5823,Paid Social,Mobile,US,61.1,0.0,4.04,57.06,Credit Card
203123,2025-09-14,17301,Email,Desktop,AU,50.57,7.46,0.0,58.04,Apple Pay
203124,2025-12-31,16815,Organic Search,Desktop,UK,188.79,0.0,0.0,188.79,Shop Pay
203125,2025-12-26,1470,Organic Search,Mobile,UK,300.52,0.0,0.0,300.52,PayPal
203126,2025-08-21,39,Direct,Mobile,AU,33.07,6.48,0.0,39.54,Shop Pay
203127,2025-08-21,8189,Paid Social,Mobile,DE,114.0,0.0,0.0,114.0,Apple Pay
203128,2025-12-31,11900,Organic Search,Mobile,AU,30.08,6.6,0.0,36.68,Apple Pay
203129,2025-08-24,696,Paid Search,Desktop,US,114.34,0.0,0.0,114.34,Shop Pay
203130,2025-11-19,13672,Paid Social,Mobile,AU,55.39,7.41,0.0,62.8,PayPal
203131,2025-12-27,13603,Email,Mobile,AU,57.15,5.56,2.15,60.56,Apple Pay
203132,2025-10-19,1727,Paid Social,Desktop,AU,146.52,0.0,0.0,146.52,PayPal
203133,2026-02-10,3417,Paid Social,Desktop,CA,88.08,0.0,0.0,88.08,PayPal
203134,2025-10-15,12246,Direct,Desktop,AU,130.48,0.0,0.0,130.48,Shop Pay
203135,2025-09-21,13504,Organic Search,Mobile,UK,90.66,0.0,10.01,80.64,Apple Pay
203136,2026-02-06,5317,Direct,Desktop,CA,193.47,0.0,0.0,193.47,PayPal
203137,2026-01-07,10568,Paid Search,Mobile,UK,78.45,0.0,2.62,75.83,PayPal
203138,2025-08-23,11505,Paid Social,Desktop,AU,44.06,5.68,0.0,49.74,Shop Pay
203139,2026-01-22,4874,Organic Search,Desktop,US,191.11,0.0,19.6,171.51,Shop Pay
203140,2025-12-12,235,Email,Mobile,AU,99.84,0.0,0.0,99.84,Credit Card
203141,2025-09-20,488,Direct,Desktop,AU,288.25,0.0,15.57,272.69,Credit Card
203142,2025-09-13,5931,Paid Search,Desktop,US,47.48,0.0,0.0,47.48,Shop Pay
203143,2025-11-25,3970,Email,Desktop,DE,239.87,0.0,16.38,223.49,PayPal
203144,2025-10-21,9251,Paid Search,Desktop,CA,79.42,0.0,0.0,79.42,Apple Pay
203145,2025-12-30,17892,Paid Search,Desktop,US,74.07,0.0,4.5,69.57,Shop Pay
203146,2025-10-25,1576,Direct,Desktop,UK,340.45,0.0,0.0,340.45,Credit Card
203147,2026-01-16,7118,Email,Desktop,CA,216.39,0.0,0.0,216.39,Apple Pay
203148,2025-10-15,15720,Direct,Mobile,UK,123.9,0.0,0.0,123.9,Credit Card
203149,2025-11-16,7526,Direct,Mobile,AU,48.19,7.95,0.0,56.14,Shop Pay
203150,2025-09-02,17957,Organic Search,Desktop,CA,152.94,0.0,0.0,152.94,PayPal
203151,2025-11-16,11969,Email,Desktop,CA,221.13,0.0,0.0,221.13,Apple Pay
203152,2026-02-06,898,Paid Search,Mobile,CA,137.76,0.0,0.0,137.76,Apple Pay
203153,2025-10-06,6117,Organic Search,Mobile,US,246.67,0.0,0.0,246.67,PayPal
203154,2025-11-24,11813,Direct,Mobile,US,41.03,5.83,3.35,43.5,Credit Card
203155,2025-09-04,8711,Paid Social,Desktop,CA,127.05,0.0,0.0,127.05,Apple Pay
203156,2026-01-11,13414,Direct,Mobile,UK,189.33,0.0,0.0,189.33,Apple Pay
203157,2025-09-27,5454,Paid Social,Desktop,CA,168.44,0.0,13.87,154.57,Apple Pay
203158,2025-08-17,5056,Paid Social,Mobile,DE,159.74,0.0,12.17,147.57,Apple Pay
203159,2025-12-04,837,Organic Search,Desktop,UK,297.53,0.0,0.0,297.53,Shop Pay
203160,2025-08-19,6399,Direct,Mobile,DE,43.77,6.56,0.0,50.32,PayPal
203161,2025-11-10,3704,Email,Desktop,DE,148.34,0.0,0.0,148.34,Shop Pay
203162,2025-09-30,14527,Organic Search,Mobile,CA,125.46,0.0,4.37,121.09,PayPal
203163,2025-12-26,5852,Email,Mobile,US,70.5,0.0,0.0,70.5,PayPal
203164,2025-08-30,5236,Organic Search,Mobile,UK,165.16,0.0,0.0,165.16,Shop Pay
203165,2025-10-09,15962,Organic Search,Desktop,CA,166.39,0.0,0.0,166.39,Apple Pay
203166,2025-12-30,9524,Paid Social,Mobile,UK,38.22,0.0,0.0,38.22,Apple Pay
203167,2025-12-19,11728,Paid Social,Mobile,US,80.22,0.0,0.0,80.22,Shop Pay
203168,2026-01-31,7814,Email,Mobile,CA,198.62,0.0,0.0,198.62,Apple Pay
203169,2025-09-23,15159,Paid Social,Desktop,US,95.71,0.0,0.0,95.71,Apple Pay
203170,2025-08-26,3056,Organic Search,Desktop,US,93.79,0.0,3.42,90.37,PayPal
203171,2025-10-26,16604,Paid Social,Mobile,US,150.24,0.0,14.32,135.92,Credit Card
203172,2026-01-22,16581,Email,Mobile,UK,87.54,0.0,0.0,87.54,PayPal
203173,2026-01-01,16768,Direct,Desktop,UK,26.56,4.99,0.0,31.55,Shop Pay
203174,2026-01-10,3760,Email,Desktop,DE,49.69,5.59,0.0,55.27,Shop Pay
203175,2025-12-03,8125,Paid Social,Mobile,US,49.15,7.6,0.0,56.75,PayPal
203176,2025-09-12,11327,Paid Social,Desktop,AU,153.51,0.0,0.0,153.51,Apple Pay
203177,2025-10-21,3566,Organic Search,Mobile,UK,237.85,0.0,0.0,237.85,Shop Pay
203178,2026-02-09,8332,Organic Search,Desktop,UK,229.92,0.0,0.0,229.92,Shop Pay
203179,2026-01-30,5981,Direct,Desktop,DE,278.28,0.0,0.0,278.28,Credit Card
203180,2026-01-21,1947,Paid Search,Mobile,UK,185.51,0.0,0.0,185.51,PayPal
203181,2025-08-17,14265,Direct,Desktop,DE,122.24,0.0,0.0,122.24,Shop Pay
203182,2025-08-27,3151,Email,Desktop,UK,234.47,0.0,0.0,234.47,PayPal
203183,2025-12-23,4169,Paid Social,Desktop,DE,56.64,0.0,4.15,52.49,Credit Card
203184,2025-10-12,2555,Direct,Desktop,AU,191.08,0.0,0.0,191.08,Apple Pay
203185,2025-10-17,16855,Email,Desktop,CA,320.97,0.0,21.57,299.4,Credit Card
203186,2025-09-20,1507,Direct,Mobile,AU,175.97,0.0,14.45,161.52,Shop Pay
203187,2025-09-10,17038,Paid Search,Mobile,UK,154.57,0.0,0.0,154.57,Credit Card
203188,2025-10-02,11623,Paid Social,Desktop,AU,103.74,0.0,10.88,92.86,Credit Card
203189,2025-08-24,6718,Paid Social,Desktop,UK,42.46,7.34,3.23,46.56,Shop Pay
203190,2025-09-02,2922,Paid Search,Mobile,UK,73.48,0.0,5.83,67.66,Shop Pay
203191,2025-09-30,6824,Paid Social,Desktop,AU,166.8,0.0,0.0,166.8,Shop Pay
203192,2026-02-06,9496,Organic Search,Desktop,US,33.08,5.98,0.0,39.06,Credit Card
203193,2025-11-29,8324,Paid Social,Mobile,DE,153.87,0.0,0.0,153.87,Apple Pay
203194,2026-01-17,12528,Paid Social,Mobile,CA,148.15,0.0,0.0,148.15,PayPal
203195,2025-10-14,73,Paid Social,Mobile,AU,181.93,0.0,0.0,181.93,Credit Card
203196,2025-11-09,11579,Organic Search,Desktop,US,63.47,0.0,7.39,56.08,PayPal
203197,2025-09-02,1633,Direct,Desktop,DE,174.34,0.0,0.0,174.34,Apple Pay
203198,2026-01-30,12823,Paid Social,Desktop,US,115.32,0.0,0.0,115.32,Credit Card
203199,2026-01-28,5150,Email,Mobile,AU,165.65,0.0,0.0,165.65,Credit Card
203200,2025-11-24,12708,Paid Social,Mobile,US,247.56,0.0,0.0,247.56,Credit Card
203201,2026-01-30,11048,Direct,Desktop,DE,230.8,0.0,26.17,204.63,Apple Pay
203202,2025-09-15,16834,Email,Desktop,UK,172.09,0.0,0.0,172.09,Credit Card
203203,2025-12-14,16238,Direct,Mobile,DE,240.89,0.0,8.98,231.91,Credit Card
203204,2025-12-08,6473,Paid Social,Mobile,CA,287.0,0.0,10.64,276.36,Apple Pay
203205,2025-12-10,12101,Paid Social,Desktop,UK,211.41,0.0,21.56,189.85,Shop Pay
203206,2025-08-31,7912,Paid Search,Mobile,CA,18.9,5.79,0.0,24.69,PayPal
203207,2026-01-10,10100,Email,Desktop,DE,46.75,6.81,0.0,53.56,Credit Card
203208,2026-02-07,9033,Direct,Mobile,AU,25.99,5.09,2.85,28.23,Apple Pay
203209,2025-10-08,17743,Organic Search,Desktop,US,215.91,0.0,13.96,201.95,Shop Pay
203210,2026-01-24,3517,Email,Mobile,US,24.95,6.55,0.0,31.5,Shop Pay
203211,2025-09-30,14943,Direct,Desktop,US,135.87,0.0,4.97,130.89,Shop Pay
203212,2025-10-22,3091,Organic Search,Desktop,UK,183.18,0.0,0.0,183.18,Credit Card
203213,2025-09-24,4914,Email,Desktop,UK,76.38,0.0,5.89,70.5,PayPal
203214,2025-12-25,15346,Organic Search,Desktop,US,145.02,0.0,0.0,145.02,Shop Pay
203215,2025-12-22,16684,Paid Search,Desktop,DE,153.25,0.0,4.98,148.27,Credit Card
203216,2025-10-30,14658,Direct,Mobile,DE,52.39,0.0,6.23,46.16,PayPal
203217,2026-01-19,18,Paid Social,Mobile,CA,93.0,0.0,0.0,93.0,Credit Card
203218,2026-02-10,12117,Email,Mobile,AU,30.6,7.35,0.0,37.95,Shop Pay
203219,2025-10-19,7107,Paid Social,Mobile,CA,27.87,5.39,1.98,31.29,Shop Pay
203220,2026-01-25,17818,Organic Search,Mobile,CA,304.11,0.0,0.0,304.11,Apple Pay
203221,2025-08-25,17818,Email,Desktop,DE,222.8,0.0,21.61,201.19,Shop Pay
203222,2025-10-10,17862,Organic Search,Mobile,DE,47.84,7.41,0.0,55.25,PayPal
203223,2025-10-26,3173,Direct,Desktop,CA,159.8,0.0,10.83,148.96,Credit Card
203224,2025-11-28,1546,Email,Desktop,US,40.22,0.0,0.0,40.22,Shop Pay
203225,2025-10-09,10909,Paid Search,Desktop,UK,220.56,0.0,0.0,220.56,Apple Pay
203226,2026-01-27,15159,Paid Social,Mobile,DE,275.62,0.0,17.86,257.77,Shop Pay
203227,2025-08-17,4204,Organic Search,Mobile,US,115.73,0.0,13.39,102.34,Shop Pay
203228,2025-11-11,11895,Email,Desktop,CA,136.85,0.0,0.0,136.85,Apple Pay
203229,2025-08-25,9954,Paid Social,Desktop,UK,148.47,0.0,0.0,148.47,PayPal
203230,2026-01-26,12478,Organic Search,Mobile,AU,122.51,0.0,0.0,122.51,Credit Card
203231,2025-12-30,14317,Paid Search,Desktop,DE,156.44,0.0,0.0,156.44,Shop Pay
203232,2025-12-22,4845,Email,Mobile,CA,112.19,0.0,0.0,112.19,Apple Pay
203233,2025-11-19,4616,Direct,Mobile,US,319.22,0.0,24.23,294.99,Apple Pay
203234,2025-10-07,11018,Direct,Desktop,DE,260.63,0.0,0.0,260.63,Apple Pay
203235,2025-11-24,10419,Paid Social,Mobile,UK,166.35,0.0,0.0,166.35,Credit Card
203236,2025-08-18,6305,Email,Desktop,AU,51.55,0.0,0.0,51.55,PayPal
203237,2026-01-05,17538,Direct,Mobile,DE,82.42,0.0,6.51,75.91,Shop Pay
203238,2025-08-25,5060,Paid Search,Mobile,DE,20.1,7.82,0.0,27.92,Credit Card
203239,2025-11-14,4006,Paid Search,Desktop,DE,11.69,7.02,0.79,17.93,Credit Card
203240,2025-12-09,16875,Paid Search,Mobile,CA,96.11,0.0,0.0,96.11,PayPal
203241,2026-01-29,2815,Paid Search,Desktop,AU,24.53,5.94,0.0,30.47,PayPal
203242,2026-01-13,10460,Paid Social,Mobile,UK,44.33,6.37,0.0,50.71,Apple Pay
203243,2025-08-16,8904,Direct,Desktop,UK,370.56,0.0,35.82,334.74,Credit Card
203244,2025-08-20,1115,Paid Search,Mobile,US,70.92,0.0,0.0,70.92,Shop Pay
203245,2026-01-28,13537,Email,Desktop,UK,143.37,0.0,10.02,133.35,Apple Pay
203246,2025-08-15,5431,Email,Mobile,DE,82.59,0.0,0.0,82.59,Credit Card
203247,2025-08-31,10388,Organic Search,Mobile,DE,119.11,0.0,0.0,119.11,Shop Pay
203248,2025-11-14,528,Organic Search,Desktop,CA,238.03,0.0,0.0,238.03,Shop Pay
203249,2025-12-09,6130,Direct,Mobile,CA,58.86,0.0,0.0,58.86,Credit Card
203250,2025-11-10,6748,Direct,Desktop,DE,132.52,0.0,0.0,132.52,Credit Card
203251,2025-09-03,2036,Paid Social,Mobile,CA,119.28,0.0,0.0,119.28,PayPal
203252,2025-09-11,9298,Organic Search,Mobile,US,207.75,0.0,0.0,207.75,Shop Pay
203253,2026-01-13,12971,Email,Desktop,US,290.42,0.0,0.0,290.42,Shop Pay
203254,2025-10-25,7422,Paid Search,Desktop,US,128.48,0.0,0.0,128.48,PayPal
203255,2026-01-27,15282,Paid Search,Desktop,US,60.53,0.0,0.0,60.53,Credit Card
203256,2025-12-10,13136,Organic Search,Mobile,UK,226.3,0.0,18.19,208.11,Apple Pay
203257,2025-11-19,16237,Paid Social,Mobile,AU,74.06,0.0,0.0,74.06,Shop Pay
203258,2026-02-03,8237,Organic Search,Mobile,AU,113.65,0.0,7.31,106.35,PayPal
203259,2025-08-28,16644,Organic Search,Mobile,US,185.56,0.0,0.0,185.56,Apple Pay
203260,2025-11-04,5194,Organic Search,Mobile,AU,211.42,0.0,18.97,192.45,Credit Card
203261,2026-02-02,5727,Email,Mobile,CA,119.18,0.0,6.68,112.5,Shop Pay
203262,2025-12-22,15596,Direct,Desktop,US,47.86,0.0,5.07,42.79,Credit Card
203263,2025-10-11,10591,Paid Social,Desktop,UK,126.86,0.0,6.28,120.58,PayPal
203264,2026-02-04,618,Organic Search,Mobile,UK,168.06,0.0,13.95,154.11,Credit Card
203265,2025-12-16,15877,Email,Desktop,US,268.35,0.0,0.0,268.35,Shop Pay
203266,2025-12-25,4395,Paid Search,Mobile,CA,95.36,0.0,4.09,91.27,Credit Card
203267,2026-01-04,14889,Organic Search,Desktop,UK,222.94,0.0,19.3,203.64,Apple Pay
203268,2025-09-13,9511,Paid Search,Desktop,CA,114.87,0.0,0.0,114.87,Apple Pay
203269,2026-01-27,2614,Direct,Desktop,DE,258.93,0.0,30.12,228.81,PayPal
203270,2025-08-22,12800,Paid Search,Mobile,UK,34.55,6.75,0.0,41.3,PayPal
203271,2025-10-21,13386,Direct,Desktop,US,122.58,0.0,0.0,122.58,PayPal
203272,2026-01-13,15984,Organic Search,Desktop,UK,168.08,0.0,0.0,168.08,Credit Card
203273,2025-10-17,9119,Organic Search,Mobile,UK,144.55,0.0,0.0,144.55,Shop Pay
203274,2025-11-16,7443,Paid Search,Desktop,AU,11.74,6.35,0.44,17.65,Shop Pay
203275,2026-02-08,2168,Organic Search,Mobile,AU,222.18,0.0,0.0,222.18,Shop Pay
203276,2025-09-06,549,Email,Desktop,DE,317.98,0.0,0.0,317.98,Shop Pay
203277,2025-09-21,17388,Organic Search,Mobile,UK,190.53,0.0,19.03,171.5,Apple Pay
203278,2025-12-12,13040,Paid Search,Desktop,UK,305.43,0.0,0.0,305.43,Apple Pay
203279,2025-10-10,11893,Paid Social,Desktop,US,132.83,0.0,6.4,126.43,PayPal
203280,2025-09-11,6586,Paid Search,Desktop,DE,84.31,0.0,0.0,84.31,Apple Pay
203281,2025-09-28,9806,Organic Search,Mobile,US,134.34,0.0,0.0,134.34,Credit Card
203282,2025-08-22,6050,Organic Search,Desktop,AU,127.2,0.0,0.0,127.2,Credit Card
203283,2025-12-13,3632,Email,Mobile,CA,30.8,7.46,3.29,34.97,Credit Card
203284,2026-01-08,4536,Paid Social,Mobile,CA,72.34,0.0,5.2,67.14,PayPal
203285,2025-09-15,16731,Email,Mobile,US,61.38,0.0,0.0,61.38,Apple Pay
203286,2025-09-10,16530,Paid Social,Mobile,CA,67.83,0.0,6.07,61.75,Credit Card
203287,2025-10-12,5736,Organic Search,Desktop,UK,103.17,0.0,0.0,103.17,Shop Pay
203288,2025-10-18,12482,Paid Social,Mobile,CA,166.14,0.0,0.0,166.14,Credit Card
203289,2025-09-16,2905,Paid Search,Mobile,DE,139.07,0.0,14.71,124.36,Credit Card
203290,2026-01-12,8893,Direct,Desktop,CA,144.15,0.0,14.26,129.89,Apple Pay
203291,2025-10-16,13061,Direct,Desktop,DE,98.49,0.0,7.36,91.13,PayPal
203292,2026-01-11,16554,Paid Search,Mobile,DE,150.25,0.0,0.0,150.25,PayPal
203293,2026-01-31,12815,Organic Search,Desktop,UK,117.31,0.0,0.0,117.31,Apple Pay
203294,2025-10-14,12862,Paid Social,Mobile,AU,211.16,0.0,0.0,211.16,PayPal
203295,2026-01-09,2256,Paid Social,Mobile,UK,120.81,0.0,0.0,120.81,Shop Pay
203296,2025-09-10,3954,Paid Search,Mobile,US,183.29,0.0,0.0,183.29,PayPal
203297,2025-10-10,15910,Direct,Mobile,US,215.12,0.0,21.69,193.43,PayPal
203298,2025-11-24,9106,Organic Search,Mobile,CA,154.61,0.0,0.0,154.61,PayPal
203299,2025-11-27,10881,Email,Desktop,CA,198.6,0.0,0.0,198.6,Shop Pay
203300,2025-10-23,12393,Organic Search,Mobile,US,222.85,0.0,0.0,222.85,PayPal
203301,2025-11-02,10394,Paid Search,Mobile,DE,115.54,0.0,0.0,115.54,Credit Card
203302,2026-01-19,162,Paid Social,Mobile,US,151.8,0.0,0.0,151.8,Credit Card
203303,2026-01-17,6481,Organic Search,Desktop,US,91.81,0.0,0.0,91.81,PayPal
203304,2025-09-13,16835,Email,Desktop,AU,122.64,0.0,0.0,122.64,Apple Pay
203305,2025-08-15,2702,Email,Mobile,CA,19.47,7.96,0.0,27.43,PayPal
203306,2026-02-05,4922,Paid Search,Desktop,DE,55.02,0.0,0.0,55.02,Credit Card
203307,2026-02-03,5535,Paid Social,Mobile,CA,278.63,0.0,0.0,278.63,PayPal
203308,2025-09-10,16280,Paid Social,Mobile,CA,93.83,0.0,6.3,87.52,Credit Card
203309,2025-10-13,13568,Paid Social,Desktop,CA,103.64,0.0,0.0,103.64,Apple Pay
203310,2025-12-30,10127,Email,Desktop,US,138.62,0.0,0.0,138.62,Credit Card
203311,2025-09-02,13309,Organic Search,Desktop,AU,199.3,0.0,14.98,184.32,Shop Pay
203312,2025-12-06,6057,Paid Search,Mobile,AU,104.01,0.0,0.0,104.01,Apple Pay
203313,2026-01-10,8185,Paid Social,Desktop,DE,55.51,0.0,2.77,52.74,PayPal
203314,2025-12-02,16363,Direct,Mobile,DE,131.55,0.0,0.0,131.55,Apple Pay
203315,2026-02-04,7064,Direct,Mobile,UK,12.84,6.24,0.52,18.55,Apple Pay
203316,2025-11-12,3330,Email,Mobile,AU,122.46,0.0,10.07,112.39,Shop Pay
203317,2025-10-27,14079,Direct,Desktop,DE,30.99,6.69,2.6,35.08,Apple Pay
203318,2026-01-10,8888,Email,Mobile,AU,46.73,0.0,4.21,42.51,Apple Pay
203319,2026-02-04,6373,Email,Desktop,CA,221.68,0.0,18.03,203.66,Credit Card
203320,2026-01-09,11619,Organic Search,Desktop,AU,14.04,5.11,0.0,19.14,Shop Pay
203321,2025-11-06,5365,Organic Search,Desktop,UK,165.25,0.0,15.33,149.92,PayPal
203322,2026-01-14,8477,Paid Social,Desktop,DE,204.53,0.0,0.0,204.53,PayPal
203323,2026-01-02,8784,Organic Search,Mobile,UK,191.34,0.0,16.83,174.51,Credit Card
203324,2026-01-14,6248,Email,Desktop,AU,94.8,0.0,8.09,86.71,Shop Pay
203325,2026-01-09,11740,Organic Search,Mobile,DE,171.69,0.0,0.0,171.69,PayPal
203326,2025-10-26,6468,Direct,Desktop,AU,111.46,0.0,11.35,100.11,Apple Pay
203327,2025-08-24,14108,Paid Social,Mobile,AU,112.67,0.0,7.83,104.84,Credit Card
203328,2025-08-30,8098,Direct,Mobile,UK,264.73,0.0,26.68,238.06,Apple Pay
203329,2025-11-02,11387,Organic Search,Mobile,CA,51.91,6.45,2.48,55.89,Apple Pay
203330,2025-10-05,8315,Paid Search,Mobile,CA,245.79,0.0,24.01,221.78,Apple Pay
203331,2025-08-30,7086,Direct,Desktop,US,76.69,0.0,0.0,76.69,Shop Pay
203332,2025-10-01,16818,Email,Mobile,CA,200.23,0.0,6.17,194.06,Credit Card
203333,2025-11-09,15990,Paid Social,Mobile,DE,238.54,0.0,0.0,238.54,Shop Pay
203334,2025-09-01,10661,Organic Search,Mobile,CA,136.3,0.0,11.05,125.24,Apple Pay
203335,2025-12-18,16106,Paid Social,Mobile,UK,196.63,0.0,8.85,187.78,Credit Card
203336,2026-01-25,4482,Email,Mobile,AU,106.35,0.0,0.0,106.35,Credit Card
203337,2025-08-24,10259,Direct,Mobile,DE,158.75,0.0,0.0,158.75,Shop Pay
203338,2025-11-24,13324,Direct,Mobile,US,60.37,0.0,0.0,60.37,Credit Card
203339,2025-09-05,1315,Paid Social,Mobile,UK,31.98,6.18,1.15,37.0,Apple Pay
203340,2025-08-24,5243,Paid Social,Mobile,AU,311.24,0.0,10.43,300.81,Shop Pay
203341,2025-12-04,8167,Paid Search,Desktop,UK,310.43,0.0,21.31,289.13,Credit Card
203342,2025-09-29,14292,Paid Social,Desktop,AU,12.58,5.34,0.0,17.92,Apple Pay
203343,2025-09-21,9186,Organic Search,Mobile,UK,40.81,7.39,0.0,48.2,Credit Card
203344,2026-02-09,936,Paid Search,Desktop,US,177.37,0.0,0.0,177.37,Credit Card
203345,2025-11-26,7012,Email,Mobile,UK,85.72,0.0,0.0,85.72,Shop Pay
203346,2025-10-03,5855,Paid Search,Desktop,DE,313.4,0.0,0.0,313.4,Shop Pay
203347,2025-09-17,13285,Email,Mobile,AU,156.93,0.0,0.0,156.93,PayPal
203348,2026-02-08,8308,Paid Social,Desktop,AU,120.42,0.0,0.0,120.42,Shop Pay
203349,2026-01-10,1618,Paid Social,Desktop,CA,25.04,5.38,0.0,30.42,PayPal
203350,2026-01-11,13459,Email,Mobile,AU,127.09,0.0,0.0,127.09,Credit Card
203351,2025-09-01,13593,Paid Search,Mobile,UK,204.67,0.0,13.38,191.3,Apple Pay
203352,2025-10-04,4220,Paid Search,Desktop,DE,47.29,6.37,0.0,53.66,Credit Card
203353,2025-08-15,12815,Organic Search,Mobile,CA,165.54,0.0,0.0,165.54,PayPal
203354,2025-12-13,9267,Email,Mobile,US,137.48,0.0,0.0,137.48,Credit Card
203355,2025-10-14,10728,Organic Search,Desktop,UK,208.61,0.0,18.05,190.56,Credit Card
203356,2025-09-23,6721,Email,Mobile,US,154.97,0.0,0.0,154.97,Credit Card
203357,2025-08-22,4173,Paid Social,Mobile,CA,159.7,0.0,0.0,159.7,Credit Card
203358,2025-09-15,6429,Paid Search,Desktop,AU,61.63,0.0,0.0,61.63,Apple Pay
203359,2026-01-29,1714,Paid Social,Mobile,CA,112.23,0.0,0.0,112.23,Apple Pay
203360,2025-10-17,14869,Email,Desktop,CA,9.02,5.34,0.0,14.37,Shop Pay
203361,2025-09-08,2723,Organic Search,Desktop,UK,152.54,0.0,0.0,152.54,Shop Pay
203362,2025-09-03,12139,Paid Social,Mobile,UK,139.19,0.0,10.14,129.05,Credit Card
203363,2025-12-02,7505,Paid Social,Desktop,CA,269.7,0.0,11.27,258.43,Apple Pay
203364,2025-08-28,10157,Organic Search,Desktop,US,118.82,0.0,0.0,118.82,PayPal
203365,2025-11-12,11007,Email,Mobile,DE,38.86,6.1,4.42,40.53,Apple Pay
203366,2025-12-07,16778,Direct,Desktop,DE,120.82,0.0,0.0,120.82,Shop Pay
203367,2026-01-22,6063,Paid Search,Mobile,UK,163.79,0.0,0.0,163.79,Apple Pay
203368,2026-01-13,11821,Direct,Mobile,CA,153.64,0.0,0.0,153.64,Apple Pay
203369,2025-09-14,15724,Paid Social,Desktop,AU,100.2,0.0,6.75,93.45,Credit Card
203370,2025-09-21,5422,Paid Social,Mobile,DE,111.28,0.0,12.08,99.19,Credit Card
203371,2025-12-22,2992,Email,Mobile,US,79.59,0.0,0.0,79.59,PayPal
203372,2025-10-22,15785,Direct,Desktop,US,86.75,0.0,10.18,76.57,Shop Pay
203373,2026-01-01,2457,Paid Search,Mobile,US,268.38,0.0,25.9,242.48,PayPal
203374,2025-08-19,11682,Email,Mobile,CA,85.12,0.0,6.69,78.43,PayPal
203375,2026-01-26,15574,Paid Social,Mobile,AU,71.63,0.0,0.0,71.63,PayPal
203376,2025-08-21,9870,Organic Search,Desktop,US,72.85,0.0,0.0,72.85,Apple Pay
203377,2025-12-06,6164,Email,Desktop,AU,128.07,0.0,9.65,118.42,Shop Pay
203378,2025-08-27,8617,Direct,Mobile,AU,95.14,0.0,0.0,95.14,PayPal
203379,2025-08-16,10907,Email,Desktop,UK,106.78,0.0,8.84,97.94,PayPal
203380,2025-11-18,14978,Organic Search,Mobile,AU,283.14,0.0,0.0,283.14,Apple Pay
203381,2025-12-17,11679,Organic Search,Desktop,AU,124.44,0.0,0.0,124.44,PayPal
203382,2025-08-17,10595,Paid Social,Mobile,AU,195.65,0.0,0.0,195.65,Apple Pay
203383,2026-02-02,17044,Direct,Mobile,AU,149.46,0.0,0.0,149.46,Credit Card
203384,2025-11-20,8867,Organic Search,Desktop,CA,161.28,0.0,0.0,161.28,Apple Pay
203385,2025-11-01,10033,Direct,Mobile,UK,62.94,0.0,0.0,62.94,Credit Card
203386,2026-01-19,8357,Email,Mobile,DE,23.49,7.07,0.0,30.56,PayPal
203387,2025-10-07,5559,Direct,Desktop,UK,9.43,6.39,0.98,14.85,PayPal
203388,2026-01-27,7849,Paid Social,Mobile,DE,196.76,0.0,0.0,196.76,Apple Pay
203389,2025-12-17,5967,Direct,Desktop,AU,59.06,6.41,5.11,60.35,Shop Pay
203390,2025-10-21,12355,Email,Mobile,AU,241.25,0.0,0.0,241.25,Shop Pay
203391,2026-02-09,9019,Direct,Desktop,CA,144.32,0.0,0.0,144.32,Apple Pay
203392,2025-09-17,17326,Organic Search,Mobile,CA,26.88,5.6,0.93,31.54,Shop Pay
203393,2025-11-01,1416,Direct,Mobile,CA,239.09,0.0,0.0,239.09,Shop Pay
203394,2025-12-01,5324,Direct,Mobile,UK,9.37,6.09,0.0,15.46,PayPal
203395,2025-10-01,15973,Email,Desktop,US,214.77,0.0,7.08,207.69,PayPal
203396,2025-09-03,17430,Organic Search,Desktop,UK,154.86,0.0,0.0,154.86,Shop Pay
203397,2025-10-07,4617,Direct,Desktop,CA,226.3,0.0,10.14,216.16,Shop Pay
203398,2025-11-06,11567,Paid Social,Mobile,AU,314.81,0.0,25.88,288.94,Shop Pay
203399,2025-09-04,5788,Paid Social,Desktop,US,184.51,0.0,0.0,184.51,Credit Card
203400,2025-09-05,10108,Paid Social,Desktop,US,79.66,0.0,0.0,79.66,Credit Card
203401,2025-12-04,5439,Direct,Desktop,US,133.14,0.0,0.0,133.14,PayPal
203402,2025-08-18,1490,Email,Desktop,DE,65.79,0.0,5.01,60.77,PayPal
203403,2025-09-16,1028,Email,Desktop,DE,143.11,0.0,0.0,143.11,Credit Card
203404,2025-12-05,14668,Direct,Mobile,US,53.83,5.31,0.0,59.14,Shop Pay
203405,2025-09-19,3383,Email,Desktop,UK,114.92,0.0,0.0,114.92,Apple Pay
203406,2025-12-07,4602,Paid Search,Desktop,DE,186.71,0.0,11.13,175.58,Shop Pay
203407,2025-09-05,14868,Organic Search,Desktop,US,23.8,6.3,0.0,30.1,Shop Pay
203408,2025-10-31,4512,Organic Search,Desktop,DE,129.09,0.0,15.02,114.07,Credit Card
203409,2025-08-25,5617,Paid Search,Mobile,DE,269.91,0.0,19.28,250.63,Credit Card
203410,2025-11-28,14759,Organic Search,Mobile,US,45.01,5.28,0.0,50.29,PayPal
203411,2026-01-15,12042,Organic Search,Desktop,AU,42.2,0.0,2.99,39.21,PayPal
203412,2025-11-01,10048,Paid Social,Desktop,UK,150.7,0.0,0.0,150.7,PayPal
203413,2025-12-21,1791,Paid Social,Mobile,UK,212.68,0.0,17.89,194.79,Apple Pay
203414,2026-02-07,6104,Paid Social,Mobile,CA,127.03,0.0,14.16,112.87,Apple Pay
203415,2026-01-06,10903,Email,Mobile,DE,140.21,0.0,12.76,127.45,Apple Pay
203416,2025-12-18,13325,Paid Search,Mobile,AU,150.69,0.0,0.0,150.69,Shop Pay
203417,2025-12-13,11574,Paid Search,Desktop,CA,231.46,0.0,0.0,231.46,Shop Pay
203418,2025-11-15,8292,Direct,Desktop,US,88.86,0.0,0.0,88.86,Credit Card
203419,2025-09-21,16526,Direct,Desktop,US,285.62,0.0,0.0,285.62,PayPal
203420,2025-12-01,16416,Email,Mobile,UK,99.09,0.0,10.37,88.72,Apple Pay
203421,2025-08-31,9617,Direct,Mobile,UK,122.88,0.0,0.0,122.88,Credit Card
203422,2025-11-08,8353,Email,Desktop,DE,105.79,0.0,0.0,105.79,Apple Pay
203423,2025-12-29,16926,Paid Search,Desktop,AU,116.55,0.0,0.0,116.55,Apple Pay
203424,2025-09-03,17747,Paid Search,Mobile,AU,221.0,0.0,19.42,201.58,PayPal
203425,2025-12-02,4782,Direct,Desktop,AU,171.91,0.0,0.0,171.91,Shop Pay
203426,2025-10-09,8992,Paid Search,Desktop,CA,121.72,0.0,0.0,121.72,Shop Pay
203427,2025-12-11,10512,Organic Search,Desktop,US,139.57,0.0,12.58,126.99,Apple Pay
203428,2025-09-29,7960,Paid Search,Mobile,US,213.02,0.0,7.66,205.37,Credit Card
203429,2025-12-18,14657,Direct,Desktop,DE,183.96,0.0,18.17,165.79,Shop Pay
203430,2025-11-22,6117,Paid Search,Desktop,CA,125.66,0.0,0.0,125.66,PayPal
203431,2025-10-20,13032,Paid Social,Desktop,UK,77.31,0.0,0.0,77.31,Apple Pay
203432,2025-11-14,6905,Direct,Desktop,CA,60.67,0.0,0.0,60.67,Credit Card
203433,2025-09-20,1744,Paid Search,Desktop,UK,50.04,0.0,0.0,50.04,Shop Pay
203434,2025-11-25,4632,Paid Search,Desktop,AU,227.14,0.0,14.11,213.03,Shop Pay
203435,2025-10-04,9228,Direct,Desktop,CA,52.46,0.0,0.0,52.46,Credit Card
203436,2025-11-14,14234,Email,Mobile,DE,103.6,0.0,4.98,98.62,Shop Pay
203437,2026-01-16,2061,Paid Search,Desktop,AU,178.62,0.0,0.0,178.62,PayPal
203438,2025-12-29,11884,Paid Social,Mobile,DE,232.1,0.0,0.0,232.1,Credit Card
203439,2026-01-15,9100,Email,Desktop,CA,175.52,0.0,0.0,175.52,Shop Pay
203440,2025-09-13,5398,Direct,Desktop,US,99.03,0.0,0.0,99.03,Apple Pay
203441,2026-02-06,6419,Paid Social,Desktop,UK,121.87,0.0,0.0,121.87,Apple Pay
203442,2025-08-26,17874,Direct,Mobile,US,83.18,0.0,0.0,83.18,Apple Pay
203443,2025-12-01,11951,Direct,Desktop,AU,279.43,0.0,0.0,279.43,Credit Card
203444,2025-10-17,17691,Paid Social,Desktop,DE,151.32,0.0,0.0,151.32,Credit Card
203445,2025-12-27,8176,Email,Desktop,AU,183.79,0.0,0.0,183.79,Credit Card
203446,2025-12-03,1659,Organic Search,Mobile,AU,166.84,0.0,6.39,160.45,PayPal
203447,2026-01-29,17076,Direct,Desktop,AU,144.24,0.0,0.0,144.24,Credit Card
203448,2025-11-12,2170,Email,Mobile,AU,52.12,5.95,0.0,58.06,Apple Pay
203449,2025-12-06,12308,Email,Mobile,DE,224.7,0.0,0.0,224.7,Credit Card
203450,2026-01-08,11060,Paid Search,Desktop,US,50.31,0.0,0.0,50.31,Shop Pay
203451,2026-01-12,13688,Organic Search,Mobile,US,61.72,0.0,5.39,56.34,Apple Pay
203452,2025-09-09,6646,Organic Search,Mobile,CA,96.71,0.0,0.0,96.71,PayPal
203453,2025-09-16,12591,Paid Search,Desktop,DE,326.16,0.0,0.0,326.16,Apple Pay
203454,2025-12-16,10623,Organic Search,Desktop,UK,43.3,7.41,5.06,45.64,Shop Pay
203455,2026-01-25,8433,Direct,Desktop,AU,133.91,0.0,7.29,126.62,Apple Pay
203456,2025-12-26,13485,Direct,Mobile,US,114.74,0.0,8.96,105.78,Credit Card
203457,2025-08-18,2695,Direct,Desktop,AU,299.09,0.0,0.0,299.09,Credit Card
203458,2026-01-27,3353,Paid Search,Desktop,DE,342.16,0.0,11.05,331.11,Apple Pay
203459,2026-01-07,4981,Email,Mobile,DE,64.2,0.0,0.0,64.2,Shop Pay
203460,2025-11-23,16745,Email,Desktop,AU,161.84,0.0,0.0,161.84,PayPal
203461,2025-09-27,71,Email,Mobile,DE,85.22,0.0,3.12,82.09,Apple Pay
203462,2025-08-20,3585,Direct,Mobile,CA,258.29,0.0,25.22,233.07,Apple Pay
203463,2025-09-21,9820,Direct,Desktop,CA,131.21,0.0,0.0,131.21,Shop Pay
203464,2025-09-12,15137,Direct,Desktop,DE,144.1,0.0,0.0,144.1,Credit Card
203465,2026-01-21,13674,Paid Social,Mobile,US,19.57,5.27,0.87,23.97,PayPal
203466,2025-12-23,9586,Organic Search,Mobile,DE,240.92,0.0,25.97,214.94,PayPal
203467,2025-10-19,161,Paid Search,Desktop,CA,102.62,0.0,6.97,95.65,PayPal
203468,2025-12-07,13525,Email,Mobile,US,141.02,0.0,0.0,141.02,PayPal
203469,2025-12-09,10345,Email,Mobile,CA,235.36,0.0,0.0,235.36,Apple Pay
203470,2025-10-14,10568,Paid Social,Mobile,DE,66.22,0.0,3.92,62.29,Shop Pay
203471,2025-11-23,8453,Email,Mobile,DE,51.28,0.0,0.0,51.28,Shop Pay
203472,2026-01-29,9254,Email,Desktop,DE,216.61,0.0,15.15,201.45,Credit Card
203473,2025-11-25,8216,Paid Search,Mobile,DE,147.3,0.0,0.0,147.3,PayPal
203474,2026-01-19,13121,Organic Search,Desktop,DE,163.43,0.0,0.0,163.43,Apple Pay
203475,2025-08-21,3476,Paid Search,Mobile,US,102.91,0.0,7.14,95.77,Shop Pay
203476,2025-10-01,16143,Paid Search,Desktop,DE,47.69,6.51,0.0,54.2,Credit Card
203477,2025-10-21,14205,Paid Search,Mobile,DE,201.78,0.0,0.0,201.78,PayPal
203478,2025-09-16,8487,Paid Social,Desktop,CA,178.11,0.0,0.0,178.11,Shop Pay
203479,2026-02-01,14445,Organic Search,Mobile,AU,162.64,0.0,9.32,153.32,Credit Card
203480,2025-08-29,8683,Paid Search,Mobile,AU,19.83,6.85,0.0,26.68,Credit Card
203481,2025-12-11,14762,Organic Search,Desktop,UK,179.31,0.0,12.85,166.46,PayPal
203482,2025-08-20,7996,Organic Search,Desktop,US,199.29,0.0,20.44,178.84,Shop Pay
203483,2026-01-14,14968,Email,Desktop,AU,146.23,0.0,0.0,146.23,PayPal
203484,2026-01-27,17963,Email,Desktop,AU,143.67,0.0,0.0,143.67,Shop Pay
203485,2026-01-08,16111,Organic Search,Desktop,CA,56.1,7.45,0.0,63.55,Credit Card
203486,2025-10-24,16895,Paid Search,Desktop,DE,169.64,0.0,0.0,169.64,Credit Card
203487,2025-12-22,12895,Organic Search,Mobile,CA,58.36,0.0,0.0,58.36,Apple Pay
203488,2025-10-06,9812,Direct,Mobile,DE,29.79,7.85,0.0,37.64,Credit Card
203489,2025-11-29,16002,Organic Search,Mobile,DE,258.01,0.0,28.54,229.47,Apple Pay
203490,2026-02-03,17690,Direct,Mobile,UK,27.46,7.47,1.83,33.1,PayPal
203491,2025-09-05,9160,Email,Desktop,CA,197.73,0.0,0.0,197.73,Credit Card
203492,2025-09-09,8674,Organic Search,Mobile,CA,231.1,0.0,11.9,219.2,PayPal
203493,2025-10-25,3365,Paid Search,Desktop,DE,111.52,0.0,0.0,111.52,Shop Pay
203494,2026-01-07,12115,Organic Search,Desktop,CA,58.45,5.46,0.0,63.91,Shop Pay
203495,2025-11-25,7084,Direct,Mobile,AU,205.14,0.0,21.28,183.86,Apple Pay
203496,2025-12-30,2513,Paid Social,Mobile,CA,84.65,0.0,0.0,84.65,Apple Pay
203497,2026-01-15,11215,Paid Social,Mobile,US,102.65,0.0,0.0,102.65,Apple Pay
203498,2025-10-16,16362,Direct,Mobile,AU,84.36,0.0,7.55,76.8,Shop Pay
203499,2025-11-12,10366,Paid Social,Desktop,CA,182.22,0.0,0.0,182.22,Credit Card
203500,2025-11-06,16226,Email,Desktop,DE,83.72,0.0,0.0,83.72,Shop Pay
203501,2025-12-30,6936,Paid Social,Desktop,AU,331.81,0.0,10.43,321.38,Apple Pay
203502,2025-11-30,2109,Organic Search,Desktop,AU,159.65,0.0,0.0,159.65,Credit Card
203503,2025-12-19,16868,Organic Search,Desktop,CA,100.04,0.0,0.0,100.04,Credit Card
203504,2025-09-17,7522,Direct,Mobile,CA,112.33,0.0,7.25,105.07,PayPal
203505,2026-01-19,4102,Organic Search,Desktop,AU,34.31,6.42,0.0,40.74,PayPal
203506,2025-08-20,3067,Paid Social,Mobile,DE,57.22,0.0,4.25,52.97,Apple Pay
203507,2025-09-21,1746,Email,Mobile,AU,39.99,5.03,0.0,45.01,Credit Card
203508,2025-12-17,13346,Direct,Mobile,CA,43.79,7.51,4.42,46.88,PayPal
203509,2025-08-20,8521,Email,Mobile,DE,125.28,0.0,0.0,125.28,Apple Pay
203510,2025-10-07,2148,Email,Desktop,CA,97.72,0.0,0.0,97.72,Credit Card
203511,2025-08-20,10620,Paid Social,Mobile,UK,101.93,0.0,0.0,101.93,Credit Card
203512,2025-11-28,2593,Direct,Desktop,DE,246.23,0.0,0.0,246.23,Apple Pay
203513,2025-10-20,9259,Paid Social,Mobile,AU,196.2,0.0,17.67,178.53,Shop Pay
203514,2025-08-19,5990,Paid Social,Desktop,CA,210.38,0.0,0.0,210.38,Apple Pay
203515,2026-02-03,9877,Email,Desktop,CA,143.64,0.0,14.29,129.35,Credit Card
203516,2025-11-20,9663,Organic Search,Mobile,AU,238.48,0.0,0.0,238.48,PayPal
203517,2026-01-30,6813,Email,Mobile,DE,347.63,0.0,19.33,328.3,Apple Pay
203518,2026-02-01,8621,Paid Social,Desktop,DE,130.81,0.0,0.0,130.81,PayPal
203519,2025-12-10,11644,Paid Social,Desktop,UK,247.3,0.0,17.97,229.33,Credit Card
203520,2025-11-16,14702,Paid Social,Mobile,CA,69.26,0.0,5.18,64.08,Credit Card
203521,2025-09-15,2667,Direct,Desktop,CA,125.98,0.0,11.55,114.43,PayPal
203522,2025-10-04,17330,Organic Search,Mobile,UK,257.17,0.0,0.0,257.17,PayPal
203523,2025-10-22,7178,Paid Search,Mobile,AU,158.46,0.0,10.41,148.06,PayPal
203524,2025-12-03,13261,Direct,Mobile,UK,80.71,0.0,0.0,80.71,PayPal
203525,2026-01-15,12636,Direct,Desktop,US,219.65,0.0,0.0,219.65,Shop Pay
203526,2025-08-30,12390,Direct,Desktop,US,108.45,0.0,5.53,102.92,PayPal
203527,2026-01-02,6362,Paid Social,Mobile,US,242.72,0.0,0.0,242.72,PayPal
203528,2026-01-31,17719,Email,Desktop,UK,121.61,0.0,0.0,121.61,Apple Pay
203529,2026-02-07,1150,Direct,Desktop,CA,224.66,0.0,23.31,201.35,Shop Pay
203530,2025-12-31,4376,Paid Search,Mobile,DE,183.65,0.0,0.0,183.65,Shop Pay
203531,2025-12-02,11062,Paid Social,Mobile,US,55.14,5.57,0.0,60.71,Apple Pay
203532,2026-01-24,11184,Email,Mobile,DE,159.04,0.0,0.0,159.04,Shop Pay
203533,2025-08-26,8524,Paid Search,Desktop,US,51.44,6.74,3.45,54.73,PayPal
203534,2025-11-27,2984,Paid Social,Mobile,US,143.74,0.0,0.0,143.74,PayPal
203535,2025-09-10,3041,Email,Mobile,US,94.27,0.0,9.38,84.88,Apple Pay
203536,2026-01-03,17795,Organic Search,Desktop,UK,91.36,0.0,0.0,91.36,Shop Pay
203537,2026-01-24,9924,Paid Search,Desktop,CA,112.62,0.0,0.0,112.62,Apple Pay
203538,2025-12-04,6054,Paid Search,Desktop,UK,236.79,0.0,0.0,236.79,PayPal
203539,2026-02-10,12519,Email,Mobile,AU,158.55,0.0,9.15,149.4,Apple Pay
203540,2025-10-21,3400,Organic Search,Desktop,UK,139.26,0.0,11.03,128.22,Apple Pay
203541,2025-11-29,16216,Direct,Desktop,DE,156.12,0.0,0.0,156.12,PayPal
203542,2025-11-08,3760,Direct,Desktop,DE,132.38,0.0,4.86,127.52,Apple Pay
203543,2025-11-12,609,Paid Social,Desktop,US,52.67,0.0,5.83,46.84,Shop Pay
203544,2025-12-23,4895,Organic Search,Mobile,DE,199.26,0.0,0.0,199.26,Shop Pay
203545,2025-11-17,17325,Organic Search,Desktop,UK,63.84,0.0,0.0,63.84,Shop Pay
203546,2025-10-14,13212,Paid Search,Mobile,UK,292.65,0.0,0.0,292.65,Credit Card
203547,2025-11-13,3160,Paid Social,Desktop,UK,74.07,0.0,5.63,68.44,PayPal
203548,2026-02-05,2061,Organic Search,Mobile,CA,98.16,0.0,0.0,98.16,PayPal
203549,2025-11-19,17971,Direct,Mobile,DE,42.72,5.61,0.0,48.32,Shop Pay
203550,2025-11-02,411,Organic Search,Desktop,DE,87.96,0.0,0.0,87.96,PayPal
203551,2025-11-27,4129,Organic Search,Desktop,UK,122.27,0.0,5.4,116.86,PayPal
203552,2025-10-21,12745,Direct,Desktop,UK,220.2,0.0,0.0,220.2,PayPal
203553,2025-11-25,12833,Email,Desktop,AU,180.97,0.0,0.0,180.97,Shop Pay
203554,2025-11-05,4826,Direct,Desktop,DE,102.59,0.0,0.0,102.59,PayPal
203555,2025-11-28,4301,Paid Social,Mobile,DE,263.42,0.0,29.81,233.61,Apple Pay
203556,2025-11-25,12183,Paid Search,Mobile,CA,211.01,0.0,0.0,211.01,Apple Pay
203557,2026-01-01,974,Paid Social,Mobile,UK,148.25,0.0,16.68,131.57,Credit Card
203558,2025-11-27,8246,Organic Search,Desktop,UK,53.04,0.0,0.0,53.04,PayPal
203559,2026-01-26,11594,Direct,Desktop,UK,121.7,0.0,0.0,121.7,PayPal
203560,2025-09-30,10166,Direct,Mobile,DE,211.84,0.0,21.59,190.26,Shop Pay
203561,2025-11-03,17042,Paid Social,Desktop,CA,61.04,0.0,0.0,61.04,Credit Card
203562,2025-09-15,10153,Email,Desktop,UK,187.34,0.0,9.0,178.34,Shop Pay
203563,2026-01-04,17986,Direct,Mobile,CA,64.34,0.0,6.9,57.44,Shop Pay
203564,2025-11-08,9357,Direct,Mobile,US,188.74,0.0,0.0,188.74,Apple Pay
203565,2025-10-21,3331,Direct,Mobile,CA,72.77,0.0,2.78,69.98,PayPal
203566,2025-09-01,991,Paid Social,Desktop,CA,192.33,0.0,0.0,192.33,Apple Pay
203567,2026-02-07,13088,Paid Search,Desktop,US,99.01,0.0,0.0,99.01,PayPal
203568,2025-10-28,17102,Paid Social,Desktop,AU,297.22,0.0,0.0,297.22,Shop Pay
203569,2025-08-27,13806,Paid Social,Mobile,AU,97.09,0.0,0.0,97.09,PayPal
203570,2025-10-13,4931,Paid Social,Mobile,CA,232.93,0.0,10.18,222.75,Shop Pay
203571,2026-01-01,10746,Email,Desktop,UK,54.84,0.0,0.0,54.84,PayPal
203572,2025-11-11,10999,Paid Search,Desktop,US,154.88,0.0,0.0,154.88,PayPal
203573,2025-09-14,1697,Paid Search,Mobile,DE,243.15,0.0,0.0,243.15,PayPal
203574,2026-01-01,12146,Paid Social,Mobile,AU,117.66,0.0,7.42,110.24,Credit Card
203575,2026-01-31,8997,Email,Desktop,CA,166.73,0.0,0.0,166.73,Credit Card
203576,2025-09-27,7854,Paid Search,Desktop,AU,43.47,5.0,0.0,48.47,PayPal
203577,2026-02-07,10919,Organic Search,Desktop,CA,156.91,0.0,0.0,156.91,Shop Pay
203578,2025-08-27,7175,Paid Search,Desktop,DE,184.13,0.0,8.15,175.97,Credit Card
203579,2026-01-06,16291,Organic Search,Desktop,DE,133.31,0.0,0.0,133.31,Apple Pay
203580,2025-12-15,15362,Email,Desktop,UK,232.14,0.0,0.0,232.14,PayPal
203581,2025-10-29,2391,Direct,Mobile,AU,91.89,0.0,7.56,84.33,Apple Pay
203582,2025-12-14,16226,Email,Desktop,US,275.65,0.0,0.0,275.65,Shop Pay
203583,2025-09-10,4137,Paid Search,Desktop,DE,114.62,0.0,3.49,111.13,PayPal
203584,2025-10-06,4419,Organic Search,Desktop,CA,131.44,0.0,14.04,117.4,Apple Pay
203585,2025-08-30,2716,Direct,Desktop,US,192.81,0.0,0.0,192.81,Apple Pay
203586,2025-09-29,3458,Direct,Desktop,UK,84.31,0.0,0.0,84.31,Apple Pay
203587,2026-01-25,14351,Organic Search,Desktop,AU,112.01,0.0,5.02,107.0,PayPal
203588,2025-10-02,7930,Direct,Mobile,AU,71.21,0.0,0.0,71.21,PayPal
203589,2025-12-08,2741,Email,Desktop,AU,72.82,0.0,0.0,72.82,Apple Pay
203590,2026-01-22,3988,Organic Search,Desktop,AU,116.02,0.0,0.0,116.02,Shop Pay
203591,2025-11-09,6926,Organic Search,Desktop,CA,105.28,0.0,0.0,105.28,PayPal
203592,2025-09-25,2482,Organic Search,Mobile,UK,111.77,0.0,0.0,111.77,Shop Pay
203593,2025-10-03,15488,Organic Search,Mobile,CA,126.23,0.0,0.0,126.23,PayPal
203594,2025-08-30,15163,Paid Social,Mobile,US,147.02,0.0,0.0,147.02,Credit Card
203595,2026-01-23,129,Paid Social,Desktop,CA,128.88,0.0,0.0,128.88,Shop Pay
203596,2025-09-13,4568,Direct,Mobile,US,244.21,0.0,0.0,244.21,Credit Card
203597,2025-09-20,8036,Paid Social,Mobile,CA,128.1,0.0,0.0,128.1,Apple Pay
203598,2025-11-20,6172,Paid Social,Mobile,AU,19.73,5.73,1.76,23.71,PayPal
203599,2025-10-04,8049,Direct,Desktop,DE,24.87,5.53,0.0,30.39,PayPal
203600,2025-11-17,17545,Direct,Mobile,CA,69.52,0.0,0.0,69.52,Shop Pay
203601,2025-09-09,12398,Paid Search,Mobile,AU,49.98,6.68,1.61,55.05,Apple Pay
203602,2025-11-17,12104,Email,Desktop,US,294.51,0.0,0.0,294.51,Credit Card
203603,2026-02-08,16639,Direct,Desktop,US,70.25,0.0,7.88,62.37,Shop Pay
203604,2025-11-25,214,Paid Search,Desktop,CA,134.9,0.0,0.0,134.9,Shop Pay
203605,2026-01-20,2312,Organic Search,Desktop,US,27.65,5.24,0.0,32.9,Credit Card
203606,2025-11-07,9894,Organic Search,Desktop,UK,154.94,0.0,14.4,140.53,Shop Pay
203607,2025-11-07,8399,Email,Mobile,DE,279.84,0.0,29.12,250.72,Credit Card
203608,2025-11-18,6297,Paid Search,Desktop,UK,85.01,0.0,2.8,82.21,PayPal
203609,2025-10-05,16584,Paid Social,Desktop,DE,69.03,0.0,5.48,63.56,Apple Pay
203610,2025-10-16,731,Paid Social,Mobile,CA,75.34,0.0,0.0,75.34,Apple Pay
203611,2025-10-05,84,Email,Mobile,DE,153.32,0.0,10.67,142.66,Credit Card
203612,2026-01-02,8111,Organic Search,Mobile,DE,161.58,0.0,0.0,161.58,Shop Pay
203613,2025-12-25,492,Paid Search,Mobile,CA,76.77,0.0,0.0,76.77,PayPal
203614,2025-11-24,4249,Paid Search,Mobile,DE,82.88,0.0,0.0,82.88,Apple Pay
203615,2026-01-27,3779,Email,Mobile,DE,171.47,0.0,7.37,164.1,Apple Pay
203616,2025-11-25,3925,Organic Search,Desktop,UK,159.24,0.0,0.0,159.24,Apple Pay
203617,2025-09-10,15744,Paid Social,Mobile,US,176.52,0.0,0.0,176.52,Credit Card
203618,2025-10-23,10370,Organic Search,Mobile,US,24.45,5.36,2.4,27.42,Apple Pay
203619,2025-11-26,4334,Organic Search,Desktop,AU,94.94,0.0,0.0,94.94,Shop Pay
203620,2025-10-15,3803,Paid Social,Mobile,AU,180.8,0.0,0.0,180.8,Apple Pay
203621,2025-11-22,11931,Paid Search,Mobile,CA,308.07,0.0,0.0,308.07,Shop Pay
203622,2025-09-30,9187,Paid Search,Desktop,UK,156.13,0.0,6.33,149.8,Apple Pay
203623,2026-02-06,4499,Paid Social,Mobile,CA,157.81,0.0,14.74,143.08,Shop Pay
203624,2026-01-21,6450,Direct,Desktop,CA,278.7,0.0,0.0,278.7,Credit Card
203625,2025-08-31,4525,Direct,Mobile,US,281.19,0.0,0.0,281.19,Shop Pay
203626,2025-12-31,14786,Email,Desktop,CA,23.92,5.4,1.74,27.58,Apple Pay
203627,2025-11-14,4875,Organic Search,Mobile,UK,107.26,0.0,0.0,107.26,PayPal
203628,2025-10-20,15835,Direct,Desktop,CA,75.48,0.0,7.83,67.65,Apple Pay
203629,2025-11-15,7157,Paid Search,Desktop,US,45.68,7.67,0.0,53.35,PayPal
203630,2025-12-18,11155,Direct,Mobile,US,225.04,0.0,0.0,225.04,Shop Pay
203631,2026-02-05,13743,Paid Search,Desktop,DE,107.67,0.0,11.43,96.24,Shop Pay
203632,2025-10-26,14354,Email,Desktop,AU,124.0,0.0,0.0,124.0,PayPal
203633,2025-12-08,12167,Paid Social,Desktop,US,121.25,0.0,0.0,121.25,Apple Pay
203634,2025-10-01,3133,Paid Social,Mobile,US,190.43,0.0,9.08,181.35,PayPal
203635,2025-11-03,8097,Paid Social,Desktop,AU,176.96,0.0,0.0,176.96,PayPal
203636,2025-09-02,16542,Paid Social,Mobile,UK,135.51,0.0,0.0,135.51,Apple Pay
203637,2026-01-08,11877,Organic Search,Desktop,AU,104.12,0.0,5.49,98.64,Credit Card
203638,2026-01-04,3504,Paid Social,Mobile,AU,106.5,0.0,5.11,101.38,Shop Pay
203639,2025-12-29,15559,Organic Search,Desktop,US,102.43,0.0,0.0,102.43,Shop Pay
203640,2026-01-12,9363,Paid Search,Mobile,UK,141.79,0.0,0.0,141.79,Credit Card
203641,2025-10-04,17770,Paid Social,Desktop,UK,136.42,0.0,0.0,136.42,Apple Pay
203642,2025-08-28,9864,Email,Mobile,US,74.5,0.0,0.0,74.5,Apple Pay
203643,2025-11-17,4585,Organic Search,Desktop,CA,29.29,5.54,0.0,34.83,Shop Pay
203644,2025-11-04,7654,Email,Desktop,CA,49.83,0.0,0.0,49.83,PayPal
203645,2025-10-04,15970,Organic Search,Mobile,AU,55.46,0.0,4.72,50.74,Apple Pay
203646,2026-01-05,16557,Organic Search,Desktop,US,85.19,0.0,0.0,85.19,PayPal
203647,2026-01-17,12546,Direct,Desktop,CA,244.67,0.0,0.0,244.67,PayPal
203648,2025-10-04,17552,Direct,Desktop,AU,163.94,0.0,0.0,163.94,PayPal
203649,2025-12-24,970,Organic Search,Mobile,AU,149.7,0.0,0.0,149.7,Credit Card
203650,2025-08-19,11211,Organic Search,Desktop,DE,50.35,0.0,0.0,50.35,Apple Pay
203651,2025-11-18,2233,Organic Search,Desktop,UK,94.7,0.0,5.09,89.6,Credit Card
203652,2025-12-15,5215,Direct,Desktop,AU,71.17,0.0,0.0,71.17,Apple Pay
203653,2025-12-11,7428,Direct,Desktop,CA,70.98,0.0,5.85,65.14,PayPal
203654,2025-12-02,12137,Organic Search,Desktop,AU,302.04,0.0,0.0,302.04,Credit Card
203655,2025-09-24,9696,Paid Social,Desktop,CA,49.78,7.55,1.53,55.8,PayPal
203656,2025-09-09,5927,Organic Search,Mobile,CA,129.85,0.0,0.0,129.85,Credit Card
203657,2025-12-23,13731,Email,Mobile,DE,66.96,0.0,4.35,62.61,PayPal
203658,2025-09-09,17006,Paid Search,Mobile,DE,55.61,0.0,4.56,51.05,Credit Card
203659,2025-09-13,15684,Email,Desktop,AU,133.98,0.0,0.0,133.98,Apple Pay
203660,2025-09-24,522,Paid Search,Mobile,CA,266.23,0.0,0.0,266.23,Shop Pay
203661,2025-11-21,9453,Email,Desktop,CA,176.68,0.0,16.27,160.41,Credit Card
203662,2025-10-25,12633,Paid Social,Mobile,DE,275.15,0.0,0.0,275.15,Credit Card
203663,2026-01-18,3600,Email,Mobile,DE,226.25,0.0,0.0,226.25,Shop Pay
203664,2025-09-25,15870,Organic Search,Desktop,UK,47.14,5.59,2.12,50.61,Apple Pay
203665,2025-10-28,7899,Paid Search,Desktop,DE,120.23,0.0,5.8,114.42,Credit Card
203666,2025-11-01,13212,Paid Social,Desktop,AU,141.45,0.0,0.0,141.45,Credit Card
203667,2026-02-09,12280,Organic Search,Desktop,DE,74.95,0.0,0.0,74.95,Shop Pay
203668,2025-12-29,5118,Paid Search,Mobile,AU,107.57,0.0,0.0,107.57,Shop Pay
203669,2026-01-06,10234,Direct,Desktop,UK,92.06,0.0,8.89,83.17,PayPal
203670,2025-10-06,15384,Email,Mobile,AU,45.88,7.04,0.0,52.92,Apple Pay
203671,2026-01-21,14958,Paid Social,Desktop,UK,161.16,0.0,0.0,161.16,PayPal
203672,2025-12-19,8031,Email,Mobile,CA,134.87,0.0,13.99,120.88,Shop Pay
203673,2025-09-02,5459,Email,Mobile,DE,156.89,0.0,0.0,156.89,Shop Pay
203674,2025-10-20,13542,Organic Search,Desktop,AU,210.14,0.0,0.0,210.14,PayPal
203675,2025-12-11,9596,Organic Search,Desktop,AU,62.65,0.0,0.0,62.65,PayPal
203676,2025-09-26,5720,Paid Search,Desktop,CA,234.6,0.0,0.0,234.6,PayPal
203677,2025-11-22,15039,Direct,Desktop,US,81.03,0.0,5.95,75.08,Apple Pay
203678,2025-10-17,8726,Paid Search,Mobile,US,236.1,0.0,0.0,236.1,Credit Card
203679,2026-01-06,2168,Paid Search,Mobile,DE,50.77,0.0,0.0,50.77,PayPal
203680,2025-09-30,9671,Paid Search,Desktop,UK,112.86,0.0,0.0,112.86,Shop Pay
203681,2025-12-18,2275,Paid Social,Desktop,DE,171.9,0.0,0.0,171.9,PayPal
203682,2025-09-14,9201,Email,Desktop,AU,55.77,0.0,0.0,55.77,Apple Pay
203683,2025-12-02,13923,Paid Social,Mobile,AU,257.43,0.0,0.0,257.43,PayPal
203684,2025-08-24,12832,Organic Search,Desktop,CA,235.65,0.0,13.97,221.68,Credit Card
203685,2025-09-27,7342,Direct,Desktop,DE,26.53,7.77,0.99,33.32,Apple Pay
203686,2026-01-09,4165,Organic Search,Desktop,DE,157.23,0.0,0.0,157.23,Apple Pay
203687,2025-11-16,8345,Paid Social,Mobile,US,142.46,0.0,0.0,142.46,PayPal
203688,2025-09-27,13831,Paid Search,Desktop,US,148.11,0.0,0.0,148.11,Credit Card
203689,2026-02-07,10179,Paid Search,Desktop,UK,23.34,7.34,0.0,30.68,Credit Card
203690,2025-12-19,5873,Email,Mobile,US,324.78,0.0,0.0,324.78,Apple Pay
203691,2025-10-29,87,Organic Search,Desktop,DE,113.77,0.0,0.0,113.77,Shop Pay
203692,2025-10-13,10240,Paid Search,Desktop,AU,57.41,0.0,0.0,57.41,PayPal
203693,2025-09-26,14174,Direct,Desktop,AU,50.93,0.0,0.0,50.93,PayPal
203694,2025-08-27,846,Paid Search,Desktop,DE,110.98,0.0,0.0,110.98,Credit Card
203695,2026-01-22,1283,Paid Social,Mobile,DE,82.13,0.0,0.0,82.13,Apple Pay
203696,2025-10-10,8648,Email,Desktop,DE,133.47,0.0,0.0,133.47,Apple Pay
203697,2026-02-04,3128,Paid Social,Desktop,AU,66.76,0.0,0.0,66.76,PayPal
203698,2025-09-09,13629,Paid Search,Desktop,DE,138.96,0.0,15.38,123.58,Apple Pay
203699,2025-09-01,16307,Organic Search,Mobile,DE,179.71,0.0,0.0,179.71,Credit Card
203700,2025-11-26,2451,Direct,Mobile,AU,86.08,0.0,0.0,86.08,Apple Pay
203701,2025-11-12,10637,Email,Desktop,AU,234.64,0.0,0.0,234.64,Apple Pay
203702,2026-01-01,8408,Paid Social,Desktop,UK,67.3,0.0,0.0,67.3,PayPal
203703,2026-01-02,3761,Direct,Desktop,DE,135.71,0.0,0.0,135.71,Apple Pay
203704,2025-11-29,15057,Organic Search,Desktop,DE,68.0,0.0,0.0,68.0,PayPal
203705,2026-01-10,2178,Direct,Desktop,CA,206.85,0.0,0.0,206.85,Shop Pay
203706,2025-09-24,4035,Organic Search,Desktop,CA,123.82,0.0,0.0,123.82,PayPal
203707,2025-10-12,16235,Organic Search,Mobile,US,41.53,7.25,2.52,46.26,Shop Pay
203708,2025-10-18,16676,Organic Search,Mobile,DE,64.89,0.0,0.0,64.89,Shop Pay
203709,2025-10-16,14006,Paid Search,Mobile,UK,195.27,0.0,16.81,178.45,Credit Card
203710,2026-02-08,9544,Paid Social,Desktop,US,251.47,0.0,15.32,236.15,Shop Pay
203711,2025-11-21,8940,Email,Desktop,AU,157.55,0.0,7.28,150.27,Credit Card
203712,2025-11-11,589,Direct,Desktop,DE,48.92,5.23,5.48,48.67,PayPal
203713,2026-02-05,13097,Email,Desktop,DE,75.53,0.0,0.0,75.53,Shop Pay
203714,2025-10-08,9360,Paid Search,Mobile,US,23.57,5.98,0.82,28.73,PayPal
203715,2025-09-20,7094,Paid Search,Desktop,UK,175.08,0.0,12.53,162.55,Apple Pay
203716,2025-09-14,9557,Email,Mobile,AU,173.46,0.0,0.0,173.46,Shop Pay
203717,2025-11-27,3184,Email,Desktop,CA,95.0,0.0,0.0,95.0,Shop Pay
203718,2025-10-20,8482,Organic Search,Desktop,DE,218.48,0.0,0.0,218.48,PayPal
203719,2025-09-16,1702,Email,Mobile,AU,93.79,0.0,0.0,93.79,Apple Pay
203720,2025-11-15,12602,Organic Search,Mobile,DE,120.36,0.0,0.0,120.36,Apple Pay
203721,2026-02-05,14248,Email,Desktop,DE,141.98,0.0,0.0,141.98,Credit Card
203722,2026-01-14,12344,Email,Mobile,US,200.53,0.0,0.0,200.53,Shop Pay
203723,2025-11-19,7977,Paid Search,Mobile,AU,149.19,0.0,6.04,143.16,Apple Pay
203724,2025-10-25,14158,Paid Search,Mobile,CA,80.29,0.0,0.0,80.29,Shop Pay
203725,2025-12-11,15708,Direct,Desktop,CA,93.66,0.0,0.0,93.66,Credit Card
203726,2025-12-01,15461,Paid Search,Mobile,UK,147.84,0.0,0.0,147.84,Apple Pay
203727,2025-11-07,2887,Direct,Desktop,CA,208.73,0.0,17.89,190.83,PayPal
203728,2025-10-12,15891,Direct,Mobile,DE,145.7,0.0,0.0,145.7,Shop Pay
203729,2025-11-16,14425,Direct,Desktop,AU,127.87,0.0,0.0,127.87,PayPal
203730,2025-08-19,2938,Email,Mobile,CA,255.26,0.0,26.09,229.17,Credit Card
203731,2025-10-30,9595,Email,Desktop,UK,51.1,0.0,2.24,48.86,Apple Pay
203732,2025-10-16,10901,Organic Search,Mobile,DE,89.5,0.0,5.73,83.77,Credit Card
203733,2026-02-10,407,Email,Desktop,US,192.13,0.0,13.94,178.19,PayPal
203734,2025-12-27,10693,Direct,Mobile,DE,138.38,0.0,0.0,138.38,PayPal
203735,2025-09-26,9361,Organic Search,Desktop,CA,17.98,6.99,0.0,24.96,Credit Card
203736,2025-09-16,139,Direct,Mobile,UK,107.62,0.0,0.0,107.62,Shop Pay
203737,2025-09-28,17202,Direct,Mobile,AU,222.25,0.0,0.0,222.25,Credit Card
203738,2025-10-02,6956,Direct,Mobile,DE,167.85,0.0,0.0,167.85,Shop Pay
203739,2025-11-08,6604,Direct,Desktop,DE,219.73,0.0,25.04,194.69,Credit Card
203740,2025-12-06,13821,Direct,Desktop,DE,237.25,0.0,0.0,237.25,Apple Pay
203741,2025-12-01,7089,Email,Mobile,US,112.09,0.0,0.0,112.09,Credit Card
203742,2026-02-05,846,Email,Mobile,UK,301.77,0.0,0.0,301.77,PayPal
203743,2025-12-06,9768,Paid Social,Mobile,UK,13.34,7.31,0.0,20.65,Credit Card
203744,2025-09-28,10856,Paid Search,Mobile,UK,239.44,0.0,0.0,239.44,PayPal
203745,2025-10-11,15349,Organic Search,Mobile,AU,220.38,0.0,0.0,220.38,PayPal
203746,2025-08-27,6215,Direct,Mobile,US,356.53,0.0,0.0,356.53,PayPal
203747,2025-09-24,5413,Paid Search,Desktop,US,74.8,0.0,8.45,66.35,Shop Pay
203748,2025-10-17,7993,Direct,Mobile,DE,51.14,5.97,0.0,57.11,Shop Pay
203749,2026-02-07,13594,Paid Social,Desktop,US,73.34,0.0,0.0,73.34,Shop Pay
203750,2025-09-20,8535,Paid Search,Desktop,CA,366.59,0.0,0.0,366.59,Credit Card
203751,2025-11-23,7042,Paid Search,Desktop,AU,71.09,0.0,0.0,71.09,PayPal
203752,2025-12-05,17794,Paid Search,Desktop,CA,90.82,0.0,8.8,82.03,Credit Card
203753,2025-11-29,5707,Paid Social,Mobile,UK,78.74,0.0,0.0,78.74,Credit Card
203754,2026-01-24,2011,Email,Desktop,CA,67.4,0.0,5.98,61.41,Shop Pay
203755,2025-10-19,16161,Email,Mobile,UK,223.51,0.0,0.0,223.51,Shop Pay
203756,2025-08-28,9618,Paid Search,Mobile,AU,60.05,0.0,0.0,60.05,Apple Pay
203757,2025-09-20,4960,Paid Search,Desktop,DE,128.08,0.0,0.0,128.08,Apple Pay
203758,2025-09-01,14074,Direct,Desktop,CA,223.51,0.0,0.0,223.51,PayPal
203759,2025-11-19,6495,Email,Mobile,US,193.16,0.0,10.29,182.87,Apple Pay
203760,2025-09-20,4973,Paid Social,Mobile,DE,115.99,0.0,0.0,115.99,Shop Pay
203761,2025-09-18,10589,Paid Social,Mobile,DE,77.62,0.0,3.39,74.23,Shop Pay
203762,2025-10-15,9461,Paid Search,Mobile,UK,157.05,0.0,0.0,157.05,Apple Pay
203763,2026-01-14,9148,Direct,Mobile,DE,185.76,0.0,8.97,176.79,PayPal
203764,2025-10-09,9734,Paid Social,Mobile,CA,213.4,0.0,10.92,202.48,Apple Pay
203765,2025-10-16,17771,Email,Mobile,CA,170.37,0.0,20.05,150.32,Shop Pay
203766,2025-09-07,8038,Direct,Mobile,US,50.79,5.66,0.0,56.45,Apple Pay
203767,2025-12-19,4967,Direct,Desktop,DE,88.63,0.0,10.38,78.25,PayPal
203768,2025-11-10,5534,Paid Social,Desktop,CA,327.18,0.0,0.0,327.18,PayPal
203769,2026-01-12,12840,Direct,Desktop,US,275.62,0.0,0.0,275.62,PayPal
203770,2026-01-02,11828,Paid Search,Desktop,AU,68.52,0.0,0.0,68.52,Apple Pay
203771,2025-12-29,125,Direct,Desktop,UK,122.15,0.0,13.7,108.45,PayPal
203772,2025-12-26,16971,Organic Search,Desktop,DE,40.82,0.0,0.0,40.82,Shop Pay
203773,2025-12-08,14783,Email,Desktop,DE,81.64,0.0,0.0,81.64,PayPal
203774,2025-12-02,15167,Paid Social,Desktop,UK,28.5,7.34,0.0,35.84,PayPal
203775,2025-12-30,3184,Direct,Desktop,AU,46.03,5.94,3.88,48.1,PayPal
203776,2026-01-15,11456,Direct,Desktop,DE,57.36,0.0,1.99,55.37,PayPal
203777,2025-12-29,16840,Paid Search,Mobile,UK,173.06,0.0,17.44,155.62,Apple Pay
203778,2025-08-16,10498,Paid Search,Desktop,CA,247.12,0.0,0.0,247.12,Shop Pay
203779,2026-02-06,3627,Paid Social,Desktop,AU,100.07,0.0,7.09,92.98,Credit Card
203780,2025-12-09,876,Email,Mobile,US,119.25,0.0,0.0,119.25,Apple Pay
203781,2025-08-21,15217,Email,Desktop,CA,164.76,0.0,13.47,151.29,Shop Pay
203782,2026-02-04,3645,Organic Search,Desktop,UK,112.81,0.0,0.0,112.81,PayPal
203783,2025-11-01,1713,Direct,Mobile,AU,168.22,0.0,0.0,168.22,PayPal
203784,2025-10-02,2747,Email,Desktop,AU,146.95,0.0,7.14,139.81,Apple Pay
203785,2025-12-19,14080,Paid Search,Mobile,CA,25.21,5.94,1.76,29.38,PayPal
203786,2025-09-17,16308,Paid Search,Desktop,CA,45.81,6.42,0.0,52.24,Shop Pay
203787,2025-11-03,5274,Direct,Mobile,UK,289.7,0.0,0.0,289.7,Apple Pay
203788,2025-10-02,12810,Paid Social,Desktop,UK,103.8,0.0,0.0,103.8,PayPal
203789,2025-10-21,1413,Paid Search,Desktop,AU,33.35,6.34,0.0,39.68,Apple Pay
203790,2025-10-25,10680,Direct,Mobile,UK,86.55,0.0,0.0,86.55,PayPal
203791,2026-02-08,17278,Email,Mobile,AU,93.41,0.0,0.0,93.41,PayPal
203792,2025-08-26,14930,Email,Mobile,DE,94.97,0.0,6.96,88.01,PayPal
203793,2026-02-08,4290,Email,Desktop,DE,182.5,0.0,20.85,161.65,Shop Pay
203794,2025-10-04,10172,Paid Social,Desktop,DE,10.46,7.16,1.22,16.39,Apple Pay
203795,2025-11-20,14908,Paid Social,Desktop,CA,145.78,0.0,0.0,145.78,Credit Card
203796,2025-09-29,475,Paid Social,Desktop,CA,70.36,0.0,0.0,70.36,PayPal
203797,2026-01-30,8509,Email,Mobile,US,52.58,0.0,0.0,52.58,Credit Card
203798,2025-12-24,12210,Direct,Desktop,AU,86.08,0.0,0.0,86.08,Shop Pay
203799,2025-09-11,11538,Paid Search,Mobile,US,65.19,0.0,3.72,61.47,PayPal
203800,2025-10-17,9551,Email,Desktop,UK,93.89,0.0,0.0,93.89,Credit Card
203801,2025-10-23,11306,Organic Search,Desktop,AU,199.22,0.0,11.68,187.53,Credit Card
203802,2026-01-02,10778,Direct,Desktop,UK,215.46,0.0,0.0,215.46,Apple Pay
203803,2026-01-21,6242,Paid Search,Mobile,CA,33.7,7.97,0.0,41.67,Apple Pay
203804,2025-10-13,5730,Direct,Desktop,US,179.09,0.0,11.6,167.49,Credit Card
203805,2025-10-18,347,Paid Social,Mobile,US,94.68,0.0,0.0,94.68,Apple Pay
203806,2026-02-05,14762,Paid Search,Mobile,DE,62.49,0.0,0.0,62.49,Credit Card
203807,2025-12-20,12356,Paid Search,Desktop,AU,214.23,0.0,0.0,214.23,Shop Pay
203808,2025-11-28,13915,Paid Search,Mobile,CA,149.98,0.0,0.0,149.98,Shop Pay
203809,2025-12-19,6942,Paid Search,Mobile,UK,157.74,0.0,0.0,157.74,Shop Pay
203810,2025-11-07,17773,Direct,Desktop,UK,144.28,0.0,13.96,130.32,PayPal
203811,2025-09-18,7207,Paid Search,Desktop,US,36.89,6.32,0.0,43.21,Apple Pay
203812,2025-11-29,11201,Email,Mobile,US,17.67,5.67,0.0,23.34,Apple Pay
203813,2025-10-21,808,Email,Desktop,UK,74.36,0.0,5.52,68.84,Credit Card
203814,2025-11-08,7188,Direct,Desktop,US,209.03,0.0,23.96,185.07,Credit Card
203815,2025-12-01,1755,Email,Mobile,DE,190.11,0.0,0.0,190.11,Credit Card
203816,2025-10-15,3181,Organic Search,Desktop,CA,193.01,0.0,0.0,193.01,Credit Card
203817,2025-08-30,9371,Paid Search,Desktop,UK,107.61,0.0,0.0,107.61,Credit Card
203818,2026-01-27,8761,Direct,Mobile,DE,215.91,0.0,0.0,215.91,Shop Pay
203819,2025-08-22,16296,Organic Search,Mobile,AU,98.17,0.0,4.9,93.27,Credit Card
203820,2026-01-01,5236,Email,Mobile,US,57.57,0.0,3.4,54.17,Shop Pay
203821,2026-01-07,13674,Paid Search,Mobile,UK,29.55,7.61,0.0,37.16,Shop Pay
203822,2025-10-01,6806,Paid Social,Mobile,AU,98.46,0.0,0.0,98.46,Credit Card
203823,2025-10-07,678,Organic Search,Mobile,CA,126.13,0.0,0.0,126.13,Credit Card
203824,2025-08-19,16999,Paid Social,Desktop,UK,197.5,0.0,0.0,197.5,PayPal
203825,2026-01-05,15920,Direct,Mobile,US,226.56,0.0,0.0,226.56,Shop Pay
203826,2025-11-13,8018,Email,Mobile,DE,161.11,0.0,0.0,161.11,Shop Pay
203827,2026-02-08,2429,Paid Social,Desktop,CA,83.03,0.0,0.0,83.03,Apple Pay
203828,2025-12-11,10144,Paid Search,Desktop,DE,24.23,7.78,0.0,32.01,PayPal
203829,2025-11-06,10095,Email,Mobile,DE,51.14,0.0,3.96,47.19,Shop Pay
203830,2025-09-27,2157,Paid Social,Desktop,US,130.86,0.0,0.0,130.86,Credit Card
203831,2026-01-04,17205,Email,Mobile,CA,122.26,0.0,0.0,122.26,Apple Pay
203832,2025-09-19,14873,Direct,Mobile,DE,23.35,5.93,0.75,28.53,Shop Pay
203833,2025-09-15,290,Paid Search,Mobile,CA,281.39,0.0,9.1,272.3,Credit Card
203834,2025-10-26,7154,Email,Desktop,CA,10.31,7.56,0.42,17.45,Apple Pay
203835,2025-11-09,10603,Organic Search,Desktop,AU,132.71,0.0,0.0,132.71,Apple Pay
203836,2025-09-16,16730,Paid Social,Mobile,UK,97.49,0.0,0.0,97.49,Shop Pay
203837,2025-09-20,6514,Paid Search,Desktop,CA,69.22,0.0,0.0,69.22,PayPal
203838,2025-11-12,16495,Paid Search,Mobile,UK,165.35,0.0,19.13,146.21,Credit Card
203839,2025-10-04,1596,Paid Search,Mobile,CA,84.7,0.0,3.6,81.1,Credit Card
203840,2025-09-04,12077,Email,Mobile,UK,207.16,0.0,0.0,207.16,Apple Pay
203841,2025-11-28,15347,Direct,Mobile,CA,202.0,0.0,0.0,202.0,PayPal
203842,2025-11-08,9585,Direct,Mobile,US,147.35,0.0,0.0,147.35,Apple Pay
203843,2025-10-13,1188,Paid Search,Desktop,DE,151.43,0.0,11.62,139.81,Credit Card
203844,2025-12-30,8479,Paid Social,Desktop,UK,206.58,0.0,17.53,189.06,Apple Pay
203845,2025-12-25,2336,Paid Social,Desktop,UK,226.32,0.0,0.0,226.32,Apple Pay
203846,2026-01-27,16972,Paid Social,Desktop,US,103.6,0.0,0.0,103.6,Credit Card
203847,2025-09-05,14566,Organic Search,Mobile,UK,127.06,0.0,0.0,127.06,Credit Card
203848,2025-10-04,8217,Direct,Desktop,AU,228.41,0.0,0.0,228.41,Credit Card
203849,2025-12-12,1152,Email,Mobile,US,165.32,0.0,0.0,165.32,Credit Card
203850,2025-11-09,1282,Direct,Mobile,AU,66.41,0.0,6.45,59.96,Shop Pay
203851,2026-01-31,8620,Paid Search,Desktop,CA,45.58,7.85,0.0,53.43,Apple Pay
203852,2026-02-10,4196,Direct,Desktop,AU,300.73,0.0,0.0,300.73,Shop Pay
203853,2025-11-19,3238,Organic Search,Mobile,DE,92.96,0.0,0.0,92.96,Credit Card
203854,2026-01-18,13346,Organic Search,Mobile,US,333.04,0.0,34.35,298.69,Credit Card
203855,2025-10-01,4195,Organic Search,Desktop,CA,183.59,0.0,21.89,161.69,Apple Pay
203856,2025-10-30,2841,Paid Search,Mobile,CA,155.36,0.0,0.0,155.36,Shop Pay
203857,2025-12-06,10389,Email,Mobile,UK,145.4,0.0,0.0,145.4,Credit Card
203858,2025-10-03,8762,Direct,Desktop,UK,239.7,0.0,0.0,239.7,PayPal
203859,2025-12-23,12321,Paid Search,Desktop,AU,233.52,0.0,0.0,233.52,Shop Pay
203860,2025-11-08,17672,Organic Search,Mobile,CA,183.25,0.0,0.0,183.25,Apple Pay
203861,2025-10-10,17071,Paid Social,Mobile,AU,227.1,0.0,14.12,212.99,Shop Pay
203862,2025-10-22,1032,Paid Search,Desktop,US,219.05,0.0,14.81,204.24,Credit Card
203863,2026-01-20,13382,Paid Search,Desktop,US,335.2,0.0,19.18,316.01,Shop Pay
203864,2025-10-09,5605,Organic Search,Mobile,US,143.27,0.0,15.32,127.95,Apple Pay
203865,2025-09-27,864,Direct,Desktop,UK,186.13,0.0,0.0,186.13,Apple Pay
203866,2025-12-14,4396,Email,Desktop,AU,230.3,0.0,0.0,230.3,Shop Pay
203867,2025-08-30,5977,Email,Mobile,AU,132.44,0.0,0.0,132.44,Shop Pay
203868,2025-12-12,11465,Paid Social,Mobile,DE,220.58,0.0,8.89,211.69,Apple Pay
203869,2026-01-25,12763,Paid Social,Mobile,CA,137.79,0.0,0.0,137.79,Shop Pay
203870,2025-11-08,865,Paid Search,Desktop,US,33.8,7.53,1.2,40.14,Credit Card
203871,2025-10-29,16888,Organic Search,Mobile,UK,140.25,0.0,0.0,140.25,Shop Pay
203872,2025-12-21,10075,Paid Search,Mobile,CA,202.42,0.0,15.95,186.47,Apple Pay
203873,2025-11-12,12376,Paid Social,Desktop,AU,190.63,0.0,18.07,172.56,PayPal
203874,2025-10-01,14853,Paid Social,Desktop,US,36.31,0.0,2.84,33.47,Shop Pay
203875,2026-01-14,8964,Email,Desktop,US,90.44,0.0,0.0,90.44,Shop Pay
203876,2025-10-04,13881,Organic Search,Mobile,DE,139.03,0.0,8.36,130.66,Credit Card
203877,2026-01-29,10105,Organic Search,Desktop,UK,38.46,6.98,1.43,44.02,Credit Card
203878,2025-12-01,12320,Paid Social,Mobile,DE,144.7,0.0,0.0,144.7,Credit Card
203879,2025-08-21,5864,Paid Search,Desktop,CA,48.6,6.76,3.58,51.78,PayPal
203880,2026-01-15,7915,Paid Search,Desktop,UK,50.25,6.47,0.0,56.72,Credit Card
203881,2025-08-20,4437,Paid Social,Mobile,AU,130.11,0.0,0.0,130.11,Apple Pay
203882,2025-11-25,4352,Organic Search,Mobile,US,32.44,7.23,0.0,39.67,Apple Pay
203883,2025-10-15,13521,Direct,Mobile,US,152.34,0.0,5.54,146.79,PayPal
203884,2026-01-26,16457,Organic Search,Mobile,US,115.71,0.0,0.0,115.71,Credit Card
203885,2025-12-13,14647,Direct,Desktop,UK,49.61,0.0,1.85,47.76,Apple Pay
203886,2025-12-09,7853,Email,Mobile,DE,114.92,0.0,0.0,114.92,Shop Pay
203887,2025-09-27,13570,Email,Mobile,AU,74.06,0.0,4.47,69.59,Credit Card
203888,2025-08-22,3642,Paid Social,Mobile,AU,120.8,0.0,5.58,115.22,Apple Pay
203889,2025-09-22,11946,Paid Social,Desktop,US,212.73,0.0,0.0,212.73,Apple Pay
203890,2026-02-01,3806,Paid Search,Desktop,CA,57.95,5.59,5.47,58.06,Credit Card
203891,2025-11-27,2352,Organic Search,Mobile,US,141.7,0.0,0.0,141.7,PayPal
203892,2026-02-03,13105,Organic Search,Desktop,DE,18.96,7.98,0.0,26.94,Apple Pay
203893,2025-09-12,1732,Organic Search,Mobile,DE,321.05,0.0,0.0,321.05,Shop Pay
203894,2025-12-14,10452,Paid Search,Mobile,CA,89.34,0.0,0.0,89.34,Shop Pay
203895,2025-09-11,1306,Paid Social,Desktop,AU,140.01,0.0,7.81,132.2,Apple Pay
203896,2025-09-18,13789,Email,Desktop,US,124.71,0.0,6.27,118.44,PayPal
203897,2026-01-06,10097,Email,Desktop,US,125.46,0.0,0.0,125.46,Apple Pay
203898,2025-12-02,15815,Email,Mobile,US,73.41,0.0,6.8,66.61,Shop Pay
203899,2025-12-18,14260,Paid Search,Mobile,DE,51.78,0.0,0.0,51.78,PayPal
203900,2025-11-24,14419,Organic Search,Desktop,DE,162.59,0.0,17.91,144.68,Apple Pay
203901,2025-12-26,5314,Paid Search,Desktop,US,76.62,0.0,3.8,72.82,Shop Pay
203902,2025-08-28,3850,Direct,Mobile,AU,92.28,0.0,0.0,92.28,Shop Pay
203903,2025-12-21,16164,Organic Search,Desktop,US,171.27,0.0,0.0,171.27,Credit Card
203904,2025-08-19,14060,Organic Search,Desktop,UK,56.06,0.0,0.0,56.06,Credit Card
203905,2025-10-14,4060,Organic Search,Desktop,US,234.86,0.0,0.0,234.86,Apple Pay
203906,2025-10-01,12207,Direct,Desktop,AU,177.3,0.0,0.0,177.3,PayPal
203907,2026-01-28,17103,Paid Social,Desktop,DE,149.32,0.0,0.0,149.32,Apple Pay
203908,2025-11-11,17628,Paid Social,Mobile,UK,28.8,7.32,1.57,34.54,Apple Pay
203909,2025-11-21,8439,Direct,Desktop,AU,276.58,0.0,0.0,276.58,Apple Pay
203910,2025-09-15,9437,Direct,Desktop,US,46.3,0.0,0.0,46.3,Credit Card
203911,2025-09-01,16181,Paid Search,Mobile,CA,70.47,0.0,6.76,63.71,Shop Pay
203912,2025-11-10,3591,Email,Mobile,AU,59.08,0.0,6.77,52.3,PayPal
203913,2025-09-05,16687,Direct,Desktop,AU,33.18,6.82,2.81,37.19,Shop Pay
203914,2026-01-12,12281,Paid Search,Desktop,DE,44.79,0.0,0.0,44.79,Shop Pay
203915,2025-08-24,633,Paid Search,Mobile,DE,157.82,0.0,0.0,157.82,PayPal
203916,2026-01-08,11097,Paid Social,Mobile,DE,27.7,5.06,0.0,32.76,Credit Card
203917,2026-02-08,16378,Paid Search,Desktop,DE,139.17,0.0,0.0,139.17,Credit Card
203918,2025-11-21,8407,Organic Search,Mobile,AU,70.76,0.0,4.81,65.95,PayPal
203919,2026-01-10,11234,Organic Search,Mobile,UK,86.67,0.0,0.0,86.67,Shop Pay
203920,2026-01-03,12232,Paid Social,Desktop,US,85.67,0.0,0.0,85.67,Apple Pay
203921,2025-12-10,5268,Email,Desktop,UK,28.61,6.03,0.0,34.64,Shop Pay
203922,2025-08-29,17190,Paid Search,Mobile,UK,75.66,0.0,4.4,71.26,PayPal
203923,2025-11-12,3663,Email,Desktop,AU,24.52,5.34,1.54,28.32,Apple Pay
203924,2025-11-29,8963,Organic Search,Desktop,UK,86.5,0.0,6.33,80.17,Credit Card
203925,2025-11-03,11552,Paid Search,Desktop,DE,129.34,0.0,0.0,129.34,PayPal
203926,2025-09-12,7172,Organic Search,Desktop,CA,65.78,0.0,2.63,63.15,Credit Card
203927,2025-12-13,134,Paid Social,Mobile,US,48.11,0.0,0.0,48.11,Shop Pay
203928,2025-11-04,9210,Email,Desktop,US,63.64,0.0,0.0,63.64,Apple Pay
203929,2026-01-28,6998,Paid Search,Desktop,DE,129.15,0.0,0.0,129.15,Shop Pay
203930,2025-10-17,10527,Email,Mobile,US,56.71,7.86,0.0,64.57,Credit Card
203931,2025-10-08,1403,Paid Social,Mobile,US,77.06,0.0,0.0,77.06,Shop Pay
203932,2025-10-27,10934,Paid Search,Desktop,CA,41.35,6.22,0.0,47.57,Credit Card
203933,2025-11-09,13884,Organic Search,Mobile,US,89.6,0.0,0.0,89.6,Credit Card
203934,2025-09-26,2649,Email,Mobile,UK,158.96,0.0,0.0,158.96,PayPal
203935,2025-09-12,9216,Paid Social,Mobile,AU,97.83,0.0,5.15,92.68,Apple Pay
203936,2026-01-06,1029,Direct,Mobile,CA,227.44,0.0,15.63,211.81,PayPal
203937,2026-02-07,14339,Paid Social,Desktop,CA,124.16,0.0,6.69,117.47,Shop Pay
203938,2025-10-17,8978,Direct,Mobile,CA,105.24,0.0,0.0,105.24,Apple Pay
203939,2025-11-14,3669,Paid Social,Mobile,UK,73.42,0.0,0.0,73.42,PayPal
203940,2025-09-14,7800,Email,Mobile,UK,42.2,0.0,1.85,40.34,Credit Card
203941,2026-01-16,6160,Email,Mobile,DE,49.7,5.94,0.0,55.64,PayPal
203942,2025-10-31,17670,Email,Mobile,UK,50.15,0.0,0.0,50.15,PayPal
203943,2025-12-05,5988,Organic Search,Mobile,US,61.85,0.0,0.0,61.85,Apple Pay
203944,2025-11-10,5221,Direct,Mobile,US,162.01,0.0,6.5,155.5,Shop Pay
203945,2025-09-30,3029,Direct,Mobile,AU,199.46,0.0,0.0,199.46,Credit Card
203946,2025-11-09,16333,Paid Search,Mobile,CA,79.66,0.0,0.0,79.66,Credit Card
203947,2025-10-10,6712,Organic Search,Mobile,UK,205.87,0.0,0.0,205.87,Shop Pay
203948,2025-11-20,2963,Paid Social,Mobile,DE,127.67,0.0,0.0,127.67,PayPal
203949,2025-10-05,159,Paid Social,Mobile,UK,301.33,0.0,0.0,301.33,PayPal
203950,2025-11-01,5500,Paid Social,Mobile,US,158.64,0.0,0.0,158.64,PayPal
203951,2026-02-06,5357,Organic Search,Mobile,CA,108.11,0.0,0.0,108.11,PayPal
203952,2025-10-02,16010,Paid Social,Mobile,AU,121.57,0.0,0.0,121.57,Apple Pay
203953,2026-02-05,6048,Paid Search,Desktop,DE,93.41,0.0,4.73,88.68,PayPal
203954,2025-11-24,1589,Paid Search,Mobile,CA,73.84,0.0,0.0,73.84,Credit Card
203955,2025-12-21,16761,Direct,Mobile,DE,177.17,0.0,12.04,165.13,Shop Pay
203956,2025-12-20,3362,Paid Search,Desktop,UK,50.65,0.0,0.0,50.65,Credit Card
203957,2026-01-05,4814,Paid Search,Desktop,UK,187.38,0.0,0.0,187.38,PayPal
203958,2025-10-03,17954,Paid Search,Mobile,AU,211.4,0.0,0.0,211.4,Apple Pay
203959,2025-09-11,6789,Organic Search,Desktop,DE,186.08,0.0,0.0,186.08,PayPal
203960,2025-11-20,15184,Direct,Desktop,US,130.67,0.0,0.0,130.67,Shop Pay
203961,2026-01-27,11281,Organic Search,Desktop,DE,170.62,0.0,0.0,170.62,PayPal
203962,2025-09-11,6461,Paid Social,Desktop,CA,80.46,0.0,0.0,80.46,Apple Pay
203963,2025-10-14,329,Email,Desktop,UK,64.3,0.0,6.38,57.92,Credit Card
203964,2026-01-02,7016,Direct,Mobile,US,193.05,0.0,0.0,193.05,Apple Pay
203965,2025-12-10,5184,Paid Search,Desktop,DE,194.1,0.0,0.0,194.1,Apple Pay
203966,2025-11-29,12330,Email,Mobile,US,195.93,0.0,0.0,195.93,PayPal
203967,2026-01-17,960,Direct,Mobile,UK,104.6,0.0,0.0,104.6,Credit Card
203968,2025-12-13,687,Organic Search,Mobile,AU,49.92,5.5,0.0,55.42,Credit Card
203969,2026-02-10,12499,Direct,Desktop,UK,243.5,0.0,24.71,218.79,Apple Pay
203970,2025-10-11,15713,Paid Social,Desktop,AU,148.36,0.0,5.95,142.41,Credit Card
203971,2025-08-18,7008,Paid Search,Mobile,AU,151.36,0.0,0.0,151.36,PayPal
203972,2025-12-11,5866,Paid Search,Mobile,AU,61.97,0.0,0.0,61.97,Apple Pay
203973,2025-09-11,740,Paid Search,Desktop,US,244.39,0.0,13.34,231.05,Shop Pay
203974,2025-10-04,7875,Paid Search,Desktop,CA,77.33,0.0,2.59,74.73,Credit Card
203975,2026-01-10,7101,Organic Search,Desktop,US,200.97,0.0,0.0,200.97,Apple Pay
203976,2026-01-25,49,Organic Search,Mobile,AU,104.6,0.0,11.14,93.46,PayPal
203977,2025-09-12,16964,Direct,Mobile,AU,228.49,0.0,0.0,228.49,Credit Card
203978,2025-12-29,8349,Paid Social,Desktop,AU,227.73,0.0,0.0,227.73,Credit Card
203979,2026-01-26,3824,Direct,Desktop,DE,112.59,0.0,0.0,112.59,Shop Pay
203980,2025-08-18,12705,Organic Search,Desktop,US,155.29,0.0,16.76,138.53,Credit Card
203981,2025-09-25,4730,Email,Desktop,US,122.72,0.0,12.91,109.81,Credit Card
203982,2025-11-19,10281,Email,Desktop,UK,94.95,0.0,0.0,94.95,Apple Pay
203983,2025-11-03,15295,Organic Search,Mobile,US,42.73,5.77,2.28,46.23,Apple Pay
203984,2025-10-24,12518,Email,Desktop,DE,42.74,0.0,0.0,42.74,PayPal
203985,2025-11-20,10892,Direct,Desktop,UK,211.89,0.0,0.0,211.89,Apple Pay
203986,2025-11-24,7480,Organic Search,Mobile,AU,68.44,0.0,0.0,68.44,Shop Pay
203987,2025-09-26,11644,Paid Social,Mobile,DE,125.16,0.0,0.0,125.16,PayPal
203988,2025-09-23,8897,Organic Search,Desktop,CA,334.33,0.0,10.84,323.49,Apple Pay
203989,2025-09-02,15832,Direct,Mobile,CA,73.53,0.0,0.0,73.53,Shop Pay
203990,2026-01-23,11153,Organic Search,Desktop,DE,87.97,0.0,0.0,87.97,Credit Card
203991,2026-01-07,15292,Paid Search,Mobile,US,79.21,0.0,6.52,72.69,Shop Pay
203992,2025-11-28,4614,Paid Social,Mobile,CA,224.15,0.0,0.0,224.15,PayPal
203993,2025-11-16,13645,Paid Social,Mobile,CA,143.75,0.0,0.0,143.75,PayPal
203994,2025-09-07,14132,Paid Social,Desktop,US,83.34,0.0,0.0,83.34,Credit Card
203995,2025-11-28,2851,Paid Search,Desktop,US,228.78,0.0,0.0,228.78,Credit Card
203996,2025-10-02,6045,Paid Search,Mobile,DE,79.22,0.0,0.0,79.22,PayPal
203997,2025-11-04,15691,Organic Search,Desktop,UK,94.9,0.0,4.55,90.34,Credit Card
203998,2025-10-15,16998,Paid Social,Desktop,AU,80.4,0.0,3.38,77.02,Shop Pay
203999,2025-09-17,4202,Paid Social,Desktop,AU,93.27,0.0,0.0,93.27,Apple Pay
204000,2025-09-28,2002,Organic Search,Desktop,CA,157.88,0.0,0.0,157.88,Credit Card
204001,2025-09-22,14589,Paid Search,Mobile,DE,150.59,0.0,0.0,150.59,PayPal
204002,2025-12-28,15056,Paid Search,Desktop,US,234.69,0.0,0.0,234.69,Credit Card
204003,2025-09-18,11576,Paid Search,Mobile,CA,207.1,0.0,0.0,207.1,Shop Pay
204004,2025-08-19,664,Email,Desktop,AU,273.04,0.0,0.0,273.04,Shop Pay
204005,2025-12-14,11713,Email,Mobile,CA,248.11,0.0,0.0,248.11,PayPal
204006,2026-02-03,4797,Paid Search,Desktop,UK,98.22,0.0,0.0,98.22,Credit Card
204007,2025-10-20,10436,Paid Search,Desktop,UK,52.97,0.0,2.5,50.47,Shop Pay
204008,2025-12-05,731,Paid Social,Desktop,AU,79.94,0.0,0.0,79.94,Credit Card
204009,2025-10-29,5193,Paid Search,Mobile,CA,131.75,0.0,0.0,131.75,Shop Pay
204010,2026-01-30,12438,Paid Social,Mobile,US,51.39,7.41,0.0,58.8,PayPal
204011,2025-10-22,10150,Email,Mobile,AU,163.33,0.0,0.0,163.33,Apple Pay
204012,2025-12-08,4016,Organic Search,Desktop,UK,84.94,0.0,0.0,84.94,Credit Card
204013,2025-09-21,15093,Email,Mobile,UK,356.12,0.0,0.0,356.12,Apple Pay
204014,2025-09-09,9256,Email,Mobile,US,86.1,0.0,0.0,86.1,Apple Pay
204015,2025-11-08,1346,Paid Search,Desktop,US,214.05,0.0,14.81,199.24,PayPal
204016,2025-10-12,12373,Direct,Desktop,DE,263.35,0.0,18.46,244.89,Credit Card
204017,2025-09-01,16894,Organic Search,Desktop,DE,92.28,0.0,0.0,92.28,Shop Pay
204018,2025-10-15,11123,Organic Search,Mobile,US,172.98,0.0,16.39,156.59,PayPal
204019,2025-09-03,5935,Direct,Desktop,CA,46.02,7.57,4.03,49.55,Shop Pay
204020,2025-09-03,11564,Paid Social,Mobile,US,137.7,0.0,9.41,128.29,Shop Pay
204021,2026-02-10,17260,Email,Desktop,DE,202.23,0.0,0.0,202.23,Shop Pay
204022,2025-12-29,7776,Paid Social,Desktop,UK,95.95,0.0,0.0,95.95,PayPal
204023,2025-11-26,8852,Email,Mobile,DE,247.33,0.0,20.33,227.01,PayPal
204024,2025-10-07,11293,Organic Search,Desktop,UK,26.95,5.01,0.0,31.95,Apple Pay
204025,2025-10-26,601,Email,Mobile,CA,179.24,0.0,0.0,179.24,Apple Pay
204026,2025-08-23,13048,Email,Mobile,US,50.24,0.0,3.06,47.18,Apple Pay
204027,2026-01-12,6081,Paid Social,Desktop,AU,53.66,5.65,5.85,53.46,Credit Card
204028,2026-01-23,9091,Direct,Desktop,UK,211.9,0.0,0.0,211.9,Apple Pay
204029,2026-02-02,1179,Direct,Mobile,CA,177.56,0.0,0.0,177.56,PayPal
204030,2026-01-22,7503,Organic Search,Desktop,US,219.51,0.0,0.0,219.51,Apple Pay
204031,2025-10-03,8309,Direct,Desktop,UK,194.47,0.0,0.0,194.47,Apple Pay
204032,2025-12-07,9740,Direct,Desktop,AU,208.02,0.0,0.0,208.02,PayPal
204033,2026-01-25,11985,Organic Search,Mobile,DE,43.73,7.75,0.0,51.48,Shop Pay
204034,2025-12-21,11522,Paid Search,Mobile,AU,223.62,0.0,0.0,223.62,Shop Pay
204035,2026-01-15,14608,Paid Social,Mobile,US,106.26,0.0,0.0,106.26,Apple Pay
204036,2025-08-31,4867,Paid Social,Desktop,CA,120.69,0.0,0.0,120.69,PayPal
204037,2026-02-03,17956,Paid Social,Mobile,US,59.09,0.0,0.0,59.09,Shop Pay
204038,2025-09-11,3852,Organic Search,Mobile,UK,33.39,7.9,0.0,41.28,Shop Pay
204039,2025-11-12,7308,Email,Desktop,UK,157.41,0.0,0.0,157.41,PayPal
204040,2025-08-21,4290,Paid Social,Mobile,AU,148.61,0.0,14.17,134.44,Shop Pay
204041,2025-11-28,6668,Email,Desktop,DE,149.15,0.0,0.0,149.15,Apple Pay
204042,2025-12-22,10695,Paid Search,Desktop,CA,80.83,0.0,0.0,80.83,PayPal
204043,2026-01-29,7190,Organic Search,Desktop,DE,199.03,0.0,14.38,184.66,PayPal
204044,2025-12-31,11034,Email,Mobile,AU,24.25,5.05,2.22,27.08,Shop Pay
204045,2026-01-23,386,Organic Search,Mobile,AU,103.96,0.0,0.0,103.96,PayPal
204046,2025-10-06,2849,Organic Search,Mobile,DE,144.47,0.0,0.0,144.47,Shop Pay
204047,2025-08-21,9056,Organic Search,Desktop,US,213.43,0.0,17.3,196.13,Credit Card
204048,2025-10-05,7701,Paid Social,Desktop,CA,12.15,5.91,0.0,18.06,Shop Pay
204049,2025-11-08,12499,Email,Mobile,CA,90.01,0.0,10.51,79.5,Shop Pay
204050,2025-10-27,13996,Organic Search,Desktop,CA,124.44,0.0,0.0,124.44,Apple Pay
204051,2025-09-18,6770,Paid Search,Desktop,AU,31.59,6.25,0.0,37.84,PayPal
204052,2025-09-07,11078,Paid Social,Mobile,UK,82.92,0.0,3.16,79.76,Apple Pay
204053,2025-10-20,9877,Email,Mobile,AU,39.76,0.0,2.89,36.87,Credit Card
204054,2025-10-21,3059,Paid Search,Mobile,UK,186.14,0.0,16.52,169.62,PayPal
204055,2025-10-10,12538,Organic Search,Desktop,DE,107.91,0.0,0.0,107.91,PayPal
204056,2026-01-06,7142,Direct,Desktop,DE,151.41,0.0,0.0,151.41,Apple Pay
204057,2025-12-22,622,Paid Search,Mobile,UK,105.8,0.0,0.0,105.8,Credit Card
204058,2025-12-05,1303,Organic Search,Desktop,UK,255.33,0.0,0.0,255.33,PayPal
204059,2025-10-23,3167,Paid Social,Desktop,UK,19.27,7.82,1.88,25.21,Apple Pay
204060,2025-11-16,11135,Direct,Mobile,UK,168.32,0.0,0.0,168.32,Shop Pay
204061,2026-01-18,10428,Paid Search,Mobile,US,131.76,0.0,12.99,118.77,PayPal
204062,2025-10-06,10663,Email,Mobile,UK,17.71,5.75,0.0,23.46,Credit Card
204063,2026-01-10,3357,Direct,Desktop,US,76.21,0.0,0.0,76.21,Apple Pay
204064,2026-01-30,1437,Organic Search,Mobile,CA,212.93,0.0,0.0,212.93,PayPal
204065,2026-01-10,4339,Direct,Mobile,UK,54.57,6.12,0.0,60.69,Credit Card
204066,2026-02-02,3997,Direct,Desktop,DE,209.92,0.0,0.0,209.92,PayPal
204067,2025-11-10,4790,Email,Desktop,DE,162.1,0.0,6.19,155.91,Shop Pay
204068,2025-12-04,8474,Paid Social,Mobile,AU,139.48,0.0,4.6,134.88,Shop Pay
204069,2025-08-22,2811,Paid Search,Mobile,DE,9.79,7.45,0.67,16.56,PayPal
204070,2025-11-08,9560,Direct,Mobile,DE,127.63,0.0,5.85,121.77,Apple Pay
204071,2026-01-03,15079,Email,Desktop,UK,229.29,0.0,12.97,216.32,PayPal
204072,2025-12-09,15839,Paid Search,Desktop,UK,165.16,0.0,11.18,153.98,Apple Pay
204073,2026-02-06,14696,Direct,Desktop,AU,65.49,0.0,0.0,65.49,PayPal
204074,2026-02-09,74,Organic Search,Desktop,US,44.86,5.55,0.0,50.4,Credit Card
204075,2025-09-10,12252,Email,Desktop,AU,26.99,5.68,0.0,32.66,Credit Card
204076,2025-09-23,4566,Organic Search,Desktop,US,68.51,0.0,0.0,68.51,Apple Pay
204077,2026-01-30,11847,Direct,Mobile,US,53.68,0.0,0.0,53.68,PayPal
204078,2025-10-26,1365,Direct,Mobile,DE,211.14,0.0,0.0,211.14,PayPal
204079,2026-01-14,5271,Email,Mobile,DE,264.47,0.0,22.15,242.32,Apple Pay
204080,2025-12-06,13272,Paid Search,Mobile,DE,156.02,0.0,0.0,156.02,Credit Card
204081,2025-09-17,6355,Email,Mobile,US,237.69,0.0,0.0,237.69,Shop Pay
204082,2025-11-18,8446,Organic Search,Mobile,AU,205.48,0.0,0.0,205.48,Shop Pay
204083,2025-11-24,7636,Paid Social,Mobile,AU,45.64,7.42,0.0,53.06,Shop Pay
204084,2025-12-27,16455,Organic Search,Mobile,US,113.32,0.0,10.82,102.5,PayPal
204085,2025-09-29,9978,Paid Social,Desktop,AU,203.65,0.0,0.0,203.65,Credit Card
204086,2025-10-12,17789,Organic Search,Mobile,UK,156.34,0.0,0.0,156.34,Shop Pay
204087,2025-10-01,2985,Email,Mobile,UK,229.68,0.0,0.0,229.68,Apple Pay
204088,2025-12-31,8240,Direct,Mobile,AU,306.99,0.0,0.0,306.99,Shop Pay
204089,2025-12-26,9620,Paid Social,Mobile,CA,52.84,0.0,0.0,52.84,Shop Pay
204090,2025-08-24,3547,Direct,Mobile,DE,157.1,0.0,14.46,142.65,Shop Pay
204091,2026-01-24,7222,Paid Social,Desktop,DE,149.07,0.0,5.36,143.71,Apple Pay
204092,2026-02-02,1166,Direct,Desktop,AU,77.7,0.0,0.0,77.7,Credit Card
204093,2025-12-07,4098,Email,Mobile,DE,61.93,0.0,0.0,61.93,Apple Pay
204094,2026-01-25,14589,Paid Social,Mobile,UK,19.0,7.11,0.0,26.11,Credit Card
204095,2026-01-20,5779,Email,Desktop,DE,95.48,0.0,6.22,89.26,Shop Pay
204096,2025-12-01,13304,Paid Search,Mobile,CA,223.12,0.0,17.46,205.66,Credit Card
204097,2025-11-14,9243,Email,Desktop,DE,161.96,0.0,0.0,161.96,Apple Pay
204098,2025-08-27,17202,Organic Search,Mobile,CA,181.43,0.0,0.0,181.43,Apple Pay
204099,2025-10-10,262,Paid Search,Desktop,AU,99.19,0.0,0.0,99.19,Apple Pay
204100,2025-09-25,1833,Email,Mobile,UK,59.58,0.0,0.0,59.58,PayPal
204101,2025-10-18,5009,Direct,Desktop,CA,248.1,0.0,20.62,227.48,Shop Pay
204102,2025-09-17,16253,Email,Mobile,UK,116.97,0.0,0.0,116.97,PayPal
204103,2025-09-11,7863,Direct,Desktop,AU,400.79,0.0,0.0,400.79,PayPal
204104,2026-02-08,4261,Direct,Mobile,AU,50.43,0.0,0.0,50.43,Credit Card
204105,2025-08-17,15696,Paid Social,Desktop,UK,113.85,0.0,0.0,113.85,Credit Card
204106,2025-12-08,8184,Paid Social,Mobile,CA,237.33,0.0,19.06,218.27,Apple Pay
204107,2025-09-28,16770,Paid Social,Desktop,CA,163.73,0.0,0.0,163.73,Apple Pay
204108,2025-10-07,13975,Paid Social,Mobile,UK,195.47,0.0,16.45,179.02,PayPal
204109,2025-12-20,16223,Paid Search,Mobile,CA,103.65,0.0,0.0,103.65,Credit Card
204110,2025-09-20,17148,Direct,Mobile,DE,67.28,0.0,0.0,67.28,Credit Card
204111,2025-12-26,13638,Paid Social,Mobile,DE,121.99,0.0,12.18,109.82,Shop Pay
204112,2026-01-16,2959,Paid Social,Desktop,AU,49.84,7.18,0.0,57.03,PayPal
204113,2025-11-05,14197,Direct,Mobile,US,129.59,0.0,0.0,129.59,Apple Pay
204114,2026-01-15,5563,Paid Search,Mobile,US,146.76,0.0,0.0,146.76,PayPal
204115,2026-01-30,2792,Email,Desktop,AU,120.09,0.0,4.31,115.79,PayPal
204116,2025-08-20,1585,Organic Search,Desktop,DE,139.41,0.0,0.0,139.41,Credit Card
204117,2025-12-17,7055,Paid Search,Desktop,DE,92.8,0.0,0.0,92.8,Shop Pay
204118,2025-12-04,3708,Email,Desktop,US,55.97,5.44,0.0,61.42,Apple Pay
204119,2025-08-29,2831,Paid Social,Mobile,CA,112.22,0.0,0.0,112.22,PayPal
204120,2025-08-27,9774,Paid Social,Desktop,DE,161.02,0.0,0.0,161.02,Apple Pay
204121,2025-09-30,126,Email,Mobile,AU,96.47,0.0,4.35,92.12,PayPal
204122,2025-10-30,15499,Direct,Mobile,UK,132.12,0.0,14.91,117.21,PayPal
204123,2025-10-16,11649,Paid Search,Desktop,US,41.16,6.27,0.0,47.43,Shop Pay
204124,2025-11-29,3048,Paid Search,Mobile,DE,172.96,0.0,15.54,157.41,Shop Pay
204125,2025-12-11,9201,Email,Desktop,CA,144.23,0.0,0.0,144.23,Apple Pay
204126,2026-02-10,2930,Paid Social,Mobile,US,150.97,0.0,0.0,150.97,Shop Pay
204127,2025-09-14,2344,Paid Social,Mobile,DE,52.45,0.0,0.0,52.45,Credit Card
204128,2026-01-08,4994,Email,Mobile,CA,232.26,0.0,0.0,232.26,Shop Pay
204129,2025-12-20,10191,Direct,Desktop,AU,26.34,6.68,0.0,33.02,Shop Pay
204130,2025-10-25,7462,Paid Search,Mobile,US,65.36,0.0,0.0,65.36,Apple Pay
204131,2026-01-28,13811,Paid Social,Desktop,DE,35.42,6.05,0.0,41.47,Credit Card
204132,2025-09-11,9908,Email,Desktop,AU,105.33,0.0,8.58,96.75,PayPal
204133,2025-11-02,9457,Direct,Desktop,UK,132.73,0.0,12.16,120.57,Credit Card
204134,2025-09-15,14541,Email,Desktop,UK,87.49,0.0,5.65,81.84,PayPal
204135,2025-11-10,7507,Direct,Desktop,UK,148.34,0.0,0.0,148.34,Apple Pay
204136,2025-09-01,2731,Direct,Mobile,AU,9.32,5.4,0.0,14.72,Credit Card
204137,2025-08-29,2928,Direct,Mobile,AU,36.48,5.61,0.0,42.09,Credit Card
204138,2025-09-19,11869,Paid Search,Desktop,DE,152.45,0.0,0.0,152.45,Credit Card
204139,2026-01-01,954,Email,Mobile,UK,101.3,0.0,0.0,101.3,PayPal
204140,2025-10-12,3196,Direct,Desktop,DE,163.1,0.0,0.0,163.1,Credit Card
204141,2025-10-16,9009,Direct,Desktop,US,121.68,0.0,6.76,114.91,Apple Pay
204142,2025-09-10,4613,Paid Social,Desktop,UK,96.77,0.0,0.0,96.77,Credit Card
204143,2025-11-16,7166,Organic Search,Mobile,US,44.92,0.0,0.0,44.92,Credit Card
204144,2025-11-13,13972,Paid Search,Desktop,UK,125.24,0.0,10.31,114.93,PayPal
204145,2025-11-21,14559,Paid Search,Mobile,AU,43.5,0.0,0.0,43.5,Credit Card
204146,2026-02-01,4788,Organic Search,Mobile,UK,30.15,5.43,0.0,35.58,Credit Card
204147,2026-01-05,14136,Paid Search,Desktop,AU,143.34,0.0,0.0,143.34,Credit Card
204148,2026-01-31,3426,Direct,Desktop,DE,46.26,6.07,0.0,52.33,Credit Card
204149,2025-11-16,2984,Paid Search,Desktop,AU,128.33,0.0,0.0,128.33,Apple Pay
204150,2025-12-06,16404,Email,Mobile,UK,178.46,0.0,0.0,178.46,Apple Pay
204151,2026-01-05,12276,Organic Search,Mobile,CA,228.65,0.0,0.0,228.65,PayPal
204152,2026-01-08,413,Paid Social,Mobile,US,61.81,0.0,5.32,56.48,Shop Pay
204153,2025-11-20,14560,Paid Search,Mobile,DE,131.4,0.0,0.0,131.4,Apple Pay
204154,2025-09-06,11696,Paid Social,Mobile,DE,92.51,0.0,0.0,92.51,Credit Card
204155,2025-11-17,594,Paid Social,Desktop,UK,157.19,0.0,0.0,157.19,Shop Pay
204156,2026-02-06,311,Paid Social,Mobile,CA,114.98,0.0,0.0,114.98,PayPal
204157,2025-10-27,15185,Email,Mobile,AU,18.58,5.8,0.0,24.38,Apple Pay
204158,2026-01-14,5312,Organic Search,Mobile,CA,344.88,0.0,0.0,344.88,Apple Pay
204159,2025-11-19,15494,Direct,Mobile,CA,114.0,0.0,0.0,114.0,Apple Pay
204160,2025-11-25,13712,Paid Search,Mobile,CA,95.39,0.0,0.0,95.39,Apple Pay
204161,2026-02-08,16053,Paid Social,Desktop,AU,253.22,0.0,0.0,253.22,PayPal
204162,2025-10-29,12001,Email,Mobile,CA,205.12,0.0,18.98,186.15,Apple Pay
204163,2026-02-04,1739,Paid Social,Desktop,UK,207.97,0.0,0.0,207.97,Credit Card
204164,2026-01-20,627,Paid Search,Desktop,CA,36.75,0.0,0.0,36.75,Shop Pay
204165,2026-02-03,9431,Email,Mobile,US,219.42,0.0,18.18,201.24,Shop Pay
204166,2025-09-09,12371,Direct,Mobile,AU,81.79,0.0,0.0,81.79,Credit Card
204167,2026-01-24,8915,Paid Social,Desktop,UK,246.06,0.0,0.0,246.06,Shop Pay
204168,2025-10-24,15059,Paid Search,Mobile,US,105.5,0.0,0.0,105.5,Apple Pay
204169,2026-02-01,8576,Direct,Mobile,CA,107.61,0.0,7.59,100.02,PayPal
204170,2025-08-27,17685,Paid Social,Desktop,US,148.08,0.0,0.0,148.08,Apple Pay
204171,2025-08-23,17529,Paid Search,Mobile,CA,192.21,0.0,0.0,192.21,Apple Pay
204172,2025-11-25,5615,Direct,Mobile,CA,77.16,0.0,0.0,77.16,Credit Card
204173,2025-11-28,4042,Email,Mobile,UK,90.49,0.0,0.0,90.49,PayPal
204174,2026-01-02,16875,Paid Social,Desktop,DE,259.43,0.0,0.0,259.43,Apple Pay
204175,2025-09-22,10844,Paid Social,Mobile,CA,74.35,0.0,0.0,74.35,Credit Card
204176,2026-01-19,10826,Paid Search,Desktop,AU,55.51,5.15,0.0,60.66,Apple Pay
204177,2026-01-31,14819,Paid Social,Mobile,DE,34.49,6.61,0.0,41.1,Shop Pay
204178,2025-09-05,10941,Organic Search,Desktop,DE,84.93,0.0,0.0,84.93,Credit Card
204179,2025-11-07,17353,Organic Search,Desktop,DE,18.15,5.35,1.79,21.71,Apple Pay
204180,2025-11-01,313,Paid Search,Desktop,CA,135.48,0.0,5.9,129.58,Shop Pay
204181,2025-10-25,17716,Direct,Mobile,CA,160.66,0.0,0.0,160.66,Credit Card
204182,2025-09-21,12085,Direct,Mobile,DE,122.46,0.0,0.0,122.46,Apple Pay
204183,2026-01-03,7281,Organic Search,Mobile,AU,259.36,0.0,0.0,259.36,Credit Card
204184,2025-12-09,13509,Paid Social,Desktop,AU,146.5,0.0,10.13,136.37,Shop Pay
204185,2025-11-24,16752,Organic Search,Desktop,UK,55.07,5.35,3.89,56.53,Apple Pay
204186,2026-01-01,2375,Direct,Mobile,CA,53.07,5.27,0.0,58.34,PayPal
204187,2025-11-21,1098,Paid Social,Mobile,DE,65.88,0.0,0.0,65.88,Shop Pay
204188,2025-12-06,8694,Organic Search,Desktop,DE,234.9,0.0,0.0,234.9,Credit Card
204189,2026-02-04,2565,Paid Search,Mobile,UK,326.4,0.0,0.0,326.4,Shop Pay
204190,2025-08-30,17008,Organic Search,Desktop,AU,254.2,0.0,22.88,231.32,Credit Card
204191,2025-09-07,14933,Organic Search,Desktop,CA,117.92,0.0,8.12,109.8,Shop Pay
204192,2025-08-19,754,Organic Search,Desktop,UK,27.95,5.8,0.0,33.75,Credit Card
204193,2025-09-12,8066,Paid Social,Mobile,US,59.9,0.0,0.0,59.9,Credit Card
204194,2025-08-16,16051,Email,Mobile,UK,106.23,0.0,6.09,100.14,Shop Pay
204195,2025-12-25,8591,Paid Search,Desktop,US,186.89,0.0,0.0,186.89,PayPal
204196,2025-10-12,3836,Organic Search,Desktop,DE,176.07,0.0,11.26,164.81,PayPal
204197,2025-08-30,8734,Direct,Mobile,DE,127.16,0.0,0.0,127.16,PayPal
204198,2025-11-22,2943,Paid Search,Desktop,US,263.21,0.0,0.0,263.21,Apple Pay
204199,2025-09-14,132,Direct,Desktop,AU,158.33,0.0,0.0,158.33,PayPal
204200,2026-01-31,3453,Email,Desktop,CA,288.77,0.0,0.0,288.77,Credit Card
204201,2026-01-14,3061,Organic Search,Desktop,AU,126.66,0.0,10.77,115.89,PayPal
204202,2025-08-27,11237,Direct,Mobile,US,140.82,0.0,5.88,134.95,Shop Pay
204203,2026-01-07,4224,Direct,Mobile,US,95.56,0.0,9.7,85.86,Shop Pay
204204,2026-01-11,11508,Direct,Mobile,DE,147.42,0.0,15.9,131.52,Apple Pay
204205,2025-09-15,17231,Paid Search,Mobile,US,113.76,0.0,0.0,113.76,Apple Pay
204206,2025-08-30,8336,Paid Search,Desktop,CA,94.93,0.0,0.0,94.93,PayPal
204207,2026-01-28,9398,Email,Mobile,US,231.63,0.0,0.0,231.63,Credit Card
204208,2026-01-22,13198,Paid Social,Desktop,CA,114.55,0.0,0.0,114.55,Credit Card
204209,2025-08-25,677,Paid Social,Desktop,DE,61.53,0.0,7.32,54.21,PayPal
204210,2025-11-14,12348,Organic Search,Desktop,AU,70.46,0.0,7.83,62.64,Apple Pay
204211,2025-11-18,15986,Paid Social,Mobile,DE,177.71,0.0,0.0,177.71,PayPal
204212,2025-12-08,13920,Organic Search,Mobile,DE,158.42,0.0,0.0,158.42,Credit Card
204213,2026-01-22,8368,Email,Mobile,DE,89.77,0.0,0.0,89.77,Apple Pay
204214,2025-08-30,5745,Email,Mobile,US,106.26,0.0,6.77,99.48,Credit Card
204215,2025-12-11,15033,Organic Search,Mobile,CA,204.39,0.0,15.0,189.39,Credit Card
204216,2025-10-08,7684,Direct,Desktop,DE,128.46,0.0,0.0,128.46,Credit Card
204217,2026-01-29,14953,Direct,Desktop,CA,47.11,5.44,4.38,48.17,Shop Pay
204218,2025-10-26,214,Paid Search,Desktop,AU,266.31,0.0,0.0,266.31,Apple Pay
204219,2026-01-30,16767,Email,Mobile,AU,256.97,0.0,0.0,256.97,Shop Pay
204220,2025-09-04,10894,Organic Search,Mobile,DE,163.69,0.0,0.0,163.69,Apple Pay
204221,2025-11-16,8570,Email,Desktop,AU,257.82,0.0,0.0,257.82,Apple Pay
204222,2025-12-21,4456,Email,Mobile,UK,52.68,7.14,3.48,56.34,PayPal
204223,2026-01-30,10514,Paid Social,Desktop,UK,146.42,0.0,0.0,146.42,Credit Card
204224,2026-01-22,6999,Paid Search,Desktop,DE,149.38,0.0,12.92,136.46,Apple Pay
204225,2025-10-02,10954,Paid Social,Desktop,AU,55.53,6.82,0.0,62.34,PayPal
204226,2025-08-21,7198,Direct,Desktop,CA,148.95,0.0,0.0,148.95,Credit Card
204227,2025-09-07,17318,Paid Social,Desktop,AU,156.45,0.0,18.74,137.7,Shop Pay
204228,2025-09-23,7599,Email,Desktop,US,226.22,0.0,0.0,226.22,Credit Card
204229,2025-08-17,4266,Email,Desktop,AU,334.79,0.0,0.0,334.79,Credit Card
204230,2025-09-13,3948,Email,Desktop,US,108.22,0.0,0.0,108.22,Credit Card
204231,2025-12-05,14827,Direct,Mobile,AU,93.19,0.0,0.0,93.19,Apple Pay
204232,2025-09-16,9509,Paid Search,Desktop,CA,34.36,5.61,0.0,39.98,Apple Pay
204233,2026-01-04,101,Paid Social,Desktop,US,104.8,0.0,8.12,96.68,Shop Pay
204234,2025-11-26,13952,Organic Search,Mobile,CA,32.91,6.43,0.0,39.34,Apple Pay
204235,2026-01-08,15554,Paid Search,Desktop,UK,75.97,0.0,3.96,72.01,Shop Pay
204236,2025-10-03,3110,Organic Search,Mobile,US,314.18,0.0,0.0,314.18,PayPal
204237,2025-10-07,2661,Email,Mobile,UK,156.0,0.0,9.75,146.25,Credit Card
204238,2026-01-15,2712,Email,Desktop,CA,62.57,0.0,0.0,62.57,Shop Pay
204239,2025-09-21,12326,Email,Mobile,US,9.85,7.27,0.0,17.12,Credit Card
204240,2025-09-12,298,Paid Search,Mobile,CA,168.12,0.0,0.0,168.12,Shop Pay
204241,2025-11-13,17302,Paid Search,Desktop,CA,65.66,0.0,0.0,65.66,PayPal
204242,2025-12-23,15407,Paid Social,Mobile,AU,53.9,0.0,0.0,53.9,PayPal
204243,2025-10-31,1463,Email,Mobile,CA,282.27,0.0,0.0,282.27,PayPal
204244,2025-10-16,5689,Organic Search,Mobile,DE,41.41,0.0,0.0,41.41,Credit Card
204245,2025-12-11,12352,Email,Desktop,DE,183.02,0.0,0.0,183.02,Shop Pay
204246,2025-12-23,6006,Paid Search,Mobile,UK,60.87,0.0,3.3,57.57,Shop Pay
204247,2025-08-19,106,Direct,Desktop,US,163.13,0.0,0.0,163.13,Shop Pay
204248,2026-02-02,3712,Direct,Desktop,DE,201.75,0.0,0.0,201.75,Credit Card
204249,2025-10-10,772,Paid Search,Mobile,CA,101.65,0.0,0.0,101.65,Credit Card
204250,2026-01-11,13388,Paid Social,Desktop,CA,183.8,0.0,0.0,183.8,Credit Card
204251,2026-02-08,2680,Paid Search,Desktop,AU,24.45,7.04,2.04,29.45,Apple Pay
204252,2026-01-14,13379,Organic Search,Desktop,UK,216.41,0.0,0.0,216.41,Apple Pay
204253,2025-10-26,794,Paid Social,Mobile,AU,120.29,0.0,0.0,120.29,Apple Pay
204254,2025-08-30,9661,Paid Search,Desktop,AU,213.59,0.0,23.52,190.07,Apple Pay
204255,2025-09-28,13473,Email,Desktop,CA,175.76,0.0,0.0,175.76,PayPal
204256,2026-01-07,17481,Direct,Desktop,CA,41.54,0.0,0.0,41.54,Apple Pay
204257,2026-02-06,1447,Organic Search,Mobile,UK,125.99,0.0,0.0,125.99,Credit Card
204258,2025-10-09,11518,Paid Social,Desktop,US,200.25,0.0,0.0,200.25,PayPal
204259,2026-01-07,14884,Direct,Mobile,CA,213.93,0.0,0.0,213.93,PayPal
204260,2025-09-01,13782,Organic Search,Mobile,DE,220.47,0.0,0.0,220.47,Shop Pay
204261,2026-01-21,12306,Direct,Mobile,US,293.69,0.0,0.0,293.69,Shop Pay
204262,2025-12-09,8215,Email,Desktop,DE,230.14,0.0,0.0,230.14,Apple Pay
204263,2025-08-27,4528,Organic Search,Desktop,CA,123.81,0.0,12.68,111.13,Credit Card
204264,2025-10-27,534,Direct,Desktop,US,91.03,0.0,0.0,91.03,PayPal
204265,2026-01-27,1894,Paid Search,Desktop,AU,129.69,0.0,0.0,129.69,Credit Card
204266,2025-11-02,432,Paid Search,Mobile,CA,189.94,0.0,11.77,178.17,Apple Pay
204267,2025-11-10,5650,Direct,Mobile,US,174.38,0.0,0.0,174.38,Credit Card
204268,2025-08-29,4801,Organic Search,Desktop,CA,199.46,0.0,0.0,199.46,Apple Pay
204269,2025-09-08,15835,Paid Social,Mobile,DE,118.61,0.0,0.0,118.61,Apple Pay
204270,2026-01-22,12872,Email,Mobile,DE,119.53,0.0,0.0,119.53,PayPal
204271,2025-09-21,6881,Organic Search,Desktop,DE,152.64,0.0,0.0,152.64,Shop Pay
204272,2026-02-08,11475,Paid Social,Desktop,US,237.85,0.0,0.0,237.85,Apple Pay
204273,2025-10-21,8054,Organic Search,Mobile,DE,193.91,0.0,0.0,193.91,PayPal
204274,2025-11-22,16022,Organic Search,Mobile,UK,71.56,0.0,0.0,71.56,Shop Pay
204275,2025-09-17,13703,Direct,Desktop,DE,94.44,0.0,0.0,94.44,Credit Card
204276,2025-11-03,16335,Paid Social,Desktop,US,103.2,0.0,0.0,103.2,PayPal
204277,2025-09-22,5401,Organic Search,Mobile,CA,29.32,6.32,0.0,35.64,Apple Pay
204278,2025-12-27,16965,Email,Desktop,UK,141.31,0.0,0.0,141.31,Credit Card
204279,2025-12-14,1664,Paid Search,Mobile,US,242.13,0.0,27.49,214.64,Shop Pay
204280,2025-08-23,13694,Organic Search,Desktop,UK,239.42,0.0,0.0,239.42,PayPal
204281,2026-01-19,17052,Paid Social,Mobile,US,60.4,0.0,7.02,53.38,PayPal
204282,2025-10-31,1308,Paid Social,Desktop,UK,70.68,0.0,6.34,64.34,Shop Pay
204283,2025-08-16,11431,Direct,Desktop,UK,283.66,0.0,23.51,260.15,Apple Pay
204284,2026-01-22,2285,Direct,Desktop,DE,131.36,0.0,0.0,131.36,Shop Pay
204285,2026-01-08,14574,Paid Social,Mobile,UK,195.3,0.0,0.0,195.3,Shop Pay
204286,2026-01-24,4343,Organic Search,Desktop,CA,253.59,0.0,0.0,253.59,Shop Pay
204287,2025-09-30,4788,Paid Social,Mobile,CA,140.24,0.0,11.44,128.8,PayPal
204288,2025-10-06,10062,Paid Search,Mobile,US,207.25,0.0,0.0,207.25,Apple Pay
204289,2025-10-28,4126,Paid Social,Desktop,CA,66.11,0.0,0.0,66.11,Shop Pay
204290,2025-11-23,14061,Paid Social,Desktop,CA,93.31,0.0,0.0,93.31,Shop Pay
204291,2025-12-19,4229,Organic Search,Mobile,AU,155.48,0.0,0.0,155.48,Apple Pay
204292,2025-12-31,11832,Paid Social,Desktop,US,117.61,0.0,13.35,104.26,PayPal
204293,2026-01-13,3342,Email,Desktop,CA,158.07,0.0,14.25,143.82,Credit Card
204294,2026-01-21,6868,Email,Mobile,CA,131.05,0.0,4.09,126.96,Apple Pay
204295,2026-02-06,1568,Email,Desktop,CA,103.34,0.0,0.0,103.34,Credit Card
204296,2025-11-30,15594,Organic Search,Mobile,US,182.14,0.0,10.83,171.31,PayPal
204297,2026-02-07,11094,Paid Social,Desktop,US,178.35,0.0,6.44,171.92,PayPal
204298,2026-01-02,15231,Paid Search,Desktop,UK,208.83,0.0,0.0,208.83,Apple Pay
204299,2026-01-28,4900,Organic Search,Mobile,CA,210.71,0.0,0.0,210.71,Credit Card
204300,2025-10-13,4899,Organic Search,Mobile,UK,10.74,6.83,1.02,16.56,Shop Pay
204301,2026-02-06,6530,Direct,Mobile,CA,49.95,0.0,0.0,49.95,PayPal
204302,2025-10-26,12392,Organic Search,Desktop,UK,192.24,0.0,18.28,173.96,Apple Pay
204303,2025-10-07,4618,Paid Search,Mobile,DE,26.27,6.58,0.9,31.95,Credit Card
204304,2026-01-27,14626,Organic Search,Mobile,CA,79.15,0.0,0.0,79.15,Credit Card
204305,2025-12-30,12265,Paid Search,Mobile,AU,130.97,0.0,12.67,118.3,PayPal
204306,2025-11-14,6519,Paid Search,Desktop,US,276.07,0.0,28.84,247.23,Apple Pay
204307,2025-08-30,16850,Paid Social,Mobile,UK,243.29,0.0,0.0,243.29,PayPal
204308,2026-01-19,9694,Direct,Mobile,US,126.61,0.0,0.0,126.61,PayPal
204309,2025-09-07,16884,Paid Social,Mobile,UK,30.0,6.85,2.3,34.55,Shop Pay
204310,2025-11-23,16448,Direct,Desktop,CA,57.04,0.0,0.0,57.04,PayPal
204311,2025-12-23,9054,Paid Search,Desktop,US,99.7,0.0,0.0,99.7,Shop Pay
204312,2025-11-04,17924,Direct,Desktop,AU,104.07,0.0,0.0,104.07,Shop Pay
204313,2025-12-22,13037,Organic Search,Desktop,UK,132.6,0.0,0.0,132.6,Apple Pay
204314,2025-08-18,1726,Email,Desktop,DE,164.85,0.0,15.33,149.52,PayPal
204315,2025-12-24,11330,Email,Mobile,US,130.56,0.0,0.0,130.56,PayPal
204316,2025-08-16,9260,Email,Mobile,AU,50.44,7.27,0.0,57.72,Apple Pay
204317,2026-01-27,10773,Paid Search,Mobile,US,78.94,0.0,0.0,78.94,PayPal
204318,2025-11-01,16216,Paid Social,Mobile,AU,54.7,0.0,0.0,54.7,Shop Pay
204319,2025-10-01,13514,Paid Search,Desktop,CA,137.79,0.0,6.7,131.09,PayPal
204320,2026-01-10,17272,Email,Desktop,DE,191.72,0.0,0.0,191.72,Shop Pay
204321,2025-11-27,1095,Email,Desktop,US,11.66,5.96,0.0,17.62,Shop Pay
204322,2025-08-18,176,Paid Social,Mobile,AU,157.72,0.0,14.31,143.41,PayPal
204323,2025-10-25,17303,Paid Social,Mobile,US,47.14,0.0,0.0,47.14,PayPal
204324,2025-12-09,5607,Email,Desktop,US,151.18,0.0,13.61,137.57,Apple Pay
204325,2025-08-27,17650,Paid Social,Mobile,CA,143.45,0.0,0.0,143.45,PayPal
204326,2025-09-03,2039,Direct,Desktop,US,244.74,0.0,22.95,221.79,Shop Pay
204327,2025-10-31,2750,Paid Social,Mobile,US,132.16,0.0,0.0,132.16,Apple Pay
204328,2026-01-12,8722,Paid Search,Mobile,US,111.94,0.0,12.63,99.31,PayPal
204329,2025-11-02,16966,Direct,Desktop,UK,40.88,0.0,0.0,40.88,Shop Pay
204330,2025-11-01,14830,Organic Search,Mobile,DE,74.83,0.0,0.0,74.83,PayPal
204331,2025-08-21,3971,Organic Search,Mobile,AU,92.02,0.0,0.0,92.02,Credit Card
204332,2026-02-03,464,Paid Social,Mobile,US,130.38,0.0,0.0,130.38,PayPal
204333,2026-02-01,14562,Organic Search,Mobile,US,189.86,0.0,0.0,189.86,Apple Pay
204334,2026-01-27,4685,Direct,Mobile,UK,60.03,0.0,4.63,55.4,PayPal
204335,2025-08-19,7148,Email,Mobile,DE,51.24,5.28,0.0,56.52,Apple Pay
204336,2025-12-13,13093,Paid Social,Mobile,CA,145.79,0.0,0.0,145.79,PayPal
204337,2025-12-10,726,Paid Search,Desktop,AU,187.69,0.0,0.0,187.69,PayPal
204338,2026-01-23,1094,Email,Mobile,UK,297.01,0.0,20.23,276.79,PayPal
204339,2026-01-26,2933,Paid Search,Desktop,DE,90.53,0.0,3.37,87.16,Apple Pay
204340,2025-10-13,5041,Paid Search,Desktop,UK,195.53,0.0,8.23,187.31,Apple Pay
204341,2025-12-27,2659,Organic Search,Mobile,UK,119.24,0.0,11.48,107.76,Apple Pay
204342,2025-10-09,14458,Direct,Mobile,DE,22.29,6.36,0.0,28.66,Credit Card
204343,2025-10-09,7805,Email,Desktop,DE,75.28,0.0,8.43,66.85,Shop Pay
204344,2025-12-30,8612,Organic Search,Desktop,US,155.45,0.0,0.0,155.45,Credit Card
204345,2026-02-01,1699,Paid Social,Desktop,DE,64.14,0.0,3.38,60.76,PayPal
204346,2025-11-29,2586,Email,Mobile,UK,29.72,7.89,0.0,37.61,Apple Pay
204347,2026-01-06,11720,Paid Social,Desktop,UK,89.0,0.0,0.0,89.0,PayPal
204348,2025-10-18,15597,Paid Social,Mobile,DE,9.08,7.12,0.0,16.19,Credit Card
204349,2025-08-31,1759,Organic Search,Desktop,AU,261.09,0.0,14.4,246.69,Credit Card
204350,2026-01-18,2723,Paid Search,Desktop,UK,266.47,0.0,0.0,266.47,Shop Pay
204351,2025-08-29,13402,Email,Desktop,UK,10.63,7.87,0.7,17.8,PayPal
204352,2025-11-06,5458,Paid Social,Desktop,CA,125.41,0.0,10.96,114.45,Shop Pay
204353,2026-02-10,5090,Direct,Mobile,UK,45.5,6.38,4.55,47.33,PayPal
204354,2025-09-23,6382,Paid Search,Desktop,DE,203.8,0.0,0.0,203.8,Shop Pay
204355,2025-09-04,15973,Paid Social,Mobile,AU,183.94,0.0,0.0,183.94,PayPal
204356,2026-01-22,88,Paid Social,Desktop,AU,238.15,0.0,0.0,238.15,Apple Pay
204357,2025-09-04,10472,Direct,Mobile,AU,175.4,0.0,7.66,167.74,Apple Pay
204358,2025-09-15,11386,Direct,Mobile,DE,126.91,0.0,0.0,126.91,Credit Card
204359,2025-10-04,7800,Organic Search,Desktop,CA,49.61,0.0,4.59,45.03,Shop Pay
204360,2025-08-16,10133,Paid Search,Mobile,CA,84.58,0.0,5.83,78.75,Apple Pay
204361,2025-09-11,11827,Paid Search,Desktop,US,186.68,0.0,13.12,173.56,Credit Card
204362,2026-02-06,4666,Paid Search,Mobile,AU,168.39,0.0,0.0,168.39,Shop Pay
204363,2025-10-30,4522,Paid Search,Mobile,AU,237.08,0.0,10.28,226.8,Shop Pay
204364,2025-10-04,553,Paid Social,Mobile,AU,259.36,0.0,0.0,259.36,PayPal
204365,2026-01-14,792,Paid Search,Mobile,AU,105.23,0.0,3.26,101.97,Shop Pay
204366,2025-10-04,1986,Organic Search,Desktop,AU,47.25,0.0,0.0,47.25,Credit Card
204367,2025-11-13,9157,Organic Search,Desktop,US,140.08,0.0,0.0,140.08,Shop Pay
204368,2025-09-24,7181,Paid Search,Mobile,UK,122.89,0.0,0.0,122.89,PayPal
204369,2026-02-01,1881,Organic Search,Desktop,AU,46.72,0.0,0.0,46.72,PayPal
204370,2025-11-17,9545,Paid Social,Desktop,DE,69.22,0.0,0.0,69.22,Shop Pay
204371,2025-10-29,9200,Email,Desktop,US,79.19,0.0,2.64,76.55,PayPal
204372,2025-11-17,1814,Paid Search,Mobile,CA,40.89,7.31,3.43,44.78,PayPal
204373,2025-08-27,14972,Paid Social,Mobile,UK,50.05,0.0,2.2,47.85,PayPal
204374,2025-12-24,12118,Direct,Desktop,CA,88.42,0.0,7.17,81.25,PayPal
204375,2026-01-04,2200,Paid Search,Mobile,CA,89.13,0.0,8.96,80.18,Apple Pay
204376,2025-10-31,8175,Paid Social,Desktop,CA,40.15,0.0,0.0,40.15,PayPal
204377,2025-08-27,17405,Organic Search,Mobile,CA,165.23,0.0,0.0,165.23,Credit Card
204378,2025-12-24,3810,Organic Search,Desktop,US,19.92,5.73,0.81,24.83,Apple Pay
204379,2025-10-07,16036,Organic Search,Desktop,UK,32.24,5.04,0.0,37.28,Credit Card
204380,2026-02-03,17377,Email,Mobile,UK,157.86,0.0,0.0,157.86,Shop Pay
204381,2025-10-15,9853,Email,Desktop,AU,140.62,0.0,0.0,140.62,Shop Pay
204382,2025-11-05,2357,Paid Social,Desktop,US,37.97,0.0,0.0,37.97,Apple Pay
204383,2025-10-25,10762,Direct,Mobile,CA,273.83,0.0,11.96,261.86,PayPal
204384,2025-08-31,14901,Direct,Desktop,UK,84.56,0.0,0.0,84.56,Apple Pay
204385,2025-10-21,16282,Paid Search,Desktop,AU,47.88,0.0,0.0,47.88,Apple Pay
204386,2025-09-30,10383,Email,Desktop,DE,9.78,5.39,1.17,14.0,Apple Pay
204387,2025-10-08,5303,Email,Mobile,AU,96.49,0.0,0.0,96.49,Apple Pay
204388,2026-02-04,511,Paid Search,Mobile,UK,197.65,0.0,0.0,197.65,Credit Card
204389,2025-10-29,15604,Direct,Mobile,UK,312.39,0.0,0.0,312.39,Shop Pay
204390,2026-01-30,14413,Paid Social,Desktop,US,20.9,6.27,0.0,27.17,Credit Card
204391,2025-10-01,13136,Direct,Desktop,CA,95.42,0.0,0.0,95.42,Credit Card
204392,2025-12-26,6384,Organic Search,Desktop,AU,191.91,0.0,0.0,191.91,Shop Pay
204393,2026-01-06,773,Direct,Mobile,UK,48.32,7.35,0.0,55.66,Shop Pay
204394,2025-10-23,6173,Direct,Desktop,US,191.2,0.0,15.45,175.75,Credit Card
204395,2025-11-26,2967,Paid Search,Desktop,AU,214.14,0.0,0.0,214.14,Apple Pay
204396,2025-12-30,2096,Email,Mobile,CA,67.88,0.0,0.0,67.88,Apple Pay
204397,2025-09-22,11462,Organic Search,Desktop,US,89.13,0.0,0.0,89.13,PayPal
204398,2026-01-24,1350,Direct,Mobile,CA,120.58,0.0,7.31,113.27,PayPal
204399,2025-08-20,11886,Direct,Desktop,UK,142.58,0.0,0.0,142.58,PayPal
204400,2025-09-04,10894,Email,Mobile,US,245.09,0.0,0.0,245.09,Shop Pay
204401,2026-01-13,14155,Paid Search,Mobile,CA,367.12,0.0,0.0,367.12,Credit Card
204402,2025-11-13,15003,Paid Search,Mobile,US,181.44,0.0,0.0,181.44,Credit Card
204403,2026-01-02,9339,Organic Search,Desktop,DE,155.39,0.0,7.95,147.44,PayPal
204404,2025-10-18,9235,Paid Social,Mobile,DE,255.72,0.0,9.59,246.13,Credit Card
204405,2025-11-02,5218,Email,Desktop,US,125.12,0.0,8.85,116.27,Apple Pay
204406,2025-11-11,2560,Email,Desktop,CA,42.14,7.02,0.0,49.16,Shop Pay
204407,2025-08-28,13589,Paid Search,Mobile,DE,162.49,0.0,10.36,152.13,PayPal
204408,2025-11-25,8625,Direct,Mobile,US,23.14,6.42,0.0,29.56,Credit Card
204409,2025-10-24,452,Organic Search,Mobile,US,267.53,0.0,0.0,267.53,Shop Pay
204410,2025-11-06,12444,Paid Search,Mobile,US,37.55,7.89,0.0,45.44,PayPal
204411,2026-01-31,9699,Email,Mobile,UK,76.16,0.0,0.0,76.16,Shop Pay
204412,2025-11-25,2961,Paid Social,Mobile,UK,146.82,0.0,0.0,146.82,PayPal
204413,2025-10-03,7838,Paid Social,Desktop,UK,105.86,0.0,0.0,105.86,Shop Pay
204414,2025-10-08,11792,Email,Mobile,AU,200.71,0.0,0.0,200.71,Shop Pay
204415,2026-01-24,9921,Organic Search,Desktop,DE,231.18,0.0,0.0,231.18,Shop Pay
204416,2025-11-22,16684,Paid Social,Desktop,CA,272.06,0.0,0.0,272.06,Shop Pay
204417,2025-11-25,1052,Organic Search,Mobile,US,160.38,0.0,6.56,153.83,Apple Pay
204418,2025-11-14,14276,Direct,Desktop,UK,200.77,0.0,0.0,200.77,PayPal
204419,2026-01-25,3780,Organic Search,Desktop,AU,121.92,0.0,0.0,121.92,PayPal
204420,2025-09-04,15535,Organic Search,Desktop,US,252.03,0.0,15.1,236.93,Credit Card
204421,2026-01-13,12445,Email,Mobile,US,129.15,0.0,6.68,122.47,Apple Pay
204422,2026-01-03,14484,Email,Mobile,UK,87.69,0.0,0.0,87.69,Shop Pay
204423,2025-11-07,11591,Organic Search,Desktop,AU,321.64,0.0,0.0,321.64,Credit Card
204424,2025-12-01,7098,Paid Search,Desktop,AU,92.19,0.0,3.93,88.26,Credit Card
204425,2025-11-26,7959,Paid Social,Mobile,UK,107.48,0.0,0.0,107.48,Shop Pay
204426,2025-11-27,3618,Paid Search,Mobile,US,88.9,0.0,7.12,81.78,PayPal
204427,2025-09-06,12749,Organic Search,Desktop,CA,44.7,5.8,0.0,50.5,Shop Pay
204428,2026-02-08,5112,Paid Search,Desktop,CA,155.23,0.0,0.0,155.23,Apple Pay
204429,2025-11-08,14545,Organic Search,Mobile,CA,59.04,0.0,1.92,57.12,PayPal
204430,2025-09-25,13607,Direct,Desktop,CA,201.02,0.0,19.76,181.26,PayPal
204431,2025-09-03,3311,Organic Search,Mobile,DE,77.93,0.0,7.98,69.95,Apple Pay
204432,2025-09-05,1566,Organic Search,Mobile,DE,255.41,0.0,11.89,243.52,PayPal
204433,2025-12-23,2567,Paid Search,Mobile,UK,147.85,0.0,0.0,147.85,Shop Pay
204434,2025-12-05,10128,Paid Social,Desktop,AU,74.79,0.0,8.8,65.99,Apple Pay
204435,2025-12-27,4403,Organic Search,Desktop,UK,96.34,0.0,4.35,91.99,PayPal
204436,2025-12-04,14733,Organic Search,Mobile,AU,102.92,0.0,0.0,102.92,PayPal
204437,2026-01-13,14416,Paid Search,Desktop,DE,126.81,0.0,0.0,126.81,Apple Pay
204438,2025-11-14,5319,Direct,Mobile,AU,76.12,0.0,0.0,76.12,PayPal
204439,2025-10-09,9691,Direct,Mobile,DE,76.33,0.0,5.96,70.37,Apple Pay
204440,2025-08-23,2852,Organic Search,Mobile,CA,18.82,6.99,1.53,24.29,Credit Card
204441,2025-10-27,12537,Organic Search,Mobile,DE,280.27,0.0,23.91,256.37,PayPal
204442,2025-11-22,5840,Email,Mobile,CA,70.04,0.0,4.63,65.4,Apple Pay
204443,2025-09-07,776,Paid Search,Mobile,AU,119.76,0.0,0.0,119.76,Credit Card
204444,2025-09-07,15924,Direct,Mobile,UK,127.93,0.0,0.0,127.93,Credit Card
204445,2026-01-14,5829,Paid Search,Mobile,AU,67.25,0.0,3.09,64.16,Shop Pay
204446,2025-08-19,8614,Organic Search,Mobile,UK,56.79,0.0,0.0,56.79,Credit Card
204447,2026-02-06,3811,Organic Search,Desktop,AU,132.07,0.0,0.0,132.07,Shop Pay
204448,2025-12-22,7856,Direct,Mobile,DE,48.03,0.0,4.55,43.48,Shop Pay
204449,2025-11-22,4926,Email,Desktop,US,30.5,6.07,0.0,36.57,Credit Card
204450,2025-12-26,6403,Paid Search,Desktop,CA,179.61,0.0,0.0,179.61,Credit Card
204451,2025-09-07,9652,Organic Search,Mobile,CA,175.84,0.0,17.88,157.96,Credit Card
204452,2025-12-04,7510,Paid Social,Desktop,DE,122.46,0.0,0.0,122.46,Credit Card
204453,2025-11-22,3892,Direct,Mobile,AU,25.28,5.65,2.82,28.11,Shop Pay
204454,2025-11-01,1428,Email,Mobile,DE,294.79,0.0,0.0,294.79,Apple Pay
204455,2025-09-14,2201,Email,Mobile,AU,63.0,0.0,0.0,63.0,Apple Pay
204456,2025-08-25,17090,Paid Search,Desktop,DE,134.51,0.0,0.0,134.51,Credit Card
204457,2026-02-06,4222,Email,Desktop,AU,65.09,0.0,0.0,65.09,Shop Pay
204458,2025-11-05,12742,Paid Social,Mobile,US,75.15,0.0,0.0,75.15,Credit Card
204459,2025-08-24,4182,Paid Search,Desktop,DE,238.2,0.0,0.0,238.2,Credit Card
204460,2025-11-28,17515,Organic Search,Desktop,UK,223.12,0.0,16.64,206.48,Apple Pay
204461,2025-09-01,5278,Paid Search,Mobile,AU,101.77,0.0,0.0,101.77,PayPal
204462,2025-09-21,12463,Paid Search,Mobile,CA,22.8,7.95,2.25,28.5,Shop Pay
204463,2025-08-22,868,Paid Search,Mobile,UK,56.73,0.0,5.33,51.39,Credit Card
204464,2026-01-10,14804,Organic Search,Desktop,CA,239.87,0.0,26.54,213.33,Shop Pay
204465,2025-12-11,6606,Direct,Mobile,UK,132.75,0.0,0.0,132.75,Shop Pay
204466,2025-12-22,10285,Email,Mobile,CA,132.13,0.0,0.0,132.13,Apple Pay
204467,2026-01-17,10338,Email,Desktop,US,57.03,0.0,0.0,57.03,Apple Pay
204468,2025-08-30,4660,Direct,Mobile,US,260.77,0.0,0.0,260.77,Shop Pay
204469,2025-11-17,1593,Email,Mobile,DE,165.69,0.0,0.0,165.69,Credit Card
204470,2026-01-12,4179,Direct,Mobile,UK,75.3,0.0,5.8,69.49,PayPal
204471,2025-11-18,1773,Paid Search,Mobile,CA,79.81,0.0,0.0,79.81,PayPal
204472,2026-01-16,5387,Paid Social,Mobile,DE,146.56,0.0,11.89,134.68,Credit Card
204473,2025-08-26,4337,Organic Search,Desktop,US,231.36,0.0,0.0,231.36,Shop Pay
204474,2025-09-04,13896,Paid Search,Desktop,US,157.82,0.0,0.0,157.82,Credit Card
204475,2025-09-15,2619,Organic Search,Desktop,UK,152.84,0.0,0.0,152.84,Shop Pay
204476,2025-09-12,5164,Email,Mobile,UK,126.89,0.0,0.0,126.89,Apple Pay
204477,2025-08-21,6187,Paid Social,Mobile,UK,42.3,6.15,0.0,48.45,Credit Card
204478,2026-01-30,12240,Organic Search,Desktop,US,29.16,5.59,1.41,33.34,Apple Pay
204479,2025-12-09,7303,Direct,Mobile,US,21.59,6.06,2.51,25.14,Apple Pay
204480,2026-01-19,11728,Paid Search,Mobile,CA,114.64,0.0,4.37,110.27,Credit Card
204481,2026-01-16,16171,Paid Social,Mobile,UK,108.14,0.0,6.03,102.11,Credit Card
204482,2025-08-15,277,Direct,Desktop,CA,110.4,0.0,0.0,110.4,Shop Pay
204483,2026-01-11,9334,Direct,Desktop,UK,168.1,0.0,17.87,150.23,Apple Pay
204484,2025-08-25,11832,Paid Search,Mobile,UK,121.19,0.0,0.0,121.19,Shop Pay
204485,2026-02-08,3001,Paid Search,Desktop,UK,120.26,0.0,5.17,115.09,PayPal
204486,2025-11-25,15743,Paid Social,Mobile,DE,85.69,0.0,7.15,78.54,Apple Pay
204487,2025-10-09,14932,Paid Social,Mobile,DE,330.28,0.0,0.0,330.28,PayPal
204488,2025-12-21,15118,Paid Social,Mobile,DE,174.7,0.0,0.0,174.7,PayPal
204489,2025-10-07,8049,Organic Search,Desktop,DE,297.09,0.0,0.0,297.09,Shop Pay
204490,2025-12-26,7362,Direct,Mobile,AU,30.58,5.91,0.0,36.5,PayPal
204491,2026-01-07,3702,Direct,Mobile,DE,204.6,0.0,0.0,204.6,Credit Card
204492,2026-01-25,5485,Paid Social,Mobile,AU,247.51,0.0,0.0,247.51,Credit Card
204493,2026-01-20,4842,Organic Search,Desktop,UK,151.11,0.0,0.0,151.11,Shop Pay
204494,2026-01-11,1084,Direct,Desktop,US,62.37,0.0,0.0,62.37,PayPal
204495,2026-01-16,10330,Paid Social,Desktop,AU,107.89,0.0,0.0,107.89,Apple Pay
204496,2025-10-18,14744,Email,Desktop,DE,81.15,0.0,0.0,81.15,PayPal
204497,2025-08-21,16755,Direct,Mobile,UK,110.22,0.0,11.34,98.88,Shop Pay
204498,2025-10-13,14349,Email,Mobile,DE,179.99,0.0,0.0,179.99,Shop Pay
204499,2025-11-12,13000,Email,Desktop,CA,137.92,0.0,0.0,137.92,PayPal
204500,2025-10-10,14210,Email,Desktop,DE,22.28,5.24,0.85,26.67,Shop Pay
204501,2025-11-01,14185,Email,Mobile,US,113.61,0.0,12.72,100.89,Apple Pay
204502,2025-12-09,8919,Paid Search,Desktop,AU,225.28,0.0,0.0,225.28,PayPal
204503,2026-02-09,15198,Organic Search,Mobile,DE,129.05,0.0,0.0,129.05,Credit Card
204504,2026-01-25,1288,Organic Search,Desktop,CA,31.62,7.23,0.0,38.84,Apple Pay
204505,2025-08-15,68,Email,Mobile,CA,153.19,0.0,0.0,153.19,Apple Pay
204506,2025-09-21,4840,Paid Social,Desktop,DE,354.6,0.0,0.0,354.6,Shop Pay
204507,2026-01-09,3425,Paid Search,Desktop,CA,94.77,0.0,0.0,94.77,Credit Card
204508,2025-10-19,6770,Direct,Desktop,US,55.01,0.0,0.0,55.01,Apple Pay
204509,2025-09-27,6856,Paid Social,Desktop,UK,276.37,0.0,26.46,249.91,Apple Pay
204510,2026-02-07,16346,Email,Mobile,US,110.56,0.0,0.0,110.56,Credit Card
204511,2025-10-18,11840,Direct,Mobile,UK,91.09,0.0,5.79,85.29,Shop Pay
204512,2025-09-13,4331,Direct,Mobile,US,146.07,0.0,0.0,146.07,PayPal
204513,2026-01-28,3844,Direct,Mobile,US,187.6,0.0,17.32,170.28,PayPal
204514,2025-09-24,12931,Organic Search,Desktop,CA,107.39,0.0,11.98,95.41,Shop Pay
204515,2026-02-10,15769,Paid Social,Desktop,US,122.76,0.0,10.53,112.22,Apple Pay
204516,2025-12-20,8108,Direct,Mobile,AU,144.64,0.0,5.58,139.06,Shop Pay
204517,2025-12-11,9891,Paid Search,Mobile,AU,135.16,0.0,0.0,135.16,Credit Card
204518,2025-10-31,11406,Direct,Desktop,DE,330.65,0.0,0.0,330.65,Apple Pay
204519,2025-10-04,3670,Direct,Desktop,DE,201.84,0.0,0.0,201.84,PayPal
204520,2025-09-27,8193,Paid Social,Desktop,UK,132.38,0.0,0.0,132.38,Apple Pay
204521,2025-10-30,8768,Paid Social,Mobile,US,116.8,0.0,0.0,116.8,Apple Pay
204522,2025-08-21,8037,Paid Social,Mobile,UK,240.23,0.0,0.0,240.23,Shop Pay
204523,2025-09-17,2079,Email,Mobile,US,211.47,0.0,0.0,211.47,Credit Card
204524,2026-01-12,16195,Organic Search,Desktop,DE,279.73,0.0,15.07,264.66,Credit Card
204525,2025-12-30,6988,Email,Desktop,DE,86.85,0.0,5.66,81.19,Credit Card
204526,2026-01-29,6,Email,Desktop,DE,52.38,0.0,3.97,48.42,Shop Pay
204527,2025-10-18,11493,Paid Search,Desktop,UK,91.8,0.0,0.0,91.8,Credit Card
204528,2025-10-03,10817,Email,Desktop,CA,142.85,0.0,0.0,142.85,Credit Card
204529,2026-02-09,8017,Direct,Mobile,US,65.76,0.0,3.54,62.22,Apple Pay
204530,2026-01-25,5079,Paid Search,Mobile,UK,118.24,0.0,0.0,118.24,Credit Card
204531,2025-12-24,16265,Email,Desktop,US,119.72,0.0,10.44,109.28,Shop Pay
204532,2025-11-27,7891,Paid Search,Mobile,UK,328.42,0.0,0.0,328.42,Shop Pay
204533,2025-10-10,6132,Organic Search,Desktop,DE,100.7,0.0,0.0,100.7,Shop Pay
204534,2025-10-18,5034,Paid Search,Mobile,UK,169.28,0.0,0.0,169.28,Credit Card
204535,2025-09-16,16153,Paid Search,Mobile,AU,75.37,0.0,0.0,75.37,Credit Card
204536,2026-01-01,360,Organic Search,Mobile,UK,126.57,0.0,0.0,126.57,Shop Pay
204537,2025-09-28,13547,Direct,Desktop,AU,86.28,0.0,0.0,86.28,PayPal
204538,2026-02-05,15305,Email,Desktop,UK,195.2,0.0,9.33,185.87,PayPal
204539,2025-11-18,13245,Paid Search,Desktop,CA,35.01,5.15,0.0,40.16,Shop Pay
204540,2025-12-04,14088,Paid Social,Mobile,CA,143.38,0.0,12.2,131.18,Apple Pay
204541,2025-09-29,8942,Email,Mobile,UK,225.62,0.0,0.0,225.62,Credit Card
204542,2025-09-18,11065,Paid Social,Desktop,US,9.11,6.41,0.0,15.52,Shop Pay
204543,2025-11-19,3549,Paid Search,Desktop,UK,143.21,0.0,17.07,126.14,PayPal
204544,2026-02-04,14588,Organic Search,Mobile,US,90.75,0.0,0.0,90.75,PayPal
204545,2025-11-12,492,Email,Desktop,US,29.34,5.34,0.0,34.68,Credit Card
204546,2025-08-29,15869,Paid Social,Desktop,US,127.25,0.0,0.0,127.25,Apple Pay
204547,2025-11-22,5228,Direct,Desktop,US,68.21,0.0,0.0,68.21,Apple Pay
204548,2026-02-08,10922,Direct,Mobile,DE,139.72,0.0,0.0,139.72,PayPal
204549,2026-01-17,6528,Paid Search,Desktop,AU,105.96,0.0,0.0,105.96,PayPal
204550,2025-08-26,620,Email,Desktop,UK,81.67,0.0,0.0,81.67,Credit Card
204551,2025-09-16,14839,Paid Social,Desktop,DE,146.75,0.0,0.0,146.75,Credit Card
204552,2026-01-14,17349,Organic Search,Mobile,US,245.23,0.0,0.0,245.23,PayPal
204553,2025-12-13,6639,Paid Social,Mobile,UK,191.43,0.0,0.0,191.43,Apple Pay
204554,2026-01-25,1247,Paid Search,Mobile,AU,50.91,0.0,0.0,50.91,Shop Pay
204555,2025-10-13,11791,Organic Search,Desktop,AU,8.84,5.55,0.73,13.66,Shop Pay
204556,2026-01-04,9187,Direct,Desktop,CA,80.96,0.0,0.0,80.96,PayPal
204557,2025-10-21,13928,Organic Search,Mobile,AU,82.88,0.0,0.0,82.88,Credit Card
204558,2025-11-06,3945,Paid Search,Desktop,US,84.51,0.0,3.65,80.86,Shop Pay
204559,2026-02-04,704,Direct,Mobile,US,44.66,7.41,2.06,50.0,Credit Card
204560,2026-02-05,10309,Paid Search,Desktop,AU,195.46,0.0,11.56,183.9,Shop Pay
204561,2025-12-17,10308,Paid Search,Desktop,DE,155.83,0.0,8.92,146.9,Shop Pay
204562,2025-12-07,11389,Organic Search,Mobile,UK,260.09,0.0,11.09,249.0,Credit Card
204563,2025-10-16,14236,Email,Mobile,DE,126.78,0.0,4.24,122.55,Apple Pay
204564,2025-12-07,4684,Organic Search,Mobile,DE,25.12,7.51,2.71,29.92,PayPal
204565,2025-12-06,8260,Paid Search,Mobile,UK,137.09,0.0,4.55,132.54,Apple Pay
204566,2025-11-20,7389,Organic Search,Mobile,CA,59.26,0.0,0.0,59.26,PayPal
204567,2025-11-13,12136,Direct,Desktop,US,106.56,0.0,0.0,106.56,PayPal
204568,2025-12-07,11922,Email,Mobile,CA,229.83,0.0,0.0,229.83,Credit Card
204569,2025-12-29,10884,Organic Search,Mobile,UK,47.88,0.0,3.89,43.99,Credit Card
204570,2025-09-10,14490,Paid Search,Mobile,US,149.04,0.0,0.0,149.04,Apple Pay
204571,2025-11-25,9233,Paid Social,Mobile,UK,114.29,0.0,0.0,114.29,Apple Pay
204572,2025-11-27,8975,Email,Desktop,CA,167.01,0.0,0.0,167.01,Shop Pay
204573,2025-08-22,15329,Organic Search,Mobile,UK,190.15,0.0,0.0,190.15,Credit Card
204574,2025-11-14,202,Paid Search,Desktop,US,144.47,0.0,0.0,144.47,PayPal
204575,2025-11-26,3457,Paid Search,Mobile,UK,153.88,0.0,7.35,146.53,PayPal
204576,2025-11-22,4599,Organic Search,Desktop,DE,209.73,0.0,10.17,199.56,Apple Pay
204577,2025-11-30,1561,Paid Search,Desktop,DE,344.94,0.0,0.0,344.94,Shop Pay
204578,2025-10-16,1880,Paid Search,Desktop,US,152.09,0.0,0.0,152.09,Shop Pay
204579,2026-02-08,15615,Email,Desktop,UK,43.2,6.44,3.88,45.77,Apple Pay
204580,2025-10-25,14957,Direct,Desktop,AU,108.72,0.0,6.67,102.04,Shop Pay
204581,2025-12-23,15315,Paid Search,Desktop,US,162.61,0.0,12.78,149.83,PayPal
204582,2025-11-03,2270,Organic Search,Desktop,AU,132.89,0.0,0.0,132.89,PayPal
204583,2025-11-30,9540,Paid Social,Desktop,UK,214.71,0.0,0.0,214.71,Shop Pay
204584,2025-11-09,9486,Organic Search,Desktop,DE,198.05,0.0,0.0,198.05,Apple Pay
204585,2025-10-28,467,Email,Mobile,CA,79.67,0.0,0.0,79.67,PayPal
204586,2026-01-20,1419,Email,Desktop,UK,87.79,0.0,0.0,87.79,PayPal
204587,2026-01-06,12467,Organic Search,Desktop,UK,58.27,0.0,5.56,52.71,Shop Pay
204588,2025-12-29,11648,Paid Search,Desktop,US,141.26,0.0,16.72,124.54,PayPal
204589,2025-11-14,16730,Paid Social,Desktop,DE,123.01,0.0,11.93,111.09,Apple Pay
204590,2025-10-12,527,Email,Desktop,UK,137.56,0.0,0.0,137.56,Apple Pay
204591,2026-01-13,7582,Direct,Desktop,US,67.79,0.0,0.0,67.79,Credit Card
204592,2025-10-15,17324,Email,Mobile,DE,58.44,7.85,0.0,66.29,Credit Card
204593,2025-11-08,9182,Paid Search,Mobile,CA,182.63,0.0,0.0,182.63,Credit Card
204594,2025-11-25,7188,Email,Mobile,CA,227.98,0.0,0.0,227.98,PayPal
204595,2025-10-14,14286,Direct,Mobile,UK,77.08,0.0,7.14,69.95,Credit Card
204596,2025-10-29,2072,Direct,Mobile,DE,123.03,0.0,9.84,113.19,Apple Pay
204597,2026-01-10,6611,Email,Mobile,DE,203.51,0.0,0.0,203.51,PayPal
204598,2025-11-10,7804,Email,Mobile,US,192.84,0.0,0.0,192.84,Credit Card
204599,2025-09-15,15980,Direct,Mobile,UK,257.54,0.0,0.0,257.54,Credit Card
204600,2026-01-19,12526,Organic Search,Mobile,DE,145.08,0.0,0.0,145.08,Apple Pay
204601,2026-01-16,13748,Paid Social,Desktop,US,181.94,0.0,0.0,181.94,PayPal
204602,2025-11-04,15739,Email,Desktop,UK,110.0,0.0,10.47,99.53,PayPal
204603,2025-09-19,16382,Organic Search,Mobile,UK,165.02,0.0,0.0,165.02,PayPal
204604,2026-01-28,10173,Paid Social,Mobile,US,266.1,0.0,0.0,266.1,PayPal
204605,2026-01-25,14426,Paid Social,Desktop,US,279.2,0.0,30.82,248.38,Credit Card
204606,2025-08-20,13324,Organic Search,Desktop,DE,185.59,0.0,0.0,185.59,Credit Card
204607,2026-02-04,5499,Direct,Mobile,CA,119.11,0.0,0.0,119.11,Apple Pay
204608,2026-02-07,8898,Organic Search,Mobile,AU,274.41,0.0,11.82,262.58,PayPal
204609,2026-01-25,17661,Organic Search,Mobile,US,65.15,0.0,7.69,57.46,Credit Card
204610,2025-10-22,14334,Email,Desktop,US,168.16,0.0,0.0,168.16,PayPal
204611,2026-01-12,4729,Paid Search,Mobile,US,172.74,0.0,0.0,172.74,PayPal
204612,2025-10-02,14352,Organic Search,Mobile,AU,13.95,6.79,1.12,19.62,Credit Card
204613,2025-08-24,8050,Direct,Mobile,AU,73.41,0.0,2.67,70.75,Credit Card
204614,2025-11-18,482,Paid Search,Desktop,DE,24.95,5.49,0.87,29.57,Credit Card
204615,2025-09-22,17655,Email,Desktop,DE,170.31,0.0,0.0,170.31,Apple Pay
204616,2025-11-28,3836,Email,Desktop,CA,26.68,5.36,0.0,32.04,Shop Pay
204617,2026-02-06,17621,Direct,Desktop,AU,147.7,0.0,11.73,135.97,PayPal
204618,2025-12-23,1429,Organic Search,Mobile,AU,162.79,0.0,6.64,156.16,PayPal
204619,2025-08-22,17615,Paid Social,Mobile,UK,56.54,5.44,0.0,61.98,Apple Pay
204620,2025-12-30,755,Email,Mobile,DE,105.54,0.0,0.0,105.54,Apple Pay
204621,2025-09-05,7375,Email,Mobile,DE,55.77,0.0,2.0,53.76,Credit Card
204622,2025-10-20,11993,Email,Desktop,US,80.91,0.0,0.0,80.91,PayPal
204623,2025-11-08,15919,Direct,Mobile,DE,140.73,0.0,6.65,134.09,Credit Card
204624,2025-11-04,12033,Paid Social,Desktop,US,230.77,0.0,0.0,230.77,Credit Card
204625,2025-11-02,12408,Organic Search,Mobile,US,149.52,0.0,0.0,149.52,Shop Pay
204626,2025-12-29,6157,Paid Search,Desktop,AU,94.19,0.0,5.41,88.79,Apple Pay
204627,2026-01-19,10570,Paid Search,Desktop,DE,50.94,6.57,0.0,57.51,Shop Pay
204628,2025-11-04,12451,Paid Search,Desktop,AU,46.5,0.0,0.0,46.5,Shop Pay
204629,2026-01-03,7360,Email,Desktop,US,183.17,0.0,9.1,174.07,PayPal
204630,2025-08-16,3575,Email,Mobile,CA,23.75,7.07,0.0,30.82,Credit Card
204631,2025-10-25,6486,Organic Search,Desktop,UK,106.34,0.0,12.06,94.28,Credit Card
204632,2026-01-29,2470,Email,Desktop,UK,122.29,0.0,0.0,122.29,Shop Pay
204633,2025-08-21,10008,Paid Search,Mobile,CA,169.35,0.0,0.0,169.35,Credit Card
204634,2025-11-20,4689,Paid Social,Mobile,CA,218.55,0.0,0.0,218.55,PayPal
204635,2025-10-19,2294,Direct,Desktop,UK,93.8,0.0,0.0,93.8,Credit Card
204636,2025-12-08,17272,Paid Social,Desktop,UK,155.95,0.0,15.82,140.13,PayPal
204637,2025-12-21,13375,Paid Social,Desktop,UK,218.48,0.0,0.0,218.48,PayPal
204638,2026-01-03,14669,Direct,Desktop,CA,202.87,0.0,6.91,195.96,Credit Card
204639,2025-12-28,17828,Paid Social,Desktop,CA,172.76,0.0,0.0,172.76,Apple Pay
204640,2025-08-17,1867,Direct,Desktop,US,48.59,0.0,0.0,48.59,PayPal
204641,2026-01-31,17548,Paid Search,Desktop,AU,50.2,0.0,0.0,50.2,Credit Card
204642,2025-11-08,17807,Email,Mobile,DE,260.92,0.0,25.15,235.77,Apple Pay
204643,2025-10-12,15070,Email,Mobile,AU,107.85,0.0,0.0,107.85,Credit Card
204644,2026-02-02,4292,Email,Desktop,US,188.27,0.0,0.0,188.27,PayPal
204645,2025-08-22,17858,Organic Search,Desktop,US,55.81,0.0,3.79,52.02,Shop Pay
204646,2025-08-23,240,Email,Mobile,CA,188.59,0.0,0.0,188.59,Shop Pay
204647,2025-12-31,14930,Email,Desktop,CA,166.95,0.0,0.0,166.95,Apple Pay
204648,2025-09-11,1245,Organic Search,Desktop,CA,178.77,0.0,0.0,178.77,PayPal
204649,2025-10-17,6178,Email,Desktop,CA,97.83,0.0,9.94,87.88,Apple Pay
204650,2025-11-18,7632,Paid Social,Desktop,UK,160.39,0.0,0.0,160.39,PayPal
204651,2025-10-05,4442,Organic Search,Mobile,CA,21.3,7.2,1.82,26.68,Apple Pay
204652,2026-01-03,17484,Paid Search,Mobile,DE,61.09,0.0,0.0,61.09,Credit Card
204653,2026-01-04,10718,Direct,Desktop,CA,135.76,0.0,6.84,128.92,PayPal
204654,2025-11-13,4894,Paid Search,Mobile,CA,52.73,0.0,0.0,52.73,PayPal
204655,2025-10-10,4236,Direct,Desktop,US,179.06,0.0,7.84,171.22,Apple Pay
204656,2026-01-04,2473,Paid Social,Mobile,UK,47.11,6.27,0.0,53.38,Credit Card
204657,2025-08-30,7691,Email,Mobile,UK,188.54,0.0,0.0,188.54,Credit Card
204658,2025-11-16,6289,Paid Search,Mobile,DE,101.72,0.0,8.94,92.78,PayPal
204659,2025-10-20,14234,Email,Desktop,AU,184.89,0.0,11.73,173.16,Apple Pay
204660,2026-02-05,7,Paid Search,Desktop,AU,95.23,0.0,6.05,89.17,Shop Pay
204661,2025-10-31,9922,Paid Social,Desktop,UK,183.85,0.0,0.0,183.85,Apple Pay
204662,2025-10-06,8177,Paid Social,Mobile,UK,47.85,5.63,0.0,53.47,PayPal
204663,2025-09-25,2808,Paid Search,Desktop,CA,277.8,0.0,0.0,277.8,Credit Card
204664,2026-01-03,12559,Paid Search,Mobile,DE,166.16,0.0,7.42,158.74,Credit Card
204665,2025-10-18,16835,Paid Search,Mobile,AU,74.93,0.0,3.68,71.25,Credit Card
204666,2025-11-25,15416,Email,Mobile,DE,208.85,0.0,0.0,208.85,Credit Card
204667,2026-01-17,15084,Organic Search,Desktop,DE,81.52,0.0,9.51,72.01,Shop Pay
204668,2025-11-21,4119,Direct,Mobile,CA,214.58,0.0,0.0,214.58,Shop Pay
204669,2025-09-26,34,Email,Mobile,AU,272.01,0.0,0.0,272.01,PayPal
204670,2025-09-07,4021,Paid Social,Desktop,CA,102.36,0.0,8.44,93.91,PayPal
204671,2025-12-06,10046,Paid Search,Desktop,DE,43.88,5.99,0.0,49.87,Apple Pay
204672,2025-10-03,9151,Paid Search,Desktop,AU,95.4,0.0,0.0,95.4,PayPal
204673,2025-10-29,10515,Direct,Mobile,UK,186.48,0.0,14.66,171.83,Shop Pay
204674,2025-11-06,8892,Direct,Mobile,US,250.2,0.0,16.21,233.99,Apple Pay
204675,2025-10-09,3152,Paid Search,Mobile,UK,233.83,0.0,9.44,224.39,PayPal
204676,2025-12-08,17289,Direct,Mobile,AU,42.3,5.52,0.0,47.82,Shop Pay
204677,2025-09-02,16565,Email,Mobile,CA,128.42,0.0,0.0,128.42,Shop Pay
204678,2026-02-03,12560,Email,Desktop,AU,266.57,0.0,8.07,258.5,Apple Pay
204679,2025-08-28,2833,Direct,Mobile,DE,202.44,0.0,20.07,182.37,Shop Pay
204680,2025-12-21,4071,Paid Social,Desktop,AU,137.0,0.0,0.0,137.0,Credit Card
204681,2025-09-26,7761,Paid Search,Desktop,DE,119.51,0.0,6.55,112.96,Shop Pay
204682,2026-02-01,13495,Paid Search,Mobile,AU,205.3,0.0,24.51,180.79,Apple Pay
204683,2025-10-15,1428,Organic Search,Desktop,UK,79.83,0.0,0.0,79.83,Credit Card
204684,2026-01-08,10270,Email,Mobile,UK,31.11,5.19,0.0,36.3,Credit Card
204685,2026-01-15,10370,Organic Search,Desktop,AU,89.97,0.0,0.0,89.97,PayPal
204686,2025-10-16,13742,Organic Search,Desktop,CA,209.32,0.0,0.0,209.32,Shop Pay
204687,2025-10-12,8108,Paid Search,Desktop,UK,312.96,0.0,0.0,312.96,Apple Pay
204688,2025-09-19,1915,Organic Search,Desktop,AU,180.72,0.0,0.0,180.72,Credit Card
204689,2025-11-04,15795,Organic Search,Mobile,US,243.37,0.0,0.0,243.37,Credit Card
204690,2025-10-10,11616,Email,Desktop,DE,148.68,0.0,0.0,148.68,Credit Card
204691,2025-11-19,6557,Organic Search,Mobile,AU,25.07,7.68,2.98,29.77,PayPal
204692,2025-11-10,1755,Paid Search,Desktop,CA,66.95,0.0,0.0,66.95,Shop Pay
204693,2026-02-09,1187,Paid Social,Desktop,AU,240.62,0.0,0.0,240.62,Credit Card
204694,2025-08-16,16233,Direct,Mobile,US,89.16,0.0,0.0,89.16,PayPal
204695,2025-11-13,5658,Direct,Desktop,DE,179.89,0.0,12.48,167.41,Apple Pay
204696,2025-11-27,14377,Organic Search,Desktop,CA,238.6,0.0,10.31,228.29,Credit Card
204697,2025-11-18,12030,Email,Mobile,CA,140.13,0.0,0.0,140.13,PayPal
204698,2025-09-11,16238,Email,Mobile,CA,299.94,0.0,17.56,282.39,Credit Card
204699,2025-11-05,15628,Direct,Mobile,CA,143.78,0.0,11.03,132.76,PayPal
204700,2025-10-03,2374,Paid Social,Desktop,AU,141.84,0.0,0.0,141.84,PayPal
204701,2025-10-01,9120,Organic Search,Mobile,CA,150.02,0.0,0.0,150.02,Apple Pay
204702,2025-12-10,3663,Email,Desktop,AU,212.1,0.0,13.83,198.26,Credit Card
204703,2025-12-11,2081,Direct,Desktop,US,205.59,0.0,0.0,205.59,PayPal
204704,2026-01-29,2549,Email,Mobile,AU,10.69,7.16,0.56,17.29,Shop Pay
204705,2025-12-02,2567,Direct,Desktop,CA,202.08,0.0,0.0,202.08,Shop Pay
204706,2025-12-25,3991,Direct,Mobile,AU,92.91,0.0,0.0,92.91,PayPal
204707,2025-09-21,12907,Direct,Desktop,UK,119.7,0.0,11.3,108.4,Shop Pay
204708,2025-12-14,6588,Direct,Mobile,US,54.77,7.49,0.0,62.27,Apple Pay
204709,2026-01-23,5225,Direct,Desktop,CA,107.06,0.0,0.0,107.06,PayPal
204710,2025-10-19,12979,Email,Mobile,DE,239.39,0.0,0.0,239.39,Apple Pay
204711,2025-12-22,13310,Email,Mobile,US,92.91,0.0,8.48,84.43,Credit Card
204712,2025-11-05,9850,Email,Mobile,CA,140.31,0.0,0.0,140.31,Shop Pay
204713,2025-10-23,8903,Paid Social,Mobile,AU,91.29,0.0,0.0,91.29,Credit Card
204714,2025-11-11,11039,Direct,Mobile,US,164.27,0.0,0.0,164.27,PayPal
204715,2025-11-06,229,Organic Search,Desktop,AU,202.27,0.0,0.0,202.27,Credit Card
204716,2025-08-18,6572,Direct,Mobile,UK,193.64,0.0,0.0,193.64,Shop Pay
204717,2025-08-25,17402,Email,Desktop,UK,120.57,0.0,0.0,120.57,Shop Pay
204718,2025-12-19,10305,Paid Social,Desktop,US,182.14,0.0,11.5,170.64,PayPal
204719,2025-08-30,14664,Paid Social,Desktop,UK,20.15,5.8,0.0,25.94,Apple Pay
204720,2025-08-26,5865,Paid Search,Desktop,US,101.87,0.0,0.0,101.87,Credit Card
204721,2025-09-06,1462,Paid Social,Desktop,US,46.18,7.73,0.0,53.92,Credit Card
204722,2025-11-20,3464,Organic Search,Mobile,DE,186.55,0.0,0.0,186.55,Credit Card
204723,2025-08-15,13067,Paid Social,Desktop,US,124.07,0.0,0.0,124.07,Apple Pay
204724,2025-10-16,9414,Direct,Desktop,UK,168.03,0.0,0.0,168.03,PayPal
204725,2026-02-02,16281,Organic Search,Mobile,US,137.34,0.0,0.0,137.34,PayPal
204726,2025-11-24,15131,Email,Desktop,CA,234.34,0.0,22.04,212.31,PayPal
204727,2026-01-02,14890,Direct,Desktop,US,301.19,0.0,0.0,301.19,PayPal
204728,2025-10-06,4757,Paid Social,Mobile,US,60.36,0.0,0.0,60.36,Apple Pay
204729,2025-12-19,17385,Organic Search,Desktop,AU,37.09,0.0,0.0,37.09,Credit Card
204730,2025-08-17,26,Organic Search,Mobile,US,44.55,5.42,2.99,46.98,PayPal
204731,2025-08-16,4659,Email,Desktop,AU,142.8,0.0,8.79,134.01,Apple Pay
204732,2026-01-21,4501,Paid Social,Desktop,UK,200.57,0.0,10.74,189.83,PayPal
204733,2025-10-14,1174,Paid Search,Mobile,AU,184.87,0.0,0.0,184.87,Credit Card
204734,2025-09-06,17514,Paid Search,Mobile,DE,164.24,0.0,8.82,155.42,PayPal
204735,2025-11-12,1835,Organic Search,Mobile,CA,249.27,0.0,0.0,249.27,Credit Card
204736,2026-01-25,8628,Email,Desktop,US,47.1,6.78,0.0,53.88,Apple Pay
204737,2025-12-16,3077,Organic Search,Desktop,UK,171.25,0.0,0.0,171.25,Credit Card
204738,2025-11-17,17756,Email,Desktop,DE,204.1,0.0,0.0,204.1,Shop Pay
204739,2025-10-09,325,Paid Search,Mobile,DE,123.53,0.0,0.0,123.53,Shop Pay
204740,2025-09-29,15574,Paid Search,Desktop,DE,140.5,0.0,15.59,124.91,Shop Pay
204741,2026-01-06,5461,Email,Mobile,US,55.68,0.0,0.0,55.68,Credit Card
204742,2025-10-23,17822,Paid Search,Mobile,DE,42.23,5.32,0.0,47.55,PayPal
204743,2026-01-20,10968,Organic Search,Mobile,CA,46.71,7.65,0.0,54.36,Apple Pay
204744,2026-01-29,5486,Email,Desktop,AU,240.49,0.0,0.0,240.49,Apple Pay
204745,2026-01-28,5117,Paid Search,Desktop,CA,150.67,0.0,0.0,150.67,Shop Pay
204746,2025-08-16,13962,Email,Mobile,AU,33.38,6.25,1.89,37.75,Credit Card
204747,2025-10-29,3042,Email,Mobile,CA,99.25,0.0,0.0,99.25,Credit Card
204748,2025-10-22,9972,Email,Mobile,CA,50.43,7.27,0.0,57.7,Shop Pay
204749,2026-01-27,5969,Paid Social,Mobile,CA,145.37,0.0,0.0,145.37,Credit Card
204750,2025-10-08,6739,Email,Desktop,US,96.56,0.0,0.0,96.56,Credit Card
204751,2026-01-29,6351,Direct,Desktop,US,96.32,0.0,0.0,96.32,Shop Pay
204752,2025-10-09,13306,Paid Social,Mobile,DE,42.42,0.0,1.57,40.85,Credit Card
204753,2026-01-02,6742,Paid Social,Desktop,AU,168.77,0.0,0.0,168.77,Credit Card
204754,2025-08-20,8517,Direct,Mobile,US,86.79,0.0,0.0,86.79,Shop Pay
204755,2025-11-09,17790,Direct,Desktop,AU,141.94,0.0,16.89,125.05,Credit Card
204756,2025-11-10,15929,Organic Search,Desktop,DE,9.7,6.03,1.09,14.64,Shop Pay
204757,2025-09-25,14154,Direct,Desktop,DE,175.99,0.0,0.0,175.99,Credit Card
204758,2025-08-29,1160,Paid Search,Desktop,CA,124.91,0.0,9.88,115.03,Credit Card
204759,2025-09-01,10427,Direct,Mobile,AU,68.84,0.0,0.0,68.84,Shop Pay
204760,2025-09-29,7945,Direct,Mobile,CA,45.72,7.41,0.0,53.13,Credit Card
204761,2025-12-02,1899,Direct,Desktop,US,265.1,0.0,0.0,265.1,Shop Pay
204762,2025-09-26,13311,Paid Social,Mobile,US,85.3,0.0,5.57,79.73,Credit Card
204763,2025-09-15,17212,Direct,Mobile,US,222.92,0.0,0.0,222.92,PayPal
204764,2025-11-09,4467,Direct,Desktop,CA,57.31,0.0,0.0,57.31,PayPal
204765,2025-08-19,469,Paid Social,Desktop,US,96.59,0.0,0.0,96.59,Credit Card
204766,2025-09-21,9005,Direct,Desktop,AU,100.54,0.0,0.0,100.54,Credit Card
204767,2025-08-23,10748,Paid Social,Mobile,US,242.51,0.0,0.0,242.51,Shop Pay
204768,2025-12-04,85,Organic Search,Mobile,AU,39.82,0.0,3.27,36.55,Shop Pay
204769,2026-01-29,8863,Paid Social,Desktop,DE,22.77,5.49,0.0,28.26,Apple Pay
204770,2026-01-06,17257,Paid Social,Desktop,CA,49.09,5.25,5.82,48.51,PayPal
204771,2025-09-30,14025,Paid Social,Desktop,CA,289.76,0.0,18.01,271.75,Shop Pay
204772,2025-11-02,10038,Direct,Mobile,AU,80.24,0.0,0.0,80.24,Credit Card
204773,2025-12-09,4336,Email,Mobile,AU,222.3,0.0,15.17,207.13,Credit Card
204774,2025-12-28,15037,Email,Desktop,AU,47.3,0.0,5.18,42.12,PayPal
204775,2025-11-14,17559,Direct,Desktop,US,145.37,0.0,0.0,145.37,Apple Pay
204776,2025-09-01,12064,Organic Search,Desktop,UK,319.97,0.0,0.0,319.97,Shop Pay
204777,2025-09-03,5354,Email,Mobile,UK,173.34,0.0,0.0,173.34,Credit Card
204778,2025-11-12,2337,Paid Social,Mobile,CA,85.75,0.0,6.91,78.83,Shop Pay
204779,2025-12-21,10272,Email,Mobile,DE,230.51,0.0,8.64,221.87,Credit Card
204780,2025-12-14,8688,Organic Search,Desktop,UK,222.16,0.0,22.62,199.55,Credit Card
204781,2025-12-22,2071,Paid Social,Desktop,CA,49.03,5.01,0.0,54.04,Apple Pay
204782,2025-10-04,4987,Email,Mobile,DE,127.9,0.0,6.47,121.43,Shop Pay
204783,2026-01-27,11438,Paid Social,Mobile,UK,118.39,0.0,0.0,118.39,Credit Card
204784,2025-11-13,4968,Organic Search,Mobile,CA,271.2,0.0,25.54,245.66,PayPal
204785,2025-09-22,8962,Email,Desktop,CA,79.73,0.0,0.0,79.73,Apple Pay
204786,2025-08-22,5187,Direct,Mobile,AU,48.8,7.23,3.19,52.85,Shop Pay
204787,2025-09-13,6081,Paid Search,Mobile,CA,174.21,0.0,0.0,174.21,Credit Card
204788,2025-11-25,2181,Email,Mobile,US,146.13,0.0,12.82,133.31,Shop Pay
204789,2025-11-26,16552,Organic Search,Desktop,AU,96.05,0.0,0.0,96.05,Credit Card
204790,2025-12-05,3711,Paid Social,Desktop,US,120.43,0.0,0.0,120.43,PayPal
204791,2026-01-18,4967,Direct,Desktop,UK,177.48,0.0,7.8,169.68,PayPal
204792,2025-09-19,7093,Paid Social,Desktop,CA,120.05,0.0,0.0,120.05,Shop Pay
204793,2026-01-28,17049,Organic Search,Mobile,US,123.29,0.0,0.0,123.29,Apple Pay
204794,2026-01-29,17405,Paid Search,Mobile,UK,226.64,0.0,0.0,226.64,Shop Pay
204795,2025-11-01,15755,Email,Mobile,AU,149.09,0.0,14.85,134.24,Credit Card
204796,2025-10-12,11593,Paid Search,Desktop,US,99.83,0.0,0.0,99.83,Apple Pay
204797,2025-09-15,8543,Direct,Desktop,UK,268.35,0.0,29.93,238.43,Apple Pay
204798,2026-01-09,5191,Paid Social,Desktop,CA,150.03,0.0,7.43,142.6,Credit Card
204799,2025-11-10,438,Paid Social,Desktop,US,152.33,0.0,0.0,152.33,Apple Pay
204800,2026-01-27,11696,Paid Search,Desktop,DE,152.23,0.0,0.0,152.23,Credit Card
204801,2025-12-28,4754,Paid Search,Mobile,DE,210.95,0.0,0.0,210.95,PayPal
204802,2025-11-17,12086,Email,Desktop,US,277.35,0.0,19.5,257.85,Credit Card
204803,2025-09-22,7214,Direct,Desktop,CA,116.09,0.0,0.0,116.09,Shop Pay
204804,2025-10-06,11597,Paid Social,Mobile,AU,80.33,0.0,0.0,80.33,Credit Card
204805,2025-12-05,5794,Paid Search,Mobile,UK,154.7,0.0,14.27,140.43,PayPal
204806,2025-12-05,877,Direct,Desktop,US,105.85,0.0,11.74,94.12,Apple Pay
204807,2025-08-25,11502,Email,Mobile,UK,159.74,0.0,14.24,145.5,Apple Pay
204808,2026-01-24,16975,Organic Search,Desktop,US,139.36,0.0,0.0,139.36,Shop Pay
204809,2025-11-17,9283,Direct,Desktop,AU,177.41,0.0,0.0,177.41,Apple Pay
204810,2026-01-15,12360,Paid Search,Desktop,US,100.81,0.0,0.0,100.81,Credit Card
204811,2025-12-21,10735,Paid Search,Mobile,CA,109.49,0.0,0.0,109.49,Credit Card
204812,2025-10-28,8242,Organic Search,Mobile,DE,111.89,0.0,0.0,111.89,Apple Pay
204813,2026-01-18,12984,Paid Search,Desktop,CA,56.82,0.0,5.35,51.47,Credit Card
204814,2025-09-03,16384,Direct,Desktop,CA,154.3,0.0,18.17,136.12,PayPal
204815,2025-08-22,10845,Direct,Desktop,CA,232.0,0.0,0.0,232.0,PayPal
204816,2026-01-09,6715,Direct,Desktop,US,9.5,7.8,0.0,17.3,Shop Pay
204817,2025-12-07,15801,Email,Mobile,US,112.86,0.0,7.81,105.05,Shop Pay
204818,2025-09-18,4607,Direct,Desktop,UK,93.13,0.0,0.0,93.13,Shop Pay
204819,2025-08-17,12486,Email,Desktop,AU,20.41,6.8,0.0,27.2,Credit Card
204820,2025-09-27,12714,Direct,Mobile,DE,210.32,0.0,0.0,210.32,Shop Pay
204821,2025-12-05,14687,Paid Search,Mobile,US,122.97,0.0,0.0,122.97,Credit Card
204822,2025-11-28,12608,Email,Mobile,US,220.94,0.0,20.55,200.39,Credit Card
204823,2025-10-01,7798,Paid Search,Mobile,CA,195.43,0.0,0.0,195.43,Apple Pay
204824,2025-09-09,16663,Organic Search,Mobile,DE,39.0,7.56,0.0,46.56,Credit Card
204825,2025-10-08,3633,Paid Social,Mobile,CA,137.48,0.0,0.0,137.48,Credit Card
204826,2026-01-13,2449,Paid Search,Desktop,CA,163.63,0.0,13.36,150.27,Shop Pay
204827,2025-08-28,10881,Organic Search,Mobile,AU,184.07,0.0,0.0,184.07,PayPal
204828,2025-11-04,677,Email,Desktop,DE,50.68,0.0,0.0,50.68,PayPal
204829,2025-10-30,16409,Email,Mobile,DE,259.02,0.0,0.0,259.02,Credit Card
204830,2026-01-11,5016,Paid Search,Mobile,AU,162.35,0.0,5.24,157.11,Shop Pay
204831,2025-12-08,469,Paid Social,Mobile,US,100.55,0.0,0.0,100.55,Apple Pay
204832,2025-10-05,10409,Paid Social,Desktop,AU,55.82,5.41,0.0,61.24,Apple Pay
204833,2026-02-06,11270,Direct,Desktop,US,128.24,0.0,0.0,128.24,Apple Pay
204834,2025-10-12,16350,Organic Search,Desktop,AU,145.45,0.0,0.0,145.45,Apple Pay
204835,2025-10-19,7766,Paid Search,Mobile,UK,187.44,0.0,0.0,187.44,PayPal
204836,2025-10-17,8951,Direct,Mobile,UK,69.34,0.0,0.0,69.34,Apple Pay
204837,2025-12-04,3653,Email,Mobile,AU,46.57,7.3,0.0,53.87,PayPal
204838,2025-09-27,14293,Paid Social,Mobile,UK,85.26,0.0,7.53,77.73,PayPal
204839,2025-12-23,11966,Direct,Mobile,UK,356.83,0.0,0.0,356.83,PayPal
204840,2025-08-26,17705,Direct,Mobile,UK,101.26,0.0,0.0,101.26,PayPal
204841,2025-12-04,14348,Paid Social,Desktop,DE,79.36,0.0,0.0,79.36,Shop Pay
204842,2025-11-06,17300,Direct,Mobile,US,136.32,0.0,10.17,126.15,PayPal
204843,2026-02-10,8232,Direct,Mobile,UK,17.6,7.98,0.0,25.58,Apple Pay
204844,2025-11-22,16033,Email,Mobile,UK,268.27,0.0,0.0,268.27,PayPal
204845,2025-12-21,15227,Paid Social,Desktop,CA,176.26,0.0,0.0,176.26,Credit Card
204846,2025-11-14,5849,Organic Search,Mobile,CA,182.6,0.0,18.77,163.83,PayPal
204847,2026-01-30,4200,Direct,Mobile,AU,124.53,0.0,0.0,124.53,Credit Card
204848,2025-10-31,1996,Organic Search,Desktop,AU,179.77,0.0,6.31,173.45,Credit Card
204849,2026-01-30,16040,Paid Social,Mobile,CA,224.03,0.0,19.42,204.61,PayPal
204850,2025-12-01,5349,Paid Search,Desktop,US,142.52,0.0,0.0,142.52,PayPal
204851,2025-12-30,13149,Paid Social,Mobile,UK,19.2,7.46,1.11,25.55,Credit Card
204852,2026-02-03,11834,Email,Mobile,AU,38.07,0.0,0.0,38.07,Credit Card
204853,2025-12-25,11146,Paid Social,Mobile,US,176.09,0.0,17.5,158.59,Apple Pay
204854,2025-08-21,17053,Paid Social,Desktop,US,27.4,7.78,2.09,33.09,PayPal
204855,2025-10-30,1676,Paid Social,Desktop,DE,289.58,0.0,13.44,276.14,PayPal
204856,2026-01-25,8355,Direct,Mobile,DE,51.89,0.0,0.0,51.89,Credit Card
204857,2025-12-27,8214,Organic Search,Desktop,UK,228.86,0.0,14.35,214.51,Shop Pay
204858,2025-11-08,7515,Organic Search,Desktop,CA,57.66,0.0,0.0,57.66,PayPal
204859,2026-01-25,2918,Paid Search,Desktop,AU,240.87,0.0,0.0,240.87,PayPal
204860,2025-10-23,6944,Email,Mobile,UK,162.41,0.0,0.0,162.41,Apple Pay
204861,2025-08-16,10114,Direct,Mobile,US,82.23,0.0,3.8,78.43,Shop Pay
204862,2025-12-28,17598,Paid Social,Mobile,DE,123.45,0.0,11.65,111.81,Apple Pay
204863,2025-10-20,1547,Organic Search,Mobile,CA,303.53,0.0,14.77,288.76,Credit Card
204864,2025-11-24,486,Paid Social,Mobile,CA,135.89,0.0,0.0,135.89,Shop Pay
204865,2025-10-15,7380,Organic Search,Desktop,CA,111.71,0.0,0.0,111.71,Apple Pay
204866,2025-11-19,7647,Organic Search,Mobile,CA,221.28,0.0,0.0,221.28,Credit Card
204867,2026-01-06,2965,Direct,Mobile,UK,90.23,0.0,6.53,83.7,PayPal
204868,2025-11-06,4479,Email,Desktop,DE,217.53,0.0,0.0,217.53,Shop Pay
204869,2025-12-25,3039,Paid Search,Mobile,CA,106.5,0.0,0.0,106.5,Credit Card
204870,2025-08-20,14933,Paid Search,Mobile,US,238.22,0.0,0.0,238.22,Apple Pay
204871,2025-09-19,13174,Paid Search,Desktop,US,37.34,6.25,0.0,43.59,Apple Pay
204872,2025-12-03,6596,Direct,Desktop,AU,105.03,0.0,8.24,96.79,PayPal
204873,2025-10-20,7157,Paid Search,Desktop,DE,138.58,0.0,14.61,123.97,Apple Pay
204874,2025-11-09,9291,Email,Desktop,US,269.93,0.0,14.85,255.08,Credit Card
204875,2025-12-05,11928,Paid Search,Mobile,CA,210.0,0.0,0.0,210.0,Shop Pay
204876,2025-12-08,6868,Paid Search,Desktop,DE,114.75,0.0,0.0,114.75,Apple Pay
204877,2026-01-17,4835,Paid Search,Desktop,DE,80.39,0.0,3.5,76.9,Apple Pay
204878,2025-08-23,17483,Paid Search,Mobile,US,209.43,0.0,0.0,209.43,Credit Card
204879,2025-08-29,3348,Organic Search,Desktop,UK,173.39,0.0,0.0,173.39,Apple Pay
204880,2025-08-19,1878,Organic Search,Desktop,DE,189.48,0.0,0.0,189.48,Credit Card
204881,2025-09-06,17855,Email,Desktop,DE,103.09,0.0,4.05,99.05,Credit Card
204882,2026-02-05,909,Paid Search,Desktop,DE,184.57,0.0,20.25,164.32,Apple Pay
204883,2026-01-12,667,Paid Search,Mobile,US,157.26,0.0,0.0,157.26,PayPal
204884,2025-11-10,15254,Paid Social,Desktop,AU,160.84,0.0,0.0,160.84,Credit Card
204885,2026-01-15,13649,Organic Search,Mobile,DE,284.37,0.0,0.0,284.37,Apple Pay
204886,2025-10-28,14469,Email,Desktop,UK,205.81,0.0,0.0,205.81,Shop Pay
204887,2025-10-18,8808,Organic Search,Mobile,CA,98.39,0.0,0.0,98.39,Shop Pay
204888,2025-11-28,11697,Direct,Desktop,US,27.53,7.88,0.0,35.41,Apple Pay
204889,2025-08-27,4532,Email,Desktop,UK,95.61,0.0,0.0,95.61,PayPal
204890,2025-11-21,1365,Direct,Desktop,UK,159.94,0.0,0.0,159.94,Credit Card
204891,2025-12-13,7689,Direct,Mobile,US,124.22,0.0,0.0,124.22,Credit Card
204892,2025-12-02,4416,Organic Search,Desktop,CA,101.21,0.0,0.0,101.21,PayPal
204893,2025-12-12,11981,Email,Desktop,DE,170.18,0.0,0.0,170.18,Credit Card
204894,2026-01-05,17362,Direct,Desktop,CA,266.28,0.0,0.0,266.28,Apple Pay
204895,2025-12-20,7976,Paid Social,Mobile,AU,91.12,0.0,0.0,91.12,Apple Pay
204896,2026-01-20,502,Organic Search,Mobile,CA,97.12,0.0,9.41,87.71,Apple Pay
204897,2025-12-12,829,Direct,Desktop,AU,102.93,0.0,3.21,99.72,PayPal
204898,2025-09-28,6861,Paid Social,Mobile,US,28.16,7.74,1.08,34.83,Credit Card
204899,2025-12-19,9467,Paid Social,Mobile,AU,136.79,0.0,0.0,136.79,PayPal
204900,2025-12-29,14274,Email,Mobile,DE,9.69,7.27,0.0,16.96,Shop Pay
204901,2025-09-12,13792,Paid Search,Mobile,CA,259.35,0.0,0.0,259.35,PayPal
204902,2025-12-16,13550,Paid Search,Mobile,UK,267.83,0.0,0.0,267.83,Shop Pay
204903,2025-12-01,14974,Direct,Desktop,DE,9.59,5.09,0.0,14.68,Apple Pay
204904,2025-09-20,5679,Paid Search,Mobile,CA,70.39,0.0,2.35,68.05,PayPal
204905,2025-12-09,17574,Direct,Desktop,AU,51.12,5.03,0.0,56.16,Apple Pay
204906,2025-09-24,2723,Paid Social,Mobile,US,200.76,0.0,13.03,187.74,Credit Card
204907,2025-10-15,12886,Email,Desktop,AU,68.43,0.0,0.0,68.43,PayPal
204908,2025-09-16,15172,Email,Mobile,DE,272.96,0.0,0.0,272.96,Shop Pay
204909,2026-02-03,12171,Organic Search,Desktop,CA,111.66,0.0,12.81,98.85,PayPal
204910,2025-10-17,8151,Paid Social,Desktop,UK,102.27,0.0,6.42,95.85,Credit Card
204911,2025-08-25,8309,Direct,Mobile,UK,168.31,0.0,18.33,149.99,Credit Card
204912,2025-11-14,3837,Organic Search,Mobile,US,298.24,0.0,24.17,274.07,Shop Pay
204913,2025-11-10,13615,Paid Search,Mobile,UK,267.27,0.0,30.6,236.67,PayPal
204914,2025-09-07,3878,Direct,Mobile,DE,118.79,0.0,8.79,110.0,Shop Pay
204915,2026-01-24,14756,Paid Search,Mobile,UK,258.1,0.0,0.0,258.1,Apple Pay
204916,2025-09-15,8263,Email,Mobile,DE,169.02,0.0,9.4,159.61,Credit Card
204917,2025-10-25,8393,Direct,Mobile,AU,153.47,0.0,0.0,153.47,PayPal
204918,2025-11-09,7062,Paid Social,Desktop,UK,93.19,0.0,4.67,88.51,Shop Pay
204919,2025-12-06,13843,Email,Desktop,AU,105.25,0.0,0.0,105.25,Shop Pay
204920,2026-01-04,10222,Paid Social,Mobile,AU,95.57,0.0,0.0,95.57,Shop Pay
204921,2025-11-06,12755,Paid Search,Mobile,DE,49.1,0.0,0.0,49.1,PayPal
204922,2026-01-08,454,Paid Social,Mobile,CA,189.99,0.0,0.0,189.99,PayPal
204923,2025-08-20,3425,Paid Social,Mobile,CA,20.73,6.32,0.0,27.05,Shop Pay
204924,2025-09-06,10267,Organic Search,Mobile,US,119.6,0.0,9.69,109.91,PayPal
204925,2025-12-21,11600,Organic Search,Mobile,AU,72.02,0.0,0.0,72.02,Shop Pay
204926,2025-11-12,1325,Direct,Desktop,UK,295.99,0.0,0.0,295.99,PayPal
204927,2026-01-01,15311,Email,Desktop,UK,318.09,0.0,0.0,318.09,Credit Card
204928,2025-08-23,7906,Paid Search,Desktop,AU,49.41,6.2,3.56,52.05,Shop Pay
204929,2025-12-06,15125,Paid Social,Desktop,UK,39.18,6.18,0.0,45.36,Shop Pay
204930,2026-01-24,12938,Organic Search,Desktop,UK,217.67,0.0,0.0,217.67,Apple Pay
204931,2025-10-06,17191,Organic Search,Mobile,CA,23.47,7.2,0.0,30.67,Apple Pay
204932,2025-09-11,16677,Paid Social,Mobile,DE,82.4,0.0,0.0,82.4,Credit Card
204933,2026-02-04,17598,Direct,Desktop,DE,152.44,0.0,12.29,140.16,PayPal
204934,2025-09-02,3907,Paid Search,Mobile,CA,46.99,5.37,0.0,52.36,PayPal
204935,2025-09-27,6290,Organic Search,Desktop,CA,169.84,0.0,14.37,155.47,Shop Pay
204936,2026-02-08,14567,Direct,Mobile,DE,117.8,0.0,7.14,110.67,Shop Pay
204937,2026-01-10,1132,Direct,Desktop,US,103.23,0.0,0.0,103.23,Shop Pay
204938,2025-11-07,16287,Email,Desktop,US,27.65,7.46,2.0,33.11,Apple Pay
204939,2025-11-23,17053,Paid Social,Mobile,AU,182.35,0.0,0.0,182.35,Apple Pay
204940,2025-12-04,5833,Paid Social,Mobile,DE,262.63,0.0,0.0,262.63,Shop Pay
204941,2025-12-25,11804,Paid Social,Desktop,UK,328.19,0.0,0.0,328.19,Shop Pay
204942,2025-09-13,10411,Paid Social,Mobile,US,74.82,0.0,2.76,72.06,PayPal
204943,2025-12-04,9203,Organic Search,Desktop,UK,76.13,0.0,0.0,76.13,Shop Pay
204944,2026-02-04,726,Paid Social,Mobile,DE,298.46,0.0,11.55,286.9,Apple Pay
204945,2025-09-29,6386,Direct,Desktop,UK,26.87,6.92,0.0,33.79,Credit Card
204946,2025-11-28,6673,Paid Social,Desktop,AU,74.99,0.0,0.0,74.99,Apple Pay
204947,2025-09-14,12605,Organic Search,Desktop,CA,198.52,0.0,0.0,198.52,Credit Card
204948,2026-01-07,4827,Direct,Desktop,CA,21.21,7.46,0.0,28.67,Shop Pay
204949,2026-01-17,4834,Paid Search,Mobile,US,96.52,0.0,10.83,85.69,Credit Card
204950,2025-12-11,5488,Paid Social,Mobile,DE,198.05,0.0,0.0,198.05,Shop Pay
204951,2025-08-26,6634,Paid Social,Desktop,UK,143.97,0.0,10.31,133.66,Credit Card
204952,2025-10-24,4162,Paid Search,Mobile,UK,80.76,0.0,0.0,80.76,Shop Pay
204953,2025-11-04,11611,Direct,Mobile,DE,79.5,0.0,6.68,72.81,Credit Card
204954,2025-09-28,5990,Direct,Mobile,US,38.42,0.0,0.0,38.42,Apple Pay
204955,2025-09-06,7555,Organic Search,Desktop,CA,265.74,0.0,0.0,265.74,Credit Card
204956,2025-09-11,5062,Direct,Mobile,US,54.38,0.0,0.0,54.38,Shop Pay
204957,2025-09-15,7093,Email,Mobile,AU,37.22,5.76,0.0,42.98,Apple Pay
204958,2025-10-03,4819,Email,Mobile,AU,185.38,0.0,0.0,185.38,Apple Pay
204959,2025-09-24,15167,Organic Search,Desktop,UK,142.94,0.0,12.08,130.86,PayPal
204960,2025-10-27,4860,Direct,Mobile,UK,270.73,0.0,19.46,251.27,PayPal
204961,2026-02-06,4092,Email,Desktop,UK,38.58,0.0,0.0,38.58,Apple Pay
204962,2025-10-12,4455,Paid Social,Mobile,DE,216.53,0.0,7.08,209.46,Credit Card
204963,2025-10-12,8673,Organic Search,Desktop,DE,123.48,0.0,0.0,123.48,Credit Card
204964,2025-08-21,15513,Paid Social,Mobile,DE,73.35,0.0,7.35,66.0,Apple Pay
204965,2025-10-27,16740,Direct,Mobile,DE,172.75,0.0,14.72,158.03,Credit Card
204966,2025-10-12,3910,Email,Mobile,DE,325.35,0.0,0.0,325.35,Shop Pay
204967,2025-11-18,2,Paid Social,Mobile,UK,55.41,0.0,3.66,51.74,PayPal
204968,2025-10-07,4478,Paid Social,Desktop,DE,98.08,0.0,9.25,88.82,Credit Card
204969,2025-10-26,8140,Paid Search,Mobile,CA,314.67,0.0,18.83,295.83,Apple Pay
204970,2026-01-04,2084,Paid Search,Desktop,DE,205.58,0.0,0.0,205.58,Shop Pay
204971,2025-11-03,9091,Paid Search,Mobile,US,132.64,0.0,0.0,132.64,PayPal
204972,2025-12-18,597,Direct,Desktop,DE,49.14,0.0,5.11,44.03,Shop Pay
204973,2026-02-05,17964,Email,Mobile,US,184.48,0.0,0.0,184.48,PayPal
204974,2025-09-11,16091,Direct,Mobile,US,20.14,5.26,0.0,25.4,Shop Pay
204975,2025-11-06,5527,Organic Search,Mobile,AU,167.69,0.0,0.0,167.69,PayPal
204976,2025-08-16,6000,Paid Social,Desktop,AU,153.77,0.0,0.0,153.77,Apple Pay
204977,2025-12-31,14444,Email,Mobile,DE,66.55,0.0,0.0,66.55,PayPal
204978,2025-09-16,5128,Direct,Mobile,US,156.51,0.0,0.0,156.51,Shop Pay
204979,2026-01-13,12359,Direct,Mobile,AU,279.35,0.0,23.08,256.27,PayPal
204980,2026-01-25,15396,Direct,Desktop,DE,70.13,0.0,0.0,70.13,Shop Pay
204981,2026-01-29,14493,Organic Search,Desktop,US,126.38,0.0,0.0,126.38,Shop Pay
204982,2025-11-24,16761,Direct,Desktop,AU,171.77,0.0,12.62,159.15,Apple Pay
204983,2025-11-13,17754,Direct,Mobile,CA,163.44,0.0,14.37,149.07,PayPal
204984,2025-10-07,7786,Direct,Desktop,CA,101.46,0.0,0.0,101.46,Shop Pay
204985,2025-12-18,3564,Paid Social,Desktop,DE,48.26,0.0,0.0,48.26,Credit Card
204986,2025-11-05,2672,Direct,Desktop,DE,86.43,0.0,4.55,81.88,Credit Card
204987,2026-01-20,33,Paid Social,Desktop,CA,133.54,0.0,6.54,127.0,Shop Pay
204988,2026-01-12,9167,Direct,Mobile,DE,26.47,7.53,1.32,32.67,Apple Pay
204989,2025-09-03,14552,Email,Desktop,UK,286.98,0.0,0.0,286.98,PayPal
204990,2025-10-28,2739,Paid Social,Mobile,UK,25.03,7.6,0.0,32.63,PayPal
204991,2025-10-11,330,Paid Social,Desktop,DE,145.18,0.0,10.13,135.05,PayPal
204992,2025-11-26,1708,Paid Social,Desktop,UK,179.65,0.0,0.0,179.65,PayPal
204993,2025-12-08,9497,Paid Search,Desktop,AU,221.58,0.0,0.0,221.58,Apple Pay
204994,2025-12-04,9007,Organic Search,Mobile,AU,137.57,0.0,0.0,137.57,Shop Pay
204995,2025-12-31,17182,Paid Search,Desktop,UK,88.25,0.0,0.0,88.25,Shop Pay
204996,2025-12-04,16201,Direct,Mobile,AU,30.76,7.06,3.52,34.3,Credit Card
204997,2025-11-23,16118,Paid Social,Desktop,CA,183.86,0.0,0.0,183.86,Credit Card
204998,2025-09-03,11230,Paid Social,Mobile,DE,162.15,0.0,0.0,162.15,PayPal
204999,2025-10-13,13045,Paid Search,Desktop,DE,233.27,0.0,0.0,233.27,Shop Pay
205000,2025-12-11,4098,Organic Search,Mobile,UK,66.24,0.0,0.0,66.24,Credit Card
205001,2025-12-08,6952,Organic Search,Mobile,AU,197.47,0.0,20.37,177.1,PayPal
205002,2025-08-29,10862,Paid Social,Desktop,US,43.6,5.31,4.59,44.31,Apple Pay
205003,2025-11-23,3386,Paid Search,Desktop,AU,190.36,0.0,0.0,190.36,Credit Card
205004,2025-09-27,10631,Email,Mobile,AU,117.81,0.0,0.0,117.81,Shop Pay
205005,2026-02-10,16004,Organic Search,Mobile,CA,170.04,0.0,0.0,170.04,Shop Pay
205006,2025-11-28,15535,Paid Search,Mobile,AU,321.47,0.0,16.12,305.35,Shop Pay
205007,2025-09-06,4163,Paid Search,Mobile,US,241.31,0.0,0.0,241.31,Credit Card
205008,2025-08-20,13862,Email,Mobile,US,53.28,7.0,6.05,54.23,Credit Card
205009,2025-10-07,16059,Paid Social,Desktop,US,85.39,0.0,3.3,82.09,Apple Pay
205010,2025-11-09,11196,Email,Desktop,AU,104.29,0.0,0.0,104.29,Credit Card
205011,2026-02-02,16069,Direct,Desktop,US,225.49,0.0,0.0,225.49,Credit Card
205012,2025-12-12,14331,Email,Desktop,UK,268.03,0.0,15.54,252.49,Apple Pay
205013,2025-10-26,15208,Paid Search,Desktop,DE,136.38,0.0,0.0,136.38,Shop Pay
205014,2025-12-07,6364,Organic Search,Desktop,DE,90.7,0.0,0.0,90.7,PayPal
205015,2025-09-22,2020,Paid Search,Desktop,US,109.69,0.0,0.0,109.69,PayPal
205016,2025-09-29,14809,Direct,Desktop,AU,187.65,0.0,0.0,187.65,Apple Pay
205017,2025-08-17,7282,Email,Desktop,CA,84.83,0.0,7.15,77.69,Credit Card
205018,2025-12-19,1693,Paid Social,Mobile,CA,61.03,0.0,0.0,61.03,PayPal
205019,2025-12-17,1461,Paid Search,Desktop,US,81.28,0.0,0.0,81.28,Credit Card
205020,2026-01-17,1572,Direct,Desktop,US,131.83,0.0,6.95,124.88,PayPal
205021,2026-02-02,9585,Organic Search,Mobile,DE,114.87,0.0,0.0,114.87,Shop Pay
205022,2025-11-21,15240,Organic Search,Mobile,UK,131.71,0.0,7.82,123.89,Shop Pay
205023,2026-01-11,3489,Email,Desktop,DE,194.49,0.0,0.0,194.49,Shop Pay
205024,2025-11-20,3016,Organic Search,Desktop,CA,237.18,0.0,0.0,237.18,Shop Pay
205025,2025-11-05,2052,Direct,Desktop,AU,120.97,0.0,6.57,114.41,Credit Card
205026,2025-09-20,9152,Organic Search,Mobile,DE,67.26,0.0,3.17,64.09,Apple Pay
205027,2026-02-05,13972,Paid Social,Mobile,UK,74.54,0.0,0.0,74.54,PayPal
205028,2025-08-20,16927,Paid Social,Desktop,AU,59.8,0.0,5.11,54.7,Credit Card
205029,2025-10-14,6710,Paid Search,Desktop,US,208.77,0.0,0.0,208.77,Shop Pay
205030,2025-08-31,12871,Paid Social,Desktop,DE,13.33,6.18,0.0,19.51,Credit Card
205031,2025-10-25,14744,Paid Social,Desktop,CA,211.44,0.0,0.0,211.44,Apple Pay
205032,2026-01-30,3444,Paid Search,Desktop,UK,156.12,0.0,0.0,156.12,Credit Card
205033,2025-09-30,7589,Organic Search,Mobile,CA,27.8,7.45,0.0,35.25,PayPal
205034,2025-12-01,15072,Direct,Mobile,AU,122.39,0.0,13.12,109.27,Apple Pay
205035,2025-09-04,3746,Direct,Desktop,AU,31.12,7.15,0.0,38.27,Credit Card
205036,2026-01-30,11230,Paid Search,Mobile,AU,68.61,0.0,6.36,62.25,Apple Pay
205037,2025-10-07,12471,Direct,Desktop,AU,114.0,0.0,0.0,114.0,PayPal
205038,2025-12-01,5879,Email,Mobile,AU,97.63,0.0,0.0,97.63,Apple Pay
205039,2026-01-23,9763,Paid Social,Desktop,AU,114.67,0.0,6.3,108.37,Shop Pay
205040,2025-10-07,5402,Direct,Mobile,US,157.0,0.0,8.67,148.33,Apple Pay
205041,2025-10-07,13938,Paid Search,Mobile,US,161.52,0.0,0.0,161.52,Apple Pay
205042,2025-11-28,5593,Direct,Desktop,AU,210.03,0.0,0.0,210.03,Shop Pay
205043,2025-11-24,3523,Organic Search,Desktop,US,248.92,0.0,22.35,226.57,Shop Pay
205044,2025-12-26,5655,Paid Social,Mobile,AU,52.56,0.0,0.0,52.56,PayPal
205045,2025-08-17,9422,Email,Desktop,UK,265.9,0.0,0.0,265.9,Shop Pay
205046,2025-09-12,12040,Paid Social,Mobile,DE,40.03,5.28,0.0,45.31,Apple Pay
205047,2025-12-01,1509,Email,Desktop,US,130.66,0.0,0.0,130.66,Credit Card
205048,2025-09-06,17687,Paid Social,Desktop,CA,130.71,0.0,0.0,130.71,Shop Pay
205049,2025-08-26,7590,Paid Search,Mobile,UK,73.46,0.0,4.58,68.88,Shop Pay
205050,2025-10-04,17225,Email,Desktop,US,166.01,0.0,12.72,153.28,Credit Card
205051,2026-01-08,8290,Paid Search,Desktop,AU,347.55,0.0,25.59,321.97,Credit Card
205052,2025-10-17,7316,Direct,Desktop,UK,107.06,0.0,0.0,107.06,PayPal
205053,2025-12-06,2599,Organic Search,Mobile,CA,211.44,0.0,0.0,211.44,Shop Pay
205054,2026-01-15,5649,Organic Search,Mobile,CA,66.24,0.0,2.48,63.76,Credit Card
205055,2025-08-27,9023,Organic Search,Desktop,CA,221.64,0.0,21.27,200.37,Apple Pay
205056,2025-08-31,67,Email,Mobile,AU,191.89,0.0,0.0,191.89,Shop Pay
205057,2025-11-30,13589,Paid Search,Desktop,DE,146.45,0.0,0.0,146.45,PayPal
205058,2026-02-08,17420,Paid Social,Desktop,UK,135.57,0.0,0.0,135.57,PayPal
205059,2025-12-08,3565,Email,Mobile,US,102.22,0.0,0.0,102.22,PayPal
205060,2025-10-25,17170,Paid Social,Desktop,CA,66.72,0.0,3.89,62.82,Shop Pay
205061,2025-09-27,7290,Paid Search,Desktop,UK,226.37,0.0,0.0,226.37,PayPal
205062,2025-12-18,6069,Paid Social,Desktop,AU,262.44,0.0,0.0,262.44,Credit Card
205063,2025-10-08,11804,Direct,Mobile,DE,116.56,0.0,0.0,116.56,Apple Pay
205064,2025-09-22,14710,Paid Search,Mobile,US,133.3,0.0,12.89,120.4,Shop Pay
205065,2025-10-10,5258,Paid Social,Desktop,AU,108.38,0.0,0.0,108.38,Apple Pay
205066,2025-09-17,11370,Paid Search,Desktop,CA,76.98,0.0,0.0,76.98,Credit Card
205067,2025-11-12,6086,Paid Search,Mobile,UK,19.83,7.92,2.08,25.67,Credit Card
205068,2025-11-13,17620,Paid Search,Desktop,US,155.74,0.0,15.41,140.33,Credit Card
205069,2025-12-16,8027,Organic Search,Mobile,US,146.47,0.0,7.59,138.87,Shop Pay
205070,2025-08-29,14013,Paid Search,Desktop,CA,191.69,0.0,0.0,191.69,PayPal
205071,2025-08-15,10450,Direct,Desktop,US,74.43,0.0,7.79,66.64,PayPal
205072,2025-10-26,6597,Organic Search,Mobile,UK,267.72,0.0,0.0,267.72,Apple Pay
205073,2026-02-02,17120,Paid Social,Desktop,US,118.98,0.0,12.21,106.76,Shop Pay
205074,2025-12-24,13965,Paid Social,Mobile,CA,235.6,0.0,0.0,235.6,Apple Pay
205075,2025-12-11,5447,Paid Search,Desktop,US,172.87,0.0,0.0,172.87,PayPal
205076,2025-11-22,10052,Paid Search,Mobile,DE,178.36,0.0,21.04,157.31,Credit Card
205077,2025-09-02,16764,Paid Social,Mobile,US,219.34,0.0,0.0,219.34,PayPal
205078,2025-10-18,17048,Email,Desktop,CA,158.58,0.0,0.0,158.58,PayPal
205079,2025-12-15,11941,Paid Search,Desktop,UK,88.62,0.0,0.0,88.62,PayPal
205080,2025-09-15,10463,Direct,Desktop,UK,131.24,0.0,8.1,123.14,Apple Pay
205081,2026-01-26,5258,Paid Social,Mobile,UK,242.35,0.0,28.91,213.44,PayPal
205082,2025-09-27,13091,Paid Social,Desktop,CA,148.62,0.0,7.23,141.39,Credit Card
205083,2026-01-18,11935,Paid Social,Desktop,US,140.08,0.0,0.0,140.08,Credit Card
205084,2025-09-30,1216,Paid Search,Desktop,CA,115.66,0.0,0.0,115.66,Credit Card
205085,2025-11-26,5846,Paid Social,Mobile,UK,214.88,0.0,0.0,214.88,Shop Pay
205086,2025-09-17,17019,Direct,Desktop,DE,131.05,0.0,10.7,120.35,PayPal
205087,2025-11-10,1517,Paid Search,Desktop,US,34.96,5.84,2.03,38.78,Apple Pay
205088,2025-09-27,17958,Organic Search,Mobile,UK,100.27,0.0,0.0,100.27,Apple Pay
205089,2026-01-24,12676,Direct,Mobile,DE,203.48,0.0,0.0,203.48,Credit Card
205090,2025-11-19,9515,Organic Search,Desktop,US,99.38,0.0,0.0,99.38,Shop Pay
205091,2025-10-05,17221,Direct,Desktop,US,98.72,0.0,5.29,93.43,Credit Card
205092,2026-01-24,12521,Organic Search,Desktop,US,253.18,0.0,0.0,253.18,PayPal
205093,2025-11-08,2035,Paid Search,Desktop,CA,222.55,0.0,0.0,222.55,Apple Pay
205094,2025-10-23,15048,Direct,Mobile,CA,293.83,0.0,16.58,277.25,Shop Pay
205095,2025-12-07,1502,Direct,Mobile,DE,43.61,0.0,0.0,43.61,Apple Pay
205096,2025-08-17,6745,Paid Search,Mobile,CA,140.39,0.0,0.0,140.39,Shop Pay
205097,2025-09-08,16894,Email,Desktop,DE,103.27,0.0,0.0,103.27,Apple Pay
205098,2025-12-24,14396,Direct,Mobile,US,45.17,0.0,0.0,45.17,PayPal
205099,2025-11-18,11764,Paid Search,Desktop,CA,126.29,0.0,0.0,126.29,PayPal
205100,2026-01-24,2323,Direct,Mobile,US,32.98,5.94,0.0,38.92,Credit Card
205101,2025-10-05,13664,Direct,Mobile,UK,309.6,0.0,0.0,309.6,Apple Pay
205102,2025-12-03,14356,Paid Social,Desktop,CA,245.19,0.0,15.01,230.17,Shop Pay
205103,2025-08-22,14247,Organic Search,Mobile,AU,198.07,0.0,0.0,198.07,PayPal
205104,2026-02-03,2538,Paid Social,Desktop,CA,31.07,5.9,3.57,33.4,Shop Pay
205105,2026-01-07,17096,Direct,Mobile,CA,212.52,0.0,0.0,212.52,Shop Pay
205106,2026-01-28,7466,Email,Desktop,UK,145.26,0.0,0.0,145.26,PayPal
205107,2026-01-28,14753,Direct,Mobile,UK,271.76,0.0,13.03,258.73,Apple Pay
205108,2025-08-30,2178,Paid Search,Mobile,AU,160.44,0.0,0.0,160.44,Shop Pay
205109,2025-11-01,15427,Paid Social,Desktop,CA,225.62,0.0,0.0,225.62,PayPal
205110,2025-12-21,17826,Direct,Mobile,US,166.17,0.0,0.0,166.17,PayPal
205111,2025-10-28,6397,Paid Social,Desktop,CA,80.46,0.0,7.33,73.13,PayPal
205112,2025-10-16,9667,Paid Social,Desktop,UK,71.36,0.0,4.6,66.76,PayPal
205113,2025-08-15,12214,Email,Desktop,US,9.77,6.65,0.0,16.42,Apple Pay
205114,2026-01-15,14663,Email,Desktop,UK,26.36,5.13,1.75,29.73,Shop Pay
205115,2026-01-05,13547,Email,Mobile,AU,79.84,0.0,5.2,74.63,PayPal
205116,2025-10-28,13294,Email,Desktop,DE,45.62,0.0,0.0,45.62,Apple Pay
205117,2026-01-25,6381,Organic Search,Desktop,US,107.86,0.0,4.46,103.39,Credit Card
205118,2025-09-20,16911,Direct,Desktop,CA,169.78,0.0,0.0,169.78,Shop Pay
205119,2026-01-11,7978,Email,Mobile,CA,100.83,0.0,0.0,100.83,Shop Pay
205120,2026-01-10,16934,Email,Desktop,CA,51.79,7.45,0.0,59.25,Shop Pay
205121,2026-01-17,2144,Paid Search,Mobile,DE,67.34,0.0,0.0,67.34,PayPal
205122,2025-11-25,11419,Email,Mobile,US,154.48,0.0,6.94,147.55,Credit Card
205123,2026-01-10,11318,Paid Search,Mobile,US,124.12,0.0,0.0,124.12,Credit Card
205124,2026-01-22,6409,Direct,Mobile,DE,50.46,0.0,0.0,50.46,PayPal
205125,2025-08-26,16067,Organic Search,Desktop,AU,223.63,0.0,0.0,223.63,PayPal
205126,2025-09-30,2615,Paid Search,Mobile,AU,268.7,0.0,0.0,268.7,Shop Pay
205127,2025-12-02,3977,Organic Search,Desktop,DE,173.68,0.0,0.0,173.68,PayPal
205128,2025-09-26,8756,Organic Search,Mobile,CA,40.87,5.53,0.0,46.4,Credit Card
205129,2026-02-02,3020,Direct,Desktop,DE,92.65,0.0,4.59,88.06,Apple Pay
205130,2026-02-10,13537,Email,Mobile,UK,291.29,0.0,0.0,291.29,Apple Pay
205131,2025-09-02,6898,Organic Search,Desktop,UK,261.08,0.0,0.0,261.08,Shop Pay
205132,2025-12-02,13610,Direct,Mobile,AU,53.77,7.37,1.68,59.46,Apple Pay
205133,2025-09-11,1800,Paid Social,Desktop,DE,19.65,6.07,2.3,23.42,Apple Pay
205134,2025-12-29,6833,Email,Mobile,DE,164.14,0.0,0.0,164.14,PayPal
205135,2025-10-27,16573,Paid Social,Mobile,UK,300.42,0.0,0.0,300.42,Credit Card
205136,2025-10-26,789,Direct,Mobile,CA,104.3,0.0,0.0,104.3,Shop Pay
205137,2026-02-03,7953,Paid Search,Desktop,AU,55.85,4.99,4.17,56.67,Apple Pay
205138,2026-01-07,1707,Direct,Mobile,CA,33.25,7.57,3.46,37.36,PayPal
205139,2025-12-30,17366,Paid Search,Desktop,UK,134.93,0.0,0.0,134.93,PayPal
205140,2025-12-24,15600,Organic Search,Mobile,US,147.22,0.0,17.04,130.18,PayPal
205141,2026-01-02,11833,Direct,Desktop,CA,155.73,0.0,0.0,155.73,Shop Pay
205142,2026-01-25,14769,Paid Search,Desktop,CA,75.78,0.0,0.0,75.78,Credit Card
205143,2025-11-20,15518,Paid Social,Desktop,US,102.41,0.0,0.0,102.41,Shop Pay
205144,2026-02-05,15330,Paid Social,Desktop,AU,154.55,0.0,0.0,154.55,Apple Pay
205145,2026-01-05,539,Paid Search,Desktop,UK,176.66,0.0,0.0,176.66,Shop Pay
205146,2025-09-07,10333,Email,Desktop,CA,267.64,0.0,12.92,254.72,PayPal
205147,2025-11-23,8895,Paid Social,Desktop,CA,172.99,0.0,0.0,172.99,PayPal
205148,2025-12-01,15784,Organic Search,Mobile,US,134.28,0.0,0.0,134.28,PayPal
205149,2025-08-28,10459,Organic Search,Mobile,DE,307.06,0.0,0.0,307.06,Credit Card
205150,2026-01-22,16848,Email,Desktop,UK,59.8,0.0,0.0,59.8,PayPal
205151,2025-12-02,9147,Paid Search,Mobile,UK,65.0,0.0,0.0,65.0,Shop Pay
205152,2025-11-22,13584,Organic Search,Desktop,US,110.91,0.0,10.76,100.15,Shop Pay
205153,2025-09-17,4047,Paid Social,Desktop,UK,51.83,6.16,0.0,57.99,Shop Pay
205154,2025-09-30,10058,Direct,Mobile,DE,103.21,0.0,0.0,103.21,PayPal
205155,2026-01-04,12245,Organic Search,Mobile,US,158.97,0.0,17.4,141.57,Shop Pay
205156,2026-01-31,17392,Paid Social,Mobile,US,134.76,0.0,0.0,134.76,Shop Pay
205157,2025-12-05,11427,Paid Search,Mobile,CA,141.32,0.0,8.62,132.7,Credit Card
205158,2026-02-02,3671,Email,Mobile,DE,69.49,0.0,2.49,67.0,PayPal
205159,2025-10-11,4715,Paid Search,Desktop,AU,189.1,0.0,0.0,189.1,Apple Pay
205160,2025-12-26,138,Organic Search,Desktop,DE,78.27,0.0,0.0,78.27,PayPal
205161,2026-02-03,926,Organic Search,Mobile,US,40.92,0.0,0.0,40.92,Apple Pay
205162,2025-09-21,3328,Email,Mobile,AU,91.1,0.0,0.0,91.1,Shop Pay
205163,2025-11-01,16777,Email,Mobile,DE,129.27,0.0,12.9,116.38,Credit Card
205164,2025-09-03,4240,Paid Social,Desktop,DE,187.06,0.0,0.0,187.06,Apple Pay
205165,2025-12-07,4285,Direct,Mobile,UK,67.03,0.0,0.0,67.03,PayPal
205166,2026-01-02,10615,Paid Social,Mobile,US,161.56,0.0,0.0,161.56,Credit Card
205167,2025-10-24,12025,Direct,Desktop,UK,323.16,0.0,0.0,323.16,Credit Card
205168,2026-01-18,14434,Email,Mobile,US,78.19,0.0,3.85,74.34,Credit Card
205169,2025-09-18,10462,Paid Social,Desktop,CA,229.9,0.0,0.0,229.9,Apple Pay
205170,2025-12-18,12802,Paid Social,Mobile,CA,153.09,0.0,0.0,153.09,PayPal
205171,2026-02-01,12601,Paid Social,Desktop,DE,105.41,0.0,6.9,98.51,Shop Pay
205172,2025-10-27,4078,Organic Search,Desktop,UK,62.39,0.0,0.0,62.39,Credit Card
205173,2025-08-21,11396,Direct,Mobile,US,41.57,6.78,0.0,48.35,PayPal
205174,2025-11-13,8673,Email,Desktop,UK,166.83,0.0,0.0,166.83,Credit Card
205175,2025-09-08,4771,Paid Social,Mobile,US,98.66,0.0,0.0,98.66,PayPal
205176,2025-11-05,14177,Direct,Desktop,UK,305.69,0.0,13.41,292.28,Apple Pay
205177,2025-11-14,17193,Direct,Desktop,DE,52.73,0.0,0.0,52.73,Shop Pay
205178,2026-01-29,2773,Direct,Desktop,DE,69.35,0.0,0.0,69.35,Credit Card
205179,2025-11-23,1995,Organic Search,Mobile,UK,205.02,0.0,0.0,205.02,Credit Card
205180,2026-01-12,6496,Paid Social,Desktop,US,230.54,0.0,0.0,230.54,Credit Card
205181,2025-10-09,6602,Paid Social,Desktop,UK,219.8,0.0,7.79,212.01,Apple Pay
205182,2025-11-23,14031,Email,Mobile,CA,137.68,0.0,0.0,137.68,Shop Pay
205183,2025-09-11,4892,Paid Social,Mobile,UK,208.43,0.0,0.0,208.43,Shop Pay
205184,2025-12-20,457,Paid Social,Mobile,DE,127.0,0.0,0.0,127.0,PayPal
205185,2025-11-09,16811,Paid Social,Desktop,US,312.08,0.0,0.0,312.08,Shop Pay
205186,2025-09-26,4659,Paid Social,Desktop,DE,75.86,0.0,5.12,70.73,PayPal
205187,2025-10-07,7068,Paid Search,Mobile,DE,52.73,0.0,0.0,52.73,Apple Pay
205188,2025-09-16,12326,Organic Search,Desktop,AU,186.37,0.0,0.0,186.37,Apple Pay
205189,2025-09-09,1775,Direct,Desktop,UK,157.91,0.0,13.91,144.0,Apple Pay
205190,2025-12-24,12657,Direct,Mobile,AU,109.29,0.0,0.0,109.29,Credit Card
205191,2025-10-11,14082,Email,Desktop,US,83.91,0.0,0.0,83.91,PayPal
205192,2026-01-01,15962,Paid Social,Mobile,UK,127.07,0.0,0.0,127.07,Shop Pay
205193,2026-01-26,12426,Paid Social,Mobile,AU,67.11,0.0,5.46,61.65,Apple Pay
205194,2025-11-24,10448,Email,Mobile,US,172.39,0.0,7.58,164.81,Credit Card
205195,2026-01-03,2868,Paid Social,Desktop,UK,106.01,0.0,0.0,106.01,Credit Card
205196,2025-10-01,8688,Email,Mobile,DE,171.75,0.0,0.0,171.75,Credit Card
205197,2026-01-11,4155,Email,Desktop,DE,152.07,0.0,17.66,134.42,Shop Pay
205198,2025-11-21,10986,Paid Social,Desktop,UK,89.93,0.0,0.0,89.93,Apple Pay
205199,2025-10-30,1687,Email,Mobile,AU,112.36,0.0,0.0,112.36,PayPal
205200,2025-08-23,6760,Organic Search,Mobile,CA,41.86,6.15,0.0,48.01,PayPal
205201,2025-10-26,898,Organic Search,Desktop,UK,159.87,0.0,5.51,154.36,PayPal
205202,2026-01-20,15080,Paid Social,Desktop,CA,209.77,0.0,21.77,188.01,Apple Pay
205203,2025-11-18,2886,Paid Social,Mobile,CA,94.36,0.0,4.86,89.5,Credit Card
205204,2025-10-05,6771,Direct,Desktop,UK,216.24,0.0,0.0,216.24,Apple Pay
205205,2025-11-13,591,Paid Social,Mobile,UK,144.05,0.0,0.0,144.05,PayPal
205206,2025-11-28,4767,Email,Mobile,US,150.03,0.0,0.0,150.03,Shop Pay
205207,2025-12-03,1621,Email,Desktop,DE,192.74,0.0,0.0,192.74,Apple Pay
205208,2025-12-29,10916,Paid Search,Desktop,AU,24.05,7.17,0.0,31.22,Credit Card
205209,2025-09-30,3992,Direct,Desktop,CA,151.76,0.0,0.0,151.76,Credit Card
205210,2025-08-20,8584,Paid Search,Mobile,UK,79.04,0.0,5.55,73.49,Apple Pay
205211,2025-09-03,12218,Paid Search,Mobile,US,47.28,6.45,3.11,50.62,PayPal
205212,2025-09-25,14743,Email,Desktop,CA,61.38,0.0,0.0,61.38,PayPal
205213,2025-11-13,5750,Organic Search,Mobile,CA,111.97,0.0,0.0,111.97,PayPal
205214,2025-09-03,446,Direct,Mobile,DE,43.41,7.98,0.0,51.39,Credit Card
205215,2026-01-07,4267,Organic Search,Desktop,DE,55.72,0.0,0.0,55.72,PayPal
205216,2025-09-15,5000,Direct,Desktop,AU,132.56,0.0,0.0,132.56,Apple Pay
205217,2025-12-11,9113,Direct,Mobile,CA,214.26,0.0,0.0,214.26,Apple Pay
205218,2025-12-24,14033,Paid Social,Desktop,AU,172.19,0.0,0.0,172.19,Credit Card
205219,2026-01-13,2981,Organic Search,Desktop,DE,48.95,5.51,0.0,54.46,PayPal
205220,2025-09-16,15837,Email,Mobile,AU,113.31,0.0,8.15,105.17,Credit Card
205221,2025-10-18,10347,Email,Desktop,UK,99.55,0.0,0.0,99.55,PayPal
205222,2026-01-23,13965,Direct,Desktop,UK,167.61,0.0,0.0,167.61,Apple Pay
205223,2025-10-10,11376,Organic Search,Mobile,CA,113.71,0.0,0.0,113.71,PayPal
205224,2025-08-26,14604,Organic Search,Mobile,UK,239.65,0.0,0.0,239.65,PayPal
205225,2025-10-09,13929,Organic Search,Mobile,UK,104.57,0.0,0.0,104.57,PayPal
205226,2025-11-28,16645,Direct,Desktop,US,318.89,0.0,0.0,318.89,Apple Pay
205227,2025-10-27,7436,Direct,Desktop,AU,246.89,0.0,0.0,246.89,Credit Card
205228,2025-12-17,11529,Organic Search,Desktop,AU,112.38,0.0,0.0,112.38,PayPal
205229,2025-09-01,7335,Direct,Mobile,US,67.86,0.0,0.0,67.86,Shop Pay
205230,2025-10-21,6869,Paid Search,Desktop,DE,55.86,0.0,2.71,53.14,Shop Pay
205231,2026-01-10,16068,Email,Desktop,DE,243.41,0.0,0.0,243.41,Credit Card
205232,2026-01-26,5367,Paid Social,Desktop,UK,176.37,0.0,19.77,156.6,Apple Pay
205233,2025-09-02,11521,Direct,Mobile,AU,43.91,7.41,0.0,51.32,PayPal
205234,2026-01-20,2429,Organic Search,Desktop,DE,125.77,0.0,0.0,125.77,PayPal
205235,2025-09-20,16997,Email,Mobile,US,151.62,0.0,0.0,151.62,Shop Pay
205236,2026-01-17,12402,Paid Social,Desktop,CA,19.17,7.2,0.0,26.37,PayPal
205237,2025-12-24,9841,Email,Mobile,UK,117.37,0.0,0.0,117.37,Shop Pay
205238,2026-01-16,604,Email,Desktop,CA,91.66,0.0,9.94,81.72,Apple Pay
205239,2026-01-23,5179,Paid Search,Desktop,US,136.74,0.0,0.0,136.74,Credit Card
205240,2025-11-15,13073,Direct,Mobile,US,98.89,0.0,0.0,98.89,Shop Pay
205241,2025-10-06,16665,Direct,Mobile,UK,94.6,0.0,6.89,87.72,Apple Pay
205242,2025-10-09,8130,Paid Search,Mobile,AU,171.53,0.0,0.0,171.53,Shop Pay
205243,2025-11-24,815,Email,Mobile,US,51.59,0.0,3.56,48.03,Apple Pay
205244,2025-08-25,14894,Direct,Mobile,UK,118.32,0.0,0.0,118.32,Credit Card
205245,2025-10-02,9537,Email,Mobile,CA,78.89,0.0,0.0,78.89,Shop Pay
205246,2025-11-17,2058,Organic Search,Desktop,AU,84.47,0.0,0.0,84.47,Apple Pay
205247,2025-11-24,17815,Organic Search,Mobile,US,179.28,0.0,0.0,179.28,Apple Pay
205248,2025-12-01,4376,Email,Mobile,DE,9.13,7.55,0.0,16.68,Credit Card
205249,2025-12-07,5017,Paid Social,Desktop,US,91.31,0.0,0.0,91.31,Apple Pay
205250,2025-09-04,10781,Direct,Mobile,DE,257.99,0.0,19.05,238.94,Apple Pay
205251,2025-12-02,14603,Paid Social,Desktop,CA,94.75,0.0,10.43,84.32,Shop Pay
205252,2025-10-19,3052,Email,Mobile,CA,116.74,0.0,0.0,116.74,PayPal
205253,2026-02-10,3577,Paid Search,Desktop,US,155.34,0.0,13.89,141.45,Credit Card
205254,2025-10-22,17248,Organic Search,Mobile,AU,44.88,7.14,0.0,52.03,Shop Pay
205255,2025-09-30,10287,Email,Mobile,CA,35.67,7.65,1.89,41.43,Shop Pay
205256,2025-08-15,14577,Organic Search,Mobile,DE,297.76,0.0,0.0,297.76,Shop Pay
205257,2025-09-06,8042,Email,Desktop,DE,31.01,6.19,0.0,37.2,Credit Card
205258,2025-08-31,9344,Email,Mobile,AU,211.6,0.0,0.0,211.6,Credit Card
205259,2025-10-04,4489,Direct,Mobile,AU,52.55,0.0,0.0,52.55,Credit Card
205260,2025-10-17,10216,Organic Search,Mobile,UK,121.13,0.0,0.0,121.13,Shop Pay
205261,2025-10-24,13384,Paid Search,Desktop,US,123.52,0.0,0.0,123.52,Shop Pay
205262,2026-01-14,16355,Organic Search,Desktop,CA,33.85,5.25,0.0,39.09,PayPal
205263,2025-12-19,1066,Direct,Mobile,AU,209.17,0.0,0.0,209.17,Credit Card
205264,2025-10-25,17236,Direct,Desktop,UK,114.04,0.0,0.0,114.04,Apple Pay
205265,2025-10-19,5821,Paid Social,Mobile,DE,52.63,7.67,5.87,54.44,Apple Pay
205266,2026-01-25,11223,Direct,Mobile,AU,175.37,0.0,0.0,175.37,Shop Pay
205267,2025-10-26,12994,Email,Desktop,UK,90.06,0.0,0.0,90.06,Shop Pay
205268,2025-11-30,11960,Paid Search,Desktop,UK,160.03,0.0,19.11,140.92,Shop Pay
205269,2025-10-26,146,Organic Search,Desktop,DE,76.52,0.0,8.16,68.37,PayPal
205270,2025-10-22,9376,Direct,Desktop,AU,68.84,0.0,0.0,68.84,Apple Pay
205271,2025-08-29,428,Organic Search,Desktop,UK,85.17,0.0,0.0,85.17,Credit Card
205272,2025-12-12,15344,Email,Mobile,DE,128.25,0.0,0.0,128.25,Shop Pay
205273,2025-09-05,8993,Direct,Desktop,CA,172.0,0.0,11.24,160.76,Credit Card
205274,2025-09-13,10097,Email,Desktop,CA,62.87,0.0,2.73,60.15,PayPal
205275,2025-10-08,5879,Organic Search,Mobile,DE,315.8,0.0,17.32,298.48,Apple Pay
205276,2026-01-13,12066,Organic Search,Mobile,CA,261.91,0.0,23.08,238.83,Credit Card
205277,2025-10-28,10902,Email,Mobile,UK,102.51,0.0,0.0,102.51,PayPal
205278,2025-09-02,14504,Paid Social,Desktop,AU,31.59,7.84,0.0,39.43,Credit Card
205279,2025-10-04,4541,Organic Search,Mobile,US,100.65,0.0,0.0,100.65,Credit Card
205280,2025-11-04,932,Organic Search,Desktop,UK,281.71,0.0,0.0,281.71,Credit Card
205281,2025-12-10,7245,Paid Social,Mobile,CA,51.12,0.0,0.0,51.12,Credit Card
205282,2025-12-22,16615,Organic Search,Desktop,CA,122.14,0.0,13.25,108.89,PayPal
205283,2026-01-24,3078,Organic Search,Desktop,US,92.65,0.0,0.0,92.65,Credit Card
205284,2026-01-18,7328,Organic Search,Desktop,DE,182.22,0.0,18.98,163.23,Apple Pay
205285,2025-11-17,2909,Paid Search,Desktop,US,49.07,0.0,0.0,49.07,PayPal
205286,2025-08-22,2754,Email,Desktop,AU,52.2,0.0,0.0,52.2,Shop Pay
205287,2025-09-03,5080,Email,Desktop,AU,71.8,0.0,0.0,71.8,Shop Pay
205288,2025-08-28,9625,Paid Search,Desktop,CA,179.49,0.0,14.41,165.08,Apple Pay
205289,2026-01-21,10589,Direct,Mobile,US,48.06,6.94,3.86,51.14,Shop Pay
205290,2025-11-13,14328,Paid Social,Desktop,AU,221.52,0.0,0.0,221.52,Shop Pay
205291,2026-02-08,8760,Direct,Desktop,UK,56.73,0.0,3.34,53.4,Shop Pay
205292,2025-08-23,14599,Paid Search,Mobile,DE,53.88,0.0,0.0,53.88,Shop Pay
205293,2025-10-30,3556,Direct,Desktop,CA,20.07,6.03,0.0,26.09,PayPal
205294,2025-11-24,15461,Organic Search,Mobile,CA,147.18,0.0,0.0,147.18,Apple Pay
205295,2025-09-18,5067,Paid Social,Desktop,US,168.29,0.0,0.0,168.29,Credit Card
205296,2025-10-12,115,Paid Search,Desktop,UK,99.09,0.0,0.0,99.09,Apple Pay
205297,2025-09-18,6503,Paid Search,Desktop,DE,108.41,0.0,0.0,108.41,Credit Card
205298,2025-09-27,14313,Organic Search,Mobile,US,94.97,0.0,0.0,94.97,PayPal
205299,2025-12-14,11998,Direct,Mobile,UK,206.59,0.0,7.06,199.53,PayPal
205300,2025-09-22,16505,Paid Search,Desktop,CA,95.59,0.0,9.54,86.05,Credit Card
205301,2025-12-06,10535,Direct,Mobile,AU,238.57,0.0,0.0,238.57,Apple Pay
205302,2025-08-19,13919,Email,Desktop,UK,220.08,0.0,7.33,212.75,PayPal
205303,2025-10-31,9159,Paid Social,Mobile,UK,181.95,0.0,0.0,181.95,Apple Pay
205304,2025-11-25,13925,Email,Desktop,DE,115.12,0.0,6.49,108.62,Credit Card
205305,2025-12-09,14089,Direct,Mobile,US,53.49,0.0,4.43,49.06,Apple Pay
205306,2025-10-24,10212,Organic Search,Desktop,DE,198.28,0.0,0.0,198.28,Apple Pay
205307,2025-12-28,14583,Organic Search,Mobile,UK,35.64,0.0,1.27,34.36,PayPal
205308,2025-09-16,6605,Paid Search,Desktop,US,33.78,5.08,0.0,38.87,Credit Card
205309,2025-10-22,4839,Paid Social,Mobile,DE,108.82,0.0,7.95,100.87,Apple Pay
205310,2025-10-25,17207,Email,Desktop,UK,102.9,0.0,0.0,102.9,Shop Pay
205311,2025-09-10,4235,Organic Search,Desktop,AU,54.61,7.95,0.0,62.57,Credit Card
205312,2026-01-18,8689,Email,Desktop,DE,200.69,0.0,0.0,200.69,Apple Pay
205313,2026-01-07,13540,Organic Search,Mobile,US,259.67,0.0,20.52,239.15,Apple Pay
205314,2025-12-12,7585,Paid Social,Mobile,DE,132.97,0.0,0.0,132.97,Shop Pay
205315,2025-12-27,5291,Paid Search,Desktop,UK,110.13,0.0,6.67,103.46,Shop Pay
205316,2025-11-28,11169,Direct,Desktop,UK,114.93,0.0,5.92,109.01,Shop Pay
205317,2025-10-10,5426,Paid Search,Mobile,UK,90.77,0.0,0.0,90.77,Credit Card
205318,2025-09-27,17647,Paid Search,Desktop,AU,212.54,0.0,0.0,212.54,Apple Pay
205319,2025-12-26,7732,Paid Search,Mobile,AU,115.91,0.0,3.57,112.34,Credit Card
205320,2026-02-09,6908,Direct,Mobile,CA,161.31,0.0,16.28,145.03,Credit Card
205321,2025-11-14,9794,Paid Social,Mobile,CA,126.69,0.0,0.0,126.69,Credit Card
205322,2025-12-13,5689,Direct,Mobile,DE,118.89,0.0,13.43,105.46,Shop Pay
205323,2026-01-01,14443,Email,Desktop,AU,190.55,0.0,12.2,178.34,Credit Card
205324,2025-10-27,8219,Email,Mobile,DE,184.38,0.0,0.0,184.38,Apple Pay
205325,2025-10-22,7321,Direct,Mobile,US,119.8,0.0,0.0,119.8,Shop Pay
205326,2025-10-10,8996,Paid Search,Desktop,US,71.09,0.0,7.26,63.83,Shop Pay
205327,2025-09-27,4743,Direct,Mobile,DE,230.15,0.0,0.0,230.15,Shop Pay
205328,2025-11-30,7358,Paid Social,Mobile,AU,163.22,0.0,0.0,163.22,Shop Pay
205329,2025-11-03,4990,Direct,Mobile,US,179.16,0.0,0.0,179.16,Credit Card
205330,2025-09-08,13038,Paid Social,Desktop,CA,8.77,5.69,0.51,13.94,Credit Card
205331,2025-09-12,4969,Paid Social,Desktop,CA,309.57,0.0,0.0,309.57,Apple Pay
205332,2025-10-04,6660,Email,Mobile,US,46.63,0.0,0.0,46.63,PayPal
205333,2025-12-15,1816,Email,Mobile,AU,288.45,0.0,0.0,288.45,Credit Card
205334,2026-01-29,15335,Email,Mobile,DE,156.68,0.0,15.39,141.29,Credit Card
205335,2025-11-10,13149,Direct,Desktop,CA,162.19,0.0,0.0,162.19,Shop Pay
205336,2025-11-29,2888,Paid Social,Mobile,AU,193.08,0.0,0.0,193.08,PayPal
205337,2025-10-29,11510,Paid Social,Mobile,CA,195.85,0.0,15.26,180.59,PayPal
205338,2025-12-26,10308,Direct,Desktop,CA,82.08,0.0,0.0,82.08,PayPal
205339,2025-11-14,15996,Paid Search,Desktop,AU,120.11,0.0,12.78,107.33,Shop Pay
205340,2025-10-14,1953,Email,Mobile,AU,245.71,0.0,24.03,221.68,Shop Pay
205341,2025-09-15,16713,Direct,Mobile,CA,116.1,0.0,0.0,116.1,Credit Card
205342,2025-12-17,13523,Paid Search,Mobile,US,133.16,0.0,12.68,120.48,Apple Pay
205343,2026-02-08,6972,Email,Desktop,CA,285.79,0.0,0.0,285.79,Shop Pay
205344,2026-01-25,2618,Paid Search,Desktop,UK,70.73,0.0,0.0,70.73,PayPal
205345,2025-09-04,3843,Organic Search,Mobile,AU,75.91,0.0,0.0,75.91,Shop Pay
205346,2025-08-29,10372,Direct,Mobile,AU,42.81,5.95,0.0,48.76,Credit Card
205347,2025-11-06,2672,Email,Desktop,UK,93.21,0.0,0.0,93.21,Apple Pay
205348,2025-09-02,14267,Email,Desktop,AU,133.85,0.0,12.11,121.75,PayPal
205349,2025-12-02,995,Paid Search,Mobile,CA,95.01,0.0,0.0,95.01,Shop Pay
205350,2025-09-06,17920,Direct,Desktop,CA,166.63,0.0,0.0,166.63,Shop Pay
205351,2025-10-05,1427,Paid Social,Mobile,AU,234.44,0.0,0.0,234.44,Apple Pay
205352,2025-10-26,3342,Email,Mobile,DE,304.86,0.0,13.53,291.33,PayPal
205353,2025-10-23,3953,Email,Mobile,CA,73.0,0.0,3.32,69.68,PayPal
205354,2025-08-31,14484,Direct,Desktop,US,102.5,0.0,0.0,102.5,Shop Pay
205355,2025-09-12,9248,Paid Social,Desktop,DE,85.9,0.0,0.0,85.9,Shop Pay
205356,2025-10-10,6880,Direct,Desktop,CA,22.72,6.11,0.0,28.83,Apple Pay
205357,2026-02-05,1028,Organic Search,Desktop,US,208.28,0.0,0.0,208.28,PayPal
205358,2025-08-26,16335,Organic Search,Desktop,AU,157.13,0.0,0.0,157.13,Shop Pay
205359,2025-10-18,10356,Email,Mobile,CA,49.52,7.79,0.0,57.31,Shop Pay
205360,2025-09-20,12692,Organic Search,Desktop,DE,222.37,0.0,15.44,206.93,Apple Pay
205361,2025-11-20,14829,Paid Search,Desktop,DE,110.55,0.0,11.57,98.98,Credit Card
205362,2025-10-28,325,Email,Desktop,UK,167.05,0.0,0.0,167.05,Shop Pay
205363,2025-12-22,5483,Organic Search,Mobile,CA,160.2,0.0,10.49,149.71,Credit Card
205364,2025-12-11,3742,Email,Desktop,US,138.38,0.0,15.41,122.96,Apple Pay
205365,2025-12-15,15790,Paid Social,Mobile,DE,67.69,0.0,6.91,60.78,Credit Card
205366,2025-11-09,4704,Organic Search,Mobile,AU,10.23,6.57,0.74,16.07,Credit Card
205367,2025-10-20,9655,Paid Search,Desktop,US,249.4,0.0,0.0,249.4,Apple Pay
205368,2025-08-28,13338,Organic Search,Desktop,UK,167.62,0.0,0.0,167.62,Apple Pay
205369,2025-08-26,2792,Paid Search,Mobile,DE,61.4,0.0,0.0,61.4,Apple Pay
205370,2025-12-10,1142,Direct,Desktop,UK,76.08,0.0,0.0,76.08,Credit Card
205371,2025-11-23,6900,Paid Search,Mobile,DE,48.81,7.06,0.0,55.87,PayPal
205372,2025-10-25,3323,Email,Mobile,DE,54.04,5.5,0.0,59.55,Apple Pay
205373,2025-08-20,10909,Email,Mobile,UK,124.28,0.0,13.37,110.91,Shop Pay
205374,2025-12-06,14766,Organic Search,Mobile,US,145.65,0.0,0.0,145.65,Credit Card
205375,2026-01-10,7868,Paid Social,Mobile,US,206.42,0.0,0.0,206.42,PayPal
205376,2026-01-02,2950,Paid Search,Desktop,CA,146.91,0.0,0.0,146.91,Shop Pay
205377,2025-10-22,8514,Direct,Desktop,DE,112.86,0.0,4.36,108.5,Shop Pay
205378,2025-10-10,8189,Paid Social,Mobile,AU,173.67,0.0,0.0,173.67,PayPal
205379,2025-09-10,11138,Paid Social,Desktop,UK,26.79,6.41,0.91,32.29,Credit Card
205380,2025-10-09,11092,Paid Social,Mobile,UK,163.29,0.0,0.0,163.29,PayPal
205381,2026-01-05,11661,Organic Search,Desktop,CA,151.28,0.0,13.11,138.17,PayPal
205382,2025-11-30,2101,Direct,Mobile,UK,71.44,0.0,4.38,67.06,Credit Card
205383,2025-11-19,4306,Direct,Desktop,CA,195.42,0.0,0.0,195.42,PayPal
205384,2026-01-20,5955,Paid Social,Mobile,US,115.29,0.0,0.0,115.29,Shop Pay
205385,2026-02-02,5609,Organic Search,Mobile,AU,221.41,0.0,0.0,221.41,PayPal
205386,2025-11-18,12633,Organic Search,Mobile,UK,167.14,0.0,0.0,167.14,Credit Card
205387,2026-02-08,5761,Direct,Desktop,US,142.24,0.0,0.0,142.24,Apple Pay
205388,2026-01-04,12151,Paid Social,Mobile,US,47.21,0.0,1.88,45.33,Credit Card
205389,2026-01-07,14566,Paid Search,Desktop,US,38.33,5.05,0.0,43.37,PayPal
205390,2025-12-30,17249,Direct,Desktop,UK,247.0,0.0,0.0,247.0,Credit Card
205391,2025-12-21,9917,Direct,Desktop,CA,52.83,6.83,0.0,59.65,Apple Pay
205392,2025-12-16,17388,Email,Desktop,US,121.64,0.0,5.96,115.69,PayPal
205393,2025-10-21,6405,Paid Search,Mobile,CA,74.75,0.0,0.0,74.75,PayPal
205394,2026-01-22,12579,Email,Mobile,AU,185.37,0.0,0.0,185.37,Apple Pay
205395,2025-12-24,4793,Email,Desktop,DE,216.04,0.0,22.83,193.21,Credit Card
205396,2025-12-30,9551,Paid Social,Desktop,AU,264.98,0.0,15.93,249.04,PayPal
205397,2025-12-27,3264,Paid Social,Mobile,US,87.32,0.0,7.29,80.04,Shop Pay
205398,2025-09-20,17459,Organic Search,Mobile,DE,83.27,0.0,0.0,83.27,Credit Card
205399,2025-12-12,16349,Direct,Mobile,US,156.38,0.0,0.0,156.38,Shop Pay
205400,2025-09-12,643,Direct,Mobile,CA,247.25,0.0,0.0,247.25,PayPal
205401,2025-09-19,4218,Email,Mobile,US,92.17,0.0,9.71,82.46,Apple Pay
205402,2025-12-09,8780,Paid Social,Desktop,UK,135.56,0.0,5.11,130.44,Apple Pay
205403,2025-11-13,13096,Paid Social,Desktop,DE,206.82,0.0,16.66,190.16,PayPal
205404,2025-09-22,12723,Paid Social,Desktop,AU,47.68,0.0,5.61,42.06,Shop Pay
205405,2025-09-09,10539,Paid Social,Desktop,AU,46.91,5.29,0.0,52.2,Shop Pay
205406,2025-11-13,6248,Paid Social,Desktop,CA,278.64,0.0,0.0,278.64,Apple Pay
205407,2025-09-12,15584,Email,Mobile,UK,51.8,0.0,0.0,51.8,Apple Pay
205408,2025-10-26,15030,Email,Desktop,US,128.66,0.0,0.0,128.66,Shop Pay
205409,2026-01-07,1207,Direct,Mobile,DE,48.9,6.34,0.0,55.24,Apple Pay
205410,2026-01-28,9149,Email,Mobile,CA,210.97,0.0,0.0,210.97,PayPal
205411,2025-08-27,11552,Organic Search,Mobile,UK,39.84,6.71,0.0,46.56,Credit Card
205412,2025-10-06,15048,Paid Social,Desktop,DE,110.6,0.0,9.21,101.39,Apple Pay
205413,2026-01-08,16152,Direct,Desktop,CA,202.47,0.0,0.0,202.47,Apple Pay
205414,2025-09-06,1179,Organic Search,Desktop,UK,370.84,0.0,0.0,370.84,Credit Card
205415,2025-10-26,1543,Organic Search,Mobile,CA,126.83,0.0,11.11,115.72,Apple Pay
205416,2025-12-02,8253,Paid Social,Mobile,AU,137.25,0.0,0.0,137.25,PayPal
205417,2025-10-19,839,Paid Search,Mobile,US,43.58,7.06,0.0,50.63,Credit Card
205418,2025-10-14,7914,Email,Desktop,DE,85.46,0.0,0.0,85.46,Apple Pay
205419,2025-12-21,12646,Organic Search,Desktop,UK,111.27,0.0,11.68,99.59,PayPal
205420,2025-09-23,11880,Paid Search,Desktop,US,68.01,0.0,7.75,60.26,Shop Pay
205421,2025-11-01,10372,Organic Search,Desktop,AU,208.3,0.0,0.0,208.3,Apple Pay
205422,2025-09-09,16886,Direct,Desktop,UK,32.43,6.81,0.0,39.24,Apple Pay
205423,2025-08-22,8985,Direct,Desktop,UK,94.67,0.0,0.0,94.67,PayPal
205424,2025-09-23,17241,Paid Search,Desktop,AU,207.76,0.0,0.0,207.76,PayPal
205425,2025-10-10,7311,Email,Desktop,CA,168.05,0.0,13.73,154.32,Shop Pay
205426,2025-12-06,16836,Organic Search,Desktop,AU,72.43,0.0,0.0,72.43,Shop Pay
205427,2026-01-24,2224,Organic Search,Mobile,US,201.72,0.0,11.62,190.1,Apple Pay
205428,2025-10-31,9580,Paid Search,Desktop,US,59.3,0.0,2.39,56.91,PayPal
205429,2025-12-17,17555,Paid Search,Mobile,AU,78.31,0.0,0.0,78.31,Credit Card
205430,2025-11-10,11527,Paid Search,Mobile,DE,193.37,0.0,0.0,193.37,Apple Pay
205431,2025-12-05,16629,Organic Search,Mobile,CA,281.0,0.0,0.0,281.0,Apple Pay
205432,2026-02-03,16823,Paid Social,Desktop,UK,102.48,0.0,6.77,95.71,Shop Pay
205433,2025-12-11,13814,Email,Mobile,CA,95.39,0.0,9.14,86.25,Apple Pay
205434,2025-10-09,2125,Direct,Mobile,AU,185.96,0.0,0.0,185.96,Credit Card
205435,2025-09-27,8468,Email,Mobile,DE,138.0,0.0,9.09,128.91,Credit Card
205436,2026-01-15,16903,Paid Social,Mobile,DE,114.72,0.0,0.0,114.72,PayPal
205437,2025-09-18,457,Direct,Mobile,CA,54.83,7.82,0.0,62.65,Shop Pay
205438,2025-09-05,10448,Email,Mobile,US,177.87,0.0,0.0,177.87,Shop Pay
205439,2026-01-27,8272,Organic Search,Mobile,US,62.97,0.0,0.0,62.97,Credit Card
205440,2026-01-04,13843,Paid Social,Mobile,UK,72.26,0.0,8.08,64.18,Apple Pay
205441,2025-10-11,11789,Organic Search,Desktop,DE,56.94,0.0,3.74,53.2,Apple Pay
205442,2025-10-25,8390,Paid Social,Mobile,DE,10.26,7.04,0.0,17.31,Credit Card
205443,2025-08-21,15796,Direct,Mobile,US,59.35,7.4,0.0,66.75,Credit Card
205444,2025-11-10,2573,Paid Search,Mobile,US,106.09,0.0,6.47,99.62,Apple Pay
205445,2025-12-16,16055,Paid Social,Desktop,UK,288.04,0.0,18.31,269.73,Credit Card
205446,2026-01-19,11998,Email,Desktop,US,166.0,0.0,0.0,166.0,Shop Pay
205447,2025-12-01,15443,Email,Mobile,US,51.3,0.0,0.0,51.3,PayPal
205448,2025-08-29,7806,Direct,Desktop,UK,23.23,7.93,1.28,29.89,Apple Pay
205449,2025-12-16,17221,Direct,Mobile,AU,146.5,0.0,0.0,146.5,PayPal
205450,2025-10-30,8799,Direct,Mobile,DE,164.54,0.0,0.0,164.54,PayPal
205451,2025-10-04,14076,Direct,Mobile,DE,176.19,0.0,8.93,167.27,Shop Pay
205452,2025-12-07,3684,Paid Social,Desktop,US,188.03,0.0,0.0,188.03,PayPal
205453,2025-12-22,11436,Email,Mobile,US,66.96,0.0,4.71,62.25,Apple Pay
205454,2025-09-12,15518,Paid Search,Mobile,CA,52.3,0.0,5.57,46.72,PayPal
205455,2025-09-02,233,Organic Search,Mobile,DE,45.82,6.68,4.77,47.73,Shop Pay
205456,2025-12-22,2659,Organic Search,Mobile,DE,135.41,0.0,0.0,135.41,Shop Pay
205457,2026-02-09,1999,Direct,Desktop,DE,118.98,0.0,0.0,118.98,Shop Pay
205458,2026-01-28,11111,Email,Desktop,UK,212.42,0.0,0.0,212.42,Shop Pay
205459,2025-09-02,14077,Organic Search,Mobile,US,23.28,6.9,0.0,30.19,PayPal
205460,2026-01-20,5260,Email,Mobile,UK,112.29,0.0,13.24,99.05,PayPal
205461,2025-10-18,16063,Paid Social,Desktop,UK,220.51,0.0,0.0,220.51,Apple Pay
205462,2025-12-24,7531,Email,Mobile,US,105.5,0.0,9.35,96.15,Shop Pay
205463,2025-10-16,12706,Direct,Desktop,CA,130.8,0.0,0.0,130.8,Credit Card
205464,2025-12-25,11333,Paid Social,Desktop,DE,147.69,0.0,0.0,147.69,Credit Card
205465,2026-01-19,6484,Paid Search,Desktop,US,83.28,0.0,6.56,76.72,Credit Card
205466,2026-01-10,7818,Organic Search,Mobile,DE,104.94,0.0,3.6,101.34,Shop Pay
205467,2025-12-11,11599,Paid Search,Desktop,UK,84.82,0.0,0.0,84.82,Credit Card
205468,2025-11-02,3042,Email,Desktop,UK,62.82,0.0,0.0,62.82,Apple Pay
205469,2025-10-04,7411,Direct,Mobile,CA,172.11,0.0,0.0,172.11,Credit Card
205470,2026-01-08,13669,Email,Desktop,DE,328.31,0.0,0.0,328.31,Credit Card
205471,2026-01-10,2922,Paid Search,Mobile,DE,102.27,0.0,0.0,102.27,Apple Pay
205472,2025-10-15,10281,Direct,Mobile,UK,73.32,0.0,0.0,73.32,Apple Pay
205473,2025-09-22,5331,Paid Social,Mobile,US,43.77,6.04,0.0,49.81,Shop Pay
205474,2025-12-17,14604,Direct,Desktop,DE,23.25,7.33,2.04,28.54,Apple Pay
205475,2025-12-06,8777,Direct,Desktop,UK,173.89,0.0,0.0,173.89,Apple Pay
205476,2025-12-16,10343,Email,Mobile,UK,121.4,0.0,0.0,121.4,Apple Pay
205477,2026-02-05,6516,Paid Social,Mobile,US,223.24,0.0,14.02,209.22,Shop Pay
205478,2026-01-10,3927,Paid Social,Mobile,US,114.62,0.0,0.0,114.62,Apple Pay
205479,2025-09-27,16568,Organic Search,Desktop,CA,39.03,7.36,2.67,43.72,Apple Pay
205480,2025-08-27,11902,Organic Search,Mobile,DE,104.21,0.0,4.8,99.41,Shop Pay
205481,2025-10-26,2329,Email,Desktop,AU,115.88,0.0,0.0,115.88,Apple Pay
205482,2025-10-25,14510,Paid Search,Mobile,AU,130.06,0.0,0.0,130.06,Credit Card
205483,2026-01-19,7148,Direct,Desktop,CA,185.25,0.0,0.0,185.25,Credit Card
205484,2025-12-21,2655,Paid Search,Desktop,DE,277.38,0.0,15.92,261.46,PayPal
205485,2025-10-31,13748,Organic Search,Mobile,AU,108.25,0.0,0.0,108.25,Credit Card
205486,2025-12-15,17227,Paid Social,Mobile,DE,144.32,0.0,0.0,144.32,Apple Pay
205487,2025-12-19,3979,Direct,Mobile,DE,171.63,0.0,0.0,171.63,Shop Pay
205488,2025-11-07,6551,Paid Search,Mobile,AU,250.53,0.0,16.14,234.39,Credit Card
205489,2025-12-30,501,Paid Social,Mobile,UK,254.44,0.0,13.71,240.72,Shop Pay
205490,2025-09-30,8434,Paid Social,Mobile,US,102.09,0.0,11.1,90.99,Apple Pay
205491,2025-10-09,6863,Paid Social,Mobile,AU,157.24,0.0,0.0,157.24,Apple Pay
205492,2026-02-01,8098,Organic Search,Desktop,CA,55.67,6.11,6.08,55.71,PayPal
205493,2026-01-16,6213,Paid Social,Mobile,US,267.71,0.0,0.0,267.71,Shop Pay
205494,2025-11-26,754,Paid Search,Mobile,DE,112.24,0.0,0.0,112.24,Credit Card
205495,2025-10-05,7945,Email,Desktop,DE,18.12,6.71,0.0,24.83,Shop Pay
205496,2026-02-05,9271,Paid Search,Mobile,DE,143.52,0.0,0.0,143.52,Shop Pay
205497,2026-01-09,7723,Direct,Desktop,US,140.85,0.0,0.0,140.85,Apple Pay
205498,2025-12-15,2781,Email,Mobile,US,12.74,5.02,0.0,17.76,Apple Pay
205499,2025-12-20,12755,Direct,Mobile,CA,51.76,0.0,0.0,51.76,Shop Pay
205500,2025-08-30,7223,Paid Search,Mobile,US,241.65,0.0,0.0,241.65,Shop Pay
205501,2025-10-23,12600,Email,Desktop,AU,98.48,0.0,7.15,91.33,Apple Pay
205502,2025-09-03,1142,Paid Social,Mobile,DE,164.66,0.0,0.0,164.66,Credit Card
205503,2025-12-22,13473,Direct,Mobile,AU,79.08,0.0,0.0,79.08,Shop Pay
205504,2025-10-03,17116,Email,Desktop,UK,95.29,0.0,0.0,95.29,Credit Card
205505,2025-08-29,8494,Paid Social,Desktop,UK,67.55,0.0,0.0,67.55,Credit Card
205506,2025-11-02,9420,Paid Social,Mobile,DE,65.37,0.0,3.67,61.7,PayPal
205507,2025-08-25,15535,Direct,Desktop,DE,124.4,0.0,0.0,124.4,Shop Pay
205508,2026-01-18,11380,Direct,Desktop,DE,180.06,0.0,0.0,180.06,PayPal
205509,2026-01-23,10718,Paid Search,Mobile,CA,103.57,0.0,6.9,96.68,Apple Pay
205510,2025-09-10,10114,Paid Search,Desktop,UK,262.25,0.0,0.0,262.25,Shop Pay
205511,2026-01-26,13498,Email,Mobile,US,221.77,0.0,0.0,221.77,Credit Card
205512,2025-10-16,11482,Organic Search,Desktop,US,120.79,0.0,0.0,120.79,Shop Pay
205513,2026-02-08,675,Paid Search,Mobile,AU,121.45,0.0,5.46,116.0,PayPal
205514,2025-08-22,3422,Paid Search,Desktop,DE,53.93,7.85,3.55,58.23,Shop Pay
205515,2026-01-23,6757,Email,Desktop,US,178.43,0.0,0.0,178.43,Credit Card
205516,2026-01-18,6062,Organic Search,Desktop,US,123.18,0.0,0.0,123.18,Credit Card
205517,2025-11-06,10615,Direct,Mobile,DE,49.12,6.78,0.0,55.91,Shop Pay
205518,2025-10-16,7822,Email,Desktop,US,168.68,0.0,12.55,156.13,Apple Pay
205519,2025-09-21,8921,Paid Search,Mobile,CA,208.25,0.0,16.02,192.23,Apple Pay
205520,2025-10-12,17734,Email,Desktop,DE,18.35,7.38,0.0,25.73,Apple Pay
205521,2025-09-19,12848,Email,Desktop,DE,166.68,0.0,0.0,166.68,Credit Card
205522,2025-10-02,8379,Email,Desktop,US,123.67,0.0,10.27,113.39,Credit Card
205523,2025-09-09,2041,Paid Social,Mobile,CA,204.92,0.0,15.5,189.42,PayPal
205524,2025-09-02,11056,Paid Search,Desktop,DE,96.47,0.0,0.0,96.47,Shop Pay
205525,2025-08-19,553,Email,Desktop,CA,113.56,0.0,4.52,109.04,Shop Pay
205526,2025-08-27,13449,Paid Search,Desktop,CA,143.28,0.0,0.0,143.28,Apple Pay
205527,2026-02-05,1882,Organic Search,Mobile,UK,135.64,0.0,0.0,135.64,Credit Card
205528,2025-11-29,5983,Direct,Desktop,DE,143.39,0.0,0.0,143.39,Apple Pay
205529,2026-01-26,8132,Email,Mobile,US,9.95,6.94,0.47,16.42,Credit Card
205530,2025-11-07,8342,Organic Search,Mobile,CA,59.49,0.0,0.0,59.49,Shop Pay
205531,2025-09-18,4122,Organic Search,Desktop,AU,113.86,0.0,9.84,104.02,PayPal
205532,2025-08-28,10373,Paid Search,Desktop,CA,62.64,0.0,0.0,62.64,Shop Pay
205533,2025-12-26,9518,Paid Search,Mobile,AU,335.39,0.0,28.81,306.58,Shop Pay
205534,2025-09-21,8209,Paid Search,Mobile,AU,18.68,6.14,0.0,24.82,Apple Pay
205535,2026-01-29,13086,Email,Mobile,AU,91.14,0.0,0.0,91.14,Credit Card
205536,2025-09-05,8451,Paid Search,Mobile,US,195.84,0.0,12.04,183.8,Shop Pay
205537,2025-09-17,10125,Paid Social,Desktop,AU,117.08,0.0,0.0,117.08,PayPal
205538,2026-02-10,5153,Email,Desktop,AU,175.16,0.0,0.0,175.16,Shop Pay
205539,2025-10-09,5753,Direct,Desktop,UK,152.92,0.0,0.0,152.92,Apple Pay
205540,2025-09-12,5364,Direct,Mobile,US,18.49,7.47,0.0,25.96,Apple Pay
205541,2025-12-11,9159,Direct,Mobile,US,67.73,0.0,0.0,67.73,Credit Card
205542,2025-12-14,14906,Email,Mobile,DE,81.51,0.0,0.0,81.51,Apple Pay
205543,2025-12-11,1502,Paid Social,Mobile,AU,205.02,0.0,0.0,205.02,Apple Pay
205544,2026-01-19,6979,Organic Search,Mobile,UK,217.27,0.0,0.0,217.27,Shop Pay
205545,2025-08-31,13135,Direct,Desktop,AU,122.87,0.0,0.0,122.87,PayPal
205546,2025-12-16,17238,Paid Search,Mobile,AU,121.11,0.0,10.28,110.83,Credit Card
205547,2025-12-25,17637,Paid Social,Mobile,CA,152.56,0.0,0.0,152.56,Shop Pay
205548,2025-10-13,15552,Paid Social,Mobile,AU,40.41,0.0,2.42,37.99,Apple Pay
205549,2025-10-02,16029,Paid Social,Mobile,AU,168.43,0.0,0.0,168.43,Credit Card
205550,2026-01-11,2321,Paid Social,Desktop,UK,153.9,0.0,13.67,140.23,Credit Card
205551,2025-11-13,2214,Paid Search,Mobile,UK,45.36,0.0,0.0,45.36,PayPal
205552,2026-01-01,11275,Direct,Desktop,AU,77.71,0.0,0.0,77.71,Apple Pay
205553,2026-02-03,14225,Direct,Mobile,AU,62.81,0.0,2.83,59.98,Credit Card
205554,2025-12-22,5669,Paid Social,Mobile,UK,253.45,0.0,0.0,253.45,Credit Card
205555,2025-11-27,454,Email,Desktop,US,115.16,0.0,11.94,103.23,PayPal
205556,2025-08-20,12396,Organic Search,Desktop,UK,34.32,5.85,0.0,40.17,Apple Pay
205557,2025-09-26,746,Organic Search,Mobile,CA,81.12,0.0,0.0,81.12,Credit Card
205558,2025-10-21,9440,Paid Social,Mobile,DE,47.83,6.86,0.0,54.69,Credit Card
205559,2025-11-10,4019,Paid Search,Desktop,AU,52.94,0.0,0.0,52.94,PayPal
205560,2025-12-06,8709,Paid Search,Mobile,DE,45.24,6.46,0.0,51.7,Shop Pay
205561,2025-11-14,16385,Paid Social,Mobile,DE,261.8,0.0,24.34,237.46,Shop Pay
205562,2025-11-19,11439,Direct,Mobile,US,123.59,0.0,0.0,123.59,Shop Pay
205563,2026-01-07,17384,Email,Mobile,US,296.47,0.0,21.83,274.64,PayPal
205564,2026-02-01,3493,Email,Desktop,DE,63.59,0.0,6.23,57.36,Apple Pay
205565,2025-12-23,3793,Organic Search,Mobile,CA,147.64,0.0,6.56,141.08,Credit Card
205566,2025-10-25,12644,Paid Search,Desktop,AU,28.65,5.59,0.0,34.24,Shop Pay
205567,2025-11-22,9572,Paid Search,Mobile,AU,210.2,0.0,0.0,210.2,Shop Pay
205568,2026-01-21,10356,Paid Social,Mobile,CA,172.98,0.0,0.0,172.98,Apple Pay
205569,2025-10-10,12005,Paid Search,Mobile,DE,195.22,0.0,19.65,175.57,PayPal
205570,2025-12-19,11824,Paid Search,Mobile,US,109.88,0.0,0.0,109.88,Credit Card
205571,2025-10-07,4067,Paid Social,Mobile,CA,77.02,0.0,4.99,72.02,PayPal
205572,2025-10-14,3417,Organic Search,Mobile,UK,163.34,0.0,13.52,149.83,Shop Pay
205573,2026-01-23,14659,Direct,Mobile,AU,154.51,0.0,0.0,154.51,Shop Pay
205574,2025-09-15,14717,Paid Search,Desktop,AU,253.68,0.0,0.0,253.68,PayPal
205575,2025-08-29,7884,Direct,Mobile,AU,9.57,6.63,0.0,16.2,Apple Pay
205576,2025-12-16,3484,Email,Desktop,US,103.57,0.0,0.0,103.57,Credit Card
205577,2025-12-12,17464,Organic Search,Mobile,CA,105.13,0.0,0.0,105.13,Shop Pay
205578,2025-09-08,11329,Organic Search,Desktop,US,266.1,0.0,12.3,253.8,Credit Card
205579,2026-01-14,7458,Direct,Mobile,AU,103.83,0.0,0.0,103.83,Apple Pay
205580,2025-08-18,5326,Paid Social,Desktop,UK,124.2,0.0,0.0,124.2,PayPal
205581,2026-01-01,4300,Organic Search,Desktop,DE,62.69,0.0,0.0,62.69,Apple Pay
205582,2025-11-07,13997,Direct,Desktop,AU,207.64,0.0,0.0,207.64,Credit Card
205583,2026-02-08,12728,Email,Desktop,AU,54.09,0.0,0.0,54.09,Credit Card
205584,2025-09-03,4798,Email,Desktop,UK,12.01,5.36,0.0,17.37,Apple Pay
205585,2025-09-30,10879,Paid Search,Mobile,UK,271.89,0.0,0.0,271.89,Apple Pay
205586,2025-10-21,7200,Paid Social,Mobile,AU,183.26,0.0,0.0,183.26,Credit Card
205587,2025-10-09,10584,Paid Social,Desktop,UK,207.31,0.0,0.0,207.31,Shop Pay
205588,2025-09-24,1273,Direct,Desktop,CA,24.13,6.18,0.0,30.31,Credit Card
205589,2025-12-03,4041,Direct,Desktop,AU,98.11,0.0,3.3,94.81,Apple Pay
205590,2025-08-27,7310,Paid Search,Desktop,CA,52.21,5.9,2.21,55.9,Shop Pay
205591,2026-01-24,12833,Direct,Desktop,US,129.26,0.0,10.91,118.35,Apple Pay
205592,2025-09-16,6195,Email,Mobile,AU,212.86,0.0,9.89,202.97,Apple Pay
205593,2026-01-13,13635,Paid Search,Desktop,US,181.58,0.0,15.84,165.74,Apple Pay
205594,2025-11-14,12608,Paid Social,Desktop,AU,134.63,0.0,0.0,134.63,Apple Pay
205595,2026-02-08,17503,Organic Search,Desktop,CA,197.16,0.0,20.19,176.97,Apple Pay
205596,2025-09-04,4611,Organic Search,Mobile,UK,58.81,0.0,0.0,58.81,Credit Card
205597,2025-11-25,15658,Email,Mobile,DE,81.08,0.0,0.0,81.08,Shop Pay
205598,2025-11-21,8022,Paid Search,Desktop,UK,25.04,6.4,0.0,31.45,Apple Pay
205599,2025-09-15,14441,Paid Search,Desktop,US,277.59,0.0,0.0,277.59,Shop Pay
205600,2026-01-26,2255,Paid Social,Desktop,AU,250.92,0.0,14.97,235.96,PayPal
205601,2025-08-16,15073,Direct,Desktop,US,195.83,0.0,17.46,178.38,Credit Card
205602,2025-10-20,9288,Paid Search,Desktop,US,200.77,0.0,0.0,200.77,Apple Pay
205603,2025-08-26,2840,Paid Social,Mobile,DE,158.72,0.0,0.0,158.72,Apple Pay
205604,2026-01-27,11187,Direct,Desktop,UK,119.9,0.0,12.45,107.46,Apple Pay
205605,2025-12-14,17517,Direct,Mobile,UK,109.0,0.0,3.77,105.23,Shop Pay
205606,2025-09-03,17364,Organic Search,Mobile,CA,168.84,0.0,6.06,162.78,PayPal
205607,2026-01-17,4999,Organic Search,Mobile,CA,82.67,0.0,0.0,82.67,Credit Card
205608,2025-11-18,3116,Organic Search,Mobile,UK,233.55,0.0,16.12,217.43,PayPal
205609,2025-12-04,5087,Email,Desktop,CA,93.1,0.0,0.0,93.1,Shop Pay
205610,2025-12-01,12107,Email,Mobile,UK,188.59,0.0,0.0,188.59,Apple Pay
205611,2025-09-14,4109,Organic Search,Desktop,CA,118.3,0.0,0.0,118.3,PayPal
205612,2025-12-11,7322,Paid Social,Mobile,UK,89.15,0.0,0.0,89.15,Shop Pay
205613,2025-10-23,10101,Paid Search,Mobile,AU,325.13,0.0,0.0,325.13,Credit Card
205614,2025-09-19,11122,Email,Mobile,UK,209.08,0.0,0.0,209.08,Apple Pay
205615,2025-10-10,13812,Email,Desktop,UK,73.92,0.0,0.0,73.92,Apple Pay
205616,2026-01-30,7117,Paid Search,Desktop,DE,88.33,0.0,0.0,88.33,Credit Card
205617,2025-10-11,1134,Direct,Desktop,DE,149.3,0.0,0.0,149.3,Apple Pay
205618,2026-02-07,14474,Organic Search,Desktop,DE,79.74,0.0,0.0,79.74,Shop Pay
205619,2026-01-05,4117,Organic Search,Desktop,UK,181.67,0.0,0.0,181.67,PayPal
205620,2026-01-25,14303,Paid Search,Mobile,UK,10.38,5.93,0.0,16.31,PayPal
205621,2025-11-26,9090,Email,Desktop,AU,95.26,0.0,10.88,84.38,PayPal
205622,2025-10-14,17807,Paid Social,Desktop,US,202.9,0.0,0.0,202.9,PayPal
205623,2025-11-18,15185,Paid Search,Desktop,US,114.36,0.0,6.16,108.2,PayPal
205624,2025-09-14,11401,Organic Search,Desktop,UK,10.63,7.95,0.85,17.72,Credit Card
205625,2026-01-13,8706,Paid Social,Desktop,DE,156.53,0.0,8.76,147.77,Apple Pay
205626,2026-02-09,2648,Email,Mobile,DE,156.1,0.0,0.0,156.1,PayPal
205627,2025-12-21,14617,Paid Social,Mobile,DE,68.84,0.0,0.0,68.84,PayPal
205628,2026-01-12,11353,Organic Search,Mobile,US,270.04,0.0,28.28,241.76,Credit Card
205629,2025-11-07,13726,Paid Social,Desktop,AU,109.28,0.0,0.0,109.28,Credit Card
205630,2025-10-24,4763,Direct,Desktop,UK,163.35,0.0,6.23,157.12,PayPal
205631,2025-08-23,10463,Paid Search,Mobile,DE,102.93,0.0,3.25,99.68,Apple Pay
205632,2025-09-13,3570,Direct,Mobile,UK,93.28,0.0,8.04,85.24,Credit Card
205633,2026-01-21,3143,Email,Mobile,AU,168.49,0.0,0.0,168.49,Shop Pay
205634,2025-12-14,8942,Organic Search,Desktop,AU,232.79,0.0,20.69,212.09,Shop Pay
205635,2025-12-26,7369,Direct,Mobile,DE,274.84,0.0,16.66,258.18,Shop Pay
205636,2025-10-25,14709,Organic Search,Mobile,UK,9.2,5.5,0.0,14.7,Apple Pay
205637,2025-11-29,5562,Paid Search,Desktop,AU,106.77,0.0,5.47,101.31,Shop Pay
205638,2026-01-02,3209,Paid Social,Desktop,CA,156.19,0.0,0.0,156.19,Shop Pay
205639,2025-11-14,11928,Paid Social,Desktop,DE,181.71,0.0,13.19,168.52,Credit Card
205640,2025-09-19,13776,Email,Mobile,AU,47.24,7.61,0.0,54.85,Apple Pay
205641,2025-10-28,6535,Direct,Desktop,US,231.83,0.0,17.32,214.52,Apple Pay
205642,2025-10-20,7700,Email,Mobile,AU,140.68,0.0,16.08,124.6,Apple Pay
205643,2026-01-04,1569,Email,Desktop,CA,57.04,5.22,0.0,62.26,PayPal
205644,2025-09-08,9906,Paid Social,Desktop,US,144.86,0.0,14.94,129.92,Shop Pay
205645,2026-01-30,17531,Paid Search,Mobile,US,120.1,0.0,9.14,110.96,Apple Pay
205646,2025-12-06,7916,Paid Search,Desktop,UK,44.51,5.65,4.46,45.7,PayPal
205647,2025-11-21,17068,Organic Search,Desktop,UK,180.29,0.0,0.0,180.29,PayPal
205648,2025-08-29,2138,Paid Social,Desktop,US,29.17,6.96,0.0,36.13,Apple Pay
205649,2025-09-29,17344,Paid Search,Mobile,CA,160.85,0.0,5.44,155.41,Shop Pay
205650,2025-11-28,6475,Direct,Desktop,DE,207.2,0.0,9.36,197.84,Apple Pay
205651,2025-12-16,11753,Paid Social,Desktop,US,58.24,0.0,0.0,58.24,PayPal
205652,2025-10-16,2217,Organic Search,Desktop,UK,130.26,0.0,0.0,130.26,Apple Pay
205653,2025-12-06,2467,Paid Search,Mobile,CA,44.01,7.6,0.0,51.61,Apple Pay
205654,2025-12-22,8857,Paid Social,Mobile,UK,312.07,0.0,0.0,312.07,Shop Pay
205655,2025-11-24,16417,Email,Desktop,AU,151.51,0.0,0.0,151.51,PayPal
205656,2025-10-31,11033,Paid Search,Desktop,CA,175.72,0.0,0.0,175.72,Apple Pay
205657,2026-01-03,1453,Paid Search,Desktop,UK,212.89,0.0,24.14,188.75,Apple Pay
205658,2025-11-30,5832,Organic Search,Mobile,DE,138.34,0.0,8.75,129.59,Shop Pay
205659,2025-12-01,16964,Paid Social,Desktop,AU,74.93,0.0,0.0,74.93,Credit Card
205660,2025-10-03,15084,Direct,Mobile,CA,269.5,0.0,22.16,247.34,PayPal
205661,2025-11-25,12793,Email,Mobile,US,179.27,0.0,14.62,164.64,Apple Pay
205662,2026-01-25,10493,Paid Social,Desktop,DE,170.44,0.0,11.63,158.81,Apple Pay
205663,2025-12-07,8767,Organic Search,Mobile,DE,198.73,0.0,0.0,198.73,Credit Card
205664,2025-08-20,10475,Paid Social,Desktop,US,159.21,0.0,0.0,159.21,Credit Card
205665,2025-11-01,34,Direct,Desktop,AU,159.14,0.0,0.0,159.14,Credit Card
205666,2025-12-22,12433,Organic Search,Desktop,DE,196.89,0.0,0.0,196.89,PayPal
205667,2026-02-04,10565,Direct,Mobile,UK,165.44,0.0,11.74,153.7,PayPal
205668,2025-09-19,17933,Paid Search,Desktop,CA,164.14,0.0,11.13,153.01,Credit Card
205669,2026-01-23,3889,Organic Search,Mobile,CA,172.31,0.0,0.0,172.31,PayPal
205670,2026-02-01,4017,Paid Search,Mobile,AU,120.63,0.0,0.0,120.63,Apple Pay
205671,2025-09-20,8450,Paid Search,Desktop,DE,147.97,0.0,16.52,131.45,PayPal
205672,2025-09-04,2813,Direct,Mobile,DE,230.67,0.0,11.14,219.53,Apple Pay
205673,2026-02-05,8220,Organic Search,Mobile,US,102.72,0.0,0.0,102.72,PayPal
205674,2025-09-27,9682,Direct,Mobile,UK,138.25,0.0,0.0,138.25,Apple Pay
205675,2025-10-05,6410,Organic Search,Desktop,DE,136.42,0.0,0.0,136.42,PayPal
205676,2026-01-16,14831,Direct,Desktop,US,129.81,0.0,5.4,124.41,Shop Pay
205677,2026-02-10,2818,Organic Search,Desktop,DE,177.51,0.0,18.72,158.78,Credit Card
205678,2025-11-12,568,Paid Social,Desktop,US,189.4,0.0,8.21,181.19,Credit Card
205679,2025-10-06,10724,Email,Mobile,UK,231.09,0.0,0.0,231.09,Credit Card
205680,2026-02-10,5795,Email,Mobile,US,117.69,0.0,0.0,117.69,Apple Pay
205681,2025-12-09,17604,Paid Search,Mobile,AU,152.79,0.0,0.0,152.79,Shop Pay
205682,2025-08-18,11283,Paid Search,Mobile,CA,28.18,5.18,1.99,31.37,Shop Pay
205683,2025-11-06,7091,Organic Search,Mobile,AU,233.01,0.0,21.02,211.99,Apple Pay
205684,2025-09-06,4947,Paid Search,Mobile,UK,189.4,0.0,0.0,189.4,PayPal
205685,2025-10-04,15175,Paid Search,Mobile,CA,79.24,0.0,0.0,79.24,Credit Card
205686,2025-12-19,5919,Paid Social,Desktop,DE,144.05,0.0,0.0,144.05,Credit Card
205687,2025-09-20,11942,Paid Search,Mobile,DE,214.62,0.0,23.18,191.44,Apple Pay
205688,2026-02-07,9527,Organic Search,Desktop,AU,34.31,6.66,0.0,40.97,Credit Card
205689,2025-12-01,15107,Organic Search,Mobile,DE,63.78,0.0,5.47,58.3,Shop Pay
205690,2025-12-14,7730,Paid Search,Mobile,US,19.27,5.65,0.0,24.92,Shop Pay
205691,2025-12-22,710,Email,Mobile,AU,67.89,0.0,0.0,67.89,Credit Card
205692,2025-12-23,2191,Organic Search,Mobile,UK,15.92,5.61,0.0,21.54,PayPal
205693,2025-09-17,13304,Direct,Desktop,UK,172.04,0.0,9.1,162.94,Shop Pay
205694,2025-09-10,2096,Paid Search,Mobile,CA,108.06,0.0,0.0,108.06,Shop Pay
205695,2025-10-23,7639,Organic Search,Mobile,US,110.29,0.0,0.0,110.29,Credit Card
205696,2025-10-16,17890,Email,Mobile,US,197.65,0.0,19.3,178.35,Shop Pay
205697,2025-12-06,11912,Direct,Desktop,UK,117.11,0.0,9.61,107.5,Shop Pay
205698,2025-10-24,11560,Organic Search,Desktop,DE,153.79,0.0,0.0,153.79,Credit Card
205699,2025-10-10,3765,Paid Social,Desktop,US,103.46,0.0,0.0,103.46,Apple Pay
205700,2025-11-12,6844,Email,Desktop,AU,221.32,0.0,17.18,204.14,Apple Pay
205701,2025-10-26,13355,Email,Mobile,CA,42.38,6.85,0.0,49.23,PayPal
205702,2026-02-08,6458,Direct,Desktop,DE,113.31,0.0,0.0,113.31,Credit Card
205703,2026-02-02,2199,Paid Social,Mobile,US,110.78,0.0,0.0,110.78,Credit Card
205704,2025-12-10,7840,Direct,Mobile,DE,176.18,0.0,0.0,176.18,Credit Card
205705,2025-09-10,5359,Organic Search,Mobile,US,280.79,0.0,0.0,280.79,Shop Pay
205706,2025-12-04,10690,Organic Search,Desktop,AU,92.48,0.0,0.0,92.48,PayPal
205707,2025-09-07,2677,Organic Search,Desktop,UK,104.04,0.0,0.0,104.04,Apple Pay
205708,2025-11-24,9369,Paid Search,Desktop,CA,38.96,0.0,0.0,38.96,PayPal
205709,2025-10-04,17450,Direct,Desktop,AU,52.87,0.0,0.0,52.87,Apple Pay
205710,2025-09-16,12879,Paid Search,Desktop,US,25.66,6.87,0.0,32.52,Shop Pay
205711,2025-11-04,2938,Paid Search,Mobile,AU,67.05,0.0,0.0,67.05,Shop Pay
205712,2025-12-18,7696,Paid Social,Mobile,UK,187.5,0.0,0.0,187.5,Credit Card
205713,2025-11-30,6184,Organic Search,Desktop,US,99.11,0.0,8.49,90.62,Shop Pay
205714,2025-09-30,867,Direct,Mobile,US,129.62,0.0,0.0,129.62,Credit Card
205715,2025-08-16,159,Direct,Mobile,UK,108.76,0.0,7.62,101.14,Credit Card
205716,2025-10-15,11661,Email,Mobile,UK,75.21,0.0,0.0,75.21,Apple Pay
205717,2025-11-15,8101,Email,Desktop,CA,118.63,0.0,4.87,113.76,Apple Pay
205718,2025-09-20,16156,Paid Social,Mobile,CA,104.23,0.0,0.0,104.23,Credit Card
205719,2025-11-04,12322,Email,Desktop,CA,167.71,0.0,0.0,167.71,Credit Card
205720,2025-12-23,11574,Paid Social,Mobile,UK,104.38,0.0,12.4,91.99,Credit Card
205721,2025-09-30,11085,Direct,Desktop,AU,206.07,0.0,10.38,195.68,PayPal
205722,2025-11-24,16303,Paid Search,Mobile,CA,306.25,0.0,0.0,306.25,PayPal
205723,2026-01-19,9542,Direct,Desktop,UK,27.49,6.45,0.0,33.94,PayPal
205724,2025-10-05,12220,Email,Mobile,DE,94.93,0.0,6.48,88.44,PayPal
205725,2025-09-20,2095,Paid Social,Desktop,UK,83.8,0.0,8.85,74.96,PayPal
205726,2025-08-21,2182,Email,Mobile,DE,115.14,0.0,0.0,115.14,Apple Pay
205727,2026-01-03,16437,Organic Search,Mobile,CA,173.69,0.0,18.16,155.54,Credit Card
205728,2025-12-13,8490,Organic Search,Desktop,AU,210.87,0.0,23.08,187.79,Credit Card
205729,2025-10-10,14158,Paid Social,Mobile,AU,119.62,0.0,8.31,111.32,Shop Pay
205730,2026-01-07,12438,Organic Search,Desktop,DE,246.15,0.0,26.11,220.04,Credit Card
205731,2026-01-13,17894,Paid Social,Mobile,AU,70.75,0.0,7.22,63.54,Shop Pay
205732,2026-01-09,17510,Organic Search,Mobile,DE,28.66,6.85,0.0,35.52,Apple Pay
205733,2025-11-04,83,Paid Social,Mobile,AU,38.3,0.0,1.86,36.45,Apple Pay
205734,2025-11-16,15586,Organic Search,Desktop,UK,27.28,6.81,1.23,32.87,Shop Pay
205735,2025-11-11,16985,Organic Search,Desktop,AU,210.73,0.0,0.0,210.73,Shop Pay
205736,2025-11-25,13219,Paid Social,Mobile,DE,120.21,0.0,13.7,106.51,Credit Card
205737,2025-10-17,3222,Direct,Mobile,UK,192.74,0.0,0.0,192.74,Apple Pay
205738,2025-08-26,11729,Paid Search,Mobile,US,164.31,0.0,0.0,164.31,Apple Pay
205739,2025-12-31,12976,Paid Social,Desktop,AU,101.98,0.0,7.43,94.56,Shop Pay
205740,2025-12-30,4455,Paid Social,Desktop,US,172.02,0.0,0.0,172.02,Apple Pay
205741,2025-09-13,9478,Direct,Mobile,DE,168.26,0.0,18.16,150.1,Apple Pay
205742,2026-01-17,5093,Paid Social,Desktop,DE,50.88,0.0,0.0,50.88,Apple Pay
205743,2026-01-21,9664,Direct,Desktop,US,77.86,0.0,0.0,77.86,Apple Pay
205744,2025-11-03,4011,Organic Search,Desktop,DE,43.57,5.36,1.9,47.03,Apple Pay
205745,2026-01-20,7880,Email,Mobile,UK,115.64,0.0,5.35,110.29,Credit Card
205746,2025-11-11,15050,Direct,Desktop,UK,147.64,0.0,0.0,147.64,PayPal
205747,2025-11-08,1860,Paid Search,Desktop,DE,132.86,0.0,0.0,132.86,Shop Pay
205748,2026-01-06,15971,Direct,Mobile,UK,150.6,0.0,0.0,150.6,Apple Pay
205749,2025-09-18,1520,Paid Search,Desktop,CA,48.0,5.41,0.0,53.41,PayPal
205750,2025-10-11,12630,Paid Search,Mobile,US,97.4,0.0,4.45,92.94,Apple Pay
205751,2025-10-30,5840,Paid Search,Mobile,US,81.23,0.0,0.0,81.23,PayPal
205752,2025-08-31,7798,Paid Search,Desktop,US,231.86,0.0,23.93,207.93,Credit Card
205753,2025-11-26,14465,Email,Mobile,AU,132.76,0.0,0.0,132.76,Shop Pay
205754,2026-01-07,10592,Paid Social,Mobile,US,180.98,0.0,14.9,166.08,Apple Pay
205755,2025-10-28,13548,Email,Mobile,DE,25.62,5.35,0.0,30.98,PayPal
205756,2025-11-02,7722,Paid Social,Desktop,CA,69.48,0.0,0.0,69.48,Shop Pay
205757,2025-11-10,5068,Paid Social,Mobile,AU,184.75,0.0,0.0,184.75,Credit Card
205758,2026-01-12,13186,Direct,Desktop,UK,176.02,0.0,16.66,159.36,Credit Card
205759,2026-01-04,7592,Direct,Desktop,US,121.81,0.0,11.99,109.82,Credit Card
205760,2025-12-22,16492,Email,Desktop,CA,81.4,0.0,0.0,81.4,Credit Card
205761,2026-01-04,17049,Paid Search,Mobile,US,19.75,7.8,1.92,25.63,Apple Pay
205762,2025-10-06,12045,Email,Mobile,AU,303.79,0.0,0.0,303.79,Credit Card
205763,2026-01-01,15308,Direct,Desktop,US,324.92,0.0,0.0,324.92,PayPal
205764,2025-12-29,7288,Organic Search,Mobile,AU,148.21,0.0,12.48,135.73,Shop Pay
205765,2025-10-16,15312,Email,Mobile,US,44.74,6.34,0.0,51.08,Apple Pay
205766,2025-12-26,13090,Email,Desktop,US,91.42,0.0,0.0,91.42,PayPal
205767,2025-10-30,284,Email,Desktop,UK,126.75,0.0,0.0,126.75,Shop Pay
205768,2025-09-23,13387,Direct,Desktop,CA,42.33,0.0,0.0,42.33,PayPal
205769,2026-01-27,3148,Paid Social,Mobile,DE,116.88,0.0,0.0,116.88,Shop Pay
205770,2025-09-29,4474,Organic Search,Desktop,US,123.5,0.0,0.0,123.5,Credit Card
205771,2025-12-28,15285,Organic Search,Mobile,CA,92.28,0.0,6.81,85.47,Shop Pay
205772,2025-09-12,15769,Email,Mobile,DE,48.67,7.94,0.0,56.61,Shop Pay
205773,2026-01-27,6076,Organic Search,Mobile,CA,48.15,5.66,0.0,53.81,PayPal
205774,2025-10-30,7450,Paid Search,Mobile,US,261.08,0.0,0.0,261.08,Apple Pay
205775,2026-02-05,9146,Organic Search,Mobile,DE,94.75,0.0,7.88,86.87,Apple Pay
205776,2025-11-22,4288,Organic Search,Desktop,CA,109.71,0.0,7.48,102.23,Credit Card
205777,2025-10-17,2693,Paid Search,Desktop,UK,61.4,0.0,2.29,59.11,Apple Pay
205778,2025-11-26,13485,Paid Social,Mobile,US,23.06,6.2,0.93,28.34,Apple Pay
205779,2026-02-01,5232,Organic Search,Desktop,AU,124.01,0.0,0.0,124.01,Apple Pay
205780,2025-12-13,16031,Direct,Desktop,DE,139.58,0.0,0.0,139.58,Apple Pay
205781,2025-08-15,9341,Organic Search,Mobile,CA,241.43,0.0,18.5,222.93,PayPal
205782,2026-01-31,713,Direct,Desktop,UK,83.92,0.0,6.26,77.66,Credit Card
205783,2025-09-20,5454,Direct,Mobile,US,146.1,0.0,0.0,146.1,Credit Card
205784,2025-09-10,12129,Paid Social,Desktop,DE,142.15,0.0,7.72,134.44,PayPal
205785,2025-08-27,17424,Email,Mobile,CA,84.4,0.0,0.0,84.4,Shop Pay
205786,2025-09-24,4950,Organic Search,Desktop,UK,93.94,0.0,7.08,86.86,Apple Pay
205787,2025-10-13,17900,Organic Search,Desktop,AU,227.55,0.0,10.86,216.69,Apple Pay
205788,2026-01-03,10534,Direct,Mobile,AU,137.3,0.0,0.0,137.3,Shop Pay
205789,2025-09-14,11323,Email,Desktop,CA,142.92,0.0,0.0,142.92,PayPal
205790,2025-09-02,1883,Email,Mobile,CA,19.36,6.66,0.0,26.02,Apple Pay
205791,2025-12-24,6169,Paid Social,Mobile,UK,18.56,6.91,1.24,24.22,Shop Pay
205792,2025-11-20,4553,Paid Social,Mobile,DE,48.83,7.85,5.15,51.52,Shop Pay
205793,2026-01-11,3874,Organic Search,Mobile,DE,205.77,0.0,0.0,205.77,Shop Pay
205794,2025-10-16,7405,Paid Social,Mobile,AU,120.6,0.0,9.31,111.28,Credit Card
205795,2025-10-07,3202,Paid Search,Mobile,DE,108.02,0.0,0.0,108.02,Apple Pay
205796,2025-11-24,14931,Organic Search,Desktop,US,45.69,7.26,2.95,50.0,Apple Pay
205797,2026-02-09,5393,Paid Search,Mobile,AU,102.72,0.0,0.0,102.72,Apple Pay
205798,2026-01-14,13902,Organic Search,Mobile,DE,170.86,0.0,9.73,161.12,Shop Pay
205799,2025-11-28,10174,Direct,Desktop,AU,183.78,0.0,8.88,174.9,PayPal
205800,2025-09-18,3250,Direct,Desktop,US,149.57,0.0,14.59,134.98,Apple Pay
205801,2025-11-18,1106,Direct,Desktop,UK,218.6,0.0,0.0,218.6,PayPal
205802,2025-09-26,13303,Organic Search,Desktop,UK,26.48,7.74,2.65,31.58,PayPal
205803,2025-09-25,7450,Paid Social,Mobile,CA,148.1,0.0,5.41,142.69,Credit Card
205804,2025-09-03,3959,Direct,Desktop,AU,126.16,0.0,5.62,120.54,PayPal
205805,2025-10-27,11612,Direct,Desktop,CA,278.99,0.0,0.0,278.99,Shop Pay
205806,2025-10-30,44,Organic Search,Desktop,AU,108.18,0.0,0.0,108.18,Shop Pay
205807,2025-08-30,16592,Organic Search,Desktop,DE,85.26,0.0,0.0,85.26,Apple Pay
205808,2025-08-26,9542,Email,Desktop,AU,218.53,0.0,0.0,218.53,Credit Card
205809,2025-09-01,11572,Paid Search,Desktop,AU,140.18,0.0,9.09,131.09,Apple Pay
205810,2025-11-07,10380,Paid Search,Mobile,CA,146.62,0.0,0.0,146.62,Apple Pay
205811,2025-12-08,8328,Direct,Mobile,CA,98.12,0.0,0.0,98.12,Shop Pay
205812,2025-11-30,4618,Paid Search,Desktop,AU,191.27,0.0,0.0,191.27,Credit Card
205813,2025-08-21,7708,Paid Search,Desktop,CA,80.44,0.0,0.0,80.44,Shop Pay
205814,2025-10-12,1381,Email,Desktop,UK,349.75,0.0,0.0,349.75,Shop Pay
205815,2025-12-31,2447,Paid Social,Mobile,AU,233.29,0.0,21.31,211.98,Credit Card
205816,2025-12-15,8511,Email,Mobile,CA,204.52,0.0,0.0,204.52,Credit Card
205817,2025-11-11,7758,Organic Search,Mobile,AU,100.89,0.0,5.45,95.45,Credit Card
205818,2025-08-20,10559,Direct,Mobile,US,187.95,0.0,15.77,172.17,Shop Pay
205819,2025-11-15,14886,Paid Social,Mobile,AU,203.98,0.0,0.0,203.98,Shop Pay
205820,2025-09-04,5232,Paid Search,Mobile,UK,135.7,0.0,4.59,131.12,Apple Pay
205821,2025-12-16,16522,Paid Social,Desktop,UK,49.6,7.69,0.0,57.29,Shop Pay
205822,2025-11-26,15244,Email,Mobile,US,180.56,0.0,0.0,180.56,PayPal
205823,2026-01-31,15867,Organic Search,Mobile,CA,170.12,0.0,0.0,170.12,Credit Card
205824,2025-11-04,6080,Paid Social,Mobile,UK,236.84,0.0,0.0,236.84,Shop Pay
205825,2025-09-07,6068,Paid Social,Mobile,UK,109.24,0.0,8.25,100.99,Credit Card
205826,2025-09-02,12419,Email,Mobile,UK,20.22,7.52,0.0,27.74,Shop Pay
205827,2025-11-18,15780,Organic Search,Mobile,DE,148.97,0.0,0.0,148.97,Shop Pay
205828,2025-11-17,14091,Organic Search,Desktop,DE,138.49,0.0,9.66,128.83,Shop Pay
205829,2025-08-27,10682,Organic Search,Desktop,AU,147.46,0.0,16.08,131.38,Shop Pay
205830,2026-01-31,10485,Paid Social,Mobile,AU,114.86,0.0,5.25,109.61,Credit Card
205831,2025-08-31,14761,Organic Search,Desktop,CA,189.54,0.0,21.12,168.43,Credit Card
205832,2025-10-13,6806,Email,Desktop,DE,201.6,0.0,18.38,183.22,Credit Card
205833,2025-11-04,12167,Organic Search,Mobile,CA,225.6,0.0,0.0,225.6,Apple Pay
205834,2025-12-19,5016,Direct,Desktop,CA,220.0,0.0,0.0,220.0,Apple Pay
205835,2026-02-05,15141,Paid Social,Mobile,US,106.83,0.0,0.0,106.83,Credit Card
205836,2025-08-21,8221,Paid Search,Mobile,UK,106.05,0.0,0.0,106.05,Credit Card
205837,2025-09-09,15575,Organic Search,Desktop,AU,60.21,0.0,0.0,60.21,Shop Pay
205838,2025-09-02,1720,Email,Desktop,DE,252.96,0.0,26.13,226.84,Credit Card
205839,2025-12-14,9239,Paid Social,Mobile,UK,193.06,0.0,7.77,185.29,Apple Pay
205840,2025-12-29,13562,Paid Social,Mobile,US,306.21,0.0,0.0,306.21,Shop Pay
205841,2025-10-22,12890,Email,Mobile,CA,140.61,0.0,0.0,140.61,PayPal
205842,2026-01-11,509,Organic Search,Desktop,UK,82.82,0.0,0.0,82.82,Credit Card
205843,2025-12-28,11310,Email,Desktop,UK,135.65,0.0,0.0,135.65,Shop Pay
205844,2025-10-23,11389,Email,Desktop,UK,152.95,0.0,12.81,140.14,Credit Card
205845,2025-12-05,17818,Paid Social,Mobile,US,104.56,0.0,0.0,104.56,Apple Pay
205846,2025-08-20,1016,Organic Search,Mobile,CA,216.05,0.0,0.0,216.05,Apple Pay
205847,2025-10-23,4504,Direct,Desktop,CA,19.25,7.89,0.0,27.14,Credit Card
205848,2025-12-18,16952,Paid Search,Mobile,CA,100.32,0.0,0.0,100.32,PayPal
205849,2025-08-28,1833,Paid Search,Desktop,DE,128.46,0.0,5.92,122.54,Credit Card
205850,2026-01-18,1417,Email,Desktop,AU,174.67,0.0,0.0,174.67,PayPal
205851,2025-08-21,7729,Paid Search,Mobile,DE,100.8,0.0,0.0,100.8,Credit Card
205852,2025-10-19,2551,Direct,Desktop,US,175.04,0.0,0.0,175.04,PayPal
205853,2025-10-27,11742,Paid Social,Mobile,CA,57.19,0.0,0.0,57.19,Apple Pay
205854,2026-01-24,6592,Email,Mobile,AU,292.36,0.0,0.0,292.36,PayPal
205855,2025-12-29,5709,Email,Mobile,AU,152.5,0.0,0.0,152.5,Shop Pay
205856,2025-09-30,3280,Paid Search,Mobile,UK,201.69,0.0,0.0,201.69,Shop Pay
205857,2026-01-18,12198,Email,Desktop,DE,190.35,0.0,0.0,190.35,Shop Pay
205858,2026-01-22,9204,Paid Social,Mobile,DE,144.15,0.0,7.54,136.61,Shop Pay
205859,2025-10-02,10005,Email,Desktop,CA,125.17,0.0,0.0,125.17,PayPal
205860,2025-11-01,16631,Paid Search,Desktop,DE,74.49,0.0,0.0,74.49,Apple Pay
205861,2025-08-30,14897,Email,Mobile,DE,66.66,0.0,7.34,59.32,PayPal
205862,2025-12-08,16818,Paid Social,Desktop,US,76.2,0.0,0.0,76.2,Shop Pay
205863,2025-08-19,14866,Paid Search,Desktop,AU,42.94,0.0,0.0,42.94,Shop Pay
205864,2025-08-24,17558,Direct,Desktop,CA,41.77,6.06,2.93,44.9,PayPal
205865,2025-12-25,7141,Direct,Mobile,CA,43.97,5.8,0.0,49.78,PayPal
205866,2025-11-21,5821,Paid Search,Mobile,UK,144.87,0.0,0.0,144.87,Apple Pay
205867,2025-11-23,12746,Email,Desktop,CA,250.45,0.0,0.0,250.45,PayPal
205868,2026-01-07,9731,Paid Social,Mobile,DE,119.99,0.0,0.0,119.99,Credit Card
205869,2026-01-20,13201,Organic Search,Mobile,DE,126.93,0.0,12.49,114.44,Shop Pay
205870,2025-08-26,5119,Paid Search,Mobile,US,172.66,0.0,0.0,172.66,Apple Pay
205871,2026-01-06,14221,Paid Social,Desktop,CA,213.54,0.0,7.03,206.52,Shop Pay
205872,2025-12-15,11466,Direct,Desktop,CA,142.41,0.0,0.0,142.41,Shop Pay
205873,2026-02-05,14216,Organic Search,Desktop,DE,140.28,0.0,0.0,140.28,Shop Pay
205874,2025-12-11,12156,Paid Social,Desktop,DE,55.54,0.0,5.14,50.4,Credit Card
205875,2025-09-16,746,Organic Search,Mobile,DE,150.67,0.0,10.44,140.24,Apple Pay
205876,2025-10-21,541,Organic Search,Mobile,UK,32.85,5.96,0.0,38.81,PayPal
205877,2025-11-07,4133,Paid Search,Desktop,UK,243.09,0.0,0.0,243.09,Shop Pay
205878,2025-11-14,12106,Paid Social,Desktop,DE,333.85,0.0,0.0,333.85,Apple Pay
205879,2025-10-12,5582,Direct,Desktop,AU,104.39,0.0,0.0,104.39,Apple Pay
205880,2026-01-02,17330,Direct,Desktop,DE,222.55,0.0,0.0,222.55,PayPal
205881,2025-12-26,16289,Direct,Mobile,CA,275.4,0.0,0.0,275.4,Shop Pay
205882,2025-12-09,5762,Email,Mobile,CA,177.4,0.0,0.0,177.4,Shop Pay
205883,2025-10-15,8806,Paid Social,Desktop,CA,93.98,0.0,0.0,93.98,Shop Pay
205884,2026-02-02,7665,Direct,Mobile,US,40.88,0.0,0.0,40.88,PayPal
205885,2025-12-06,15633,Direct,Desktop,AU,212.88,0.0,0.0,212.88,Shop Pay
205886,2025-09-07,8045,Paid Social,Desktop,US,96.38,0.0,0.0,96.38,Apple Pay
205887,2025-12-25,11106,Email,Desktop,UK,154.07,0.0,7.62,146.45,Apple Pay
205888,2026-01-17,15203,Paid Search,Mobile,DE,133.7,0.0,0.0,133.7,Shop Pay
205889,2025-12-01,31,Paid Social,Desktop,DE,267.26,0.0,0.0,267.26,PayPal
205890,2025-09-25,11740,Paid Social,Mobile,DE,294.25,0.0,0.0,294.25,PayPal
205891,2025-11-14,17726,Paid Search,Mobile,AU,248.52,0.0,0.0,248.52,Apple Pay
205892,2025-10-26,12601,Organic Search,Desktop,UK,54.81,0.0,4.38,50.43,Apple Pay
205893,2025-09-07,11162,Organic Search,Mobile,AU,126.51,0.0,0.0,126.51,PayPal
205894,2025-09-16,12492,Email,Mobile,UK,134.21,0.0,0.0,134.21,Apple Pay
205895,2026-02-09,652,Organic Search,Mobile,DE,293.17,0.0,0.0,293.17,Credit Card
205896,2025-11-13,6965,Email,Desktop,CA,241.48,0.0,0.0,241.48,PayPal
205897,2026-01-05,10975,Organic Search,Mobile,US,106.09,0.0,0.0,106.09,PayPal
205898,2025-12-03,9730,Direct,Mobile,DE,212.87,0.0,0.0,212.87,Shop Pay
205899,2025-11-29,17716,Email,Desktop,CA,202.03,0.0,7.08,194.95,PayPal
205900,2025-11-13,1614,Email,Mobile,US,79.24,0.0,6.59,72.65,PayPal
205901,2025-12-02,4262,Email,Desktop,AU,182.75,0.0,0.0,182.75,Shop Pay
205902,2025-12-03,17298,Direct,Desktop,US,141.07,0.0,0.0,141.07,Apple Pay
205903,2025-11-09,8183,Paid Social,Desktop,DE,114.77,0.0,0.0,114.77,Shop Pay
205904,2025-09-01,1942,Paid Social,Mobile,AU,135.35,0.0,14.11,121.24,PayPal
205905,2025-11-13,10925,Organic Search,Mobile,CA,51.41,5.81,1.67,55.54,Apple Pay
205906,2026-02-09,11527,Direct,Mobile,CA,51.38,0.0,2.89,48.49,Credit Card
205907,2025-11-18,9805,Email,Mobile,AU,48.26,0.0,5.35,42.91,Credit Card
205908,2026-01-21,9374,Email,Desktop,UK,275.71,0.0,0.0,275.71,PayPal
205909,2025-11-21,1161,Direct,Desktop,DE,53.73,0.0,0.0,53.73,PayPal
205910,2025-10-05,1078,Paid Social,Mobile,UK,60.46,0.0,7.13,53.33,Credit Card
205911,2025-08-20,12306,Organic Search,Mobile,AU,71.89,0.0,7.93,63.97,PayPal
205912,2025-12-08,2856,Organic Search,Desktop,DE,160.02,0.0,0.0,160.02,PayPal
205913,2025-08-19,16234,Direct,Desktop,UK,88.17,0.0,4.14,84.02,PayPal
205914,2025-09-28,5633,Paid Search,Desktop,DE,98.65,0.0,0.0,98.65,Credit Card
205915,2025-09-26,4663,Direct,Desktop,AU,125.79,0.0,14.05,111.75,Apple Pay
205916,2025-09-10,12661,Paid Social,Mobile,UK,184.79,0.0,22.11,162.68,PayPal
205917,2026-01-26,26,Organic Search,Desktop,UK,159.68,0.0,16.56,143.12,Shop Pay
205918,2025-08-29,8266,Paid Social,Mobile,AU,179.76,0.0,0.0,179.76,Shop Pay
205919,2025-10-08,2718,Paid Social,Mobile,CA,165.44,0.0,0.0,165.44,PayPal
205920,2025-10-08,16421,Email,Mobile,DE,182.12,0.0,0.0,182.12,Credit Card
205921,2025-09-25,2018,Paid Social,Mobile,AU,82.65,0.0,0.0,82.65,Credit Card
205922,2025-09-26,5659,Email,Desktop,CA,205.6,0.0,0.0,205.6,Apple Pay
205923,2025-12-08,17162,Email,Desktop,US,60.97,0.0,0.0,60.97,Shop Pay
205924,2026-01-14,3719,Direct,Mobile,DE,152.98,0.0,0.0,152.98,Shop Pay
205925,2025-10-21,10573,Direct,Mobile,AU,106.41,0.0,0.0,106.41,Apple Pay
205926,2025-08-20,14396,Email,Desktop,AU,121.1,0.0,0.0,121.1,Apple Pay
205927,2026-01-05,6398,Direct,Desktop,DE,45.09,6.03,0.0,51.12,Credit Card
205928,2025-12-15,6915,Paid Search,Desktop,UK,236.57,0.0,0.0,236.57,Credit Card
205929,2025-12-31,10704,Paid Social,Desktop,US,32.09,7.07,3.12,36.04,PayPal
205930,2026-01-03,12776,Organic Search,Desktop,UK,92.1,0.0,0.0,92.1,Apple Pay
205931,2025-09-20,16470,Organic Search,Mobile,US,44.89,0.0,5.15,39.73,Apple Pay
205932,2025-09-04,12814,Email,Mobile,US,27.06,5.18,2.14,30.09,Apple Pay
205933,2025-08-23,3854,Paid Search,Desktop,UK,52.05,0.0,0.0,52.05,PayPal
205934,2025-09-23,8591,Email,Mobile,UK,72.57,0.0,0.0,72.57,PayPal
205935,2025-12-06,11030,Paid Social,Desktop,US,302.47,0.0,0.0,302.47,Credit Card
205936,2026-01-26,190,Direct,Mobile,CA,128.48,0.0,0.0,128.48,Shop Pay
205937,2026-01-13,14477,Organic Search,Desktop,CA,194.75,0.0,0.0,194.75,Credit Card
205938,2025-11-24,4676,Paid Social,Mobile,US,186.11,0.0,12.42,173.69,Shop Pay
205939,2025-12-30,3229,Organic Search,Desktop,CA,262.07,0.0,0.0,262.07,Apple Pay
205940,2026-02-08,1676,Paid Search,Mobile,US,103.99,0.0,0.0,103.99,Shop Pay
205941,2025-08-28,4672,Email,Desktop,CA,259.05,0.0,0.0,259.05,Credit Card
205942,2025-12-27,10360,Email,Desktop,UK,238.29,0.0,0.0,238.29,Apple Pay
205943,2025-11-18,5373,Email,Desktop,US,178.37,0.0,0.0,178.37,Apple Pay
205944,2025-08-20,15080,Organic Search,Desktop,US,77.56,0.0,0.0,77.56,PayPal
205945,2025-12-13,1425,Paid Social,Desktop,AU,62.93,0.0,5.99,56.95,Shop Pay
205946,2026-01-22,6972,Paid Search,Mobile,US,217.16,0.0,9.36,207.81,Credit Card
205947,2025-11-10,7824,Paid Social,Mobile,US,109.81,0.0,0.0,109.81,Credit Card
205948,2025-12-29,14817,Paid Social,Desktop,US,64.81,0.0,0.0,64.81,Credit Card
205949,2025-11-20,95,Paid Social,Mobile,US,107.62,0.0,11.69,95.93,Apple Pay
205950,2025-12-11,15291,Direct,Mobile,UK,54.87,0.0,5.83,49.04,Credit Card
205951,2026-02-10,9807,Direct,Mobile,US,182.27,0.0,20.84,161.43,Credit Card
205952,2026-01-12,5924,Paid Search,Mobile,UK,108.75,0.0,0.0,108.75,Credit Card
205953,2026-02-05,14418,Direct,Desktop,US,401.91,0.0,27.81,374.1,PayPal
205954,2025-11-16,163,Organic Search,Mobile,US,225.03,0.0,0.0,225.03,Shop Pay
205955,2026-01-27,15945,Email,Desktop,US,54.3,7.18,0.0,61.48,Apple Pay
205956,2025-12-21,17702,Direct,Desktop,CA,181.76,0.0,0.0,181.76,PayPal
205957,2026-02-06,4187,Paid Social,Mobile,US,239.73,0.0,0.0,239.73,Credit Card
205958,2025-09-20,16348,Paid Social,Desktop,CA,222.04,0.0,0.0,222.04,Credit Card
205959,2026-01-06,14681,Paid Search,Desktop,CA,98.79,0.0,7.42,91.36,PayPal
205960,2025-08-29,12172,Direct,Desktop,AU,167.69,0.0,6.13,161.56,Shop Pay
205961,2026-01-13,1902,Direct,Mobile,UK,124.75,0.0,0.0,124.75,Apple Pay
205962,2026-01-08,10558,Paid Social,Mobile,US,168.99,0.0,0.0,168.99,Credit Card
205963,2025-11-05,10068,Paid Social,Desktop,US,240.91,0.0,14.37,226.55,Shop Pay
205964,2025-11-17,9103,Organic Search,Desktop,US,45.13,6.87,0.0,52.0,Shop Pay
205965,2025-10-22,14709,Email,Desktop,UK,51.43,0.0,0.0,51.43,PayPal
205966,2025-09-30,16502,Direct,Desktop,DE,100.99,0.0,0.0,100.99,PayPal
205967,2026-01-16,15949,Organic Search,Mobile,CA,265.49,0.0,0.0,265.49,PayPal
205968,2025-12-23,9931,Organic Search,Desktop,AU,99.9,0.0,0.0,99.9,PayPal
205969,2025-09-07,7219,Direct,Desktop,DE,123.28,0.0,7.66,115.62,Credit Card
205970,2025-10-29,17000,Email,Desktop,DE,306.99,0.0,0.0,306.99,Shop Pay
205971,2025-09-30,6706,Paid Search,Desktop,UK,109.87,0.0,0.0,109.87,Shop Pay
205972,2025-09-21,16967,Paid Search,Mobile,UK,203.02,0.0,0.0,203.02,Credit Card
205973,2025-09-08,10453,Direct,Mobile,AU,121.94,0.0,0.0,121.94,Apple Pay
205974,2025-09-01,978,Organic Search,Desktop,US,106.67,0.0,4.43,102.23,Credit Card
205975,2026-02-02,14082,Organic Search,Desktop,AU,148.43,0.0,14.06,134.37,Apple Pay
205976,2025-12-23,9317,Organic Search,Mobile,AU,192.96,0.0,10.78,182.18,Shop Pay
205977,2026-01-08,16863,Direct,Mobile,DE,78.94,0.0,5.38,73.57,PayPal
205978,2026-01-23,3320,Email,Desktop,US,123.21,0.0,0.0,123.21,Credit Card
205979,2025-12-02,736,Organic Search,Desktop,AU,58.79,0.0,2.75,56.04,Credit Card
205980,2025-08-28,8709,Organic Search,Desktop,US,128.4,0.0,14.07,114.34,Shop Pay
205981,2026-02-06,1911,Paid Search,Desktop,AU,142.84,0.0,0.0,142.84,PayPal
205982,2025-10-25,16516,Email,Mobile,CA,301.67,0.0,0.0,301.67,Credit Card
205983,2025-09-22,2905,Paid Social,Mobile,DE,172.89,0.0,0.0,172.89,Apple Pay
205984,2026-01-06,13798,Email,Mobile,CA,104.64,0.0,10.95,93.69,PayPal
205985,2025-11-27,7123,Email,Mobile,CA,106.53,0.0,6.94,99.59,Apple Pay
205986,2025-10-08,2013,Paid Social,Desktop,UK,149.65,0.0,0.0,149.65,Apple Pay
205987,2025-12-26,13473,Organic Search,Desktop,US,160.17,0.0,0.0,160.17,Apple Pay
205988,2025-09-09,17846,Email,Desktop,US,10.29,7.97,0.0,18.26,Credit Card
205989,2026-01-27,13186,Organic Search,Desktop,DE,88.29,0.0,0.0,88.29,Shop Pay
205990,2025-10-01,15260,Email,Desktop,CA,121.99,0.0,0.0,121.99,PayPal
205991,2025-08-15,13790,Direct,Desktop,AU,227.6,0.0,0.0,227.6,Apple Pay
205992,2025-10-30,1336,Direct,Mobile,CA,48.14,0.0,1.74,46.4,PayPal
205993,2025-12-21,3166,Email,Desktop,CA,165.25,0.0,0.0,165.25,Credit Card
205994,2025-11-10,16074,Paid Search,Mobile,US,52.11,0.0,4.13,47.99,Shop Pay
205995,2025-12-05,14932,Paid Social,Desktop,US,82.68,0.0,0.0,82.68,PayPal
205996,2026-01-02,14966,Organic Search,Desktop,AU,147.44,0.0,6.84,140.59,Shop Pay
205997,2026-01-11,12988,Direct,Mobile,UK,218.64,0.0,16.95,201.69,Apple Pay
205998,2025-12-24,8149,Email,Desktop,DE,78.37,0.0,4.47,73.9,Credit Card
205999,2025-08-24,3074,Email,Desktop,AU,85.16,0.0,9.14,76.02,Credit Card
206000,2025-09-25,5892,Organic Search,Mobile,AU,27.3,7.71,2.52,32.49,Apple Pay
206001,2025-08-23,10618,Organic Search,Mobile,AU,137.46,0.0,0.0,137.46,Credit Card
206002,2025-11-08,3122,Email,Mobile,US,107.8,0.0,0.0,107.8,Credit Card
206003,2025-12-25,12264,Paid Social,Desktop,UK,164.66,0.0,16.37,148.29,Credit Card
206004,2025-10-28,7813,Paid Social,Mobile,US,116.35,0.0,0.0,116.35,Credit Card
206005,2025-11-18,7384,Organic Search,Desktop,UK,271.13,0.0,0.0,271.13,Shop Pay
206006,2025-09-10,9539,Organic Search,Mobile,US,131.67,0.0,4.39,127.29,Shop Pay
206007,2025-10-07,11536,Paid Social,Desktop,US,120.64,0.0,0.0,120.64,Apple Pay
206008,2025-12-31,3784,Paid Search,Mobile,CA,209.82,0.0,0.0,209.82,Apple Pay
206009,2025-10-01,4282,Email,Mobile,CA,88.22,0.0,0.0,88.22,Credit Card
206010,2026-01-30,114,Email,Mobile,DE,79.5,0.0,0.0,79.5,Credit Card
206011,2025-09-20,11324,Email,Desktop,CA,46.94,6.22,0.0,53.15,Credit Card
206012,2025-12-15,896,Direct,Mobile,DE,195.48,0.0,21.39,174.09,Apple Pay
206013,2025-10-11,16461,Paid Social,Mobile,US,155.68,0.0,0.0,155.68,PayPal
206014,2025-09-05,10361,Paid Search,Mobile,DE,67.19,0.0,0.0,67.19,Credit Card
206015,2025-08-29,11581,Organic Search,Mobile,AU,179.98,0.0,0.0,179.98,Apple Pay
206016,2026-01-18,8484,Direct,Desktop,CA,160.44,0.0,0.0,160.44,Credit Card
206017,2025-08-19,9638,Paid Social,Desktop,UK,65.48,0.0,0.0,65.48,PayPal
206018,2025-10-26,13492,Organic Search,Mobile,AU,111.68,0.0,10.03,101.65,PayPal
206019,2025-11-20,15388,Email,Mobile,US,136.37,0.0,0.0,136.37,Apple Pay
206020,2026-01-10,14353,Direct,Desktop,CA,194.12,0.0,16.47,177.65,PayPal
206021,2026-01-24,8989,Paid Social,Desktop,CA,62.11,0.0,0.0,62.11,Credit Card
206022,2025-12-15,7115,Email,Mobile,AU,95.26,0.0,5.2,90.06,Shop Pay
206023,2025-10-28,12489,Email,Desktop,AU,66.46,0.0,0.0,66.46,Apple Pay
206024,2025-09-17,5286,Organic Search,Desktop,CA,50.83,5.15,1.83,54.15,Apple Pay
206025,2025-08-24,3033,Email,Mobile,UK,81.96,0.0,0.0,81.96,Credit Card
206026,2025-08-28,3683,Paid Search,Mobile,CA,103.63,0.0,0.0,103.63,Credit Card
206027,2026-01-12,15715,Paid Search,Desktop,UK,86.25,0.0,4.12,82.13,Apple Pay
206028,2025-11-26,4111,Direct,Desktop,CA,182.62,0.0,0.0,182.62,Shop Pay
206029,2025-11-17,15364,Paid Search,Desktop,AU,45.69,7.37,2.19,50.86,Credit Card
206030,2026-01-18,10709,Paid Social,Desktop,US,118.02,0.0,12.44,105.58,Shop Pay
206031,2025-12-20,4522,Email,Mobile,UK,68.81,0.0,2.54,66.27,Credit Card
206032,2026-02-09,5837,Direct,Desktop,DE,69.78,0.0,0.0,69.78,PayPal
206033,2026-01-11,8170,Organic Search,Desktop,AU,28.9,6.48,0.0,35.38,Apple Pay
206034,2025-12-15,11751,Email,Desktop,AU,347.72,0.0,0.0,347.72,Credit Card
206035,2025-11-24,17097,Paid Search,Mobile,AU,39.84,6.84,0.0,46.68,Shop Pay
206036,2025-11-28,7685,Paid Social,Mobile,UK,217.58,0.0,0.0,217.58,Apple Pay
206037,2026-01-24,12085,Organic Search,Desktop,CA,20.53,5.58,0.83,25.28,Shop Pay
206038,2025-10-12,8252,Paid Social,Desktop,UK,221.88,0.0,15.47,206.41,Shop Pay
206039,2025-12-22,7675,Paid Social,Mobile,US,115.74,0.0,7.25,108.48,PayPal
206040,2025-09-11,2073,Direct,Mobile,AU,20.65,5.82,1.72,24.75,Credit Card
206041,2025-12-01,3828,Direct,Mobile,US,264.68,0.0,9.11,255.57,Shop Pay
206042,2026-01-08,14947,Organic Search,Desktop,DE,43.21,7.9,0.0,51.11,PayPal
206043,2026-01-03,16522,Email,Desktop,US,206.45,0.0,0.0,206.45,Credit Card
206044,2025-08-25,10182,Paid Social,Mobile,AU,90.03,0.0,0.0,90.03,Shop Pay
206045,2025-10-18,7175,Paid Search,Desktop,UK,163.67,0.0,0.0,163.67,Apple Pay
206046,2025-08-16,12136,Paid Social,Mobile,AU,120.3,0.0,0.0,120.3,Shop Pay
206047,2026-01-26,3094,Organic Search,Desktop,AU,133.23,0.0,0.0,133.23,PayPal
206048,2025-11-09,971,Paid Social,Desktop,DE,137.63,0.0,0.0,137.63,Apple Pay
206049,2025-11-03,10432,Organic Search,Desktop,AU,331.93,0.0,36.59,295.33,PayPal
206050,2025-11-13,12094,Email,Desktop,DE,101.44,0.0,5.48,95.97,Credit Card
206051,2025-09-21,10109,Organic Search,Mobile,US,172.72,0.0,0.0,172.72,PayPal
206052,2025-11-11,17488,Email,Desktop,CA,126.36,0.0,0.0,126.36,Apple Pay
206053,2025-11-29,1452,Direct,Mobile,DE,193.42,0.0,0.0,193.42,PayPal
206054,2026-01-28,13375,Paid Search,Mobile,AU,69.55,0.0,0.0,69.55,Credit Card
206055,2025-12-19,14073,Organic Search,Mobile,UK,42.83,6.67,0.0,49.5,Shop Pay
206056,2025-12-01,7782,Organic Search,Desktop,US,152.25,0.0,6.51,145.74,Shop Pay
206057,2025-10-25,1909,Organic Search,Desktop,CA,157.07,0.0,0.0,157.07,Credit Card
206058,2026-01-02,3581,Paid Search,Mobile,CA,116.92,0.0,0.0,116.92,Apple Pay
206059,2026-01-10,16218,Paid Search,Desktop,CA,68.46,0.0,0.0,68.46,Credit Card
206060,2025-11-22,3859,Paid Social,Mobile,CA,51.58,0.0,0.0,51.58,Shop Pay
206061,2026-01-08,10582,Direct,Desktop,UK,61.49,0.0,0.0,61.49,Shop Pay
206062,2025-12-10,3408,Paid Search,Mobile,US,255.19,0.0,15.81,239.38,Credit Card
206063,2026-01-22,12498,Email,Desktop,AU,170.85,0.0,0.0,170.85,Credit Card
206064,2026-01-13,13192,Organic Search,Desktop,CA,151.25,0.0,11.62,139.63,Apple Pay
206065,2025-09-13,1801,Direct,Desktop,CA,16.12,7.63,0.0,23.75,PayPal
206066,2025-11-30,14691,Direct,Mobile,US,145.11,0.0,0.0,145.11,Credit Card
206067,2026-01-14,15654,Email,Desktop,DE,74.86,0.0,0.0,74.86,Shop Pay
206068,2025-10-12,11922,Direct,Desktop,CA,66.42,0.0,0.0,66.42,Shop Pay
206069,2025-12-06,17324,Paid Social,Mobile,AU,140.79,0.0,0.0,140.79,Credit Card
206070,2025-10-12,14637,Paid Social,Mobile,AU,43.99,6.82,0.0,50.81,Credit Card
206071,2025-12-10,9521,Paid Search,Mobile,US,23.02,6.34,0.0,29.36,Shop Pay
206072,2025-12-07,15474,Paid Search,Desktop,UK,55.78,5.16,0.0,60.94,Credit Card
206073,2025-09-18,4075,Paid Social,Desktop,UK,172.19,0.0,18.31,153.89,Apple Pay
206074,2025-08-28,11215,Paid Social,Mobile,UK,110.68,0.0,4.8,105.88,PayPal
206075,2025-09-19,3669,Paid Search,Mobile,US,33.19,5.05,0.0,38.24,PayPal
206076,2025-09-19,11336,Email,Mobile,AU,29.71,7.65,3.55,33.81,Credit Card
206077,2026-01-18,2569,Email,Desktop,DE,59.45,6.02,4.36,61.1,Credit Card
206078,2025-11-19,14939,Paid Search,Mobile,CA,191.27,0.0,0.0,191.27,Apple Pay
206079,2025-11-26,3004,Direct,Mobile,CA,112.77,0.0,0.0,112.77,Credit Card
206080,2026-01-13,14677,Paid Search,Mobile,US,137.61,0.0,0.0,137.61,Apple Pay
206081,2025-11-28,2901,Paid Social,Desktop,US,156.49,0.0,0.0,156.49,Credit Card
206082,2025-08-15,5288,Organic Search,Desktop,US,50.83,0.0,6.08,44.76,PayPal
206083,2025-10-21,3503,Email,Desktop,US,161.02,0.0,12.1,148.92,Credit Card
206084,2026-01-30,7259,Paid Social,Desktop,US,226.74,0.0,0.0,226.74,Credit Card
206085,2025-11-18,8433,Organic Search,Mobile,CA,67.27,0.0,0.0,67.27,Apple Pay
206086,2025-10-22,1122,Paid Social,Desktop,UK,96.48,0.0,6.48,90.0,PayPal
206087,2026-01-10,4118,Organic Search,Mobile,DE,85.54,0.0,0.0,85.54,PayPal
206088,2026-01-09,10812,Direct,Mobile,AU,246.85,0.0,8.79,238.06,PayPal
206089,2025-12-31,12823,Email,Mobile,CA,134.16,0.0,0.0,134.16,PayPal
206090,2025-09-09,15281,Paid Search,Mobile,AU,171.54,0.0,0.0,171.54,Shop Pay
206091,2025-12-23,9784,Email,Desktop,UK,104.37,0.0,0.0,104.37,PayPal
206092,2025-11-21,11066,Direct,Desktop,UK,95.03,0.0,0.0,95.03,Shop Pay
206093,2026-01-21,7414,Email,Desktop,AU,166.62,0.0,0.0,166.62,Apple Pay
206094,2025-09-15,13507,Paid Social,Desktop,AU,85.67,0.0,5.55,80.12,Credit Card
206095,2025-09-10,4535,Paid Search,Mobile,DE,101.2,0.0,0.0,101.2,Apple Pay
206096,2025-10-22,13717,Paid Search,Mobile,DE,94.04,0.0,0.0,94.04,Credit Card
206097,2026-01-08,14488,Paid Search,Mobile,DE,137.03,0.0,0.0,137.03,Shop Pay
206098,2026-02-07,888,Email,Desktop,US,162.9,0.0,0.0,162.9,PayPal
206099,2025-09-03,13941,Email,Desktop,DE,9.59,6.63,0.0,16.22,Shop Pay
206100,2025-12-02,3228,Paid Search,Desktop,AU,158.67,0.0,5.41,153.26,Shop Pay
206101,2025-10-22,12118,Direct,Mobile,DE,298.83,0.0,0.0,298.83,Credit Card
206102,2025-11-18,1852,Paid Social,Desktop,AU,209.29,0.0,0.0,209.29,Apple Pay
206103,2026-01-05,1422,Direct,Desktop,DE,46.73,5.74,1.72,50.76,Credit Card
206104,2025-11-01,6753,Direct,Desktop,DE,9.05,6.56,0.29,15.32,Apple Pay
206105,2025-12-28,13925,Paid Social,Mobile,US,26.9,7.14,0.0,34.04,PayPal
206106,2025-08-22,9191,Paid Search,Mobile,UK,141.55,0.0,0.0,141.55,Apple Pay
206107,2026-01-06,2675,Email,Desktop,DE,18.32,7.32,0.0,25.64,Apple Pay
206108,2025-09-25,16770,Paid Social,Desktop,UK,144.06,0.0,0.0,144.06,Apple Pay
206109,2026-01-24,15172,Paid Search,Mobile,US,231.03,0.0,0.0,231.03,PayPal
206110,2025-09-30,14397,Paid Social,Desktop,UK,27.2,5.75,1.12,31.83,PayPal
206111,2025-09-01,11029,Organic Search,Desktop,DE,52.37,5.03,5.77,51.63,PayPal
206112,2025-09-28,3687,Direct,Desktop,AU,143.61,0.0,0.0,143.61,PayPal
206113,2026-02-04,6144,Email,Desktop,DE,26.21,7.11,0.0,33.32,PayPal
206114,2025-10-28,17615,Paid Search,Mobile,UK,151.77,0.0,0.0,151.77,Apple Pay
206115,2025-10-04,14265,Organic Search,Mobile,CA,21.22,6.01,0.0,27.23,Apple Pay
206116,2025-12-25,9861,Direct,Mobile,CA,80.71,0.0,0.0,80.71,Shop Pay
206117,2025-11-07,7485,Organic Search,Mobile,DE,120.09,0.0,0.0,120.09,Apple Pay
206118,2026-01-01,8066,Paid Social,Mobile,AU,390.97,0.0,0.0,390.97,Apple Pay
206119,2026-02-08,791,Paid Social,Desktop,DE,127.8,0.0,15.1,112.7,Shop Pay
206120,2025-12-17,8665,Paid Social,Mobile,AU,77.04,0.0,0.0,77.04,Credit Card
206121,2025-11-18,7268,Direct,Desktop,DE,229.92,0.0,0.0,229.92,Apple Pay
206122,2026-01-09,5871,Direct,Desktop,UK,117.49,0.0,0.0,117.49,Shop Pay
206123,2025-10-09,4467,Direct,Desktop,US,249.96,0.0,0.0,249.96,Apple Pay
206124,2025-11-29,4512,Organic Search,Desktop,US,144.57,0.0,0.0,144.57,Credit Card
206125,2025-12-29,11831,Paid Search,Desktop,UK,220.99,0.0,0.0,220.99,Credit Card
206126,2025-10-29,14853,Organic Search,Desktop,UK,139.5,0.0,0.0,139.5,Credit Card
206127,2025-10-15,332,Paid Search,Desktop,US,225.29,0.0,0.0,225.29,Credit Card
206128,2025-11-17,15573,Direct,Desktop,UK,279.25,0.0,0.0,279.25,Apple Pay
206129,2025-08-27,4004,Paid Social,Mobile,CA,45.98,0.0,0.0,45.98,Credit Card
206130,2025-10-24,7165,Paid Social,Desktop,DE,45.09,7.97,1.75,51.31,Apple Pay
206131,2026-01-16,2979,Email,Desktop,CA,149.84,0.0,0.0,149.84,Shop Pay
206132,2025-08-18,2452,Direct,Desktop,DE,80.77,0.0,0.0,80.77,Apple Pay
206133,2025-11-08,8888,Paid Social,Mobile,AU,244.43,0.0,0.0,244.43,PayPal
206134,2025-08-29,9683,Paid Search,Mobile,US,101.48,0.0,7.8,93.68,PayPal
206135,2025-09-24,13611,Email,Mobile,AU,69.1,0.0,0.0,69.1,Credit Card
206136,2026-01-01,9706,Paid Search,Mobile,US,281.54,0.0,0.0,281.54,Shop Pay
206137,2025-10-11,11705,Organic Search,Mobile,AU,85.08,0.0,8.49,76.6,Apple Pay
206138,2025-12-30,738,Organic Search,Desktop,CA,226.32,0.0,0.0,226.32,Apple Pay
206139,2026-01-08,14808,Organic Search,Desktop,AU,67.65,0.0,0.0,67.65,Credit Card
206140,2026-01-21,14827,Paid Search,Desktop,US,51.71,5.88,0.0,57.59,Credit Card
206141,2025-12-14,9543,Organic Search,Mobile,UK,216.17,0.0,0.0,216.17,PayPal
206142,2025-09-24,1859,Email,Mobile,AU,82.52,0.0,2.48,80.03,Shop Pay
206143,2025-12-31,6636,Paid Social,Mobile,AU,44.52,0.0,2.05,42.47,Shop Pay
206144,2025-11-04,2712,Organic Search,Desktop,CA,117.38,0.0,0.0,117.38,Credit Card
206145,2025-11-18,7674,Organic Search,Mobile,US,35.39,7.59,0.0,42.98,Credit Card
206146,2026-01-02,14468,Organic Search,Mobile,CA,82.99,0.0,0.0,82.99,Credit Card
206147,2025-10-24,12241,Paid Social,Mobile,CA,199.2,0.0,20.82,178.38,Apple Pay
206148,2025-11-11,12210,Email,Desktop,DE,162.53,0.0,0.0,162.53,PayPal
206149,2025-09-04,11364,Paid Search,Mobile,CA,78.76,0.0,0.0,78.76,Credit Card
206150,2026-01-01,16709,Paid Search,Desktop,US,140.04,0.0,10.58,129.46,PayPal
206151,2025-10-13,10313,Paid Search,Mobile,DE,214.8,0.0,0.0,214.8,Apple Pay
206152,2026-02-05,1410,Organic Search,Mobile,DE,188.98,0.0,0.0,188.98,PayPal
206153,2026-01-16,17311,Paid Social,Mobile,AU,299.71,0.0,0.0,299.71,Apple Pay
206154,2025-11-12,12945,Paid Search,Desktop,CA,46.93,0.0,0.0,46.93,Credit Card
206155,2026-01-17,152,Direct,Mobile,US,98.82,0.0,0.0,98.82,Apple Pay
206156,2025-08-31,16281,Paid Social,Desktop,AU,151.6,0.0,0.0,151.6,Shop Pay
206157,2025-09-30,3439,Email,Mobile,CA,89.69,0.0,9.97,79.72,Shop Pay
206158,2025-12-26,13791,Paid Social,Desktop,CA,143.1,0.0,11.95,131.14,Shop Pay
206159,2025-09-03,3227,Paid Social,Mobile,AU,109.84,0.0,9.87,99.96,PayPal
206160,2026-01-28,8300,Email,Desktop,US,122.62,0.0,9.08,113.54,Shop Pay
206161,2025-09-25,6646,Email,Desktop,CA,184.36,0.0,19.14,165.22,Shop Pay
206162,2025-11-15,9509,Direct,Mobile,DE,203.3,0.0,21.31,181.99,PayPal
206163,2025-11-05,4838,Organic Search,Mobile,US,172.19,0.0,8.83,163.36,Shop Pay
206164,2025-11-11,14231,Direct,Mobile,DE,45.62,5.34,0.0,50.96,Credit Card
206165,2025-08-25,16609,Organic Search,Mobile,AU,120.72,0.0,0.0,120.72,Apple Pay
206166,2025-10-12,17107,Paid Social,Desktop,DE,278.38,0.0,0.0,278.38,Apple Pay
206167,2026-02-01,8980,Email,Desktop,US,49.87,0.0,0.0,49.87,Credit Card
206168,2025-09-16,939,Organic Search,Desktop,DE,303.84,0.0,0.0,303.84,Shop Pay
206169,2025-12-19,5967,Email,Desktop,CA,50.28,6.43,5.49,51.22,Shop Pay
206170,2025-12-16,3231,Paid Social,Mobile,US,103.63,0.0,0.0,103.63,PayPal
206171,2026-01-08,9,Direct,Desktop,UK,59.88,0.0,6.19,53.69,PayPal
206172,2025-09-28,5395,Paid Social,Mobile,AU,144.52,0.0,7.74,136.78,Shop Pay
206173,2025-12-15,10827,Paid Social,Desktop,CA,227.49,0.0,0.0,227.49,Apple Pay
206174,2025-09-03,7824,Paid Search,Mobile,DE,19.86,7.18,1.89,25.15,Shop Pay
206175,2026-01-17,13793,Email,Desktop,CA,257.88,0.0,26.2,231.68,PayPal
206176,2025-10-06,5898,Direct,Mobile,DE,133.69,0.0,0.0,133.69,Shop Pay
206177,2025-08-18,10366,Organic Search,Desktop,UK,27.31,5.55,0.0,32.86,PayPal
206178,2026-01-17,7402,Email,Desktop,CA,108.79,0.0,4.92,103.87,Shop Pay
206179,2025-09-23,7065,Paid Social,Desktop,US,165.59,0.0,0.0,165.59,Shop Pay
206180,2025-10-05,5391,Organic Search,Desktop,CA,141.39,0.0,0.0,141.39,Credit Card
206181,2026-01-25,316,Organic Search,Mobile,DE,135.09,0.0,0.0,135.09,Credit Card
206182,2026-01-02,5114,Paid Search,Mobile,DE,79.5,0.0,0.0,79.5,PayPal
206183,2025-12-05,10875,Paid Social,Mobile,US,28.69,6.92,1.48,34.13,Shop Pay
206184,2026-01-02,5008,Paid Social,Mobile,UK,117.71,0.0,0.0,117.71,PayPal
206185,2025-12-02,6117,Email,Mobile,DE,261.09,0.0,0.0,261.09,PayPal
206186,2026-01-12,10316,Email,Mobile,UK,165.78,0.0,0.0,165.78,Credit Card
206187,2026-01-08,11763,Direct,Desktop,UK,242.59,0.0,15.7,226.89,Credit Card
206188,2025-12-23,5121,Paid Search,Desktop,DE,71.63,0.0,6.01,65.62,PayPal
206189,2026-01-08,15273,Paid Social,Mobile,DE,66.01,0.0,0.0,66.01,Credit Card
206190,2025-09-22,17753,Email,Desktop,AU,50.26,6.53,0.0,56.78,PayPal
206191,2025-10-29,2518,Paid Search,Desktop,DE,85.51,0.0,9.82,75.69,Shop Pay
206192,2026-01-08,13270,Paid Search,Desktop,AU,52.29,7.73,4.35,55.67,Apple Pay
206193,2026-01-16,11148,Paid Social,Mobile,DE,71.38,0.0,5.88,65.5,Apple Pay
206194,2026-01-22,12658,Direct,Mobile,UK,205.01,0.0,0.0,205.01,Credit Card
206195,2025-11-14,11096,Email,Mobile,UK,225.85,0.0,0.0,225.85,Apple Pay
206196,2025-12-31,11450,Organic Search,Mobile,AU,129.27,0.0,0.0,129.27,Apple Pay
206197,2025-12-19,987,Paid Social,Desktop,DE,113.63,0.0,0.0,113.63,Credit Card
206198,2026-01-08,809,Organic Search,Mobile,DE,68.12,0.0,6.85,61.26,Shop Pay
206199,2025-09-17,3811,Email,Mobile,US,64.62,0.0,2.34,62.28,Shop Pay
206200,2025-11-29,7621,Paid Search,Desktop,AU,163.45,0.0,0.0,163.45,Apple Pay
206201,2025-12-25,17444,Email,Mobile,AU,257.7,0.0,0.0,257.7,Shop Pay
206202,2025-09-28,6243,Organic Search,Desktop,UK,111.34,0.0,0.0,111.34,PayPal
206203,2025-08-19,17516,Direct,Desktop,US,90.58,0.0,0.0,90.58,Credit Card
206204,2025-10-13,15742,Organic Search,Mobile,US,102.35,0.0,0.0,102.35,Apple Pay
206205,2025-11-04,4946,Direct,Mobile,DE,136.24,0.0,0.0,136.24,Apple Pay
206206,2026-01-18,14132,Paid Social,Desktop,CA,250.22,0.0,0.0,250.22,Apple Pay
206207,2026-01-09,4469,Organic Search,Mobile,DE,158.38,0.0,0.0,158.38,PayPal
206208,2025-12-08,16361,Organic Search,Desktop,DE,180.41,0.0,9.91,170.5,Credit Card
206209,2025-10-07,1039,Paid Search,Desktop,AU,53.51,7.88,2.47,58.92,Apple Pay
206210,2025-09-22,6494,Direct,Desktop,US,139.11,0.0,0.0,139.11,Apple Pay
206211,2025-10-01,16772,Paid Social,Mobile,AU,97.4,0.0,8.65,88.75,Credit Card
206212,2025-12-18,753,Organic Search,Desktop,CA,146.08,0.0,0.0,146.08,PayPal
206213,2025-10-23,2140,Paid Search,Desktop,UK,78.91,0.0,0.0,78.91,PayPal
206214,2026-01-24,8530,Paid Search,Mobile,AU,49.6,6.69,0.0,56.28,PayPal
206215,2026-01-05,6409,Paid Social,Mobile,US,149.79,0.0,0.0,149.79,Credit Card
206216,2025-11-28,2756,Paid Search,Mobile,UK,158.77,0.0,0.0,158.77,Shop Pay
206217,2025-12-19,7316,Paid Social,Desktop,AU,79.29,0.0,8.95,70.34,Credit Card
206218,2025-10-20,13591,Organic Search,Desktop,CA,110.43,0.0,0.0,110.43,PayPal
206219,2025-11-05,22,Paid Social,Mobile,UK,79.69,0.0,5.76,73.92,Credit Card
206220,2025-09-15,4730,Direct,Mobile,CA,108.36,0.0,0.0,108.36,PayPal
206221,2025-09-12,15685,Direct,Mobile,US,170.68,0.0,0.0,170.68,Apple Pay
206222,2025-09-24,14069,Direct,Desktop,AU,138.63,0.0,0.0,138.63,Credit Card
206223,2025-11-01,13662,Paid Search,Desktop,UK,257.21,0.0,22.94,234.27,Shop Pay
206224,2025-12-19,12792,Paid Social,Mobile,DE,52.3,7.23,0.0,59.53,Shop Pay
206225,2025-09-18,7082,Paid Search,Desktop,UK,135.13,0.0,0.0,135.13,Apple Pay
206226,2026-01-01,9734,Paid Social,Mobile,CA,9.04,5.73,0.41,14.36,Credit Card
206227,2025-10-13,10185,Paid Social,Mobile,CA,113.76,0.0,0.0,113.76,Shop Pay
206228,2026-02-04,16498,Paid Search,Mobile,DE,43.29,0.0,2.56,40.73,PayPal
206229,2026-02-04,4376,Email,Mobile,CA,238.92,0.0,0.0,238.92,Credit Card
206230,2025-10-21,14463,Direct,Mobile,AU,51.19,0.0,0.0,51.19,PayPal
206231,2025-08-30,4892,Email,Mobile,AU,199.05,0.0,0.0,199.05,Credit Card
206232,2025-08-31,6792,Direct,Mobile,AU,95.74,0.0,0.0,95.74,Credit Card
206233,2025-09-29,8712,Paid Social,Desktop,CA,166.33,0.0,14.24,152.09,Credit Card
206234,2025-11-25,2334,Paid Search,Mobile,CA,67.57,0.0,0.0,67.57,Credit Card
206235,2026-02-10,15857,Organic Search,Mobile,AU,109.63,0.0,0.0,109.63,Credit Card
206236,2025-12-24,15205,Paid Social,Mobile,CA,50.46,0.0,0.0,50.46,Credit Card
206237,2025-12-09,8866,Direct,Desktop,AU,82.2,0.0,0.0,82.2,Shop Pay
206238,2025-09-13,2549,Email,Mobile,AU,166.6,0.0,0.0,166.6,Credit Card
206239,2025-11-25,7311,Direct,Desktop,UK,140.65,0.0,0.0,140.65,Apple Pay
206240,2026-01-06,9664,Paid Social,Mobile,UK,116.08,0.0,0.0,116.08,Credit Card
206241,2025-08-21,5833,Paid Search,Mobile,UK,76.87,0.0,3.88,72.99,PayPal
206242,2025-09-19,17768,Paid Search,Desktop,CA,334.41,0.0,35.66,298.75,Apple Pay
206243,2025-10-07,5021,Organic Search,Mobile,UK,224.93,0.0,21.25,203.68,PayPal
206244,2025-11-13,14308,Direct,Mobile,AU,153.73,0.0,12.22,141.51,Credit Card
206245,2025-12-10,9631,Paid Social,Mobile,UK,271.13,0.0,0.0,271.13,Credit Card
206246,2025-08-16,10934,Organic Search,Desktop,UK,106.53,0.0,11.96,94.57,PayPal
206247,2026-02-04,7916,Paid Social,Mobile,US,198.94,0.0,0.0,198.94,Apple Pay
206248,2025-09-07,5087,Direct,Mobile,UK,103.05,0.0,0.0,103.05,Credit Card
206249,2025-11-02,13297,Direct,Desktop,AU,164.3,0.0,0.0,164.3,PayPal
206250,2026-01-04,10072,Paid Social,Desktop,UK,313.54,0.0,21.69,291.85,Shop Pay
206251,2025-11-13,4079,Paid Social,Desktop,CA,70.38,0.0,2.7,67.68,PayPal
206252,2025-09-10,7945,Paid Social,Desktop,AU,126.32,0.0,0.0,126.32,Shop Pay
206253,2025-12-30,10881,Email,Desktop,US,193.95,0.0,0.0,193.95,PayPal
206254,2025-10-11,13975,Paid Social,Desktop,US,153.36,0.0,0.0,153.36,Credit Card
206255,2025-12-18,11488,Email,Desktop,US,104.23,0.0,10.16,94.07,Apple Pay
206256,2025-10-09,5129,Paid Social,Desktop,CA,287.32,0.0,24.75,262.57,PayPal
206257,2025-08-30,14456,Paid Social,Mobile,UK,51.46,0.0,0.0,51.46,Apple Pay
206258,2025-12-25,13587,Organic Search,Desktop,UK,100.66,0.0,5.85,94.82,Apple Pay
206259,2025-12-01,6460,Direct,Mobile,CA,70.31,0.0,0.0,70.31,Shop Pay
206260,2026-01-17,2552,Paid Social,Desktop,DE,271.75,0.0,0.0,271.75,Credit Card
206261,2025-11-10,15646,Organic Search,Mobile,UK,128.74,0.0,7.23,121.51,PayPal
206262,2025-10-06,2477,Email,Desktop,UK,93.36,0.0,0.0,93.36,Shop Pay
206263,2025-08-22,4431,Email,Desktop,UK,67.96,0.0,0.0,67.96,Apple Pay
206264,2025-09-03,1897,Email,Mobile,CA,287.37,0.0,0.0,287.37,PayPal
206265,2025-10-11,11814,Paid Social,Mobile,CA,135.55,0.0,6.22,129.34,PayPal
206266,2025-10-14,16498,Organic Search,Mobile,AU,68.88,0.0,0.0,68.88,Credit Card
206267,2025-08-23,535,Email,Desktop,AU,29.83,7.08,1.27,35.64,Apple Pay
206268,2025-08-28,352,Paid Search,Mobile,CA,99.8,0.0,10.7,89.1,Shop Pay
206269,2025-10-21,6230,Paid Social,Mobile,UK,106.29,0.0,0.0,106.29,PayPal
206270,2025-09-02,14410,Paid Social,Mobile,DE,146.25,0.0,0.0,146.25,Shop Pay
206271,2025-12-10,12279,Paid Social,Mobile,AU,157.7,0.0,0.0,157.7,Apple Pay
206272,2026-02-06,10940,Organic Search,Desktop,UK,86.74,0.0,9.46,77.29,Credit Card
206273,2025-12-11,17426,Paid Search,Mobile,US,52.73,0.0,3.3,49.42,Credit Card
206274,2026-01-20,10152,Direct,Desktop,AU,77.68,0.0,5.37,72.3,PayPal
206275,2025-11-27,17129,Direct,Mobile,CA,95.84,0.0,11.36,84.48,Apple Pay
206276,2025-08-16,2176,Direct,Mobile,AU,178.4,0.0,0.0,178.4,Shop Pay
206277,2025-10-11,13281,Organic Search,Mobile,DE,197.07,0.0,6.96,190.11,Apple Pay
206278,2025-12-23,8944,Paid Social,Desktop,US,169.66,0.0,13.01,156.64,Credit Card
206279,2026-01-08,6593,Email,Mobile,UK,18.9,7.88,1.46,25.32,Shop Pay
206280,2025-11-07,3883,Paid Social,Mobile,AU,168.79,0.0,0.0,168.79,Apple Pay
206281,2025-11-24,4028,Direct,Desktop,UK,9.29,5.85,0.44,14.7,Credit Card
206282,2025-08-25,2606,Paid Social,Mobile,DE,13.84,5.24,0.85,18.24,Credit Card
206283,2026-01-31,1010,Direct,Desktop,AU,283.34,0.0,0.0,283.34,PayPal
206284,2026-01-17,88,Email,Mobile,US,208.74,0.0,0.0,208.74,PayPal
206285,2025-10-02,812,Email,Desktop,AU,118.24,0.0,0.0,118.24,Shop Pay
206286,2025-12-20,16524,Paid Social,Desktop,UK,226.82,0.0,0.0,226.82,Credit Card
206287,2025-09-29,1696,Organic Search,Desktop,AU,139.56,0.0,0.0,139.56,Apple Pay
206288,2025-08-25,14792,Email,Mobile,CA,94.92,0.0,4.12,90.81,Apple Pay
206289,2025-09-22,1268,Email,Mobile,AU,98.23,0.0,0.0,98.23,Apple Pay
206290,2025-09-08,14788,Organic Search,Desktop,UK,410.07,0.0,0.0,410.07,Credit Card
206291,2025-09-13,12712,Paid Search,Desktop,UK,113.37,0.0,5.55,107.82,Shop Pay
206292,2025-12-29,4094,Paid Social,Desktop,CA,42.85,6.96,0.0,49.81,Apple Pay
206293,2025-11-21,2456,Paid Search,Mobile,UK,56.96,0.0,2.08,54.88,PayPal
206294,2025-09-05,2487,Paid Search,Desktop,DE,84.0,0.0,0.0,84.0,PayPal
206295,2025-12-14,7225,Organic Search,Mobile,UK,181.75,0.0,16.37,165.38,Shop Pay
206296,2026-01-21,5502,Email,Mobile,US,148.63,0.0,0.0,148.63,PayPal
206297,2026-01-29,16777,Email,Mobile,CA,259.93,0.0,0.0,259.93,Credit Card
206298,2025-12-25,10165,Paid Social,Mobile,AU,67.02,0.0,0.0,67.02,Shop Pay
206299,2025-09-16,2564,Organic Search,Desktop,AU,209.57,0.0,0.0,209.57,Credit Card
206300,2025-10-04,4972,Paid Social,Desktop,DE,243.22,0.0,16.58,226.64,Apple Pay
206301,2026-02-10,16658,Email,Desktop,DE,223.43,0.0,0.0,223.43,Credit Card
206302,2025-09-25,8670,Direct,Desktop,CA,96.53,0.0,3.23,93.3,Credit Card
206303,2025-12-06,4991,Direct,Desktop,US,88.25,0.0,10.08,78.16,Shop Pay
206304,2025-09-04,13575,Paid Social,Mobile,US,277.46,0.0,0.0,277.46,Credit Card
206305,2025-09-06,2088,Organic Search,Desktop,UK,283.82,0.0,9.84,273.98,PayPal
206306,2025-11-28,13321,Paid Social,Desktop,AU,193.94,0.0,21.5,172.44,PayPal
206307,2025-11-23,17464,Email,Desktop,AU,142.95,0.0,0.0,142.95,Credit Card
206308,2025-10-27,5783,Direct,Mobile,DE,154.32,0.0,0.0,154.32,Credit Card
206309,2026-01-23,11963,Email,Mobile,CA,50.01,0.0,3.53,46.47,Apple Pay
206310,2025-11-27,12229,Organic Search,Desktop,CA,147.39,0.0,0.0,147.39,Credit Card
206311,2026-01-30,4581,Organic Search,Desktop,US,161.84,0.0,13.07,148.77,PayPal
206312,2026-01-05,10590,Email,Desktop,UK,62.18,0.0,2.11,60.07,Credit Card
206313,2025-11-13,2645,Direct,Desktop,US,52.43,0.0,0.0,52.43,Credit Card
206314,2025-10-11,3918,Paid Search,Mobile,DE,187.71,0.0,10.42,177.29,Shop Pay
206315,2026-02-04,7986,Paid Search,Mobile,UK,46.52,6.3,4.04,48.78,Credit Card
206316,2025-10-11,4104,Email,Desktop,US,85.64,0.0,5.44,80.2,Shop Pay
206317,2025-10-15,17305,Direct,Mobile,AU,43.86,0.0,0.0,43.86,PayPal
206318,2025-09-03,7712,Direct,Mobile,AU,222.76,0.0,0.0,222.76,Shop Pay
206319,2026-01-29,4215,Paid Social,Desktop,UK,191.34,0.0,0.0,191.34,Apple Pay
206320,2026-01-23,16753,Organic Search,Mobile,US,63.82,0.0,0.0,63.82,Shop Pay
206321,2025-12-25,11724,Paid Search,Mobile,AU,179.34,0.0,0.0,179.34,Credit Card
206322,2025-08-29,7823,Organic Search,Mobile,CA,73.67,0.0,0.0,73.67,Credit Card
206323,2025-11-03,8428,Direct,Mobile,US,239.11,0.0,0.0,239.11,Shop Pay
206324,2026-01-14,9997,Organic Search,Mobile,UK,230.62,0.0,18.16,212.46,PayPal
206325,2026-01-06,17891,Direct,Desktop,DE,55.46,0.0,0.0,55.46,Shop Pay
206326,2025-10-25,9744,Paid Social,Mobile,CA,69.93,0.0,4.47,65.46,PayPal
206327,2025-12-01,3830,Paid Search,Desktop,AU,180.73,0.0,0.0,180.73,Credit Card
206328,2025-11-03,9854,Email,Desktop,DE,143.29,0.0,4.34,138.95,Shop Pay
206329,2025-12-19,6604,Direct,Desktop,CA,94.85,0.0,9.31,85.54,Shop Pay
206330,2026-01-04,7051,Email,Desktop,CA,55.65,5.57,3.39,57.83,Shop Pay
206331,2025-11-09,4196,Organic Search,Mobile,US,157.47,0.0,0.0,157.47,Credit Card
206332,2026-01-10,9902,Organic Search,Mobile,US,88.07,0.0,0.0,88.07,Apple Pay
206333,2025-11-05,5730,Email,Mobile,US,149.75,0.0,0.0,149.75,Shop Pay
206334,2025-11-29,10728,Direct,Desktop,UK,57.56,0.0,2.15,55.41,Apple Pay
206335,2025-11-02,15554,Direct,Desktop,US,209.1,0.0,0.0,209.1,Apple Pay
206336,2025-10-15,8002,Paid Search,Desktop,AU,108.59,0.0,0.0,108.59,Credit Card
206337,2025-10-05,10213,Paid Social,Desktop,CA,51.75,0.0,0.0,51.75,Shop Pay
206338,2025-10-07,2159,Direct,Desktop,AU,79.21,0.0,5.48,73.74,Shop Pay
206339,2025-10-15,1698,Direct,Desktop,CA,48.13,5.99,0.0,54.12,PayPal
206340,2025-09-15,10940,Organic Search,Desktop,UK,237.05,0.0,0.0,237.05,Apple Pay
206341,2026-01-09,712,Paid Search,Mobile,DE,176.81,0.0,0.0,176.81,Shop Pay
206342,2025-09-24,17293,Organic Search,Desktop,CA,80.65,0.0,8.27,72.38,Apple Pay
206343,2025-09-30,10045,Direct,Desktop,UK,141.25,0.0,0.0,141.25,Apple Pay
206344,2026-02-09,15578,Paid Social,Mobile,DE,142.75,0.0,0.0,142.75,Credit Card
206345,2025-10-23,997,Paid Social,Mobile,US,38.82,0.0,0.0,38.82,Shop Pay
206346,2025-08-31,4458,Direct,Desktop,AU,159.18,0.0,6.1,153.08,Shop Pay
206347,2025-09-15,13368,Paid Search,Desktop,CA,110.96,0.0,8.3,102.65,Credit Card
206348,2026-01-02,3398,Email,Desktop,DE,124.25,0.0,0.0,124.25,Apple Pay
206349,2025-10-20,10685,Email,Desktop,UK,135.15,0.0,0.0,135.15,PayPal
206350,2025-09-15,9479,Email,Desktop,UK,166.35,0.0,7.58,158.77,PayPal
206351,2025-12-14,4148,Email,Mobile,UK,97.41,0.0,0.0,97.41,Credit Card
206352,2025-10-14,16050,Organic Search,Mobile,US,154.86,0.0,0.0,154.86,PayPal
206353,2025-08-25,7089,Paid Search,Desktop,DE,143.71,0.0,10.82,132.9,Credit Card
206354,2026-01-30,7342,Organic Search,Mobile,US,188.14,0.0,0.0,188.14,Shop Pay
206355,2026-01-23,14518,Organic Search,Mobile,UK,45.97,7.24,4.4,48.81,Credit Card
206356,2025-12-26,14616,Email,Desktop,UK,54.9,5.95,0.0,60.85,Shop Pay
206357,2025-10-25,9155,Direct,Desktop,AU,262.98,0.0,0.0,262.98,PayPal
206358,2025-12-06,2482,Paid Social,Desktop,AU,202.85,0.0,0.0,202.85,PayPal
206359,2025-11-18,8450,Direct,Mobile,AU,163.39,0.0,15.73,147.66,Credit Card
206360,2025-11-10,4698,Paid Social,Mobile,AU,81.71,0.0,0.0,81.71,Shop Pay
206361,2026-02-07,13456,Organic Search,Desktop,DE,166.46,0.0,18.04,148.42,Shop Pay
206362,2025-12-09,8150,Paid Social,Mobile,CA,179.33,0.0,0.0,179.33,Apple Pay
206363,2025-10-07,14371,Email,Desktop,DE,44.07,5.53,0.0,49.6,Credit Card
206364,2026-01-02,1197,Paid Social,Mobile,UK,32.61,5.94,0.0,38.55,Shop Pay
206365,2026-02-01,7836,Direct,Desktop,US,192.92,0.0,0.0,192.92,Apple Pay
206366,2025-11-05,10112,Organic Search,Mobile,CA,222.37,0.0,9.63,212.74,Shop Pay
206367,2025-09-21,2348,Organic Search,Desktop,UK,256.97,0.0,21.34,235.62,PayPal
206368,2025-12-05,8001,Paid Search,Mobile,DE,126.41,0.0,0.0,126.41,PayPal
206369,2026-01-29,5690,Paid Social,Desktop,US,51.51,0.0,0.0,51.51,Apple Pay
206370,2025-11-15,15782,Direct,Mobile,UK,223.77,0.0,0.0,223.77,PayPal
206371,2025-08-25,6135,Direct,Mobile,CA,191.73,0.0,0.0,191.73,Apple Pay
206372,2025-10-21,1444,Organic Search,Desktop,CA,100.6,0.0,3.54,97.07,Apple Pay
206373,2026-02-05,14735,Paid Search,Desktop,CA,62.05,0.0,0.0,62.05,Credit Card
206374,2025-08-21,4819,Email,Desktop,US,159.43,0.0,0.0,159.43,Credit Card
206375,2025-11-29,703,Email,Mobile,CA,250.36,0.0,0.0,250.36,Credit Card
206376,2025-10-20,4986,Paid Search,Mobile,US,197.39,0.0,0.0,197.39,Shop Pay
206377,2025-10-07,8973,Paid Search,Desktop,US,220.87,0.0,0.0,220.87,Credit Card
206378,2025-11-19,1884,Direct,Desktop,AU,240.12,0.0,0.0,240.12,Shop Pay
206379,2025-11-14,3502,Organic Search,Desktop,DE,66.87,0.0,0.0,66.87,Apple Pay
206380,2026-02-02,7645,Organic Search,Mobile,CA,194.17,0.0,15.4,178.76,Apple Pay
206381,2026-01-02,15741,Email,Desktop,UK,129.23,0.0,0.0,129.23,Credit Card
206382,2026-01-18,8098,Email,Desktop,AU,108.55,0.0,0.0,108.55,PayPal
206383,2026-01-27,13744,Organic Search,Mobile,AU,78.46,0.0,5.08,73.38,Shop Pay
206384,2025-12-10,346,Organic Search,Mobile,US,33.85,5.99,0.0,39.84,Shop Pay
206385,2025-10-27,13808,Paid Social,Mobile,US,143.08,0.0,6.46,136.61,PayPal
206386,2025-11-27,4072,Paid Social,Mobile,DE,115.1,0.0,0.0,115.1,Apple Pay
206387,2025-12-09,347,Paid Social,Mobile,DE,24.83,5.18,2.67,27.34,Credit Card
206388,2025-12-19,15446,Email,Mobile,UK,114.42,0.0,7.77,106.64,Shop Pay
206389,2026-01-13,6321,Organic Search,Desktop,US,163.67,0.0,10.37,153.3,Shop Pay
206390,2026-01-26,746,Direct,Desktop,US,37.43,0.0,4.19,33.24,Credit Card
206391,2025-11-07,13151,Organic Search,Mobile,DE,280.66,0.0,0.0,280.66,PayPal
206392,2025-10-03,13181,Paid Social,Mobile,UK,292.93,0.0,0.0,292.93,Credit Card
206393,2026-01-24,1744,Direct,Mobile,CA,106.91,0.0,0.0,106.91,Credit Card
206394,2026-01-03,17816,Paid Search,Mobile,CA,285.52,0.0,0.0,285.52,Shop Pay
206395,2026-01-28,1835,Organic Search,Mobile,UK,125.22,0.0,8.88,116.34,Shop Pay
206396,2025-11-03,3322,Direct,Mobile,UK,97.9,0.0,0.0,97.9,PayPal
206397,2026-01-18,7979,Direct,Mobile,AU,131.51,0.0,0.0,131.51,Apple Pay
206398,2025-09-30,1250,Paid Search,Mobile,AU,287.43,0.0,0.0,287.43,PayPal
206399,2025-08-18,11097,Paid Search,Mobile,US,76.96,0.0,0.0,76.96,Credit Card
206400,2025-11-15,26,Organic Search,Mobile,DE,52.02,0.0,0.0,52.02,Apple Pay
206401,2025-09-21,3023,Email,Mobile,UK,44.87,5.53,0.0,50.4,Shop Pay
206402,2025-11-30,5192,Organic Search,Mobile,UK,55.63,7.37,3.22,59.79,Shop Pay
206403,2026-02-06,1006,Email,Mobile,UK,100.53,0.0,0.0,100.53,Apple Pay
206404,2025-10-23,1750,Direct,Mobile,CA,96.22,0.0,5.84,90.38,PayPal
206405,2025-11-03,14465,Organic Search,Mobile,CA,86.99,0.0,4.24,82.75,PayPal
206406,2025-10-22,14099,Paid Search,Desktop,DE,138.03,0.0,0.0,138.03,Shop Pay
206407,2026-02-02,12497,Paid Search,Mobile,UK,148.0,0.0,0.0,148.0,PayPal
206408,2026-01-09,12609,Organic Search,Desktop,UK,75.05,0.0,0.0,75.05,Credit Card
206409,2025-12-27,2376,Email,Desktop,AU,130.97,0.0,9.51,121.47,Apple Pay
206410,2025-12-31,248,Paid Search,Desktop,UK,231.37,0.0,0.0,231.37,PayPal
206411,2025-09-22,17505,Direct,Desktop,DE,122.51,0.0,0.0,122.51,PayPal
206412,2026-01-24,4849,Paid Social,Desktop,CA,94.92,0.0,6.95,87.97,Apple Pay
206413,2025-09-15,1552,Direct,Desktop,US,125.59,0.0,0.0,125.59,Shop Pay
206414,2025-12-11,4495,Email,Mobile,UK,168.95,0.0,0.0,168.95,PayPal
206415,2026-01-28,14407,Paid Search,Mobile,CA,228.18,0.0,0.0,228.18,Credit Card
206416,2025-09-09,6533,Email,Desktop,AU,372.23,0.0,0.0,372.23,PayPal
206417,2025-11-18,8314,Direct,Desktop,CA,174.79,0.0,11.81,162.98,Credit Card
206418,2025-09-08,7063,Direct,Mobile,DE,85.14,0.0,5.76,79.38,Apple Pay
206419,2025-09-12,3368,Paid Search,Mobile,US,59.98,6.09,0.0,66.07,Shop Pay
206420,2026-01-17,17401,Email,Mobile,DE,71.04,0.0,0.0,71.04,PayPal
206421,2025-09-09,3961,Direct,Desktop,DE,19.39,7.11,0.0,26.5,Apple Pay
206422,2026-01-31,8881,Direct,Mobile,US,49.16,0.0,0.0,49.16,Shop Pay
206423,2025-12-04,14345,Organic Search,Mobile,AU,132.48,0.0,0.0,132.48,Apple Pay
206424,2026-02-04,17529,Organic Search,Mobile,DE,103.61,0.0,0.0,103.61,Shop Pay
206425,2025-08-30,6608,Paid Search,Mobile,CA,180.19,0.0,0.0,180.19,Shop Pay
206426,2025-10-04,4760,Paid Social,Desktop,UK,136.53,0.0,15.05,121.48,PayPal
206427,2025-10-30,4462,Paid Search,Desktop,UK,108.16,0.0,9.44,98.72,Shop Pay
206428,2025-08-16,11136,Paid Social,Mobile,DE,212.37,0.0,0.0,212.37,Credit Card
206429,2025-09-10,7328,Direct,Desktop,UK,52.97,0.0,0.0,52.97,Apple Pay
206430,2026-02-10,2229,Organic Search,Desktop,AU,54.84,0.0,0.0,54.84,PayPal
206431,2025-09-01,7835,Email,Desktop,UK,137.63,0.0,0.0,137.63,PayPal
206432,2026-02-02,549,Direct,Mobile,CA,62.4,0.0,0.0,62.4,PayPal
206433,2025-10-12,326,Paid Social,Mobile,CA,46.14,0.0,0.0,46.14,Credit Card
206434,2025-09-03,15432,Paid Search,Mobile,AU,67.78,0.0,0.0,67.78,Apple Pay
206435,2025-09-12,11241,Paid Search,Mobile,US,109.41,0.0,8.37,101.04,PayPal
206436,2025-12-24,16841,Email,Mobile,DE,125.88,0.0,0.0,125.88,Shop Pay
206437,2026-01-17,10346,Paid Social,Desktop,CA,206.15,0.0,12.1,194.05,PayPal
206438,2026-01-08,17646,Direct,Mobile,DE,207.14,0.0,0.0,207.14,Apple Pay
206439,2025-11-15,9137,Paid Social,Desktop,US,176.51,0.0,0.0,176.51,Credit Card
206440,2025-12-28,4407,Direct,Desktop,CA,86.38,0.0,6.25,80.13,PayPal
206441,2025-12-19,12208,Direct,Mobile,DE,156.2,0.0,0.0,156.2,Shop Pay
206442,2026-02-03,14776,Direct,Desktop,CA,116.85,0.0,0.0,116.85,Credit Card
206443,2025-12-14,6569,Organic Search,Mobile,DE,63.39,0.0,0.0,63.39,Credit Card
206444,2025-08-28,8526,Email,Mobile,DE,168.3,0.0,18.65,149.65,Credit Card
206445,2025-11-04,11739,Paid Search,Mobile,US,76.25,0.0,3.74,72.5,Shop Pay
206446,2025-12-13,11578,Email,Desktop,UK,124.12,0.0,0.0,124.12,Apple Pay
206447,2026-01-19,3877,Paid Search,Mobile,UK,136.06,0.0,8.19,127.87,Shop Pay
206448,2025-11-11,11374,Organic Search,Mobile,US,230.43,0.0,0.0,230.43,Shop Pay
206449,2026-01-13,4247,Paid Social,Mobile,DE,214.23,0.0,0.0,214.23,PayPal
206450,2025-10-13,3305,Direct,Desktop,AU,17.58,7.35,1.06,23.86,Shop Pay
206451,2026-01-26,6059,Organic Search,Desktop,AU,191.82,0.0,0.0,191.82,PayPal
206452,2025-08-29,11055,Email,Desktop,UK,209.4,0.0,0.0,209.4,Shop Pay
206453,2026-01-20,836,Direct,Desktop,AU,119.57,0.0,0.0,119.57,Shop Pay
206454,2025-12-05,7097,Organic Search,Mobile,DE,149.81,0.0,14.92,134.89,Apple Pay
206455,2025-09-23,13098,Paid Search,Desktop,CA,82.43,0.0,0.0,82.43,Credit Card
206456,2025-11-11,4705,Direct,Mobile,CA,47.19,7.83,0.0,55.01,Apple Pay
206457,2025-09-15,9661,Direct,Desktop,US,120.05,0.0,0.0,120.05,Shop Pay
206458,2025-11-22,3030,Paid Search,Desktop,AU,277.18,0.0,0.0,277.18,Shop Pay
206459,2025-12-02,325,Organic Search,Desktop,DE,109.02,0.0,7.88,101.13,Credit Card
206460,2025-09-10,795,Paid Search,Desktop,CA,194.11,0.0,10.43,183.67,Apple Pay
206461,2026-01-08,2343,Email,Desktop,DE,325.47,0.0,0.0,325.47,Shop Pay
206462,2025-12-13,17162,Organic Search,Mobile,CA,56.71,0.0,0.0,56.71,Apple Pay
206463,2025-09-20,16415,Paid Social,Desktop,UK,47.54,6.86,0.0,54.4,Credit Card
206464,2025-11-10,19,Paid Social,Desktop,US,119.18,0.0,0.0,119.18,Apple Pay
206465,2025-08-22,17370,Organic Search,Mobile,CA,235.58,0.0,0.0,235.58,Apple Pay
206466,2025-09-03,8351,Direct,Desktop,US,223.99,0.0,0.0,223.99,PayPal
206467,2025-10-04,6074,Paid Social,Mobile,CA,170.92,0.0,0.0,170.92,Credit Card
206468,2025-09-21,15507,Organic Search,Desktop,UK,57.65,0.0,4.69,52.95,PayPal
206469,2025-09-22,4846,Direct,Mobile,CA,200.09,0.0,7.0,193.09,Shop Pay
206470,2025-10-04,8673,Organic Search,Mobile,US,50.7,0.0,0.0,50.7,Shop Pay
206471,2026-01-25,7659,Paid Social,Mobile,AU,38.01,7.49,1.84,43.66,PayPal
206472,2025-11-17,15819,Organic Search,Desktop,AU,113.68,0.0,0.0,113.68,PayPal
206473,2025-12-07,14154,Organic Search,Mobile,DE,275.6,0.0,0.0,275.6,Apple Pay
206474,2025-10-21,3211,Direct,Desktop,DE,55.35,0.0,0.0,55.35,Apple Pay
206475,2025-09-07,3602,Organic Search,Mobile,CA,267.83,0.0,0.0,267.83,Shop Pay
206476,2025-11-03,3304,Paid Social,Mobile,UK,70.66,0.0,0.0,70.66,Shop Pay
206477,2025-09-22,17036,Direct,Mobile,UK,230.47,0.0,9.62,220.85,Credit Card
206478,2026-01-09,10863,Organic Search,Desktop,US,113.03,0.0,10.71,102.32,Credit Card
206479,2025-08-19,6649,Email,Desktop,CA,201.27,0.0,0.0,201.27,PayPal
206480,2025-08-26,2990,Email,Desktop,UK,79.41,0.0,4.05,75.36,Apple Pay
206481,2026-01-03,3903,Organic Search,Mobile,UK,261.0,0.0,0.0,261.0,PayPal
206482,2025-10-29,13197,Direct,Mobile,US,164.97,0.0,0.0,164.97,PayPal
206483,2025-10-29,14835,Organic Search,Desktop,CA,99.46,0.0,0.0,99.46,PayPal
206484,2025-08-31,77,Email,Mobile,UK,207.97,0.0,0.0,207.97,PayPal
206485,2025-11-30,9765,Direct,Desktop,US,150.37,0.0,0.0,150.37,Apple Pay
206486,2025-09-22,14767,Email,Desktop,CA,166.0,0.0,0.0,166.0,Apple Pay
206487,2025-12-26,10257,Direct,Mobile,DE,143.14,0.0,0.0,143.14,Credit Card
206488,2025-11-19,4939,Paid Search,Desktop,AU,115.74,0.0,0.0,115.74,Apple Pay
206489,2025-12-02,261,Organic Search,Desktop,US,294.61,0.0,20.46,274.14,Shop Pay
206490,2025-12-27,13887,Organic Search,Mobile,DE,262.06,0.0,17.3,244.77,PayPal
206491,2025-10-02,7820,Email,Desktop,AU,257.55,0.0,0.0,257.55,PayPal
206492,2025-10-27,3492,Email,Mobile,DE,339.98,0.0,40.54,299.44,Credit Card
206493,2025-08-31,1720,Organic Search,Mobile,DE,232.0,0.0,6.98,225.01,PayPal
206494,2025-08-24,4630,Paid Social,Mobile,US,234.73,0.0,0.0,234.73,Credit Card
206495,2025-11-30,8858,Paid Search,Desktop,UK,203.75,0.0,0.0,203.75,Shop Pay
206496,2025-12-19,9351,Paid Search,Mobile,CA,69.96,0.0,0.0,69.96,PayPal
206497,2026-01-17,13195,Direct,Mobile,US,55.35,6.91,0.0,62.26,Shop Pay
206498,2025-10-28,1750,Email,Mobile,CA,246.42,0.0,0.0,246.42,Apple Pay
206499,2025-12-22,15981,Paid Social,Mobile,DE,127.04,0.0,0.0,127.04,PayPal
206500,2025-09-22,1317,Organic Search,Desktop,UK,259.49,0.0,0.0,259.49,Credit Card
206501,2025-09-18,2603,Email,Desktop,UK,75.13,0.0,0.0,75.13,Credit Card
206502,2026-01-29,11925,Organic Search,Desktop,CA,61.56,0.0,0.0,61.56,Apple Pay
206503,2025-10-28,6470,Paid Social,Mobile,CA,326.38,0.0,0.0,326.38,PayPal
206504,2025-08-29,15228,Paid Search,Mobile,AU,40.44,6.83,1.63,45.64,PayPal
206505,2026-02-03,3708,Direct,Desktop,AU,48.68,6.34,0.0,55.02,Credit Card
206506,2026-01-08,14205,Paid Search,Desktop,UK,29.55,5.47,1.27,33.75,PayPal
206507,2026-02-03,142,Paid Social,Mobile,CA,92.67,0.0,8.41,84.26,Shop Pay
206508,2025-09-12,17237,Email,Desktop,AU,226.28,0.0,0.0,226.28,PayPal
206509,2026-02-01,4434,Direct,Desktop,CA,98.41,0.0,0.0,98.41,Apple Pay
206510,2026-01-12,6587,Paid Social,Mobile,DE,109.78,0.0,0.0,109.78,Credit Card
206511,2025-11-02,5314,Direct,Mobile,AU,170.97,0.0,0.0,170.97,Shop Pay
206512,2025-09-14,10391,Organic Search,Desktop,DE,256.34,0.0,13.64,242.7,Shop Pay
206513,2025-09-19,3970,Organic Search,Mobile,UK,402.67,0.0,42.16,360.5,Apple Pay
206514,2026-02-05,570,Paid Search,Desktop,DE,72.4,0.0,0.0,72.4,Credit Card
206515,2026-01-13,88,Paid Search,Desktop,US,249.93,0.0,16.47,233.47,PayPal
206516,2025-12-04,17735,Paid Social,Desktop,AU,253.54,0.0,0.0,253.54,PayPal
206517,2026-01-22,4760,Organic Search,Mobile,UK,136.86,0.0,0.0,136.86,Apple Pay
206518,2025-08-21,4187,Email,Desktop,CA,85.63,0.0,0.0,85.63,Shop Pay
206519,2025-10-04,14990,Direct,Desktop,CA,38.37,5.81,1.32,42.86,Credit Card
206520,2026-01-28,6576,Direct,Desktop,US,230.64,0.0,0.0,230.64,Shop Pay
206521,2025-12-19,2021,Email,Mobile,US,49.57,7.18,0.0,56.74,Credit Card
206522,2026-01-25,4959,Organic Search,Desktop,AU,43.81,7.82,0.0,51.64,Shop Pay
206523,2025-09-19,8717,Paid Search,Mobile,DE,132.11,0.0,0.0,132.11,Shop Pay
206524,2025-08-24,10996,Direct,Desktop,DE,91.57,0.0,0.0,91.57,Shop Pay
206525,2026-01-19,512,Paid Social,Desktop,DE,142.24,0.0,9.06,133.18,PayPal
206526,2025-12-21,7151,Organic Search,Mobile,DE,9.56,7.98,1.06,16.49,PayPal
206527,2026-01-12,228,Paid Social,Mobile,CA,30.2,7.33,0.0,37.53,PayPal
206528,2025-10-15,10283,Organic Search,Desktop,CA,36.46,0.0,0.0,36.46,PayPal
206529,2025-09-02,16668,Direct,Mobile,UK,237.89,0.0,0.0,237.89,Shop Pay
206530,2025-08-22,2402,Email,Mobile,AU,127.62,0.0,8.89,118.73,Credit Card
206531,2025-10-07,5224,Organic Search,Desktop,DE,178.47,0.0,9.27,169.21,PayPal
206532,2026-01-15,996,Direct,Desktop,US,165.88,0.0,0.0,165.88,Shop Pay
206533,2025-09-06,14403,Email,Desktop,AU,183.0,0.0,0.0,183.0,Apple Pay
206534,2025-12-20,10034,Email,Mobile,AU,87.97,0.0,8.6,79.37,Shop Pay
206535,2026-01-03,13779,Paid Social,Mobile,CA,216.63,0.0,0.0,216.63,Credit Card
206536,2025-09-14,12242,Organic Search,Desktop,UK,89.7,0.0,0.0,89.7,Credit Card
206537,2025-12-27,9697,Paid Search,Desktop,AU,180.89,0.0,9.66,171.24,Shop Pay
206538,2025-10-21,14013,Email,Mobile,AU,244.17,0.0,21.13,223.04,PayPal
206539,2026-01-12,9106,Email,Mobile,UK,19.22,6.78,1.48,24.52,Shop Pay
206540,2025-11-19,8726,Direct,Desktop,UK,31.45,7.03,0.0,38.48,Apple Pay
206541,2026-01-08,6557,Paid Social,Desktop,US,108.26,0.0,5.13,103.12,Apple Pay
206542,2025-12-16,15899,Paid Search,Mobile,AU,30.06,5.91,0.0,35.97,Credit Card
206543,2025-09-21,243,Paid Search,Desktop,UK,88.89,0.0,0.0,88.89,Apple Pay
206544,2025-09-30,3599,Paid Search,Desktop,AU,332.6,0.0,0.0,332.6,Apple Pay
206545,2025-12-10,12055,Email,Desktop,UK,100.78,0.0,4.6,96.18,Credit Card
206546,2025-11-25,4298,Paid Social,Mobile,AU,31.72,6.58,0.0,38.3,Credit Card
206547,2025-08-17,560,Direct,Mobile,US,136.72,0.0,0.0,136.72,Shop Pay
206548,2026-02-10,8111,Organic Search,Desktop,CA,148.88,0.0,7.75,141.13,Credit Card
206549,2025-10-04,4104,Organic Search,Mobile,US,243.79,0.0,0.0,243.79,PayPal
206550,2025-11-29,11792,Direct,Desktop,CA,48.92,0.0,1.9,47.03,Apple Pay
206551,2025-11-22,12275,Organic Search,Desktop,US,307.05,0.0,11.13,295.92,Shop Pay
206552,2026-01-05,1890,Email,Desktop,DE,165.86,0.0,19.87,145.99,Shop Pay
206553,2025-12-15,13331,Direct,Desktop,US,30.91,7.23,3.69,34.46,Apple Pay
206554,2025-10-12,13735,Email,Desktop,US,219.73,0.0,0.0,219.73,Apple Pay
206555,2025-12-09,6242,Direct,Desktop,UK,138.01,0.0,0.0,138.01,Apple Pay
206556,2025-12-07,6809,Email,Mobile,CA,85.66,0.0,8.98,76.68,Credit Card
206557,2025-09-24,13631,Paid Search,Desktop,DE,256.33,0.0,21.19,235.14,Credit Card
206558,2026-01-04,16969,Direct,Desktop,CA,236.89,0.0,25.32,211.58,Apple Pay
206559,2026-01-24,5650,Direct,Desktop,US,261.37,0.0,0.0,261.37,Shop Pay
206560,2025-11-06,11386,Paid Social,Desktop,AU,105.4,0.0,0.0,105.4,Apple Pay
206561,2025-09-25,14797,Direct,Desktop,UK,83.91,0.0,0.0,83.91,Credit Card
206562,2025-12-03,9216,Paid Search,Desktop,CA,102.77,0.0,0.0,102.77,Apple Pay
206563,2025-11-07,10032,Direct,Mobile,US,245.37,0.0,0.0,245.37,Shop Pay
206564,2025-11-02,13236,Paid Search,Desktop,CA,226.41,0.0,0.0,226.41,Credit Card
206565,2025-08-23,9185,Paid Social,Mobile,DE,327.64,0.0,0.0,327.64,Shop Pay
206566,2026-01-26,7264,Organic Search,Mobile,UK,111.62,0.0,0.0,111.62,PayPal
206567,2025-12-24,8801,Paid Search,Desktop,US,143.5,0.0,0.0,143.5,Apple Pay
206568,2026-01-08,8898,Paid Search,Mobile,AU,37.95,5.63,2.85,40.73,Shop Pay
206569,2025-10-03,5833,Direct,Mobile,DE,180.98,0.0,0.0,180.98,PayPal
206570,2026-01-25,4235,Paid Social,Mobile,CA,183.1,0.0,9.5,173.6,PayPal
206571,2025-10-07,7152,Paid Social,Mobile,US,217.84,0.0,0.0,217.84,Apple Pay
206572,2025-12-28,6692,Paid Social,Desktop,AU,334.81,0.0,0.0,334.81,Apple Pay
206573,2025-10-19,6462,Paid Social,Mobile,UK,294.66,0.0,0.0,294.66,PayPal
206574,2025-08-24,14452,Organic Search,Mobile,AU,213.58,0.0,0.0,213.58,PayPal
206575,2025-10-24,3213,Email,Mobile,UK,134.78,0.0,0.0,134.78,Shop Pay
206576,2026-01-04,12094,Paid Social,Desktop,US,205.94,0.0,0.0,205.94,Credit Card
206577,2026-01-19,6395,Paid Social,Desktop,CA,90.86,0.0,0.0,90.86,PayPal
206578,2026-01-18,726,Paid Social,Desktop,AU,18.43,7.21,0.0,25.63,Shop Pay
206579,2025-09-01,1538,Email,Mobile,DE,65.52,0.0,0.0,65.52,Credit Card
206580,2026-01-22,9620,Paid Social,Desktop,CA,106.26,0.0,0.0,106.26,PayPal
206581,2025-09-25,8758,Direct,Mobile,DE,26.56,6.68,0.0,33.23,Apple Pay
206582,2025-12-22,15881,Direct,Mobile,AU,127.26,0.0,0.0,127.26,Credit Card
206583,2025-11-03,2512,Paid Search,Mobile,UK,138.5,0.0,0.0,138.5,PayPal
206584,2025-11-24,5132,Email,Mobile,US,81.67,0.0,0.0,81.67,PayPal
206585,2025-08-30,10674,Email,Mobile,AU,44.52,0.0,0.0,44.52,Shop Pay
206586,2025-12-28,3264,Paid Social,Mobile,AU,12.82,6.84,0.0,19.67,Shop Pay
206587,2025-11-19,2335,Organic Search,Mobile,AU,153.73,0.0,0.0,153.73,Apple Pay
206588,2025-10-31,8709,Organic Search,Desktop,CA,60.35,0.0,0.0,60.35,Apple Pay
206589,2025-08-23,1455,Organic Search,Desktop,CA,113.22,0.0,0.0,113.22,Credit Card
206590,2025-10-15,10700,Organic Search,Mobile,CA,25.17,5.29,0.98,29.47,Apple Pay
206591,2026-01-29,14481,Organic Search,Mobile,AU,104.01,0.0,8.19,95.83,Shop Pay
206592,2025-08-22,5298,Paid Search,Desktop,CA,174.27,0.0,12.69,161.58,Shop Pay
206593,2025-10-12,10456,Organic Search,Desktop,DE,65.3,0.0,0.0,65.3,Apple Pay
206594,2025-11-06,4336,Direct,Mobile,UK,68.88,0.0,0.0,68.88,Shop Pay
206595,2026-01-09,9253,Paid Social,Desktop,DE,79.51,0.0,0.0,79.51,Credit Card
206596,2025-11-07,534,Direct,Desktop,UK,46.38,0.0,2.45,43.93,Credit Card
206597,2026-01-24,11772,Direct,Mobile,US,162.98,0.0,12.23,150.75,PayPal
206598,2025-12-22,13344,Email,Mobile,AU,69.42,0.0,0.0,69.42,PayPal
206599,2025-09-24,1349,Direct,Mobile,UK,179.08,0.0,0.0,179.08,Credit Card
206600,2026-01-21,9565,Paid Search,Mobile,US,285.28,0.0,25.02,260.26,PayPal
206601,2026-01-23,13696,Paid Search,Mobile,AU,156.38,0.0,6.61,149.78,Credit Card
206602,2025-12-02,8991,Email,Mobile,US,29.66,5.81,0.0,35.47,PayPal
206603,2025-12-30,16333,Direct,Desktop,CA,165.06,0.0,0.0,165.06,Credit Card
206604,2025-10-30,18000,Direct,Desktop,CA,98.72,0.0,0.0,98.72,Shop Pay
206605,2025-12-20,15169,Paid Search,Desktop,UK,251.58,0.0,0.0,251.58,Apple Pay
206606,2025-11-29,2857,Paid Social,Mobile,DE,93.31,0.0,0.0,93.31,Shop Pay
206607,2026-02-02,3821,Organic Search,Mobile,AU,105.73,0.0,8.89,96.84,Apple Pay
206608,2026-01-20,9660,Direct,Desktop,AU,91.98,0.0,8.91,83.07,PayPal
206609,2026-01-24,12063,Paid Social,Mobile,UK,101.27,0.0,4.0,97.27,Credit Card
206610,2025-11-24,14691,Email,Mobile,DE,227.3,0.0,0.0,227.3,Shop Pay
206611,2025-09-06,15460,Paid Social,Mobile,AU,277.28,0.0,14.88,262.41,Apple Pay
206612,2025-08-28,9575,Organic Search,Desktop,AU,181.94,0.0,13.89,168.04,PayPal
206613,2025-12-02,8581,Paid Search,Desktop,UK,176.25,0.0,0.0,176.25,Apple Pay
206614,2026-01-07,3794,Paid Social,Mobile,UK,157.54,0.0,0.0,157.54,Apple Pay
206615,2026-02-09,2638,Direct,Mobile,AU,180.29,0.0,0.0,180.29,Shop Pay
206616,2025-12-07,6419,Email,Mobile,US,133.44,0.0,0.0,133.44,PayPal
206617,2025-12-18,3589,Paid Social,Mobile,DE,44.69,7.38,1.42,50.66,PayPal
206618,2025-08-16,2385,Paid Social,Desktop,UK,208.33,0.0,0.0,208.33,Shop Pay
206619,2025-10-30,15835,Paid Search,Mobile,AU,180.39,0.0,0.0,180.39,Shop Pay
206620,2025-10-12,15265,Paid Search,Desktop,DE,276.26,0.0,0.0,276.26,Shop Pay
206621,2025-12-10,14688,Email,Desktop,US,188.02,0.0,10.66,177.36,Shop Pay
206622,2025-11-08,11076,Organic Search,Desktop,DE,193.65,0.0,0.0,193.65,Credit Card
206623,2025-08-18,7162,Organic Search,Mobile,CA,173.94,0.0,0.0,173.94,Credit Card
206624,2025-09-26,14658,Email,Mobile,UK,183.88,0.0,0.0,183.88,PayPal
206625,2025-11-18,3716,Paid Social,Mobile,UK,296.38,0.0,0.0,296.38,PayPal
206626,2025-11-01,14902,Organic Search,Mobile,DE,196.69,0.0,0.0,196.69,Apple Pay
206627,2025-11-17,12125,Email,Mobile,DE,216.35,0.0,20.6,195.75,Apple Pay
206628,2025-08-21,3393,Paid Social,Desktop,AU,114.15,0.0,9.07,105.08,Apple Pay
206629,2025-10-24,9982,Paid Social,Desktop,US,234.36,0.0,0.0,234.36,Shop Pay
206630,2025-12-11,15164,Email,Mobile,CA,182.34,0.0,0.0,182.34,PayPal
206631,2025-12-21,2489,Paid Search,Desktop,CA,145.85,0.0,0.0,145.85,Apple Pay
206632,2025-09-10,16225,Paid Search,Mobile,AU,171.35,0.0,0.0,171.35,PayPal
206633,2025-09-21,15444,Direct,Mobile,UK,90.42,0.0,6.44,83.98,Apple Pay
206634,2026-01-05,820,Organic Search,Desktop,UK,78.46,0.0,6.59,71.87,Credit Card
206635,2025-09-28,79,Paid Search,Desktop,DE,91.25,0.0,3.05,88.21,Credit Card
206636,2025-09-15,5338,Direct,Desktop,UK,130.69,0.0,4.93,125.76,Shop Pay
206637,2025-08-25,8791,Email,Mobile,UK,130.82,0.0,0.0,130.82,Shop Pay
206638,2025-08-22,4886,Email,Desktop,DE,283.7,0.0,0.0,283.7,Shop Pay
206639,2025-10-07,17025,Paid Social,Desktop,US,96.74,0.0,0.0,96.74,Apple Pay
206640,2025-12-19,16614,Paid Social,Mobile,US,197.4,0.0,0.0,197.4,Credit Card
206641,2025-10-25,11894,Paid Social,Desktop,AU,121.05,0.0,8.19,112.86,Shop Pay
206642,2025-10-21,12939,Paid Social,Mobile,AU,57.14,5.15,0.0,62.29,PayPal
206643,2025-09-01,17866,Paid Search,Desktop,CA,236.87,0.0,0.0,236.87,PayPal
206644,2025-10-02,5110,Paid Social,Mobile,DE,145.52,0.0,0.0,145.52,PayPal
206645,2026-01-23,12301,Paid Search,Desktop,AU,80.4,0.0,0.0,80.4,PayPal
206646,2026-02-07,11564,Paid Social,Mobile,DE,9.36,5.36,0.0,14.72,PayPal
206647,2026-01-28,11857,Direct,Mobile,DE,111.45,0.0,0.0,111.45,Shop Pay
206648,2025-10-15,4161,Direct,Desktop,DE,269.19,0.0,0.0,269.19,Shop Pay
206649,2025-08-21,1508,Direct,Mobile,US,185.21,0.0,11.75,173.46,Apple Pay
206650,2025-12-25,2942,Email,Mobile,US,89.77,0.0,0.0,89.77,Shop Pay
206651,2025-12-25,6581,Email,Mobile,AU,77.66,0.0,0.0,77.66,Shop Pay
206652,2025-09-19,17015,Organic Search,Desktop,US,141.26,0.0,0.0,141.26,Apple Pay
206653,2026-01-03,6258,Direct,Mobile,AU,309.03,0.0,0.0,309.03,Apple Pay
206654,2026-01-11,11799,Email,Desktop,CA,187.0,0.0,0.0,187.0,Shop Pay
206655,2026-01-05,5347,Email,Mobile,US,174.47,0.0,8.36,166.11,Shop Pay
206656,2026-01-01,4782,Direct,Desktop,UK,80.9,0.0,0.0,80.9,Apple Pay
206657,2025-08-25,6121,Email,Desktop,UK,167.54,0.0,18.61,148.93,Credit Card
206658,2025-08-22,4595,Email,Desktop,DE,72.41,0.0,8.41,64.01,PayPal
206659,2025-12-26,9515,Paid Social,Mobile,AU,39.11,0.0,3.75,35.36,Credit Card
206660,2025-12-30,9713,Organic Search,Mobile,UK,164.32,0.0,4.95,159.38,PayPal
206661,2025-09-17,9440,Email,Mobile,AU,179.63,0.0,0.0,179.63,Shop Pay
206662,2025-08-27,1891,Email,Desktop,UK,155.08,0.0,0.0,155.08,Credit Card
206663,2026-01-14,16120,Organic Search,Mobile,DE,191.75,0.0,0.0,191.75,Credit Card
206664,2025-08-17,3923,Paid Social,Desktop,DE,113.26,0.0,4.06,109.2,Credit Card
206665,2025-08-19,17084,Direct,Desktop,US,92.25,0.0,0.0,92.25,Shop Pay
206666,2025-12-26,14645,Paid Social,Mobile,CA,143.55,0.0,0.0,143.55,PayPal
206667,2025-11-10,13545,Direct,Desktop,AU,46.8,0.0,0.0,46.8,Credit Card
206668,2025-12-26,4659,Paid Social,Mobile,DE,233.96,0.0,0.0,233.96,Shop Pay
206669,2025-12-05,270,Email,Desktop,UK,23.58,6.34,1.53,28.39,Shop Pay
206670,2025-11-29,3356,Paid Social,Desktop,US,97.12,0.0,0.0,97.12,Apple Pay
206671,2025-10-30,6069,Direct,Mobile,AU,157.23,0.0,0.0,157.23,Apple Pay
206672,2025-10-08,11058,Paid Social,Mobile,DE,58.75,0.0,0.0,58.75,PayPal
206673,2026-01-01,10873,Direct,Mobile,DE,82.23,0.0,0.0,82.23,Shop Pay
206674,2026-02-07,12072,Paid Search,Desktop,DE,135.22,0.0,0.0,135.22,Credit Card
206675,2025-09-30,9533,Email,Desktop,AU,35.22,6.37,1.17,40.41,Credit Card
206676,2025-09-14,2397,Email,Mobile,CA,215.91,0.0,10.93,204.97,Shop Pay
206677,2026-01-01,13685,Organic Search,Desktop,US,125.4,0.0,6.55,118.85,Credit Card
206678,2025-10-18,4180,Paid Search,Mobile,CA,52.28,0.0,3.55,48.74,Credit Card
206679,2026-02-03,1760,Paid Search,Mobile,UK,60.53,0.0,0.0,60.53,Shop Pay
206680,2025-11-04,1727,Paid Search,Desktop,AU,159.87,0.0,0.0,159.87,Credit Card
206681,2025-12-17,17037,Paid Search,Mobile,AU,69.65,0.0,4.51,65.14,Credit Card
206682,2025-09-30,5990,Direct,Desktop,AU,101.22,0.0,0.0,101.22,Shop Pay
206683,2026-01-24,17502,Email,Desktop,DE,65.07,0.0,0.0,65.07,Shop Pay
206684,2025-11-27,16927,Organic Search,Mobile,AU,282.74,0.0,0.0,282.74,Credit Card
206685,2025-10-20,16457,Email,Mobile,CA,148.19,0.0,0.0,148.19,Shop Pay
206686,2025-10-27,6755,Email,Desktop,AU,110.47,0.0,0.0,110.47,Credit Card
206687,2025-10-02,3387,Email,Desktop,DE,249.3,0.0,11.27,238.02,PayPal
206688,2025-11-02,14804,Paid Search,Mobile,CA,102.99,0.0,0.0,102.99,Credit Card
206689,2026-01-16,5756,Organic Search,Desktop,US,277.43,0.0,18.58,258.85,PayPal
206690,2026-01-21,8271,Paid Search,Desktop,UK,303.5,0.0,15.06,288.44,PayPal
206691,2025-10-14,18000,Organic Search,Desktop,DE,188.89,0.0,0.0,188.89,Shop Pay
206692,2025-10-23,3605,Organic Search,Mobile,US,231.0,0.0,9.88,221.12,Credit Card
206693,2025-12-27,4584,Email,Desktop,UK,54.6,6.44,0.0,61.04,Apple Pay
206694,2026-01-02,15733,Direct,Mobile,UK,58.11,7.86,4.07,61.89,Apple Pay
206695,2025-11-08,8469,Paid Search,Desktop,US,63.61,0.0,0.0,63.61,Credit Card
206696,2025-11-14,17239,Email,Desktop,DE,216.15,0.0,0.0,216.15,PayPal
206697,2025-09-29,14933,Email,Mobile,DE,283.74,0.0,0.0,283.74,Shop Pay
206698,2025-11-11,16467,Paid Social,Mobile,DE,83.75,0.0,0.0,83.75,Credit Card
206699,2025-10-17,5643,Paid Social,Desktop,UK,86.41,0.0,2.84,83.56,Apple Pay
206700,2025-08-29,4859,Organic Search,Desktop,UK,198.33,0.0,16.53,181.8,Apple Pay
206701,2025-10-14,14518,Direct,Mobile,DE,72.63,0.0,6.84,65.78,PayPal
206702,2026-01-06,11508,Paid Social,Mobile,DE,138.37,0.0,0.0,138.37,PayPal
206703,2025-09-01,8613,Paid Search,Mobile,AU,262.36,0.0,0.0,262.36,PayPal
206704,2026-01-25,14407,Paid Search,Mobile,DE,92.31,0.0,0.0,92.31,PayPal
206705,2025-10-11,13232,Paid Search,Mobile,UK,173.46,0.0,20.61,152.85,Credit Card
206706,2025-10-26,7139,Direct,Mobile,UK,227.34,0.0,0.0,227.34,Credit Card
206707,2025-10-14,17323,Direct,Mobile,CA,51.62,6.78,0.0,58.4,PayPal
206708,2025-12-21,3961,Email,Mobile,UK,263.33,0.0,0.0,263.33,PayPal
206709,2025-10-29,10332,Paid Search,Mobile,DE,91.3,0.0,0.0,91.3,Shop Pay
206710,2025-12-03,53,Paid Social,Desktop,CA,118.45,0.0,12.42,106.03,Credit Card
206711,2025-10-23,16363,Organic Search,Mobile,UK,9.99,5.61,0.0,15.6,Apple Pay
206712,2025-10-15,13587,Paid Search,Mobile,UK,103.65,0.0,11.38,92.27,Apple Pay
206713,2025-09-04,4842,Direct,Mobile,DE,160.2,0.0,0.0,160.2,Apple Pay
206714,2025-09-02,13417,Paid Social,Mobile,AU,105.49,0.0,5.56,99.93,PayPal
206715,2025-10-04,17464,Direct,Mobile,DE,277.95,0.0,31.19,246.76,PayPal
206716,2025-10-04,221,Email,Desktop,US,197.47,0.0,0.0,197.47,Shop Pay
206717,2025-09-22,11385,Paid Social,Mobile,US,186.18,0.0,0.0,186.18,Credit Card
206718,2026-01-02,4875,Organic Search,Mobile,US,241.38,0.0,0.0,241.38,PayPal
206719,2026-02-10,4389,Paid Social,Desktop,UK,157.01,0.0,0.0,157.01,PayPal
206720,2025-11-03,11839,Organic Search,Desktop,AU,153.09,0.0,0.0,153.09,PayPal
206721,2025-11-22,427,Organic Search,Mobile,CA,100.84,0.0,0.0,100.84,PayPal
206722,2025-12-01,9461,Organic Search,Desktop,AU,10.16,7.26,0.0,17.42,Apple Pay
206723,2025-10-23,7704,Organic Search,Mobile,UK,152.56,0.0,12.44,140.12,PayPal
206724,2025-11-24,4316,Email,Desktop,US,297.16,0.0,12.46,284.7,Apple Pay
206725,2025-12-23,15289,Direct,Mobile,DE,127.31,0.0,0.0,127.31,Shop Pay
206726,2025-10-06,1308,Paid Search,Desktop,UK,144.11,0.0,0.0,144.11,Apple Pay
206727,2025-08-29,5452,Email,Desktop,AU,246.13,0.0,0.0,246.13,Shop Pay
206728,2025-09-04,17471,Organic Search,Mobile,DE,79.46,0.0,8.17,71.29,Shop Pay
206729,2025-09-13,5668,Paid Social,Desktop,AU,140.34,0.0,13.76,126.59,PayPal
206730,2025-09-11,13868,Direct,Mobile,UK,40.02,7.95,0.0,47.97,PayPal
206731,2025-09-01,7868,Paid Search,Desktop,US,139.26,0.0,9.11,130.15,Credit Card
206732,2025-10-16,5704,Direct,Mobile,AU,47.59,7.77,2.96,52.41,Credit Card
206733,2025-10-19,5537,Paid Search,Mobile,AU,64.8,0.0,0.0,64.8,Shop Pay
206734,2026-01-02,14769,Email,Mobile,CA,162.83,0.0,0.0,162.83,PayPal
206735,2025-11-14,1159,Direct,Desktop,UK,188.81,0.0,0.0,188.81,Credit Card
206736,2025-12-23,13015,Paid Search,Desktop,UK,191.29,0.0,0.0,191.29,PayPal
206737,2025-12-13,1086,Organic Search,Mobile,US,267.2,0.0,26.33,240.87,Apple Pay
206738,2026-02-01,13437,Organic Search,Mobile,US,149.05,0.0,0.0,149.05,PayPal
206739,2025-10-15,13599,Paid Social,Mobile,US,248.32,0.0,0.0,248.32,Apple Pay
206740,2025-09-08,4601,Paid Social,Mobile,US,62.16,0.0,6.09,56.07,Credit Card
206741,2025-12-25,5186,Direct,Desktop,CA,144.99,0.0,10.69,134.3,Apple Pay
206742,2026-02-08,10301,Email,Mobile,US,198.9,0.0,0.0,198.9,Apple Pay
206743,2025-11-11,3889,Direct,Desktop,DE,241.79,0.0,0.0,241.79,PayPal
206744,2025-12-18,16066,Paid Social,Mobile,AU,123.12,0.0,14.45,108.68,Shop Pay
206745,2025-10-02,17929,Paid Search,Mobile,CA,45.66,0.0,0.0,45.66,Apple Pay
206746,2026-02-03,1059,Email,Mobile,DE,49.97,5.31,0.0,55.28,PayPal
206747,2025-11-30,10337,Paid Social,Desktop,DE,57.76,5.91,0.0,63.67,PayPal
206748,2025-10-20,16667,Email,Mobile,DE,220.99,0.0,0.0,220.99,Apple Pay
206749,2026-02-03,5323,Paid Search,Desktop,DE,97.35,0.0,0.0,97.35,Shop Pay
206750,2026-01-11,17075,Email,Desktop,DE,56.95,0.0,4.28,52.66,PayPal
206751,2026-02-08,14527,Email,Mobile,UK,66.43,0.0,7.6,58.83,Apple Pay
206752,2025-10-09,7039,Organic Search,Mobile,CA,112.89,0.0,4.73,108.16,Credit Card
206753,2025-11-22,5215,Direct,Desktop,DE,314.42,0.0,0.0,314.42,PayPal
206754,2025-11-12,2651,Paid Social,Mobile,AU,133.72,0.0,0.0,133.72,PayPal
206755,2025-12-07,11144,Email,Desktop,US,125.72,0.0,0.0,125.72,Credit Card
206756,2025-11-29,10571,Organic Search,Mobile,CA,44.89,0.0,0.0,44.89,Shop Pay
206757,2026-01-11,10444,Direct,Desktop,AU,23.0,7.94,0.0,30.94,Apple Pay
206758,2026-01-17,3420,Email,Mobile,DE,137.59,0.0,0.0,137.59,PayPal
206759,2025-10-14,11025,Direct,Desktop,US,164.9,0.0,12.28,152.62,PayPal
206760,2025-10-22,3293,Direct,Mobile,DE,221.77,0.0,19.97,201.8,Apple Pay
206761,2025-11-25,4866,Paid Search,Mobile,DE,110.56,0.0,0.0,110.56,Credit Card
206762,2025-12-07,5541,Direct,Desktop,AU,187.02,0.0,0.0,187.02,Apple Pay
206763,2025-10-29,16828,Paid Search,Desktop,CA,26.32,6.0,0.0,32.31,Apple Pay
206764,2025-11-18,10206,Paid Social,Desktop,US,55.12,0.0,2.47,52.65,PayPal
206765,2025-11-04,5245,Organic Search,Desktop,CA,114.89,0.0,0.0,114.89,Apple Pay
206766,2025-09-17,13196,Direct,Mobile,DE,46.85,0.0,0.0,46.85,PayPal
206767,2025-11-20,1118,Email,Desktop,UK,192.62,0.0,0.0,192.62,PayPal
206768,2025-12-11,12807,Paid Search,Mobile,DE,186.58,0.0,18.57,168.01,Apple Pay
206769,2025-11-24,6302,Email,Desktop,CA,205.84,0.0,0.0,205.84,Apple Pay
206770,2025-10-05,6700,Email,Mobile,UK,253.82,0.0,0.0,253.82,Apple Pay
206771,2025-12-03,11098,Paid Search,Mobile,AU,136.27,0.0,0.0,136.27,PayPal
206772,2025-09-08,8736,Organic Search,Desktop,AU,277.96,0.0,10.42,267.55,Apple Pay
206773,2025-08-23,4960,Email,Mobile,US,122.37,0.0,13.5,108.87,Apple Pay
206774,2025-10-02,15505,Paid Social,Mobile,US,255.73,0.0,10.16,245.57,Credit Card
206775,2025-10-01,14564,Email,Desktop,AU,151.62,0.0,0.0,151.62,Shop Pay
206776,2025-11-05,10606,Paid Search,Mobile,CA,193.84,0.0,16.5,177.34,Credit Card
206777,2025-12-26,16241,Paid Social,Mobile,DE,280.18,0.0,0.0,280.18,Credit Card
206778,2026-01-26,3512,Email,Mobile,DE,185.85,0.0,0.0,185.85,PayPal
206779,2026-01-14,4850,Paid Search,Mobile,US,34.44,6.89,1.26,40.07,Shop Pay
206780,2025-11-26,2880,Paid Search,Desktop,CA,257.69,0.0,0.0,257.69,Apple Pay
206781,2025-10-06,12264,Direct,Desktop,DE,64.88,0.0,0.0,64.88,Credit Card
206782,2025-08-23,5453,Direct,Mobile,US,145.57,0.0,0.0,145.57,PayPal
206783,2025-12-25,2190,Email,Desktop,UK,19.5,6.16,0.0,25.66,Credit Card
206784,2025-10-06,3130,Paid Social,Desktop,CA,158.73,0.0,13.02,145.7,Apple Pay
206785,2026-01-20,9099,Organic Search,Mobile,AU,174.74,0.0,0.0,174.74,Apple Pay
206786,2025-12-25,7729,Email,Mobile,AU,200.61,0.0,0.0,200.61,Apple Pay
206787,2026-01-02,16331,Organic Search,Desktop,UK,166.75,0.0,0.0,166.75,Shop Pay
206788,2025-12-08,7481,Email,Mobile,CA,54.13,0.0,0.0,54.13,Apple Pay
206789,2025-09-17,14586,Organic Search,Desktop,DE,178.29,0.0,0.0,178.29,Credit Card
206790,2026-01-08,16742,Paid Search,Desktop,CA,41.17,5.84,0.0,47.01,Apple Pay
206791,2025-08-18,2082,Direct,Desktop,UK,194.3,0.0,0.0,194.3,PayPal
206792,2025-12-28,2080,Direct,Desktop,CA,57.68,0.0,0.0,57.68,PayPal
206793,2025-08-19,13116,Email,Mobile,DE,122.96,0.0,0.0,122.96,Apple Pay
206794,2025-11-11,8096,Direct,Mobile,AU,173.03,0.0,0.0,173.03,Credit Card
206795,2025-12-20,1746,Paid Search,Desktop,AU,159.94,0.0,0.0,159.94,Apple Pay
206796,2025-09-29,10807,Paid Search,Desktop,UK,24.64,7.05,1.28,30.4,Shop Pay
206797,2025-09-28,15043,Paid Social,Desktop,DE,159.93,0.0,0.0,159.93,Apple Pay
206798,2025-12-06,10050,Email,Mobile,AU,163.77,0.0,8.83,154.94,Apple Pay
206799,2025-12-21,10441,Direct,Desktop,DE,148.82,0.0,0.0,148.82,Shop Pay
206800,2025-09-06,14220,Email,Mobile,AU,60.04,0.0,0.0,60.04,Apple Pay
206801,2026-01-11,17509,Organic Search,Mobile,CA,193.18,0.0,10.06,183.12,Credit Card
206802,2025-11-22,15461,Email,Mobile,US,23.8,6.96,0.73,30.03,Credit Card
206803,2026-01-28,16268,Paid Social,Mobile,CA,58.93,0.0,2.16,56.77,Credit Card
206804,2025-08-18,4627,Direct,Desktop,UK,88.56,0.0,6.03,82.53,PayPal
206805,2025-12-30,14039,Email,Mobile,UK,205.0,0.0,0.0,205.0,Shop Pay
206806,2026-01-13,12253,Direct,Mobile,CA,152.44,0.0,0.0,152.44,Apple Pay
206807,2025-12-27,17015,Email,Mobile,UK,62.35,0.0,0.0,62.35,Apple Pay
206808,2025-11-23,11859,Organic Search,Mobile,US,51.14,0.0,2.86,48.28,Apple Pay
206809,2025-12-23,10957,Paid Search,Mobile,CA,217.07,0.0,0.0,217.07,Shop Pay
206810,2026-01-23,15752,Paid Social,Mobile,DE,159.83,0.0,0.0,159.83,PayPal
206811,2026-02-01,10613,Paid Social,Desktop,AU,113.28,0.0,8.93,104.35,Credit Card
206812,2025-10-12,14639,Email,Desktop,AU,216.04,0.0,0.0,216.04,Shop Pay
206813,2025-12-28,13946,Email,Mobile,UK,241.69,0.0,0.0,241.69,Credit Card
206814,2025-11-20,14786,Paid Social,Mobile,US,82.63,0.0,0.0,82.63,Shop Pay
206815,2025-09-09,16397,Paid Search,Mobile,CA,168.94,0.0,0.0,168.94,Apple Pay
206816,2025-11-06,6000,Organic Search,Mobile,DE,72.81,0.0,0.0,72.81,Credit Card
206817,2026-01-14,16305,Direct,Mobile,UK,54.03,0.0,0.0,54.03,Shop Pay
206818,2025-12-17,1614,Direct,Mobile,CA,83.4,0.0,0.0,83.4,Shop Pay
206819,2025-09-12,12008,Paid Search,Desktop,AU,253.77,0.0,0.0,253.77,Apple Pay
206820,2025-10-27,2902,Paid Social,Desktop,AU,171.45,0.0,9.53,161.92,Apple Pay
206821,2025-11-30,15868,Email,Desktop,UK,250.36,0.0,0.0,250.36,Apple Pay
206822,2025-12-08,7777,Direct,Desktop,UK,183.3,0.0,0.0,183.3,Credit Card
206823,2025-11-17,7861,Paid Social,Desktop,UK,167.16,0.0,0.0,167.16,Apple Pay
206824,2025-08-16,17840,Organic Search,Desktop,UK,90.36,0.0,3.03,87.33,Credit Card
206825,2025-11-16,16905,Direct,Mobile,UK,114.75,0.0,8.41,106.34,Shop Pay
206826,2026-01-22,441,Organic Search,Desktop,UK,156.76,0.0,0.0,156.76,PayPal
206827,2025-09-01,17407,Email,Desktop,AU,29.79,6.06,0.0,35.85,PayPal
206828,2026-01-11,387,Paid Social,Desktop,US,161.42,0.0,0.0,161.42,PayPal
206829,2026-01-15,17752,Paid Social,Mobile,UK,93.29,0.0,9.5,83.79,Shop Pay
206830,2026-01-21,11880,Organic Search,Desktop,CA,179.09,0.0,0.0,179.09,PayPal
206831,2025-12-01,15807,Paid Search,Desktop,CA,86.67,0.0,7.41,79.25,Credit Card
206832,2025-12-31,727,Organic Search,Mobile,UK,118.16,0.0,9.79,108.37,Credit Card
206833,2025-10-17,11455,Paid Search,Desktop,CA,96.55,0.0,0.0,96.55,Apple Pay
206834,2025-09-22,17130,Paid Search,Desktop,AU,52.03,5.46,0.0,57.49,Credit Card
206835,2025-08-16,2015,Paid Social,Desktop,AU,114.51,0.0,8.14,106.37,Credit Card
206836,2025-10-18,17893,Email,Desktop,CA,136.05,0.0,0.0,136.05,Apple Pay
206837,2025-12-20,9042,Paid Search,Mobile,AU,65.26,0.0,0.0,65.26,Apple Pay
206838,2025-09-17,13952,Direct,Desktop,UK,110.33,0.0,0.0,110.33,PayPal
206839,2026-01-07,4240,Paid Search,Desktop,US,184.24,0.0,12.46,171.78,Shop Pay
206840,2026-02-03,10154,Email,Mobile,DE,96.73,0.0,0.0,96.73,Credit Card
206841,2026-01-14,12202,Paid Social,Desktop,CA,218.85,0.0,0.0,218.85,Apple Pay
206842,2025-11-09,2345,Direct,Mobile,AU,275.1,0.0,0.0,275.1,Apple Pay
206843,2025-10-28,9713,Organic Search,Mobile,DE,147.68,0.0,6.83,140.85,Credit Card
206844,2025-12-21,3604,Direct,Mobile,CA,145.1,0.0,15.18,129.93,Apple Pay
206845,2026-02-07,16822,Email,Mobile,US,148.18,0.0,9.74,138.44,Credit Card
206846,2026-02-02,3848,Organic Search,Desktop,CA,92.08,0.0,0.0,92.08,Apple Pay
206847,2025-12-06,9325,Email,Mobile,UK,192.17,0.0,0.0,192.17,Credit Card
206848,2026-01-02,6119,Direct,Mobile,UK,253.41,0.0,20.22,233.19,PayPal
206849,2025-12-21,5770,Paid Social,Desktop,US,292.63,0.0,0.0,292.63,Credit Card
206850,2025-12-23,1024,Paid Search,Mobile,AU,189.69,0.0,0.0,189.69,Apple Pay
206851,2026-01-04,11197,Paid Social,Desktop,CA,133.32,0.0,13.86,119.46,Shop Pay
206852,2026-01-14,6308,Paid Search,Desktop,UK,172.27,0.0,9.01,163.26,Credit Card
206853,2025-11-08,537,Email,Mobile,CA,184.46,0.0,17.3,167.16,PayPal
206854,2025-11-02,17512,Email,Mobile,DE,44.78,7.41,2.54,49.66,Shop Pay
206855,2025-12-20,3618,Paid Social,Desktop,UK,60.08,0.0,5.68,54.4,PayPal
206856,2025-12-30,17065,Direct,Mobile,US,232.02,0.0,7.65,224.37,PayPal
206857,2025-11-28,12076,Direct,Mobile,UK,173.15,0.0,15.23,157.92,PayPal
206858,2025-12-23,1236,Paid Social,Mobile,AU,137.94,0.0,0.0,137.94,Apple Pay
206859,2026-01-02,1253,Organic Search,Desktop,UK,321.03,0.0,37.95,283.09,Shop Pay
206860,2026-01-12,11865,Email,Mobile,CA,10.65,6.62,0.0,17.27,Shop Pay
206861,2026-02-03,7218,Paid Search,Mobile,US,162.19,0.0,0.0,162.19,Shop Pay
206862,2025-09-28,19,Email,Desktop,AU,406.31,0.0,23.15,383.17,Shop Pay
206863,2025-12-11,4068,Email,Mobile,CA,47.34,5.34,0.0,52.68,PayPal
206864,2025-11-05,723,Email,Mobile,CA,43.14,7.5,0.0,50.64,Apple Pay
206865,2026-01-28,9451,Paid Social,Mobile,DE,89.62,0.0,10.09,79.54,Credit Card
206866,2025-10-14,4639,Email,Desktop,AU,180.7,0.0,0.0,180.7,Apple Pay
206867,2026-02-03,12337,Paid Social,Desktop,US,10.45,7.15,0.55,17.05,Shop Pay
206868,2026-02-10,1648,Email,Mobile,CA,137.52,0.0,0.0,137.52,Apple Pay
206869,2025-12-10,15234,Email,Mobile,UK,189.63,0.0,0.0,189.63,Shop Pay
206870,2025-12-21,2810,Paid Search,Desktop,CA,67.09,0.0,0.0,67.09,Credit Card
206871,2025-11-18,2609,Organic Search,Mobile,UK,10.66,6.54,0.0,17.2,Credit Card
206872,2025-09-12,10280,Email,Mobile,AU,140.61,0.0,10.27,130.34,Apple Pay
206873,2025-11-21,10523,Direct,Desktop,US,44.76,7.6,0.0,52.36,Credit Card
206874,2025-11-06,17268,Email,Mobile,DE,134.91,0.0,7.64,127.27,Credit Card
206875,2025-11-30,12044,Paid Search,Mobile,UK,142.2,0.0,0.0,142.2,PayPal
206876,2025-11-27,16414,Email,Desktop,US,79.78,0.0,0.0,79.78,Credit Card
206877,2026-01-18,14108,Paid Search,Mobile,UK,111.53,0.0,0.0,111.53,Apple Pay
206878,2025-12-05,5547,Email,Desktop,US,77.51,0.0,0.0,77.51,PayPal
206879,2025-08-16,16370,Paid Search,Mobile,CA,184.51,0.0,0.0,184.51,Credit Card
206880,2025-12-11,16554,Direct,Desktop,CA,42.24,7.02,0.0,49.26,PayPal
206881,2025-10-04,5595,Direct,Mobile,DE,118.3,0.0,0.0,118.3,Apple Pay
206882,2025-11-25,12302,Paid Social,Desktop,US,98.35,0.0,0.0,98.35,Shop Pay
206883,2025-12-26,5700,Organic Search,Desktop,DE,141.59,0.0,0.0,141.59,PayPal
206884,2026-01-22,17755,Paid Social,Desktop,UK,262.83,0.0,0.0,262.83,Apple Pay
206885,2025-09-08,10063,Direct,Desktop,UK,159.72,0.0,0.0,159.72,Shop Pay
206886,2025-11-26,1837,Paid Search,Desktop,DE,152.28,0.0,12.29,139.99,Credit Card
206887,2025-11-05,13081,Direct,Desktop,CA,227.99,0.0,0.0,227.99,Apple Pay
206888,2025-12-21,8851,Direct,Desktop,CA,46.45,6.03,4.16,48.32,Credit Card
206889,2025-11-07,3766,Organic Search,Mobile,CA,119.53,0.0,0.0,119.53,Shop Pay
206890,2025-11-23,11984,Email,Mobile,AU,62.17,0.0,0.0,62.17,Shop Pay
206891,2025-10-29,7356,Paid Search,Mobile,UK,261.46,0.0,0.0,261.46,Shop Pay
206892,2025-09-23,1764,Organic Search,Mobile,UK,105.23,0.0,0.0,105.23,Credit Card
206893,2026-01-10,14691,Paid Social,Desktop,AU,103.29,0.0,0.0,103.29,Shop Pay
206894,2025-09-06,9994,Direct,Desktop,UK,197.88,0.0,0.0,197.88,Shop Pay
206895,2025-11-27,5690,Paid Social,Mobile,US,138.3,0.0,0.0,138.3,Credit Card
206896,2025-10-20,17497,Organic Search,Mobile,UK,48.2,7.86,0.0,56.07,Shop Pay
206897,2025-08-16,13834,Paid Search,Mobile,UK,124.91,0.0,0.0,124.91,Shop Pay
206898,2025-10-20,15581,Direct,Desktop,CA,223.59,0.0,14.88,208.7,Shop Pay
206899,2025-10-06,3752,Direct,Desktop,AU,67.45,0.0,2.14,65.31,PayPal
206900,2025-12-03,8869,Organic Search,Desktop,CA,29.11,6.68,0.0,35.8,Credit Card
206901,2025-11-20,12789,Email,Mobile,CA,188.9,0.0,14.16,174.75,Credit Card
206902,2025-09-25,1115,Direct,Mobile,DE,217.0,0.0,15.56,201.43,Shop Pay
206903,2025-12-23,11989,Direct,Desktop,UK,139.72,0.0,7.21,132.51,Shop Pay
206904,2025-10-30,115,Organic Search,Mobile,CA,160.25,0.0,11.45,148.81,Apple Pay
206905,2025-08-17,8692,Paid Social,Desktop,CA,223.55,0.0,13.11,210.44,Shop Pay
206906,2026-01-29,8948,Email,Mobile,AU,169.59,0.0,0.0,169.59,Shop Pay
206907,2026-02-01,5348,Direct,Mobile,UK,150.5,0.0,0.0,150.5,Shop Pay
206908,2026-02-02,9934,Paid Social,Desktop,UK,163.76,0.0,13.22,150.54,PayPal
206909,2025-09-26,13044,Paid Search,Mobile,US,55.6,0.0,3.02,52.58,Shop Pay
206910,2026-02-02,9886,Direct,Desktop,UK,63.69,0.0,0.0,63.69,PayPal
206911,2025-12-07,7505,Direct,Mobile,US,52.42,7.02,0.0,59.44,PayPal
206912,2025-08-21,5342,Email,Desktop,AU,32.49,5.01,2.2,35.31,PayPal
206913,2025-08-30,4893,Direct,Mobile,DE,214.6,0.0,0.0,214.6,Shop Pay
206914,2025-11-27,16297,Email,Desktop,CA,161.63,0.0,0.0,161.63,Shop Pay
206915,2025-12-25,4469,Paid Search,Desktop,AU,197.2,0.0,0.0,197.2,Credit Card
206916,2026-01-20,5900,Direct,Mobile,DE,170.1,0.0,0.0,170.1,Apple Pay
206917,2026-01-18,17303,Direct,Mobile,AU,100.26,0.0,0.0,100.26,Shop Pay
206918,2025-12-11,9810,Paid Search,Mobile,DE,67.25,0.0,3.8,63.45,Shop Pay
206919,2025-10-06,6608,Direct,Mobile,UK,23.96,6.74,0.0,30.7,PayPal
206920,2025-12-03,3818,Paid Search,Desktop,DE,371.74,0.0,17.71,354.03,Apple Pay
206921,2025-09-17,231,Direct,Mobile,CA,123.11,0.0,0.0,123.11,Apple Pay
206922,2025-10-14,4821,Paid Search,Desktop,CA,166.92,0.0,0.0,166.92,Apple Pay
206923,2025-09-11,7855,Paid Search,Desktop,DE,218.49,0.0,0.0,218.49,Apple Pay
206924,2026-01-19,3342,Email,Desktop,CA,232.93,0.0,9.22,223.71,PayPal
206925,2026-02-05,14155,Paid Search,Desktop,DE,29.38,5.9,2.84,32.44,PayPal
206926,2026-01-10,15468,Email,Mobile,CA,61.26,0.0,2.14,59.12,Apple Pay
206927,2026-01-23,6432,Direct,Desktop,DE,101.66,0.0,0.0,101.66,Apple Pay
206928,2025-08-29,12639,Organic Search,Desktop,UK,198.23,0.0,15.34,182.89,Shop Pay
206929,2025-10-10,13096,Direct,Desktop,CA,66.94,0.0,6.11,60.84,Apple Pay
206930,2025-11-16,4285,Organic Search,Desktop,UK,249.16,0.0,0.0,249.16,Credit Card
206931,2026-01-21,6402,Organic Search,Mobile,AU,19.56,7.8,2.19,25.17,Credit Card
206932,2025-10-26,2212,Organic Search,Mobile,DE,24.89,6.02,0.0,30.91,Apple Pay
206933,2025-11-18,10537,Paid Social,Desktop,CA,86.44,0.0,0.0,86.44,Credit Card
206934,2026-02-03,9066,Email,Desktop,AU,174.8,0.0,0.0,174.8,PayPal
206935,2025-08-23,7454,Paid Search,Mobile,AU,124.11,0.0,0.0,124.11,PayPal
206936,2025-09-15,3089,Paid Social,Mobile,UK,115.12,0.0,6.45,108.67,Credit Card
206937,2025-10-29,5889,Organic Search,Mobile,UK,170.77,0.0,17.38,153.39,Apple Pay
206938,2026-01-18,4937,Paid Search,Desktop,CA,150.52,0.0,17.19,133.33,Credit Card
206939,2025-12-04,8514,Email,Desktop,UK,133.08,0.0,0.0,133.08,PayPal
206940,2025-12-12,14535,Paid Social,Mobile,UK,100.96,0.0,0.0,100.96,PayPal
206941,2026-01-15,15915,Paid Social,Mobile,AU,101.28,0.0,0.0,101.28,Shop Pay
206942,2025-11-04,14746,Paid Search,Mobile,UK,157.5,0.0,0.0,157.5,Apple Pay
206943,2025-12-01,17377,Paid Social,Mobile,US,163.42,0.0,14.02,149.4,Apple Pay
206944,2026-01-22,513,Paid Social,Desktop,UK,97.62,0.0,7.67,89.95,Apple Pay
206945,2025-10-01,15948,Email,Desktop,UK,263.25,0.0,0.0,263.25,Shop Pay
206946,2025-11-17,17975,Paid Social,Mobile,CA,267.97,0.0,0.0,267.97,PayPal
206947,2025-09-03,14371,Paid Search,Desktop,US,241.39,0.0,13.79,227.6,PayPal
206948,2025-09-12,11303,Email,Mobile,CA,51.82,0.0,0.0,51.82,Shop Pay
206949,2025-08-18,2744,Direct,Desktop,CA,80.01,0.0,8.28,71.73,Credit Card
206950,2025-11-17,11854,Paid Search,Mobile,UK,116.2,0.0,0.0,116.2,Credit Card
206951,2025-10-06,4988,Paid Social,Mobile,US,253.57,0.0,11.16,242.41,Credit Card
206952,2025-08-18,15611,Email,Desktop,US,114.87,0.0,4.91,109.96,PayPal
206953,2026-01-24,12993,Paid Social,Mobile,AU,333.68,0.0,0.0,333.68,Apple Pay
206954,2025-08-17,12671,Paid Search,Desktop,AU,207.85,0.0,0.0,207.85,Credit Card
206955,2025-08-21,1798,Paid Social,Mobile,DE,39.16,5.61,4.3,40.47,Credit Card
206956,2025-12-21,1449,Email,Mobile,US,79.66,0.0,0.0,79.66,PayPal
206957,2025-08-21,12860,Organic Search,Desktop,DE,24.0,7.9,0.0,31.9,Credit Card
206958,2025-08-17,14775,Paid Social,Mobile,US,114.53,0.0,8.84,105.69,Apple Pay
206959,2025-10-08,11239,Paid Search,Mobile,UK,65.74,0.0,6.29,59.44,Shop Pay
206960,2025-08-24,4075,Paid Search,Mobile,CA,261.74,0.0,0.0,261.74,Apple Pay
206961,2025-12-18,16769,Paid Social,Desktop,DE,225.83,0.0,8.98,216.85,PayPal
206962,2025-12-29,6068,Organic Search,Desktop,AU,103.71,0.0,0.0,103.71,PayPal
206963,2025-10-31,15074,Direct,Desktop,UK,45.26,7.56,2.92,49.9,Shop Pay
206964,2025-12-29,10746,Organic Search,Mobile,CA,247.2,0.0,16.04,231.16,Apple Pay
206965,2026-01-22,4155,Email,Mobile,DE,68.96,0.0,0.0,68.96,Credit Card
206966,2025-12-03,645,Paid Search,Mobile,DE,190.89,0.0,20.78,170.11,Shop Pay
206967,2025-09-27,12443,Email,Desktop,US,82.84,0.0,0.0,82.84,Credit Card
206968,2025-10-13,3452,Direct,Desktop,DE,18.97,5.72,0.0,24.69,Shop Pay
206969,2025-11-03,11293,Email,Desktop,DE,173.01,0.0,12.35,160.66,Credit Card
206970,2025-12-14,13078,Paid Social,Desktop,AU,309.45,0.0,0.0,309.45,PayPal
206971,2025-10-22,1337,Paid Social,Mobile,CA,29.46,7.48,0.0,36.94,Credit Card
206972,2026-01-08,10543,Paid Social,Mobile,AU,340.51,0.0,0.0,340.51,Apple Pay
206973,2025-09-03,15928,Paid Social,Desktop,UK,133.38,0.0,4.86,128.52,PayPal
206974,2025-09-23,144,Paid Social,Mobile,UK,48.44,6.65,0.0,55.08,Apple Pay
206975,2025-10-17,13211,Organic Search,Desktop,UK,158.02,0.0,0.0,158.02,Credit Card
206976,2025-09-03,330,Organic Search,Mobile,CA,127.22,0.0,0.0,127.22,PayPal
206977,2026-01-08,13817,Organic Search,Desktop,CA,123.8,0.0,0.0,123.8,Apple Pay
206978,2026-01-27,1854,Organic Search,Mobile,AU,183.81,0.0,9.91,173.91,Apple Pay
206979,2025-11-02,5420,Direct,Desktop,US,272.01,0.0,0.0,272.01,Credit Card
206980,2025-10-13,9605,Paid Social,Desktop,AU,98.69,0.0,0.0,98.69,PayPal
206981,2025-11-16,8554,Direct,Mobile,CA,67.17,0.0,5.86,61.3,Credit Card
206982,2025-10-09,1289,Organic Search,Desktop,US,223.6,0.0,0.0,223.6,Apple Pay
206983,2025-10-19,15356,Email,Mobile,AU,216.17,0.0,6.87,209.3,Apple Pay
206984,2026-01-13,9601,Direct,Mobile,AU,255.61,0.0,22.7,232.9,PayPal
206985,2025-10-02,11658,Organic Search,Mobile,UK,49.36,5.76,0.0,55.12,Shop Pay
206986,2025-09-19,8411,Paid Social,Mobile,DE,46.97,0.0,4.65,42.33,Shop Pay
206987,2026-01-10,4071,Organic Search,Mobile,US,56.79,0.0,0.0,56.79,Shop Pay
206988,2026-01-18,16765,Paid Social,Mobile,AU,116.8,0.0,10.44,106.36,Credit Card
206989,2025-08-31,5416,Paid Search,Mobile,DE,62.1,0.0,0.0,62.1,Credit Card
206990,2026-01-07,2085,Organic Search,Desktop,US,188.04,0.0,21.55,166.49,PayPal
206991,2025-09-01,9416,Paid Social,Desktop,DE,306.43,0.0,23.15,283.28,Apple Pay
206992,2025-10-17,9357,Direct,Desktop,AU,348.2,0.0,26.7,321.5,Credit Card
206993,2025-12-15,15189,Direct,Mobile,DE,197.88,0.0,14.32,183.56,Credit Card
206994,2025-10-02,480,Email,Mobile,CA,130.52,0.0,0.0,130.52,PayPal
206995,2025-12-21,6207,Paid Social,Mobile,UK,56.44,6.56,0.0,63.0,PayPal
206996,2025-12-11,17569,Email,Desktop,US,59.27,5.5,2.51,62.26,Credit Card
206997,2025-08-24,6993,Organic Search,Desktop,DE,143.85,0.0,0.0,143.85,Apple Pay
206998,2025-11-20,9999,Paid Search,Mobile,UK,13.34,7.75,0.0,21.1,PayPal
206999,2025-09-06,2114,Direct,Mobile,CA,194.88,0.0,15.32,179.57,PayPal
207000,2026-02-02,13109,Direct,Desktop,DE,97.89,0.0,0.0,97.89,Apple Pay
207001,2025-09-15,11209,Email,Mobile,US,88.13,0.0,0.0,88.13,Credit Card
207002,2025-09-18,10008,Paid Social,Mobile,DE,110.44,0.0,4.21,106.23,Shop Pay
207003,2025-12-18,11954,Paid Social,Desktop,CA,277.12,0.0,0.0,277.12,Credit Card
207004,2025-11-11,4058,Organic Search,Desktop,AU,179.46,0.0,0.0,179.46,PayPal
207005,2025-11-27,9026,Direct,Desktop,US,132.94,0.0,5.55,127.38,Credit Card
207006,2025-09-23,7577,Email,Mobile,UK,283.92,0.0,23.81,260.11,Credit Card
207007,2025-09-17,6266,Paid Search,Desktop,US,211.88,0.0,18.21,193.67,Apple Pay
207008,2026-01-19,3748,Paid Social,Mobile,DE,181.98,0.0,0.0,181.98,Apple Pay
207009,2025-11-12,1987,Email,Mobile,UK,263.58,0.0,10.03,253.54,Credit Card
207010,2025-10-09,6086,Organic Search,Mobile,DE,147.94,0.0,9.22,138.72,Credit Card
207011,2026-01-03,12989,Direct,Desktop,DE,50.37,6.05,0.0,56.42,PayPal
207012,2025-10-24,8648,Direct,Desktop,DE,306.15,0.0,0.0,306.15,Shop Pay
207013,2025-11-18,6398,Paid Search,Desktop,UK,251.22,0.0,12.46,238.75,PayPal
207014,2025-11-27,12382,Organic Search,Desktop,US,343.31,0.0,0.0,343.31,PayPal
207015,2025-10-13,12122,Direct,Desktop,AU,125.4,0.0,6.55,118.85,Shop Pay
207016,2025-09-23,14530,Direct,Mobile,DE,69.95,0.0,0.0,69.95,Credit Card
207017,2025-11-07,15316,Paid Social,Mobile,US,27.66,5.76,0.0,33.42,Apple Pay
207018,2025-12-21,2383,Paid Social,Mobile,AU,236.88,0.0,0.0,236.88,Credit Card
207019,2025-10-28,11480,Direct,Desktop,UK,113.08,0.0,0.0,113.08,Credit Card
207020,2026-01-31,10361,Email,Desktop,CA,155.34,0.0,13.92,141.43,PayPal
207021,2025-10-05,8076,Organic Search,Desktop,CA,135.7,0.0,16.11,119.6,Apple Pay
207022,2025-08-17,7654,Direct,Desktop,CA,177.93,0.0,0.0,177.93,PayPal
207023,2025-08-31,3699,Paid Search,Mobile,UK,294.48,0.0,0.0,294.48,PayPal
207024,2026-01-02,14104,Direct,Mobile,CA,175.2,0.0,0.0,175.2,Apple Pay
207025,2026-01-12,16884,Direct,Desktop,CA,69.17,0.0,4.02,65.15,PayPal
207026,2025-11-25,13495,Email,Mobile,AU,8.83,5.25,0.67,13.4,Shop Pay
207027,2025-10-04,6388,Organic Search,Desktop,DE,25.21,7.46,0.0,32.67,Credit Card
207028,2025-09-16,17661,Email,Mobile,AU,72.39,0.0,0.0,72.39,Credit Card
207029,2025-12-24,3604,Email,Desktop,CA,113.84,0.0,12.34,101.5,Credit Card
207030,2025-08-24,11777,Organic Search,Desktop,UK,57.8,0.0,0.0,57.8,Credit Card
207031,2025-11-08,17559,Direct,Mobile,DE,48.28,0.0,0.0,48.28,Shop Pay
207032,2025-09-28,12667,Email,Desktop,UK,91.77,0.0,0.0,91.77,PayPal
207033,2025-11-22,2451,Organic Search,Mobile,AU,287.6,0.0,0.0,287.6,Credit Card
207034,2026-01-10,1263,Email,Mobile,AU,136.65,0.0,15.55,121.1,Apple Pay
207035,2026-02-01,17522,Paid Search,Mobile,CA,35.19,7.45,0.0,42.65,Apple Pay
207036,2026-01-12,4894,Email,Desktop,DE,33.21,6.94,1.11,39.04,Shop Pay
207037,2025-09-15,12953,Direct,Desktop,UK,157.71,0.0,6.44,151.28,Apple Pay
207038,2026-02-05,4572,Organic Search,Desktop,UK,177.66,0.0,0.0,177.66,Shop Pay
207039,2025-08-20,9128,Paid Search,Mobile,US,55.51,5.78,0.0,61.3,PayPal
207040,2025-12-06,17914,Paid Social,Mobile,US,227.18,0.0,0.0,227.18,PayPal
207041,2026-01-19,6709,Direct,Mobile,CA,24.36,6.17,2.57,27.95,Shop Pay
207042,2025-11-18,17954,Organic Search,Mobile,DE,148.44,0.0,0.0,148.44,Shop Pay
207043,2025-10-31,8457,Direct,Mobile,CA,140.6,0.0,0.0,140.6,PayPal
207044,2026-01-01,11492,Paid Search,Desktop,DE,106.86,0.0,0.0,106.86,Apple Pay
207045,2025-08-25,8768,Paid Search,Desktop,DE,192.26,0.0,0.0,192.26,PayPal
207046,2026-01-08,1787,Email,Mobile,AU,151.49,0.0,6.78,144.72,Credit Card
207047,2025-10-01,4575,Email,Mobile,AU,71.41,0.0,0.0,71.41,Apple Pay
207048,2025-11-09,11123,Paid Search,Desktop,AU,17.81,7.4,0.0,25.21,Apple Pay
207049,2025-08-20,16540,Paid Social,Mobile,UK,102.63,0.0,9.58,93.05,PayPal
207050,2025-11-16,3824,Email,Mobile,AU,80.98,0.0,0.0,80.98,Apple Pay
207051,2025-12-28,3711,Paid Search,Mobile,US,128.61,0.0,10.74,117.87,Apple Pay
207052,2025-08-27,6950,Paid Search,Mobile,DE,155.09,0.0,0.0,155.09,Apple Pay
207053,2025-12-12,9750,Email,Mobile,DE,176.0,0.0,15.09,160.91,PayPal
207054,2026-01-06,9476,Paid Search,Desktop,UK,69.84,0.0,0.0,69.84,PayPal
207055,2025-11-03,16584,Direct,Mobile,CA,216.8,0.0,16.36,200.43,Apple Pay
207056,2026-01-10,11554,Email,Desktop,CA,151.39,0.0,0.0,151.39,Credit Card
207057,2025-10-08,2431,Paid Social,Desktop,DE,207.18,0.0,0.0,207.18,Apple Pay
207058,2025-08-30,9862,Direct,Mobile,US,140.49,0.0,0.0,140.49,PayPal
207059,2025-10-06,8941,Paid Social,Mobile,US,75.53,0.0,3.4,72.13,Apple Pay
207060,2026-01-01,17312,Organic Search,Desktop,UK,164.66,0.0,0.0,164.66,Apple Pay
207061,2025-08-27,7236,Email,Mobile,US,298.9,0.0,13.51,285.39,Credit Card
207062,2025-12-27,7637,Paid Social,Desktop,DE,301.27,0.0,0.0,301.27,Shop Pay
207063,2025-12-23,507,Direct,Mobile,DE,293.13,0.0,0.0,293.13,Credit Card
207064,2025-09-01,15497,Direct,Mobile,DE,31.25,6.69,0.0,37.93,PayPal
207065,2025-11-29,6998,Paid Search,Mobile,CA,205.86,0.0,17.65,188.21,Apple Pay
207066,2025-09-16,14172,Paid Social,Desktop,UK,125.56,0.0,0.0,125.56,Shop Pay
207067,2025-11-27,5582,Email,Mobile,UK,48.19,6.5,0.0,54.69,Apple Pay
207068,2026-01-25,1303,Email,Desktop,DE,193.73,0.0,0.0,193.73,PayPal
207069,2025-12-25,1429,Paid Search,Desktop,AU,140.46,0.0,0.0,140.46,Credit Card
207070,2026-01-14,14249,Organic Search,Mobile,DE,32.29,5.38,0.0,37.67,Apple Pay
207071,2025-11-13,6282,Organic Search,Mobile,AU,324.11,0.0,0.0,324.11,Apple Pay
207072,2025-12-20,16628,Organic Search,Desktop,DE,262.45,0.0,9.96,252.49,Credit Card
207073,2026-02-10,6402,Organic Search,Mobile,US,237.51,0.0,0.0,237.51,PayPal
207074,2026-01-16,6894,Paid Search,Mobile,US,159.43,0.0,0.0,159.43,Credit Card
207075,2025-12-13,4722,Paid Social,Desktop,AU,57.68,6.18,5.26,58.6,Credit Card
207076,2026-01-12,4778,Paid Search,Desktop,UK,206.18,0.0,15.59,190.59,Credit Card
207077,2025-12-06,4231,Email,Mobile,CA,89.32,0.0,0.0,89.32,PayPal
207078,2025-08-15,16172,Paid Social,Desktop,AU,24.02,7.97,0.0,31.98,Shop Pay
207079,2025-11-12,9548,Organic Search,Mobile,DE,137.44,0.0,0.0,137.44,Apple Pay
207080,2026-01-19,17425,Paid Social,Mobile,US,48.58,0.0,4.86,43.72,Credit Card
207081,2025-10-19,3968,Organic Search,Mobile,US,45.39,6.84,4.65,47.58,Credit Card
207082,2025-09-30,15961,Paid Search,Mobile,UK,117.26,0.0,0.0,117.26,Shop Pay
207083,2025-08-19,6889,Organic Search,Desktop,CA,130.9,0.0,0.0,130.9,Shop Pay
207084,2025-10-25,13248,Organic Search,Desktop,UK,138.62,0.0,12.35,126.27,Apple Pay
207085,2026-01-30,15596,Paid Search,Mobile,CA,150.32,0.0,0.0,150.32,PayPal
207086,2025-11-19,5355,Direct,Mobile,UK,140.44,0.0,0.0,140.44,Credit Card
207087,2025-12-14,16192,Paid Search,Mobile,AU,123.24,0.0,11.64,111.6,Apple Pay
207088,2025-12-10,13226,Paid Search,Desktop,US,146.67,0.0,0.0,146.67,PayPal
207089,2025-11-13,8088,Paid Social,Mobile,CA,193.36,0.0,14.07,179.28,Credit Card
207090,2025-12-08,8542,Email,Desktop,CA,114.35,0.0,0.0,114.35,Shop Pay
207091,2025-08-30,17199,Organic Search,Desktop,US,191.14,0.0,0.0,191.14,PayPal
207092,2025-08-26,12231,Email,Desktop,UK,173.08,0.0,0.0,173.08,Credit Card
207093,2025-12-13,12743,Organic Search,Desktop,AU,185.56,0.0,8.28,177.28,Credit Card
207094,2025-09-16,11498,Paid Search,Desktop,AU,25.91,6.93,0.0,32.84,PayPal
207095,2026-01-23,7223,Direct,Mobile,CA,53.38,5.74,6.01,53.11,PayPal
207096,2025-11-17,4504,Paid Social,Desktop,AU,193.13,0.0,0.0,193.13,Credit Card
207097,2025-10-10,15135,Email,Mobile,DE,45.35,5.84,0.0,51.19,Shop Pay
207098,2025-09-21,9660,Paid Social,Desktop,CA,83.1,0.0,8.7,74.4,Apple Pay
207099,2025-08-20,13902,Paid Search,Desktop,UK,71.74,0.0,3.95,67.79,PayPal
207100,2026-02-03,861,Paid Search,Mobile,UK,149.23,0.0,0.0,149.23,PayPal
207101,2025-12-19,17700,Direct,Desktop,CA,182.95,0.0,0.0,182.95,PayPal
207102,2026-01-25,10257,Organic Search,Mobile,US,146.79,0.0,0.0,146.79,PayPal
207103,2025-12-13,14022,Organic Search,Mobile,UK,33.78,6.73,0.0,40.51,PayPal
207104,2025-11-09,11432,Paid Search,Mobile,CA,153.77,0.0,8.86,144.91,PayPal
207105,2025-08-30,940,Direct,Desktop,DE,68.7,0.0,5.79,62.91,Credit Card
207106,2026-01-24,17979,Email,Mobile,US,57.71,7.59,0.0,65.31,PayPal
207107,2025-11-12,6608,Paid Search,Desktop,AU,138.22,0.0,0.0,138.22,Apple Pay
207108,2025-09-05,17795,Direct,Desktop,CA,170.9,0.0,12.63,158.27,Apple Pay
207109,2025-09-29,11355,Organic Search,Mobile,AU,126.64,0.0,12.36,114.28,Shop Pay
207110,2025-08-25,12696,Direct,Mobile,AU,33.58,7.44,0.0,41.02,Credit Card
207111,2025-10-06,11471,Direct,Mobile,AU,263.0,0.0,0.0,263.0,Apple Pay
207112,2025-11-23,9049,Paid Search,Mobile,DE,120.54,0.0,0.0,120.54,PayPal
207113,2025-08-17,15093,Paid Social,Desktop,UK,246.47,0.0,0.0,246.47,Shop Pay
207114,2025-11-26,3049,Paid Social,Mobile,CA,21.34,5.49,0.0,26.82,Credit Card
207115,2025-12-24,6944,Paid Social,Mobile,UK,51.27,0.0,0.0,51.27,Apple Pay
207116,2025-10-06,13019,Paid Social,Desktop,US,48.5,0.0,0.0,48.5,Apple Pay
207117,2026-01-14,3019,Email,Mobile,AU,53.8,5.57,5.87,53.5,Credit Card
207118,2025-08-20,14070,Paid Search,Mobile,CA,99.86,0.0,0.0,99.86,Shop Pay
207119,2025-12-27,8088,Paid Search,Mobile,US,99.01,0.0,4.39,94.62,Shop Pay
207120,2025-09-24,6144,Paid Search,Desktop,CA,292.69,0.0,0.0,292.69,Apple Pay
207121,2025-12-12,9512,Direct,Desktop,US,320.72,0.0,0.0,320.72,PayPal
207122,2025-11-24,12097,Organic Search,Desktop,CA,97.68,0.0,6.54,91.14,Credit Card
207123,2025-12-18,8423,Paid Search,Desktop,DE,70.02,0.0,0.0,70.02,Credit Card
207124,2025-11-21,9557,Organic Search,Mobile,AU,147.94,0.0,0.0,147.94,Credit Card
207125,2026-01-09,12711,Paid Search,Desktop,CA,158.9,0.0,8.74,150.16,Apple Pay
207126,2025-12-30,2222,Email,Desktop,AU,137.06,0.0,0.0,137.06,Apple Pay
207127,2025-10-24,4512,Direct,Mobile,US,26.22,7.61,0.0,33.83,Apple Pay
207128,2025-09-10,2895,Organic Search,Desktop,DE,142.34,0.0,9.63,132.71,Credit Card
207129,2025-11-13,7100,Direct,Desktop,DE,64.97,0.0,0.0,64.97,Apple Pay
207130,2026-02-03,7569,Paid Search,Desktop,US,27.17,7.2,0.0,34.38,Apple Pay
207131,2026-02-01,24,Direct,Desktop,DE,97.16,0.0,0.0,97.16,Credit Card
207132,2026-01-26,8357,Paid Search,Desktop,US,94.94,0.0,0.0,94.94,Credit Card
207133,2025-08-17,2191,Email,Mobile,DE,255.67,0.0,0.0,255.67,Credit Card
207134,2025-08-19,4793,Paid Search,Desktop,US,176.08,0.0,0.0,176.08,Apple Pay
207135,2025-11-06,6200,Email,Desktop,CA,246.9,0.0,13.83,233.07,Shop Pay
207136,2025-12-11,8039,Direct,Mobile,AU,135.22,0.0,0.0,135.22,Apple Pay
207137,2025-11-05,13159,Email,Desktop,UK,51.92,7.24,0.0,59.16,Shop Pay
207138,2025-12-27,3447,Direct,Desktop,DE,40.49,0.0,0.0,40.49,PayPal
207139,2025-11-06,9600,Email,Desktop,UK,55.17,7.51,0.0,62.69,Credit Card
207140,2025-09-11,7333,Direct,Desktop,US,104.36,0.0,11.83,92.53,Apple Pay
207141,2025-11-23,11227,Paid Search,Desktop,DE,16.91,6.76,0.0,23.67,PayPal
207142,2025-08-24,10908,Direct,Mobile,UK,120.15,0.0,0.0,120.15,PayPal
207143,2025-10-12,2306,Paid Search,Mobile,US,33.33,7.4,0.0,40.72,Apple Pay
207144,2025-10-11,4340,Email,Mobile,DE,45.64,0.0,3.99,41.65,Apple Pay
207145,2025-10-15,10530,Paid Search,Desktop,CA,153.24,0.0,12.87,140.37,Apple Pay
207146,2025-11-25,16592,Direct,Mobile,US,148.29,0.0,0.0,148.29,Apple Pay
207147,2025-11-08,9400,Direct,Desktop,AU,78.47,0.0,0.0,78.47,Apple Pay
207148,2025-12-10,11010,Organic Search,Mobile,US,119.1,0.0,0.0,119.1,Credit Card
207149,2025-09-21,2073,Organic Search,Mobile,US,100.8,0.0,0.0,100.8,Apple Pay
207150,2025-11-11,9909,Paid Search,Mobile,DE,98.37,0.0,0.0,98.37,Shop Pay
207151,2025-08-16,2996,Paid Search,Desktop,US,54.92,0.0,0.0,54.92,Credit Card
207152,2025-09-22,7674,Email,Desktop,AU,61.69,0.0,0.0,61.69,Shop Pay
207153,2025-10-08,9401,Email,Mobile,AU,163.95,0.0,0.0,163.95,Credit Card
207154,2025-09-06,13412,Direct,Desktop,DE,87.87,0.0,0.0,87.87,PayPal
207155,2025-11-30,15220,Direct,Desktop,US,255.0,0.0,0.0,255.0,Apple Pay
207156,2025-12-03,9880,Email,Mobile,CA,84.85,0.0,8.68,76.17,PayPal
207157,2025-10-09,6514,Organic Search,Mobile,DE,111.19,0.0,5.73,105.47,Shop Pay
207158,2025-09-09,12622,Organic Search,Mobile,UK,13.18,5.55,0.0,18.73,Apple Pay
207159,2025-09-23,16045,Email,Desktop,US,113.05,0.0,0.0,113.05,Shop Pay
207160,2026-01-26,5817,Email,Desktop,AU,104.12,0.0,0.0,104.12,Credit Card
207161,2026-01-21,16295,Email,Desktop,US,29.15,5.03,2.62,31.56,Shop Pay
207162,2026-01-26,8498,Paid Search,Mobile,US,162.78,0.0,0.0,162.78,PayPal
207163,2025-11-23,8143,Direct,Mobile,CA,119.07,0.0,0.0,119.07,Credit Card
207164,2025-09-15,17540,Paid Social,Desktop,CA,258.11,0.0,0.0,258.11,PayPal
207165,2025-08-27,12959,Direct,Mobile,US,9.16,5.72,0.0,14.89,Credit Card
207166,2026-01-03,1141,Paid Search,Desktop,DE,163.37,0.0,0.0,163.37,Apple Pay
207167,2026-01-05,17409,Direct,Mobile,DE,206.83,0.0,0.0,206.83,Shop Pay
207168,2025-10-23,17579,Organic Search,Desktop,AU,42.97,0.0,1.37,41.6,PayPal
207169,2025-09-12,13028,Paid Social,Mobile,UK,19.1,7.1,0.0,26.2,Shop Pay
207170,2025-09-25,16713,Paid Social,Mobile,DE,243.17,0.0,10.92,232.24,PayPal
207171,2026-02-07,17074,Paid Social,Desktop,US,104.93,0.0,10.13,94.81,PayPal
207172,2025-10-15,2362,Paid Search,Desktop,CA,286.08,0.0,24.96,261.11,Shop Pay
207173,2026-01-31,7006,Paid Social,Desktop,AU,112.07,0.0,7.46,104.61,PayPal
207174,2025-11-15,17648,Paid Social,Mobile,AU,75.07,0.0,0.0,75.07,Shop Pay
207175,2026-01-30,7225,Organic Search,Desktop,US,235.11,0.0,0.0,235.11,Apple Pay
207176,2025-10-27,13210,Direct,Mobile,UK,311.85,0.0,0.0,311.85,Apple Pay
207177,2025-09-01,17344,Direct,Mobile,UK,80.44,0.0,0.0,80.44,Apple Pay
207178,2025-08-29,341,Direct,Desktop,US,68.93,0.0,0.0,68.93,PayPal
207179,2025-08-17,6028,Paid Social,Mobile,AU,67.31,0.0,0.0,67.31,Credit Card
207180,2025-09-30,15737,Organic Search,Mobile,UK,113.96,0.0,0.0,113.96,Apple Pay
207181,2025-09-04,2504,Paid Search,Mobile,US,12.52,7.92,1.04,19.4,Apple Pay
207182,2025-12-13,920,Direct,Mobile,AU,111.6,0.0,0.0,111.6,PayPal
207183,2025-09-05,9705,Direct,Desktop,CA,133.54,0.0,0.0,133.54,Credit Card
207184,2025-12-07,10232,Email,Mobile,US,195.55,0.0,0.0,195.55,Credit Card
207185,2025-09-04,15819,Email,Desktop,CA,78.45,0.0,8.23,70.22,PayPal
207186,2026-01-16,3523,Paid Social,Mobile,US,138.45,0.0,0.0,138.45,PayPal
207187,2026-01-23,16033,Email,Mobile,AU,221.82,0.0,0.0,221.82,Shop Pay
207188,2025-12-02,12817,Organic Search,Mobile,CA,266.69,0.0,0.0,266.69,Shop Pay
207189,2025-08-30,13225,Direct,Desktop,AU,342.62,0.0,0.0,342.62,Credit Card
207190,2026-01-05,9173,Paid Social,Desktop,AU,65.99,0.0,0.0,65.99,Apple Pay
207191,2025-12-08,10314,Email,Mobile,UK,74.06,0.0,0.0,74.06,Apple Pay
207192,2025-12-09,8129,Direct,Mobile,AU,103.78,0.0,0.0,103.78,PayPal
207193,2026-01-12,1434,Paid Social,Mobile,CA,223.38,0.0,0.0,223.38,Credit Card
207194,2025-08-19,14993,Email,Desktop,DE,30.02,6.59,0.0,36.61,PayPal
207195,2026-01-24,16955,Organic Search,Desktop,US,55.32,6.4,0.0,61.71,Shop Pay
207196,2025-10-30,11773,Paid Search,Mobile,US,109.14,0.0,0.0,109.14,Shop Pay
207197,2026-01-24,2079,Organic Search,Desktop,DE,67.77,0.0,0.0,67.77,Apple Pay
207198,2025-10-18,3306,Email,Mobile,US,171.88,0.0,13.44,158.44,PayPal
207199,2025-09-20,5782,Email,Desktop,CA,103.66,0.0,0.0,103.66,PayPal
207200,2025-10-18,7888,Paid Social,Desktop,DE,188.16,0.0,0.0,188.16,PayPal
207201,2025-11-01,3889,Paid Search,Desktop,US,254.85,0.0,0.0,254.85,Shop Pay
207202,2025-09-14,558,Organic Search,Mobile,US,107.62,0.0,4.25,103.37,Apple Pay
207203,2025-12-23,5089,Direct,Mobile,CA,112.56,0.0,4.69,107.87,Credit Card
207204,2025-11-07,9189,Direct,Mobile,US,93.84,0.0,7.7,86.14,Credit Card
207205,2025-09-30,15780,Paid Social,Mobile,CA,241.99,0.0,22.14,219.85,Apple Pay
207206,2025-12-23,13600,Paid Search,Desktop,DE,117.18,0.0,0.0,117.18,PayPal
207207,2025-11-05,8095,Paid Search,Desktop,DE,48.56,0.0,0.0,48.56,Apple Pay
207208,2025-09-10,13996,Direct,Mobile,AU,65.7,0.0,0.0,65.7,Shop Pay
207209,2025-11-26,1697,Email,Mobile,AU,122.42,0.0,12.99,109.43,Credit Card
207210,2025-09-19,5625,Email,Mobile,AU,90.45,0.0,10.84,79.61,Credit Card
207211,2025-10-14,9382,Paid Search,Desktop,CA,190.25,0.0,11.53,178.72,Shop Pay
207212,2025-12-06,11704,Paid Social,Mobile,AU,9.0,5.22,0.43,13.79,Credit Card
207213,2025-10-06,594,Paid Social,Desktop,AU,275.27,0.0,0.0,275.27,Credit Card
207214,2025-11-26,10581,Direct,Desktop,AU,159.46,0.0,0.0,159.46,Apple Pay
207215,2025-08-16,248,Organic Search,Mobile,US,194.49,0.0,0.0,194.49,Apple Pay
207216,2025-11-09,7472,Organic Search,Desktop,CA,10.32,5.92,0.0,16.24,Shop Pay
207217,2025-11-20,13967,Paid Search,Mobile,AU,169.25,0.0,0.0,169.25,Shop Pay
207218,2025-09-10,7642,Paid Search,Mobile,CA,108.44,0.0,9.88,98.57,Apple Pay
207219,2025-12-16,17616,Organic Search,Desktop,UK,159.15,0.0,11.46,147.69,Apple Pay
207220,2026-01-13,2979,Paid Search,Desktop,CA,54.35,6.59,0.0,60.95,Apple Pay
207221,2025-09-19,6051,Direct,Mobile,US,42.39,0.0,4.82,37.57,PayPal
207222,2025-10-13,10769,Paid Search,Desktop,AU,120.37,0.0,0.0,120.37,Credit Card
207223,2025-10-18,1077,Paid Social,Mobile,AU,38.59,6.62,1.59,43.63,Apple Pay
207224,2025-11-27,16621,Email,Mobile,AU,177.22,0.0,0.0,177.22,Shop Pay
207225,2025-08-28,4077,Direct,Desktop,US,17.85,7.44,0.0,25.29,PayPal
207226,2025-12-18,11526,Direct,Desktop,DE,61.95,0.0,6.35,55.61,PayPal
207227,2025-08-30,14066,Direct,Desktop,UK,53.57,0.0,0.0,53.57,Credit Card
207228,2026-01-07,10773,Direct,Mobile,CA,174.48,0.0,6.72,167.76,Shop Pay
207229,2025-11-20,1048,Paid Social,Desktop,AU,144.42,0.0,0.0,144.42,Shop Pay
207230,2025-09-15,14848,Direct,Desktop,CA,202.62,0.0,15.73,186.89,Apple Pay
207231,2025-11-25,5282,Organic Search,Desktop,AU,154.39,0.0,0.0,154.39,Credit Card
207232,2025-09-18,15457,Paid Social,Mobile,CA,93.28,0.0,0.0,93.28,Apple Pay
207233,2025-12-16,15028,Paid Search,Mobile,DE,40.99,5.83,2.12,44.7,Credit Card
207234,2025-08-28,3691,Paid Search,Mobile,AU,257.77,0.0,0.0,257.77,Shop Pay
207235,2025-09-16,11339,Email,Mobile,CA,88.48,0.0,0.0,88.48,Apple Pay
207236,2025-10-31,1580,Direct,Mobile,AU,44.56,0.0,0.0,44.56,Apple Pay
207237,2025-10-17,11808,Paid Social,Mobile,CA,27.97,7.57,0.0,35.54,PayPal
207238,2025-09-17,821,Paid Search,Desktop,DE,18.29,5.83,0.68,23.44,Credit Card
207239,2025-09-26,2891,Paid Search,Desktop,AU,128.23,0.0,14.31,113.92,Apple Pay
207240,2025-10-03,14412,Direct,Mobile,CA,201.52,0.0,12.44,189.08,Apple Pay
207241,2026-02-10,569,Email,Desktop,UK,48.74,5.94,0.0,54.68,Shop Pay
207242,2025-12-29,15501,Organic Search,Mobile,US,21.0,5.83,0.0,26.83,Shop Pay
207243,2025-12-09,6079,Paid Social,Mobile,AU,293.39,0.0,0.0,293.39,Apple Pay
207244,2025-08-26,12094,Email,Desktop,AU,127.32,0.0,9.54,117.78,PayPal
207245,2025-08-20,8537,Paid Social,Desktop,DE,27.99,7.27,0.0,35.26,Credit Card
207246,2025-11-12,3542,Paid Social,Mobile,CA,221.94,0.0,20.19,201.75,Credit Card
207247,2026-02-07,8305,Paid Social,Mobile,CA,93.97,0.0,0.0,93.97,Shop Pay
207248,2025-11-18,17714,Direct,Mobile,UK,75.38,0.0,0.0,75.38,PayPal
207249,2025-08-17,15471,Paid Social,Mobile,UK,116.48,0.0,7.1,109.38,PayPal
207250,2026-01-08,14055,Paid Search,Mobile,UK,103.15,0.0,0.0,103.15,Apple Pay
207251,2025-11-20,7671,Email,Desktop,CA,267.76,0.0,22.82,244.94,PayPal
207252,2026-01-27,133,Paid Social,Desktop,UK,60.33,0.0,0.0,60.33,Apple Pay
207253,2025-11-04,3570,Organic Search,Mobile,AU,194.75,0.0,0.0,194.75,PayPal
207254,2026-01-15,4103,Paid Social,Mobile,AU,85.54,0.0,3.19,82.35,Apple Pay
207255,2026-01-16,14534,Paid Social,Desktop,AU,61.98,0.0,0.0,61.98,Shop Pay
207256,2025-11-10,15972,Email,Mobile,UK,158.96,0.0,18.74,140.22,PayPal
207257,2025-08-22,17967,Paid Search,Mobile,CA,257.42,0.0,0.0,257.42,Shop Pay
207258,2026-02-09,16825,Organic Search,Mobile,US,106.48,0.0,0.0,106.48,Shop Pay
207259,2025-11-25,4294,Direct,Desktop,US,60.9,0.0,0.0,60.9,Shop Pay
207260,2025-12-17,472,Paid Search,Desktop,DE,219.17,0.0,0.0,219.17,PayPal
207261,2025-09-28,1143,Paid Search,Desktop,AU,247.18,0.0,10.82,236.36,Shop Pay
207262,2025-12-06,2509,Organic Search,Desktop,DE,109.94,0.0,0.0,109.94,Shop Pay
207263,2025-11-21,8083,Organic Search,Desktop,UK,86.87,0.0,0.0,86.87,Apple Pay
207264,2026-01-19,15918,Email,Desktop,US,113.57,0.0,8.1,105.47,Shop Pay
207265,2025-12-04,13049,Email,Desktop,AU,66.01,0.0,4.68,61.33,Apple Pay
207266,2025-12-06,1597,Email,Desktop,DE,128.1,0.0,9.89,118.21,Credit Card
207267,2025-12-08,2913,Paid Search,Desktop,DE,95.25,0.0,0.0,95.25,Apple Pay
207268,2025-11-25,11770,Email,Mobile,CA,209.24,0.0,0.0,209.24,Shop Pay
207269,2025-12-28,2538,Paid Search,Desktop,CA,156.39,0.0,0.0,156.39,Shop Pay
207270,2025-12-04,4689,Organic Search,Mobile,US,180.74,0.0,18.53,162.22,Shop Pay
207271,2025-10-24,10004,Email,Desktop,UK,113.61,0.0,0.0,113.61,Apple Pay
207272,2025-11-21,4930,Email,Desktop,UK,156.46,0.0,11.68,144.78,Apple Pay
207273,2026-01-18,6154,Organic Search,Mobile,CA,55.62,5.65,0.0,61.26,Apple Pay
207274,2025-10-12,5892,Organic Search,Mobile,AU,202.97,0.0,0.0,202.97,Credit Card
207275,2025-10-21,4155,Organic Search,Mobile,DE,66.0,0.0,0.0,66.0,PayPal
207276,2025-11-27,2522,Paid Social,Desktop,AU,44.01,6.66,0.0,50.67,PayPal
207277,2025-11-14,975,Email,Mobile,US,59.8,6.08,0.0,65.88,Shop Pay
207278,2026-02-02,12078,Organic Search,Mobile,DE,177.22,0.0,13.6,163.62,Credit Card
207279,2025-12-03,10889,Paid Social,Desktop,UK,188.09,0.0,0.0,188.09,Credit Card
207280,2025-10-15,11785,Paid Social,Mobile,US,19.32,6.38,1.12,24.57,PayPal
207281,2025-11-14,6807,Paid Search,Mobile,UK,20.23,7.3,0.0,27.53,Shop Pay
207282,2026-01-02,1752,Organic Search,Desktop,US,132.95,0.0,15.16,117.79,Shop Pay
207283,2026-02-03,15988,Email,Mobile,CA,142.64,0.0,5.56,137.08,Credit Card
207284,2025-12-24,2654,Email,Desktop,DE,94.0,0.0,0.0,94.0,Apple Pay
207285,2026-01-03,14122,Organic Search,Desktop,UK,359.42,0.0,40.65,318.78,PayPal
207286,2025-08-28,5859,Paid Search,Desktop,CA,141.02,0.0,0.0,141.02,Apple Pay
207287,2025-12-17,9715,Direct,Desktop,DE,110.06,0.0,0.0,110.06,Shop Pay
207288,2026-01-08,15630,Paid Social,Mobile,UK,301.88,0.0,0.0,301.88,Shop Pay
207289,2026-01-01,12213,Paid Search,Mobile,DE,299.61,0.0,0.0,299.61,Credit Card
207290,2025-12-27,8120,Paid Social,Mobile,UK,82.26,0.0,0.0,82.26,Apple Pay
207291,2025-08-22,12750,Email,Desktop,US,55.92,0.0,2.62,53.3,Shop Pay
207292,2026-01-06,6449,Email,Desktop,CA,88.13,0.0,0.0,88.13,PayPal
207293,2025-08-20,6394,Email,Desktop,CA,76.5,0.0,7.33,69.17,Apple Pay
207294,2025-11-17,14414,Paid Social,Desktop,CA,101.5,0.0,4.04,97.46,Apple Pay
207295,2025-11-21,4126,Direct,Mobile,CA,63.86,0.0,2.51,61.35,Apple Pay
207296,2026-01-16,9680,Paid Social,Desktop,US,95.81,0.0,0.0,95.81,Credit Card
207297,2025-12-23,9564,Direct,Mobile,DE,265.39,0.0,29.07,236.32,Credit Card
207298,2025-10-29,15155,Paid Search,Mobile,CA,259.88,0.0,0.0,259.88,PayPal
207299,2025-09-13,10042,Organic Search,Mobile,UK,227.07,0.0,0.0,227.07,Shop Pay
207300,2025-12-04,36,Paid Search,Mobile,CA,212.45,0.0,0.0,212.45,Apple Pay
207301,2025-09-23,918,Organic Search,Desktop,US,115.66,0.0,0.0,115.66,Credit Card
207302,2026-01-11,11088,Email,Mobile,DE,107.5,0.0,0.0,107.5,Credit Card
207303,2025-10-30,15433,Direct,Desktop,AU,48.97,7.13,0.0,56.11,Credit Card
207304,2025-09-09,7679,Paid Search,Desktop,CA,130.32,0.0,14.77,115.55,Credit Card
207305,2025-11-23,6280,Organic Search,Mobile,DE,237.64,0.0,27.15,210.49,PayPal
207306,2025-08-22,13950,Email,Mobile,DE,49.15,7.62,0.0,56.77,PayPal
207307,2025-12-26,15633,Direct,Desktop,CA,147.38,0.0,0.0,147.38,Credit Card
207308,2025-10-04,10195,Organic Search,Mobile,UK,224.46,0.0,17.79,206.67,Shop Pay
207309,2025-09-12,2241,Paid Social,Desktop,US,112.55,0.0,11.08,101.47,PayPal
207310,2025-09-21,14974,Organic Search,Mobile,AU,176.14,0.0,0.0,176.14,Credit Card
207311,2026-01-15,5666,Direct,Desktop,CA,171.3,0.0,0.0,171.3,Shop Pay
207312,2025-09-23,5958,Paid Search,Desktop,DE,284.08,0.0,0.0,284.08,Credit Card
207313,2025-11-21,4067,Direct,Desktop,AU,39.21,5.06,0.0,44.27,Credit Card
207314,2025-08-27,13246,Direct,Mobile,UK,172.69,0.0,8.16,164.53,Apple Pay
207315,2026-01-04,3872,Paid Social,Mobile,DE,243.39,0.0,0.0,243.39,Apple Pay
207316,2025-11-24,17001,Paid Search,Desktop,UK,171.35,0.0,9.87,161.49,Apple Pay
207317,2025-11-12,87,Direct,Desktop,AU,185.59,0.0,0.0,185.59,Shop Pay
207318,2025-10-03,11959,Paid Search,Mobile,UK,19.87,6.48,1.83,24.52,Credit Card
207319,2026-01-02,9394,Paid Social,Mobile,AU,57.39,0.0,2.32,55.06,Shop Pay
207320,2025-09-17,6308,Paid Search,Mobile,CA,41.61,6.37,0.0,47.98,Shop Pay
207321,2025-09-28,8985,Direct,Mobile,CA,206.71,0.0,0.0,206.71,Credit Card
207322,2025-09-13,10769,Email,Desktop,US,82.94,0.0,0.0,82.94,Credit Card
207323,2025-12-20,59,Paid Social,Mobile,US,171.07,0.0,0.0,171.07,Shop Pay
207324,2025-12-07,9137,Organic Search,Mobile,DE,188.62,0.0,0.0,188.62,Credit Card
207325,2025-11-22,17196,Paid Social,Desktop,UK,152.07,0.0,0.0,152.07,Apple Pay
207326,2025-09-16,6867,Email,Mobile,CA,151.52,0.0,0.0,151.52,PayPal
207327,2025-12-04,7495,Organic Search,Mobile,CA,13.39,5.94,0.0,19.33,Shop Pay
207328,2025-10-25,7639,Organic Search,Desktop,DE,79.13,0.0,0.0,79.13,Apple Pay
207329,2025-12-05,7531,Direct,Mobile,DE,18.41,5.66,0.7,23.37,Credit Card
207330,2025-10-30,6185,Paid Search,Desktop,DE,145.56,0.0,0.0,145.56,Apple Pay
207331,2025-10-23,7214,Paid Social,Desktop,DE,105.49,0.0,0.0,105.49,Apple Pay
207332,2025-11-26,9925,Paid Search,Desktop,DE,73.21,0.0,8.75,64.47,Shop Pay
207333,2025-08-16,6493,Organic Search,Mobile,CA,58.25,0.0,0.0,58.25,Shop Pay
207334,2026-01-06,12562,Email,Mobile,CA,222.37,0.0,10.61,211.76,Credit Card
207335,2025-11-05,16657,Organic Search,Mobile,CA,89.89,0.0,7.2,82.69,Apple Pay
207336,2025-10-28,10334,Organic Search,Mobile,UK,149.96,0.0,15.23,134.74,Apple Pay
207337,2025-10-08,224,Paid Search,Mobile,AU,122.47,0.0,0.0,122.47,Apple Pay
207338,2026-01-08,7197,Paid Search,Mobile,AU,284.27,0.0,8.81,275.46,Apple Pay
207339,2025-12-25,14333,Paid Search,Mobile,UK,23.59,7.68,2.49,28.79,Shop Pay
207340,2026-01-09,2074,Paid Search,Mobile,CA,79.13,0.0,4.69,74.45,Apple Pay
207341,2025-12-17,878,Email,Desktop,UK,91.95,0.0,9.17,82.78,Credit Card
207342,2025-10-05,8740,Email,Desktop,US,209.07,0.0,0.0,209.07,Shop Pay
207343,2025-11-21,11203,Email,Desktop,AU,107.84,0.0,0.0,107.84,Shop Pay
207344,2025-09-29,17374,Paid Social,Desktop,US,23.79,6.29,0.0,30.08,Shop Pay
207345,2025-11-24,15268,Email,Desktop,AU,111.71,0.0,11.6,100.11,Shop Pay
207346,2026-01-10,13056,Direct,Mobile,UK,60.32,0.0,0.0,60.32,Credit Card
207347,2025-10-23,7510,Paid Social,Desktop,AU,33.91,7.07,0.0,40.98,Apple Pay
207348,2025-11-25,17760,Email,Desktop,CA,89.38,0.0,0.0,89.38,Shop Pay
207349,2026-02-09,1019,Paid Social,Mobile,DE,126.44,0.0,0.0,126.44,Credit Card
207350,2026-01-11,8923,Direct,Desktop,UK,156.26,0.0,0.0,156.26,Shop Pay
207351,2026-02-03,15722,Direct,Desktop,DE,98.62,0.0,0.0,98.62,Credit Card
207352,2026-02-09,14454,Organic Search,Mobile,UK,36.18,5.42,0.0,41.6,Credit Card
207353,2025-12-05,17040,Paid Search,Mobile,US,27.07,7.42,0.0,34.48,PayPal
207354,2025-12-09,5621,Paid Search,Desktop,DE,134.95,0.0,0.0,134.95,Shop Pay
207355,2025-10-23,285,Paid Social,Desktop,AU,180.28,0.0,18.81,161.47,Apple Pay
207356,2025-09-26,7835,Direct,Desktop,DE,193.1,0.0,0.0,193.1,PayPal
207357,2025-09-11,1809,Paid Social,Desktop,CA,30.7,7.94,0.0,38.64,Apple Pay
207358,2025-10-16,5468,Organic Search,Desktop,CA,113.38,0.0,0.0,113.38,Credit Card
207359,2026-02-07,13171,Paid Social,Desktop,UK,19.34,6.46,1.0,24.81,Shop Pay
207360,2025-11-04,7379,Paid Social,Desktop,CA,64.33,0.0,0.0,64.33,Credit Card
207361,2025-10-24,16459,Direct,Mobile,DE,40.31,0.0,0.0,40.31,Apple Pay
207362,2025-09-15,6850,Direct,Desktop,DE,65.53,0.0,2.32,63.22,PayPal
207363,2026-01-21,15693,Paid Search,Desktop,UK,159.93,0.0,0.0,159.93,Credit Card
207364,2026-01-10,16217,Email,Mobile,DE,168.44,0.0,0.0,168.44,Credit Card
207365,2025-11-11,6045,Paid Social,Mobile,CA,139.89,0.0,0.0,139.89,Credit Card
207366,2025-09-06,3022,Paid Social,Mobile,US,116.03,0.0,4.8,111.23,Credit Card
207367,2025-12-24,7100,Organic Search,Desktop,CA,149.02,0.0,0.0,149.02,Apple Pay
207368,2025-10-24,12901,Paid Social,Mobile,CA,136.71,0.0,0.0,136.71,Credit Card
207369,2025-12-14,12649,Paid Search,Mobile,DE,115.89,0.0,0.0,115.89,Apple Pay
207370,2025-11-06,13454,Paid Social,Mobile,US,48.16,5.81,4.32,49.66,PayPal
207371,2026-02-05,5228,Organic Search,Mobile,CA,48.67,0.0,4.49,44.18,Credit Card
207372,2025-08-30,16189,Organic Search,Mobile,US,106.03,0.0,9.88,96.14,Shop Pay
207373,2025-11-11,6310,Organic Search,Mobile,UK,77.79,0.0,0.0,77.79,Apple Pay
207374,2025-09-20,5555,Paid Social,Mobile,US,192.35,0.0,22.46,169.89,Apple Pay
207375,2025-08-22,3707,Paid Search,Desktop,US,36.71,7.89,0.0,44.6,Shop Pay
207376,2025-12-10,3114,Direct,Mobile,UK,158.49,0.0,13.14,145.35,PayPal
207377,2026-01-14,12981,Paid Search,Mobile,AU,230.54,0.0,0.0,230.54,Shop Pay
207378,2025-10-22,839,Direct,Desktop,AU,100.89,0.0,6.65,94.25,Credit Card
207379,2026-01-06,13421,Direct,Desktop,AU,69.28,0.0,0.0,69.28,PayPal
207380,2025-12-16,8586,Paid Social,Mobile,AU,143.44,0.0,9.59,133.85,PayPal
207381,2026-01-19,17210,Paid Search,Mobile,DE,104.02,0.0,0.0,104.02,Shop Pay
207382,2025-11-05,15478,Direct,Desktop,CA,85.65,0.0,2.76,82.89,Credit Card
207383,2025-12-23,97,Paid Search,Desktop,DE,52.38,0.0,0.0,52.38,Credit Card
207384,2026-01-30,10562,Direct,Mobile,UK,64.32,0.0,3.84,60.48,Shop Pay
207385,2025-11-02,14781,Organic Search,Mobile,AU,140.37,0.0,5.02,135.35,PayPal
207386,2025-08-22,12865,Paid Search,Mobile,AU,35.74,5.91,0.0,41.66,PayPal
207387,2025-09-29,1743,Email,Mobile,AU,218.45,0.0,23.31,195.14,Apple Pay
207388,2025-12-28,11035,Email,Mobile,DE,55.82,6.17,0.0,61.99,Credit Card
207389,2025-09-24,11335,Organic Search,Mobile,UK,234.41,0.0,0.0,234.41,Apple Pay
207390,2026-02-01,16474,Direct,Mobile,UK,56.92,0.0,3.86,53.06,Shop Pay
207391,2025-10-23,16427,Paid Social,Desktop,UK,86.95,0.0,5.51,81.44,PayPal
207392,2026-01-30,1542,Email,Desktop,UK,97.02,0.0,6.15,90.88,PayPal
207393,2025-08-16,15618,Direct,Mobile,UK,198.98,0.0,0.0,198.98,Credit Card
207394,2025-10-07,527,Organic Search,Mobile,UK,67.46,0.0,0.0,67.46,Apple Pay
207395,2025-12-11,4592,Paid Social,Mobile,DE,202.82,0.0,15.88,186.94,Shop Pay
207396,2025-12-13,11950,Paid Social,Mobile,UK,109.18,0.0,0.0,109.18,Credit Card
207397,2025-11-26,13584,Paid Search,Desktop,DE,148.23,0.0,0.0,148.23,Apple Pay
207398,2025-11-08,226,Email,Desktop,UK,124.07,0.0,0.0,124.07,Shop Pay
207399,2025-12-30,2973,Paid Social,Desktop,US,77.78,0.0,0.0,77.78,Shop Pay
207400,2025-10-17,12828,Paid Social,Desktop,UK,275.02,0.0,0.0,275.02,PayPal
207401,2026-01-23,6755,Paid Search,Desktop,UK,105.05,0.0,0.0,105.05,Shop Pay
207402,2025-12-04,9258,Paid Social,Desktop,CA,176.59,0.0,0.0,176.59,Credit Card
207403,2025-10-16,13993,Paid Social,Mobile,DE,393.63,0.0,0.0,393.63,Shop Pay
207404,2025-12-08,12159,Direct,Mobile,US,105.41,0.0,6.62,98.8,PayPal
207405,2025-11-22,7750,Paid Social,Mobile,UK,24.48,7.7,2.32,29.85,PayPal
207406,2025-12-21,7110,Paid Social,Mobile,CA,70.75,0.0,0.0,70.75,Credit Card
207407,2025-10-25,6007,Organic Search,Mobile,UK,72.34,0.0,0.0,72.34,Credit Card
207408,2026-01-28,15779,Email,Desktop,AU,161.53,0.0,0.0,161.53,PayPal
207409,2026-02-01,12205,Direct,Mobile,UK,129.07,0.0,0.0,129.07,Shop Pay
207410,2025-12-06,7448,Organic Search,Mobile,CA,201.31,0.0,0.0,201.31,Shop Pay
207411,2025-12-02,17704,Direct,Mobile,DE,132.94,0.0,8.79,124.16,PayPal
207412,2025-12-20,16657,Direct,Desktop,US,85.4,0.0,0.0,85.4,Shop Pay
207413,2025-11-09,4258,Organic Search,Mobile,US,151.09,0.0,13.04,138.04,Credit Card
207414,2026-02-06,15942,Direct,Desktop,CA,133.67,0.0,0.0,133.67,Shop Pay
207415,2025-12-17,3465,Paid Social,Mobile,CA,95.79,0.0,11.34,84.45,PayPal
207416,2026-01-19,6726,Paid Social,Mobile,AU,86.66,0.0,0.0,86.66,Credit Card
207417,2025-09-25,16344,Paid Search,Desktop,DE,158.68,0.0,0.0,158.68,Credit Card
207418,2026-01-18,3290,Paid Social,Mobile,AU,70.98,0.0,0.0,70.98,PayPal
207419,2025-12-16,15623,Organic Search,Desktop,DE,171.88,0.0,0.0,171.88,PayPal
207420,2025-12-09,11557,Paid Social,Mobile,CA,61.91,0.0,3.43,58.48,Credit Card
207421,2026-01-14,16818,Direct,Mobile,AU,257.9,0.0,0.0,257.9,PayPal
207422,2025-09-30,14490,Paid Social,Mobile,CA,68.87,0.0,0.0,68.87,Apple Pay
207423,2025-12-02,6894,Paid Search,Mobile,DE,159.57,0.0,0.0,159.57,Apple Pay
207424,2025-10-03,14956,Paid Search,Mobile,US,36.45,6.4,0.0,42.85,PayPal
207425,2026-02-03,4564,Email,Mobile,DE,9.93,5.68,0.0,15.61,Shop Pay
207426,2025-09-22,13224,Organic Search,Desktop,DE,271.0,0.0,0.0,271.0,Shop Pay
207427,2025-08-16,11233,Paid Social,Desktop,AU,112.24,0.0,8.52,103.72,Shop Pay
207428,2025-09-10,1243,Direct,Desktop,US,93.36,0.0,0.0,93.36,Credit Card
207429,2025-10-31,17740,Paid Search,Mobile,AU,150.63,0.0,13.09,137.54,Apple Pay
207430,2025-11-01,15082,Email,Mobile,CA,111.69,0.0,0.0,111.69,PayPal
207431,2026-01-22,9059,Organic Search,Mobile,AU,85.85,0.0,0.0,85.85,PayPal
207432,2025-12-28,6633,Organic Search,Mobile,US,257.57,0.0,0.0,257.57,Shop Pay
207433,2025-12-07,4562,Email,Desktop,DE,184.28,0.0,0.0,184.28,Apple Pay
207434,2025-08-20,2737,Direct,Desktop,AU,121.84,0.0,0.0,121.84,Apple Pay
207435,2026-01-04,5979,Paid Social,Mobile,US,186.03,0.0,0.0,186.03,Credit Card
207436,2026-02-10,17031,Direct,Desktop,DE,40.24,6.13,0.0,46.38,Apple Pay
207437,2025-11-21,14024,Paid Search,Desktop,CA,113.02,0.0,0.0,113.02,Shop Pay
207438,2025-09-27,1426,Paid Search,Desktop,AU,65.38,0.0,5.54,59.84,PayPal
207439,2025-09-07,3245,Direct,Mobile,UK,142.38,0.0,0.0,142.38,Credit Card
207440,2025-10-06,8224,Organic Search,Desktop,AU,93.7,0.0,9.74,83.96,Shop Pay
207441,2025-10-19,1938,Email,Mobile,UK,45.5,5.41,3.44,47.48,Apple Pay
207442,2025-10-22,15902,Paid Social,Desktop,US,104.65,0.0,9.98,94.67,Shop Pay
207443,2025-09-20,16434,Paid Search,Desktop,DE,191.97,0.0,0.0,191.97,Apple Pay
207444,2025-12-17,7872,Email,Desktop,DE,162.88,0.0,0.0,162.88,PayPal
207445,2025-10-03,12366,Paid Social,Mobile,UK,242.75,0.0,0.0,242.75,Apple Pay
207446,2026-01-25,4886,Organic Search,Mobile,AU,110.58,0.0,0.0,110.58,PayPal
207447,2025-11-25,10334,Organic Search,Mobile,AU,54.14,0.0,0.0,54.14,Shop Pay
207448,2025-08-18,12872,Paid Search,Desktop,UK,49.4,7.75,3.2,53.95,PayPal
207449,2025-12-06,4445,Paid Social,Desktop,UK,63.8,0.0,2.25,61.55,Shop Pay
207450,2025-10-27,13113,Paid Search,Mobile,DE,58.25,0.0,0.0,58.25,Credit Card
207451,2026-01-23,8340,Paid Search,Mobile,US,43.54,6.45,0.0,49.99,Shop Pay
207452,2025-09-17,14503,Paid Search,Mobile,AU,60.78,0.0,0.0,60.78,Credit Card
207453,2025-10-21,8960,Organic Search,Desktop,AU,93.26,0.0,6.9,86.35,PayPal
207454,2026-01-30,8425,Email,Desktop,CA,275.79,0.0,11.11,264.68,Shop Pay
207455,2025-10-28,14553,Direct,Mobile,DE,118.63,0.0,10.95,107.68,Apple Pay
207456,2025-12-09,11412,Organic Search,Desktop,DE,267.5,0.0,20.16,247.34,Apple Pay
207457,2026-02-09,5752,Paid Search,Desktop,US,154.04,0.0,0.0,154.04,Apple Pay
207458,2025-12-24,1475,Paid Search,Desktop,US,8.82,7.31,0.63,15.51,Apple Pay
207459,2025-10-15,4237,Paid Social,Mobile,US,268.58,0.0,14.7,253.89,Credit Card
207460,2025-11-12,14778,Organic Search,Desktop,DE,207.15,0.0,0.0,207.15,Credit Card
207461,2026-02-09,5576,Paid Social,Desktop,AU,53.58,0.0,0.0,53.58,PayPal
207462,2026-01-21,4237,Direct,Mobile,AU,45.35,5.94,0.0,51.29,Credit Card
207463,2026-01-11,9343,Paid Search,Mobile,UK,60.59,0.0,0.0,60.59,Credit Card
207464,2025-08-19,12185,Email,Mobile,AU,57.25,0.0,5.13,52.11,PayPal
207465,2025-12-01,7142,Paid Search,Desktop,AU,86.44,0.0,2.79,83.65,Apple Pay
207466,2025-11-22,17093,Paid Search,Mobile,UK,186.93,0.0,0.0,186.93,Shop Pay
207467,2025-10-27,933,Organic Search,Mobile,US,45.2,0.0,0.0,45.2,Apple Pay
207468,2026-01-24,17708,Direct,Desktop,AU,202.77,0.0,0.0,202.77,PayPal
207469,2025-10-11,14805,Email,Desktop,UK,61.28,0.0,5.17,56.11,Credit Card
207470,2025-10-16,16152,Organic Search,Mobile,AU,39.25,6.45,3.7,42.0,Credit Card
207471,2025-12-06,13276,Paid Social,Desktop,DE,184.58,0.0,0.0,184.58,Credit Card
207472,2025-10-20,8308,Direct,Mobile,CA,17.68,7.85,0.88,24.65,Credit Card
207473,2025-08-24,12070,Paid Search,Mobile,CA,113.66,0.0,10.37,103.29,Shop Pay
207474,2025-09-18,2015,Paid Search,Desktop,CA,171.36,0.0,0.0,171.36,Shop Pay
207475,2025-11-22,10996,Paid Social,Desktop,DE,230.98,0.0,18.13,212.85,Apple Pay
207476,2026-02-07,15911,Direct,Mobile,AU,59.5,0.0,0.0,59.5,Credit Card
207477,2025-08-15,14435,Direct,Desktop,DE,37.03,5.63,2.43,40.23,Apple Pay
207478,2026-01-13,3696,Direct,Mobile,UK,228.28,0.0,17.17,211.12,Apple Pay
207479,2025-12-06,7477,Direct,Desktop,US,96.68,0.0,0.0,96.68,Credit Card
207480,2026-01-21,15393,Paid Social,Mobile,US,201.86,0.0,0.0,201.86,Shop Pay
207481,2025-12-09,11608,Paid Search,Desktop,UK,160.55,0.0,7.51,153.04,Shop Pay
207482,2025-12-13,13466,Direct,Desktop,AU,18.26,6.31,1.99,22.57,Credit Card
207483,2025-12-22,16593,Direct,Mobile,US,55.24,0.0,4.48,50.75,PayPal
207484,2025-10-21,7056,Paid Search,Desktop,AU,168.11,0.0,6.17,161.94,Apple Pay
207485,2025-11-23,10456,Paid Search,Desktop,AU,114.98,0.0,0.0,114.98,Apple Pay
207486,2025-09-14,1648,Email,Desktop,DE,42.1,0.0,0.0,42.1,Apple Pay
207487,2025-12-10,8555,Paid Search,Mobile,AU,64.6,0.0,2.85,61.76,Apple Pay
207488,2025-10-31,11569,Paid Social,Mobile,UK,52.45,7.39,2.86,56.99,PayPal
207489,2025-11-14,17092,Paid Search,Desktop,UK,63.66,0.0,0.0,63.66,Apple Pay
207490,2026-02-01,6846,Paid Social,Desktop,UK,109.12,0.0,6.81,102.31,Apple Pay
207491,2026-02-09,3326,Paid Search,Desktop,CA,43.6,5.79,3.22,46.17,Shop Pay
207492,2025-10-16,10978,Direct,Desktop,UK,218.67,0.0,0.0,218.67,Apple Pay
207493,2025-08-26,522,Email,Mobile,AU,88.41,0.0,0.0,88.41,PayPal
207494,2025-10-10,15910,Email,Mobile,CA,80.1,0.0,0.0,80.1,PayPal
207495,2025-11-09,8243,Paid Social,Desktop,AU,23.3,7.2,0.0,30.5,Shop Pay
207496,2025-10-10,5932,Email,Desktop,US,51.86,0.0,0.0,51.86,Credit Card
207497,2025-11-11,1415,Email,Mobile,CA,115.34,0.0,5.26,110.09,PayPal
207498,2025-11-04,180,Email,Desktop,AU,19.91,6.58,0.0,26.49,Credit Card
207499,2025-11-28,9261,Organic Search,Mobile,DE,43.48,7.84,3.78,47.54,Shop Pay
207500,2025-12-10,589,Email,Desktop,AU,101.57,0.0,0.0,101.57,Credit Card
207501,2025-11-28,2358,Paid Social,Mobile,DE,139.82,0.0,5.56,134.26,PayPal
207502,2025-10-04,15959,Email,Mobile,DE,160.74,0.0,0.0,160.74,Apple Pay
207503,2025-09-20,16957,Email,Desktop,US,204.75,0.0,0.0,204.75,PayPal
207504,2025-10-29,3052,Email,Mobile,UK,137.38,0.0,8.09,129.29,Credit Card
207505,2025-10-24,12119,Email,Desktop,AU,198.38,0.0,9.93,188.45,PayPal
207506,2026-01-14,1834,Paid Search,Desktop,US,210.7,0.0,0.0,210.7,PayPal
207507,2025-09-10,2282,Organic Search,Desktop,UK,40.43,0.0,0.0,40.43,Credit Card
207508,2026-02-05,670,Paid Social,Mobile,CA,193.64,0.0,0.0,193.64,Shop Pay
207509,2026-02-10,16838,Email,Mobile,DE,144.29,0.0,15.84,128.45,PayPal
207510,2025-10-26,6015,Paid Social,Mobile,US,381.56,0.0,24.25,357.31,PayPal
207511,2026-02-10,10750,Paid Social,Mobile,AU,76.31,0.0,0.0,76.31,Apple Pay
207512,2025-10-09,16604,Organic Search,Desktop,DE,44.6,6.93,0.0,51.54,PayPal
207513,2025-10-09,1790,Paid Search,Desktop,DE,117.08,0.0,5.83,111.25,PayPal
207514,2025-12-10,15161,Organic Search,Mobile,CA,154.23,0.0,14.96,139.27,PayPal
207515,2026-02-01,7881,Paid Social,Mobile,UK,128.76,0.0,0.0,128.76,Apple Pay
207516,2026-01-20,6217,Paid Search,Mobile,CA,13.66,5.25,0.0,18.9,Shop Pay
207517,2025-11-11,16893,Email,Desktop,US,142.09,0.0,0.0,142.09,Apple Pay
207518,2025-09-13,10956,Organic Search,Mobile,US,277.34,0.0,20.1,257.24,Credit Card
207519,2025-09-04,11051,Email,Desktop,US,42.21,7.11,2.0,47.32,PayPal
207520,2025-10-13,13344,Organic Search,Desktop,UK,73.61,0.0,7.6,66.01,Credit Card
207521,2026-01-30,1102,Email,Desktop,CA,424.14,0.0,40.19,383.95,PayPal
207522,2026-01-27,13788,Email,Desktop,US,75.9,0.0,3.98,71.92,Apple Pay
207523,2025-11-03,6850,Paid Search,Mobile,UK,106.13,0.0,0.0,106.13,Credit Card
207524,2025-11-27,9000,Email,Mobile,CA,175.67,0.0,0.0,175.67,Credit Card
207525,2026-02-07,11320,Email,Mobile,AU,90.25,0.0,4.46,85.8,Shop Pay
207526,2025-12-12,11643,Organic Search,Desktop,US,204.5,0.0,0.0,204.5,Apple Pay
207527,2026-02-08,3636,Direct,Desktop,CA,26.72,5.68,0.0,32.4,Credit Card
207528,2025-11-09,1074,Organic Search,Desktop,AU,46.8,0.0,0.0,46.8,Credit Card
207529,2025-08-23,16749,Email,Desktop,UK,309.27,0.0,0.0,309.27,Apple Pay
207530,2025-09-21,997,Direct,Desktop,US,37.58,5.81,3.45,39.94,PayPal
207531,2025-11-04,7753,Paid Social,Mobile,CA,111.8,0.0,0.0,111.8,PayPal
207532,2025-10-11,12973,Paid Search,Desktop,AU,167.59,0.0,0.0,167.59,Apple Pay
207533,2025-09-01,6224,Paid Social,Desktop,AU,178.11,0.0,10.52,167.59,Shop Pay
207534,2025-10-06,17168,Direct,Desktop,UK,60.84,0.0,2.12,58.72,PayPal
207535,2025-10-25,11069,Direct,Mobile,US,116.61,0.0,7.19,109.42,Shop Pay
207536,2025-10-23,6912,Paid Search,Mobile,AU,51.39,7.93,3.23,56.08,Credit Card
207537,2025-09-08,5908,Direct,Mobile,US,139.4,0.0,0.0,139.4,Apple Pay
207538,2025-12-30,3282,Paid Search,Mobile,AU,142.14,0.0,13.43,128.71,Credit Card
207539,2025-08-16,4403,Direct,Desktop,US,12.69,7.15,1.31,18.53,Shop Pay
207540,2026-02-10,12564,Paid Search,Desktop,DE,120.65,0.0,0.0,120.65,Apple Pay
207541,2026-01-19,17833,Paid Social,Desktop,AU,60.74,0.0,5.48,55.27,Shop Pay
207542,2025-12-09,7747,Paid Social,Mobile,UK,116.3,0.0,0.0,116.3,Shop Pay
207543,2025-10-21,2580,Direct,Desktop,AU,141.42,0.0,4.92,136.5,Credit Card
207544,2025-09-03,4335,Paid Social,Desktop,UK,76.58,0.0,0.0,76.58,Shop Pay
207545,2026-01-01,911,Email,Desktop,UK,216.03,0.0,0.0,216.03,PayPal
207546,2025-10-13,13455,Organic Search,Desktop,DE,60.04,0.0,0.0,60.04,Apple Pay
207547,2025-08-30,15206,Paid Social,Mobile,UK,66.39,0.0,0.0,66.39,Credit Card
207548,2025-11-28,8573,Paid Social,Mobile,AU,183.23,0.0,8.73,174.5,Shop Pay
207549,2025-08-30,17045,Organic Search,Mobile,UK,56.64,7.94,0.0,64.58,Shop Pay
207550,2025-11-19,11487,Direct,Desktop,AU,178.82,0.0,0.0,178.82,Shop Pay
207551,2025-12-31,1016,Organic Search,Mobile,CA,86.28,0.0,0.0,86.28,Shop Pay
207552,2025-12-05,6800,Email,Desktop,DE,86.81,0.0,0.0,86.81,Shop Pay
207553,2026-01-26,505,Paid Search,Desktop,DE,48.55,0.0,4.2,44.36,PayPal
207554,2025-09-04,15615,Email,Desktop,AU,121.51,0.0,0.0,121.51,Shop Pay
207555,2025-11-12,454,Paid Search,Desktop,AU,150.33,0.0,0.0,150.33,Credit Card
207556,2025-09-17,580,Direct,Mobile,DE,128.56,0.0,0.0,128.56,Shop Pay
207557,2025-12-15,16012,Paid Search,Desktop,AU,92.73,0.0,0.0,92.73,PayPal
207558,2025-09-17,11169,Email,Mobile,UK,98.96,0.0,6.6,92.36,Apple Pay
207559,2025-09-14,11817,Email,Desktop,CA,160.6,0.0,0.0,160.6,Apple Pay
207560,2025-09-04,455,Email,Mobile,UK,168.06,0.0,0.0,168.06,Apple Pay
207561,2025-12-05,2202,Direct,Desktop,DE,118.19,0.0,5.0,113.19,Credit Card
207562,2026-01-02,11925,Paid Search,Mobile,DE,49.91,6.73,2.66,53.98,Shop Pay
207563,2025-08-30,4774,Email,Desktop,CA,47.63,6.55,2.34,51.84,Shop Pay
207564,2025-11-25,7236,Organic Search,Desktop,CA,250.68,0.0,16.35,234.33,PayPal
207565,2026-02-01,10735,Email,Mobile,US,47.92,0.0,0.0,47.92,PayPal
207566,2025-09-17,3624,Paid Search,Mobile,UK,215.51,0.0,0.0,215.51,Credit Card
207567,2026-01-18,11425,Direct,Desktop,DE,45.43,5.42,0.0,50.85,PayPal
207568,2025-11-22,10388,Direct,Desktop,AU,174.6,0.0,20.86,153.74,PayPal
207569,2025-12-15,14023,Direct,Mobile,DE,142.91,0.0,16.23,126.68,Credit Card
207570,2025-11-27,1740,Paid Search,Desktop,DE,78.85,0.0,8.09,70.76,Credit Card
207571,2025-11-07,2328,Direct,Mobile,US,108.06,0.0,0.0,108.06,Apple Pay
207572,2025-10-05,6716,Direct,Desktop,US,153.55,0.0,0.0,153.55,Apple Pay
207573,2025-11-08,13856,Direct,Desktop,US,128.83,0.0,0.0,128.83,Credit Card
207574,2025-09-13,107,Paid Social,Desktop,CA,72.28,0.0,5.43,66.84,PayPal
207575,2026-01-06,10812,Email,Desktop,DE,310.71,0.0,0.0,310.71,PayPal
207576,2025-11-06,14562,Email,Desktop,UK,108.43,0.0,7.34,101.09,Credit Card
207577,2025-08-16,14504,Paid Social,Mobile,CA,135.99,0.0,0.0,135.99,Shop Pay
207578,2026-01-16,6444,Email,Desktop,CA,51.31,0.0,0.0,51.31,Apple Pay
207579,2026-02-10,3686,Email,Mobile,CA,219.38,0.0,0.0,219.38,PayPal
207580,2025-12-24,6816,Email,Desktop,UK,188.45,0.0,0.0,188.45,Shop Pay
207581,2025-12-25,2403,Paid Social,Mobile,CA,90.48,0.0,10.53,79.96,Apple Pay
207582,2025-10-08,9324,Paid Social,Desktop,AU,129.59,0.0,0.0,129.59,Credit Card
207583,2025-09-28,987,Paid Social,Desktop,DE,99.21,0.0,0.0,99.21,Apple Pay
207584,2025-11-30,14488,Paid Social,Desktop,AU,327.93,0.0,0.0,327.93,Apple Pay
207585,2025-11-21,15013,Paid Social,Mobile,UK,149.38,0.0,6.8,142.59,Credit Card
207586,2025-12-28,10656,Email,Desktop,US,67.24,0.0,5.67,61.57,Shop Pay
207587,2025-12-28,15310,Organic Search,Mobile,UK,48.34,6.72,0.0,55.05,Shop Pay
207588,2025-09-22,7175,Paid Social,Desktop,UK,265.73,0.0,0.0,265.73,Credit Card
207589,2025-08-25,8468,Email,Mobile,US,110.6,0.0,12.24,98.36,Apple Pay
207590,2025-12-20,9754,Organic Search,Desktop,DE,128.86,0.0,0.0,128.86,Credit Card
207591,2025-12-17,8473,Direct,Mobile,UK,50.88,0.0,5.51,45.37,PayPal
207592,2025-09-05,2606,Email,Mobile,US,61.38,0.0,0.0,61.38,Credit Card
207593,2026-01-04,8464,Email,Desktop,US,126.54,0.0,0.0,126.54,Apple Pay
207594,2025-11-13,3603,Direct,Desktop,US,46.57,6.68,4.29,48.95,PayPal
207595,2025-12-24,7875,Paid Search,Mobile,DE,266.87,0.0,0.0,266.87,PayPal
207596,2025-09-25,17972,Paid Search,Desktop,AU,241.29,0.0,0.0,241.29,Shop Pay
207597,2026-01-27,11141,Email,Mobile,CA,288.94,0.0,0.0,288.94,Apple Pay
207598,2025-08-17,14140,Organic Search,Mobile,UK,76.74,0.0,7.55,69.19,Shop Pay
207599,2025-11-19,5544,Direct,Mobile,DE,280.75,0.0,32.69,248.06,Shop Pay
207600,2025-12-25,15642,Direct,Desktop,US,155.7,0.0,0.0,155.7,Apple Pay
207601,2025-11-30,11287,Organic Search,Mobile,AU,306.28,0.0,10.04,296.24,Credit Card
207602,2026-01-06,4709,Organic Search,Desktop,AU,93.38,0.0,0.0,93.38,PayPal
207603,2025-09-29,2394,Paid Search,Desktop,US,105.75,0.0,0.0,105.75,PayPal
207604,2026-02-06,3872,Paid Social,Desktop,US,96.2,0.0,4.81,91.39,Credit Card
207605,2025-11-03,7730,Paid Search,Desktop,AU,167.5,0.0,0.0,167.5,Shop Pay
207606,2025-11-30,13699,Paid Social,Desktop,DE,292.85,0.0,17.1,275.75,PayPal
207607,2025-08-15,9284,Email,Desktop,DE,62.76,0.0,3.36,59.4,Credit Card
207608,2025-09-27,9336,Paid Search,Mobile,DE,182.83,0.0,7.67,175.17,Shop Pay
207609,2025-09-21,11163,Email,Desktop,DE,151.9,0.0,6.43,145.46,Apple Pay
207610,2025-09-14,2306,Email,Desktop,AU,222.44,0.0,9.34,213.1,Apple Pay
207611,2026-01-17,2968,Direct,Mobile,UK,208.48,0.0,0.0,208.48,Apple Pay
207612,2025-11-03,12904,Paid Search,Desktop,UK,145.67,0.0,16.49,129.18,Shop Pay
207613,2026-01-26,8203,Organic Search,Mobile,AU,206.29,0.0,0.0,206.29,Apple Pay
207614,2025-09-18,17969,Organic Search,Desktop,AU,206.5,0.0,0.0,206.5,Apple Pay
207615,2025-10-27,4406,Email,Desktop,CA,51.32,0.0,2.95,48.36,Apple Pay
207616,2026-02-05,2542,Email,Mobile,AU,48.48,5.77,3.06,51.19,Credit Card
207617,2025-10-30,5457,Paid Search,Desktop,AU,88.08,0.0,8.09,80.0,Shop Pay
207618,2025-12-27,12651,Email,Mobile,UK,50.98,5.82,0.0,56.8,Apple Pay
207619,2025-11-23,9732,Email,Mobile,US,215.46,0.0,0.0,215.46,Shop Pay
207620,2025-12-21,12469,Organic Search,Desktop,AU,130.04,0.0,0.0,130.04,Credit Card
207621,2025-12-30,3595,Paid Social,Desktop,AU,40.72,0.0,0.0,40.72,Shop Pay
207622,2025-12-06,3608,Paid Search,Desktop,UK,45.71,0.0,5.18,40.53,Apple Pay
207623,2025-09-24,16771,Paid Social,Desktop,UK,112.69,0.0,0.0,112.69,Credit Card
207624,2025-10-14,2036,Organic Search,Mobile,US,133.35,0.0,0.0,133.35,Shop Pay
207625,2025-08-22,10816,Email,Desktop,CA,149.09,0.0,0.0,149.09,Credit Card
207626,2025-12-17,3303,Paid Search,Desktop,UK,84.15,0.0,5.19,78.96,Credit Card
207627,2025-10-09,5313,Paid Social,Mobile,CA,297.8,0.0,27.34,270.46,PayPal
207628,2025-11-06,17088,Paid Social,Mobile,DE,88.95,0.0,0.0,88.95,PayPal
207629,2025-09-30,10925,Paid Search,Mobile,CA,40.14,7.4,0.0,47.54,Credit Card
207630,2026-01-02,10919,Paid Search,Desktop,UK,34.5,5.35,2.15,37.69,Credit Card
207631,2025-12-18,16316,Email,Desktop,UK,287.37,0.0,19.68,267.69,PayPal
207632,2025-11-26,5433,Direct,Desktop,US,133.41,0.0,0.0,133.41,PayPal
207633,2025-09-15,5684,Paid Search,Mobile,US,331.24,0.0,0.0,331.24,PayPal
207634,2025-09-11,11537,Organic Search,Mobile,DE,123.38,0.0,0.0,123.38,Shop Pay
207635,2025-09-26,2685,Organic Search,Desktop,US,147.76,0.0,14.9,132.86,PayPal
207636,2025-09-04,4173,Paid Social,Desktop,AU,266.37,0.0,0.0,266.37,PayPal
207637,2025-12-14,17754,Paid Search,Mobile,UK,200.95,0.0,12.0,188.95,Shop Pay
207638,2025-08-24,3283,Paid Search,Desktop,AU,133.79,0.0,13.58,120.22,Shop Pay
207639,2025-11-28,17431,Direct,Mobile,CA,321.92,0.0,0.0,321.92,Apple Pay
207640,2025-09-28,4488,Paid Social,Desktop,CA,176.52,0.0,0.0,176.52,PayPal
207641,2026-01-27,6593,Direct,Desktop,DE,125.26,0.0,0.0,125.26,PayPal
207642,2025-10-14,2878,Direct,Desktop,CA,154.94,0.0,0.0,154.94,PayPal
207643,2025-11-16,148,Organic Search,Mobile,AU,27.61,7.15,0.0,34.76,PayPal
207644,2025-08-22,693,Direct,Desktop,AU,101.7,0.0,0.0,101.7,Apple Pay
207645,2025-11-03,6091,Email,Desktop,AU,122.17,0.0,0.0,122.17,PayPal
207646,2026-01-12,6816,Direct,Desktop,AU,26.71,5.28,2.66,29.33,Credit Card
207647,2025-09-13,8885,Email,Desktop,US,158.19,0.0,10.45,147.74,PayPal
207648,2026-02-08,11915,Paid Search,Desktop,CA,67.77,0.0,0.0,67.77,Apple Pay
207649,2025-10-07,6102,Email,Mobile,US,260.95,0.0,26.29,234.66,Shop Pay
207650,2025-12-08,16627,Organic Search,Mobile,AU,87.05,0.0,0.0,87.05,Credit Card
207651,2025-09-20,359,Organic Search,Mobile,US,138.75,0.0,0.0,138.75,Shop Pay
207652,2025-12-06,4350,Paid Social,Mobile,AU,25.36,5.74,1.32,29.77,Shop Pay
207653,2025-11-09,16199,Organic Search,Desktop,CA,75.61,0.0,0.0,75.61,Shop Pay
207654,2026-02-05,6310,Organic Search,Mobile,CA,106.99,0.0,0.0,106.99,Apple Pay
207655,2026-01-12,2309,Paid Search,Mobile,AU,245.23,0.0,0.0,245.23,Shop Pay
207656,2025-11-01,2459,Paid Search,Desktop,AU,48.63,0.0,3.91,44.72,Shop Pay
207657,2025-12-21,156,Email,Mobile,US,137.1,0.0,14.44,122.65,PayPal
207658,2025-11-09,569,Organic Search,Mobile,UK,221.71,0.0,0.0,221.71,Shop Pay
207659,2025-10-19,15825,Direct,Mobile,CA,255.97,0.0,13.95,242.02,Apple Pay
207660,2025-10-07,16830,Direct,Mobile,AU,144.74,0.0,0.0,144.74,Apple Pay
207661,2025-12-27,17470,Paid Search,Mobile,CA,36.01,6.72,0.0,42.73,PayPal
207662,2025-08-16,12108,Organic Search,Mobile,US,303.9,0.0,0.0,303.9,Apple Pay
207663,2025-12-10,8454,Direct,Desktop,CA,83.9,0.0,0.0,83.9,Shop Pay
207664,2025-09-30,1692,Organic Search,Desktop,AU,175.6,0.0,0.0,175.6,Credit Card
207665,2025-10-14,9512,Organic Search,Mobile,AU,130.47,0.0,11.23,119.24,Shop Pay
207666,2025-09-20,15835,Direct,Desktop,CA,167.38,0.0,0.0,167.38,PayPal
207667,2025-11-27,13607,Paid Social,Mobile,AU,40.79,7.63,0.0,48.42,Shop Pay
207668,2025-12-14,82,Direct,Desktop,AU,11.58,7.99,0.44,19.12,Shop Pay
207669,2025-09-19,8946,Direct,Desktop,US,270.64,0.0,0.0,270.64,Shop Pay
207670,2025-11-27,4204,Paid Search,Mobile,CA,189.88,0.0,0.0,189.88,Apple Pay
207671,2025-12-24,12614,Direct,Mobile,CA,157.34,0.0,0.0,157.34,Shop Pay
207672,2025-12-20,13184,Organic Search,Mobile,US,194.55,0.0,16.05,178.5,Credit Card
207673,2025-09-18,14453,Email,Desktop,CA,77.45,0.0,3.17,74.28,Shop Pay
207674,2025-09-04,9800,Paid Social,Mobile,UK,75.61,0.0,7.73,67.88,PayPal
207675,2025-11-04,1235,Paid Search,Desktop,AU,98.06,0.0,0.0,98.06,PayPal
207676,2025-11-02,3077,Paid Social,Desktop,CA,207.48,0.0,0.0,207.48,Credit Card
207677,2025-12-17,7965,Organic Search,Desktop,DE,287.21,0.0,0.0,287.21,Apple Pay
207678,2025-09-03,11060,Paid Search,Mobile,DE,167.41,0.0,0.0,167.41,Shop Pay
207679,2025-08-25,10302,Email,Mobile,UK,49.62,6.23,3.11,52.74,PayPal
207680,2025-12-23,8439,Direct,Desktop,AU,132.93,0.0,13.32,119.61,PayPal
207681,2025-09-05,3936,Direct,Mobile,US,73.33,0.0,0.0,73.33,Apple Pay
207682,2026-01-28,9479,Email,Desktop,DE,120.39,0.0,0.0,120.39,PayPal
207683,2025-09-23,901,Paid Social,Mobile,AU,74.65,0.0,0.0,74.65,Credit Card
207684,2025-12-10,10994,Paid Search,Mobile,US,189.83,0.0,0.0,189.83,Shop Pay
207685,2025-11-24,2387,Email,Desktop,UK,239.72,0.0,9.94,229.78,Credit Card
207686,2026-01-18,7084,Organic Search,Mobile,CA,165.75,0.0,0.0,165.75,PayPal
207687,2025-09-10,6519,Email,Desktop,UK,112.43,0.0,7.15,105.28,Shop Pay
207688,2026-01-26,2176,Paid Search,Desktop,CA,235.11,0.0,25.72,209.39,Apple Pay
207689,2026-01-17,9935,Paid Search,Desktop,CA,159.44,0.0,14.97,144.47,Credit Card
207690,2025-12-30,6534,Email,Desktop,CA,87.4,0.0,0.0,87.4,Shop Pay
207691,2025-09-28,5149,Paid Search,Desktop,US,289.98,0.0,0.0,289.98,PayPal
207692,2025-11-28,604,Paid Social,Desktop,US,190.87,0.0,0.0,190.87,Credit Card
207693,2026-02-04,11389,Direct,Mobile,CA,114.32,0.0,0.0,114.32,Apple Pay
207694,2025-10-18,11650,Organic Search,Mobile,UK,169.19,0.0,8.87,160.32,Shop Pay
207695,2025-11-15,3851,Organic Search,Mobile,US,244.24,0.0,18.13,226.12,Shop Pay
207696,2025-10-30,16999,Paid Social,Mobile,AU,119.84,0.0,0.0,119.84,Credit Card
207697,2026-01-09,1912,Email,Desktop,DE,52.72,0.0,0.0,52.72,PayPal
207698,2026-01-15,14312,Organic Search,Desktop,UK,134.73,0.0,9.92,124.8,Apple Pay
207699,2025-08-20,9608,Direct,Desktop,AU,110.11,0.0,0.0,110.11,PayPal
207700,2025-09-02,5150,Direct,Mobile,AU,28.38,5.53,0.0,33.92,Credit Card
207701,2026-02-01,10283,Paid Social,Mobile,UK,126.36,0.0,0.0,126.36,Shop Pay
207702,2025-12-17,17566,Email,Mobile,UK,163.88,0.0,0.0,163.88,Shop Pay
207703,2025-10-15,17646,Organic Search,Desktop,DE,97.96,0.0,0.0,97.96,Apple Pay
207704,2026-01-22,16664,Email,Mobile,DE,57.46,0.0,0.0,57.46,Credit Card
207705,2025-08-15,8690,Organic Search,Mobile,CA,167.18,0.0,0.0,167.18,Apple Pay
207706,2025-11-28,1080,Direct,Desktop,AU,42.06,6.32,0.0,48.37,Shop Pay
207707,2025-11-06,1348,Paid Search,Mobile,UK,110.62,0.0,0.0,110.62,Apple Pay
207708,2025-11-21,3608,Direct,Mobile,AU,76.65,0.0,0.0,76.65,PayPal
207709,2025-09-25,8965,Paid Social,Desktop,DE,189.33,0.0,0.0,189.33,Shop Pay
207710,2025-11-26,11534,Direct,Desktop,AU,50.91,0.0,5.51,45.4,PayPal
207711,2025-09-09,9591,Organic Search,Mobile,DE,229.73,0.0,11.93,217.8,PayPal
207712,2026-01-08,15210,Organic Search,Desktop,AU,73.14,0.0,0.0,73.14,PayPal
207713,2025-12-14,4544,Email,Mobile,US,200.05,0.0,23.11,176.94,Apple Pay
207714,2026-01-08,15173,Paid Social,Desktop,CA,258.04,0.0,0.0,258.04,Shop Pay
207715,2025-09-26,12022,Direct,Mobile,US,122.43,0.0,0.0,122.43,Apple Pay
207716,2025-08-15,15750,Paid Social,Mobile,UK,266.07,0.0,31.77,234.3,Apple Pay
207717,2025-11-10,3127,Email,Desktop,AU,42.51,6.37,0.0,48.89,Shop Pay
207718,2025-10-21,13977,Organic Search,Desktop,DE,78.98,0.0,0.0,78.98,Shop Pay
207719,2025-12-18,6282,Direct,Desktop,US,127.74,0.0,8.08,119.66,Credit Card
207720,2025-10-07,8751,Paid Social,Mobile,US,235.93,0.0,0.0,235.93,Apple Pay
207721,2025-11-22,16814,Paid Social,Mobile,AU,50.87,7.45,0.0,58.32,PayPal
207722,2025-11-08,3948,Paid Search,Desktop,UK,49.61,5.06,0.0,54.68,Apple Pay
207723,2025-09-02,301,Organic Search,Mobile,DE,274.03,0.0,12.43,261.59,Shop Pay
207724,2025-12-06,17553,Organic Search,Mobile,DE,103.17,0.0,11.33,91.84,PayPal
207725,2025-10-31,11780,Organic Search,Mobile,UK,52.07,6.92,0.0,58.99,Apple Pay
207726,2025-12-03,16928,Paid Search,Desktop,CA,266.95,0.0,0.0,266.95,PayPal
207727,2026-01-25,14943,Paid Search,Mobile,UK,269.57,0.0,0.0,269.57,Credit Card
207728,2026-01-17,6283,Paid Search,Desktop,US,43.55,5.1,0.0,48.65,PayPal
207729,2026-01-14,13904,Direct,Mobile,AU,159.41,0.0,0.0,159.41,Credit Card
207730,2025-11-02,6639,Organic Search,Mobile,CA,244.31,0.0,0.0,244.31,Shop Pay
207731,2025-10-28,13705,Organic Search,Mobile,AU,140.16,0.0,0.0,140.16,Shop Pay
207732,2026-02-07,13881,Email,Desktop,CA,147.75,0.0,8.62,139.13,Credit Card
207733,2025-11-21,6344,Paid Search,Mobile,CA,179.3,0.0,0.0,179.3,Credit Card
207734,2025-12-16,16833,Paid Social,Desktop,CA,118.74,0.0,0.0,118.74,Shop Pay
207735,2026-01-09,4232,Direct,Desktop,DE,244.87,0.0,14.91,229.96,Apple Pay
207736,2026-01-02,5043,Paid Search,Desktop,CA,186.29,0.0,0.0,186.29,Shop Pay
207737,2025-12-09,10959,Organic Search,Desktop,UK,200.95,0.0,0.0,200.95,PayPal
207738,2025-11-18,12553,Direct,Desktop,CA,165.6,0.0,0.0,165.6,Shop Pay
207739,2025-11-08,10090,Paid Search,Desktop,CA,132.82,0.0,0.0,132.82,Shop Pay
207740,2026-02-01,12838,Email,Desktop,AU,163.46,0.0,0.0,163.46,PayPal
207741,2026-01-22,4509,Paid Search,Mobile,DE,204.9,0.0,0.0,204.9,Apple Pay
207742,2026-01-31,1425,Email,Desktop,US,69.69,0.0,3.39,66.3,PayPal
207743,2025-08-19,14088,Direct,Mobile,UK,34.48,7.61,3.79,38.3,PayPal
207744,2025-09-15,3391,Direct,Desktop,CA,185.68,0.0,7.1,178.58,PayPal
207745,2026-01-31,480,Email,Mobile,US,135.55,0.0,0.0,135.55,Credit Card
207746,2025-10-12,17411,Email,Mobile,DE,301.06,0.0,0.0,301.06,Apple Pay
207747,2026-01-06,13671,Paid Search,Mobile,CA,158.59,0.0,0.0,158.59,Credit Card
207748,2025-08-23,13531,Organic Search,Desktop,AU,181.15,0.0,18.43,162.72,Shop Pay
207749,2025-09-09,5087,Paid Search,Mobile,DE,43.23,7.94,0.0,51.17,Credit Card
207750,2025-09-02,1776,Organic Search,Desktop,AU,189.03,0.0,0.0,189.03,Apple Pay
207751,2026-01-11,10343,Paid Social,Mobile,DE,100.56,0.0,0.0,100.56,PayPal
207752,2025-08-20,13507,Direct,Mobile,US,237.48,0.0,0.0,237.48,Credit Card
207753,2025-12-20,6732,Direct,Mobile,UK,198.79,0.0,0.0,198.79,PayPal
207754,2025-10-14,8137,Organic Search,Mobile,US,227.45,0.0,0.0,227.45,PayPal
207755,2025-10-22,6324,Email,Desktop,AU,138.66,0.0,12.27,126.39,Credit Card
207756,2025-10-23,3039,Organic Search,Mobile,US,116.82,0.0,0.0,116.82,Shop Pay
207757,2025-09-08,13087,Paid Search,Mobile,AU,151.64,0.0,0.0,151.64,Apple Pay
207758,2026-01-26,9817,Paid Social,Mobile,US,28.73,5.44,0.0,34.17,PayPal
207759,2025-12-10,3086,Paid Search,Desktop,DE,293.02,0.0,25.41,267.61,Apple Pay
207760,2026-01-16,7762,Paid Search,Desktop,UK,80.27,0.0,8.76,71.51,Apple Pay
207761,2025-11-09,914,Paid Search,Mobile,US,216.74,0.0,0.0,216.74,Apple Pay
207762,2025-12-13,15047,Email,Desktop,AU,232.37,0.0,0.0,232.37,PayPal
207763,2025-09-17,8139,Organic Search,Mobile,AU,221.2,0.0,0.0,221.2,Credit Card
207764,2025-11-19,6555,Paid Search,Mobile,CA,41.54,6.66,0.0,48.19,Shop Pay
207765,2025-09-03,4582,Email,Desktop,UK,112.66,0.0,0.0,112.66,Apple Pay
207766,2025-10-02,14120,Direct,Mobile,US,101.49,0.0,0.0,101.49,PayPal
207767,2025-10-02,8265,Direct,Desktop,CA,66.21,0.0,2.39,63.82,Credit Card
207768,2025-09-13,11018,Organic Search,Desktop,DE,186.2,0.0,0.0,186.2,PayPal
207769,2026-02-03,599,Paid Search,Desktop,UK,129.08,0.0,10.86,118.23,Apple Pay
207770,2025-10-14,1862,Paid Social,Desktop,US,179.75,0.0,16.95,162.8,Shop Pay
207771,2026-01-27,12514,Paid Social,Desktop,UK,162.27,0.0,0.0,162.27,Apple Pay
207772,2026-01-09,2357,Paid Search,Desktop,DE,58.5,0.0,3.87,54.63,Credit Card
207773,2025-11-13,16075,Email,Desktop,CA,214.61,0.0,0.0,214.61,Credit Card
207774,2025-10-03,6923,Email,Mobile,AU,97.09,0.0,7.64,89.46,Shop Pay
207775,2026-02-01,8196,Direct,Desktop,DE,164.68,0.0,0.0,164.68,Shop Pay
207776,2025-12-21,15596,Direct,Mobile,CA,189.69,0.0,17.57,172.12,PayPal
207777,2025-10-31,343,Paid Social,Mobile,US,166.09,0.0,18.96,147.13,Apple Pay
207778,2025-09-27,12177,Paid Social,Mobile,US,231.49,0.0,0.0,231.49,Credit Card
207779,2025-10-19,12433,Organic Search,Desktop,UK,214.93,0.0,0.0,214.93,Shop Pay
207780,2025-12-10,11839,Paid Social,Desktop,AU,314.47,0.0,0.0,314.47,PayPal
207781,2026-01-15,14443,Organic Search,Desktop,DE,272.0,0.0,0.0,272.0,Apple Pay
207782,2025-09-23,9891,Organic Search,Mobile,UK,58.09,0.0,5.4,52.68,PayPal
207783,2025-10-30,6,Email,Desktop,CA,162.3,0.0,0.0,162.3,PayPal
207784,2025-10-03,10258,Paid Search,Desktop,DE,74.43,0.0,0.0,74.43,Apple Pay
207785,2026-01-03,16663,Organic Search,Mobile,CA,13.08,5.71,1.01,17.78,Shop Pay
207786,2026-01-23,6303,Paid Social,Mobile,US,78.68,0.0,0.0,78.68,Apple Pay
207787,2026-01-27,1796,Paid Search,Mobile,US,89.69,0.0,0.0,89.69,PayPal
207788,2026-01-20,9190,Paid Search,Mobile,AU,231.73,0.0,0.0,231.73,Credit Card
207789,2026-01-15,2699,Organic Search,Desktop,DE,156.12,0.0,0.0,156.12,PayPal
207790,2026-01-18,11695,Organic Search,Desktop,DE,60.24,0.0,2.84,57.4,Shop Pay
207791,2025-09-09,2411,Paid Social,Desktop,US,242.88,0.0,0.0,242.88,Credit Card
207792,2025-12-28,3699,Direct,Desktop,UK,156.78,0.0,9.76,147.01,Credit Card
207793,2025-08-26,4329,Email,Desktop,AU,123.41,0.0,0.0,123.41,Shop Pay
207794,2025-11-08,12020,Organic Search,Mobile,US,48.69,6.92,0.0,55.6,Apple Pay
207795,2025-12-24,13432,Email,Desktop,AU,217.57,0.0,0.0,217.57,Apple Pay
207796,2026-01-19,15138,Paid Search,Mobile,DE,139.88,0.0,0.0,139.88,Shop Pay
207797,2025-10-06,13521,Organic Search,Mobile,CA,162.23,0.0,0.0,162.23,Apple Pay
207798,2025-11-18,11696,Paid Search,Desktop,AU,145.72,0.0,0.0,145.72,Credit Card
207799,2025-12-24,721,Paid Social,Desktop,UK,254.92,0.0,17.15,237.77,Credit Card
207800,2025-12-06,3308,Email,Mobile,AU,56.45,0.0,0.0,56.45,Credit Card
207801,2026-01-20,3523,Direct,Mobile,UK,183.04,0.0,0.0,183.04,PayPal
207802,2025-08-16,12064,Email,Mobile,AU,90.17,0.0,8.28,81.89,Apple Pay
207803,2025-08-18,6909,Direct,Mobile,AU,189.94,0.0,5.7,184.24,Credit Card
207804,2025-11-01,15281,Email,Desktop,CA,183.4,0.0,20.49,162.91,PayPal
207805,2025-10-07,13418,Organic Search,Desktop,UK,82.36,0.0,0.0,82.36,Apple Pay
207806,2026-01-30,14714,Paid Social,Desktop,UK,172.07,0.0,0.0,172.07,Shop Pay
207807,2025-11-21,13138,Organic Search,Desktop,CA,118.75,0.0,0.0,118.75,Shop Pay
207808,2025-08-18,17725,Direct,Desktop,CA,99.41,0.0,0.0,99.41,PayPal
207809,2025-12-10,9504,Direct,Mobile,CA,214.76,0.0,0.0,214.76,Apple Pay
207810,2025-09-07,8490,Email,Mobile,UK,50.4,6.51,0.0,56.91,PayPal
207811,2025-10-26,5336,Direct,Mobile,US,158.47,0.0,6.28,152.19,PayPal
207812,2026-01-22,5998,Direct,Desktop,DE,104.83,0.0,6.62,98.21,Credit Card
207813,2025-09-16,15552,Paid Social,Mobile,UK,66.26,0.0,0.0,66.26,Shop Pay
207814,2025-11-11,10231,Email,Desktop,DE,322.26,0.0,0.0,322.26,PayPal
207815,2025-12-04,13893,Direct,Desktop,AU,105.78,0.0,0.0,105.78,PayPal
207816,2025-09-24,10730,Paid Search,Mobile,US,38.68,0.0,1.71,36.98,Credit Card
207817,2025-10-31,6687,Organic Search,Mobile,DE,204.71,0.0,23.33,181.38,Shop Pay
207818,2026-01-07,7320,Email,Desktop,AU,151.62,0.0,0.0,151.62,Shop Pay
207819,2025-10-07,8318,Organic Search,Mobile,DE,276.05,0.0,24.78,251.27,Credit Card
207820,2025-10-22,16913,Paid Search,Desktop,US,92.21,0.0,0.0,92.21,Credit Card
207821,2025-12-15,11311,Paid Search,Mobile,UK,50.03,7.24,5.31,51.96,Shop Pay
207822,2025-09-04,4097,Paid Search,Desktop,UK,135.17,0.0,0.0,135.17,PayPal
207823,2025-09-16,4511,Email,Mobile,AU,138.36,0.0,0.0,138.36,Credit Card
207824,2025-08-17,13344,Organic Search,Mobile,US,246.36,0.0,0.0,246.36,Credit Card
207825,2025-12-17,16701,Paid Social,Mobile,AU,148.69,0.0,5.68,143.0,Credit Card
207826,2025-10-30,1136,Direct,Desktop,CA,55.65,7.93,3.23,60.34,PayPal
207827,2026-01-28,2014,Paid Social,Mobile,AU,134.02,0.0,0.0,134.02,PayPal
207828,2026-02-05,15387,Email,Mobile,CA,335.61,0.0,0.0,335.61,Credit Card
207829,2025-11-02,16675,Email,Desktop,CA,119.09,0.0,0.0,119.09,Apple Pay
207830,2025-08-27,1467,Organic Search,Mobile,CA,168.23,0.0,0.0,168.23,Apple Pay
207831,2025-08-28,2544,Organic Search,Desktop,AU,158.7,0.0,0.0,158.7,Shop Pay
207832,2025-09-25,13633,Paid Social,Desktop,CA,78.58,0.0,9.35,69.23,PayPal
207833,2025-12-04,11801,Email,Mobile,UK,232.66,0.0,0.0,232.66,Shop Pay
207834,2025-11-11,5455,Direct,Desktop,DE,189.73,0.0,0.0,189.73,PayPal
207835,2025-09-21,5876,Paid Social,Desktop,AU,45.76,0.0,3.1,42.66,Credit Card
207836,2025-10-30,17142,Email,Mobile,UK,111.6,0.0,0.0,111.6,Shop Pay
207837,2025-09-26,12186,Paid Search,Desktop,CA,188.54,0.0,0.0,188.54,Credit Card
207838,2026-01-20,848,Paid Search,Mobile,DE,34.15,6.49,0.0,40.64,Credit Card
207839,2025-10-10,5959,Direct,Mobile,DE,146.05,0.0,0.0,146.05,Apple Pay
207840,2025-09-07,6893,Direct,Desktop,AU,134.03,0.0,0.0,134.03,PayPal
207841,2025-10-29,9397,Email,Mobile,CA,195.76,0.0,0.0,195.76,Shop Pay
207842,2026-02-02,516,Email,Mobile,DE,76.31,0.0,0.0,76.31,Apple Pay
207843,2025-09-04,5347,Paid Search,Desktop,US,60.34,0.0,5.26,55.08,PayPal
207844,2025-11-26,7123,Email,Desktop,AU,135.88,0.0,0.0,135.88,PayPal
207845,2025-09-06,16046,Paid Social,Mobile,US,69.44,0.0,4.87,64.57,Shop Pay
207846,2025-09-13,15892,Organic Search,Desktop,AU,12.98,6.47,0.0,19.45,PayPal
207847,2025-11-04,14090,Organic Search,Mobile,UK,52.89,0.0,1.91,50.98,PayPal
207848,2025-09-12,15247,Organic Search,Desktop,CA,71.06,0.0,0.0,71.06,Credit Card
207849,2025-10-26,10819,Paid Social,Mobile,US,177.52,0.0,0.0,177.52,Credit Card
207850,2026-02-04,39,Email,Desktop,UK,98.26,0.0,9.74,88.52,Apple Pay
207851,2026-01-19,6402,Paid Social,Mobile,UK,150.45,0.0,0.0,150.45,Apple Pay
207852,2025-11-04,16929,Organic Search,Mobile,CA,240.46,0.0,19.79,220.68,Credit Card
207853,2025-09-14,5130,Paid Social,Mobile,CA,264.57,0.0,0.0,264.57,PayPal
207854,2025-11-19,11597,Paid Search,Desktop,AU,39.68,0.0,0.0,39.68,Shop Pay
207855,2025-12-27,1634,Email,Desktop,CA,8.93,7.35,0.0,16.28,PayPal
207856,2026-01-13,13741,Direct,Mobile,AU,155.11,0.0,0.0,155.11,Credit Card
207857,2026-01-25,6948,Paid Social,Mobile,AU,46.04,5.2,0.0,51.24,Apple Pay
207858,2025-08-27,6751,Email,Desktop,AU,56.15,7.09,0.0,63.24,Credit Card
207859,2025-12-21,1769,Direct,Desktop,DE,89.12,0.0,0.0,89.12,Shop Pay
207860,2026-01-04,16225,Organic Search,Mobile,AU,137.85,0.0,0.0,137.85,Apple Pay
207861,2025-12-03,16894,Email,Desktop,DE,84.68,0.0,0.0,84.68,PayPal
207862,2026-01-06,10155,Email,Desktop,UK,36.02,0.0,0.0,36.02,Apple Pay
207863,2026-01-18,15693,Organic Search,Mobile,UK,227.32,0.0,0.0,227.32,Credit Card
207864,2025-12-24,6617,Direct,Mobile,US,233.57,0.0,0.0,233.57,PayPal
207865,2025-09-30,13941,Direct,Mobile,US,161.04,0.0,0.0,161.04,Shop Pay
207866,2026-02-08,318,Paid Social,Desktop,CA,131.34,0.0,0.0,131.34,PayPal
207867,2025-08-16,12436,Organic Search,Mobile,AU,75.7,0.0,8.01,67.69,Shop Pay
207868,2026-01-03,13596,Paid Social,Mobile,AU,97.52,0.0,3.38,94.13,Credit Card
207869,2025-12-28,9378,Paid Social,Mobile,US,27.79,5.81,1.94,31.66,PayPal
207870,2025-08-25,7286,Paid Search,Mobile,DE,92.31,0.0,0.0,92.31,Shop Pay
207871,2026-01-23,12324,Direct,Mobile,US,24.34,5.76,1.89,28.21,Apple Pay
207872,2025-10-09,7058,Direct,Mobile,UK,122.75,0.0,11.75,111.0,Shop Pay
207873,2026-01-09,8408,Direct,Mobile,AU,49.33,0.0,0.0,49.33,Shop Pay
207874,2025-09-13,14272,Paid Social,Desktop,US,122.73,0.0,0.0,122.73,PayPal
207875,2026-01-30,9940,Paid Social,Desktop,DE,219.8,0.0,0.0,219.8,Apple Pay
207876,2025-10-28,14412,Paid Social,Desktop,CA,274.48,0.0,0.0,274.48,Shop Pay
207877,2026-01-29,13868,Paid Search,Mobile,UK,92.21,0.0,0.0,92.21,Credit Card
207878,2025-12-30,15958,Paid Search,Desktop,CA,204.08,0.0,0.0,204.08,Apple Pay
207879,2025-10-21,11670,Email,Mobile,CA,243.93,0.0,18.27,225.65,PayPal
207880,2025-12-22,5274,Direct,Mobile,DE,71.53,0.0,4.12,67.41,PayPal
207881,2025-11-12,3348,Paid Social,Mobile,DE,105.18,0.0,6.79,98.39,Credit Card
207882,2025-11-06,12076,Paid Search,Mobile,US,100.19,0.0,11.11,89.08,Credit Card
207883,2025-10-16,13376,Email,Desktop,UK,83.42,0.0,0.0,83.42,Apple Pay
207884,2025-08-18,12075,Paid Social,Mobile,DE,152.47,0.0,6.42,146.05,Credit Card
207885,2025-09-06,6779,Organic Search,Desktop,UK,237.29,0.0,0.0,237.29,Apple Pay
207886,2026-01-14,14573,Paid Search,Desktop,CA,92.15,0.0,0.0,92.15,Shop Pay
207887,2025-11-10,5802,Organic Search,Desktop,UK,90.38,0.0,0.0,90.38,PayPal
207888,2025-10-03,11079,Organic Search,Mobile,AU,10.44,5.48,0.72,15.2,Apple Pay
207889,2025-09-02,7385,Organic Search,Desktop,CA,91.05,0.0,0.0,91.05,Shop Pay
207890,2025-12-26,6197,Paid Search,Mobile,UK,171.58,0.0,0.0,171.58,Apple Pay
207891,2025-09-13,8459,Organic Search,Desktop,US,159.47,0.0,0.0,159.47,Credit Card
207892,2025-09-10,13635,Direct,Desktop,AU,130.93,0.0,13.92,117.01,PayPal
207893,2025-10-26,12293,Paid Social,Mobile,US,42.79,7.21,0.0,50.01,PayPal
207894,2025-09-03,4436,Email,Desktop,US,410.78,0.0,0.0,410.78,Apple Pay
207895,2025-08-31,10673,Paid Social,Desktop,AU,165.97,0.0,15.95,150.02,Apple Pay
207896,2025-12-18,17785,Direct,Mobile,UK,102.95,0.0,3.57,99.38,Credit Card
207897,2026-01-27,53,Direct,Desktop,AU,103.53,0.0,0.0,103.53,Apple Pay
207898,2025-10-28,15753,Email,Mobile,CA,69.19,0.0,0.0,69.19,Credit Card
207899,2025-12-31,16936,Paid Search,Desktop,AU,79.33,0.0,5.58,73.75,Apple Pay
207900,2026-01-23,5474,Paid Search,Mobile,UK,298.81,0.0,19.31,279.5,PayPal
207901,2025-09-21,167,Email,Desktop,US,185.78,0.0,0.0,185.78,Credit Card
207902,2025-09-28,16738,Paid Search,Desktop,CA,89.8,0.0,0.0,89.8,Apple Pay
207903,2026-02-10,9769,Email,Mobile,DE,192.28,0.0,0.0,192.28,Apple Pay
207904,2025-10-28,7323,Direct,Mobile,DE,81.45,0.0,3.9,77.55,Shop Pay
207905,2026-01-30,10490,Paid Social,Mobile,AU,295.7,0.0,0.0,295.7,Apple Pay
207906,2025-09-01,10787,Direct,Mobile,DE,87.16,0.0,4.33,82.82,Shop Pay
207907,2025-09-14,412,Paid Search,Desktop,DE,132.73,0.0,14.15,118.58,PayPal
207908,2026-02-08,3479,Paid Social,Desktop,DE,244.19,0.0,0.0,244.19,Apple Pay
207909,2025-08-17,11543,Direct,Desktop,US,164.4,0.0,10.03,154.37,Shop Pay
207910,2025-09-29,14316,Paid Search,Mobile,AU,182.16,0.0,12.85,169.31,Credit Card
207911,2026-01-29,13959,Paid Search,Mobile,US,151.75,0.0,0.0,151.75,Credit Card
207912,2026-01-02,9237,Direct,Mobile,DE,19.81,6.2,0.0,26.01,Shop Pay
207913,2025-10-14,6052,Paid Social,Desktop,UK,79.29,0.0,8.19,71.1,Shop Pay
207914,2025-09-20,5149,Organic Search,Desktop,DE,151.01,0.0,0.0,151.01,PayPal
207915,2025-09-01,14959,Email,Desktop,US,55.29,6.11,5.69,55.71,Shop Pay
207916,2025-11-14,9850,Email,Desktop,CA,84.31,0.0,0.0,84.31,PayPal
207917,2026-01-24,14915,Email,Mobile,CA,187.37,0.0,7.75,179.61,PayPal
207918,2025-10-24,8957,Direct,Mobile,UK,247.24,0.0,28.0,219.25,Shop Pay
207919,2026-02-08,10252,Paid Social,Mobile,US,78.25,0.0,0.0,78.25,PayPal
207920,2025-11-06,6833,Email,Mobile,US,51.6,0.0,2.92,48.69,Apple Pay
207921,2025-09-22,4502,Email,Mobile,CA,73.19,0.0,3.26,69.94,Shop Pay
207922,2025-12-07,9655,Paid Social,Mobile,AU,53.37,0.0,1.7,51.68,PayPal
207923,2026-01-10,1414,Direct,Desktop,UK,278.83,0.0,16.03,262.8,Credit Card
207924,2025-09-23,9300,Direct,Mobile,UK,105.37,0.0,0.0,105.37,Apple Pay
207925,2026-01-24,12947,Paid Social,Desktop,DE,261.48,0.0,27.95,233.53,Credit Card
207926,2025-09-24,12237,Paid Social,Mobile,CA,167.09,0.0,0.0,167.09,PayPal
207927,2025-10-05,14250,Direct,Mobile,UK,106.03,0.0,0.0,106.03,PayPal
207928,2025-10-22,7096,Email,Mobile,DE,49.65,5.18,0.0,54.84,Credit Card
207929,2025-08-23,14803,Paid Search,Desktop,DE,77.67,0.0,0.0,77.67,PayPal
207930,2025-11-23,1814,Email,Mobile,AU,229.59,0.0,22.67,206.93,PayPal
207931,2025-10-30,839,Email,Mobile,CA,49.92,6.3,2.79,53.43,PayPal
207932,2025-12-09,13129,Paid Social,Desktop,CA,12.2,5.77,0.0,17.97,Apple Pay
207933,2025-11-13,17877,Direct,Mobile,AU,129.75,0.0,4.62,125.12,Apple Pay
207934,2025-10-24,5438,Paid Search,Mobile,AU,55.82,0.0,0.0,55.82,PayPal
207935,2025-12-13,8060,Organic Search,Desktop,AU,121.95,0.0,0.0,121.95,Apple Pay
207936,2025-10-25,16293,Organic Search,Mobile,DE,165.72,0.0,13.74,151.98,Apple Pay
207937,2025-10-24,1113,Paid Search,Mobile,US,55.88,0.0,0.0,55.88,Credit Card
207938,2026-02-10,4413,Paid Social,Mobile,US,30.83,7.03,0.0,37.86,Apple Pay
207939,2026-01-25,17508,Organic Search,Desktop,DE,210.59,0.0,22.79,187.79,PayPal
207940,2026-01-06,7242,Paid Search,Mobile,CA,138.18,0.0,0.0,138.18,Shop Pay
207941,2025-08-28,5566,Direct,Mobile,US,46.69,7.23,0.0,53.92,PayPal
207942,2026-02-01,17833,Direct,Mobile,CA,120.28,0.0,0.0,120.28,PayPal
207943,2025-09-20,4240,Paid Social,Mobile,AU,243.53,0.0,0.0,243.53,PayPal
207944,2025-10-11,6998,Direct,Mobile,DE,25.73,6.97,0.0,32.7,Shop Pay
207945,2025-10-19,2165,Paid Search,Mobile,US,144.22,0.0,0.0,144.22,Apple Pay
207946,2025-08-20,8956,Organic Search,Desktop,UK,157.47,0.0,9.01,148.46,Credit Card
207947,2025-11-09,16911,Email,Desktop,AU,163.32,0.0,14.7,148.62,Credit Card
207948,2026-01-25,12696,Email,Mobile,CA,88.4,0.0,0.0,88.4,Credit Card
207949,2025-10-17,5553,Direct,Desktop,UK,210.57,0.0,0.0,210.57,Apple Pay
207950,2025-12-05,9281,Organic Search,Mobile,CA,109.2,0.0,0.0,109.2,Apple Pay
207951,2025-12-09,12124,Direct,Mobile,DE,47.69,0.0,0.0,47.69,Apple Pay
207952,2025-09-03,7369,Paid Social,Desktop,UK,191.02,0.0,0.0,191.02,Apple Pay
207953,2025-12-29,15385,Direct,Mobile,AU,57.23,7.71,0.0,64.93,PayPal
207954,2025-12-10,6620,Direct,Desktop,DE,125.64,0.0,0.0,125.64,PayPal
207955,2025-09-26,9578,Email,Desktop,AU,48.86,0.0,0.0,48.86,Credit Card
207956,2025-12-14,2048,Direct,Desktop,AU,110.59,0.0,0.0,110.59,Shop Pay
207957,2026-01-22,9041,Organic Search,Mobile,CA,109.76,0.0,11.21,98.55,PayPal
207958,2025-10-07,8875,Direct,Desktop,DE,192.76,0.0,14.56,178.2,Apple Pay
207959,2026-01-09,15535,Email,Desktop,UK,130.36,0.0,0.0,130.36,Shop Pay
207960,2026-01-01,17162,Paid Social,Mobile,CA,44.94,7.86,0.0,52.8,PayPal
207961,2025-10-14,3716,Paid Search,Mobile,CA,186.69,0.0,0.0,186.69,Credit Card
207962,2026-01-27,7015,Email,Mobile,CA,249.3,0.0,21.75,227.55,Shop Pay
207963,2025-09-16,11827,Email,Desktop,CA,92.96,0.0,0.0,92.96,Apple Pay
207964,2025-11-07,9178,Organic Search,Desktop,CA,90.19,0.0,4.94,85.25,Credit Card
207965,2026-02-02,1223,Direct,Desktop,UK,102.21,0.0,4.37,97.84,PayPal
207966,2025-12-28,11499,Paid Search,Mobile,AU,101.02,0.0,0.0,101.02,PayPal
207967,2025-09-19,16530,Paid Search,Mobile,CA,122.59,0.0,0.0,122.59,Apple Pay
207968,2026-01-07,17051,Direct,Desktop,UK,66.33,0.0,6.49,59.83,Shop Pay
207969,2025-11-29,14172,Organic Search,Desktop,AU,88.73,0.0,0.0,88.73,Credit Card
207970,2026-01-24,9521,Email,Mobile,DE,283.51,0.0,15.03,268.48,Apple Pay
207971,2025-09-19,3822,Email,Desktop,UK,147.03,0.0,0.0,147.03,Shop Pay
207972,2026-01-09,4119,Organic Search,Desktop,CA,254.49,0.0,9.85,244.63,Apple Pay
207973,2025-10-23,15440,Direct,Mobile,DE,106.48,0.0,0.0,106.48,PayPal
207974,2025-09-07,1477,Paid Social,Mobile,AU,151.65,0.0,11.58,140.07,Credit Card
207975,2025-08-18,13337,Email,Desktop,DE,49.33,5.78,0.0,55.11,PayPal
207976,2025-09-24,11421,Email,Mobile,AU,41.07,0.0,0.0,41.07,Credit Card
207977,2026-01-27,2669,Paid Social,Mobile,CA,50.44,0.0,5.51,44.94,PayPal
207978,2026-01-31,16984,Organic Search,Desktop,CA,57.65,0.0,0.0,57.65,Apple Pay
207979,2025-12-17,3627,Paid Social,Mobile,DE,128.51,0.0,0.0,128.51,Credit Card
207980,2025-10-08,1231,Paid Social,Mobile,DE,229.96,0.0,0.0,229.96,Apple Pay
207981,2025-11-25,11752,Email,Mobile,CA,274.47,0.0,28.35,246.12,PayPal
207982,2026-02-03,6217,Direct,Mobile,CA,48.97,7.66,0.0,56.62,Apple Pay
207983,2025-11-11,215,Organic Search,Mobile,DE,111.07,0.0,0.0,111.07,Credit Card
207984,2026-01-31,17536,Organic Search,Mobile,CA,113.02,0.0,0.0,113.02,PayPal
207985,2025-11-07,8405,Paid Search,Desktop,DE,51.74,5.44,1.98,55.19,Apple Pay
207986,2025-08-26,806,Organic Search,Mobile,CA,88.1,0.0,7.76,80.34,Credit Card
207987,2025-10-04,11570,Organic Search,Desktop,UK,99.62,0.0,0.0,99.62,Apple Pay
207988,2026-01-21,13613,Paid Search,Desktop,UK,236.99,0.0,0.0,236.99,PayPal
207989,2025-12-08,17398,Direct,Desktop,DE,123.98,0.0,7.92,116.07,PayPal
207990,2025-12-01,5660,Paid Social,Desktop,AU,202.75,0.0,15.74,187.01,Shop Pay
207991,2025-09-16,11133,Direct,Mobile,AU,131.22,0.0,7.23,123.99,PayPal
207992,2025-09-22,10254,Paid Social,Desktop,UK,112.97,0.0,5.83,107.14,Shop Pay
207993,2025-11-15,11014,Direct,Mobile,AU,180.24,0.0,0.0,180.24,Shop Pay
207994,2025-12-01,16121,Paid Search,Mobile,US,97.06,0.0,0.0,97.06,Apple Pay
207995,2025-11-28,15161,Paid Search,Mobile,US,38.25,6.42,1.9,42.77,Apple Pay
207996,2025-09-29,9972,Paid Social,Desktop,US,151.39,0.0,0.0,151.39,Apple Pay
207997,2025-11-11,2232,Paid Social,Mobile,US,38.8,5.69,0.0,44.49,PayPal
207998,2025-08-31,5358,Organic Search,Mobile,DE,89.62,0.0,0.0,89.62,Credit Card
207999,2025-08-16,12139,Paid Search,Desktop,US,198.08,0.0,18.26,179.82,Credit Card
208000,2025-12-23,9065,Email,Mobile,DE,53.83,7.61,0.0,61.43,PayPal
208001,2025-11-17,9657,Email,Desktop,CA,77.06,0.0,8.74,68.32,Shop Pay
208002,2026-01-03,4289,Paid Social,Desktop,UK,222.85,0.0,0.0,222.85,Credit Card
208003,2025-08-18,16780,Paid Social,Mobile,DE,236.32,0.0,15.85,220.47,Shop Pay
208004,2025-12-20,11619,Paid Search,Mobile,UK,10.17,6.67,0.0,16.84,Apple Pay
208005,2025-12-27,11866,Paid Social,Desktop,DE,233.93,0.0,24.48,209.45,Credit Card
208006,2025-12-22,6369,Email,Mobile,DE,93.55,0.0,0.0,93.55,Credit Card
208007,2026-01-31,1927,Direct,Desktop,US,131.26,0.0,0.0,131.26,Apple Pay
208008,2025-12-08,9421,Direct,Mobile,US,223.27,0.0,0.0,223.27,PayPal
208009,2026-01-15,11375,Organic Search,Mobile,CA,227.75,0.0,0.0,227.75,Credit Card
208010,2025-09-12,3213,Direct,Mobile,UK,258.31,0.0,0.0,258.31,Credit Card
208011,2025-12-02,4039,Organic Search,Mobile,UK,42.99,5.52,0.0,48.51,Apple Pay
208012,2025-12-03,11158,Direct,Desktop,UK,144.03,0.0,0.0,144.03,PayPal
208013,2025-12-19,607,Organic Search,Mobile,DE,49.12,5.2,2.03,52.29,Credit Card
208014,2025-09-15,6847,Paid Social,Mobile,CA,72.89,0.0,7.72,65.17,Shop Pay
208015,2025-10-17,2787,Paid Search,Mobile,US,157.17,0.0,14.25,142.92,Shop Pay
208016,2025-11-29,9233,Paid Search,Mobile,CA,299.52,0.0,34.45,265.07,Apple Pay
208017,2025-10-13,6313,Paid Social,Desktop,AU,53.15,7.39,0.0,60.54,Apple Pay
208018,2025-08-22,1266,Paid Search,Mobile,DE,86.04,0.0,8.56,77.48,Shop Pay
208019,2025-09-11,1846,Paid Social,Mobile,UK,276.97,0.0,0.0,276.97,Apple Pay
208020,2025-10-23,2888,Organic Search,Desktop,UK,112.25,0.0,0.0,112.25,Apple Pay
208021,2025-08-20,12020,Paid Search,Desktop,CA,102.56,0.0,6.92,95.64,PayPal
208022,2025-11-04,14837,Email,Mobile,CA,92.64,0.0,0.0,92.64,PayPal
208023,2026-01-09,10330,Email,Mobile,CA,269.6,0.0,21.66,247.94,PayPal
208024,2025-09-15,1224,Paid Search,Mobile,UK,109.15,0.0,0.0,109.15,Apple Pay
208025,2025-10-22,5109,Paid Social,Mobile,DE,111.32,0.0,0.0,111.32,Apple Pay
208026,2025-08-29,5593,Paid Social,Desktop,AU,110.38,0.0,0.0,110.38,Shop Pay
208027,2026-01-04,17922,Direct,Mobile,UK,47.59,5.32,0.0,52.91,Apple Pay
208028,2025-09-24,11615,Direct,Desktop,AU,333.44,0.0,0.0,333.44,Credit Card
208029,2025-08-19,4412,Direct,Desktop,US,136.73,0.0,0.0,136.73,PayPal
208030,2025-10-02,8986,Paid Search,Desktop,AU,130.99,0.0,0.0,130.99,PayPal
208031,2026-01-26,9450,Paid Search,Mobile,US,216.99,0.0,0.0,216.99,Shop Pay
208032,2025-12-22,10868,Paid Search,Mobile,CA,68.07,0.0,0.0,68.07,Apple Pay
208033,2025-11-11,5133,Paid Social,Mobile,AU,40.74,7.88,0.0,48.62,Credit Card
208034,2025-08-18,12749,Organic Search,Desktop,US,50.8,0.0,0.0,50.8,PayPal
208035,2025-12-07,16170,Paid Social,Mobile,CA,99.81,0.0,0.0,99.81,Shop Pay
208036,2025-12-15,4384,Paid Social,Desktop,UK,212.75,0.0,9.87,202.88,PayPal
208037,2026-01-08,14221,Paid Social,Desktop,UK,64.79,0.0,0.0,64.79,Shop Pay
208038,2026-01-23,7153,Email,Desktop,DE,90.05,0.0,0.0,90.05,Shop Pay
208039,2026-01-29,1450,Paid Social,Desktop,AU,222.76,0.0,0.0,222.76,Apple Pay
208040,2026-01-18,11291,Organic Search,Desktop,UK,221.66,0.0,0.0,221.66,Shop Pay
208041,2025-09-14,17613,Organic Search,Mobile,CA,134.45,0.0,14.06,120.39,Apple Pay
208042,2025-12-26,12061,Email,Mobile,DE,121.02,0.0,0.0,121.02,PayPal
208043,2026-01-01,3319,Organic Search,Desktop,CA,231.92,0.0,0.0,231.92,PayPal
208044,2025-11-30,17000,Direct,Desktop,DE,199.79,0.0,0.0,199.79,Shop Pay
208045,2025-12-14,16605,Email,Mobile,CA,195.37,0.0,0.0,195.37,Shop Pay
208046,2026-01-28,1308,Direct,Desktop,UK,67.76,0.0,0.0,67.76,Shop Pay
208047,2025-10-30,15539,Paid Social,Desktop,CA,133.12,0.0,5.04,128.08,Credit Card
208048,2025-08-19,11848,Email,Desktop,UK,234.95,0.0,0.0,234.95,Credit Card
208049,2025-10-14,2287,Paid Social,Mobile,UK,189.87,0.0,0.0,189.87,PayPal
208050,2026-01-06,9673,Paid Search,Mobile,UK,171.85,0.0,0.0,171.85,Credit Card
208051,2025-11-05,7408,Email,Desktop,UK,107.24,0.0,9.15,98.1,Apple Pay
208052,2026-02-02,16973,Paid Search,Desktop,UK,267.05,0.0,9.52,257.53,PayPal
208053,2026-01-25,1459,Paid Social,Mobile,US,101.49,0.0,0.0,101.49,PayPal
208054,2026-02-02,2213,Email,Desktop,CA,232.35,0.0,0.0,232.35,Shop Pay
208055,2026-02-03,701,Paid Search,Mobile,DE,106.86,0.0,0.0,106.86,Shop Pay
208056,2025-10-14,16176,Direct,Mobile,US,218.41,0.0,15.23,203.18,PayPal
208057,2025-11-23,5916,Organic Search,Mobile,UK,93.95,0.0,0.0,93.95,Apple Pay
208058,2026-02-06,4202,Email,Desktop,AU,18.11,5.39,0.0,23.5,Credit Card
208059,2026-02-02,261,Paid Social,Mobile,UK,171.9,0.0,7.49,164.42,Credit Card
208060,2025-11-17,9955,Email,Desktop,US,221.86,0.0,0.0,221.86,PayPal
208061,2025-10-10,14053,Email,Mobile,DE,71.33,0.0,0.0,71.33,Shop Pay
208062,2026-01-08,6126,Direct,Mobile,AU,10.59,5.19,0.0,15.78,Shop Pay
208063,2026-01-30,4716,Direct,Desktop,CA,248.94,0.0,0.0,248.94,Apple Pay
208064,2025-11-14,10158,Paid Search,Desktop,AU,8.98,6.19,0.0,15.17,Credit Card
208065,2026-01-23,11809,Email,Mobile,CA,77.93,0.0,8.31,69.62,Credit Card
208066,2026-01-12,9910,Email,Mobile,AU,163.03,0.0,0.0,163.03,Shop Pay
208067,2025-10-24,16788,Email,Mobile,CA,82.49,0.0,5.52,76.97,PayPal
208068,2025-12-08,8734,Direct,Desktop,US,119.21,0.0,0.0,119.21,PayPal
208069,2025-11-07,10337,Paid Search,Desktop,UK,219.96,0.0,0.0,219.96,PayPal
208070,2025-09-05,14031,Direct,Mobile,DE,91.82,0.0,0.0,91.82,PayPal
208071,2025-10-17,5061,Paid Social,Desktop,DE,54.56,0.0,0.0,54.56,Credit Card
208072,2025-11-02,5006,Paid Search,Mobile,UK,335.81,0.0,16.81,319.0,Apple Pay
208073,2025-12-15,9250,Direct,Desktop,DE,71.97,0.0,0.0,71.97,PayPal
208074,2025-08-27,14308,Paid Search,Desktop,AU,207.81,0.0,0.0,207.81,Apple Pay
208075,2026-01-19,4712,Email,Desktop,US,116.15,0.0,0.0,116.15,Credit Card
208076,2026-01-09,2503,Paid Search,Mobile,DE,47.04,0.0,5.18,41.85,Credit Card
208077,2025-09-25,15251,Direct,Mobile,AU,88.51,0.0,0.0,88.51,Apple Pay
208078,2026-01-27,17757,Direct,Mobile,CA,75.77,0.0,0.0,75.77,Credit Card
208079,2025-12-19,11521,Organic Search,Desktop,UK,88.33,0.0,3.14,85.18,PayPal
208080,2025-08-22,10449,Direct,Desktop,UK,203.52,0.0,15.71,187.81,PayPal
208081,2025-09-12,2119,Organic Search,Desktop,DE,145.17,0.0,7.77,137.4,PayPal
208082,2026-02-09,15852,Paid Social,Desktop,AU,109.62,0.0,0.0,109.62,Apple Pay
208083,2025-11-28,5275,Paid Social,Desktop,UK,158.62,0.0,0.0,158.62,Shop Pay
208084,2025-09-26,14629,Direct,Desktop,US,9.22,5.08,0.0,14.29,Shop Pay
208085,2026-01-18,4871,Paid Search,Desktop,AU,104.91,0.0,0.0,104.91,PayPal
208086,2025-10-15,3878,Email,Mobile,UK,182.54,0.0,0.0,182.54,Shop Pay
208087,2025-11-24,17418,Paid Search,Mobile,CA,146.84,0.0,0.0,146.84,Credit Card
208088,2025-08-22,12696,Email,Desktop,US,110.35,0.0,4.71,105.64,Apple Pay
208089,2025-11-24,863,Organic Search,Mobile,UK,333.94,0.0,13.17,320.77,Credit Card
208090,2025-12-15,16968,Organic Search,Mobile,AU,40.18,5.98,0.0,46.15,Apple Pay
208091,2025-09-12,4468,Organic Search,Desktop,US,44.28,0.0,4.28,40.0,Credit Card
208092,2025-09-27,7486,Paid Search,Mobile,UK,100.99,0.0,0.0,100.99,Shop Pay
208093,2025-09-15,11280,Organic Search,Mobile,UK,200.59,0.0,18.39,182.2,Shop Pay
208094,2025-09-30,5224,Direct,Desktop,DE,95.18,0.0,5.8,89.38,Shop Pay
208095,2025-11-21,11259,Paid Social,Mobile,AU,23.81,6.09,0.0,29.9,Credit Card
208096,2025-11-05,12342,Paid Social,Mobile,CA,218.37,0.0,26.05,192.32,Apple Pay
208097,2025-08-24,6739,Paid Social,Desktop,AU,138.93,0.0,0.0,138.93,Credit Card
208098,2025-11-14,268,Paid Search,Desktop,AU,17.8,5.72,0.0,23.52,Credit Card
208099,2025-09-10,12285,Organic Search,Mobile,CA,71.68,0.0,2.29,69.39,PayPal
208100,2026-02-10,4936,Paid Social,Desktop,US,62.38,0.0,0.0,62.38,Credit Card
208101,2025-11-16,7858,Organic Search,Mobile,DE,100.16,0.0,0.0,100.16,Credit Card
208102,2026-02-07,14992,Email,Mobile,UK,246.63,0.0,0.0,246.63,PayPal
208103,2025-08-27,3882,Organic Search,Desktop,US,296.27,0.0,25.58,270.69,Apple Pay
208104,2025-09-13,512,Paid Search,Mobile,US,89.9,0.0,4.58,85.33,Credit Card
208105,2025-12-19,4386,Organic Search,Mobile,UK,157.42,0.0,0.0,157.42,Apple Pay
208106,2025-10-04,2696,Paid Search,Desktop,AU,81.04,0.0,2.66,78.38,Credit Card
208107,2025-12-14,12140,Paid Social,Mobile,DE,106.98,0.0,0.0,106.98,Apple Pay
208108,2025-10-28,10438,Paid Social,Desktop,AU,191.01,0.0,0.0,191.01,Apple Pay
208109,2025-11-11,2222,Paid Search,Desktop,UK,115.72,0.0,0.0,115.72,PayPal
208110,2025-09-30,7058,Direct,Mobile,AU,116.02,0.0,8.4,107.63,Shop Pay
208111,2025-10-12,4736,Email,Desktop,CA,119.07,0.0,0.0,119.07,Shop Pay
208112,2025-08-16,1392,Paid Social,Mobile,DE,197.65,0.0,0.0,197.65,Shop Pay
208113,2025-12-01,11691,Paid Search,Mobile,UK,109.33,0.0,5.18,104.16,PayPal
208114,2025-11-16,3288,Direct,Desktop,AU,68.92,0.0,0.0,68.92,PayPal
208115,2026-01-21,12786,Direct,Desktop,CA,291.15,0.0,0.0,291.15,Credit Card
208116,2025-10-01,14735,Organic Search,Desktop,UK,203.53,0.0,0.0,203.53,PayPal
208117,2025-08-25,10118,Direct,Mobile,US,193.71,0.0,0.0,193.71,PayPal
208118,2025-11-22,11847,Organic Search,Desktop,US,132.07,0.0,5.16,126.91,PayPal
208119,2025-09-05,5246,Organic Search,Desktop,AU,167.94,0.0,0.0,167.94,Shop Pay
208120,2025-12-10,1430,Direct,Mobile,AU,319.01,0.0,0.0,319.01,Shop Pay
208121,2025-09-11,12508,Paid Search,Mobile,CA,179.78,0.0,11.98,167.8,Apple Pay
208122,2025-09-14,15017,Organic Search,Mobile,CA,273.94,0.0,0.0,273.94,Credit Card
208123,2025-09-20,16551,Organic Search,Desktop,CA,200.75,0.0,12.56,188.19,PayPal
208124,2025-12-22,4763,Organic Search,Mobile,AU,100.63,0.0,0.0,100.63,Apple Pay
208125,2025-09-25,1584,Paid Search,Mobile,AU,224.67,0.0,0.0,224.67,Credit Card
208126,2025-09-26,7053,Direct,Mobile,UK,124.88,0.0,0.0,124.88,Apple Pay
208127,2026-02-07,13465,Email,Desktop,AU,215.7,0.0,0.0,215.7,PayPal
208128,2025-11-07,6219,Paid Search,Desktop,UK,220.81,0.0,22.18,198.62,PayPal
208129,2026-01-15,8464,Email,Mobile,AU,231.93,0.0,0.0,231.93,Apple Pay
208130,2025-11-19,1238,Paid Social,Desktop,DE,209.8,0.0,6.82,202.98,Apple Pay
208131,2025-12-06,933,Paid Social,Desktop,US,145.03,0.0,0.0,145.03,PayPal
208132,2025-12-21,4090,Organic Search,Desktop,AU,112.18,0.0,0.0,112.18,PayPal
208133,2026-01-12,17724,Email,Desktop,DE,119.68,0.0,0.0,119.68,PayPal
208134,2025-09-09,9472,Direct,Mobile,UK,9.02,6.06,1.0,14.08,Credit Card
208135,2025-12-29,8576,Paid Search,Desktop,US,80.72,0.0,0.0,80.72,Shop Pay
208136,2025-10-16,6026,Direct,Desktop,UK,144.9,0.0,11.87,133.03,Shop Pay
208137,2026-01-16,8259,Direct,Desktop,UK,83.79,0.0,3.91,79.88,Credit Card
208138,2025-10-12,10450,Paid Search,Desktop,CA,61.29,0.0,0.0,61.29,Apple Pay
208139,2025-11-06,14827,Paid Social,Desktop,AU,207.85,0.0,0.0,207.85,PayPal
208140,2026-02-07,3630,Paid Social,Desktop,CA,304.97,0.0,15.83,289.14,Credit Card
208141,2025-08-31,637,Email,Mobile,UK,115.48,0.0,0.0,115.48,Shop Pay
208142,2025-10-17,6562,Direct,Mobile,US,179.43,0.0,0.0,179.43,Credit Card
208143,2025-10-10,11027,Organic Search,Desktop,DE,166.13,0.0,0.0,166.13,Apple Pay
208144,2025-12-28,17600,Paid Social,Desktop,CA,99.25,0.0,0.0,99.25,Shop Pay
208145,2025-12-11,4414,Paid Search,Desktop,UK,249.41,0.0,26.94,222.47,PayPal
208146,2026-01-19,6724,Organic Search,Desktop,AU,10.02,6.75,0.52,16.24,Credit Card
208147,2025-12-12,1906,Organic Search,Desktop,AU,160.72,0.0,16.25,144.47,Apple Pay
208148,2025-12-31,16636,Paid Search,Desktop,DE,116.79,0.0,0.0,116.79,Shop Pay
208149,2025-10-26,16194,Paid Social,Desktop,UK,53.56,0.0,2.93,50.64,Apple Pay
208150,2025-08-27,9803,Paid Social,Desktop,DE,43.06,0.0,0.0,43.06,Apple Pay
208151,2026-02-03,5879,Direct,Mobile,DE,32.61,6.97,0.0,39.58,PayPal
208152,2026-01-14,15776,Direct,Mobile,UK,147.77,0.0,0.0,147.77,Apple Pay
208153,2025-09-27,15984,Organic Search,Mobile,UK,227.54,0.0,0.0,227.54,Shop Pay
208154,2026-02-08,15780,Email,Mobile,AU,104.14,0.0,0.0,104.14,Shop Pay
208155,2026-01-23,4631,Paid Social,Desktop,CA,136.86,0.0,5.79,131.07,PayPal
208156,2026-02-02,11669,Email,Desktop,US,85.71,0.0,0.0,85.71,Credit Card
208157,2025-09-30,5915,Organic Search,Desktop,CA,181.89,0.0,11.3,170.59,Shop Pay
208158,2026-02-10,8487,Paid Search,Desktop,US,196.18,0.0,22.05,174.13,Apple Pay
208159,2025-09-27,873,Organic Search,Mobile,CA,156.36,0.0,0.0,156.36,Shop Pay
208160,2026-02-04,17378,Paid Search,Desktop,US,42.39,0.0,0.0,42.39,Credit Card
208161,2025-09-29,7577,Paid Social,Mobile,UK,211.84,0.0,17.87,193.97,Shop Pay
208162,2025-08-25,6413,Organic Search,Mobile,UK,194.27,0.0,0.0,194.27,Apple Pay
208163,2025-08-24,4241,Paid Social,Desktop,UK,303.35,0.0,0.0,303.35,Apple Pay
208164,2025-12-04,5918,Organic Search,Mobile,AU,231.2,0.0,14.39,216.81,PayPal
208165,2025-09-09,5332,Organic Search,Mobile,CA,59.74,0.0,0.0,59.74,Apple Pay
208166,2025-10-21,9684,Paid Search,Desktop,AU,163.31,0.0,19.04,144.27,PayPal
208167,2025-10-05,7850,Direct,Desktop,UK,50.41,0.0,0.0,50.41,Credit Card
208168,2025-11-26,17162,Organic Search,Desktop,CA,46.79,0.0,3.88,42.92,Credit Card
208169,2025-11-18,14033,Paid Social,Mobile,DE,118.62,0.0,9.7,108.91,Apple Pay
208170,2026-01-31,11384,Paid Social,Mobile,CA,82.1,0.0,5.89,76.22,Apple Pay
208171,2025-10-10,5293,Paid Social,Mobile,DE,79.8,0.0,8.11,71.69,PayPal
208172,2026-01-20,16503,Paid Search,Mobile,CA,44.63,0.0,4.03,40.6,Shop Pay
208173,2025-12-20,7005,Paid Social,Desktop,DE,188.64,0.0,0.0,188.64,Shop Pay
208174,2026-01-21,8502,Paid Search,Mobile,UK,225.34,0.0,15.58,209.76,PayPal
208175,2025-12-18,3671,Direct,Desktop,CA,155.99,0.0,0.0,155.99,Apple Pay
208176,2025-11-11,2150,Paid Search,Mobile,US,206.09,0.0,0.0,206.09,Credit Card
208177,2026-01-26,9643,Email,Desktop,CA,268.46,0.0,0.0,268.46,Shop Pay
208178,2025-10-09,17949,Paid Social,Desktop,AU,66.16,0.0,7.0,59.16,Credit Card
208179,2025-11-13,14429,Organic Search,Mobile,CA,72.16,0.0,0.0,72.16,Shop Pay
208180,2026-01-29,14490,Direct,Mobile,CA,254.88,0.0,0.0,254.88,PayPal
208181,2026-02-09,10884,Organic Search,Mobile,AU,180.42,0.0,0.0,180.42,Shop Pay
208182,2025-12-02,7829,Email,Desktop,UK,266.93,0.0,0.0,266.93,Shop Pay
208183,2025-11-16,6229,Organic Search,Mobile,UK,224.65,0.0,0.0,224.65,Apple Pay
208184,2025-12-14,2217,Paid Search,Desktop,CA,147.97,0.0,0.0,147.97,Apple Pay
208185,2025-12-23,10514,Direct,Mobile,US,68.84,0.0,6.33,62.51,Apple Pay
208186,2025-10-22,9150,Paid Social,Desktop,CA,180.31,0.0,0.0,180.31,Apple Pay
208187,2025-11-13,9757,Email,Desktop,AU,72.6,0.0,0.0,72.6,PayPal
208188,2026-01-10,8073,Email,Mobile,CA,112.39,0.0,0.0,112.39,Credit Card
208189,2025-10-15,11266,Organic Search,Mobile,DE,109.83,0.0,5.28,104.56,Shop Pay
208190,2026-02-04,10170,Email,Desktop,CA,186.74,0.0,0.0,186.74,PayPal
208191,2025-11-20,10801,Paid Social,Desktop,UK,96.66,0.0,0.0,96.66,Credit Card
208192,2025-09-30,8274,Paid Social,Mobile,UK,117.79,0.0,0.0,117.79,Apple Pay
208193,2025-10-06,367,Email,Desktop,CA,42.99,6.7,0.0,49.69,PayPal
208194,2026-01-14,5882,Direct,Mobile,CA,223.18,0.0,0.0,223.18,Apple Pay
208195,2025-09-27,12125,Paid Search,Mobile,DE,106.62,0.0,0.0,106.62,Apple Pay
208196,2025-12-26,4544,Email,Desktop,US,23.87,6.49,0.0,30.36,PayPal
208197,2025-11-14,8669,Email,Mobile,CA,51.74,6.15,0.0,57.88,Credit Card
208198,2026-02-03,317,Paid Search,Desktop,US,179.32,0.0,0.0,179.32,Shop Pay
208199,2025-10-28,6923,Paid Search,Desktop,CA,91.54,0.0,0.0,91.54,Apple Pay
208200,2025-09-25,3262,Email,Desktop,CA,198.17,0.0,0.0,198.17,Apple Pay
208201,2025-10-25,7960,Direct,Desktop,DE,49.01,0.0,0.0,49.01,Apple Pay
208202,2026-01-14,6271,Direct,Mobile,AU,96.05,0.0,7.13,88.91,Credit Card
208203,2025-11-07,2584,Paid Search,Mobile,US,124.53,0.0,9.33,115.21,Shop Pay
208204,2026-01-16,13226,Direct,Desktop,AU,117.21,0.0,0.0,117.21,Shop Pay
208205,2025-12-05,14137,Paid Search,Mobile,AU,66.67,0.0,0.0,66.67,Credit Card
208206,2025-11-03,3497,Direct,Desktop,CA,177.38,0.0,16.67,160.71,Apple Pay
208207,2025-08-16,14469,Organic Search,Mobile,AU,108.0,0.0,3.97,104.03,Credit Card
208208,2025-09-01,9859,Email,Desktop,UK,115.28,0.0,0.0,115.28,PayPal
208209,2025-11-09,8898,Organic Search,Mobile,US,170.25,0.0,8.21,162.04,Shop Pay
208210,2026-02-02,14781,Paid Social,Mobile,CA,268.03,0.0,0.0,268.03,PayPal
208211,2026-02-05,11578,Paid Search,Mobile,UK,259.48,0.0,0.0,259.48,PayPal
208212,2025-09-20,5274,Email,Desktop,US,44.67,0.0,0.0,44.67,Apple Pay
208213,2025-12-08,9890,Paid Social,Desktop,US,95.23,0.0,0.0,95.23,Apple Pay
208214,2026-02-01,13335,Paid Search,Mobile,DE,75.99,0.0,0.0,75.99,Credit Card
208215,2026-02-02,11447,Email,Mobile,UK,52.07,6.99,2.28,56.78,PayPal
208216,2025-10-08,1532,Paid Social,Desktop,AU,115.16,0.0,0.0,115.16,Apple Pay
208217,2025-12-22,14233,Email,Desktop,UK,161.09,0.0,0.0,161.09,Shop Pay
208218,2026-01-24,11743,Direct,Desktop,US,201.01,0.0,19.93,181.08,Apple Pay
208219,2025-11-16,16372,Direct,Mobile,AU,50.88,7.19,3.04,55.03,PayPal
208220,2025-10-05,8834,Paid Search,Desktop,CA,125.41,0.0,4.07,121.34,Shop Pay
208221,2025-09-16,106,Direct,Mobile,CA,142.07,0.0,13.57,128.5,Apple Pay
208222,2025-10-30,7707,Paid Search,Desktop,CA,162.7,0.0,0.0,162.7,Apple Pay
208223,2025-11-21,4307,Direct,Mobile,US,230.74,0.0,0.0,230.74,PayPal
208224,2025-08-25,15196,Organic Search,Mobile,CA,80.46,0.0,6.37,74.09,Shop Pay
208225,2025-12-31,14324,Paid Social,Mobile,CA,215.11,0.0,14.8,200.3,Credit Card
208226,2025-10-23,8974,Direct,Desktop,CA,135.91,0.0,0.0,135.91,Apple Pay
208227,2025-12-09,7418,Direct,Desktop,UK,224.72,0.0,0.0,224.72,Apple Pay
208228,2025-10-22,3040,Paid Search,Mobile,CA,145.62,0.0,0.0,145.62,Apple Pay
208229,2025-09-30,17397,Direct,Desktop,CA,198.76,0.0,8.99,189.77,Shop Pay
208230,2025-09-22,4312,Email,Mobile,US,139.2,0.0,0.0,139.2,PayPal
208231,2025-09-17,5327,Paid Social,Mobile,US,243.41,0.0,0.0,243.41,Apple Pay
208232,2025-09-13,8553,Paid Social,Desktop,UK,52.03,0.0,0.0,52.03,Shop Pay
208233,2025-11-25,14566,Paid Social,Mobile,AU,100.33,0.0,0.0,100.33,Shop Pay
208234,2026-01-30,16814,Organic Search,Mobile,UK,47.73,6.41,4.01,50.14,Credit Card
208235,2025-09-16,9712,Email,Desktop,DE,106.21,0.0,0.0,106.21,Apple Pay
208236,2025-08-21,10456,Email,Mobile,CA,183.39,0.0,11.79,171.6,Shop Pay
208237,2025-11-12,14193,Paid Search,Mobile,DE,71.15,0.0,5.73,65.42,PayPal
208238,2025-12-12,15076,Paid Search,Mobile,DE,20.25,7.36,0.0,27.62,PayPal
208239,2026-01-08,6937,Email,Desktop,US,132.75,0.0,0.0,132.75,Credit Card
208240,2026-01-13,4823,Paid Social,Mobile,CA,46.04,7.23,0.0,53.27,PayPal
208241,2025-09-13,11065,Organic Search,Mobile,US,52.54,5.82,0.0,58.36,PayPal
208242,2025-10-02,5696,Direct,Desktop,US,193.89,0.0,11.51,182.38,Shop Pay
208243,2025-11-09,10040,Direct,Desktop,AU,86.95,0.0,6.61,80.34,Credit Card
208244,2025-12-28,13812,Paid Social,Mobile,DE,128.19,0.0,0.0,128.19,Credit Card
208245,2026-01-10,5124,Paid Social,Mobile,DE,118.08,0.0,0.0,118.08,Apple Pay
208246,2025-12-07,7750,Organic Search,Mobile,CA,157.69,0.0,0.0,157.69,PayPal
208247,2025-09-28,11049,Direct,Desktop,CA,189.68,0.0,0.0,189.68,Apple Pay
208248,2025-11-05,13954,Paid Search,Desktop,US,158.51,0.0,0.0,158.51,Apple Pay
208249,2026-01-04,10262,Organic Search,Desktop,DE,153.95,0.0,0.0,153.95,Shop Pay
208250,2025-12-05,15455,Paid Search,Mobile,US,28.99,6.38,0.0,35.37,PayPal
208251,2026-02-02,17773,Paid Social,Desktop,DE,26.79,6.4,0.0,33.19,Credit Card
208252,2025-11-18,1864,Direct,Mobile,DE,79.05,0.0,0.0,79.05,Credit Card
208253,2025-10-29,9338,Paid Search,Mobile,DE,52.49,0.0,0.0,52.49,Credit Card
208254,2025-10-05,4058,Organic Search,Mobile,AU,70.04,0.0,6.28,63.76,Credit Card
208255,2026-01-09,16927,Paid Search,Mobile,CA,46.82,5.29,0.0,52.11,Shop Pay
208256,2025-12-25,16341,Email,Mobile,CA,203.2,0.0,0.0,203.2,Shop Pay
208257,2025-09-25,16675,Paid Social,Mobile,US,18.76,7.61,0.0,26.37,Shop Pay
208258,2025-09-16,15036,Paid Search,Desktop,UK,201.5,0.0,0.0,201.5,Shop Pay
208259,2025-10-06,13600,Email,Mobile,DE,161.28,0.0,0.0,161.28,PayPal
208260,2025-10-07,9446,Paid Search,Mobile,US,25.36,5.92,1.01,30.27,Apple Pay
208261,2025-12-06,12948,Email,Desktop,AU,294.38,0.0,27.19,267.19,PayPal
208262,2025-11-11,2950,Organic Search,Mobile,AU,135.97,0.0,0.0,135.97,Shop Pay
208263,2025-12-30,7520,Organic Search,Desktop,DE,46.93,7.94,0.0,54.87,PayPal
208264,2025-12-28,142,Organic Search,Desktop,UK,303.58,0.0,0.0,303.58,Credit Card
208265,2025-08-17,3891,Paid Search,Mobile,CA,350.07,0.0,0.0,350.07,Credit Card
208266,2025-11-30,11162,Paid Search,Mobile,CA,232.56,0.0,0.0,232.56,Apple Pay
208267,2025-11-21,7408,Paid Search,Desktop,AU,124.6,0.0,0.0,124.6,Apple Pay
208268,2025-12-03,4708,Direct,Desktop,DE,129.18,0.0,0.0,129.18,Credit Card
208269,2025-12-24,3855,Paid Social,Mobile,US,178.21,0.0,0.0,178.21,Credit Card
208270,2025-09-25,10128,Paid Social,Mobile,DE,20.48,5.52,0.0,26.0,Shop Pay
208271,2025-10-14,5344,Paid Search,Desktop,AU,78.94,0.0,0.0,78.94,Credit Card
208272,2025-11-18,11277,Email,Mobile,AU,96.98,0.0,8.67,88.3,Apple Pay
208273,2025-09-30,3178,Paid Search,Mobile,US,173.92,0.0,0.0,173.92,Shop Pay
208274,2025-12-26,14068,Paid Search,Desktop,UK,48.12,5.54,0.0,53.66,Credit Card
208275,2025-12-25,2748,Paid Social,Desktop,AU,49.89,5.38,0.0,55.26,Credit Card
208276,2026-01-05,6070,Organic Search,Desktop,UK,127.92,0.0,0.0,127.92,Apple Pay
208277,2025-11-21,16745,Email,Desktop,UK,183.32,0.0,0.0,183.32,Credit Card
208278,2025-09-15,10329,Direct,Mobile,UK,127.26,0.0,0.0,127.26,PayPal
208279,2025-11-14,7484,Organic Search,Mobile,DE,102.5,0.0,0.0,102.5,Credit Card
208280,2025-08-28,13051,Email,Desktop,CA,128.3,0.0,0.0,128.3,Apple Pay
208281,2025-11-29,15932,Paid Social,Mobile,CA,104.01,0.0,8.44,95.57,Apple Pay
208282,2025-12-25,11702,Paid Social,Desktop,US,174.01,0.0,19.31,154.7,Apple Pay
208283,2025-10-20,2125,Organic Search,Desktop,DE,247.65,0.0,0.0,247.65,Apple Pay
208284,2025-09-06,14774,Email,Mobile,DE,102.55,0.0,11.05,91.51,Shop Pay
208285,2025-10-16,7004,Email,Desktop,DE,231.65,0.0,0.0,231.65,PayPal
208286,2026-02-03,8839,Paid Social,Desktop,UK,160.8,0.0,0.0,160.8,Shop Pay
208287,2025-10-14,17571,Direct,Mobile,UK,328.03,0.0,0.0,328.03,Apple Pay
208288,2025-10-05,4393,Paid Social,Desktop,AU,46.18,6.55,0.0,52.73,Apple Pay
208289,2025-11-23,4091,Organic Search,Desktop,CA,41.01,0.0,2.14,38.87,Credit Card
208290,2025-11-20,11703,Email,Desktop,US,60.74,0.0,5.07,55.67,Credit Card
208291,2026-01-26,3939,Organic Search,Desktop,DE,280.67,0.0,0.0,280.67,Shop Pay
208292,2025-08-18,16730,Direct,Mobile,AU,33.56,6.68,0.0,40.24,PayPal
208293,2025-09-18,3450,Paid Social,Mobile,DE,151.6,0.0,0.0,151.6,Apple Pay
208294,2026-02-06,7708,Paid Search,Mobile,US,103.07,0.0,3.39,99.68,Shop Pay
208295,2026-02-10,16560,Direct,Mobile,DE,271.3,0.0,0.0,271.3,PayPal
208296,2025-11-17,6761,Paid Search,Mobile,DE,84.79,0.0,3.42,81.36,Shop Pay
208297,2025-12-29,14369,Paid Social,Desktop,CA,50.05,5.82,0.0,55.86,Apple Pay
208298,2025-10-22,8581,Paid Social,Desktop,DE,52.44,0.0,0.0,52.44,Apple Pay
208299,2025-11-28,14357,Organic Search,Mobile,CA,190.78,0.0,0.0,190.78,Apple Pay
208300,2025-12-26,16079,Direct,Desktop,CA,81.78,0.0,7.52,74.25,Credit Card
208301,2025-12-02,9909,Organic Search,Desktop,CA,120.12,0.0,0.0,120.12,Credit Card
208302,2026-01-20,16214,Organic Search,Desktop,UK,17.95,6.24,0.88,23.31,Apple Pay
208303,2026-02-03,12790,Email,Mobile,CA,179.51,0.0,15.59,163.92,Shop Pay
208304,2025-09-03,2484,Email,Mobile,AU,105.59,0.0,3.56,102.03,Credit Card
208305,2025-09-23,14301,Organic Search,Desktop,UK,99.99,0.0,7.53,92.46,Shop Pay
208306,2026-02-06,22,Direct,Desktop,CA,127.41,0.0,12.71,114.7,PayPal
208307,2025-11-01,2821,Direct,Mobile,US,258.97,0.0,22.68,236.29,Credit Card
208308,2025-11-09,4608,Paid Search,Mobile,UK,60.29,0.0,0.0,60.29,Shop Pay
208309,2025-08-31,16488,Organic Search,Desktop,DE,89.21,0.0,0.0,89.21,Apple Pay
208310,2026-01-02,7855,Paid Social,Desktop,CA,129.44,0.0,0.0,129.44,PayPal
208311,2025-12-20,17649,Direct,Mobile,CA,177.32,0.0,0.0,177.32,Shop Pay
208312,2026-01-23,8907,Email,Desktop,DE,55.18,0.0,0.0,55.18,Apple Pay
208313,2025-12-23,4320,Direct,Mobile,AU,71.14,0.0,6.88,64.26,Shop Pay
208314,2025-10-05,2698,Direct,Desktop,AU,88.75,0.0,7.69,81.06,PayPal
208315,2025-11-19,13926,Organic Search,Desktop,US,112.34,0.0,0.0,112.34,Credit Card
208316,2025-09-11,42,Email,Desktop,AU,79.09,0.0,8.15,70.94,Apple Pay
208317,2025-10-22,11442,Direct,Desktop,AU,109.8,0.0,0.0,109.8,Credit Card
208318,2026-01-23,10986,Paid Social,Desktop,UK,155.36,0.0,16.74,138.62,Shop Pay
208319,2025-09-25,8303,Organic Search,Desktop,US,51.12,6.68,4.34,53.45,Apple Pay
208320,2026-01-18,4669,Organic Search,Desktop,AU,107.49,0.0,0.0,107.49,PayPal
208321,2025-09-20,2412,Paid Social,Mobile,CA,149.16,0.0,15.61,133.55,Shop Pay
208322,2026-01-08,1030,Organic Search,Mobile,UK,107.47,0.0,0.0,107.47,Shop Pay
208323,2025-09-06,13597,Paid Search,Desktop,AU,150.45,0.0,0.0,150.45,Apple Pay
208324,2026-02-03,2503,Organic Search,Desktop,CA,69.21,0.0,0.0,69.21,Shop Pay
208325,2026-01-04,15368,Paid Social,Desktop,CA,10.62,7.31,0.0,17.93,Apple Pay
208326,2025-12-30,13831,Email,Mobile,US,146.89,0.0,0.0,146.89,PayPal
208327,2025-12-12,16547,Direct,Mobile,AU,202.3,0.0,11.36,190.94,Credit Card
208328,2026-01-21,12953,Paid Search,Mobile,AU,214.31,0.0,0.0,214.31,Shop Pay
208329,2025-12-26,15243,Paid Search,Mobile,US,163.8,0.0,0.0,163.8,Shop Pay
208330,2025-10-30,13606,Paid Social,Mobile,US,209.93,0.0,0.0,209.93,Apple Pay
208331,2025-08-27,15565,Email,Desktop,DE,89.49,0.0,0.0,89.49,PayPal
208332,2025-10-23,10165,Direct,Mobile,CA,58.98,0.0,0.0,58.98,Shop Pay
208333,2026-01-11,7502,Paid Social,Mobile,CA,105.2,0.0,0.0,105.2,Credit Card
208334,2025-11-08,8269,Paid Social,Desktop,UK,94.29,0.0,0.0,94.29,Shop Pay
208335,2026-02-07,364,Paid Social,Mobile,AU,94.15,0.0,3.94,90.21,PayPal
208336,2025-10-12,14237,Email,Desktop,UK,20.36,6.85,0.0,27.22,Shop Pay
208337,2025-09-06,15678,Organic Search,Desktop,DE,40.5,5.58,0.0,46.07,Shop Pay
208338,2026-01-06,12077,Organic Search,Desktop,US,45.88,6.17,2.65,49.4,PayPal
208339,2025-12-07,3656,Email,Mobile,AU,157.67,0.0,0.0,157.67,Credit Card
208340,2025-11-03,7224,Paid Search,Desktop,DE,250.17,0.0,0.0,250.17,PayPal
208341,2025-09-01,3243,Paid Social,Mobile,DE,67.37,0.0,0.0,67.37,Shop Pay
208342,2025-08-24,9426,Organic Search,Desktop,AU,89.58,0.0,0.0,89.58,PayPal
208343,2025-12-16,9554,Paid Social,Desktop,CA,68.36,0.0,3.6,64.76,Apple Pay
208344,2025-10-04,9477,Paid Search,Mobile,AU,179.67,0.0,0.0,179.67,Apple Pay
208345,2026-01-23,11404,Email,Desktop,AU,169.18,0.0,0.0,169.18,Apple Pay
208346,2026-01-01,13403,Email,Mobile,DE,268.27,0.0,0.0,268.27,Shop Pay
208347,2026-02-01,17792,Paid Search,Mobile,DE,176.68,0.0,0.0,176.68,PayPal
208348,2025-09-23,2647,Email,Desktop,AU,46.56,6.42,0.0,52.99,Credit Card
208349,2025-09-27,17955,Email,Mobile,UK,44.04,5.48,5.28,44.24,PayPal
208350,2025-10-08,12461,Paid Search,Desktop,DE,213.07,0.0,14.94,198.14,Shop Pay
208351,2025-10-23,6686,Email,Desktop,US,107.88,0.0,0.0,107.88,Shop Pay
208352,2025-08-19,4599,Paid Social,Desktop,CA,172.94,0.0,0.0,172.94,PayPal
208353,2025-11-02,700,Paid Social,Desktop,AU,54.87,0.0,2.06,52.81,Credit Card
208354,2025-11-06,3873,Email,Desktop,DE,244.09,0.0,0.0,244.09,Shop Pay
208355,2026-02-02,12910,Email,Mobile,US,214.24,0.0,0.0,214.24,Credit Card
208356,2026-01-11,885,Direct,Desktop,US,142.84,0.0,0.0,142.84,Shop Pay
208357,2025-09-15,7810,Paid Search,Desktop,US,168.59,0.0,0.0,168.59,Apple Pay
208358,2026-02-08,15896,Organic Search,Desktop,AU,89.96,0.0,0.0,89.96,Shop Pay
208359,2026-01-23,754,Email,Mobile,US,23.09,5.01,0.0,28.09,PayPal
208360,2025-10-09,10461,Paid Search,Desktop,CA,144.81,0.0,0.0,144.81,Shop Pay
208361,2025-10-07,3930,Organic Search,Desktop,UK,22.34,6.19,0.0,28.53,Apple Pay
208362,2025-11-14,10254,Organic Search,Mobile,CA,169.9,0.0,15.09,154.81,PayPal
208363,2025-11-30,1225,Organic Search,Desktop,AU,40.59,7.84,0.0,48.43,Credit Card
208364,2025-09-21,9347,Direct,Mobile,AU,116.3,0.0,0.0,116.3,Apple Pay
208365,2025-10-16,12349,Paid Search,Desktop,US,93.27,0.0,0.0,93.27,Shop Pay
208366,2026-01-23,3566,Direct,Mobile,US,121.95,0.0,7.34,114.6,PayPal
208367,2026-01-11,6403,Email,Desktop,UK,128.33,0.0,0.0,128.33,Credit Card
208368,2025-08-24,12883,Paid Search,Desktop,CA,29.65,6.05,0.0,35.7,Shop Pay
208369,2025-11-12,1529,Organic Search,Mobile,CA,149.33,0.0,0.0,149.33,Shop Pay
208370,2025-11-22,9115,Paid Social,Desktop,UK,13.95,6.51,0.0,20.47,Credit Card
208371,2025-09-24,10372,Organic Search,Desktop,US,61.83,0.0,0.0,61.83,Apple Pay
208372,2025-08-19,10866,Direct,Mobile,AU,61.32,0.0,0.0,61.32,Shop Pay
208373,2025-11-17,13138,Email,Mobile,AU,150.05,0.0,10.76,139.29,Apple Pay
208374,2025-11-25,15007,Direct,Desktop,DE,267.29,0.0,8.68,258.61,Shop Pay
208375,2026-01-23,10676,Direct,Mobile,CA,159.11,0.0,0.0,159.11,PayPal
208376,2025-08-15,300,Direct,Desktop,CA,90.64,0.0,5.69,84.95,PayPal
208377,2025-11-07,1460,Email,Desktop,UK,236.42,0.0,0.0,236.42,Shop Pay
208378,2025-09-20,7262,Organic Search,Mobile,CA,278.46,0.0,0.0,278.46,PayPal
208379,2025-12-01,10847,Organic Search,Desktop,AU,180.92,0.0,20.38,160.54,Credit Card
208380,2025-12-20,5863,Paid Social,Mobile,DE,30.34,5.02,0.0,35.35,Apple Pay
208381,2025-12-31,7610,Paid Social,Desktop,DE,197.89,0.0,0.0,197.89,PayPal
208382,2025-08-25,14368,Email,Mobile,US,127.13,0.0,0.0,127.13,Shop Pay
208383,2025-09-28,9908,Email,Mobile,DE,218.6,0.0,0.0,218.6,Shop Pay
208384,2025-09-05,5029,Paid Social,Mobile,DE,184.15,0.0,10.24,173.91,Apple Pay
208385,2025-09-14,9946,Paid Search,Mobile,AU,152.61,0.0,0.0,152.61,Apple Pay
208386,2025-09-15,17162,Paid Social,Mobile,DE,107.71,0.0,0.0,107.71,Credit Card
208387,2025-10-01,1239,Direct,Desktop,CA,150.7,0.0,0.0,150.7,PayPal
208388,2025-12-01,7525,Direct,Desktop,DE,101.81,0.0,0.0,101.81,PayPal
208389,2025-10-02,3724,Organic Search,Desktop,CA,412.93,0.0,0.0,412.93,Shop Pay
208390,2025-09-14,6855,Organic Search,Mobile,DE,153.33,0.0,15.35,137.98,PayPal
208391,2025-08-19,17021,Organic Search,Desktop,AU,85.08,0.0,0.0,85.08,PayPal
208392,2025-09-05,5139,Paid Search,Desktop,UK,103.63,0.0,3.36,100.27,Shop Pay
208393,2025-12-10,10455,Email,Desktop,UK,102.98,0.0,0.0,102.98,Shop Pay
208394,2025-11-24,12456,Direct,Desktop,AU,231.78,0.0,0.0,231.78,Credit Card
208395,2025-09-19,8805,Paid Social,Desktop,AU,107.0,0.0,0.0,107.0,Shop Pay
208396,2025-09-11,16875,Email,Desktop,US,153.89,0.0,14.49,139.4,PayPal
208397,2025-09-21,14668,Organic Search,Mobile,US,360.07,0.0,23.5,336.57,Apple Pay
208398,2025-08-19,14797,Organic Search,Mobile,US,126.18,0.0,0.0,126.18,Shop Pay
208399,2026-01-01,4365,Paid Search,Mobile,DE,39.75,5.73,0.0,45.48,PayPal
208400,2025-12-27,3441,Paid Social,Desktop,CA,75.18,0.0,0.0,75.18,PayPal
208401,2025-08-31,6762,Organic Search,Mobile,UK,80.21,0.0,0.0,80.21,Shop Pay
208402,2025-08-18,16132,Paid Search,Mobile,UK,160.36,0.0,0.0,160.36,Shop Pay
208403,2025-08-21,15130,Organic Search,Mobile,UK,77.08,0.0,0.0,77.08,PayPal
208404,2025-10-24,6280,Paid Social,Desktop,DE,203.38,0.0,6.45,196.93,Apple Pay
208405,2025-12-22,8403,Email,Desktop,CA,92.76,0.0,0.0,92.76,Apple Pay
208406,2025-10-26,17587,Organic Search,Desktop,US,191.21,0.0,0.0,191.21,PayPal
208407,2026-01-15,16635,Paid Search,Mobile,US,31.25,5.18,0.0,36.43,Shop Pay
208408,2026-01-13,5391,Paid Social,Mobile,DE,56.95,0.0,0.0,56.95,Shop Pay
208409,2025-09-24,3616,Paid Search,Mobile,UK,284.05,0.0,15.27,268.78,Credit Card
208410,2025-08-29,10561,Paid Search,Mobile,US,162.69,0.0,0.0,162.69,Shop Pay
208411,2025-11-17,2275,Direct,Desktop,AU,156.17,0.0,8.32,147.85,Shop Pay
208412,2025-09-03,8790,Email,Mobile,UK,214.26,0.0,21.04,193.23,Shop Pay
208413,2025-11-06,12620,Organic Search,Mobile,CA,129.15,0.0,4.55,124.61,Shop Pay
208414,2025-11-09,16866,Paid Search,Mobile,DE,65.48,0.0,0.0,65.48,Shop Pay
208415,2025-11-14,5665,Email,Desktop,US,298.33,0.0,0.0,298.33,Shop Pay
208416,2026-01-15,6256,Paid Social,Desktop,UK,13.32,6.92,1.43,18.81,PayPal
208417,2026-01-04,10949,Organic Search,Mobile,UK,76.82,0.0,0.0,76.82,Credit Card
208418,2025-10-12,17325,Paid Social,Mobile,UK,111.99,0.0,0.0,111.99,Apple Pay
208419,2025-08-15,9503,Email,Mobile,UK,229.31,0.0,0.0,229.31,PayPal
208420,2025-08-22,5313,Paid Search,Mobile,AU,222.79,0.0,0.0,222.79,Credit Card
208421,2025-12-06,15524,Organic Search,Desktop,UK,59.17,7.29,2.8,63.66,Apple Pay
208422,2025-11-15,13269,Organic Search,Mobile,AU,119.09,0.0,0.0,119.09,Shop Pay
208423,2025-11-16,6435,Organic Search,Mobile,AU,170.88,0.0,0.0,170.88,Apple Pay
208424,2025-12-05,13612,Paid Search,Desktop,UK,115.67,0.0,0.0,115.67,Credit Card
208425,2025-10-05,14080,Paid Search,Mobile,UK,169.9,0.0,0.0,169.9,PayPal
208426,2025-09-15,14797,Organic Search,Mobile,DE,28.54,7.53,0.0,36.08,Apple Pay
208427,2025-12-04,12042,Email,Desktop,UK,194.27,0.0,0.0,194.27,Credit Card
208428,2025-10-31,16808,Organic Search,Mobile,UK,309.43,0.0,22.15,287.28,Credit Card
208429,2025-10-16,12065,Email,Desktop,CA,54.87,0.0,3.16,51.71,PayPal
208430,2025-11-28,787,Paid Social,Desktop,DE,167.21,0.0,18.82,148.39,PayPal
208431,2026-01-18,14868,Paid Search,Desktop,AU,173.15,0.0,0.0,173.15,PayPal
208432,2025-11-25,9870,Organic Search,Mobile,US,133.02,0.0,0.0,133.02,Credit Card
208433,2026-01-18,14026,Email,Desktop,DE,110.76,0.0,5.33,105.43,PayPal
208434,2025-10-15,9082,Email,Mobile,US,69.28,0.0,0.0,69.28,PayPal
208435,2025-10-18,1679,Email,Desktop,CA,70.98,0.0,0.0,70.98,PayPal
208436,2025-11-04,14142,Direct,Mobile,US,333.58,0.0,0.0,333.58,PayPal
208437,2025-11-02,7669,Direct,Desktop,US,149.41,0.0,0.0,149.41,Apple Pay
208438,2025-09-04,9654,Paid Search,Desktop,DE,42.09,6.36,0.0,48.44,Credit Card
208439,2025-10-24,6037,Paid Social,Desktop,UK,145.78,0.0,0.0,145.78,Credit Card
208440,2025-08-25,13265,Direct,Mobile,UK,315.73,0.0,24.93,290.8,Apple Pay
208441,2025-10-21,10495,Direct,Desktop,DE,82.57,0.0,0.0,82.57,Shop Pay
208442,2025-11-19,1667,Organic Search,Desktop,UK,107.78,0.0,0.0,107.78,Shop Pay
208443,2025-10-02,6677,Email,Mobile,UK,28.79,7.85,0.0,36.64,Shop Pay
208444,2025-10-06,17096,Organic Search,Mobile,UK,351.23,0.0,0.0,351.23,Apple Pay
208445,2025-11-27,16952,Organic Search,Mobile,US,168.31,0.0,0.0,168.31,Apple Pay
208446,2025-08-22,640,Organic Search,Desktop,AU,141.3,0.0,6.11,135.2,Apple Pay
208447,2025-09-05,3884,Paid Social,Mobile,CA,60.47,0.0,0.0,60.47,PayPal
208448,2025-10-12,11193,Organic Search,Mobile,AU,120.81,0.0,0.0,120.81,Credit Card
208449,2025-11-15,8786,Paid Search,Mobile,DE,137.3,0.0,0.0,137.3,Shop Pay
208450,2025-08-26,14940,Email,Desktop,UK,131.25,0.0,8.79,122.45,PayPal
208451,2025-11-13,12099,Email,Desktop,CA,29.57,7.56,0.0,37.13,Apple Pay
208452,2025-11-20,1512,Organic Search,Mobile,CA,41.95,5.59,0.0,47.53,Shop Pay
208453,2025-10-03,3350,Paid Search,Mobile,AU,307.58,0.0,0.0,307.58,Apple Pay
208454,2025-12-26,6294,Direct,Desktop,CA,64.36,0.0,0.0,64.36,Apple Pay
208455,2025-10-21,1938,Paid Social,Mobile,CA,80.64,0.0,9.21,71.43,PayPal
208456,2025-09-10,14530,Direct,Mobile,US,128.03,0.0,0.0,128.03,PayPal
208457,2025-08-21,16158,Organic Search,Desktop,US,174.88,0.0,0.0,174.88,PayPal
208458,2025-10-31,11644,Paid Search,Desktop,US,50.71,0.0,3.79,46.92,Shop Pay
208459,2025-10-24,3004,Email,Mobile,UK,37.47,7.89,0.0,45.37,PayPal
208460,2025-09-08,16516,Paid Search,Desktop,AU,74.08,0.0,7.59,66.5,PayPal
208461,2025-09-09,15933,Direct,Desktop,US,224.94,0.0,0.0,224.94,PayPal
208462,2025-10-22,9171,Organic Search,Desktop,DE,142.14,0.0,4.87,137.27,PayPal
208463,2026-01-21,7875,Email,Desktop,UK,203.72,0.0,18.79,184.93,Apple Pay
208464,2026-01-16,2916,Email,Mobile,UK,146.79,0.0,0.0,146.79,Apple Pay
208465,2026-01-10,4953,Direct,Mobile,US,168.24,0.0,0.0,168.24,Credit Card
208466,2025-12-09,679,Email,Desktop,UK,220.57,0.0,10.95,209.62,PayPal
208467,2025-12-31,15748,Organic Search,Mobile,CA,56.41,0.0,5.46,50.95,Apple Pay
208468,2025-09-07,3963,Paid Search,Desktop,AU,192.63,0.0,0.0,192.63,Apple Pay
208469,2025-11-14,8723,Paid Search,Desktop,AU,258.37,0.0,0.0,258.37,Apple Pay
208470,2025-09-13,6544,Paid Search,Mobile,UK,80.69,0.0,0.0,80.69,Shop Pay
208471,2026-01-06,8122,Organic Search,Desktop,UK,91.2,0.0,0.0,91.2,Apple Pay
208472,2025-11-28,10252,Direct,Mobile,UK,140.53,0.0,0.0,140.53,Credit Card
208473,2025-12-09,14992,Email,Mobile,US,216.68,0.0,0.0,216.68,Credit Card
208474,2025-12-05,9171,Paid Social,Desktop,DE,230.18,0.0,0.0,230.18,PayPal
208475,2025-11-23,1849,Paid Search,Desktop,CA,73.83,0.0,5.76,68.08,Apple Pay
208476,2025-10-23,17367,Paid Search,Desktop,AU,177.15,0.0,0.0,177.15,Shop Pay
208477,2025-11-08,17043,Paid Search,Desktop,US,71.65,0.0,4.41,67.24,Credit Card
208478,2025-09-30,6107,Email,Desktop,CA,46.08,7.92,1.94,52.05,PayPal
208479,2025-10-28,5251,Paid Social,Mobile,AU,116.01,0.0,0.0,116.01,Credit Card
208480,2025-09-08,15365,Paid Social,Mobile,AU,56.48,7.6,6.69,57.4,Apple Pay
208481,2026-02-06,5772,Paid Social,Desktop,AU,182.74,0.0,0.0,182.74,PayPal
208482,2025-10-23,5780,Paid Social,Desktop,DE,169.37,0.0,0.0,169.37,Shop Pay
208483,2026-01-23,5266,Paid Social,Desktop,DE,125.51,0.0,0.0,125.51,Shop Pay
208484,2026-02-05,9672,Direct,Desktop,DE,148.13,0.0,0.0,148.13,Apple Pay
208485,2026-01-08,3828,Direct,Desktop,AU,175.56,0.0,5.57,169.99,Apple Pay
208486,2025-12-20,935,Paid Social,Desktop,UK,52.64,0.0,0.0,52.64,Apple Pay
208487,2026-01-16,16487,Paid Search,Desktop,CA,113.17,0.0,13.51,99.66,Credit Card
208488,2025-09-30,4156,Email,Mobile,AU,123.98,0.0,0.0,123.98,PayPal
208489,2025-08-29,7597,Direct,Desktop,UK,189.74,0.0,21.78,167.96,PayPal
208490,2025-09-28,17470,Paid Social,Mobile,CA,10.81,6.84,0.37,17.27,PayPal
208491,2026-01-06,12291,Email,Mobile,AU,130.01,0.0,8.9,121.11,Credit Card
208492,2025-09-21,11903,Direct,Desktop,DE,66.69,0.0,0.0,66.69,Credit Card
208493,2025-10-27,17607,Paid Social,Desktop,DE,223.43,0.0,19.86,203.57,Shop Pay
208494,2025-10-01,13150,Direct,Mobile,US,178.96,0.0,0.0,178.96,Apple Pay
208495,2026-01-11,7892,Organic Search,Desktop,AU,69.55,0.0,0.0,69.55,PayPal
208496,2025-12-04,374,Paid Social,Desktop,US,83.98,0.0,0.0,83.98,Credit Card
208497,2025-09-11,992,Email,Mobile,US,206.07,0.0,21.28,184.79,Credit Card
208498,2025-09-14,13203,Email,Desktop,US,94.62,0.0,9.36,85.26,Shop Pay
208499,2026-01-18,11698,Organic Search,Mobile,UK,52.57,0.0,0.0,52.57,PayPal
208500,2025-09-19,10160,Direct,Desktop,CA,208.54,0.0,0.0,208.54,Apple Pay
208501,2026-01-31,5710,Organic Search,Mobile,CA,151.33,0.0,0.0,151.33,Shop Pay
208502,2025-10-06,16056,Paid Social,Mobile,CA,258.29,0.0,0.0,258.29,PayPal
208503,2025-10-04,15964,Email,Mobile,UK,94.58,0.0,9.84,84.74,Shop Pay
208504,2026-02-06,9592,Organic Search,Mobile,CA,89.28,0.0,0.0,89.28,Credit Card
208505,2025-12-22,5578,Direct,Desktop,DE,138.7,0.0,0.0,138.7,Credit Card
208506,2025-10-01,196,Direct,Desktop,CA,134.14,0.0,5.82,128.31,Shop Pay
208507,2025-09-08,16621,Paid Social,Desktop,UK,277.84,0.0,19.84,258.0,Apple Pay
208508,2025-09-11,17842,Organic Search,Desktop,UK,268.8,0.0,0.0,268.8,Credit Card
208509,2026-01-18,9658,Direct,Desktop,AU,77.94,0.0,7.28,70.66,Apple Pay
208510,2025-08-31,16045,Direct,Desktop,CA,302.72,0.0,21.72,281.0,PayPal
208511,2025-08-29,1093,Paid Search,Mobile,CA,63.93,0.0,0.0,63.93,Credit Card
208512,2025-09-14,147,Email,Desktop,CA,26.16,6.87,1.66,31.36,Credit Card
208513,2026-01-17,7813,Paid Search,Desktop,US,139.87,0.0,0.0,139.87,Apple Pay
208514,2025-09-17,8483,Email,Mobile,DE,25.89,5.57,0.0,31.46,PayPal
208515,2026-01-19,4324,Paid Social,Mobile,AU,210.46,0.0,0.0,210.46,Credit Card
208516,2025-11-07,3254,Organic Search,Desktop,CA,32.23,7.2,3.17,36.26,PayPal
208517,2025-12-28,10456,Paid Social,Desktop,AU,56.97,0.0,0.0,56.97,Shop Pay
208518,2026-01-23,10611,Paid Search,Mobile,AU,43.14,5.36,0.0,48.5,Shop Pay
208519,2025-09-22,14387,Paid Social,Mobile,UK,57.8,6.62,0.0,64.42,Shop Pay
208520,2025-12-19,14223,Paid Search,Desktop,UK,327.61,0.0,0.0,327.61,PayPal
208521,2025-09-26,16987,Direct,Desktop,CA,229.66,0.0,0.0,229.66,Shop Pay
208522,2025-10-14,23,Paid Social,Desktop,US,263.55,0.0,22.31,241.25,Apple Pay
208523,2026-01-18,450,Direct,Mobile,CA,133.09,0.0,0.0,133.09,Credit Card
208524,2025-11-20,15549,Organic Search,Desktop,US,103.02,0.0,4.83,98.2,Shop Pay
208525,2025-10-26,8138,Organic Search,Mobile,UK,76.85,0.0,4.19,72.65,Credit Card
208526,2025-11-11,15863,Paid Social,Desktop,UK,98.88,0.0,0.0,98.88,PayPal
208527,2025-11-04,13271,Paid Search,Mobile,AU,30.43,7.08,3.64,33.87,Apple Pay
208528,2026-02-04,9139,Direct,Mobile,AU,154.68,0.0,0.0,154.68,Apple Pay
208529,2025-11-25,3164,Paid Search,Desktop,US,86.71,0.0,6.76,79.95,PayPal
208530,2025-10-10,17987,Paid Social,Mobile,AU,180.56,0.0,13.01,167.55,Credit Card
208531,2025-12-03,7045,Email,Mobile,CA,169.78,0.0,0.0,169.78,PayPal
208532,2025-10-06,2986,Paid Search,Mobile,CA,241.59,0.0,0.0,241.59,Credit Card
208533,2026-01-18,7410,Paid Social,Desktop,AU,254.46,0.0,0.0,254.46,Shop Pay
208534,2026-01-22,17359,Organic Search,Desktop,CA,199.98,0.0,0.0,199.98,Credit Card
208535,2026-01-03,16291,Paid Social,Mobile,US,19.24,6.84,1.15,24.93,Credit Card
208536,2025-11-13,3599,Email,Mobile,UK,186.44,0.0,0.0,186.44,Credit Card
208537,2025-09-30,4095,Direct,Desktop,DE,95.59,0.0,6.51,89.08,PayPal
208538,2025-11-07,14803,Paid Search,Mobile,AU,100.02,0.0,0.0,100.02,Apple Pay
208539,2025-11-28,13247,Paid Search,Mobile,DE,24.52,6.8,2.14,29.18,PayPal
208540,2025-08-25,15800,Email,Desktop,US,166.26,0.0,0.0,166.26,Apple Pay
208541,2026-01-04,15784,Paid Social,Desktop,AU,88.5,0.0,0.0,88.5,Apple Pay
208542,2026-01-27,13895,Organic Search,Mobile,AU,70.13,0.0,0.0,70.13,Apple Pay
208543,2026-01-12,6339,Paid Social,Desktop,CA,255.07,0.0,0.0,255.07,Credit Card
208544,2025-12-22,13283,Paid Social,Mobile,AU,150.31,0.0,0.0,150.31,PayPal
208545,2025-10-07,16709,Paid Social,Mobile,CA,242.55,0.0,0.0,242.55,PayPal
208546,2026-01-20,7902,Email,Mobile,CA,54.67,0.0,0.0,54.67,Apple Pay
208547,2025-11-23,5197,Direct,Desktop,CA,72.9,0.0,0.0,72.9,Credit Card
208548,2025-12-17,9867,Direct,Mobile,DE,145.35,0.0,0.0,145.35,Shop Pay
208549,2026-01-05,1226,Email,Mobile,US,122.58,0.0,5.91,116.67,PayPal
208550,2025-10-03,3639,Email,Mobile,US,187.54,0.0,0.0,187.54,PayPal
208551,2025-09-13,2401,Paid Search,Desktop,US,187.21,0.0,0.0,187.21,Apple Pay
208552,2025-12-19,11591,Paid Social,Desktop,AU,23.81,5.42,0.0,29.23,PayPal
208553,2025-11-29,1887,Paid Social,Mobile,AU,176.04,0.0,7.68,168.36,Shop Pay
208554,2025-12-08,7681,Email,Mobile,CA,49.81,6.47,0.0,56.28,Shop Pay
208555,2025-08-24,15147,Email,Mobile,US,100.75,0.0,0.0,100.75,Shop Pay
208556,2025-12-10,15620,Paid Social,Desktop,UK,48.4,5.57,0.0,53.97,PayPal
208557,2025-09-08,12344,Organic Search,Desktop,DE,107.62,0.0,0.0,107.62,PayPal
208558,2025-10-21,17062,Direct,Desktop,DE,124.12,0.0,0.0,124.12,Credit Card
208559,2025-08-19,11224,Paid Social,Mobile,DE,125.96,0.0,0.0,125.96,Credit Card
208560,2026-02-10,12144,Paid Search,Mobile,UK,248.25,0.0,0.0,248.25,Apple Pay
208561,2026-01-13,17755,Email,Desktop,UK,41.69,0.0,0.0,41.69,PayPal
208562,2025-12-25,11254,Paid Search,Desktop,US,223.09,0.0,12.46,210.62,Credit Card
208563,2025-12-10,6785,Organic Search,Mobile,US,212.53,0.0,7.59,204.94,PayPal
208564,2025-11-02,1867,Organic Search,Desktop,DE,73.84,0.0,4.09,69.75,Apple Pay
208565,2025-08-15,10833,Direct,Mobile,UK,98.35,0.0,0.0,98.35,PayPal
208566,2025-10-07,9491,Email,Desktop,DE,30.43,5.02,0.0,35.45,Apple Pay
208567,2025-10-04,13554,Email,Desktop,UK,61.59,0.0,0.0,61.59,Credit Card
208568,2025-12-19,17246,Organic Search,Desktop,DE,233.44,0.0,0.0,233.44,Credit Card
208569,2025-08-26,12013,Direct,Mobile,US,91.24,0.0,0.0,91.24,Apple Pay
208570,2025-11-28,14157,Email,Mobile,UK,128.22,0.0,14.5,113.72,PayPal
208571,2026-02-07,4001,Organic Search,Mobile,AU,290.36,0.0,24.41,265.95,Apple Pay
208572,2025-12-10,2078,Paid Social,Desktop,UK,109.88,0.0,0.0,109.88,Apple Pay
208573,2025-11-15,12366,Email,Mobile,CA,121.58,0.0,0.0,121.58,Credit Card
208574,2025-09-14,4883,Direct,Desktop,UK,210.23,0.0,16.69,193.54,Credit Card
208575,2025-12-03,14487,Email,Mobile,CA,77.68,0.0,6.14,71.54,Shop Pay
208576,2025-08-16,11325,Paid Social,Desktop,US,93.76,0.0,0.0,93.76,Apple Pay
